Triazine_ID,SMILES,MolWt,LogP,TPSA,HBD,HBA,RotatableBonds,AromaticRings,n_triazine_rings,mol,Has_Hydrazine,Has_Acyl_Hydrazide
TRZ00001,Cc1nnc(-c2ccncc2)nc1C,186.22,1.55,51.56,0,4,1,2,1,<rdkit.Chem.rdchem.Mol object at 0x000001CB27434BA0>,False,False
TRZ00002,Cc1nnc(-c2ccccc2)nc1C,185.23,2.16,38.67,0,3,1,2,1,<rdkit.Chem.rdchem.Mol object at 0x000001CB27434D60>,False,False
TRZ00003,Cc1nnc(-c2ccc(N)cc2)nc1C,200.24,1.74,64.69,1,4,1,2,1,<rdkit.Chem.rdchem.Mol object at 0x000001CB27434CF0>,False,False
TRZ00004,Cc1nnc(-c2ccc(Br)cc2)nc1C,264.13,2.92,38.67,0,3,1,2,1,<rdkit.Chem.rdchem.Mol object at 0x000001CB274345F0>,False,False
TRZ00005,COc1ccc(-c2nnc(C)c(C)n2)cc1,215.26,2.16,47.9,0,4,2,2,1,<rdkit.Chem.rdchem.Mol object at 0x000001CB27434F20>,False,False
TRZ00006,Cc1nnc(-c2ccccc2O)nc1C,201.23,1.86,58.9,1,4,1,2,1,<rdkit.Chem.rdchem.Mol object at 0x000001CB27434F90>,False,False
TRZ00007,Cc1nnc(-c2ccc(O)cc2)nc1C,201.23,1.86,58.9,1,4,1,2,1,<rdkit.Chem.rdchem.Mol object at 0x000001CB27435000>,False,False
TRZ00008,Cc1nnc(CN2C(=O)CN=C(c3ccccc3)c3cc(Br)ccc32)nc1C,436.31,3.64,71.34,0,5,3,3,1,<rdkit.Chem.rdchem.Mol object at 0x000001CB27435070>,False,False
TRZ00009,Cc1nnc(CP(=O)(c2ccccc2)c2ccccc2)nc1C,323.34,3.0,55.74,0,4,4,3,1,<rdkit.Chem.rdchem.Mol object at 0x000001CB274350E0>,False,False
TRZ00010,COc1ccccc1-c1nnc(C)c(C)n1,215.26,2.16,47.9,0,4,2,2,1,<rdkit.Chem.rdchem.Mol object at 0x000001CB27435150>,False,False
TRZ00011,Cc1nnc(-c2ccccc2[N+](=O)[O-])nc1C,230.23,2.06,81.81,0,5,2,2,1,<rdkit.Chem.rdchem.Mol object at 0x000001CB27435230>,False,False
TRZ00012,Cc1nnc(-c2cccc(-c3nnc(C)c(C)n3)c2)nc1C,292.35,2.62,77.34,0,6,2,3,2,<rdkit.Chem.rdchem.Mol object at 0x000001CB274351C0>,False,False
TRZ00013,Cc1nnc(CCc2cc(C(C)(C)C)c(O)c(C(C)(C)C)c2)nc1C,341.5,4.57,58.9,1,4,3,2,1,<rdkit.Chem.rdchem.Mol object at 0x000001CB27435310>,False,False
TRZ00014,Cc1nnc(Cc2ccccc2)nc1C,199.26,2.08,38.67,0,3,2,2,1,<rdkit.Chem.rdchem.Mol object at 0x000001CB274352A0>,False,False
TRZ00015,Cc1nnc(-c2cc3ccccc3cc2O)nc1C,251.29,3.01,58.9,1,4,1,3,1,<rdkit.Chem.rdchem.Mol object at 0x000001CB27435380>,False,False
TRZ00016,Cc1nnc(-c2ccc(N)cc2O)nc1C,216.24,1.44,84.92,2,5,1,2,1,<rdkit.Chem.rdchem.Mol object at 0x000001CB27435460>,False,False
TRZ00017,Cc1nnc(-c2cccnc2)nc1C,186.22,1.55,51.56,0,4,1,2,1,<rdkit.Chem.rdchem.Mol object at 0x000001CB274353F0>,False,False
TRZ00018,Cc1nnc(-c2ccc([N+](=O)[O-])cc2)nc1C,230.23,2.06,81.81,0,5,2,2,1,<rdkit.Chem.rdchem.Mol object at 0x000001CB27435540>,False,False
TRZ00019,Cc1nnc(-c2ccc(S(N)(=O)=O)cc2)nc1C,264.31,0.8,98.83,1,5,2,2,1,<rdkit.Chem.rdchem.Mol object at 0x000001CB274354D0>,False,False
TRZ00020,Cc1nnc(-c2sc3ccccc3c2Cl)nc1C,275.76,4.02,38.67,0,4,1,3,1,<rdkit.Chem.rdchem.Mol object at 0x000001CB274355B0>,False,False
TRZ00021,Cc1nnc(-c2sc3cccc(Cl)c3c2Cl)nc1C,310.21,4.68,38.67,0,4,1,3,1,<rdkit.Chem.rdchem.Mol object at 0x000001CB27435620>,False,False
TRZ00022,Cc1nnc(-c2ccccc2Cl)nc1C,219.67,2.81,38.67,0,3,1,2,1,<rdkit.Chem.rdchem.Mol object at 0x000001CB27435700>,False,False
TRZ00023,Cc1nnc(-c2cccc([N+](=O)[O-])c2)nc1C,230.23,2.06,81.81,0,5,2,2,1,<rdkit.Chem.rdchem.Mol object at 0x000001CB27435690>,False,False
TRZ00024,Cc1nnc(-c2ccc(Cl)cc2)nc1C,219.67,2.81,38.67,0,3,1,2,1,<rdkit.Chem.rdchem.Mol object at 0x000001CB27435850>,False,False
TRZ00025,Cc1nnc(-c2cc3ccccc3[nH]2)nc1C,224.27,2.64,54.46,1,3,1,3,1,<rdkit.Chem.rdchem.Mol object at 0x000001CB27435770>,False,False
TRZ00026,Cc1nnc(-c2ccccc2N)nc1C,200.24,1.74,64.69,1,4,1,2,1,<rdkit.Chem.rdchem.Mol object at 0x000001CB274357E0>,False,False
TRZ00027,Cc1nnc(-c2ccco2)nc1C,175.19,1.75,51.81,0,4,1,2,1,<rdkit.Chem.rdchem.Mol object at 0x000001CB274358C0>,False,False
TRZ00028,Cc1nnc(Cc2c[nH]c3ccccc23)nc1C,238.29,2.56,54.46,1,3,2,3,1,<rdkit.Chem.rdchem.Mol object at 0x000001CB27435930>,False,False
TRZ00029,Cc1nnc(C(O)c2ccccc2)nc1C,215.26,1.57,58.9,1,4,2,2,1,<rdkit.Chem.rdchem.Mol object at 0x000001CB274359A0>,False,False
TRZ00030,Cc1nnc(C(O)(c2ccccc2)c2ccccc2)nc1C,291.35,2.77,58.9,1,4,3,3,1,<rdkit.Chem.rdchem.Mol object at 0x000001CB27435A10>,False,False
TRZ00031,CCN(CC)c1ccc(-c2nnc(C)c(C)n2)cc1,256.35,3.0,41.91,0,4,4,2,1,<rdkit.Chem.rdchem.Mol object at 0x000001CB27435A80>,False,False
TRZ00032,Cc1nnc(COc2cccc3ccccc23)nc1C,265.32,3.22,47.9,0,4,3,3,1,<rdkit.Chem.rdchem.Mol object at 0x000001CB27435AF0>,False,False
TRZ00033,Cc1ccc(-c2nnc(C)c(C)n2)cc1,199.26,2.46,38.67,0,3,1,2,1,<rdkit.Chem.rdchem.Mol object at 0x000001CB27435B60>,False,False
TRZ00034,Cc1nnc(-c2ccc(N(C)C)cc2)nc1C,228.3,2.22,41.91,0,4,2,2,1,<rdkit.Chem.rdchem.Mol object at 0x000001CB27435BD0>,False,False
TRZ00035,Cc1nnc(-c2sc(N)nc2C)nc1C,221.29,1.5,77.58,1,6,1,2,1,<rdkit.Chem.rdchem.Mol object at 0x000001CB27435C40>,False,False
TRZ00036,Cc1nnc(Cn2cnc3ccccc32)nc1C,239.28,1.89,56.49,0,4,2,3,1,<rdkit.Chem.rdchem.Mol object at 0x000001CB27435CB0>,False,False
TRZ00037,Cc1ccc(NC(=O)c2nnc(C)c(C)n2)cc1,242.28,2.05,67.77,1,4,2,2,1,<rdkit.Chem.rdchem.Mol object at 0x000001CB27435D20>,False,False
TRZ00038,Cc1nnc(-c2cnn(-c3ccccc3)c2C(F)(F)F)nc1C,319.29,3.36,56.49,0,4,2,3,1,<rdkit.Chem.rdchem.Mol object at 0x000001CB27435D90>,False,False
TRZ00039,Cc1nnc(CCn2c3ccccc3c3ccccc32)nc1C,302.38,3.84,43.6,0,3,3,4,1,<rdkit.Chem.rdchem.Mol object at 0x000001CB27435E00>,False,False
TRZ00040,Cc1nnc(-c2cccc(O)c2)nc1C,201.23,1.86,58.9,1,4,1,2,1,<rdkit.Chem.rdchem.Mol object at 0x000001CB27435E70>,False,False
TRZ00041,Cc1nnc(-c2cc(O)c(O)c(O)c2)nc1C,233.23,1.27,99.36,3,6,1,2,1,<rdkit.Chem.rdchem.Mol object at 0x000001CB27435EE0>,False,False
TRZ00042,Cc1nnc(-c2cnccn2)nc1C,187.21,0.95,64.45,0,5,1,2,1,<rdkit.Chem.rdchem.Mol object at 0x000001CB27435F50>,False,False
TRZ00043,Cc1nnc(Cn2nc(C)c(Br)c2C)nc1C,296.17,2.11,56.49,0,4,2,2,1,<rdkit.Chem.rdchem.Mol object at 0x000001CB27435FC0>,False,False
TRZ00044,Cc1cc(C)nc(SCc2nnc(C)c(C)n2)n1,261.35,2.19,64.45,0,6,3,2,1,<rdkit.Chem.rdchem.Mol object at 0x000001CB27436030>,False,False
TRZ00045,COc1ccccc1-c1cc(-c2nnc(C)c(C)n2)[nH]n1,281.32,2.55,76.58,1,5,3,3,1,<rdkit.Chem.rdchem.Mol object at 0x000001CB274360A0>,False,False
TRZ00046,Cc1nnc(-c2cn3ccc4ccccc4c3n2)nc1C,275.32,2.96,55.97,0,4,1,4,1,<rdkit.Chem.rdchem.Mol object at 0x000001CB27436110>,False,False
TRZ00047,Cc1nnc(-c2ccccc2OCc2ccccc2)nc1C,291.35,3.73,47.9,0,4,4,3,1,<rdkit.Chem.rdchem.Mol object at 0x000001CB27436180>,False,False
TRZ00048,Cc1nnc(-c2[nH]c3ccc(S(N)(=O)=O)cc3c2-c2ccccc2)nc1C,379.45,2.95,114.62,2,5,3,4,1,<rdkit.Chem.rdchem.Mol object at 0x000001CB274361F0>,False,False
TRZ00049,Cc1nnc(-c2cc(-c3ccc(N)cc3)nc3ccc(Br)cc23)nc1C,406.29,4.72,77.58,1,5,2,4,1,<rdkit.Chem.rdchem.Mol object at 0x000001CB27436260>,False,False
TRZ00050,Cc1nnc(-c2ccc3ccccc3n2)nc1C,236.28,2.7,51.56,0,4,1,3,1,<rdkit.Chem.rdchem.Mol object at 0x000001CB274362D0>,False,False
TRZ00051,COC(=O)c1ccc(-c2nnc(C)c(C)n2)cc1,243.27,1.94,64.97,0,5,2,2,1,<rdkit.Chem.rdchem.Mol object at 0x000001CB27436340>,False,False
TRZ00053,Cc1nnc(-c2cccnc2Oc2ccccc2)nc1C,278.31,3.34,60.79,0,5,3,3,1,<rdkit.Chem.rdchem.Mol object at 0x000001CB274363B0>,False,False
TRZ00054,Cc1nnc(C(=O)Nc2ccc(Cl)c(Cl)c2)nc1C,297.15,3.05,67.77,1,4,2,2,1,<rdkit.Chem.rdchem.Mol object at 0x000001CB27436420>,False,False
TRZ00055,Cc1nnc(-c2ccc([N+](=O)[O-])o2)nc1C,220.19,1.66,94.95,0,6,2,2,1,<rdkit.Chem.rdchem.Mol object at 0x000001CB27436490>,False,False
TRZ00056,Cc1nnc(-c2c[nH]c3ccccc23)nc1C,224.27,2.64,54.46,1,3,1,3,1,<rdkit.Chem.rdchem.Mol object at 0x000001CB27436500>,False,False
TRZ00057,Cc1nnc(-c2cc(Cl)ccn2)nc1C,220.66,2.2,51.56,0,4,1,2,1,<rdkit.Chem.rdchem.Mol object at 0x000001CB27436570>,False,False
TRZ00058,COc1c(Cl)cc(-c2nnc(C)c(C)n2)cc1Cl,284.15,3.47,47.9,0,4,2,2,1,<rdkit.Chem.rdchem.Mol object at 0x000001CB274365E0>,False,False
TRZ00059,COc1ccc(/C=C/c2nnc(C)c(C)n2)cc1,241.29,2.67,47.9,0,4,3,2,1,<rdkit.Chem.rdchem.Mol object at 0x000001CB27436650>,False,False
TRZ00060,Cc1nnc(-c2ccc(O)cc2O)nc1C,217.23,1.57,79.13,2,5,1,2,1,<rdkit.Chem.rdchem.Mol object at 0x000001CB274366C0>,False,False
TRZ00061,Cc1nnc(C(C)Oc2cccc(Cl)c2)nc1C,263.73,3.28,47.9,0,4,3,2,1,<rdkit.Chem.rdchem.Mol object at 0x000001CB27436730>,False,False
TRZ00062,Cc1cccc(-c2nnc(C)c(C)n2)c1,199.26,2.46,38.67,0,3,1,2,1,<rdkit.Chem.rdchem.Mol object at 0x000001CB274367A0>,False,False
TRZ00063,COc1ccccc1OCc1nnc(C)c(C)n1,245.28,2.08,57.13,0,5,4,2,1,<rdkit.Chem.rdchem.Mol object at 0x000001CB27436810>,False,False
TRZ00065,Cc1nnc(-c2cc3c(s2)CCC(C)C3)nc1C,259.38,3.34,38.67,0,4,1,2,1,<rdkit.Chem.rdchem.Mol object at 0x000001CB27436880>,False,False
TRZ00066,Cc1nnc(CC2Sc3ccccc3NC2=O)nc1C,286.36,2.14,67.77,1,5,2,2,1,<rdkit.Chem.rdchem.Mol object at 0x000001CB274368F0>,False,False
TRZ00067,Cc1nnc(-c2cn3ccccc3n2)nc1C,225.25,1.8,55.97,0,4,1,3,1,<rdkit.Chem.rdchem.Mol object at 0x000001CB27436960>,False,False
TRZ00068,Cc1nnc(-c2ncccn2)nc1C,187.21,0.95,64.45,0,5,1,2,1,<rdkit.Chem.rdchem.Mol object at 0x000001CB274369D0>,False,False
TRZ00069,Cc1nnc(-c2cccnn2)nc1C,187.21,0.95,64.45,0,5,1,2,1,<rdkit.Chem.rdchem.Mol object at 0x000001CB27436AB0>,False,False
TRZ00070,Cc1nnc(-c2ccc(Cl)cc2Cl)nc1C,254.12,3.46,38.67,0,3,1,2,1,<rdkit.Chem.rdchem.Mol object at 0x000001CB27436A40>,False,False
TRZ00071,Cc1nnc(CSc2nnc(-c3ccccc3)n2-c2ccccc2)nc1C,374.47,4.03,69.38,0,6,5,4,1,<rdkit.Chem.rdchem.Mol object at 0x000001CB27436B90>,False,False
TRZ00072,Cc1nnc(-c2nc3ccccc3s2)nc1C,242.31,2.77,51.56,0,5,1,3,1,<rdkit.Chem.rdchem.Mol object at 0x000001CB27436B20>,False,False
TRZ00073,Cc1nnc(-c2cncc(Br)c2)nc1C,265.11,2.31,51.56,0,4,1,2,1,<rdkit.Chem.rdchem.Mol object at 0x000001CB27436C00>,False,False
TRZ00074,Cc1cc(-c2nnc(C)c(C)n2)n[nH]1,189.22,1.19,67.35,1,4,1,2,1,<rdkit.Chem.rdchem.Mol object at 0x000001CB27436C70>,False,False
TRZ00075,Cc1nnc(-c2nc(Cl)c(Cl)c(N)c2Cl)nc1C,304.57,3.09,77.58,1,5,1,2,1,<rdkit.Chem.rdchem.Mol object at 0x000001CB27436CE0>,False,False
TRZ00076,Cc1nnc(-c2cc(Cl)ccc2Cl)nc1C,254.12,3.46,38.67,0,3,1,2,1,<rdkit.Chem.rdchem.Mol object at 0x000001CB27436D50>,False,False
TRZ00077,Cc1nnc(-c2ccccc2CO)nc1C,215.26,1.65,58.9,1,4,2,2,1,<rdkit.Chem.rdchem.Mol object at 0x000001CB27436DC0>,False,False
TRZ00078,Cc1nnc(COc2ccc(F)cc2)nc1C,233.25,2.21,47.9,0,4,3,2,1,<rdkit.Chem.rdchem.Mol object at 0x000001CB27436EA0>,False,False
TRZ00079,Cc1nnc(-c2cc(Br)cs2)nc1C,270.15,2.98,38.67,0,4,1,2,1,<rdkit.Chem.rdchem.Mol object at 0x000001CB27436E30>,False,False
TRZ00080,Cc1nnc(-c2ccc(-c3nnc(C)c(C)n3)cc2)nc1C,292.35,2.62,77.34,0,6,2,3,2,<rdkit.Chem.rdchem.Mol object at 0x000001CB27436F10>,False,False
TRZ00081,Cc1nnc(-c2cc(-c3ccccc3)nc3ccccc23)nc1C,312.38,4.37,51.56,0,4,2,4,1,<rdkit.Chem.rdchem.Mol object at 0x000001CB27436F80>,False,False
TRZ00082,Cc1nnc(-c2cccc3ccccc23)nc1C,235.29,3.31,38.67,0,3,1,3,1,<rdkit.Chem.rdchem.Mol object at 0x000001CB27436FF0>,False,False
TRZ00083,Cc1nnc(-c2cccs2)nc1C,191.26,2.22,38.67,0,4,1,2,1,<rdkit.Chem.rdchem.Mol object at 0x000001CB27437060>,False,False
TRZ00084,Cc1nnc(-c2cccc(Cl)c2)nc1C,219.67,2.81,38.67,0,3,1,2,1,<rdkit.Chem.rdchem.Mol object at 0x000001CB274370D0>,False,False
TRZ00085,COc1cc(-c2nnc(C)c(C)n2)cc(OC)c1OC,275.31,2.18,66.36,0,6,4,2,1,<rdkit.Chem.rdchem.Mol object at 0x000001CB27437140>,False,False
TRZ00086,Cc1nnc(-c2cccc(N)c2)nc1C,200.24,1.74,64.69,1,4,1,2,1,<rdkit.Chem.rdchem.Mol object at 0x000001CB27437220>,False,False
TRZ00087,Cc1nnc(COc2ccccc2)nc1C,215.26,2.07,47.9,0,4,3,2,1,<rdkit.Chem.rdchem.Mol object at 0x000001CB274371B0>,False,False
TRZ00088,CCOc1ccc(-c2nnc(C)c(C)n2)cc1,229.28,2.55,47.9,0,4,3,2,1,<rdkit.Chem.rdchem.Mol object at 0x000001CB27437300>,False,False
TRZ00089,Cc1nnc(-c2cnc[nH]2)nc1C,175.19,0.88,67.35,1,4,1,2,1,<rdkit.Chem.rdchem.Mol object at 0x000001CB27437290>,False,False
TRZ00090,Cc1nnc(CCc2c[nH]c3ccccc23)nc1C,252.32,2.75,54.46,1,3,3,3,1,<rdkit.Chem.rdchem.Mol object at 0x000001CB27437370>,False,False
TRZ00091,Cc1nnc(-c2ccccn2)nc1C,186.22,1.55,51.56,0,4,1,2,1,<rdkit.Chem.rdchem.Mol object at 0x000001CB274373E0>,False,False
TRZ00092,Cc1nnc(COc2ccc(Cl)cc2Cl)nc1C,284.15,3.37,47.9,0,4,3,2,1,<rdkit.Chem.rdchem.Mol object at 0x000001CB27437450>,False,False
TRZ00093,COc1cc(OC)cc(-c2nnc(C)c(C)n2)c1,245.28,2.17,57.13,0,5,3,2,1,<rdkit.Chem.rdchem.Mol object at 0x000001CB274374C0>,False,False
TRZ00094,Cc1nnc(Cc2ccc(Cl)cc2)nc1C,233.7,2.73,38.67,0,3,2,2,1,<rdkit.Chem.rdchem.Mol object at 0x000001CB27437530>,False,False
TRZ00095,COc1cc(-c2nnc(C)c(C)n2)ccc1O,231.26,1.87,68.13,1,5,2,2,1,<rdkit.Chem.rdchem.Mol object at 0x000001CB274375A0>,False,False
TRZ00096,Cc1nnc(-c2ccsc2)nc1C,191.26,2.22,38.67,0,4,1,2,1,<rdkit.Chem.rdchem.Mol object at 0x000001CB27437610>,False,False
TRZ00097,Cc1nnc(Cc2ccsc2)nc1C,205.29,2.14,38.67,0,4,2,2,1,<rdkit.Chem.rdchem.Mol object at 0x000001CB27437680>,False,False
TRZ00098,Cc1nnc(-c2cncn2C)nc1C,189.22,0.89,56.49,0,4,1,2,1,<rdkit.Chem.rdchem.Mol object at 0x000001CB274376F0>,False,False
TRZ00099,Cc1nnc(COc2ccc(Cl)cc2)nc1C,249.7,2.72,47.9,0,4,3,2,1,<rdkit.Chem.rdchem.Mol object at 0x000001CB27437760>,False,False
TRZ00100,Cc1nnc([C@@H](N)Cc2ccc(O)cc2)nc1C,244.3,1.44,84.92,2,5,3,2,1,<rdkit.Chem.rdchem.Mol object at 0x000001CB274377D0>,False,False
TRZ00101,Cc1nnc(-c2ccc(C(C)(C)C)cc2)nc1C,241.34,3.45,38.67,0,3,1,2,1,<rdkit.Chem.rdchem.Mol object at 0x000001CB27437840>,False,False
TRZ00102,Cc1nnc(-c2ccccc2S(N)(=O)=O)nc1C,264.31,0.8,98.83,1,5,2,2,1,<rdkit.Chem.rdchem.Mol object at 0x000001CB274378B0>,False,False
TRZ00103,COc1ccc(-n2[nH]c(-c3nnc(C)c(C)n3)c3ccc4nncc4c32)cc1,371.4,3.38,94.4,1,6,3,5,1,<rdkit.Chem.rdchem.Mol object at 0x000001CB27437920>,False,False
TRZ00105,Cc1nnc(-c2ccc(-c3ccccc3Cl)o2)nc1C,285.73,4.07,51.81,0,4,2,3,1,<rdkit.Chem.rdchem.Mol object at 0x000001CB27437990>,False,False
TRZ00106,Cc1nnc(COc2ccc3c(C)cc(=O)oc3c2)nc1C,297.31,2.48,78.11,0,6,3,3,1,<rdkit.Chem.rdchem.Mol object at 0x000001CB27437A00>,False,False
TRZ00107,Cc1nnc(COc2ccc3c(C)c(C)c(=O)oc3c2)nc1C,311.34,2.79,78.11,0,6,3,3,1,<rdkit.Chem.rdchem.Mol object at 0x000001CB27437A70>,False,False
TRZ00108,Cc1nnc(-c2nc[nH]c2C(=O)Nc2ccccn2)nc1C,295.31,1.53,109.34,2,6,3,3,1,<rdkit.Chem.rdchem.Mol object at 0x000001CB27437AE0>,False,False
TRZ00109,CCn1cc(-c2nnc(C)c(C)n2)c(=O)c2cc(F)c(N3CCOCC3)cc21,383.43,2.47,73.14,0,6,3,3,1,<rdkit.Chem.rdchem.Mol object at 0x000001CB27437B50>,False,False
TRZ00110,CCn1cc(-c2nnc(C)c(C)n2)c(=O)c2cc(F)c(N3CCCCC3)cc21,381.46,3.62,63.91,0,5,3,3,1,<rdkit.Chem.rdchem.Mol object at 0x000001CB27437BC0>,False,False
TRZ00111,Cc1cc(C)cc(OCc2ccc(-c3nnc(C)c(C)n3)o2)c1,309.37,3.94,61.04,0,5,4,3,1,<rdkit.Chem.rdchem.Mol object at 0x000001CB27437C30>,False,False
TRZ00112,Cc1nnc(-c2ccc(COc3ccc4ccccc4c3)o2)nc1C,331.38,4.48,61.04,0,5,4,4,1,<rdkit.Chem.rdchem.Mol object at 0x000001CB27437CA0>,False,False
TRZ00113,COc1ccc(-c2cc(-c3nnc(C)c(C)n3)[nH]n2)cc1OC,311.35,2.56,85.81,1,6,4,3,1,<rdkit.Chem.rdchem.Mol object at 0x000001CB27437D10>,False,False
TRZ00114,Cc1ccc(NC(=O)c2[nH]cnc2-c2nnc(C)c(C)n2)cc1,308.35,2.44,96.45,2,5,3,3,1,<rdkit.Chem.rdchem.Mol object at 0x000001CB27437D80>,False,False
TRZ00115,Cc1nnc(-c2sc(-c3ccccc3)c(C#N)c2C)nc1C,306.39,4.06,62.46,0,5,2,3,1,<rdkit.Chem.rdchem.Mol object at 0x000001CB27437DF0>,False,False
TRZ00116,COc1ccccc1OCc1ccc(-c2nnc(C)c(C)n2)o1,311.34,3.34,70.27,0,6,5,3,1,<rdkit.Chem.rdchem.Mol object at 0x000001CB27437E60>,False,False
TRZ00117,Cc1nnc(-c2ccc(COc3ccc([N+](=O)[O-])cc3)o2)nc1C,326.31,3.24,104.18,0,7,5,3,1,<rdkit.Chem.rdchem.Mol object at 0x000001CB27437ED0>,False,False
TRZ00118,Cc1nnc(-c2cccc(Cn3cc(Br)c([N+](=O)[O-])n3)c2)nc1C,389.21,3.07,99.63,0,6,4,3,1,<rdkit.Chem.rdchem.Mol object at 0x000001CB27437F40>,False,False
TRZ00119,Cc1nnc(-c2ccc(COCC(F)(F)C(F)F)cc2)nc1C,329.3,3.57,47.9,0,4,6,2,1,<rdkit.Chem.rdchem.Mol object at 0x000001CB27444040>,False,False
TRZ00120,Cc1cc(C)n(Cc2ccc(-c3nnc(C)c(C)n3)o2)n1,283.34,2.61,69.63,0,5,3,3,1,<rdkit.Chem.rdchem.Mol object at 0x000001CB274440B0>,False,False
TRZ00121,Cc1nnc(-c2ccc(Cn3nc(C)c(Cl)c3C)o2)nc1C,317.78,3.26,69.63,0,5,3,3,1,<rdkit.Chem.rdchem.Mol object at 0x000001CB27444120>,False,False
TRZ00122,COc1cccc2[nH]c(-c3nnc(C)c(C)n3)c(N)c12,269.31,2.23,89.71,2,5,2,3,1,<rdkit.Chem.rdchem.Mol object at 0x000001CB27444190>,False,False
TRZ00123,Cc1nnc(-c2cccc(COCC(F)(F)C(F)F)c2)nc1C,329.3,3.57,47.9,0,4,6,2,1,<rdkit.Chem.rdchem.Mol object at 0x000001CB27444200>,False,False
TRZ00124,Cc1ccc(-n2nc(-c3nnc(C)c(C)n3)c(C)c(C#N)c2=O)cc1Cl,366.81,2.84,97.35,0,6,2,3,1,<rdkit.Chem.rdchem.Mol object at 0x000001CB27444270>,False,False
TRZ00126,Cc1nnc(-c2ccc(Cn3cccn3)o2)nc1C,255.28,1.99,69.63,0,5,3,3,1,<rdkit.Chem.rdchem.Mol object at 0x000001CB274442E0>,False,False
TRZ00127,CCOc1ccc(OCc2ccc(-c3nnc(C)c(C)n3)o2)cc1,325.37,3.73,70.27,0,6,6,3,1,<rdkit.Chem.rdchem.Mol object at 0x000001CB27444350>,False,False
TRZ00128,Cc1nnc(C(c2ccccc2)c2ccccc2)nc1C,275.36,3.67,38.67,0,3,3,3,1,<rdkit.Chem.rdchem.Mol object at 0x000001CB274443C0>,False,False
TRZ00129,Cc1nnc(-c2ccncn2)nc1C,187.21,0.95,64.45,0,5,1,2,1,<rdkit.Chem.rdchem.Mol object at 0x000001CB27444430>,False,False
TRZ00131,Cc1nnc(-c2[nH]c3ccccc3c2S(=O)(=O)c2ccccc2)nc1C,364.43,3.47,88.6,1,5,3,4,1,<rdkit.Chem.rdchem.Mol object at 0x000001CB274444A0>,False,False
TRZ00132,Cc1nnc(-c2[nH]c3ccc(Cl)cc3c2S(=O)(=O)c2ccccc2)nc1C,398.88,4.12,88.6,1,5,3,4,1,<rdkit.Chem.rdchem.Mol object at 0x000001CB27444510>,False,False
TRZ00133,Cc1ccc(S(=O)(=O)c2c(-c3nnc(C)c(C)n3)[nH]c3ccc(Cl)cc23)cc1,412.9,4.43,88.6,1,5,3,4,1,<rdkit.Chem.rdchem.Mol object at 0x000001CB27444580>,False,False
TRZ00134,Cc1nnc(-c2[nH]c3ccc(Cl)cc3c2S(=O)(=O)c2ccc(F)cc2)nc1C,416.87,4.26,88.6,1,5,3,4,1,<rdkit.Chem.rdchem.Mol object at 0x000001CB274445F0>,False,False
TRZ00135,Cc1nnc(-c2[nH]c3ccc(Cl)cc3c2S(=O)(=O)c2ccc(Cl)cc2)nc1C,433.32,4.78,88.6,1,5,3,4,1,<rdkit.Chem.rdchem.Mol object at 0x000001CB27444660>,False,False
TRZ00136,Cc1cc(C)cc(S(=O)(=O)c2c(-c3nnc(C)c(C)n3)[nH]c3ccc(Cl)cc23)c1,426.93,4.74,88.6,1,5,3,4,1,<rdkit.Chem.rdchem.Mol object at 0x000001CB274446D0>,False,False
TRZ00137,Cc1nnc(-c2ccc(F)c3c(C(=O)C(=O)N4CCN(C(=O)c5ccccc5)CC4)c[nH]c23)nc1C,486.51,2.94,112.15,1,6,4,4,1,<rdkit.Chem.rdchem.Mol object at 0x000001CB27444740>,False,False
TRZ00138,Cc1nnc(CCC(=O)Nc2ccccc2)nc1C,256.31,2.06,67.77,1,4,4,2,1,<rdkit.Chem.rdchem.Mol object at 0x000001CB274447B0>,False,False
TRZ00139,Cc1nnc(-c2nc(-c3ccccc3)cc(-c3ccccc3)n2)nc1C,339.4,4.28,64.45,0,5,3,4,1,<rdkit.Chem.rdchem.Mol object at 0x000001CB27444820>,False,False
TRZ00140,Cc1nnc(-c2ccc3[nH]c4c(c3c2)CCCC4)nc1C,278.36,3.52,54.46,1,3,1,3,1,<rdkit.Chem.rdchem.Mol object at 0x000001CB27444890>,False,False
TRZ00141,CCn1cc(-c2nnc(C)c(C)n2)c(=O)c2cc(F)c(N3CCN(C)CC3)cc21,396.47,2.38,67.15,0,6,3,3,1,<rdkit.Chem.rdchem.Mol object at 0x000001CB27444900>,False,False
TRZ00142,Cc1nnc(CCn2nnc3ccccc32)nc1C,254.3,1.48,69.38,0,5,3,3,1,<rdkit.Chem.rdchem.Mol object at 0x000001CB27444970>,False,False
TRZ00143,Cc1nnc(CCN2CCN(Cc3ccccc3)CC2)nc1C,311.43,1.85,45.15,0,5,5,2,1,<rdkit.Chem.rdchem.Mol object at 0x000001CB274449E0>,False,False
TRZ00144,Cc1nnc(Cn2c3ccccc3c3ccccc32)nc1C,288.35,3.64,43.6,0,3,2,4,1,<rdkit.Chem.rdchem.Mol object at 0x000001CB27444A50>,False,False
TRZ00145,CCCCC#Cc1cncc(-c2nnc(C)c(C)n2)c1,266.35,3.09,51.56,0,4,3,2,1,<rdkit.Chem.rdchem.Mol object at 0x000001CB27444AC0>,False,False
TRZ00146,Cc1nnc(-c2csc(-c3ccccc3)n2)nc1C,268.35,3.28,51.56,0,5,2,3,1,<rdkit.Chem.rdchem.Mol object at 0x000001CB27444B30>,False,False
TRZ00147,Cc1nnc(-c2sc(-c3ccc(Cl)cc3)nc2C)nc1C,316.82,4.24,51.56,0,5,2,3,1,<rdkit.Chem.rdchem.Mol object at 0x000001CB27444BA0>,False,False
TRZ00148,Cc1nnc(-c2sc(-c3ccc(C(F)(F)F)cc3)nc2C)nc1C,350.37,4.61,51.56,0,5,2,3,1,<rdkit.Chem.rdchem.Mol object at 0x000001CB27444C10>,False,False
TRZ00149,Cc1nnc(-c2[nH]c3ccccc3c2-c2ccccc2)nc1C,300.37,4.3,54.46,1,3,2,4,1,<rdkit.Chem.rdchem.Mol object at 0x000001CB27444C80>,False,False
TRZ00150,Cc1nnc(-c2nn(-c3ccccc3)nc2C)nc1C,266.31,2.04,69.38,0,5,2,3,1,<rdkit.Chem.rdchem.Mol object at 0x000001CB27444CF0>,False,False
TRZ00152,Cc1nnc(-c2cc3ccccc3oc2=O)nc1C,253.26,2.26,68.88,0,5,1,3,1,<rdkit.Chem.rdchem.Mol object at 0x000001CB27444D60>,False,False
TRZ00153,Cc1cc(-c2nnc(C)c(C)n2)c2cc(Br)ccc2n1,329.2,3.77,51.56,0,4,1,3,1,<rdkit.Chem.rdchem.Mol object at 0x000001CB27444DD0>,False,False
TRZ00154,Cc1nnc(-c2c(C)nc3ccccn23)nc1C,239.28,2.11,55.97,0,4,1,3,1,<rdkit.Chem.rdchem.Mol object at 0x000001CB27444E40>,False,False
TRZ00155,Cc1nnc(-c2ccc(COc3ccc4c(c3)CCC4)o2)nc1C,321.38,3.82,61.04,0,5,4,3,1,<rdkit.Chem.rdchem.Mol object at 0x000001CB27444EB0>,False,False
TRZ00156,Cc1nnc(-c2ccccc2-n2cccc2)nc1C,250.31,2.95,43.6,0,3,2,3,1,<rdkit.Chem.rdchem.Mol object at 0x000001CB27444F20>,False,False
TRZ00158,Cc1nnc(CNc2ccc3ccccc3c2)nc1C,264.33,3.25,50.7,1,4,3,3,1,<rdkit.Chem.rdchem.Mol object at 0x000001CB27444F90>,False,False
TRZ00159,Cc1nnc(CNC(=O)OCc2ccccc2)nc1C,272.31,1.91,77.0,1,5,4,2,1,<rdkit.Chem.rdchem.Mol object at 0x000001CB27445000>,False,False
TRZ00160,Cc1nnc(CNC(=O)c2ccccc2)nc1C,242.28,1.42,67.77,1,4,3,2,1,<rdkit.Chem.rdchem.Mol object at 0x000001CB27445070>,False,False
TRZ00161,Cc1cc(C)n(Cc2nnc(C)c(C)n2)n1,217.28,1.35,56.49,0,4,2,2,1,<rdkit.Chem.rdchem.Mol object at 0x000001CB274450E0>,False,False
TRZ00162,Cc1cc(-c2nnc(C)c(C)n2)c(C)o1,203.25,2.37,51.81,0,4,1,2,1,<rdkit.Chem.rdchem.Mol object at 0x000001CB27445150>,False,False
TRZ00163,Cc1nnc(-c2ccc(F)cc2)nc1C,203.22,2.29,38.67,0,3,1,2,1,<rdkit.Chem.rdchem.Mol object at 0x000001CB274451C0>,False,False
TRZ00164,Cc1nnc(Cn2c(C)nc3c(Br)cc(Br)cc3c2=O)nc1C,439.11,3.08,73.56,0,5,2,3,1,<rdkit.Chem.rdchem.Mol object at 0x000001CB27445230>,False,False
TRZ00165,Cc1nnc(-c2nonc2C)nc1C,191.19,0.85,77.59,0,6,1,2,1,<rdkit.Chem.rdchem.Mol object at 0x000001CB274452A0>,False,False
TRZ00166,Cc1nnc(-c2cc(Cl)nc(Cl)c2)nc1C,255.11,2.86,51.56,0,4,1,2,1,<rdkit.Chem.rdchem.Mol object at 0x000001CB27445310>,False,False
TRZ00167,Cc1nnc(/C=C/c2ccccc2)nc1C,211.27,2.66,38.67,0,3,2,2,1,<rdkit.Chem.rdchem.Mol object at 0x000001CB27445380>,False,False
TRZ00168,Cc1nnc(-c2csnn2)nc1C,193.23,1.01,64.45,0,6,1,2,1,<rdkit.Chem.rdchem.Mol object at 0x000001CB274453F0>,False,False
TRZ00169,CNc1ccccc1-c1nnc(C)c(C)n1,214.27,2.2,50.7,1,4,2,2,1,<rdkit.Chem.rdchem.Mol object at 0x000001CB27445460>,False,False
TRZ00170,Cc1cccc(OCc2nnc(C)c(C)n2)c1,229.28,2.38,47.9,0,4,3,2,1,<rdkit.Chem.rdchem.Mol object at 0x000001CB274454D0>,False,False
TRZ00171,CC(=O)Nc1ccccc1-c1nnc(C)c(C)n1,242.28,2.11,67.77,1,4,2,2,1,<rdkit.Chem.rdchem.Mol object at 0x000001CB27445540>,False,False
TRZ00172,Cc1cc(-c2nnc(C)c(C)n2)no1,190.21,1.45,64.7,0,5,1,2,1,<rdkit.Chem.rdchem.Mol object at 0x000001CB274455B0>,False,False
TRZ00173,Cc1nnc(CSc2ccc(Cl)cc2)nc1C,265.77,3.43,38.67,0,4,3,2,1,<rdkit.Chem.rdchem.Mol object at 0x000001CB27445620>,False,False
TRZ00174,Cc1nnc(-c2cccc(N(C)C)c2)nc1C,228.3,2.22,41.91,0,4,2,2,1,<rdkit.Chem.rdchem.Mol object at 0x000001CB27445690>,False,False
TRZ00175,Cc1ccsc1-c1nnc(C)c(C)n1,205.29,2.53,38.67,0,4,1,2,1,<rdkit.Chem.rdchem.Mol object at 0x000001CB27445700>,False,False
TRZ00176,Cc1nnc(Cc2ccc(F)cc2)nc1C,217.25,2.22,38.67,0,3,2,2,1,<rdkit.Chem.rdchem.Mol object at 0x000001CB27445770>,False,False
TRZ00177,Cc1nnc(-c2ccc(N)c(N)c2)nc1C,215.26,1.32,90.71,2,5,1,2,1,<rdkit.Chem.rdchem.Mol object at 0x000001CB274457E0>,False,False
TRZ00178,CCOC(=O)c1c(-c2ccccc2)oc2ccc(OCc3nnc(C)c(C)n3)cc12,403.44,4.66,87.34,0,7,6,4,1,<rdkit.Chem.rdchem.Mol object at 0x000001CB27445850>,False,False
TRZ00179,Cc1nnc(CC23CC4CC(C2)CC(n2ncnn2)(C4)C3)nc1C,325.42,2.01,82.27,0,6,3,2,1,<rdkit.Chem.rdchem.Mol object at 0x000001CB274458C0>,False,False
TRZ00180,Cc1nnc(Cn2nc(-c3ccccc3)c3ccccc3c2=O)nc1C,343.39,2.91,73.56,0,5,3,4,1,<rdkit.Chem.rdchem.Mol object at 0x000001CB27445930>,False,False
TRZ00181,Cc1nnc(-c2nn(-c3ccc(Cl)cc3)cc2O)nc1C,301.74,2.7,76.72,1,5,2,3,1,<rdkit.Chem.rdchem.Mol object at 0x000001CB274459A0>,False,False
TRZ00182,Cc1nnc(Cc2cccnc2)nc1C,200.25,1.47,51.56,0,4,2,2,1,<rdkit.Chem.rdchem.Mol object at 0x000001CB27445A10>,False,False
TRZ00183,Cc1nnc(CN2CCCc3ccccc32)nc1C,254.34,2.44,41.91,0,4,2,2,1,<rdkit.Chem.rdchem.Mol object at 0x000001CB27445A80>,False,False
TRZ00184,Cc1nnc(C(C)Oc2ccccc2F)nc1C,247.27,2.77,47.9,0,4,3,2,1,<rdkit.Chem.rdchem.Mol object at 0x000001CB27445AF0>,False,False
TRZ00185,Cc1nnc(-c2cc(-c3cccs3)nc3ccccc23)nc1C,318.41,4.43,51.56,0,5,2,4,1,<rdkit.Chem.rdchem.Mol object at 0x000001CB27445B60>,False,False
TRZ00186,Cc1nnc(-c2ccnc(Cl)c2)nc1C,220.66,2.2,51.56,0,4,1,2,1,<rdkit.Chem.rdchem.Mol object at 0x000001CB27445BD0>,False,False
TRZ00187,Cc1nnc(-c2ccc[nH]2)nc1C,174.21,1.48,54.46,1,3,1,2,1,<rdkit.Chem.rdchem.Mol object at 0x000001CB27445C40>,False,False
TRZ00188,Cc1nnc(-c2ccc(I)cc2)nc1C,311.13,2.76,38.67,0,3,1,2,1,<rdkit.Chem.rdchem.Mol object at 0x000001CB27445CB0>,False,False
TRZ00189,Cc1nnc(C(N)Cc2ccccc2)nc1C,228.3,1.73,64.69,1,4,3,2,1,<rdkit.Chem.rdchem.Mol object at 0x000001CB27445D20>,False,False
TRZ00190,Cc1nnc(-c2ccnc(N)c2)nc1C,201.23,1.13,77.58,1,5,1,2,1,<rdkit.Chem.rdchem.Mol object at 0x000001CB27445D90>,False,False
TRZ00191,Cc1nnc(-c2ccc3ncccc3c2)nc1C,236.28,2.7,51.56,0,4,1,3,1,<rdkit.Chem.rdchem.Mol object at 0x000001CB27445E00>,False,False
TRZ00192,Cc1nnc(-c2ccc(C#N)cc2)nc1C,210.24,2.03,62.46,0,4,1,2,1,<rdkit.Chem.rdchem.Mol object at 0x000001CB27445E70>,False,False
TRZ00193,Cc1nnc(Cc2ccncc2)nc1C,200.24,1.47,51.56,0,4,2,2,1,<rdkit.Chem.rdchem.Mol object at 0x000001CB27445EE0>,False,False
TRZ00194,Cc1nnc(-c2ccnc(Br)c2)nc1C,265.11,2.31,51.56,0,4,1,2,1,<rdkit.Chem.rdchem.Mol object at 0x000001CB27445F50>,False,False
TRZ00195,Cc1nnc(-c2ccc(Br)o2)nc1C,254.09,2.51,51.81,0,4,1,2,1,<rdkit.Chem.rdchem.Mol object at 0x000001CB27445FC0>,False,False
TRZ00196,Cc1nnc(-c2ccc(-c3ccccc3)cc2)nc1C,261.33,3.82,38.67,0,3,2,3,1,<rdkit.Chem.rdchem.Mol object at 0x000001CB27446030>,False,False
TRZ00197,COc1cccc(-c2nnc(C)c(C)n2)c1,215.26,2.16,47.9,0,4,2,2,1,<rdkit.Chem.rdchem.Mol object at 0x000001CB274460A0>,False,False
TRZ00198,Cc1ccccc1-c1nnc(C)c(C)n1,199.26,2.46,38.67,0,3,1,2,1,<rdkit.Chem.rdchem.Mol object at 0x000001CB27446110>,False,False
TRZ00199,Cc1nnc(-c2ccc3c(c2)OCO3)nc1C,229.24,1.88,57.13,0,5,1,2,1,<rdkit.Chem.rdchem.Mol object at 0x000001CB27446180>,False,False
TRZ00200,Cc1nnc(-c2cc(C(F)(F)F)cc(C(F)(F)F)c2)nc1C,321.22,4.19,38.67,0,3,1,2,1,<rdkit.Chem.rdchem.Mol object at 0x000001CB274461F0>,False,False
TRZ00201,Cc1nnc(-c2ccccc2Br)nc1C,264.13,2.92,38.67,0,3,1,2,1,<rdkit.Chem.rdchem.Mol object at 0x000001CB27446260>,False,False
TRZ00202,Cc1nnc(-c2ccc3ccccc3c2)nc1C,235.29,3.31,38.67,0,3,1,3,1,<rdkit.Chem.rdchem.Mol object at 0x000001CB274462D0>,False,False
TRZ00203,Cc1nnc(-c2ccccc2F)nc1C,203.22,2.29,38.67,0,3,1,2,1,<rdkit.Chem.rdchem.Mol object at 0x000001CB27446340>,False,False
TRZ00204,Cc1cccc(-c2nnc(C)c(C)n2)c1O,215.26,2.17,58.9,1,4,1,2,1,<rdkit.Chem.rdchem.Mol object at 0x000001CB274463B0>,False,False
TRZ00205,Cc1nnc(Cc2ccc3ccccc3c2)nc1C,249.32,3.23,38.67,0,3,2,3,1,<rdkit.Chem.rdchem.Mol object at 0x000001CB27446420>,False,False
TRZ00206,Cc1nnc(CSc2nc3ccccc3s2)nc1C,288.4,3.39,51.56,0,6,3,3,1,<rdkit.Chem.rdchem.Mol object at 0x000001CB27446490>,False,False
TRZ00207,Cc1nnc(-c2ccc(Cl)c(Cl)c2)nc1C,254.12,3.46,38.67,0,3,1,2,1,<rdkit.Chem.rdchem.Mol object at 0x000001CB27446500>,False,False
TRZ00208,Cc1nnc(-c2cc3ccccc3s2)nc1C,241.32,3.37,38.67,0,4,1,3,1,<rdkit.Chem.rdchem.Mol object at 0x000001CB27446570>,False,False
TRZ00209,Cc1nnc(-c2ccc(C(F)(F)F)cc2)nc1C,253.23,3.17,38.67,0,3,1,2,1,<rdkit.Chem.rdchem.Mol object at 0x000001CB274465E0>,False,False
TRZ00210,Cc1nnc(-c2cccc(Br)c2)nc1C,264.13,2.92,38.67,0,3,1,2,1,<rdkit.Chem.rdchem.Mol object at 0x000001CB27446650>,False,False
TRZ00211,Cc1nnc(-c2nonc2N)nc1C,192.18,0.12,103.61,1,7,1,2,1,<rdkit.Chem.rdchem.Mol object at 0x000001CB274466C0>,False,False
TRZ00212,Cc1nnc(CSc2nc3ccccc3[nH]2)nc1C,271.35,2.66,67.35,1,5,3,3,1,<rdkit.Chem.rdchem.Mol object at 0x000001CB27446730>,False,False
TRZ00213,COc1ccc(OCc2nnc(C)c(C)n2)cc1,245.28,2.08,57.13,0,5,4,2,1,<rdkit.Chem.rdchem.Mol object at 0x000001CB274467A0>,False,False
TRZ00214,Cc1ccc(OCc2nnc(C)c(C)n2)cc1,229.28,2.38,47.9,0,4,3,2,1,<rdkit.Chem.rdchem.Mol object at 0x000001CB27446810>,False,False
TRZ00215,Cc1ccccc1OCc1nnc(C)c(C)n1,229.28,2.38,47.9,0,4,3,2,1,<rdkit.Chem.rdchem.Mol object at 0x000001CB27446880>,False,False
TRZ00216,Cc1nnc(-c2cccc3cc[nH]c23)nc1C,224.27,2.64,54.46,1,3,1,3,1,<rdkit.Chem.rdchem.Mol object at 0x000001CB274468F0>,False,False
TRZ00217,Cc1nnc(COc2ccc3ccccc3c2)nc1C,265.32,3.22,47.9,0,4,3,3,1,<rdkit.Chem.rdchem.Mol object at 0x000001CB27446960>,False,False
TRZ00218,Cc1nnc(-c2cc(-c3ccccc3)n[nH]2)nc1C,251.29,2.55,67.35,1,4,2,3,1,<rdkit.Chem.rdchem.Mol object at 0x000001CB274469D0>,False,False
TRZ00219,Cc1nnc(-c2cn(C)c3ccccc23)nc1C,238.29,2.65,43.6,0,3,1,3,1,<rdkit.Chem.rdchem.Mol object at 0x000001CB27446A40>,False,False
TRZ00220,Cc1nnc(-c2ccc(OCc3ccccc3)cc2)nc1C,291.35,3.73,47.9,0,4,4,3,1,<rdkit.Chem.rdchem.Mol object at 0x000001CB27446AB0>,False,False
TRZ00221,Cc1nnc(-c2n[nH]c3c2CCCC3)nc1C,229.29,1.76,67.35,1,4,1,2,1,<rdkit.Chem.rdchem.Mol object at 0x000001CB27446B20>,False,False
TRZ00222,Cc1nnc(-c2cc3cc(F)ccc3[nH]2)nc1C,242.26,2.78,54.46,1,3,1,3,1,<rdkit.Chem.rdchem.Mol object at 0x000001CB27446B90>,False,False
TRZ00223,Cc1nnc(C(C)Oc2ccc(Cl)cc2Cl)nc1C,298.17,3.94,47.9,0,4,3,2,1,<rdkit.Chem.rdchem.Mol object at 0x000001CB27446C00>,False,False
TRZ00224,Cc1cc(-c2nnc(C)c(C)n2)ccc1[N+](=O)[O-],244.25,2.37,81.81,0,5,2,2,1,<rdkit.Chem.rdchem.Mol object at 0x000001CB27446C70>,False,False
TRZ00225,COc1ccc(-c2nnc(C)c(C)n2)cc1OC,245.28,2.17,57.13,0,5,3,2,1,<rdkit.Chem.rdchem.Mol object at 0x000001CB27446CE0>,False,False
TRZ00226,Cc1ccccc1-c1c(-c2nnc(C)c(C)n2)[nH]c2ccc(S(N)(=O)=O)cc12,393.47,3.26,114.62,2,5,3,4,1,<rdkit.Chem.rdchem.Mol object at 0x000001CB27446D50>,False,False
TRZ00227,Cc1cccc(-c2c(-c3nnc(C)c(C)n3)[nH]c3ccc(S(N)(=O)=O)cc23)c1,393.47,3.26,114.62,2,5,3,4,1,<rdkit.Chem.rdchem.Mol object at 0x000001CB27446DC0>,False,False
TRZ00228,Cc1ccc(-c2c(-c3nnc(C)c(C)n3)[nH]c3ccc(S(N)(=O)=O)cc23)cc1,393.47,3.26,114.62,2,5,3,4,1,<rdkit.Chem.rdchem.Mol object at 0x000001CB27446E30>,False,False
TRZ00229,Cc1nnc(-c2[nH]c3ccc(S(N)(=O)=O)cc3c2-c2ccccc2F)nc1C,397.44,3.09,114.62,2,5,3,4,1,<rdkit.Chem.rdchem.Mol object at 0x000001CB27446EA0>,False,False
TRZ00230,Cc1nnc(-c2[nH]c3ccc(S(N)(=O)=O)cc3c2-c2cccc(F)c2)nc1C,397.44,3.09,114.62,2,5,3,4,1,<rdkit.Chem.rdchem.Mol object at 0x000001CB27446F10>,False,False
TRZ00231,Cc1nnc(-c2[nH]c3ccc(S(N)(=O)=O)cc3c2-c2ccc(F)cc2)nc1C,397.44,3.09,114.62,2,5,3,4,1,<rdkit.Chem.rdchem.Mol object at 0x000001CB27446F80>,False,False
TRZ00232,Cc1nnc(-c2[nH]c3ccc(S(N)(=O)=O)cc3c2-c2ccccc2Cl)nc1C,413.89,3.6,114.62,2,5,3,4,1,<rdkit.Chem.rdchem.Mol object at 0x000001CB27446FF0>,False,False
TRZ00233,Cc1nnc(-c2[nH]c3ccc(S(N)(=O)=O)cc3c2-c2cccc(Cl)c2)nc1C,413.89,3.6,114.62,2,5,3,4,1,<rdkit.Chem.rdchem.Mol object at 0x000001CB27447060>,False,False
TRZ00234,Cc1nnc(-c2[nH]c3ccc(S(N)(=O)=O)cc3c2-c2ccc(Cl)cc2)nc1C,413.89,3.6,114.62,2,5,3,4,1,<rdkit.Chem.rdchem.Mol object at 0x000001CB274470D0>,False,False
TRZ00235,Cc1nnc(-c2[nH]c3ccc(S(N)(=O)=O)cc3c2-c2ccccc2Br)nc1C,458.34,3.71,114.62,2,5,3,4,1,<rdkit.Chem.rdchem.Mol object at 0x000001CB27447140>,False,False
TRZ00236,Cc1nnc(-c2[nH]c3ccc(S(N)(=O)=O)cc3c2-c2cccc(Br)c2)nc1C,458.34,3.71,114.62,2,5,3,4,1,<rdkit.Chem.rdchem.Mol object at 0x000001CB274471B0>,False,False
TRZ00237,Cc1nnc(-c2[nH]c3ccc(S(N)(=O)=O)cc3c2-c2ccc(Br)cc2)nc1C,458.34,3.71,114.62,2,5,3,4,1,<rdkit.Chem.rdchem.Mol object at 0x000001CB27447220>,False,False
TRZ00238,Cc1nnc(-c2[nH]c3ccc(S(N)(=O)=O)cc3c2-c2c(F)c(F)c(F)c(F)c2F)nc1C,469.4,3.65,114.62,2,5,3,4,1,<rdkit.Chem.rdchem.Mol object at 0x000001CB27447290>,False,False
TRZ00239,Cc1nnc(-c2nn(Cc3ccc(Cl)cc3Cl)c3ccccc23)nc1C,384.27,4.86,56.49,0,4,3,4,1,<rdkit.Chem.rdchem.Mol object at 0x000001CB27447300>,False,False
TRZ00240,Cc1nnc(-c2nc(-c3ccc(C(C)(C)C)cc3)no2)nc1C,309.37,3.5,77.59,0,6,2,3,1,<rdkit.Chem.rdchem.Mol object at 0x000001CB27447370>,False,False
TRZ00241,Cc1cc(OCc2nnc(C)c(C)n2)cc(C)c1Cl,277.75,3.34,47.9,0,4,3,2,1,<rdkit.Chem.rdchem.Mol object at 0x000001CB274473E0>,False,False
TRZ00242,Cc1nnc(Cc2nn[nH]n2)nc1C,191.2,-0.41,93.13,1,6,2,2,1,<rdkit.Chem.rdchem.Mol object at 0x000001CB27447450>,False,False
TRZ00243,Cc1cc(O)cc(C)c1C[C@H](N)C(=O)N1Cc2ccccc2C[C@H]1c1nnc(C)c(C)n1,431.54,3.01,105.23,2,6,4,3,1,<rdkit.Chem.rdchem.Mol object at 0x000001CB274474C0>,False,False
TRZ00244,Cc1nnc(Cn2c(=O)c(Cc3ccccc3)nc3ccccc32)nc1C,357.42,2.84,73.56,0,5,4,4,1,<rdkit.Chem.rdchem.Mol object at 0x000001CB27447530>,False,False
TRZ00245,Cc1nnc(-c2cc3cc(OCc4ccccc4)ccc3n2C)nc1C,344.42,4.23,52.83,0,4,4,4,1,<rdkit.Chem.rdchem.Mol object at 0x000001CB274475A0>,False,False
TRZ00246,Cc1nnc(-c2ccc(OCc3nc4ccccc4[nH]3)cc2)nc1C,331.38,3.61,76.58,1,5,4,4,1,<rdkit.Chem.rdchem.Mol object at 0x000001CB27447610>,False,False
TRZ00247,Cc1nnc(-c2[nH]c3ccc(Cl)cc3c2S(=O)(=O)c2cc(Cl)ccc2N)nc1C,448.34,4.36,114.62,2,6,3,4,1,<rdkit.Chem.rdchem.Mol object at 0x000001CB27447680>,False,False
TRZ00248,Cc1ccc(-c2cc(-c3nnc(C)c(C)n3)n[nH]2)o1,255.28,2.45,80.49,1,5,2,3,1,<rdkit.Chem.rdchem.Mol object at 0x000001CB274476F0>,False,False
TRZ00249,Cc1nnc(/C(=C\c2ccco2)NC(=O)c2ccco2)nc1C,310.31,2.6,94.05,1,6,4,3,1,<rdkit.Chem.rdchem.Mol object at 0x000001CB27447760>,False,False
TRZ00250,Cc1nnc(-c2cc(C3CC3)nc3ccc(Br)cc23)nc1C,355.24,4.34,51.56,0,4,2,3,1,<rdkit.Chem.rdchem.Mol object at 0x000001CB274477D0>,False,False
TRZ00251,Cc1ccc(-c2sc(-c3nnc(C)c(C)n3)c(C)c2C#N)cc1,320.42,4.37,62.46,0,5,2,3,1,<rdkit.Chem.rdchem.Mol object at 0x000001CB27447840>,False,False
TRZ00252,Cc1nnc(-c2ccccc2C#Cc2ccccc2)nc1C,285.35,3.56,38.67,0,3,1,3,1,<rdkit.Chem.rdchem.Mol object at 0x000001CB274478B0>,False,False
TRZ00253,Cc1ccc([N+](=O)[O-])cc1NCc1nnc(C)c(C)n1,273.3,2.32,93.84,1,6,4,2,1,<rdkit.Chem.rdchem.Mol object at 0x000001CB27447920>,False,False
TRZ00254,Cc1nnc(-c2cc3ccccc3cc2NS(=O)(=O)c2ccccc2)nc1C,390.47,4.11,84.84,1,5,4,4,1,<rdkit.Chem.rdchem.Mol object at 0x000001CB27447990>,False,False
TRZ00255,Cc1nnc(-c2ccc(Cn3cc(Br)c(N)n3)cc2)nc1C,359.23,2.74,82.51,1,5,3,3,1,<rdkit.Chem.rdchem.Mol object at 0x000001CB27447A00>,False,False
TRZ00256,Cc1cc(C)n2c(nc3ccccc32)c1-c1nnc(C)c(C)n1,303.37,3.57,55.97,0,4,1,4,1,<rdkit.Chem.rdchem.Mol object at 0x000001CB27447A70>,False,False
TRZ00257,Cc1nnc(-c2cccc(Cn3nc(C)c(Cl)c3C)c2)nc1C,327.82,3.67,56.49,0,4,3,3,1,<rdkit.Chem.rdchem.Mol object at 0x000001CB27447AE0>,False,False
TRZ00258,Cc1nnc(-c2sc3nc(N4CCOCC4)c4c(c3c2N)CCCC4)nc1C,396.52,3.06,90.05,1,8,2,3,1,<rdkit.Chem.rdchem.Mol object at 0x000001CB27447B50>,False,False
TRZ00259,Cc1nnc(-c2ccc(COc3ccc(C(C)(C)C)cc3)o2)nc1C,337.42,4.62,61.04,0,5,4,3,1,<rdkit.Chem.rdchem.Mol object at 0x000001CB27447BC0>,False,False
TRZ00260,Cc1nnc(Cc2nnc(N)s2)nc1C,222.28,0.51,90.47,1,7,2,2,1,<rdkit.Chem.rdchem.Mol object at 0x000001CB27447C30>,False,False
TRZ00261,COc1ccc(-c2c(-c3ccc(OCc4nnc(C)c(C)n4)cc3O)n[nH]c2C)cc1,417.47,4.15,106.04,2,7,6,4,1,<rdkit.Chem.rdchem.Mol object at 0x000001CB27447CA0>,False,False
TRZ00262,Cc1nnc(-c2csc(-c3cccc(C(F)(F)F)c3)n2)nc1C,336.34,4.3,51.56,0,5,2,3,1,<rdkit.Chem.rdchem.Mol object at 0x000001CB27447D10>,False,False
TRZ00263,CCOC(=O)c1c2ccc(OCc3nnc(C)c(C)n3)cc2n2ccccc12,376.42,3.65,78.61,0,6,5,4,1,<rdkit.Chem.rdchem.Mol object at 0x000001CB27447D80>,False,False
TRZ00264,Cc1cc(C(F)(F)F)n(-c2nc(-c3nnc(C)c(C)n3)cs2)n1,340.33,3.12,69.38,0,6,2,3,1,<rdkit.Chem.rdchem.Mol object at 0x000001CB27447DF0>,False,False
TRZ00265,COc1ccc(OC)c(NC(=O)N[C@H](Cc2ccccc2)c2nnc(C)c(C)n2)c1,407.47,3.61,98.26,2,6,7,3,1,<rdkit.Chem.rdchem.Mol object at 0x000001CB27447E60>,False,False
TRZ00266,Cc1nnc(C(=O)Nc2ccc(O)cc2)nc1C,244.25,1.45,88.0,2,5,2,2,1,<rdkit.Chem.rdchem.Mol object at 0x000001CB27447ED0>,False,False
TRZ00267,CSc1ccc(/C=C(\NC(=O)c2ccccc2)c2nnc(C)c(C)n2)cc1,376.49,4.14,67.77,1,5,5,3,1,<rdkit.Chem.rdchem.Mol object at 0x000001CB27447F40>,False,False
TRZ00268,Cc1nnc([C@H](Cc2ccccc2)NC(=O)NCCc2ccccc2)nc1C,375.48,3.31,79.8,2,4,7,3,1,<rdkit.Chem.rdchem.Mol object at 0x000001CB27448040>,False,False
TRZ00269,Cc1nnc(-c2sc(-c3ccc(Cl)cc3)cc2N)nc1C,316.82,4.12,64.69,1,5,2,3,1,<rdkit.Chem.rdchem.Mol object at 0x000001CB274480B0>,False,False
TRZ00270,Cc1nnc(CSc2ncc(-c3ccccc3)[nH]2)nc1C,297.39,3.17,67.35,1,5,4,3,1,<rdkit.Chem.rdchem.Mol object at 0x000001CB27448120>,False,False
TRZ00271,Cc1nnc(-c2ccc(-n3c(C)ccc3C)s2)nc1C,284.39,3.62,43.6,0,4,2,3,1,<rdkit.Chem.rdchem.Mol object at 0x000001CB27448190>,False,False
TRZ00272,Cc1nnc(-c2ccc(CSc3nc4ccccc4[nH]3)cc2)nc1C,347.45,4.32,67.35,1,5,4,4,1,<rdkit.Chem.rdchem.Mol object at 0x000001CB27448200>,False,False
TRZ00273,Cc1nnc(-c2ccccc2OCCOc2ccccc2)nc1C,321.38,3.61,57.13,0,5,6,3,1,<rdkit.Chem.rdchem.Mol object at 0x000001CB27448270>,False,False
TRZ00274,CCN(CC)CCNS(=O)(=O)c1ccc(-c2nnc(C)c(C)n2)cc1,363.49,1.78,88.08,1,6,8,2,1,<rdkit.Chem.rdchem.Mol object at 0x000001CB274482E0>,False,False
TRZ00275,Cc1cc(Br)c(OCc2nnc(C)c(C)n2)c2c1CCC2,348.24,3.63,47.9,0,4,3,2,1,<rdkit.Chem.rdchem.Mol object at 0x000001CB27448350>,False,False
TRZ00276,Cc1nnc(-c2ncoc2-c2ccc(Cl)cc2)nc1C,286.72,3.46,64.7,0,5,2,3,1,<rdkit.Chem.rdchem.Mol object at 0x000001CB274483C0>,False,False
TRZ00278,Cc1nnc(-c2ccc(Oc3cc(Cl)cc(Cl)c3)o2)nc1C,336.18,4.85,61.04,0,5,3,3,1,<rdkit.Chem.rdchem.Mol object at 0x000001CB27448430>,False,False
TRZ00279,Cc1cc(-c2nc(C)c(-c3nnc(C)c(C)n3)s2)no1,287.35,2.88,77.59,0,7,2,3,1,<rdkit.Chem.rdchem.Mol object at 0x000001CB274484A0>,False,False
TRZ00280,Cc1nnc(-c2cccn(Cc3ccc(Cl)cc3Cl)c2=O)nc1C,361.23,3.67,60.67,0,4,3,3,1,<rdkit.Chem.rdchem.Mol object at 0x000001CB27448510>,False,False
TRZ00281,Cc1nnc(-c2cnn(-c3ccccc3)c2-n2cccc2)nc1C,316.37,3.13,61.42,0,4,3,4,1,<rdkit.Chem.rdchem.Mol object at 0x000001CB27448580>,False,False
TRZ00282,Cc1nnc(-c2cc(C(C)(C)C)nn2Cc2ccc(F)cc2)nc1C,339.42,3.84,56.49,0,4,3,3,1,<rdkit.Chem.rdchem.Mol object at 0x000001CB274485F0>,False,False
TRZ00283,Cc1nnc(CC2NCCN(Cc3ccccc3)C2=O)nc1C,311.39,1.03,71.01,1,5,4,2,1,<rdkit.Chem.rdchem.Mol object at 0x000001CB27448660>,False,False
TRZ00284,Cc1csc(-c2nnc(C)c(C)n2)c1N(C)C,248.35,2.59,41.91,0,5,2,2,1,<rdkit.Chem.rdchem.Mol object at 0x000001CB274486D0>,False,False
TRZ00285,Cc1nnc(-c2oc3nc(-c4ccco4)cc(-c4ccco4)c3c2N)nc1C,373.37,4.4,117.0,1,8,3,5,1,<rdkit.Chem.rdchem.Mol object at 0x000001CB27448740>,False,False
TRZ00286,Cc1nnc(-c2oc3nc(-c4ccccc4)cc(-c4ccco4)c3c2N)nc1C,383.41,4.81,103.86,1,7,3,5,1,<rdkit.Chem.rdchem.Mol object at 0x000001CB274487B0>,False,False
TRZ00287,Cc1nnc(-c2scc(S(=O)(=O)C(C)C)c2Cl)nc1C,331.85,3.05,72.81,0,6,3,2,1,<rdkit.Chem.rdchem.Mol object at 0x000001CB27448820>,False,False
TRZ00288,Cc1nnc(CSCc2nc(-c3ccc(Cl)cc3)cs2)nc1C,362.91,4.7,51.56,0,6,5,3,1,<rdkit.Chem.rdchem.Mol object at 0x000001CB27448890>,False,False
TRZ00289,Cc1nnc(CSCc2nc(-c3ccccc3)cs2)nc1C,328.47,4.05,51.56,0,6,5,3,1,<rdkit.Chem.rdchem.Mol object at 0x000001CB27448900>,False,False
TRZ00290,Cc1nnc(-c2cc3cc(OC(F)(F)F)ccc3[nH]2)nc1C,308.26,3.54,63.69,1,4,2,3,1,<rdkit.Chem.rdchem.Mol object at 0x000001CB27448970>,False,False
TRZ00291,Cc1nnc(CCN(Cc2ccco2)S(=O)(=O)c2ccc(Cl)cc2)nc1C,406.9,3.17,89.19,0,6,7,3,1,<rdkit.Chem.rdchem.Mol object at 0x000001CB274489E0>,False,False
TRZ00292,Cc1nnc(-c2cc(C34CC5CC(CC(C5)C3)C4)[nH]n2)nc1C,309.42,3.35,67.35,1,4,2,2,1,<rdkit.Chem.rdchem.Mol object at 0x000001CB27448A50>,False,False
TRZ00293,CCC(C)(C)C1CCc2[nH]nc(-c3nnc(C)c(C)n3)c2C1,299.42,3.42,67.35,1,4,3,2,1,<rdkit.Chem.rdchem.Mol object at 0x000001CB27448AC0>,False,False
TRZ00294,Cc1nnc(-c2ccc3c(c2)NC(=O)C(C)(C)O3)nc1C,284.32,2.26,77.0,1,5,1,2,1,<rdkit.Chem.rdchem.Mol object at 0x000001CB27448B30>,False,False
TRZ00295,Cc1nnc(-c2ccc(Cn3nc([N+](=O)[O-])c(Cl)c3C)o2)nc1C,348.75,2.86,112.77,0,7,4,3,1,<rdkit.Chem.rdchem.Mol object at 0x000001CB27448BA0>,False,False
TRZ00296,Cc1nnc(-c2ccc(COc3cccc4ccccc34)o2)nc1C,331.38,4.48,61.04,0,5,4,4,1,<rdkit.Chem.rdchem.Mol object at 0x000001CB27448C10>,False,False
TRZ00297,Cc1nnc(-c2ccc(OCC3CC(c4ccc(Cl)cc4)=NO3)cc2)nc1C,394.86,4.38,69.49,0,6,5,3,1,<rdkit.Chem.rdchem.Mol object at 0x000001CB27448C80>,False,False
TRZ00298,Cc1nnc(C2COc3cc4ccccc4cc3O2)nc1C,293.33,3.15,57.13,0,5,1,3,1,<rdkit.Chem.rdchem.Mol object at 0x000001CB27448CF0>,False,False
TRZ00299,Cc1nnc(Cn2c(-c3ccccc3)cc3ccccc32)nc1C,314.39,4.16,43.6,0,3,3,4,1,<rdkit.Chem.rdchem.Mol object at 0x000001CB27448D60>,False,False
TRZ00300,Cc1nnc(C(C)Nc2ccc(Cl)cc2)nc1C,262.74,3.31,50.7,1,4,3,2,1,<rdkit.Chem.rdchem.Mol object at 0x000001CB27448DD0>,False,False
TRZ00301,COc1ccc2c(c1)CCC/C2=N\Nc1nc(-c2nnc(C)c(C)n2)cs1,380.48,3.77,85.18,1,8,4,3,1,<rdkit.Chem.rdchem.Mol object at 0x000001CB27448E40>,False,False
TRZ00303,Cc1nnc(-c2ccc(N3CCCCCC3)c([N+](=O)[O-])c2)nc1C,327.39,3.44,85.05,0,6,3,2,1,<rdkit.Chem.rdchem.Mol object at 0x000001CB27448EB0>,False,False
TRZ00304,Cc1nnc(-c2c(O)c3cccc4c3n(c2=O)CCC4)nc1C,308.34,2.12,80.9,1,5,1,3,1,<rdkit.Chem.rdchem.Mol object at 0x000001CB27448F20>,False,False
TRZ00305,Cc1nnc(CO/N=C/c2cc(C(C)(C)C)c(O)c(C(C)(C)C)c2)nc1C,370.5,4.34,80.49,1,6,4,2,1,<rdkit.Chem.rdchem.Mol object at 0x000001CB27448F90>,False,False
TRZ00306,COc1ccc(-c2cn[nH]c2-c2ccc(OCc3nnc(C)c(C)n3)cc2O)cc1,403.44,3.84,106.04,2,7,6,4,1,<rdkit.Chem.rdchem.Mol object at 0x000001CB27449000>,False,False
TRZ00307,Cc1nnc(CNc2ccccc2Cl)nc1C,248.72,2.75,50.7,1,4,3,2,1,<rdkit.Chem.rdchem.Mol object at 0x000001CB27449070>,False,False
TRZ00308,Cc1nnc(-c2nc(N(C)C)nc(N(C)C)n2)nc1C,274.33,0.47,83.82,0,8,3,2,1,<rdkit.Chem.rdchem.Mol object at 0x000001CB274490E0>,False,False
TRZ00309,Cc1nnc(-c2ccc(Cn3cc(Cl)cn3)cc2)nc1C,299.77,3.05,56.49,0,4,3,3,1,<rdkit.Chem.rdchem.Mol object at 0x000001CB27449150>,False,False
TRZ00310,CCCn1c(=O)c2[nH]c(-c3ccc(OCc4nnc(C)c(C)n4)cc3)nc2n(CCC)c1=O,449.52,2.75,120.58,1,7,8,4,1,<rdkit.Chem.rdchem.Mol object at 0x000001CB274491C0>,False,False
TRZ00311,Cc1nnc(Cn2c(-c3nonc3N)nc3ccccc32)nc1C,322.33,1.52,121.43,1,8,3,4,1,<rdkit.Chem.rdchem.Mol object at 0x000001CB27449230>,False,False
TRZ00312,CCOc1ccc(-c2cc(-c3nnc(C)c(C)n3)[nH]n2)cc1,295.35,2.94,76.58,1,5,4,3,1,<rdkit.Chem.rdchem.Mol object at 0x000001CB274492A0>,False,False
TRZ00313,COc1ccc(-c2cc(-c3nnc(C)c(C)n3)[nH]n2)cc1,281.32,2.55,76.58,1,5,3,3,1,<rdkit.Chem.rdchem.Mol object at 0x000001CB27449310>,False,False
TRZ00314,Cc1nnc(-c2ccc(COc3ccc4ccccc4c3)cc2)nc1C,341.41,4.89,47.9,0,4,4,4,1,<rdkit.Chem.rdchem.Mol object at 0x000001CB27449380>,False,False
TRZ00315,Cc1nnc(-c2cccc(COc3ccccc3Br)c2)nc1C,370.25,4.5,47.9,0,4,4,3,1,<rdkit.Chem.rdchem.Mol object at 0x000001CB274493F0>,False,False
TRZ00316,COc1ccc(OCc2cccc(-c3nnc(C)c(C)n3)c2)cc1,321.38,3.74,57.13,0,5,5,3,1,<rdkit.Chem.rdchem.Mol object at 0x000001CB27449460>,False,False
TRZ00317,Cc1nnc(-c2cccc(COc3cccc(Br)c3)c2)nc1C,370.25,4.5,47.9,0,4,4,3,1,<rdkit.Chem.rdchem.Mol object at 0x000001CB274494D0>,False,False
TRZ00318,Cc1nnc(-c2ccc(COc3ccc4c(c3)CCC4)cc2)nc1C,331.42,4.22,47.9,0,4,4,3,1,<rdkit.Chem.rdchem.Mol object at 0x000001CB27449540>,False,False
TRZ00319,COc1ccc2nc(SCc3nnc(C)c(C)n3)cc(C)c2c1,326.43,3.65,60.79,0,6,4,3,1,<rdkit.Chem.rdchem.Mol object at 0x000001CB274495B0>,False,False
TRZ00320,Cc1nnc(/C(=C\c2cccs2)NC(=O)c2ccccc2)nc1C,336.42,3.48,67.77,1,5,4,3,1,<rdkit.Chem.rdchem.Mol object at 0x000001CB27449620>,False,False
TRZ00321,CC1=Nc2ccc(Br)cc2C(c2ccccc2)N1Cc1nnc(C)c(C)n1,422.33,4.91,54.27,0,5,3,3,1,<rdkit.Chem.rdchem.Mol object at 0x000001CB27449690>,False,False
TRZ00322,Cc1nnc(CN2C(=O)Nc3ccc(Br)cc3C2c2ccccc2)nc1C,424.3,4.39,71.01,1,4,3,3,1,<rdkit.Chem.rdchem.Mol object at 0x000001CB27449700>,False,False
TRZ00324,Cc1nnc(CNc2cccc(Br)c2)nc1C,293.17,2.86,50.7,1,4,3,2,1,<rdkit.Chem.rdchem.Mol object at 0x000001CB27449770>,False,False
TRZ00325,CCn1cc(-c2nnc(C)c(C)n2)c(=O)c2cc(F)c(NC3CCCCC3)cc21,395.48,4.37,72.7,1,5,4,3,1,<rdkit.Chem.rdchem.Mol object at 0x000001CB274497E0>,False,False
TRZ00326,Cc1nnc(COc2ccccc2[N+](=O)[O-])nc1C,260.25,1.98,91.04,0,6,4,2,1,<rdkit.Chem.rdchem.Mol object at 0x000001CB27449850>,False,False
TRZ00327,Cc1nnc(-c2cc(-c3ccc(Cl)cc3Cl)n[nH]2)nc1C,320.18,3.85,67.35,1,4,2,3,1,<rdkit.Chem.rdchem.Mol object at 0x000001CB274498C0>,False,False
TRZ00328,Cc1ccc(COc2ccc(-c3nnc(C)c(C)n3)cc2)cc1,305.38,4.04,47.9,0,4,4,3,1,<rdkit.Chem.rdchem.Mol object at 0x000001CB27449930>,False,False
TRZ00329,Cc1nnc(-c2sccc2OCc2ccc(Cl)cc2)nc1C,331.83,4.45,47.9,0,5,4,3,1,<rdkit.Chem.rdchem.Mol object at 0x000001CB274499A0>,False,False
TRZ00330,Cc1nnc(-c2cc3c(ccc4ccccc43)o2)nc1C,275.31,4.05,51.81,0,4,1,4,1,<rdkit.Chem.rdchem.Mol object at 0x000001CB27449A10>,False,False
TRZ00331,Cc1nnc(C2CC2c2ccccc2)nc1C,225.3,2.76,38.67,0,3,2,2,1,<rdkit.Chem.rdchem.Mol object at 0x000001CB27449A80>,False,False
TRZ00334,Cc1nnc(-c2ccc(N3CCN(c4ccc(-c5nnc(C)c(C)n5)cc4)CC3)cc2)nc1C,452.57,3.95,83.82,0,8,4,4,2,<rdkit.Chem.rdchem.Mol object at 0x000001CB27449AF0>,False,False
TRZ00335,Cc1nnc(/C=C/c2ccc(Cl)cc2Cl)nc1C,280.16,3.97,38.67,0,3,2,2,1,<rdkit.Chem.rdchem.Mol object at 0x000001CB27449B60>,False,False
TRZ00336,Cc1nnc(Cc2c(C)n(Cc3cccc(Cl)c3)c3ccc(C(=O)O)cc23)nc1C,420.9,4.74,80.9,1,4,5,4,1,<rdkit.Chem.rdchem.Mol object at 0x000001CB27449BD0>,False,False
TRZ00338,COc1ccc2c(c1)c(Cc1nnc(C)c(C)n1)c(Br)n2Cc1ccccc1,437.34,4.85,52.83,0,4,5,4,1,<rdkit.Chem.rdchem.Mol object at 0x000001CB27449C40>,False,False
TRZ00339,COc1ccc2c(c1)c(Cc1nnc(C)c(C)n1)c(Cl)n2Cc1ccccc1,392.89,4.74,52.83,0,4,5,4,1,<rdkit.Chem.rdchem.Mol object at 0x000001CB27449CB0>,False,False
TRZ00340,COc1ccc2c(c1)c(Cc1nnc(C)c(C)n1)c(SC)n2Cc1ccccc1,404.54,4.81,52.83,0,5,6,4,1,<rdkit.Chem.rdchem.Mol object at 0x000001CB27449D20>,False,False
TRZ00342,CCc1c(Cc2nnc(C)c(C)n2)c2cc(OC)ccc2n1Cc1ccccc1,386.5,4.65,52.83,0,4,6,4,1,<rdkit.Chem.rdchem.Mol object at 0x000001CB27449D90>,False,False
TRZ00343,COc1cccc2c1c(Cc1nnc(C)c(C)n1)c(C)n2Cc1ccccc1,372.47,4.4,52.83,0,4,5,4,1,<rdkit.Chem.rdchem.Mol object at 0x000001CB27449E00>,False,False
TRZ00346,COc1ccc2c(c1)c(Cc1nnc(C)c(C)n1)c(C)n2Cc1ccccc1,372.47,4.4,52.83,0,4,5,4,1,<rdkit.Chem.rdchem.Mol object at 0x000001CB27449E70>,False,False
TRZ00347,COc1ccc2c(c1)c(Cc1nnc(C)c(C)n1)c(C1CC1)n2Cc1ccccc1,398.51,4.97,52.83,0,4,6,4,1,<rdkit.Chem.rdchem.Mol object at 0x000001CB27449EE0>,False,False
TRZ00348,Cc1nnc(COc2cccc3c2c(CC(N)=O)c(C)n3Cc2ccccc2)nc1C,415.5,3.41,95.92,1,5,7,4,1,<rdkit.Chem.rdchem.Mol object at 0x000001CB27449F50>,False,False
TRZ00352,Cc1ccc(C(=O)NC2CC2)cc1-c1ccc(-c2nnc(C)c(C)n2)cc1,358.45,4.02,67.77,1,4,4,3,1,<rdkit.Chem.rdchem.Mol object at 0x000001CB27449FC0>,False,False
TRZ00353,Cc1nnc(Cc2cc(=O)oc3cc(OCc4ccccc4)ccc23)nc1C,373.41,3.76,78.11,0,6,5,4,1,<rdkit.Chem.rdchem.Mol object at 0x000001CB2744A030>,False,False
TRZ00354,Cc1nnc(Cc2cc(=O)oc3cc(OCc4cccc(Cl)c4)ccc23)nc1C,407.86,4.42,78.11,0,6,5,4,1,<rdkit.Chem.rdchem.Mol object at 0x000001CB2744A0A0>,False,False
TRZ00355,CCc1c(-c2nnc(C)c(C)n2)ncc2[nH]c3cc(OC)c(OC)cc3c12,363.42,3.76,85.81,1,6,4,4,1,<rdkit.Chem.rdchem.Mol object at 0x000001CB2744A110>,False,False
TRZ00356,Cc1nnc(-c2c(N)ncnc2Nc2ccc(OCc3ccccc3)c(Cl)c2)nc1C,433.9,4.5,111.73,2,8,6,4,1,<rdkit.Chem.rdchem.Mol object at 0x000001CB2744A180>,False,False
TRZ00358,Cc1nnc(C2=C(O)c3ccccc3S(=O)(=O)N2C)nc1C,318.36,1.51,96.28,1,6,1,2,1,<rdkit.Chem.rdchem.Mol object at 0x000001CB2744A260>,False,False
TRZ00360,Cc1nnc(C(C)(C)NC(=O)c2cc3c(n(CC4CCCCC4)c2=O)CCCCCC3)nc1C,465.64,4.55,89.77,1,5,5,2,1,<rdkit.Chem.rdchem.Mol object at 0x000001CB2744A2D0>,False,False
TRZ00363,COc1ccc(N(C)c2nc(C)nc3ccccc23)cc1OC1(c2nnc(C)c(C)n2)CCC1,456.55,4.97,86.15,0,8,6,4,1,<rdkit.Chem.rdchem.Mol object at 0x000001CB2744A340>,False,False
TRZ00367,COc1ccc(N(C)c2nc(C)nc3ccccc23)cc1OC(C)(C)c1nnc(C)c(C)n1,444.54,4.83,86.15,0,8,6,4,1,<rdkit.Chem.rdchem.Mol object at 0x000001CB2744A3B0>,False,False
TRZ00368,COc1ccc(N(C)c2nc(C)nc3ccccc23)cc1OC(C)c1nnc(C)c(C)n1,430.51,4.66,86.15,0,8,6,4,1,<rdkit.Chem.rdchem.Mol object at 0x000001CB2744A420>,False,False
TRZ00369,COc1ccc(-c2c(CN3CCOCC3)nc3scc(-c4nnc(C)c(C)n4)n23)cc1,436.54,3.37,77.67,0,8,5,4,1,<rdkit.Chem.rdchem.Mol object at 0x000001CB2744A490>,False,False
TRZ00370,Cc1nnc(CC(=O)NC2(Cc3ccc(O)cc3)CCCCC2)nc1C,354.45,2.8,88.0,2,5,5,2,1,<rdkit.Chem.rdchem.Mol object at 0x000001CB2744A500>,False,False
TRZ00371,Cc1ccc(C)c(OCc2ccc(-c3nnc(C)c(C)n3)o2)c1,309.37,3.94,61.04,0,5,4,3,1,<rdkit.Chem.rdchem.Mol object at 0x000001CB2744A570>,False,False
TRZ00372,Cc1nnc(-c2c(Cl)c(C)nn2C)nc1C,237.69,1.85,56.49,0,4,1,2,1,<rdkit.Chem.rdchem.Mol object at 0x000001CB2744A5E0>,False,False
TRZ00373,CCOC(=O)c1cc(-c2nnc(C)c(C)n2)c(=O)[nH]c1C,288.31,1.33,97.83,1,6,3,2,1,<rdkit.Chem.rdchem.Mol object at 0x000001CB2744A650>,False,False
TRZ00374,Cc1ccc(OCc2ccc(-c3nnc(C)c(C)n3)o2)cc1C,309.37,3.94,61.04,0,5,4,3,1,<rdkit.Chem.rdchem.Mol object at 0x000001CB2744A6C0>,False,False
TRZ00375,Cc1ccc(OCc2ccc(-c3nnc(C)c(C)n3)o2)c([N+](=O)[O-])c1,340.34,3.54,104.18,0,7,5,3,1,<rdkit.Chem.rdchem.Mol object at 0x000001CB2744A730>,False,False
TRZ00376,Cc1nnc(-c2ccc(COc3ccc(Br)cc3)o2)nc1C,360.21,4.09,61.04,0,5,4,3,1,<rdkit.Chem.rdchem.Mol object at 0x000001CB2744A7A0>,False,False
TRZ00377,Cc1nnc(-c2ccc(Cn3nc(C)c(Cl)c3C)cc2)nc1C,327.82,3.67,56.49,0,4,3,3,1,<rdkit.Chem.rdchem.Mol object at 0x000001CB2744A810>,False,False
TRZ00378,Cc1nnc(-c2ccc(Cn3cc(Br)cn3)o2)nc1C,334.18,2.76,69.63,0,5,3,3,1,<rdkit.Chem.rdchem.Mol object at 0x000001CB2744A880>,False,False
TRZ00379,Cc1nnc(-c2n[nH]c(=O)c3ccccc23)nc1C,253.27,1.39,84.42,1,5,1,3,1,<rdkit.Chem.rdchem.Mol object at 0x000001CB2744A8F0>,False,False
TRZ00380,Cc1nnc(-c2ccc(Cn3cc(Cl)cn3)o2)nc1C,289.73,2.65,69.63,0,5,3,3,1,<rdkit.Chem.rdchem.Mol object at 0x000001CB2744A960>,False,False
TRZ00381,Cc1cc(SCc2nnc(C)c(C)n2)c2cc(Br)ccc2n1,375.3,4.4,51.56,0,5,3,3,1,<rdkit.Chem.rdchem.Mol object at 0x000001CB2744A9D0>,False,False
TRZ00382,COc1ccc2c(N)c(-c3nnc(C)c(C)n3)[nH]c2c1,269.31,2.23,89.71,2,5,2,3,1,<rdkit.Chem.rdchem.Mol object at 0x000001CB2744AA40>,False,False
TRZ00383,CCCc1ccc(OCc2ccc(-c3nnc(C)c(C)n3)o2)c(OC)c1,353.42,4.29,70.27,0,6,7,3,1,<rdkit.Chem.rdchem.Mol object at 0x000001CB2744AAB0>,False,False
TRZ00384,Cc1nnc(-c2nn(-c3ccc(F)cc3)c(=O)c(C#N)c2C)nc1C,336.33,2.02,97.35,0,6,2,3,1,<rdkit.Chem.rdchem.Mol object at 0x000001CB2744AB20>,False,False
TRZ00385,Cc1nnc(-c2snnc2-c2ccccc2)nc1C,269.33,2.67,64.45,0,6,2,3,1,<rdkit.Chem.rdchem.Mol object at 0x000001CB2744AB90>,False,False
TRZ00386,COc1ccc2c3c([nH]c2c1)C(C)N(CCc1nnc(C)c(C)n1)CC3,351.45,3.14,66.93,1,5,4,3,1,<rdkit.Chem.rdchem.Mol object at 0x000001CB2744AC00>,False,False
TRZ00387,Cc1nnc(-c2ccc(COCC(F)(F)F)cc2)nc1C,297.28,3.23,47.9,0,4,4,2,1,<rdkit.Chem.rdchem.Mol object at 0x000001CB2744AC70>,False,False
TRZ00388,Cc1nnc(C(Cc2cnc[nH]2)NC(=O)OCc2ccccc2)nc1C,352.4,2.42,105.68,2,6,6,3,1,<rdkit.Chem.rdchem.Mol object at 0x000001CB2744ACE0>,False,False
TRZ00389,Cc1nnc(CNc2cccc(Cl)c2)nc1C,248.72,2.75,50.7,1,4,3,2,1,<rdkit.Chem.rdchem.Mol object at 0x000001CB2744AD50>,False,False
TRZ00390,Cc1cc(-c2nnc(C)c(C)n2)ccn1,200.25,1.86,51.56,0,4,1,2,1,<rdkit.Chem.rdchem.Mol object at 0x000001CB2744ADC0>,False,False
TRZ00391,Cc1nnc(-c2ccnc(F)c2)nc1C,204.21,1.69,51.56,0,4,1,2,1,<rdkit.Chem.rdchem.Mol object at 0x000001CB2744AE30>,False,False
TRZ00394,Cc1nnc(CSc2nnnn2-c2ccccc2)nc1C,299.36,1.76,82.27,0,7,4,3,1,<rdkit.Chem.rdchem.Mol object at 0x000001CB2744AEA0>,False,False
TRZ00395,Cc1nnc(C2c3ccccc3Oc3ccccc32)nc1C,289.34,3.77,47.9,0,4,1,3,1,<rdkit.Chem.rdchem.Mol object at 0x000001CB2744AF10>,False,False
TRZ00396,Cc1nnc(-c2sc(-c3ccccc3)nc2C)nc1C,282.37,3.59,51.56,0,5,2,3,1,<rdkit.Chem.rdchem.Mol object at 0x000001CB2744AF80>,False,False
TRZ00397,COc1cccc(Oc2cn[nH]c2-c2ccc(OCc3nnc(C)c(C)n3)cc2O)c1,419.44,3.96,115.27,2,8,7,4,1,<rdkit.Chem.rdchem.Mol object at 0x000001CB2744AFF0>,False,False
TRZ00398,Cc1nnc(-c2sc(-c3ccccc3)cc2N)nc1C,282.37,3.47,64.69,1,5,2,3,1,<rdkit.Chem.rdchem.Mol object at 0x000001CB2744B060>,False,False
TRZ00399,Cc1nnc(-c2sc(-c3cccs3)nc2C)nc1C,288.4,3.65,51.56,0,6,2,3,1,<rdkit.Chem.rdchem.Mol object at 0x000001CB2744B0D0>,False,False
TRZ00400,Cc1ccc(C23CC4CC(C2)CC(c2nnc(C)c(C)n2)(C4)C3)cc1,333.48,4.59,38.67,0,3,2,2,1,<rdkit.Chem.rdchem.Mol object at 0x000001CB2744B140>,False,False
TRZ00401,CC(=O)NC(Cc1ccc(O)cc1)c1nnc(C)c(C)n1,286.34,1.61,88.0,2,5,4,2,1,<rdkit.Chem.rdchem.Mol object at 0x000001CB2744B1B0>,False,False
TRZ00402,Cc1nnc(-c2cc(C(=O)c3ccc(Cl)cc3Cl)cn2C)nc1C,361.23,4.03,60.67,0,4,3,3,1,<rdkit.Chem.rdchem.Mol object at 0x000001CB2744B220>,False,False
TRZ00403,Cc1nnc(C(C)Nc2ccc(Cl)c(Cl)c2)nc1C,297.19,3.97,50.7,1,4,3,2,1,<rdkit.Chem.rdchem.Mol object at 0x000001CB2744B290>,False,False
TRZ00404,Cc1nnc([C@@H](N)Cc2cnc[nH]2)nc1C,218.26,0.45,93.37,2,5,3,2,1,<rdkit.Chem.rdchem.Mol object at 0x000001CB2744B300>,False,False
TRZ00405,Cc1nnc(-c2ccc3[nH]c4c(c3c2)CN(C)CC4)nc1C,293.37,2.62,57.7,1,4,1,3,1,<rdkit.Chem.rdchem.Mol object at 0x000001CB2744B370>,False,False
TRZ00406,Cc1nnc(Cn2c(C)nc3ccccc32)nc1C,253.31,2.19,56.49,0,4,2,3,1,<rdkit.Chem.rdchem.Mol object at 0x000001CB2744B3E0>,False,False
TRZ00407,COc1ccc2c(Cl)c(-c3nnc(C)c(C)n3)sc2c1,305.79,4.03,47.9,0,5,2,3,1,<rdkit.Chem.rdchem.Mol object at 0x000001CB2744B450>,False,False
TRZ00408,Cc1nnc(COc2ccccc2F)nc1C,233.25,2.21,47.9,0,4,3,2,1,<rdkit.Chem.rdchem.Mol object at 0x000001CB2744B4C0>,False,False
TRZ00411,Cc1nnc(COc2cccc(C(F)(F)F)c2)nc1C,283.25,3.09,47.9,0,4,3,2,1,<rdkit.Chem.rdchem.Mol object at 0x000001CB2744B530>,False,False
TRZ00412,Cc1nnc(-c2cc3c([nH]c4ccccc43)c(-c3ccccc3)n2)nc1C,351.41,4.85,67.35,1,4,2,5,1,<rdkit.Chem.rdchem.Mol object at 0x000001CB2744B5A0>,False,False
TRZ00413,Cc1nnc(Cc2c(C)n(Cc3ccccc3)c3ccccc23)nc1C,342.45,4.39,43.6,0,3,4,4,1,<rdkit.Chem.rdchem.Mol object at 0x000001CB2744B610>,False,False
TRZ00414,Cc1nnc(-c2nc3ccccc3[nH]2)nc1C,225.26,2.03,67.35,1,4,1,3,1,<rdkit.Chem.rdchem.Mol object at 0x000001CB2744B680>,False,False
TRZ00415,Cc1nnc(-c2cccc(C(F)(F)F)n2)nc1C,254.21,2.57,51.56,0,4,1,2,1,<rdkit.Chem.rdchem.Mol object at 0x000001CB2744B6F0>,False,False
TRZ00416,CCn1c(=O)c(-c2nnc(C)c(C)n2)c(O)c2ccccc21,296.33,2.2,80.9,1,5,2,3,1,<rdkit.Chem.rdchem.Mol object at 0x000001CB2744B760>,False,False
TRZ00417,Cc1nnc(Cc2ccc(Br)cc2)nc1C,278.15,2.84,38.67,0,3,2,2,1,<rdkit.Chem.rdchem.Mol object at 0x000001CB2744B7D0>,False,False
TRZ00418,Cc1nnc(CC(c2ccccc2)c2ccccc2)nc1C,289.38,3.86,38.67,0,3,4,3,1,<rdkit.Chem.rdchem.Mol object at 0x000001CB2744B840>,False,False
TRZ00419,Cc1nnc(Cc2nc3ccccc3n2C)nc1C,253.31,1.97,56.49,0,4,2,3,1,<rdkit.Chem.rdchem.Mol object at 0x000001CB2744B8B0>,False,False
TRZ00420,Cc1nnc(-c2ccc(-n3cnnn3)cc2)nc1C,253.27,1.13,82.27,0,6,2,3,1,<rdkit.Chem.rdchem.Mol object at 0x000001CB2744B920>,False,False
TRZ00421,CC1=C(c2nnc(C)c(C)n2)Sc2ccccc2N1,270.36,3.39,50.7,1,5,1,2,1,<rdkit.Chem.rdchem.Mol object at 0x000001CB2744B990>,False,False
TRZ00422,Cc1nnc(-c2cc3c(s2)CCCCC3)nc1C,259.38,3.49,38.67,0,4,1,2,1,<rdkit.Chem.rdchem.Mol object at 0x000001CB2744BA00>,False,False
TRZ00423,Cc1nnc(Cc2cccs2)nc1C,205.29,2.14,38.67,0,4,2,2,1,<rdkit.Chem.rdchem.Mol object at 0x000001CB2744BA70>,False,False
TRZ00424,Cc1nc(-c2nnc(C)c(C)n2)co1,190.21,1.45,64.7,0,5,1,2,1,<rdkit.Chem.rdchem.Mol object at 0x000001CB2744BAE0>,False,False
TRZ00425,Cc1nnc(-c2ccc(C(=O)O)cc2)nc1C,229.24,1.85,75.97,1,4,2,2,1,<rdkit.Chem.rdchem.Mol object at 0x000001CB2744BB50>,False,False
TRZ00426,Cc1nnc(CNc2ccccc2F)nc1C,232.26,2.24,50.7,1,4,3,2,1,<rdkit.Chem.rdchem.Mol object at 0x000001CB2744BBC0>,False,False
TRZ00427,Cc1ccc(NCc2nnc(C)c(C)n2)cc1,228.3,2.41,50.7,1,4,3,2,1,<rdkit.Chem.rdchem.Mol object at 0x000001CB2744BC30>,False,False
TRZ00428,Cc1nnc(C(Cc2ccccc2)NC(=O)OC(C)(C)C)nc1C,328.42,3.3,77.0,1,5,4,2,1,<rdkit.Chem.rdchem.Mol object at 0x000001CB2744BCA0>,False,False
TRZ00429,Cc1nnc(Cc2nc3ccccc3[nH]2)nc1C,239.28,1.96,67.35,1,4,2,3,1,<rdkit.Chem.rdchem.Mol object at 0x000001CB2744BD10>,False,False
TRZ00430,Cc1nnc(COc2ccccc2-c2ccccc2)nc1C,291.35,3.73,47.9,0,4,4,3,1,<rdkit.Chem.rdchem.Mol object at 0x000001CB2744BD80>,False,False
TRZ00431,Cc1nnc(-c2cccc(S(=O)(=O)N3CCOCC3)c2)nc1C,334.4,1.18,85.28,0,6,3,2,1,<rdkit.Chem.rdchem.Mol object at 0x000001CB2744BDF0>,False,False
TRZ00432,Cc1nnc(-c2ccc(COc3ccccc3)o2)nc1C,281.31,3.33,61.04,0,5,4,3,1,<rdkit.Chem.rdchem.Mol object at 0x000001CB2744BE60>,False,False
TRZ00433,Cc1nnc(-c2ccc(F)c(F)c2)nc1C,221.21,2.43,38.67,0,3,1,2,1,<rdkit.Chem.rdchem.Mol object at 0x000001CB2744BED0>,False,False
TRZ00434,Cc1nnc(-c2cccn2C)nc1C,188.23,1.49,43.6,0,3,1,2,1,<rdkit.Chem.rdchem.Mol object at 0x000001CB2744BF40>,False,False
TRZ00435,COc1cccc(Cc2nnc(C)c(C)n2)c1,229.28,2.09,47.9,0,4,3,2,1,<rdkit.Chem.rdchem.Mol object at 0x000001CB2744C040>,False,False
TRZ00436,Cc1nnc(-c2ccccc2OC(F)(F)F)nc1C,269.23,3.05,47.9,0,4,2,2,1,<rdkit.Chem.rdchem.Mol object at 0x000001CB2744C0B0>,False,False
TRZ00437,Cc1nnc(COc2ccc(OC(F)(F)F)cc2)nc1C,299.25,2.97,57.13,0,5,4,2,1,<rdkit.Chem.rdchem.Mol object at 0x000001CB2744C120>,False,False
TRZ00438,Cc1csc(-c2nnc(C)c(C)n2)c1,205.29,2.53,38.67,0,4,1,2,1,<rdkit.Chem.rdchem.Mol object at 0x000001CB2744C190>,False,False
TRZ00439,Cc1cncc(-c2nnc(C)c(C)n2)c1,200.25,1.86,51.56,0,4,1,2,1,<rdkit.Chem.rdchem.Mol object at 0x000001CB2744C200>,False,False
TRZ00441,Cc1nnc(-c2cc(OCC(F)(F)F)ccc2OCC(F)(F)F)nc1C,381.28,4.04,57.13,0,5,5,2,1,<rdkit.Chem.rdchem.Mol object at 0x000001CB2744C2E0>,False,False
TRZ00442,Cc1nnc(Cn2nnc3ccccc32)nc1C,240.27,1.28,69.38,0,5,2,3,1,<rdkit.Chem.rdchem.Mol object at 0x000001CB2744C350>,False,False
TRZ00443,COc1cccc(-c2nnc(C)c(C)n2)c1O,231.25,1.87,68.13,1,5,2,2,1,<rdkit.Chem.rdchem.Mol object at 0x000001CB2744C3C0>,False,False
TRZ00444,Cc1nnc(-c2ccccc2Oc2ccccc2)nc1C,277.33,3.95,47.9,0,4,3,3,1,<rdkit.Chem.rdchem.Mol object at 0x000001CB2744C430>,False,False
TRZ00445,Cc1nnc(COc2ccc([N+](=O)[O-])cc2)nc1C,260.25,1.98,91.04,0,6,4,2,1,<rdkit.Chem.rdchem.Mol object at 0x000001CB2744C4A0>,False,False
TRZ00446,Cc1nnc(COc2ccccc2Cl)nc1C,249.7,2.72,47.9,0,4,3,2,1,<rdkit.Chem.rdchem.Mol object at 0x000001CB2744C510>,False,False
TRZ00447,Cc1nnc(-c2ccc(O)c(N)c2)nc1C,216.24,1.44,84.92,2,5,1,2,1,<rdkit.Chem.rdchem.Mol object at 0x000001CB2744C580>,False,False
TRZ00448,Cc1nnc(-c2cc(O)cc(O)c2)nc1C,217.23,1.57,79.13,2,5,1,2,1,<rdkit.Chem.rdchem.Mol object at 0x000001CB2744C5F0>,False,False
TRZ00449,Cc1nnc(-c2cccc(Oc3ccccc3)c2)nc1C,277.33,3.95,47.9,0,4,3,3,1,<rdkit.Chem.rdchem.Mol object at 0x000001CB2744C660>,False,False
TRZ00450,Cc1nnc(Cc2csc(N)n2)nc1C,221.29,1.12,77.58,1,6,2,2,1,<rdkit.Chem.rdchem.Mol object at 0x000001CB2744C6D0>,False,False
TRZ00451,Cc1nnc(-c2snnc2C)nc1C,207.26,1.32,64.45,0,6,1,2,1,<rdkit.Chem.rdchem.Mol object at 0x000001CB2744C740>,False,False
TRZ00452,Cc1nnc(-c2cccc(OCc3ccccc3)c2)nc1C,291.35,3.73,47.9,0,4,4,3,1,<rdkit.Chem.rdchem.Mol object at 0x000001CB2744C7B0>,False,False
TRZ00453,Cc1nnc(-c2cc(Cl)cc(Cl)c2)nc1C,254.12,3.46,38.67,0,3,1,2,1,<rdkit.Chem.rdchem.Mol object at 0x000001CB2744C820>,False,False
TRZ00454,Cc1nnc(-c2ccc(Cl)s2)nc1C,225.7,2.87,38.67,0,4,1,2,1,<rdkit.Chem.rdchem.Mol object at 0x000001CB2744C890>,False,False
TRZ00455,Cc1nnc(-c2cccc(C(F)(F)F)c2)nc1C,253.23,3.17,38.67,0,3,1,2,1,<rdkit.Chem.rdchem.Mol object at 0x000001CB2744C900>,False,False
TRZ00456,COc1ccc(CCc2nnc(C)c(C)n2)cc1,243.31,2.28,47.9,0,4,4,2,1,<rdkit.Chem.rdchem.Mol object at 0x000001CB2744C970>,False,False
TRZ00457,Cc1nnc(CNC(=O)c2ccc(Br)cc2)nc1C,321.18,2.18,67.77,1,4,3,2,1,<rdkit.Chem.rdchem.Mol object at 0x000001CB2744C9E0>,False,False
TRZ00458,Cc1cc(Cl)ccc1OCc1nnc(C)c(C)n1,263.73,3.03,47.9,0,4,3,2,1,<rdkit.Chem.rdchem.Mol object at 0x000001CB2744CA50>,False,False
TRZ00459,Cc1nnc(-c2ccc(C(C)C)cc2)nc1C,227.31,3.28,38.67,0,3,2,2,1,<rdkit.Chem.rdchem.Mol object at 0x000001CB2744CAC0>,False,False
TRZ00460,Cc1nnc(-c2ccccc2I)nc1C,311.13,2.76,38.67,0,3,1,2,1,<rdkit.Chem.rdchem.Mol object at 0x000001CB2744CB30>,False,False
TRZ00461,Cc1nnc(-c2cccc(I)c2)nc1C,311.13,2.76,38.67,0,3,1,2,1,<rdkit.Chem.rdchem.Mol object at 0x000001CB2744CBA0>,False,False
TRZ00462,Cc1nnc(-c2ccc([N+](=O)[O-])cc2Cl)nc1C,264.67,2.72,81.81,0,5,2,2,1,<rdkit.Chem.rdchem.Mol object at 0x000001CB2744CC10>,False,False
TRZ00463,Cc1ccc(C(=O)Nc2ccc(NC(=O)CCc3nnc(C)c(C)n3)cc2)o1,379.42,3.21,110.01,2,6,6,3,1,<rdkit.Chem.rdchem.Mol object at 0x000001CB2744CC80>,False,False
TRZ00464,Cc1nnc(Cn2c(Cc3ccc(Cl)cc3Cl)nc3ccc([N+](=O)[O-])cc32)nc1C,443.29,4.69,99.63,0,6,5,4,1,<rdkit.Chem.rdchem.Mol object at 0x000001CB2744CCF0>,False,False
TRZ00465,CC(=O)N1CCN(c2cc3c(cc2F)c(=O)c(-c2nnc(C)c(C)n2)cn3C2CC2)CC1,436.49,2.61,84.22,0,6,3,3,1,<rdkit.Chem.rdchem.Mol object at 0x000001CB2744CD60>,False,False
TRZ00466,Cc1nnc(-c2ccc(-c3ccc(Cl)cc3)o2)nc1C,285.73,4.07,51.81,0,4,2,3,1,<rdkit.Chem.rdchem.Mol object at 0x000001CB2744CDD0>,False,False
TRZ00467,Cc1nnc(CSc2ccccc2[N+](=O)[O-])nc1C,276.32,2.69,81.81,0,6,4,2,1,<rdkit.Chem.rdchem.Mol object at 0x000001CB2744CE40>,False,False
TRZ00468,Cc1nnc(CSc2ccccc2F)nc1C,249.31,2.92,38.67,0,4,3,2,1,<rdkit.Chem.rdchem.Mol object at 0x000001CB2744CEB0>,False,False
TRZ00469,Cc1nnc(CN2CCN(Cc3ccccc3)CC2)nc1C,297.41,1.81,45.15,0,5,4,2,1,<rdkit.Chem.rdchem.Mol object at 0x000001CB2744CF20>,False,False
TRZ00470,Cc1nnc(-c2cn3c4c(c(N5CCN(C)CC5)c(F)cc4c2=O)OC[C@@H]3C)nc1C,424.48,2.31,76.38,0,7,2,3,1,<rdkit.Chem.rdchem.Mol object at 0x000001CB2744CF90>,False,False
TRZ00471,Cc1nnc(CCc2ccc3ccc4ccccc4c3c2)nc1C,313.4,4.58,38.67,0,3,3,4,1,<rdkit.Chem.rdchem.Mol object at 0x000001CB2744D000>,False,False
TRZ00472,Cc1nnc(COc2nc(-c3cccs3)nc3ccc(I)cc23)nc1C,475.32,4.34,73.68,0,7,4,4,1,<rdkit.Chem.rdchem.Mol object at 0x000001CB2744D070>,False,False
TRZ00473,Cc1nnc(-c2cc3nc(-c4cccs4)cc(C(F)(F)F)n3n2)nc1C,376.37,3.95,68.86,0,6,2,4,1,<rdkit.Chem.rdchem.Mol object at 0x000001CB2744D0E0>,False,False
TRZ00474,COCc1cc(C)nc2sc(-c3nnc(C)c(C)n3)c(-n3cccc3)c12,365.46,4.01,65.72,0,6,4,4,1,<rdkit.Chem.rdchem.Mol object at 0x000001CB2744D150>,False,False
TRZ00475,Cc1nnc(-c2cc(-c3ccccc3)sc2N)nc1C,282.37,3.47,64.69,1,5,2,3,1,<rdkit.Chem.rdchem.Mol object at 0x000001CB2744D1C0>,False,False
TRZ00476,Cc1nnc([C@@H]2C[C@@H]2c2ccccc2)nc1C,225.3,2.76,38.67,0,3,2,2,1,<rdkit.Chem.rdchem.Mol object at 0x000001CB2744D230>,False,False
TRZ00477,Cc1nnc([C@H]2C[C@@H]2c2ccccc2)nc1C,225.3,2.76,38.67,0,3,2,2,1,<rdkit.Chem.rdchem.Mol object at 0x000001CB2744D2A0>,False,False
TRZ00478,Cc1nnc(CSc2cccc3cccnc23)nc1C,282.37,3.33,51.56,0,5,3,3,1,<rdkit.Chem.rdchem.Mol object at 0x000001CB2744D310>,False,False
TRZ00479,Cc1nnc(CNC(=O)c2ccccc2F)nc1C,260.27,1.56,67.77,1,4,3,2,1,<rdkit.Chem.rdchem.Mol object at 0x000001CB2744D380>,False,False
TRZ00480,CCNc1nc(NCC)nc(-c2nnc(C)c(C)n2)n1,274.33,1.2,101.4,2,8,5,2,1,<rdkit.Chem.rdchem.Mol object at 0x000001CB2744D3F0>,False,False
TRZ00481,COc1ccccc1OCc1ccc(-c2nnc(C)c(C)n2)cc1,321.38,3.74,57.13,0,5,5,3,1,<rdkit.Chem.rdchem.Mol object at 0x000001CB2744D460>,False,False
TRZ00482,Cc1nnc(-c2c(C)nc3ccc(Cl)cn23)nc1C,273.73,2.76,55.97,0,4,1,3,1,<rdkit.Chem.rdchem.Mol object at 0x000001CB2744D4D0>,False,False
TRZ00483,CCOc1ccc(-c2n[nH]c(-c3nnc(C)c(C)n3)c2C)cc1,309.37,3.25,76.58,1,5,4,3,1,<rdkit.Chem.rdchem.Mol object at 0x000001CB2744D540>,False,False
TRZ00484,Cc1nnc(CCc2nc3ccc(O)cc3[nH]2)nc1C,269.31,1.86,87.58,2,5,3,3,1,<rdkit.Chem.rdchem.Mol object at 0x000001CB2744D5B0>,False,False
TRZ00485,Cc1nnc(-c2cccc(COc3ccc4c(c3)CCC4)c2)nc1C,331.42,4.22,47.9,0,4,4,3,1,<rdkit.Chem.rdchem.Mol object at 0x000001CB2744D620>,False,False
TRZ00486,Cc1nnc(-c2cc(-c3ccc(OCC(C)C)cc3)n[nH]2)nc1C,323.4,3.58,76.58,1,5,5,3,1,<rdkit.Chem.rdchem.Mol object at 0x000001CB2744D690>,False,False
TRZ00487,Cc1nnc(-c2c(C)nn(C)c2C)nc1C,217.28,1.51,56.49,0,4,1,2,1,<rdkit.Chem.rdchem.Mol object at 0x000001CB2744D700>,False,False
TRZ00488,Cc1nnc(-c2sccc2OCc2cccc(C(F)(F)F)c2)nc1C,365.38,4.81,47.9,0,5,4,3,1,<rdkit.Chem.rdchem.Mol object at 0x000001CB2744D770>,False,False
TRZ00489,CCC(CC)C(=O)c1c[nH]c(-c2nnc(C)c(C)n2)c1,272.35,3.1,71.53,1,4,5,2,1,<rdkit.Chem.rdchem.Mol object at 0x000001CB2744D7E0>,False,False
TRZ00490,Cc1ccnc(N/C=C(/NC(=O)c2ccccc2)c2nnc(C)c(C)n2)n1,361.41,2.43,105.58,2,7,5,3,1,<rdkit.Chem.rdchem.Mol object at 0x000001CB2744D850>,False,False
TRZ00492,Cc1nnc(CNC(=O)c2ccccc2C(F)(F)F)nc1C,310.28,2.44,67.77,1,4,3,2,1,<rdkit.Chem.rdchem.Mol object at 0x000001CB2744D8C0>,False,False
TRZ00493,Cc1nnc(/C(=C\c2ccc(Br)cc2)NC(=O)c2cccs2)nc1C,415.32,4.24,67.77,1,5,4,3,1,<rdkit.Chem.rdchem.Mol object at 0x000001CB2744D930>,False,False
TRZ00494,Cc1nnc(-c2ccc(COc3cccc4cccnc34)cc2)nc1C,342.4,4.28,60.79,0,5,4,4,1,<rdkit.Chem.rdchem.Mol object at 0x000001CB2744D9A0>,False,False
TRZ00495,Cc1nnc(CCN2CCN(C(c3ccccc3)c3ccccc3)CC2)nc1C,387.53,3.44,45.15,0,5,6,3,1,<rdkit.Chem.rdchem.Mol object at 0x000001CB2744DA10>,False,False
TRZ00496,COc1ccc(-c2cc(-c3nnc(C)c(C)n3)n(-c3ccccc3)n2)cc1,357.42,4.02,65.72,0,5,4,4,1,<rdkit.Chem.rdchem.Mol object at 0x000001CB2744DA80>,False,False
TRZ00499,Cc1nnc(-c2cc3sccc3s2)nc1C,247.35,3.43,38.67,0,5,1,3,1,<rdkit.Chem.rdchem.Mol object at 0x000001CB2744DB60>,False,False
TRZ00500,COc1ccc(CCN2C(=O)C3C4CC(C5C(c6nnc(C)c(C)n6)=NOC45)C3C2=O)cc1OC,477.52,1.72,116.1,0,9,6,2,1,<rdkit.Chem.rdchem.Mol object at 0x000001CB2744DBD0>,False,False
TRZ00505,Cc1nnc(CN2C(=O)C3(OCCO3)c3ccccc32)nc1C,312.33,1.23,77.44,0,6,2,2,1,<rdkit.Chem.rdchem.Mol object at 0x000001CB2744DC40>,False,False
TRZ00506,Cc1nnc(CNC(=O)c2cccc(Br)c2)nc1C,321.18,2.18,67.77,1,4,3,2,1,<rdkit.Chem.rdchem.Mol object at 0x000001CB2744DCB0>,False,False
TRZ00507,Cc1nnc(-c2ccc3nc(-c4ccc(Br)cc4)cn3c2)nc1C,380.25,4.23,55.97,0,4,2,4,1,<rdkit.Chem.rdchem.Mol object at 0x000001CB2744DD20>,False,False
TRZ00509,COc1ccc(-c2cn3cc(-c4nnc(C)c(C)n4)ccc3n2)cc1,331.38,3.48,65.2,0,5,3,4,1,<rdkit.Chem.rdchem.Mol object at 0x000001CB2744DD90>,False,False
TRZ00510,Cc1nnc(-c2noc(C)c2C(=O)N2CCN(C(c3ccccc3)c3ccccc3)CC2)nc1C,468.56,4.0,88.25,0,7,5,4,1,<rdkit.Chem.rdchem.Mol object at 0x000001CB2744DE00>,False,False
TRZ00511,Cc1nnc(Cn2c(COc3ccc(Cl)cc3)nc3ccccc32)nc1C,379.85,4.12,65.72,0,5,5,4,1,<rdkit.Chem.rdchem.Mol object at 0x000001CB2744DE70>,False,False
TRZ00512,Cc1nnc(-c2sc3cc(C(F)(F)F)cnc3c2-c2ccccn2)nc1C,387.39,4.85,64.45,0,6,2,4,1,<rdkit.Chem.rdchem.Mol object at 0x000001CB2744DEE0>,False,False
TRZ00513,Cc1nnc(C(C)c2ccc([N+](=O)[O-])cc2)nc1C,258.28,2.55,81.81,0,5,3,2,1,<rdkit.Chem.rdchem.Mol object at 0x000001CB2744DF50>,False,False
TRZ00514,Cc1nnc(-c2cc3c(s2)CCCCCC3)nc1C,273.4,3.88,38.67,0,4,1,2,1,<rdkit.Chem.rdchem.Mol object at 0x000001CB2744DFC0>,False,False
TRZ00515,CCCCN(CCCC)Cc1ccc(-c2nnc(C)c(C)n2)o1,316.45,4.15,55.05,0,5,9,2,1,<rdkit.Chem.rdchem.Mol object at 0x000001CB2744E030>,False,False
TRZ00516,Cc1nnc(-c2cccc(COc3ccc(Br)cc3)c2)nc1C,370.25,4.5,47.9,0,4,4,3,1,<rdkit.Chem.rdchem.Mol object at 0x000001CB2744E0A0>,False,False
TRZ00517,Cc1nnc(-c2cc(-c3cccs3)nc3c2c(C)nn3-c2ccccc2)nc1C,398.5,4.93,69.38,0,6,3,5,1,<rdkit.Chem.rdchem.Mol object at 0x000001CB2744E110>,False,False
TRZ00519,Cc1nnc(C(Cc2c[nH]c3ccccc23)NC(=O)c2ccc(OC(C)C)cc2)nc1C,429.52,4.47,92.79,2,5,7,4,1,<rdkit.Chem.rdchem.Mol object at 0x000001CB2744E180>,False,False
TRZ00520,Cc1nnc(-c2sc3cc(C(F)(F)F)cnc3c2-c2cccnc2)nc1C,387.39,4.85,64.45,0,6,2,4,1,<rdkit.Chem.rdchem.Mol object at 0x000001CB2744E1F0>,False,False
TRZ00521,Cc1nnc(/C(C#N)=N/Nc2c(Cl)cccc2Cl)nc1C,321.17,3.14,86.85,1,6,3,2,1,<rdkit.Chem.rdchem.Mol object at 0x000001CB2744E260>,False,False
TRZ00522,Cc1nnc(/C(=N/Nc2ccccc2)S(=O)(=O)c2ccc(Cl)cc2)nc1C,401.88,3.39,97.2,1,7,4,3,1,<rdkit.Chem.rdchem.Mol object at 0x000001CB2744E2D0>,False,False
TRZ00523,Cc1ccc(/C=C2\Oc3cc(OCc4nnc(C)c(C)n4)ccc3C2=O)o1,363.37,3.59,87.34,0,7,4,3,1,<rdkit.Chem.rdchem.Mol object at 0x000001CB2744E340>,False,False
TRZ00524,COc1ccc(/C=C(\NC(=O)c2cccs2)c2nnc(C)c(C)n2)cc1OC,396.47,3.5,86.23,1,7,6,3,1,<rdkit.Chem.rdchem.Mol object at 0x000001CB2744E3B0>,False,False
TRZ00525,CCc1c(CC(N)=O)c2c(OCc3nnc(C)c(C)n3)cccc2n1Cc1ccccc1,429.52,3.66,95.92,1,5,8,4,1,<rdkit.Chem.rdchem.Mol object at 0x000001CB2744E420>,False,False
TRZ00526,CCCOc1ccc2[nH]c3cnc(-c4nnc(C)c(C)n4)c(COC)c3c2c1,377.45,4.12,85.81,1,6,6,4,1,<rdkit.Chem.rdchem.Mol object at 0x000001CB2744E490>,False,False
TRZ00527,Cc1nnc(Cc2cccc(-n3cccc3)c2)nc1C,264.33,2.87,43.6,0,3,3,3,1,<rdkit.Chem.rdchem.Mol object at 0x000001CB2744E500>,False,False
TRZ00528,Cc1nnc(Cc2ccc(-n3cccc3)cc2)nc1C,264.33,2.87,43.6,0,3,3,3,1,<rdkit.Chem.rdchem.Mol object at 0x000001CB2744E570>,False,False
TRZ00529,COc1c(F)cc(C(=O)NCc2nnc(C)c(C)n2)c(F)c1F,326.28,1.84,77.0,1,5,4,2,1,<rdkit.Chem.rdchem.Mol object at 0x000001CB2744E5E0>,False,False
TRZ00530,Cc1nnc(-c2n[nH]c3c2CC(C2CCCCC2)CC3)nc1C,311.43,3.56,67.35,1,4,2,2,1,<rdkit.Chem.rdchem.Mol object at 0x000001CB2744E650>,False,False
TRZ00532,Cc1nnc(CN2CCN(c3nc4cc(F)ccc4n4cccc34)CC2)nc1C,391.45,2.75,62.45,0,6,3,4,1,<rdkit.Chem.rdchem.Mol object at 0x000001CB2744E6C0>,False,False
TRZ00533,CNC(=O)C(Cc1c[nH]c2ccccc12)NC(=O)[C@@H](Cc1nnc(C)c(C)n1)CC(C)C,436.56,2.65,112.66,3,5,9,3,1,<rdkit.Chem.rdchem.Mol object at 0x000001CB2744E730>,False,False
TRZ00534,Cc1nnc(C2(c3ccccc3)CC2F)nc1C,243.28,2.52,38.67,0,3,2,2,1,<rdkit.Chem.rdchem.Mol object at 0x000001CB2744E7A0>,False,False
TRZ00535,Cc1nnc(COc2ccc(-c3cc4ccccc4[nH]3)cc2)nc1C,330.39,4.22,63.69,1,4,4,4,1,<rdkit.Chem.rdchem.Mol object at 0x000001CB2744E810>,False,False
TRZ00538,Cc1nnc(-c2sc(-c3ccncc3)nc2-c2ccccc2)nc1C,345.43,4.34,64.45,0,6,3,4,1,<rdkit.Chem.rdchem.Mol object at 0x000001CB2744E880>,False,False
TRZ00539,Cc1nnc(Cn2c(-c3ccc(CNc4ccncc4)o3)nc3ccccc32)nc1C,411.47,4.15,94.55,1,7,6,5,1,<rdkit.Chem.rdchem.Mol object at 0x000001CB2744E8F0>,False,False
TRZ00542,Cc1nnc(CN2C(=O)c3ccccc3NC2c2ccccc2)nc1C,345.41,3.26,71.01,1,5,3,3,1,<rdkit.Chem.rdchem.Mol object at 0x000001CB2744E960>,False,False
TRZ00543,Cc1nnc(CN2C(=O)c3ccccc3NC2c2ccc3c(c2)OCO3)nc1C,389.42,2.98,89.47,1,7,3,3,1,<rdkit.Chem.rdchem.Mol object at 0x000001CB2744E9D0>,False,False
TRZ00544,Cc1nnc(CN2C(=O)c3ccccc3NC2c2ccco2)nc1C,335.37,2.85,84.15,1,6,3,3,1,<rdkit.Chem.rdchem.Mol object at 0x000001CB2744EA40>,False,False
TRZ00545,Cc1nnc(CN2C(=O)c3ccccc3NC2c2ccc(Cl)cc2)nc1C,379.85,3.91,71.01,1,5,3,3,1,<rdkit.Chem.rdchem.Mol object at 0x000001CB2744EAB0>,False,False
TRZ00546,COc1ccc(C2Nc3ccccc3C(=O)N2Cc2nnc(C)c(C)n2)cc1,375.43,3.26,80.24,1,6,4,3,1,<rdkit.Chem.rdchem.Mol object at 0x000001CB2744EB20>,False,False
TRZ00547,Cc1nnc(C(C)N2C(=O)c3ccccc3NC2c2ccco2)nc1C,349.39,3.41,84.15,1,6,3,3,1,<rdkit.Chem.rdchem.Mol object at 0x000001CB2744EB90>,False,False
TRZ00548,Cc1nnc(C(Cc2ccccc2)N2C(=O)c3ccccc3NC2c2ccco2)nc1C,425.49,4.63,84.15,1,6,5,4,1,<rdkit.Chem.rdchem.Mol object at 0x000001CB2744EC00>,False,False
TRZ00550,Cc1nnc(CCN2C(=O)c3ccccc3NC2c2ccccc2)nc1C,359.43,3.3,71.01,1,5,4,3,1,<rdkit.Chem.rdchem.Mol object at 0x000001CB2744EC70>,False,False
TRZ00551,Cc1nnc(CCN2C(=O)c3ccccc3NC2c2ccc3c(c2)OCO3)nc1C,403.44,3.03,89.47,1,7,4,3,1,<rdkit.Chem.rdchem.Mol object at 0x000001CB2744ECE0>,False,False
TRZ00552,Cc1nnc(CCN2C(=O)c3ccccc3NC2c2ccc(Cl)cc2)nc1C,393.88,3.95,71.01,1,5,4,3,1,<rdkit.Chem.rdchem.Mol object at 0x000001CB2744ED50>,False,False
TRZ00553,Cc1nnc(CCCN2C(=O)c3ccccc3NC2c2ccccc2)nc1C,373.46,3.69,71.01,1,5,5,3,1,<rdkit.Chem.rdchem.Mol object at 0x000001CB2744EDC0>,False,False
TRZ00554,Cc1nnc(CCCN2C(=O)c3ccccc3NC2c2ccc3c(c2)OCO3)nc1C,417.47,3.42,89.47,1,7,5,3,1,<rdkit.Chem.rdchem.Mol object at 0x000001CB2744EE30>,False,False
TRZ00555,Cc1nnc(CCCN2C(=O)c3ccccc3NC2c2ccco2)nc1C,363.42,3.28,84.15,1,6,5,3,1,<rdkit.Chem.rdchem.Mol object at 0x000001CB2744EEA0>,False,False
TRZ00556,Cc1nnc(-c2cnc3ccccc3c2Nc2ccc(OCCCN3CCOCC3)cc2)nc1C,470.58,4.55,85.29,1,8,8,4,1,<rdkit.Chem.rdchem.Mol object at 0x000001CB2744EF10>,False,False
TRZ00558,Cc1nnc(CSc2nc3ccccc3c(=O)n2CCc2ccccn2)nc1C,404.5,3.13,86.45,0,7,6,4,1,<rdkit.Chem.rdchem.Mol object at 0x000001CB2744EF80>,False,False
TRZ00559,Cc1nnc(Cc2ccc3c(c2)/C(=C/CCN(C)C)c2ccccc2CO3)nc1C,400.53,4.36,51.14,0,5,5,3,1,<rdkit.Chem.rdchem.Mol object at 0x000001CB2744EFF0>,False,False
TRZ00560,Cc1nnc(CCCCCNC(=O)c2ccccc2N)nc1C,313.41,2.21,93.79,2,5,7,2,1,<rdkit.Chem.rdchem.Mol object at 0x000001CB2744F060>,False,False
TRZ00561,Cc1nnc(C(C)NC(=O)c2ccccc2N)nc1C,271.32,1.56,93.79,2,5,3,2,1,<rdkit.Chem.rdchem.Mol object at 0x000001CB2744F0D0>,False,False
TRZ00562,Cc1nnc(CNC(=O)c2ccccc2N)nc1C,257.3,1.0,93.79,2,5,3,2,1,<rdkit.Chem.rdchem.Mol object at 0x000001CB2744F140>,False,False
TRZ00565,Cc1nnc(C2CCc3nc4ccccc4c(N)c3C2)nc1C,305.39,2.89,77.58,1,5,1,3,1,<rdkit.Chem.rdchem.Mol object at 0x000001CB2744F1B0>,False,False
TRZ00566,CCOc1cccc(Nc2nn(C)c3c2Cc2cc(OCC)c(OCc4nnc(C)c(C)n4)cc2-3)c1,486.58,4.91,96.21,1,8,9,4,1,<rdkit.Chem.rdchem.Mol object at 0x000001CB2744F220>,False,False
TRZ00567,Cc1nnc(CCc2ccncc2-c2ccc3ccccc3c2)nc1C,340.43,4.49,51.56,0,4,4,4,1,<rdkit.Chem.rdchem.Mol object at 0x000001CB2744F290>,False,False
TRZ00568,Cc1nnc(-c2csc3nc(CN4CCOCC4)c(-c4ccc(Br)cc4)n23)nc1C,485.41,4.13,68.44,0,7,4,4,1,<rdkit.Chem.rdchem.Mol object at 0x000001CB2744F300>,False,False
TRZ00569,Cc1nnc(-c2nc(-c3ccc4cccnc4c3)cc(N3Cc4ccccc4C3)n2)nc1C,431.5,4.68,80.58,0,7,3,5,1,<rdkit.Chem.rdchem.Mol object at 0x000001CB2744F370>,False,False
TRZ00570,Cc1ccc(-c2c(CN3CCOCC3)nc3scc(-c4nnc(C)c(C)n4)n23)cc1,420.54,3.67,68.44,0,7,4,4,1,<rdkit.Chem.rdchem.Mol object at 0x000001CB2744F3E0>,False,False
TRZ00571,Cc1nnc(-c2nc(-c3ccc4ccncc4c3)cc(N3Cc4ccccc4C3)n2)nc1C,431.5,4.68,80.58,0,7,3,5,1,<rdkit.Chem.rdchem.Mol object at 0x000001CB2744F450>,False,False
TRZ00572,Cc1nnc(-c2nc(-c3cccc(O)c3)cc(N3Cc4ccccc4C3)n2)nc1C,396.45,3.84,87.92,1,7,3,4,1,<rdkit.Chem.rdchem.Mol object at 0x000001CB2744F4C0>,False,False
TRZ00573,Cc1nnc(-c2nc(-c3ccc(O)cc3)cc(N3CCc4ccccc4C3)n2)nc1C,410.48,3.88,87.92,1,7,3,4,1,<rdkit.Chem.rdchem.Mol object at 0x000001CB2744F530>,False,False
TRZ00574,COCCNc1ccc(-c2cc(N3CCc4ccccc4C3)nc(-c3nnc(C)c(C)n3)n2)cn1,468.57,3.63,101.84,1,9,7,4,1,<rdkit.Chem.rdchem.Mol object at 0x000001CB2744F5A0>,False,False
TRZ00575,COc1cc(Nc2cc3c(cc2-c2nnc(C)c(C)n2)OCO3)cc(OC)c1OC,410.43,3.65,96.85,1,9,6,3,1,<rdkit.Chem.rdchem.Mol object at 0x000001CB2744F610>,False,False
TRZ00576,Cc1nnc(-c2nc(-c3ccc(O)cc3)cc(N3Cc4ccccc4C3)n2)nc1C,396.45,3.84,87.92,1,7,3,4,1,<rdkit.Chem.rdchem.Mol object at 0x000001CB2744F680>,False,False
TRZ00577,COCCNc1ccc(-c2cc(N3Cc4ccccc4C3)nc(-c3nnc(C)c(C)n3)n2)cn1,454.54,3.59,101.84,1,9,7,4,1,<rdkit.Chem.rdchem.Mol object at 0x000001CB2744F6F0>,False,False
TRZ00578,Cc1nnc(/C=C2/Nc3ccc(Br)cc3NC2=O)nc1C,346.19,2.66,79.8,2,5,1,2,1,<rdkit.Chem.rdchem.Mol object at 0x000001CB2744F760>,False,False
TRZ00579,COc1cc(Nc2cc3c(cc2-c2nnc(C)c(C)n2)OCCO3)cc(OC)c1OC,424.46,3.7,96.85,1,9,6,3,1,<rdkit.Chem.rdchem.Mol object at 0x000001CB2744F7D0>,False,False
TRZ00580,Cc1nnc(-c2nc(-c3ccc4[nH]ccc4c3)cc(N3Cc4ccccc4C3)n2)nc1C,419.49,4.61,83.48,1,6,3,5,1,<rdkit.Chem.rdchem.Mol object at 0x000001CB2744F840>,False,False
TRZ00582,Cc1nnc(C2CCN(S(=O)(=O)c3ccc(Cl)cc3)CC2)nc1C,366.87,2.71,76.05,0,5,3,2,1,<rdkit.Chem.rdchem.Mol object at 0x000001CB2744F8B0>,False,False
TRZ00583,COc1ccc2nc(C)c(-c3nnc(C)c(C)n3)cc2c1,280.33,3.02,60.79,0,5,2,3,1,<rdkit.Chem.rdchem.Mol object at 0x000001CB2744F920>,False,False
TRZ00584,Cc1nnc(COc2ccc(C(F)(F)F)cc2)nc1C,283.25,3.09,47.9,0,4,3,2,1,<rdkit.Chem.rdchem.Mol object at 0x000001CB2744F990>,False,False
TRZ00586,Cc1nnc(C2=NOC(CNc3ncc(C(F)(F)F)cc3Cl)C2)nc1C,386.77,3.16,85.18,1,7,4,2,1,<rdkit.Chem.rdchem.Mol object at 0x000001CB2744FA00>,False,False
TRZ00587,Cc1nnc(CN2CCN(c3ncc(C(F)(F)F)cc3Cl)CC2)nc1C,386.81,2.88,58.04,0,6,3,2,1,<rdkit.Chem.rdchem.Mol object at 0x000001CB2744FA70>,False,False
TRZ00589,Cc1nnc(C2C(O)CCC3CN4CCc5c([nH]c6ccccc56)C4CC32)nc1C,403.53,3.44,77.93,2,5,1,3,1,<rdkit.Chem.rdchem.Mol object at 0x000001CB2744FAE0>,False,False
TRZ00590,Cc1nnc(-c2c(C)nc3sccn23)nc1C,245.31,2.17,55.97,0,5,1,3,1,<rdkit.Chem.rdchem.Mol object at 0x000001CB2744FB50>,False,False
TRZ00591,Cc1nnc(CC(=O)Nc2ccc(C(=O)O)cc2)nc1C,286.29,1.37,105.07,2,5,4,2,1,<rdkit.Chem.rdchem.Mol object at 0x000001CB2744FBC0>,False,False
TRZ00592,Cc1nnc(-c2ccncc2N)nc1C,201.23,1.13,77.58,1,5,1,2,1,<rdkit.Chem.rdchem.Mol object at 0x000001CB2744FC30>,False,False
TRZ00594,Cc1nnc(Cc2c(Sc3ccccc3)c3ccccc3n2C)nc1C,360.49,4.72,43.6,0,4,4,4,1,<rdkit.Chem.rdchem.Mol object at 0x000001CB2744FCA0>,False,False
TRZ00595,Cc1nnc(-c2ccc(-c3ccccc3F)cc2)nc1C,279.32,3.96,38.67,0,3,2,3,1,<rdkit.Chem.rdchem.Mol object at 0x000001CB2744FD10>,False,False
TRZ00596,CCOc1cccc(-c2cc(-c3nnc(C)c(C)n3)[nH]n2)c1,295.35,2.94,76.58,1,5,4,3,1,<rdkit.Chem.rdchem.Mol object at 0x000001CB2744FD80>,False,False
TRZ00597,Cc1cc(C)c2c(N)c(-c3nnc(C)c(C)n3)sc2n1,285.38,2.96,77.58,1,6,1,3,1,<rdkit.Chem.rdchem.Mol object at 0x000001CB2744FDF0>,False,False
TRZ00598,Cc1ccccc1NC(=O)c1[nH]cnc1-c1nnc(C)c(C)n1,308.35,2.44,96.45,2,5,3,3,1,<rdkit.Chem.rdchem.Mol object at 0x000001CB2744FE60>,False,False
TRZ00599,Cc1nnc(Cn2c(-c3ccccn3)nc3ccccc32)nc1C,316.37,2.95,69.38,0,5,3,4,1,<rdkit.Chem.rdchem.Mol object at 0x000001CB2744FED0>,False,False
TRZ00600,Cc1nnc(-c2c(-n3c(C)ccc3C)sc(C)c2C)nc1C,312.44,4.24,43.6,0,4,2,3,1,<rdkit.Chem.rdchem.Mol object at 0x000001CB2744FF40>,False,False
TRZ00601,Cc1nnc(-c2c[nH]c3ccc(OCc4ccccc4)cc23)nc1C,330.39,4.22,63.69,1,4,4,4,1,<rdkit.Chem.rdchem.Mol object at 0x000001CB27450040>,False,False
TRZ00602,Cc1nnc(C(C#N)(Cc2ccccc2)Cc2ccccc2)nc1C,328.42,3.74,62.46,0,4,5,3,1,<rdkit.Chem.rdchem.Mol object at 0x000001CB274500B0>,False,False
TRZ00603,COc1ccc(NC(=O)N[C@@H](Cc2ccccc2)c2nnc(C)c(C)n2)cc1,377.45,3.6,89.03,2,5,6,3,1,<rdkit.Chem.rdchem.Mol object at 0x000001CB27450120>,False,False
TRZ00604,Cc1nnc(-c2cc(-c3ccc(O)cc3)nc3ccc(Br)cc23)nc1C,407.27,4.84,71.79,1,5,2,4,1,<rdkit.Chem.rdchem.Mol object at 0x000001CB27450190>,False,False
TRZ00605,Cc1cc(C(F)(F)F)n(-c2nc(-c3ccccc3)c(Cc3nnc(C)c(C)n3)s2)n1,430.46,4.72,69.38,0,6,4,4,1,<rdkit.Chem.rdchem.Mol object at 0x000001CB27450200>,False,False
TRZ00606,Cc1nnc(-c2cnn(-c3ccccc3)c2-n2c(C)ccc2C)nc1C,344.42,3.75,61.42,0,4,3,4,1,<rdkit.Chem.rdchem.Mol object at 0x000001CB27450270>,False,False
TRZ00607,Cc1ccc(Cn2cc(-c3nnc(C)c(C)n3)c(=O)c3ccc(F)cc32)cc1,374.42,3.97,60.67,0,4,3,4,1,<rdkit.Chem.rdchem.Mol object at 0x000001CB274502E0>,False,False
TRZ00608,Cc1nnc(-c2oc3ccccc3c2-n2cccc2)nc1C,290.33,3.69,56.74,0,4,2,4,1,<rdkit.Chem.rdchem.Mol object at 0x000001CB27450350>,False,False
TRZ00609,Cc1nnc(-c2cc3cc4ccccc4nc3s2)nc1C,292.37,3.92,51.56,0,5,1,4,1,<rdkit.Chem.rdchem.Mol object at 0x000001CB274503C0>,False,False
TRZ00610,Cc1nnc(COc2ccc(-c3nccc(-c4ccc(F)cc4)n3)cc2)nc1C,387.42,4.33,73.68,0,6,5,4,1,<rdkit.Chem.rdchem.Mol object at 0x000001CB27450430>,False,False
TRZ00611,Cc1nnc([C@H](Cc2ccccc2)NC(=O)Nc2ccc3c(c2)OCCO3)nc1C,405.46,3.37,98.26,2,6,5,3,1,<rdkit.Chem.rdchem.Mol object at 0x000001CB274504A0>,False,False
TRZ00612,Cc1cc(-c2nnc(C)c(C)n2)c(Cl)cc1Cl,268.15,3.77,38.67,0,3,1,2,1,<rdkit.Chem.rdchem.Mol object at 0x000001CB27450510>,False,False
TRZ00614,Cc1nnc(-c2ccc(CSc3nncn3C)cc2)nc1C,312.4,2.58,69.38,0,6,4,3,1,<rdkit.Chem.rdchem.Mol object at 0x000001CB27450580>,False,False
TRZ00615,Cc1ccccc1-n1nc(-c2cccnc2)cc1-c1nnc(C)c(C)n1,342.41,3.71,69.38,0,5,3,4,1,<rdkit.Chem.rdchem.Mol object at 0x000001CB274505F0>,False,False
TRZ00616,Cc1nnc(-c2ccc(CN3C(=O)c4cccc5cccc3c45)cc2)nc1C,366.42,4.47,58.98,0,4,3,4,1,<rdkit.Chem.rdchem.Mol object at 0x000001CB27450660>,False,False
TRZ00617,Cc1nnc(Cc2nc3sc(C)c(C)c3c(=O)[nH]2)nc1C,301.38,1.99,84.42,1,6,2,3,1,<rdkit.Chem.rdchem.Mol object at 0x000001CB274506D0>,False,False
TRZ00618,COC(=O)c1c(-c2c(Cl)cccc2Cl)noc1-c1nnc(C)c(C)n1,379.2,3.9,91.0,0,7,3,3,1,<rdkit.Chem.rdchem.Mol object at 0x000001CB27450740>,False,False
TRZ00619,Cc1nnc(C(C)n2nnc(N3CCOCC3)n2)nc1C,290.33,-0.08,94.74,0,8,3,2,1,<rdkit.Chem.rdchem.Mol object at 0x000001CB274507B0>,False,False
TRZ00621,Cc1nnc(Cn2nnc(-c3ccc(C(F)(F)F)cc3)n2)nc1C,335.29,2.21,82.27,0,6,3,3,1,<rdkit.Chem.rdchem.Mol object at 0x000001CB27450820>,False,False
TRZ00622,Cc1nnc(-c2csc(-c3ccc(C(F)(F)F)cc3Cl)n2)nc1C,370.79,4.95,51.56,0,5,2,3,1,<rdkit.Chem.rdchem.Mol object at 0x000001CB27450890>,False,False
TRZ00623,Cc1nnc(Cc2csc(-c3ccccc3)n2)nc1C,282.37,3.2,51.56,0,5,3,3,1,<rdkit.Chem.rdchem.Mol object at 0x000001CB27450900>,False,False
TRZ00624,Cc1nnc(-c2nc(-c3cccc(-n4cccc4)c3)no2)nc1C,318.34,3.0,82.52,0,6,3,4,1,<rdkit.Chem.rdchem.Mol object at 0x000001CB27450970>,False,False
TRZ00625,Cc1nnc(-c2csc(CS(=O)(=O)c3ccc(Cl)cc3)n2)nc1C,380.88,3.24,85.7,0,7,4,3,1,<rdkit.Chem.rdchem.Mol object at 0x000001CB274509E0>,False,False
TRZ00626,Cc1nnc(-c2noc(C)c2-c2csc(COc3ccc(Cl)cc3)n2)nc1C,413.89,4.81,86.82,0,8,5,4,1,<rdkit.Chem.rdchem.Mol object at 0x000001CB27450A50>,False,False
TRZ00627,Cc1nnc(-c2noc(C)c2-c2csc(COc3ccccc3)n2)nc1C,379.45,4.15,86.82,0,8,5,4,1,<rdkit.Chem.rdchem.Mol object at 0x000001CB27450AC0>,False,False
TRZ00628,Cc1nnc(-c2csc(-c3ncc(C(F)(F)F)cc3Cl)n2)nc1C,371.78,4.35,64.45,0,6,2,3,1,<rdkit.Chem.rdchem.Mol object at 0x000001CB27450B30>,False,False
TRZ00629,Cc1nnc(-c2cccn(Cc3cccc(C(F)(F)F)c3)c2=O)nc1C,360.34,3.38,60.67,0,4,3,3,1,<rdkit.Chem.rdchem.Mol object at 0x000001CB27450BA0>,False,False
TRZ00630,Cc1nnc(-c2oc3nc(-c4ccccc4)cc(C)c3c2N)nc1C,331.38,3.85,90.72,1,6,2,4,1,<rdkit.Chem.rdchem.Mol object at 0x000001CB27450C10>,False,False
TRZ00633,Cc1nnc(Cn2nc3n(c2=O)-c2ccccc2SC3)nc1C,326.39,1.49,78.49,0,6,2,3,1,<rdkit.Chem.rdchem.Mol object at 0x000001CB27450C80>,False,False
TRZ00634,Cc1nnc(CSc2nc(-c3ccccc3)cn2-c2ccccc2)nc1C,373.49,4.63,56.49,0,5,5,4,1,<rdkit.Chem.rdchem.Mol object at 0x000001CB27450CF0>,False,False
TRZ00635,Cc1nnc(Cn2c(-c3ccccc3)cc(=O)n3ncnc23)nc1C,333.36,1.41,90.86,0,6,3,4,1,<rdkit.Chem.rdchem.Mol object at 0x000001CB27450D60>,False,False
TRZ00636,Cc1nnc(C2CC2(c2ccccc2)c2ccccc2)nc1C,301.39,3.96,38.67,0,3,3,3,1,<rdkit.Chem.rdchem.Mol object at 0x000001CB27450DD0>,False,False
TRZ00637,Cc1nnc(CNC(c2ccccc2)c2cc(Br)ccc2N)nc1C,398.31,3.71,76.72,2,5,5,3,1,<rdkit.Chem.rdchem.Mol object at 0x000001CB27450E40>,False,False
TRZ00638,Cc1nnc(COc2ccc3oc4c(c3c2)CCCC4)nc1C,309.37,3.69,61.04,0,5,3,3,1,<rdkit.Chem.rdchem.Mol object at 0x000001CB27450EB0>,False,False
TRZ00639,Cc1cc(Cl)ccc1OCCCc1nnc(C)c(C)n1,291.78,3.46,47.9,0,4,5,2,1,<rdkit.Chem.rdchem.Mol object at 0x000001CB27450F20>,False,False
TRZ00640,Cc1nnc(CN2C(=O)Nc3ccc(Cl)cc3C2c2ccccc2)nc1C,379.85,4.28,71.01,1,4,3,3,1,<rdkit.Chem.rdchem.Mol object at 0x000001CB27450F90>,False,False
TRZ00641,Cc1nnc(-c2[nH]c3ccc([N+](=O)[O-])cc3c2C)nc1C,283.29,2.85,97.6,1,5,2,3,1,<rdkit.Chem.rdchem.Mol object at 0x000001CB27451000>,False,False
TRZ00642,Cc1nnc(-c2cc3cc(Oc4ccccc4)ccc3[nH]2)nc1C,316.36,4.43,63.69,1,4,3,4,1,<rdkit.Chem.rdchem.Mol object at 0x000001CB27451070>,False,False
TRZ00643,Cc1ccccc1-n1nc(C)c2c(-c3nnc(C)c(C)n3)cc(-c3ccncc3)nc21,407.48,4.57,82.27,0,6,3,5,1,<rdkit.Chem.rdchem.Mol object at 0x000001CB274510E0>,False,False
TRZ00644,Cc1nnc(C(Cc2ccc(O)cc2)N2Cc3ccccc3C2=O)nc1C,360.42,3.13,79.21,1,5,4,3,1,<rdkit.Chem.rdchem.Mol object at 0x000001CB27451150>,False,False
TRZ00645,Cc1nnc(C(Cc2c[nH]c3ccccc23)NC(=O)c2ccccc2)nc1C,371.44,3.68,83.56,2,4,5,4,1,<rdkit.Chem.rdchem.Mol object at 0x000001CB274511C0>,False,False
TRZ00646,Cc1nnc(-c2sc(=S)n(C)c2C)nc1C,252.37,2.59,43.6,0,5,1,2,1,<rdkit.Chem.rdchem.Mol object at 0x000001CB27451230>,False,False
TRZ00647,COc1ccc(CCCc2nnc(SCc3nnc(C)c(C)n3)o2)cc1,371.47,3.35,86.82,0,8,8,3,1,<rdkit.Chem.rdchem.Mol object at 0x000001CB274512A0>,False,False
TRZ00648,Cc1nnc(-c2cc3cc(Oc4ccccc4)ccc3n2C)nc1C,330.39,4.44,52.83,0,4,3,4,1,<rdkit.Chem.rdchem.Mol object at 0x000001CB27451310>,False,False
TRZ00649,Cc1nnc(-c2[nH]c(-c3ccccc3)cc2-c2ccccc2)nc1C,326.4,4.82,54.46,1,3,3,4,1,<rdkit.Chem.rdchem.Mol object at 0x000001CB27451380>,False,False
TRZ00650,CO/N=C1\CCCc2c(-c3nnc(C)c(C)n3)sc(SC)c21,334.47,3.63,60.26,0,7,3,2,1,<rdkit.Chem.rdchem.Mol object at 0x000001CB274513F0>,False,False
TRZ00651,Cc1nnc(-c2cc(S(=O)(=O)N3CCOCC3)c[nH]2)nc1C,323.38,0.5,101.07,1,6,3,2,1,<rdkit.Chem.rdchem.Mol object at 0x000001CB27451460>,False,False
TRZ00652,CSc1ccc(/C=C(\NC(=O)c2ccc(C)cc2)c2nnc(C)c(C)n2)cc1,390.51,4.45,67.77,1,5,5,3,1,<rdkit.Chem.rdchem.Mol object at 0x000001CB274514D0>,False,False
TRZ00653,CCOc1ccccc1Oc1cn[nH]c1-c1ccc(OCc2nnc(C)c(C)n2)cc1O,433.47,4.35,115.27,2,8,8,4,1,<rdkit.Chem.rdchem.Mol object at 0x000001CB27451540>,False,False
TRZ00654,COc1ccc(Oc2cn[nH]c2-c2ccc(OCc3nnc(C)c(C)n3)cc2O)cc1,419.44,3.96,115.27,2,8,7,4,1,<rdkit.Chem.rdchem.Mol object at 0x000001CB274515B0>,False,False
TRZ00655,Cc1nnc(-c2nc[nH]c2C(=O)Nc2ccccc2)nc1C,294.32,2.13,96.45,2,5,3,3,1,<rdkit.Chem.rdchem.Mol object at 0x000001CB27451620>,False,False
TRZ00656,Cc1nnc(-c2nc(-c3ccccc3)nc(-c3ccccc3)n2)nc1C,340.39,3.67,77.34,0,6,3,4,1,<rdkit.Chem.rdchem.Mol object at 0x000001CB27451690>,False,False
TRZ00657,Cc1nnc(-c2nc[nH]c2C(=O)Nc2ccc(Cl)cc2C(=O)c2ccccc2)nc1C,432.87,4.02,113.52,2,6,5,4,1,<rdkit.Chem.rdchem.Mol object at 0x000001CB27451700>,False,False
TRZ00658,Cc1nnc(CSc2c(-c3cccs3)[nH]c3ccccc23)nc1C,352.49,4.99,54.46,1,5,4,4,1,<rdkit.Chem.rdchem.Mol object at 0x000001CB27451770>,False,False
TRZ00659,Cc1nnc(-c2ccc(Cn3cc(Br)cn3)cc2)nc1C,344.22,3.16,56.49,0,4,3,3,1,<rdkit.Chem.rdchem.Mol object at 0x000001CB274517E0>,False,False
TRZ00660,COc1ccc(OCc2ccc(-c3nnc(C)c(C)n3)cc2)cc1,321.38,3.74,57.13,0,5,5,3,1,<rdkit.Chem.rdchem.Mol object at 0x000001CB27451850>,False,False
TRZ00661,Cc1nnc(-c2[nH]c3ccc(Cl)cc3c2-c2ccccc2)nc1C,334.81,4.96,54.46,1,3,2,4,1,<rdkit.Chem.rdchem.Mol object at 0x000001CB274518C0>,False,False
TRZ00662,Cc1nnc(-c2nn(-c3ccc(Cl)cc3)c(=O)c(C#N)c2C)nc1C,352.79,2.53,97.35,0,6,2,3,1,<rdkit.Chem.rdchem.Mol object at 0x000001CB27451930>,False,False
TRZ00663,COc1ccc(-c2nnc(C)c(C)n2)cc1COc1ccc(Br)cc1,400.28,4.51,57.13,0,5,5,3,1,<rdkit.Chem.rdchem.Mol object at 0x000001CB274519A0>,False,False
TRZ00664,COc1ccc(N2CCSC2c2nnc(C)c(C)n2)cc1,302.4,2.75,51.14,0,6,3,2,1,<rdkit.Chem.rdchem.Mol object at 0x000001CB27451A10>,False,False
TRZ00665,Cc1nnc(-c2[nH]nc(-c3ccccc3)c2C)nc1C,265.32,2.85,67.35,1,4,2,3,1,<rdkit.Chem.rdchem.Mol object at 0x000001CB27451A80>,False,False
TRZ00666,Cc1ccc(C2CC2c2nnc(C)c(C)n2)cc1,239.32,3.07,38.67,0,3,2,2,1,<rdkit.Chem.rdchem.Mol object at 0x000001CB27451AF0>,False,False
TRZ00668,Cc1nnc(-c2nnc3n(c2=O)CCN3c2cccc(Cl)c2)nc1C,355.79,1.91,89.69,0,7,2,3,1,<rdkit.Chem.rdchem.Mol object at 0x000001CB27451B60>,False,False
TRZ00670,Cc1nnc([C@H](Cc2cnc[nH]2)NC(=O)OCc2ccccc2)nc1C,352.4,2.42,105.68,2,6,6,3,1,<rdkit.Chem.rdchem.Mol object at 0x000001CB27451BD0>,False,False
TRZ00671,Cc1nnc(-c2[nH]c3ccccc3c2N)nc1C,239.28,2.22,80.48,2,4,1,3,1,<rdkit.Chem.rdchem.Mol object at 0x000001CB27451C40>,False,False
TRZ00672,Cc1nnc(COc2cccc3cccnc23)nc1C,266.3,2.62,60.79,0,5,3,3,1,<rdkit.Chem.rdchem.Mol object at 0x000001CB27451CB0>,False,False
TRZ00673,COc1ccc(-c2cn[nH]c2-c2ccc(OCc3nnc(C)c(C)n3)cc2O)cc1OC,433.47,3.85,115.27,2,8,7,4,1,<rdkit.Chem.rdchem.Mol object at 0x000001CB27451D20>,False,False
TRZ00674,Cc1nnc(-c2sc(N3CCOCC3)nc2C)nc1C,291.38,1.76,64.03,0,7,2,2,1,<rdkit.Chem.rdchem.Mol object at 0x000001CB27451D90>,False,False
TRZ00675,Cc1nnc(-c2cn3cc(C(F)(F)F)cc(Cl)c3n2)nc1C,327.7,3.48,55.97,0,4,1,3,1,<rdkit.Chem.rdchem.Mol object at 0x000001CB27451E00>,False,False
TRZ00676,Cc1nnc(-c2sc(-c3cnccc3C(F)(F)F)nc2C)nc1C,351.36,4.0,64.45,0,6,2,3,1,<rdkit.Chem.rdchem.Mol object at 0x000001CB27451E70>,False,False
TRZ00677,Cc1ccc(COc2ccsc2-c2nnc(C)c(C)n2)cc1,311.41,4.1,47.9,0,5,4,3,1,<rdkit.Chem.rdchem.Mol object at 0x000001CB27451EE0>,False,False
TRZ00678,Cc1nnc(-c2noc(C)c2C(=O)Nc2ncc(C(F)(F)F)cc2Cl)nc1C,412.76,3.77,106.69,1,7,3,3,1,<rdkit.Chem.rdchem.Mol object at 0x000001CB27451F50>,False,False
TRZ00679,Cc1nnc(-c2sccc2OCc2ccc(F)cc2)nc1C,315.37,3.94,47.9,0,5,4,3,1,<rdkit.Chem.rdchem.Mol object at 0x000001CB27451FC0>,False,False
TRZ00680,Cc1nnc(-c2cc(-c3ccc(Cl)cc3)n[nH]2)nc1C,285.74,3.2,67.35,1,4,2,3,1,<rdkit.Chem.rdchem.Mol object at 0x000001CB27452030>,False,False
TRZ00681,Cc1nnc(CC(=O)Nc2nccs2)nc1C,249.3,1.13,80.66,1,6,3,2,1,<rdkit.Chem.rdchem.Mol object at 0x000001CB274520A0>,False,False
TRZ00682,Cc1nnc(-c2[nH]c3ccc([N+](=O)[O-])cc3c2-c2ccccc2)nc1C,345.36,4.21,97.6,1,5,3,4,1,<rdkit.Chem.rdchem.Mol object at 0x000001CB27452110>,False,False
TRZ00683,Cc1nnc(-c2ccc(-n3cccc3)cc2)nc1C,250.31,2.95,43.6,0,3,2,3,1,<rdkit.Chem.rdchem.Mol object at 0x000001CB27452180>,False,False
TRZ00684,Cc1nnc(C2CC2c2ccc(Cl)cc2)nc1C,259.74,3.41,38.67,0,3,2,2,1,<rdkit.Chem.rdchem.Mol object at 0x000001CB274521F0>,False,False
TRZ00685,Cc1nnc(-c2nc3ccccn3c2C)nc1C,239.28,2.11,55.97,0,4,1,3,1,<rdkit.Chem.rdchem.Mol object at 0x000001CB27452260>,False,False
TRZ00686,Cc1nnc(-c2ccc3ccc4ccc(-c5nnc(C)c(C)n5)nc4c3n2)nc1C,394.44,3.72,103.12,0,8,2,5,2,<rdkit.Chem.rdchem.Mol object at 0x000001CB274522D0>,False,False
TRZ00687,COc1ccc2c(c1)c(Cc1nnc(C)c(C)n1)c(C)n2Cc1cccc(O)c1,388.47,4.1,73.06,1,5,5,4,1,<rdkit.Chem.rdchem.Mol object at 0x000001CB27452340>,False,False
TRZ00688,COc1cccc(Cn2c(C)c(Cc3nnc(C)c(C)n3)c3cc(OC)ccc32)c1,402.5,4.41,62.06,0,5,6,4,1,<rdkit.Chem.rdchem.Mol object at 0x000001CB274523B0>,False,False
TRZ00694,COc1ccc2c(c1)c(Cc1nnc(C)c(C)n1)c(C)n2Cc1cccc(N)c1,387.49,3.98,78.85,1,5,5,4,1,<rdkit.Chem.rdchem.Mol object at 0x000001CB27452420>,False,False
TRZ00695,Cc1nnc(Cc2c(C)n(Cc3ccccc3)c3ccc(OCCCC(=O)O)cc23)nc1C,444.54,4.63,90.13,1,5,9,4,1,<rdkit.Chem.rdchem.Mol object at 0x000001CB27452490>,False,False
TRZ00697,COc1ccc2c(c1)c(Cc1nnc(C)c(C)n1)cn2Cc1ccccc1,358.45,4.09,52.83,0,4,5,4,1,<rdkit.Chem.rdchem.Mol object at 0x000001CB27452500>,False,False
TRZ00698,COc1ccc2c(c1)c(Cc1nnc(C)c(C)n1)c(C)n2C(C)c1ccccc1,386.5,4.96,52.83,0,4,5,4,1,<rdkit.Chem.rdchem.Mol object at 0x000001CB27452570>,False,False
TRZ00699,Cc1nnc(CNc2nc3scc(-c4ccccc4)c3c(=O)n2-c2ccccc2)nc1C,440.53,4.53,85.59,1,7,5,5,1,<rdkit.Chem.rdchem.Mol object at 0x000001CB274525E0>,False,False
TRZ00700,Cc1nnc(COc2nc3scc(-c4ccccc4)c3c(=O)n2-c2ccccc2)nc1C,441.52,4.5,82.79,0,7,5,5,1,<rdkit.Chem.rdchem.Mol object at 0x000001CB27452650>,False,False
TRZ00705,Cc1nnc(-c2nn(-c3ccccc3)c(=O)cc2O)nc1C,295.3,1.41,93.79,1,6,2,3,1,<rdkit.Chem.rdchem.Mol object at 0x000001CB274526C0>,False,False
TRZ00709,CCCn1nc(-c2cn(CCC)c3ccccc23)cc1-c1nnc(C)c(C)n1,374.49,4.79,61.42,0,4,6,4,1,<rdkit.Chem.rdchem.Mol object at 0x000001CB27452730>,False,False
TRZ00716,Cc1nnc(-c2cc(-c3c[nH]c4ccccc34)nn2Cc2ccc(F)cc2)nc1C,398.45,4.69,72.28,1,4,4,5,1,<rdkit.Chem.rdchem.Mol object at 0x000001CB274527A0>,False,False
TRZ00717,CCOc1ccc(-c2cc(-c3nnc(C)c(C)n3)c(=O)[nH]n2)cc1C#N,348.37,2.18,117.44,1,7,4,3,1,<rdkit.Chem.rdchem.Mol object at 0x000001CB27452810>,False,False
TRZ00718,Cc1nnc(-c2cc(-c3ccc(OCCC(C)C)c(C#N)c3)n[nH]c2=O)nc1C,390.45,3.2,117.44,1,7,6,3,1,<rdkit.Chem.rdchem.Mol object at 0x000001CB27452880>,False,False
TRZ00719,CCCCCOc1ccc(-c2cc(-c3nnc(C)c(C)n3)c(=O)[nH]n2)cc1C#N,390.45,3.35,117.44,1,7,7,3,1,<rdkit.Chem.rdchem.Mol object at 0x000001CB274528F0>,False,False
TRZ00720,Cc1nnc(-c2cc(-c3ccc(OCC(C)C)c(C#N)c3)n[nH]c2=O)nc1C,376.42,2.81,117.44,1,7,5,3,1,<rdkit.Chem.rdchem.Mol object at 0x000001CB27452960>,False,False
TRZ00721,CCCOc1ccc(-c2cc(-c3nnc(C)c(C)n3)c(=O)[nH]n2)cc1C#N,362.39,2.57,117.44,1,7,5,3,1,<rdkit.Chem.rdchem.Mol object at 0x000001CB274529D0>,False,False
TRZ00722,Cc1nnc(-c2cc(-c3ccc(OC(C)C)c(C#N)c3)n[nH]c2=O)nc1C,362.39,2.56,117.44,1,7,4,3,1,<rdkit.Chem.rdchem.Mol object at 0x000001CB27452A40>,False,False
TRZ00723,CCCCOc1ccc(-c2cc(-c3nnc(C)c(C)n3)c(=O)[nH]n2)cc1C#N,376.42,2.96,117.44,1,7,6,3,1,<rdkit.Chem.rdchem.Mol object at 0x000001CB27452AB0>,False,False
TRZ00724,CCn1cc(-c2nnc(C)c(C)n2)c(=O)c2cc([N+](=O)[O-])c3cccnc3c21,376.38,2.95,116.7,0,7,3,4,1,<rdkit.Chem.rdchem.Mol object at 0x000001CB27452B20>,False,False
TRZ00725,Cc1nnc([C@H](Cc2cnc[nH]2)NC(=O)CCN)nc1C,289.34,-0.04,122.47,3,6,6,2,1,<rdkit.Chem.rdchem.Mol object at 0x000001CB27452B90>,False,False
TRZ00726,Cc1nnc(-c2ccnc(I)c2)nc1C,312.11,2.16,51.56,0,4,1,2,1,<rdkit.Chem.rdchem.Mol object at 0x000001CB27452C00>,False,False
TRZ00727,Cc1nnc(-c2ccc(-c3nnc(C)c(C)n3)o2)nc1C,282.31,2.22,90.48,0,7,2,3,2,<rdkit.Chem.rdchem.Mol object at 0x000001CB27452C70>,False,False
TRZ00728,COc1cc(C(=O)NCc2nnc(C)c(C)n2)cc(OC)c1OC,332.36,1.44,95.46,1,7,6,2,1,<rdkit.Chem.rdchem.Mol object at 0x000001CB27452CE0>,False,False
TRZ00729,Cc1nnc(-c2cnc3ccccc3n2)nc1C,237.27,2.1,64.45,0,5,1,3,1,<rdkit.Chem.rdchem.Mol object at 0x000001CB27452D50>,False,False
TRZ00730,COc1cc(-c2nnc(C)c(C)n2)ccn1,216.24,1.56,60.79,0,5,2,2,1,<rdkit.Chem.rdchem.Mol object at 0x000001CB27452DC0>,False,False
TRZ00731,Cc1nnc(-c2ccnc(-c3ccccc3)c2)nc1C,262.32,3.22,51.56,0,4,2,3,1,<rdkit.Chem.rdchem.Mol object at 0x000001CB27452E30>,False,False
TRZ00732,Cc1nnc(C(C)Oc2ccccc2)nc1C,229.28,2.63,47.9,0,4,3,2,1,<rdkit.Chem.rdchem.Mol object at 0x000001CB27452EA0>,False,False
TRZ00733,Cc1nnc(Cn2ccnn2)nc1C,190.21,0.13,69.38,0,5,2,2,1,<rdkit.Chem.rdchem.Mol object at 0x000001CB27452F10>,False,False
TRZ00734,Cc1nnc(CNc2ccc3ncccc3c2)nc1C,265.32,2.65,63.59,1,5,3,3,1,<rdkit.Chem.rdchem.Mol object at 0x000001CB27452F80>,False,False
TRZ00735,Cc1nnc(-c2ccccc2S)nc1C,217.3,2.44,38.67,1,4,1,2,1,<rdkit.Chem.rdchem.Mol object at 0x000001CB27452FF0>,False,False
TRZ00736,Cc1cnccc1-c1nnc(C)c(C)n1,200.24,1.86,51.56,0,4,1,2,1,<rdkit.Chem.rdchem.Mol object at 0x000001CB27453060>,False,False
TRZ00737,Cc1nnc(C2Cc3ccccc3O2)nc1C,227.27,2.16,47.9,0,4,1,2,1,<rdkit.Chem.rdchem.Mol object at 0x000001CB274530D0>,False,False
TRZ00738,Cc1nnc(-c2nccnc2-c2nnc(C)c(C)n2)nc1C,294.32,1.41,103.12,0,8,2,3,2,<rdkit.Chem.rdchem.Mol object at 0x000001CB27453140>,False,False
TRZ00739,Cc1nnc(-c2cncs2)nc1C,192.25,1.61,51.56,0,5,1,2,1,<rdkit.Chem.rdchem.Mol object at 0x000001CB274531B0>,False,False
TRZ00740,Cc1nnc(-c2cnc(N)s2)nc1C,207.26,1.19,77.58,1,6,1,2,1,<rdkit.Chem.rdchem.Mol object at 0x000001CB27453220>,False,False
TRZ00741,CCc1cc(-c2nnc(C)c(C)n2)ccn1,214.27,2.11,51.56,0,4,2,2,1,<rdkit.Chem.rdchem.Mol object at 0x000001CB27453290>,False,False
TRZ00742,CCCc1cc(-c2nnc(C)c(C)n2)ccn1,228.3,2.5,51.56,0,4,3,2,1,<rdkit.Chem.rdchem.Mol object at 0x000001CB27453300>,False,False
TRZ00743,Cc1nnc(-c2ccnc(CC(C)C)c2)nc1C,242.33,2.75,51.56,0,4,3,2,1,<rdkit.Chem.rdchem.Mol object at 0x000001CB27453370>,False,False
TRZ00744,CCOc1cc(-c2nnc(C)c(C)n2)ccn1,230.27,1.95,60.79,0,5,3,2,1,<rdkit.Chem.rdchem.Mol object at 0x000001CB274533E0>,False,False
TRZ00745,CC(=O)Nc1cc(-c2nnc(C)c(C)n2)ccn1,243.27,1.51,80.66,1,5,2,2,1,<rdkit.Chem.rdchem.Mol object at 0x000001CB27453450>,False,False
TRZ00746,CC(=O)NCc1cc(-c2nnc(C)c(C)n2)ccn1,257.3,1.19,80.66,1,5,3,2,1,<rdkit.Chem.rdchem.Mol object at 0x000001CB274534C0>,False,False
TRZ00747,CCN(CC)c1cc(-c2nnc(C)c(C)n2)ccn1,257.34,2.4,54.8,0,5,4,2,1,<rdkit.Chem.rdchem.Mol object at 0x000001CB27453530>,False,False
TRZ00748,Cc1nnc(-c2ccnc(Cc3ccccc3)c2)nc1C,276.34,3.14,51.56,0,4,3,3,1,<rdkit.Chem.rdchem.Mol object at 0x000001CB274535A0>,False,False
TRZ00749,C=Cc1cc(-c2nnc(C)c(C)n2)ccn1,212.26,2.19,51.56,0,4,2,2,1,<rdkit.Chem.rdchem.Mol object at 0x000001CB27453610>,False,False
TRZ00750,CCn1cc(-c2nnc(C)c(C)n2)c(=O)c2ccc(-c3ccncc3)cc21,357.42,3.55,73.56,0,5,3,4,1,<rdkit.Chem.rdchem.Mol object at 0x000001CB27453680>,False,False
TRZ00751,Cc1nnc(-c2cc(-c3ccc(F)cc3F)ccc2O)nc1C,313.31,3.81,58.9,1,4,2,3,1,<rdkit.Chem.rdchem.Mol object at 0x000001CB274536F0>,False,False
TRZ00752,Cc1nnc(/C=C/c2ccc(O)cc2)nc1C,227.27,2.36,58.9,1,4,2,2,1,<rdkit.Chem.rdchem.Mol object at 0x000001CB27453760>,False,False
TRZ00753,Cc1nnc(CS(=O)(=O)c2ccc(Cl)cc2)nc1C,297.77,2.12,72.81,0,5,3,2,1,<rdkit.Chem.rdchem.Mol object at 0x000001CB274537D0>,False,False
TRZ00754,Cc1nnc(-c2ccnc3ccccc23)nc1C,236.28,2.7,51.56,0,4,1,3,1,<rdkit.Chem.rdchem.Mol object at 0x000001CB27453840>,False,False
TRZ00755,Cc1nnc(-c2ccnc([N+](=O)[O-])c2)nc1C,231.21,1.46,94.7,0,6,2,2,1,<rdkit.Chem.rdchem.Mol object at 0x000001CB274538B0>,False,False
TRZ00756,Cc1nnc(/C=C/c2ccc(Cl)cc2)nc1C,245.71,3.31,38.67,0,3,2,2,1,<rdkit.Chem.rdchem.Mol object at 0x000001CB27453920>,False,False
TRZ00757,Cc1nnc(/C=C/c2ccco2)nc1C,201.23,2.25,51.81,0,4,2,2,1,<rdkit.Chem.rdchem.Mol object at 0x000001CB27453990>,False,False
TRZ00758,COc1ccc(/C=C/c2nnc(C)c(C)n2)cc1OC,271.32,2.68,57.13,0,5,4,2,1,<rdkit.Chem.rdchem.Mol object at 0x000001CB27453A00>,False,False
TRZ00759,Cc1nnc(-c2cc(=O)[nH]c(=O)[nH]2)nc1C,219.2,-0.47,104.39,2,5,1,2,1,<rdkit.Chem.rdchem.Mol object at 0x000001CB27453A70>,False,False
TRZ00760,Cc1nnc(CNc2ccc(F)cc2)nc1C,232.26,2.24,50.7,1,4,3,2,1,<rdkit.Chem.rdchem.Mol object at 0x000001CB27453AE0>,False,False
TRZ00761,Cc1nnc(CNc2ccc(Cl)cc2)nc1C,248.72,2.75,50.7,1,4,3,2,1,<rdkit.Chem.rdchem.Mol object at 0x000001CB27453B50>,False,False
TRZ00762,Cc1nnc(C(N)Cc2ccc(O)cc2)nc1C,244.3,1.44,84.92,2,5,3,2,1,<rdkit.Chem.rdchem.Mol object at 0x000001CB27453BC0>,False,False
TRZ00763,Cc1nnc(-c2cc(O)ccc2O)nc1C,217.23,1.57,79.13,2,5,1,2,1,<rdkit.Chem.rdchem.Mol object at 0x000001CB27453C30>,False,False
TRZ00764,Cc1nnc(C2CCN(c3ncc(C(F)(F)F)cc3Cl)CC2)nc1C,371.79,3.94,54.8,0,5,2,2,1,<rdkit.Chem.rdchem.Mol object at 0x000001CB27453CA0>,False,False
TRZ00765,Cc1nnc(Cc2nn(C)c(=O)c3ccccc23)nc1C,281.32,1.33,73.56,0,5,2,3,1,<rdkit.Chem.rdchem.Mol object at 0x000001CB27453D10>,False,False
TRZ00766,CCn1cc(-c2nnc(C)c(C)n2)c(=O)c2ccc(C)nc21,295.35,2.19,73.56,0,5,2,3,1,<rdkit.Chem.rdchem.Mol object at 0x000001CB27453D80>,False,False
TRZ00768,CCn1cc(-c2nnc(C)c(C)n2)c(=O)c2cc(F)c(N3CCCCCC3)cc21,395.48,4.01,63.91,0,5,3,3,1,<rdkit.Chem.rdchem.Mol object at 0x000001CB27453E60>,False,False
TRZ00769,Cc1nnc(-c2cc(C(C)(C)C)[nH]n2)nc1C,231.3,2.18,67.35,1,4,1,2,1,<rdkit.Chem.rdchem.Mol object at 0x000001CB27453ED0>,False,False
TRZ00770,Cc1nnc(-c2oc3ccccc3c2C)nc1C,239.28,3.21,51.81,0,4,1,3,1,<rdkit.Chem.rdchem.Mol object at 0x000001CB27453F40>,False,False
TRZ00771,Cc1nnc(C(C)c2ccc(CC(C)C)cc2)nc1C,269.39,3.84,38.67,0,3,4,2,1,<rdkit.Chem.rdchem.Mol object at 0x000001CB27454040>,False,False
TRZ00772,Cc1nnc(CCc2ccc(O)cc2)nc1C,229.28,1.98,58.9,1,4,3,2,1,<rdkit.Chem.rdchem.Mol object at 0x000001CB274540B0>,False,False
TRZ00773,Cc1nnc(-c2cc3cc([N+](=O)[O-])ccc3s2)nc1C,286.32,3.28,81.81,0,6,2,3,1,<rdkit.Chem.rdchem.Mol object at 0x000001CB27454120>,False,False
TRZ00774,Cc1nnc(C2Cc3c([nH]c4ccccc34)CN2)nc1C,279.35,2.36,66.49,2,4,1,3,1,<rdkit.Chem.rdchem.Mol object at 0x000001CB27454190>,False,False
TRZ00775,Cc1nnc(-c2cn(Cc3ccccc3)c3ccccc23)nc1C,314.39,4.16,43.6,0,3,3,4,1,<rdkit.Chem.rdchem.Mol object at 0x000001CB27454200>,False,False
TRZ00776,Cc1nnc(-c2ccc[n+]([O-])c2)nc1C,202.22,0.79,65.61,0,4,1,2,1,<rdkit.Chem.rdchem.Mol object at 0x000001CB27454270>,False,False
TRZ00777,COc1cc(-c2nnc(C)c(C)n2)cc(OC)c1O,261.28,1.88,77.36,1,6,3,2,1,<rdkit.Chem.rdchem.Mol object at 0x000001CB274542E0>,False,False
TRZ00778,Cc1nnc(C(C)Oc2ccc(Cl)cc2)nc1C,263.73,3.28,47.9,0,4,3,2,1,<rdkit.Chem.rdchem.Mol object at 0x000001CB27454350>,False,False
TRZ00779,Cc1cc(-c2nnc(C)c(C)n2)c2ccccc2n1,250.31,3.01,51.56,0,4,1,3,1,<rdkit.Chem.rdchem.Mol object at 0x000001CB274543C0>,False,False
TRZ00780,Cc1nnc(-c2ccc3[nH]c(C)c(C)c3c2)nc1C,252.32,3.25,54.46,1,3,1,3,1,<rdkit.Chem.rdchem.Mol object at 0x000001CB27454430>,False,False
TRZ00781,CC(=O)Nc1ccc(-c2nnc(C)c(C)n2)cc1,242.28,2.11,67.77,1,4,2,2,1,<rdkit.Chem.rdchem.Mol object at 0x000001CB274544A0>,False,False
TRZ00782,Cc1nnc(-c2ccccc2NC(=O)c2ccccc2)nc1C,304.35,3.41,67.77,1,4,3,3,1,<rdkit.Chem.rdchem.Mol object at 0x000001CB27454510>,False,False
TRZ00783,Cc1nnc(-c2ccccc2Nc2ccccc2)nc1C,276.34,3.9,50.7,1,4,3,3,1,<rdkit.Chem.rdchem.Mol object at 0x000001CB27454580>,False,False
TRZ00784,Cc1nnc(-c2cnc3ccccc3c2)nc1C,236.28,2.7,51.56,0,4,1,3,1,<rdkit.Chem.rdchem.Mol object at 0x000001CB274545F0>,False,False
TRZ00785,Cc1nnc(-c2ccc(NS(=O)(=O)c3ccc(Br)cc3)cc2)nc1C,419.3,3.72,84.84,1,5,4,3,1,<rdkit.Chem.rdchem.Mol object at 0x000001CB27454660>,False,False
TRZ00786,Cc1nnc(Cc2ccc(CCc3ccc(N4CCNCC4)cc3C(F)(F)F)cc2)nc1C,455.53,4.29,53.94,1,5,6,3,1,<rdkit.Chem.rdchem.Mol object at 0x000001CB274546D0>,False,False
TRZ00790,Cc1nnc(-c2ccc(C(=O)O)c(-n3c(C)ccc3C)c2)nc1C,322.37,3.26,80.9,1,4,3,3,1,<rdkit.Chem.rdchem.Mol object at 0x000001CB27454740>,False,False
TRZ00791,Cc1nnc(-c2cnc3ccc(-c4c(-c5ccc(F)cc5)ncn4CC(F)F)nn23)nc1C,450.43,4.13,86.68,0,6,5,5,1,<rdkit.Chem.rdchem.Mol object at 0x000001CB274547B0>,False,False
TRZ00792,Cc1nnc(-c2cc(F)cnc2N2CCOCC2)nc1C,289.31,1.53,64.03,0,6,2,2,1,<rdkit.Chem.rdchem.Mol object at 0x000001CB27454820>,False,False
TRZ00794,Cc1ncccc1-c1cnc(NCc2c(F)ccc3c2CCO3)n2cnc(-c3nnc(C)c(C)n3)c12,482.52,4.25,103.01,1,8,5,5,1,<rdkit.Chem.rdchem.Mol object at 0x000001CB27454890>,False,False
TRZ00795,Cc1nnc(-c2ccc3nc(-c4nc[nH]c4C)c(NCCN4CCOCC4)n3c2)nc1C,433.52,2.25,109.15,2,8,6,4,1,<rdkit.Chem.rdchem.Mol object at 0x000001CB27454900>,False,False
TRZ00796,CCN(CC)c1ccc(CCc2ccc(Cc3nnc(C)c(C)n3)cc2)nc1,375.52,4.11,54.8,0,5,8,3,1,<rdkit.Chem.rdchem.Mol object at 0x000001CB27454970>,False,False
TRZ00797,Cc1nnc(Cc2ccc(CCc3ccc(N4CCNCC4)cn3)cc2)nc1C,388.52,2.67,66.83,1,6,6,3,1,<rdkit.Chem.rdchem.Mol object at 0x000001CB274549E0>,False,False
TRZ00798,CCN(C)c1ccc(CCc2ccc(Cc3nnc(C)c(C)n3)cc2)cn1,361.49,3.72,54.8,0,5,7,3,1,<rdkit.Chem.rdchem.Mol object at 0x000001CB27454A50>,False,False
TRZ00799,CC(=O)N1CCN(c2ccc(CCc3ccc(Cc4nnc(C)c(C)n4)s3)nc2)CC1,436.59,2.99,75.11,0,7,6,3,1,<rdkit.Chem.rdchem.Mol object at 0x000001CB27454AC0>,False,False
TRZ00800,Cc1nnc(-c2c(O)c3ccccc3n(C)c2=O)nc1C,282.3,1.71,80.9,1,5,1,3,1,<rdkit.Chem.rdchem.Mol object at 0x000001CB27454B30>,False,False
TRZ00801,Cc1nnc(-c2ccc(-n3c(C)ccc3-c3ccccc3)cc2)nc1C,340.43,4.92,43.6,0,3,3,4,1,<rdkit.Chem.rdchem.Mol object at 0x000001CB27454BA0>,False,False
TRZ00802,Cc1cc(OCc2nnc(C)c(C)n2)ccc1Cl,263.73,3.03,47.9,0,4,3,2,1,<rdkit.Chem.rdchem.Mol object at 0x000001CB27454C10>,False,False
TRZ00803,Cc1cccc(OC(C)c2nnc(C)c(C)n2)c1,243.31,2.94,47.9,0,4,3,2,1,<rdkit.Chem.rdchem.Mol object at 0x000001CB27454C80>,False,False
TRZ00804,C=CCC(CC=C)(C(N)=O)c1ccc(-c2nnc(C)c(C)n2)cc1,322.41,3.03,81.76,1,4,7,2,1,<rdkit.Chem.rdchem.Mol object at 0x000001CB27454CF0>,False,False
TRZ00805,COc1cccc(-c2nnc(C)c(C)n2)c1-c1nnc(C)c(C)n1,322.37,2.63,86.57,0,7,3,3,2,<rdkit.Chem.rdchem.Mol object at 0x000001CB27454D60>,False,False
TRZ00806,Cc1nnc(C(c2ccccc2)N2CCCCC2)nc1C,282.39,3.06,41.91,0,4,3,2,1,<rdkit.Chem.rdchem.Mol object at 0x000001CB27454DD0>,False,False
TRZ00807,COc1c(I)cc(-c2nnc(C)c(C)n2)cc1I,467.05,3.37,47.9,0,4,2,2,1,<rdkit.Chem.rdchem.Mol object at 0x000001CB27454E40>,False,False
TRZ00808,Cc1nnc(-c2cccc(-n3c(C)ccc3C)c2)nc1C,278.36,3.56,43.6,0,3,2,3,1,<rdkit.Chem.rdchem.Mol object at 0x000001CB27454EB0>,False,False
TRZ00809,Cc1nnc(C2=CO[C@@H](C)[C@@H]3CN4CCc5c([nH]c6ccccc56)[C@@H]4C[C@H]23)nc1C,401.51,3.96,66.93,1,5,1,3,1,<rdkit.Chem.rdchem.Mol object at 0x000001CB27454F20>,False,False
TRZ00810,COc1ccc2[nH]c3c(c2c1)CCN1C[C@@H]2[C@H](C)OC=C(c4nnc(C)c(C)n4)[C@H]2C[C@@H]31,431.54,3.97,76.16,1,6,2,3,1,<rdkit.Chem.rdchem.Mol object at 0x000001CB27454F90>,False,False
TRZ00811,Cc1nnc(C2=CO[C@@H](C)[C@H]3CN4CCc5c([nH]c6ccccc56)[C@@H]4C[C@H]23)nc1C,401.51,3.96,66.93,1,5,1,3,1,<rdkit.Chem.rdchem.Mol object at 0x000001CB27455000>,False,False
TRZ00812,Cc1nnc(-c2cccc(Cc3cnc[nH]3)c2O)nc1C,281.32,2.17,87.58,2,5,3,3,1,<rdkit.Chem.rdchem.Mol object at 0x000001CB27455070>,False,False
TRZ00813,Cc1nnc(/C(=C/c2ccccc2)c2ccccc2)nc1C,287.37,4.08,38.67,0,3,3,3,1,<rdkit.Chem.rdchem.Mol object at 0x000001CB274550E0>,False,False
TRZ00814,Cc1nnc(-c2cc(Br)c(Br)s2)nc1C,349.05,3.74,38.67,0,4,1,2,1,<rdkit.Chem.rdchem.Mol object at 0x000001CB27455150>,False,False
TRZ00815,Cc1nnc(C(=O)NCc2ccco2)nc1C,232.24,1.01,80.91,1,5,3,2,1,<rdkit.Chem.rdchem.Mol object at 0x000001CB274551C0>,False,False
TRZ00816,Cc1nnc(-c2ccc(CNC(=O)C(Cl)Cl)cc2)nc1C,325.2,2.58,67.77,1,4,4,2,1,<rdkit.Chem.rdchem.Mol object at 0x000001CB27455230>,False,False
TRZ00817,Cc1ccc(C(C)C)c(OCc2nnc(C)c(C)n2)c1,271.36,3.5,47.9,0,4,4,2,1,<rdkit.Chem.rdchem.Mol object at 0x000001CB274552A0>,False,False
TRZ00818,Cc1nnc(CNC(=O)c2cccs2)nc1C,248.31,1.48,67.77,1,5,3,2,1,<rdkit.Chem.rdchem.Mol object at 0x000001CB27455310>,False,False
TRZ00820,Cc1nnc(CCn2c3c(c4ccccc42)CCCC3)nc1C,306.41,3.56,43.6,0,3,3,3,1,<rdkit.Chem.rdchem.Mol object at 0x000001CB27455380>,False,False
TRZ00821,Cc1nnc(CSc2nnc(-c3ccc(Cl)cc3)n2-c2ccccc2)nc1C,408.92,4.68,69.38,0,6,5,4,1,<rdkit.Chem.rdchem.Mol object at 0x000001CB274553F0>,False,False
TRZ00822,Cc1nnc(CCCOc2ccc(Cl)cc2Cl)nc1C,312.2,3.81,47.9,0,4,5,2,1,<rdkit.Chem.rdchem.Mol object at 0x000001CB27455460>,False,False
TRZ00823,Cc1nnc(-c2ccoc2C)nc1C,189.22,2.06,51.81,0,4,1,2,1,<rdkit.Chem.rdchem.Mol object at 0x000001CB274554D0>,False,False
TRZ00824,Cc1nnc(CCN2CCN(c3ccccc3)CC2)nc1C,297.41,1.85,45.15,0,5,4,2,1,<rdkit.Chem.rdchem.Mol object at 0x000001CB27455540>,False,False
TRZ00825,CCN(CC)Cc1ccc(-c2nnc(C)c(C)n2)o1,260.34,2.59,55.05,0,5,5,2,1,<rdkit.Chem.rdchem.Mol object at 0x000001CB274555B0>,False,False
TRZ00826,Cc1nnc(-c2cn(-c3ccccc3)nc2-c2ccccc2)nc1C,327.39,4.01,56.49,0,4,3,4,1,<rdkit.Chem.rdchem.Mol object at 0x000001CB27455620>,False,False
TRZ00827,Cc1nnc(COc2ccccc2Cc2ccccc2)nc1C,305.38,3.66,47.9,0,4,5,3,1,<rdkit.Chem.rdchem.Mol object at 0x000001CB27455690>,False,False
TRZ00828,COc1cccc(-n2c(Cc3nnc(C)c(C)n3)csc2=NCc2ccco2)c1,407.5,3.63,78.33,0,7,6,4,1,<rdkit.Chem.rdchem.Mol object at 0x000001CB27455700>,False,False
TRZ00829,Cc1nnc(Cc2nc(-c3cnccn3)no2)nc1C,269.27,0.92,103.37,0,8,3,3,1,<rdkit.Chem.rdchem.Mol object at 0x000001CB27455770>,False,False
TRZ00830,Cc1nc(-c2ccccc2)ccc1-c1nnc(C)c(C)n1,276.34,3.53,51.56,0,4,2,3,1,<rdkit.Chem.rdchem.Mol object at 0x000001CB274557E0>,False,False
TRZ00831,Cc1cccc(OC(C)c2nnc(C)c(C)n2)c1C,257.34,3.25,47.9,0,4,3,2,1,<rdkit.Chem.rdchem.Mol object at 0x000001CB27455850>,False,False
TRZ00832,COCCn1cnc2c1c(=O)n(Cc1nnc(C)c(C)n1)c(=O)n2Cc1ccccc1,421.46,0.9,109.72,0,7,7,4,1,<rdkit.Chem.rdchem.Mol object at 0x000001CB274558C0>,False,False
TRZ00833,Cc1nnc(-c2ccc(CS(=O)(=O)c3ccccc3)o2)nc1C,329.38,2.72,85.95,0,6,4,3,1,<rdkit.Chem.rdchem.Mol object at 0x000001CB27455930>,False,False
TRZ00834,Cc1nnc(Cc2nc(-c3ccccc3)cs2)nc1C,282.37,3.2,51.56,0,5,3,3,1,<rdkit.Chem.rdchem.Mol object at 0x000001CB274559A0>,False,False
TRZ00835,Cc1nnc(C(C)Nc2nc3ccccc3s2)nc1C,285.38,3.27,63.59,1,6,3,3,1,<rdkit.Chem.rdchem.Mol object at 0x000001CB27455A10>,False,False
TRZ00836,Cc1nnc(-c2ncoc2C)nc1C,190.21,1.45,64.7,0,5,1,2,1,<rdkit.Chem.rdchem.Mol object at 0x000001CB27455A80>,False,False
TRZ00838,Cc1nnc(-c2scnc2C)nc1C,206.27,1.92,51.56,0,5,1,2,1,<rdkit.Chem.rdchem.Mol object at 0x000001CB27455AF0>,False,False
TRZ00839,Cc1nnc(CCn2ccnc2)nc1C,203.25,0.93,56.49,0,4,3,2,1,<rdkit.Chem.rdchem.Mol object at 0x000001CB27455B60>,False,False
TRZ00840,Cc1nnc(-c2ccc(Br)s2)nc1C,270.15,2.98,38.67,0,4,1,2,1,<rdkit.Chem.rdchem.Mol object at 0x000001CB27455BD0>,False,False
TRZ00841,Cc1nnc(-c2ccc(Cl)c(S(N)(=O)=O)c2)nc1C,298.75,1.46,98.83,1,5,2,2,1,<rdkit.Chem.rdchem.Mol object at 0x000001CB27455C40>,False,False
TRZ00842,Cc1nnc(-c2cc(F)cc(F)c2)nc1C,221.21,2.43,38.67,0,3,1,2,1,<rdkit.Chem.rdchem.Mol object at 0x000001CB27455CB0>,False,False
TRZ00843,CSc1ncccc1-c1nnc(C)c(C)n1,232.31,2.27,51.56,0,5,2,2,1,<rdkit.Chem.rdchem.Mol object at 0x000001CB27455D20>,False,False
TRZ00844,Cc1nnc(-c2ncn[nH]2)nc1C,176.18,0.27,80.24,1,5,1,2,1,<rdkit.Chem.rdchem.Mol object at 0x000001CB27455D90>,False,False
TRZ00845,Cc1nnc(-c2ccc(OC(F)(F)F)cc2)nc1C,269.23,3.05,47.9,0,4,2,2,1,<rdkit.Chem.rdchem.Mol object at 0x000001CB27455E00>,False,False
TRZ00846,Cc1nnc(Cc2ccc(O)cc2)nc1C,215.26,1.78,58.9,1,4,2,2,1,<rdkit.Chem.rdchem.Mol object at 0x000001CB27455E70>,False,False
TRZ00847,Cc1nn(C)cc1-c1nnc(C)c(C)n1,203.25,1.2,56.49,0,4,1,2,1,<rdkit.Chem.rdchem.Mol object at 0x000001CB27455EE0>,False,False
TRZ00848,Cc1nnc(-c2ccn[nH]2)nc1C,175.19,0.88,67.35,1,4,1,2,1,<rdkit.Chem.rdchem.Mol object at 0x000001CB27455F50>,False,False
TRZ00849,Cc1nnc(-c2cc(-c3ccccc3)on2)nc1C,252.28,2.81,64.7,0,5,2,3,1,<rdkit.Chem.rdchem.Mol object at 0x000001CB27455FC0>,False,False
TRZ00850,Cc1nnc(Cc2ccccn2)nc1C,200.25,1.47,51.56,0,4,2,2,1,<rdkit.Chem.rdchem.Mol object at 0x000001CB27456030>,False,False
TRZ00851,Cc1nnc(-c2ccc(-c3ccccc3)s2)nc1C,267.36,3.88,38.67,0,4,2,3,1,<rdkit.Chem.rdchem.Mol object at 0x000001CB274560A0>,False,False
TRZ00852,Cc1nnc(-c2cn[nH]c2)nc1C,175.19,0.88,67.35,1,4,1,2,1,<rdkit.Chem.rdchem.Mol object at 0x000001CB27456110>,False,False
TRZ00853,Cc1nnc(-c2cn3ccsc3n2)nc1C,231.28,1.86,55.97,0,5,1,3,1,<rdkit.Chem.rdchem.Mol object at 0x000001CB27456180>,False,False
TRZ00854,Cc1nnc(-c2ccc3nccn3c2)nc1C,225.25,1.8,55.97,0,4,1,3,1,<rdkit.Chem.rdchem.Mol object at 0x000001CB274561F0>,False,False
TRZ00855,Cc1nnc(-c2nn(C)c3ccccc23)nc1C,239.28,2.04,56.49,0,4,1,3,1,<rdkit.Chem.rdchem.Mol object at 0x000001CB27456260>,False,False
TRZ00856,COc1ccccc1SCc1nnc(C)c(C)n1,261.35,2.79,47.9,0,5,4,2,1,<rdkit.Chem.rdchem.Mol object at 0x000001CB274562D0>,False,False
TRZ00857,Cc1nnc(CSc2ccccc2O)nc1C,247.32,2.49,58.9,1,5,3,2,1,<rdkit.Chem.rdchem.Mol object at 0x000001CB27456340>,False,False
TRZ00858,Cc1nnc(-c2cc(Br)ccn2)nc1C,265.11,2.31,51.56,0,4,1,2,1,<rdkit.Chem.rdchem.Mol object at 0x000001CB274563B0>,False,False
TRZ00859,Cc1nsc(-c2nnc(C)c(C)n2)n1,207.26,1.32,64.45,0,6,1,2,1,<rdkit.Chem.rdchem.Mol object at 0x000001CB27456420>,False,False
TRZ00860,Cc1nnc(-c2cc(-c3ccc(F)cc3)nc3ccccc23)nc1C,330.37,4.51,51.56,0,4,2,4,1,<rdkit.Chem.rdchem.Mol object at 0x000001CB27456490>,False,False
TRZ00861,CCCOc1ccc(-c2nnc(C)c(C)n2)cc1OC,273.34,2.95,57.13,0,5,5,2,1,<rdkit.Chem.rdchem.Mol object at 0x000001CB27456500>,False,False
TRZ00862,Cc1nnc(-c2nn(CCC(C)C)c(=O)c3ccccc23)nc1C,323.4,2.91,73.56,0,5,4,3,1,<rdkit.Chem.rdchem.Mol object at 0x000001CB27456570>,False,False
TRZ00863,Cc1nnc(-c2nn(-c3ccccc3)cc2O)nc1C,267.29,2.05,76.72,1,5,2,3,1,<rdkit.Chem.rdchem.Mol object at 0x000001CB274565E0>,False,False
TRZ00864,Cc1ccc(-c2cc(-c3nnc(C)c(C)n3)[nH]n2)cc1,265.32,2.85,67.35,1,4,2,3,1,<rdkit.Chem.rdchem.Mol object at 0x000001CB27456650>,False,False
TRZ00865,Cc1nnc(-c2cc(N)cc([N+](=O)[O-])c2)nc1C,245.24,1.65,107.83,1,6,2,2,1,<rdkit.Chem.rdchem.Mol object at 0x000001CB274566C0>,False,False
TRZ00866,CSc1ccc(-c2nnc(C)c(C)n2)cc1,231.32,2.88,38.67,0,4,2,2,1,<rdkit.Chem.rdchem.Mol object at 0x000001CB27456730>,False,False
TRZ00867,CCc1ccc(-c2nnc(C)c(C)n2)cc1,213.28,2.72,38.67,0,3,2,2,1,<rdkit.Chem.rdchem.Mol object at 0x000001CB274567A0>,False,False
TRZ00868,Cc1nnc(CNC(=O)COc2ccccc2)nc1C,272.31,1.18,77.0,1,5,5,2,1,<rdkit.Chem.rdchem.Mol object at 0x000001CB27456810>,False,False
TRZ00869,Cc1nnc(-c2cccc(S(=O)(=O)N3CCCC3)c2)nc1C,318.4,1.94,76.05,0,5,3,2,1,<rdkit.Chem.rdchem.Mol object at 0x000001CB27456880>,False,False
TRZ00870,CCCCOc1ccc(-c2nnc(C)c(C)n2)cc1OC,287.36,3.34,57.13,0,5,6,2,1,<rdkit.Chem.rdchem.Mol object at 0x000001CB274568F0>,False,False
TRZ00871,Cc1nc(C)c(-c2nnc(C)c(C)n2)s1,220.3,2.23,51.56,0,5,1,2,1,<rdkit.Chem.rdchem.Mol object at 0x000001CB27456960>,False,False
TRZ00872,Cc1csc(-c2nnc(C)c(C)n2)c1Cl,239.73,3.18,38.67,0,4,1,2,1,<rdkit.Chem.rdchem.Mol object at 0x000001CB274569D0>,False,False
TRZ00873,CCc1nc2ccccc2n1Cc1nnc(C)c(C)n1,267.34,2.45,56.49,0,4,3,3,1,<rdkit.Chem.rdchem.Mol object at 0x000001CB27456A40>,False,False
TRZ00874,Cc1nnc(-c2ccc(S(=O)(=O)N3CCCC3)cc2)nc1C,318.4,1.94,76.05,0,5,3,2,1,<rdkit.Chem.rdchem.Mol object at 0x000001CB27456AB0>,False,False
TRZ00875,Cc1ccc(-c2nnc(C)c(C)n2)o1,189.22,2.06,51.81,0,4,1,2,1,<rdkit.Chem.rdchem.Mol object at 0x000001CB27456B20>,False,False
TRZ00876,COc1ccc(-c2ccc(-c3nnc(C)c(C)n3)c(C)n2)cc1,306.37,3.53,60.79,0,5,3,3,1,<rdkit.Chem.rdchem.Mol object at 0x000001CB27456B90>,False,False
TRZ00877,CCOc1ccccc1-c1nnc(C)c(C)n1,229.28,2.55,47.9,0,4,3,2,1,<rdkit.Chem.rdchem.Mol object at 0x000001CB27456C00>,False,False
TRZ00878,CCOc1cccc(-c2nnc(C)c(C)n2)c1,229.28,2.55,47.9,0,4,3,2,1,<rdkit.Chem.rdchem.Mol object at 0x000001CB27456C70>,False,False
TRZ00879,Cc1nnc(C(NC(=O)OC(C)(C)C)c2ccccc2)nc1C,314.39,3.1,77.0,1,5,3,2,1,<rdkit.Chem.rdchem.Mol object at 0x000001CB27456CE0>,False,False
TRZ00880,Cc1nnc(COc2ccccc2C#N)nc1C,240.27,1.94,71.69,0,5,3,2,1,<rdkit.Chem.rdchem.Mol object at 0x000001CB27456D50>,False,False
TRZ00881,Cc1ccc(C(=O)Nc2ccccc2-c2nnc(C)c(C)n2)cc1,318.38,3.72,67.77,1,4,3,3,1,<rdkit.Chem.rdchem.Mol object at 0x000001CB27456DC0>,False,False
TRZ00882,Cc1ccc(-c2nnc(C)c(C)n2)s1,205.29,2.53,38.67,0,4,1,2,1,<rdkit.Chem.rdchem.Mol object at 0x000001CB27456E30>,False,False
TRZ00883,Cc1nnc(-c2cc(-c3ccncc3)nc3ccccc23)nc1C,313.36,3.77,64.45,0,5,2,4,1,<rdkit.Chem.rdchem.Mol object at 0x000001CB27456EA0>,False,False
TRZ00884,Cc1nnc(Cc2ccccc2O)nc1C,215.26,1.78,58.9,1,4,2,2,1,<rdkit.Chem.rdchem.Mol object at 0x000001CB27456F10>,False,False
TRZ00885,COc1cc(-c2nnc(C)c(C)n2)cc(OCc2ccccc2)c1OC,351.41,3.75,66.36,0,6,6,3,1,<rdkit.Chem.rdchem.Mol object at 0x000001CB27456F80>,False,False
TRZ00886,Cc1nnc(-c2cc(F)ccc2N)nc1C,218.23,1.88,64.69,1,4,1,2,1,<rdkit.Chem.rdchem.Mol object at 0x000001CB27456FF0>,False,False
TRZ00887,Cc1nnc(-c2cc(-c3ccc(Br)cc3)on2)nc1C,331.17,3.57,64.7,0,5,2,3,1,<rdkit.Chem.rdchem.Mol object at 0x000001CB27457060>,False,False
TRZ00888,Cc1nnc(CS(=O)(=O)Nc2ncccn2)nc1C,280.31,0.22,110.62,1,7,4,2,1,<rdkit.Chem.rdchem.Mol object at 0x000001CB274570D0>,False,False
TRZ00889,Cc1nnc(-c2cn(C3CC3)c3cc(N4CCN(C(=O)c5ccccc5)CC4)c(F)cc3c2=O)nc1C,498.56,3.91,84.22,0,6,4,4,1,<rdkit.Chem.rdchem.Mol object at 0x000001CB27457140>,False,False
TRZ00890,CNc1nc2ccc(-c3nnc(C)c(C)n3)cc2[nH]1,254.3,2.07,79.38,2,5,2,3,1,<rdkit.Chem.rdchem.Mol object at 0x000001CB274571B0>,False,False
TRZ00891,Cc1nnc(-c2ccc3nc(NCCN4CCOCC4)[nH]c3c2)nc1C,353.43,1.78,91.85,2,7,5,3,1,<rdkit.Chem.rdchem.Mol object at 0x000001CB27457220>,False,False
TRZ00892,Cc1nnc(-c2n[nH]c3ccccc23)nc1C,225.26,2.03,67.35,1,4,1,3,1,<rdkit.Chem.rdchem.Mol object at 0x000001CB27457290>,False,False
TRZ00893,Cc1nnc(CNC(=O)c2ccc(F)cc2)nc1C,260.27,1.56,67.77,1,4,3,2,1,<rdkit.Chem.rdchem.Mol object at 0x000001CB27457300>,False,False
TRZ00894,Cc1nnc(CCc2nc3ccccc3[nH]2)nc1C,253.31,2.15,67.35,1,4,3,3,1,<rdkit.Chem.rdchem.Mol object at 0x000001CB27457370>,False,False
TRZ00895,Cc1nnc(CSCc2ccc(Cl)cc2Cl)nc1C,314.24,4.23,38.67,0,4,4,2,1,<rdkit.Chem.rdchem.Mol object at 0x000001CB274573E0>,False,False
TRZ00896,COc1ccccc1NC(=O)N[C@@H](Cc1c[nH]c2ccccc12)c1nnc(C)c(C)n1,416.49,4.08,104.82,3,5,6,4,1,<rdkit.Chem.rdchem.Mol object at 0x000001CB27457450>,False,False
TRZ00897,CCCCc1nc2ccccc2n1Cc1nnc(C)c(C)n1,295.39,3.23,56.49,0,4,5,3,1,<rdkit.Chem.rdchem.Mol object at 0x000001CB274574C0>,False,False
TRZ00898,CCn1cnc2c1c(=O)n(Cc1nnc(C)c(C)n1)c(=O)n2Cc1ccccc1,391.44,1.28,100.49,0,6,5,4,1,<rdkit.Chem.rdchem.Mol object at 0x000001CB27457530>,False,False
TRZ00899,Cc1nnc(C2CN(S(C)(=O)=O)c3cc(Cl)ccc3O2)nc1C,354.82,2.04,85.28,0,6,2,2,1,<rdkit.Chem.rdchem.Mol object at 0x000001CB274575A0>,False,False
TRZ00900,Cc1nnc(-c2cccc(S(=O)(=O)Nc3cccc(C(F)(F)F)c3)c2)nc1C,408.41,3.98,84.84,1,5,4,3,1,<rdkit.Chem.rdchem.Mol object at 0x000001CB27457610>,False,False
TRZ00901,Cc1nc(C)c(-c2nnc(-c3ccccc3Cl)o2)cc1-c1nnc(C)c(C)n1,392.85,4.54,90.48,0,7,3,4,1,<rdkit.Chem.rdchem.Mol object at 0x000001CB27457680>,False,False
TRZ00902,COc1ccc2c(c1)C(Cc1nnc(C)c(C)n1)CCC2,283.38,3.16,47.9,0,4,3,2,1,<rdkit.Chem.rdchem.Mol object at 0x000001CB274576F0>,False,False
TRZ00903,Cc1nnc(-c2[nH]cnc2N=NN(C)C2CCCCC2)nc1C,314.4,3.14,95.31,1,6,4,2,1,<rdkit.Chem.rdchem.Mol object at 0x000001CB27457760>,False,False
TRZ00904,Cc1nnc(-c2cnn(Cc3ccccc3)c2N)nc1C,280.34,1.98,82.51,1,5,3,3,1,<rdkit.Chem.rdchem.Mol object at 0x000001CB274577D0>,False,False
TRZ00905,CCOc1ccc(CC(c2nnc(C)c(C)n2)c2nnc(C)c(C)n2)cc1CN(C)C,421.55,3.13,89.81,0,8,8,3,2,<rdkit.Chem.rdchem.Mol object at 0x000001CB27457840>,False,False
TRZ00906,CCn1cc(Br)c(-c2nnc(C)c(C)n2)n1,282.14,2.13,56.49,0,4,2,2,1,<rdkit.Chem.rdchem.Mol object at 0x000001CB274578B0>,False,False
TRZ00907,COc1ccc2oc(C)c(-c3nnc(C)c(C)n3)c2c1,269.3,3.22,61.04,0,5,2,3,1,<rdkit.Chem.rdchem.Mol object at 0x000001CB27457920>,False,False
TRZ00908,Cc1nnc(-c2ccc(S(=O)(=O)N3CCc4ccccc43)cc2)nc1C,366.45,2.91,76.05,0,5,3,3,1,<rdkit.Chem.rdchem.Mol object at 0x000001CB27457990>,False,False
TRZ00909,Cc1nnc(-c2ccc(COc3cccc4ccccc34)cc2)nc1C,341.41,4.89,47.9,0,4,4,4,1,<rdkit.Chem.rdchem.Mol object at 0x000001CB27457A00>,False,False
TRZ00910,Cc1nnc(-c2cc3c(N4CCC(Cc5ccccc5)CC4)ncnc3s2)nc1C,416.55,4.62,67.69,0,7,4,4,1,<rdkit.Chem.rdchem.Mol object at 0x000001CB27457A70>,False,False
TRZ00912,Cc1nnc(C=C2CCN(c3ncc(C(F)(F)F)cc3Cl)CC2)nc1C,383.81,4.24,54.8,0,5,2,2,1,<rdkit.Chem.rdchem.Mol object at 0x000001CB27457AE0>,False,False
TRZ00913,Cc1nnc(CSc2c(-c3ccccc3)c3cc(Cl)ccc3[nH]c2=O)nc1C,408.91,4.94,71.53,1,5,4,4,1,<rdkit.Chem.rdchem.Mol object at 0x000001CB27457B50>,False,False
TRZ00914,COc1ccccc1-c1c(-c2ccc(OCc3nnc(C)c(C)n3)cc2O)n[nH]c1C(F)(F)F,471.44,4.86,106.04,2,7,6,4,1,<rdkit.Chem.rdchem.Mol object at 0x000001CB27457BC0>,False,False
TRZ00915,COc1ccccc1-c1cn[nH]c1-c1ccc(OCc2nnc(C)c(C)n2)cc1O,403.44,3.84,106.04,2,7,6,4,1,<rdkit.Chem.rdchem.Mol object at 0x000001CB27457C30>,False,False
TRZ00916,COc1ccc(-c2c(-c3ccc(OCc4nnc(C)c(C)n4)cc3O)n[nH]c2C(F)(F)F)cc1,471.44,4.86,106.04,2,7,6,4,1,<rdkit.Chem.rdchem.Mol object at 0x000001CB27457CA0>,False,False
TRZ00917,COc1ccccc1NS(=O)(=O)c1cccc(-c2nnc(C)c(C)n2)c1,370.43,2.96,94.07,1,6,5,3,1,<rdkit.Chem.rdchem.Mol object at 0x000001CB27457D10>,False,False
TRZ00918,Cc1nnc(-c2ccc(COc3ccccc3)cc2)nc1C,291.35,3.73,47.9,0,4,4,3,1,<rdkit.Chem.rdchem.Mol object at 0x000001CB27457D80>,False,False
TRZ00919,COc1cc(Cl)ccc1NC(=O)COc1ccccc1-c1nnc(C)c(C)n1,398.85,3.83,86.23,1,6,6,3,1,<rdkit.Chem.rdchem.Mol object at 0x000001CB27457DF0>,False,False
TRZ00920,Cc1nnc(COc2ccc(C3SCCS3)cc2)nc1C,319.46,3.55,47.9,0,6,4,2,1,<rdkit.Chem.rdchem.Mol object at 0x000001CB27457E60>,False,False
TRZ00921,Cc1nnc(-c2cc3ncc(C(F)(F)F)cc3s2)nc1C,310.3,3.78,51.56,0,5,1,3,1,<rdkit.Chem.rdchem.Mol object at 0x000001CB27457ED0>,False,False
TRZ00922,Cc1nnc(CNC(=O)c2ccccc2[N+](=O)[O-])nc1C,287.28,1.33,110.91,1,6,4,2,1,<rdkit.Chem.rdchem.Mol object at 0x000001CB27457F40>,False,False
TRZ00923,CSc1sc(-c2nnc(C)c(C)n2)c2c1C(O)CCC2,307.44,3.31,58.9,1,6,2,2,1,<rdkit.Chem.rdchem.Mol object at 0x000001CB27458040>,False,False
TRZ00924,Cc1nnc(-c2csc(-c3cn(C(C)C)c(=O)n(Cc4ccccc4)c3=O)n2)nc1C,434.53,3.23,95.56,0,7,5,4,1,<rdkit.Chem.rdchem.Mol object at 0x000001CB274580B0>,False,False
TRZ00925,Cc1nnc(CN2C(=O)CSc3ccc(C(F)(F)F)cc32)nc1C,354.36,3.15,58.98,0,5,2,2,1,<rdkit.Chem.rdchem.Mol object at 0x000001CB27458120>,False,False
TRZ00927,Cc1nnc(CNC(=O)CNS(=O)(=O)c2ccccc2)nc1C,335.39,0.08,113.94,2,6,6,2,1,<rdkit.Chem.rdchem.Mol object at 0x000001CB27458190>,False,False
TRZ00930,Cc1nnc(C23CC4CC(C2)CC(n2ncnn2)(C4)C3)nc1C,311.39,1.72,82.27,0,6,2,2,1,<rdkit.Chem.rdchem.Mol object at 0x000001CB27458200>,False,False
TRZ00931,Cc1nnc(-c2cccc(S(=O)(=O)Nc3cc(Cl)ccc3Cl)c2)nc1C,409.3,4.26,84.84,1,5,4,3,1,<rdkit.Chem.rdchem.Mol object at 0x000001CB27458270>,False,False
TRZ00932,Cc1nnc(-c2nc(-c3ccccc3)n3c2CCCCC3)nc1C,319.41,3.75,56.49,0,4,2,3,1,<rdkit.Chem.rdchem.Mol object at 0x000001CB274582E0>,False,False
TRZ00933,Cc1nnc(C(Cc2c[nH]c3ccccc23)NC(=O)c2ccc(OCC(C)C)cc2)nc1C,443.55,4.72,92.79,2,5,8,4,1,<rdkit.Chem.rdchem.Mol object at 0x000001CB27458350>,False,False
TRZ00934,Cc1nnc(-c2ccc(CN3CCCCC3)o2)nc1C,272.35,2.73,55.05,0,5,3,2,1,<rdkit.Chem.rdchem.Mol object at 0x000001CB274583C0>,False,False
TRZ00935,CCOC(=O)c1cc(-c2nnc(C)c(C)n2)c(C)nc1C,286.33,2.34,77.86,0,6,3,2,1,<rdkit.Chem.rdchem.Mol object at 0x000001CB27458430>,False,False
TRZ00936,CCOC(=O)C1C(C(=O)Nc2ccccc2)C1c1nnc(C)c(C)n1,340.38,2.02,94.07,1,6,5,2,1,<rdkit.Chem.rdchem.Mol object at 0x000001CB274584A0>,False,False
TRZ00937,Cc1nnc(C(C)Oc2ccc(-c3nccc(-c4ccccn4)n3)cc2)nc1C,384.44,4.15,86.57,0,7,5,4,1,<rdkit.Chem.rdchem.Mol object at 0x000001CB27458510>,False,False
TRZ00938,CCOc1ccc(S(=O)(=O)Nc2ccc(-c3nnc(C)c(C)n3)cc2)cc1,384.46,3.35,94.07,1,6,6,3,1,<rdkit.Chem.rdchem.Mol object at 0x000001CB27458580>,False,False
TRZ00939,Cc1nnc(C2CCCn3c2nc2sc4c(c2c3=O)CCCC4)nc1C,367.48,3.06,73.56,0,6,1,3,1,<rdkit.Chem.rdchem.Mol object at 0x000001CB274585F0>,False,False
TRZ00940,Cc1nnn(C23CC4CC(CC(c5nnc(C)c(C)n5)(C4)C2)C3)n1,325.42,2.03,82.27,0,6,2,2,1,<rdkit.Chem.rdchem.Mol object at 0x000001CB27458660>,False,False
TRZ00941,Cc1nnc(CSc2nnc(-c3ccncc3)o2)nc1C,300.35,2.23,90.48,0,8,4,3,1,<rdkit.Chem.rdchem.Mol object at 0x000001CB274586D0>,False,False
TRZ00942,Cc1nnc(Cn2c(SCc3ccccc3)nc3ccccc32)nc1C,361.47,4.18,56.49,0,5,5,4,1,<rdkit.Chem.rdchem.Mol object at 0x000001CB27458740>,False,False
TRZ00943,Cc1nnc(CSc2nc(-c3ccccc3)nc3c2CCCC3)nc1C,363.49,4.12,64.45,0,6,4,3,1,<rdkit.Chem.rdchem.Mol object at 0x000001CB274587B0>,False,False
TRZ00944,Cc1nnc(C(C)Oc2ccc(F)cc2)nc1C,247.27,2.77,47.9,0,4,3,2,1,<rdkit.Chem.rdchem.Mol object at 0x000001CB27458820>,False,False
TRZ00945,Cc1nnc(C(C)Oc2ccc3c(C(F)(F)F)cc(=O)oc3c2)nc1C,365.31,3.75,78.11,0,6,3,3,1,<rdkit.Chem.rdchem.Mol object at 0x000001CB27458890>,False,False
TRZ00946,Cc1nnc(-c2cncn2-c2ccc(F)cc2)nc1C,269.28,2.48,56.49,0,4,2,3,1,<rdkit.Chem.rdchem.Mol object at 0x000001CB27458900>,False,False
TRZ00947,Cc1nnc(-c2nn(-c3ccc(Cl)cc3)ccc2=O)nc1C,313.75,2.35,73.56,0,5,2,3,1,<rdkit.Chem.rdchem.Mol object at 0x000001CB27458970>,False,False
TRZ00948,Cc1nnc(COc2cccc(Oc3ccccc3)c2)nc1C,307.35,3.86,57.13,0,5,5,3,1,<rdkit.Chem.rdchem.Mol object at 0x000001CB274589E0>,False,False
TRZ00949,Cc1nnc(/C(=C/c2cccs2)NC(=O)c2ccccc2Cl)nc1C,370.87,4.13,67.77,1,5,4,3,1,<rdkit.Chem.rdchem.Mol object at 0x000001CB27458A50>,False,False
TRZ00950,Cc1nnc(/C(=N/Nc2ccc(Cl)cc2)S(=O)(=O)c2ccc(Cl)cc2)nc1C,436.32,4.04,97.2,1,7,4,3,1,<rdkit.Chem.rdchem.Mol object at 0x000001CB27458AC0>,False,False
TRZ00951,Cc1nnc(CSc2nn(C)c(=O)n(C)c2=O)nc1C,294.34,-0.43,95.56,0,7,3,2,1,<rdkit.Chem.rdchem.Mol object at 0x000001CB27458B30>,False,False
TRZ00952,Cc1nnc(CCCOc2ccc3c(CC(N)=O)c(C)n(Cc4ccccc4)c3c2)nc1C,443.55,3.84,95.92,1,5,9,4,1,<rdkit.Chem.rdchem.Mol object at 0x000001CB27458BA0>,False,False
TRZ00953,Cc1nnc(-c2nc3c(=O)[nH]c4cc(Cl)ccc4n3n2)nc1C,327.74,1.69,101.72,1,6,1,4,1,<rdkit.Chem.rdchem.Mol object at 0x000001CB27458C10>,False,False
TRZ00954,Cc1nnc(CC(=O)Nc2ccccc2C(=O)O)nc1C,286.29,1.37,105.07,2,5,4,2,1,<rdkit.Chem.rdchem.Mol object at 0x000001CB27458C80>,False,False
TRZ00955,Cc1nnc(Cc2ccc(-n3c(C)ccc3C)cc2)nc1C,292.39,3.49,43.6,0,3,3,3,1,<rdkit.Chem.rdchem.Mol object at 0x000001CB27458CF0>,False,False
TRZ00956,Cc1nnc(-c2cccc(-n3cccc3)c2)nc1C,250.31,2.95,43.6,0,3,2,3,1,<rdkit.Chem.rdchem.Mol object at 0x000001CB27458D60>,False,False
TRZ00957,Cc1nnc(-c2ccc(N3CCc4ccccc43)c([N+](=O)[O-])c2)nc1C,347.38,3.76,85.05,0,6,3,3,1,<rdkit.Chem.rdchem.Mol object at 0x000001CB27458DD0>,False,False
TRZ00958,Cc1nnc(-c2cc(-c3ccc(Cl)cc3)nn2CC(O)COc2ccc(Cl)cc2)nc1C,470.36,4.77,85.95,1,6,7,4,1,<rdkit.Chem.rdchem.Mol object at 0x000001CB27458E40>,False,False
TRZ00959,Cc1nnc(CC(=O)Nc2ccc(Cl)c(Cl)c2)nc1C,311.17,2.98,67.77,1,4,3,2,1,<rdkit.Chem.rdchem.Mol object at 0x000001CB27458EB0>,False,False
TRZ00960,Cc1nnc(CC(=O)Nc2ccc(F)c(Cl)c2)nc1C,294.72,2.46,67.77,1,4,3,2,1,<rdkit.Chem.rdchem.Mol object at 0x000001CB27458F20>,False,False
TRZ00961,Cc1nnc(CNC(=O)c2cc(C34CC5CC(CC(C5)C3)C4)c3ccccc3n2)nc1C,427.55,4.43,80.66,1,5,4,3,1,<rdkit.Chem.rdchem.Mol object at 0x000001CB27458F90>,False,False
TRZ00964,Cc1nnc(-c2nnn(Nc3ccc(F)cc3)c2C)nc1C,299.31,2.07,81.41,1,6,3,3,1,<rdkit.Chem.rdchem.Mol object at 0x000001CB27459000>,False,False
TRZ00967,Cc1nnc(-c2ccc(S(=O)(=O)c3ccc(N)cc3)cc2)nc1C,340.41,2.57,98.83,1,6,3,3,1,<rdkit.Chem.rdchem.Mol object at 0x000001CB27459070>,False,False
TRZ00968,Cc1nnc([C@H](Cc2cnc[nH]2)NC(=O)[C@@H](N)Cc2ccccc2)nc1C,365.44,1.18,122.47,3,6,7,3,1,<rdkit.Chem.rdchem.Mol object at 0x000001CB274590E0>,False,False
TRZ00969,Cc1nnc([C@H](Cc2cnc[nH]2)NC(=O)[C@@H](N)CC(C)C)nc1C,331.42,0.98,122.47,3,6,7,2,1,<rdkit.Chem.rdchem.Mol object at 0x000001CB27459150>,False,False
TRZ00970,Cc1nnc(-c2cc(-c3ccccc3)nn2CC(O)COc2ccc(Cl)cc2)nc1C,435.92,4.11,85.95,1,6,7,4,1,<rdkit.Chem.rdchem.Mol object at 0x000001CB274591C0>,False,False
TRZ00971,COc1ccccc1OCC(O)Cn1nc(-c2ccccc2)cc1-c1nnc(C)c(C)n1,431.5,3.47,95.18,1,7,8,4,1,<rdkit.Chem.rdchem.Mol object at 0x000001CB27459230>,False,False
TRZ00972,COc1ccccc1OCC(O)Cn1nc(-c2ccc(Cl)cc2)cc1-c1nnc(C)c(C)n1,465.94,4.12,95.18,1,7,8,4,1,<rdkit.Chem.rdchem.Mol object at 0x000001CB274592A0>,False,False
TRZ00973,COc1ccc(-c2cc(-c3nnc(C)c(C)n3)n(CC(O)COc3ccc(Cl)cc3)n2)cc1,465.94,4.12,95.18,1,7,8,4,1,<rdkit.Chem.rdchem.Mol object at 0x000001CB27459310>,False,False
TRZ00974,COc1ccc(-c2cc(-c3nnc(C)c(C)n3)n(CC(O)COc3ccccc3OC)n2)cc1,461.52,3.48,104.41,1,8,9,4,1,<rdkit.Chem.rdchem.Mol object at 0x000001CB27459380>,False,False
TRZ00975,Cc1nnc(-c2sc(NC(=O)NC3CCCCC3)nc2C)nc1C,346.46,3.37,92.69,2,6,3,2,1,<rdkit.Chem.rdchem.Mol object at 0x000001CB274593F0>,False,False
TRZ00976,Cc1nnc(-c2cn(COCCO)c3ccc(F)cc3c2=O)nc1C,344.35,1.58,90.13,1,6,5,3,1,<rdkit.Chem.rdchem.Mol object at 0x000001CB27459460>,False,False
TRZ00977,Cc1nnc(-c2cn(COCCO)c3ccc(Cl)cc3c2=O)nc1C,360.8,2.09,90.13,1,6,5,3,1,<rdkit.Chem.rdchem.Mol object at 0x000001CB274594D0>,False,False
TRZ00978,Cc1cc(O)ccc1-n1cc(-c2nnc(C)c(C)n2)c(=O)c2ccc(-c3ccncc3)cc21,435.49,4.54,93.79,1,6,3,5,1,<rdkit.Chem.rdchem.Mol object at 0x000001CB27459540>,False,False
TRZ00982,Cc1nnc(C2=C(O)c3ccccc3S(=O)(=O)N2)nc1C,304.33,1.16,105.07,2,6,1,2,1,<rdkit.Chem.rdchem.Mol object at 0x000001CB274595B0>,False,False
TRZ00984,Cc1nnc(CCn2ccc(=O)[nH]c2=O)nc1C,247.26,-0.42,93.53,1,5,3,2,1,<rdkit.Chem.rdchem.Mol object at 0x000001CB27459620>,False,False
TRZ00985,Cc1nnc(CNc2ccc(N3CCOCC3)nc2)nc1C,300.37,1.33,76.06,1,7,4,2,1,<rdkit.Chem.rdchem.Mol object at 0x000001CB27459690>,False,False
TRZ00987,Cc1nnc(Cc2nc3sc4c(c3c(=O)[nH]2)CCCC4)nc1C,327.41,2.26,84.42,1,6,2,3,1,<rdkit.Chem.rdchem.Mol object at 0x000001CB27459700>,False,False
TRZ00988,Cc1nnc(CC(=O)Nc2cc(Cl)cc(Cl)c2)nc1C,311.17,2.98,67.77,1,4,3,2,1,<rdkit.Chem.rdchem.Mol object at 0x000001CB27459770>,False,False
TRZ00989,COc1ccc(OC)c(NC(=O)Cc2nnc(C)c(C)n2)c1,302.33,1.69,86.23,1,6,5,2,1,<rdkit.Chem.rdchem.Mol object at 0x000001CB274597E0>,False,False
TRZ00990,COc1ccc(NC(=O)Cc2nnc(C)c(C)n2)c(OC)c1,302.33,1.69,86.23,1,6,5,2,1,<rdkit.Chem.rdchem.Mol object at 0x000001CB27459850>,False,False
TRZ00991,CCCc1ccc(NC(=O)Cc2nnc(C)c(C)n2)cc1,284.36,2.62,67.77,1,4,5,2,1,<rdkit.Chem.rdchem.Mol object at 0x000001CB274598C0>,False,False
TRZ00992,Cc1nnc(-c2cc(CC3CC4CCC3C4)c3ccccc3n2)nc1C,344.46,4.68,51.56,0,4,3,3,1,<rdkit.Chem.rdchem.Mol object at 0x000001CB27459930>,False,False
TRZ00995,COC1CCCC(c2cc(-c3nnc(C)c(C)n3)nc3ccccc23)C1,348.45,4.38,60.79,0,5,3,3,1,<rdkit.Chem.rdchem.Mol object at 0x000001CB274599A0>,False,False
TRZ00996,COC1CCC(c2cc(-c3nnc(C)c(C)n3)nc3ccccc23)CC1,348.45,4.38,60.79,0,5,3,3,1,<rdkit.Chem.rdchem.Mol object at 0x000001CB27459A10>,False,False
TRZ00997,Cc1nnc(/C=C/c2ccc(-c3ccccc3)cc2)nc1C,287.37,4.33,38.67,0,3,3,3,1,<rdkit.Chem.rdchem.Mol object at 0x000001CB27459A80>,False,False
TRZ00999,CCN1CCN(CCCNc2ccc(Nc3c(-c4nnc(C)c(C)n4)cnc4ccccc34)cc2)CC1,496.66,4.89,82.1,2,8,9,4,1,<rdkit.Chem.rdchem.Mol object at 0x000001CB27459AF0>,False,False
TRZ01000,Cc1nnc(-c2nc(N)nc(Nc3ccccc3)n2)nc1C,294.32,1.67,115.39,2,8,3,3,1,<rdkit.Chem.rdchem.Mol object at 0x000001CB27459B60>,False,False
TRZ01001,Cc1nnc(-c2nc(N)nc(Nc3ccc(Cl)cc3)n2)nc1C,328.77,2.32,115.39,2,8,3,3,1,<rdkit.Chem.rdchem.Mol object at 0x000001CB27459BD0>,False,False
TRZ01002,Cc1ccc(Nc2nc(N)nc(-c3nnc(C)c(C)n3)n2)cc1,308.35,1.97,115.39,2,8,3,3,1,<rdkit.Chem.rdchem.Mol object at 0x000001CB27459C40>,False,False
TRZ01003,Cc1nnc(-c2nc([N+](=O)[O-])cn2Cc2ccc(OC(F)(F)F)cc2)nc1C,394.31,3.21,108.86,0,7,5,3,1,<rdkit.Chem.rdchem.Mol object at 0x000001CB27459CB0>,False,False
TRZ01004,Cc1nnc(-c2ccc3[nH]c4c(c3c2)CCC/C4=N\N)nc1C,306.37,2.64,92.84,2,5,1,3,1,<rdkit.Chem.rdchem.Mol object at 0x000001CB27459D20>,False,False
TRZ01005,COc1ccccc1Oc1cn[nH]c1-c1ccc(OCc2nnc(C)c(C)n2)cc1O,419.44,3.96,115.27,2,8,7,4,1,<rdkit.Chem.rdchem.Mol object at 0x000001CB27459D90>,False,False
TRZ01006,Cc1nnc(Cn2c(C3CC3)nc3cc(Cl)c(Cl)cc32)nc1C,348.24,4.07,56.49,0,4,3,3,1,<rdkit.Chem.rdchem.Mol object at 0x000001CB27459E00>,False,False
TRZ01007,Cc1nnc(C(Cc2ccccc2)NC(=O)c2ccccc2N)nc1C,347.42,2.78,93.79,2,5,5,3,1,<rdkit.Chem.rdchem.Mol object at 0x000001CB27459E70>,False,False
TRZ01008,CCN1C(=O)c2cccc3c(S(=O)(=O)N4CCC[C@@H]4c4nnc(C)c(C)n4)ccc1c23,437.53,3.15,96.36,0,6,4,3,1,<rdkit.Chem.rdchem.Mol object at 0x000001CB27459EE0>,False,False
TRZ01010,COc1cc(/C=C/C(=O)Nc2ccc(Cc3nnc(C)c(C)n3)cc2)ccc1O,390.44,3.45,97.23,2,6,6,3,1,<rdkit.Chem.rdchem.Mol object at 0x000001CB27459F50>,False,False
TRZ01011,COc1cc(/C=C/C(=O)Nc2ccc(CCc3nnc(C)c(C)n3)cc2)ccc1O,404.47,3.64,97.23,2,6,7,3,1,<rdkit.Chem.rdchem.Mol object at 0x000001CB27459FC0>,False,False
TRZ01012,Cc1nnc(-c2nc(-c3ccccc3)cc(-c3ccc(CO)cc3)n2)nc1C,369.43,3.77,84.68,1,6,4,4,1,<rdkit.Chem.rdchem.Mol object at 0x000001CB2745A030>,False,False
TRZ01015,COc1cccc(-c2cc(-c3cccc(OC)c3)nc(-c3nnc(C)c(C)n3)n2)c1,399.45,4.3,82.91,0,7,5,4,1,<rdkit.Chem.rdchem.Mol object at 0x000001CB2745A0A0>,False,False
TRZ01016,CCOc1ccc(-c2cc(-c3ccccc3)nc(-c3nnc(C)c(C)n3)n2)cc1,383.46,4.68,73.68,0,6,5,4,1,<rdkit.Chem.rdchem.Mol object at 0x000001CB2745A110>,False,False
TRZ01017,COc1ccc(-c2cc(-c3ccccc3)nc(-c3nnc(C)c(C)n3)n2)cc1,369.43,4.29,73.68,0,6,4,4,1,<rdkit.Chem.rdchem.Mol object at 0x000001CB2745A180>,False,False
TRZ01018,Cc1nnc(-c2nc(-c3ccccc3)cc(-c3ccc(O)cc3)n2)nc1C,355.4,3.99,84.68,1,6,3,4,1,<rdkit.Chem.rdchem.Mol object at 0x000001CB2745A1F0>,False,False
TRZ01019,Cc1nnc(CSc2nc3ccccc3c(=O)n2Cc2ccc3c(c2)OCO3)nc1C,433.49,3.27,92.02,0,8,5,4,1,<rdkit.Chem.rdchem.Mol object at 0x000001CB2745A260>,False,False
TRZ01020,COCCOc1ccc(-c2cc(-c3ccccc3)nc(-c3nnc(C)c(C)n3)n2)cc1,413.48,4.3,82.91,0,7,7,4,1,<rdkit.Chem.rdchem.Mol object at 0x000001CB2745A2D0>,False,False
TRZ01022,COCc1ccc(-c2cc(-c3ccccc3)nc(-c3nnc(C)c(C)n3)n2)cc1,383.46,4.43,73.68,0,6,5,4,1,<rdkit.Chem.rdchem.Mol object at 0x000001CB2745A340>,False,False
TRZ01023,COc1ccc(-c2cc(-c3ccc(OC)cc3)nc(-c3nnc(C)c(C)n3)n2)cc1,399.45,4.3,82.91,0,7,5,4,1,<rdkit.Chem.rdchem.Mol object at 0x000001CB2745A3B0>,False,False
TRZ01024,Cc1nnc(COc2ccc3c4c(c(=O)oc3c2Br)CCCC4)nc1C,416.28,3.82,78.11,0,6,3,3,1,<rdkit.Chem.rdchem.Mol object at 0x000001CB2745A420>,False,False
TRZ01025,COc1ccc(-c2cc(N3Cc4ccccc4C3)nc(-c3nnc(C)c(C)n3)n2)cc1,410.48,4.14,76.92,0,7,4,4,1,<rdkit.Chem.rdchem.Mol object at 0x000001CB2745A490>,False,False
TRZ01026,COCCNc1ccc(-c2cc(-c3cc(F)ccc3F)nc(-c3nnc(C)c(C)n3)n2)cn1,449.47,4.01,98.6,1,8,7,4,1,<rdkit.Chem.rdchem.Mol object at 0x000001CB2745A500>,False,False
TRZ01027,Cc1nnc(-c2nc(-c3ccccc3)cc(-c3ccc(N)nc3)n2)nc1C,355.41,3.26,103.36,1,7,3,4,1,<rdkit.Chem.rdchem.Mol object at 0x000001CB2745A570>,False,False
TRZ01028,COc1c(F)cc(Nc2cc3c(cc2-c2nnc(C)c(C)n2)OCCO3)cc1F,400.39,3.96,78.39,1,7,4,3,1,<rdkit.Chem.rdchem.Mol object at 0x000001CB2745A5E0>,False,False
TRZ01029,Cc1nnc(-c2nc(-c3ccc(C(F)(F)F)nc3)cc(-c3ccc(O)c(F)c3)n2)nc1C,442.38,4.54,97.57,1,7,3,4,1,<rdkit.Chem.rdchem.Mol object at 0x000001CB2745A650>,False,False
TRZ01030,COCCNc1ccc(-c2cc(-c3cccc(OC(F)F)c3)nc(-c3nnc(C)c(C)n3)n2)cn1,479.49,4.33,107.83,1,9,9,4,1,<rdkit.Chem.rdchem.Mol object at 0x000001CB2745A6C0>,False,False
TRZ01031,Cc1nnc(-c2nc(-c3ccccc3)cc(N3CCC(c4ccccc4)C3)n2)nc1C,408.51,4.61,67.69,0,6,4,4,1,<rdkit.Chem.rdchem.Mol object at 0x000001CB2745A730>,False,False
TRZ01033,COc1ccc(-c2cc(-c3ccc(C(F)(F)F)nc3)nc(-c3nnc(C)c(C)n3)n2)cc1,438.41,4.7,86.57,0,7,4,4,1,<rdkit.Chem.rdchem.Mol object at 0x000001CB2745A7A0>,False,False
TRZ01034,COc1cc(-c2cc(-c3ccc(C(F)(F)F)nc3)nc(-c3nnc(C)c(C)n3)n2)ccn1,439.4,4.1,99.46,0,8,4,4,1,<rdkit.Chem.rdchem.Mol object at 0x000001CB2745A810>,False,False
TRZ01036,Cc1nnc(-c2nc(-c3ccccc3)cc(N3CC4CSCC4C3)n2)nc1C,390.52,3.41,67.69,0,7,3,3,1,<rdkit.Chem.rdchem.Mol object at 0x000001CB2745A880>,False,False
TRZ01037,Cc1nnc(-c2nc(-c3ccccc3)cc(N3CCc4ccccc43)n2)nc1C,380.46,4.31,67.69,0,6,3,4,1,<rdkit.Chem.rdchem.Mol object at 0x000001CB2745A8F0>,False,False
TRZ01038,Cc1nnc(-c2nc(-c3ccc(C(F)(F)F)nc3)cc(-c3cccc(O)c3)n2)nc1C,424.39,4.4,97.57,1,7,3,4,1,<rdkit.Chem.rdchem.Mol object at 0x000001CB2745A960>,False,False
TRZ01039,Cc1nnc(-c2nc(-c3ccccc3)cc(N3Cc4ccccc4C3)n2)nc1C,380.46,4.13,67.69,0,6,3,4,1,<rdkit.Chem.rdchem.Mol object at 0x000001CB2745A9D0>,False,False
TRZ01040,Cc1nnc(-c2nc(-c3ccccc3)cc(N3Cc4ccccc4CC3C)n2)nc1C,408.51,4.56,67.69,0,6,3,4,1,<rdkit.Chem.rdchem.Mol object at 0x000001CB2745AA40>,False,False
TRZ01041,Cc1nnc(-c2nc(-c3ccc(N)nc3)cc(-c3ccc(C(F)(F)F)nc3)n2)nc1C,424.39,3.67,116.25,1,8,3,4,1,<rdkit.Chem.rdchem.Mol object at 0x000001CB2745AAB0>,False,False
TRZ01042,COc1cccc(-c2cc(-c3ccc(C(F)(F)F)nc3)nc(-c3nnc(C)c(C)n3)n2)c1,438.41,4.7,86.57,0,7,4,4,1,<rdkit.Chem.rdchem.Mol object at 0x000001CB2745AB20>,False,False
TRZ01043,Cc1nnc(-c2nc(-c3ccc(C(F)(F)F)nc3)cc(-c3ccco3)n2)nc1C,398.35,4.29,90.48,0,7,3,4,1,<rdkit.Chem.rdchem.Mol object at 0x000001CB2745AB90>,False,False
TRZ01044,COc1ccc(/C(=C(\C#N)c2nnc(C)c(C)n2)n2c(=O)c(=O)[nH]c3ccccc32)cc1,426.44,2.44,126.55,1,7,4,4,1,<rdkit.Chem.rdchem.Mol object at 0x000001CB2745AC00>,False,False
TRZ01046,Cc1nnc(-c2nc(-c3ccccc3)cc(-c3ccc(C(F)(F)F)nc3)n2)nc1C,408.39,4.69,77.34,0,6,3,4,1,<rdkit.Chem.rdchem.Mol object at 0x000001CB2745AC70>,False,False
TRZ01047,COc1c(F)cc(Nc2cc3c(cc2-c2nnc(C)c(C)n2)OCO3)cc1F,386.36,3.91,78.39,1,7,4,3,1,<rdkit.Chem.rdchem.Mol object at 0x000001CB2745ACE0>,False,False
TRZ01048,Cc1nnc(-c2nc(-c3ccccc3)cc(N3CCc4ccncc4C3)n2)nc1C,395.47,3.57,80.58,0,7,3,4,1,<rdkit.Chem.rdchem.Mol object at 0x000001CB2745AD50>,False,False
TRZ01049,Cc1nnc(-c2nc(-c3ccc(C(F)(F)F)nc3)cc(-c3cc[nH]c3)n2)nc1C,397.36,4.02,93.13,1,6,3,4,1,<rdkit.Chem.rdchem.Mol object at 0x000001CB2745ADC0>,False,False
TRZ01050,Cc1nnc(-c2nc(-c3ccccc3)cc(N3Cc4cccnc4C3)n2)nc1C,381.44,3.53,80.58,0,7,3,4,1,<rdkit.Chem.rdchem.Mol object at 0x000001CB2745AE30>,False,False
TRZ01054,COCCNc1ccc(-c2cc(-c3cccc(F)c3)nc(-c3nnc(C)c(C)n3)n2)cn1,431.48,3.87,98.6,1,8,7,4,1,<rdkit.Chem.rdchem.Mol object at 0x000001CB2745AEA0>,False,False
TRZ01055,COCCNc1ccc(-c2cc(-c3ccccc3)nc(-c3nnc(C)c(C)n3)n2)cn1,413.49,3.73,98.6,1,8,7,4,1,<rdkit.Chem.rdchem.Mol object at 0x000001CB2745AF10>,False,False
TRZ01056,Cc1nnc(-c2nc(-c3ccc(C(F)(F)F)nc3)cc(-c3ccsc3)n2)nc1C,414.42,4.75,77.34,0,7,3,4,1,<rdkit.Chem.rdchem.Mol object at 0x000001CB2745AF80>,False,False
TRZ01057,Cc1nnc(-c2nc(-c3ccccc3)cc(N3CCc4cnccc4C3)n2)nc1C,395.47,3.57,80.58,0,7,3,4,1,<rdkit.Chem.rdchem.Mol object at 0x000001CB2745AFF0>,False,False
TRZ01058,Cc1nnc(-c2nc(-c3ccc(C(F)(F)F)nc3)cc(-c3cncc(O)c3)n2)nc1C,425.37,3.79,110.46,1,8,3,4,1,<rdkit.Chem.rdchem.Mol object at 0x000001CB2745B060>,False,False
TRZ01059,Cc1nnc(-c2nc(-c3ccccc3)cc(N3CCc4ccccc4C3)n2)nc1C,394.48,4.18,67.69,0,6,3,4,1,<rdkit.Chem.rdchem.Mol object at 0x000001CB2745B0D0>,False,False
TRZ01060,Cc1nnc(-c2nc(-c3ccc(C(F)(F)F)nc3)cc(-c3ccnc(N)c3)n2)nc1C,424.39,3.67,116.25,1,8,3,4,1,<rdkit.Chem.rdchem.Mol object at 0x000001CB2745B140>,False,False
TRZ01061,Cc1nnc(-c2nc(-c3ccc(C(F)(F)F)nc3)cc(N3Cc4ccccc4C3)n2)nc1C,449.44,4.55,80.58,0,7,3,4,1,<rdkit.Chem.rdchem.Mol object at 0x000001CB2745B1B0>,False,False
TRZ01062,Cc1nnc(-c2nc(-c3ccc(O)cc3)cc(-c3ccc(C(F)(F)F)nc3)n2)nc1C,424.39,4.4,97.57,1,7,3,4,1,<rdkit.Chem.rdchem.Mol object at 0x000001CB2745B220>,False,False
TRZ01063,Cc1nnc(-c2nc(-c3ccccc3)cc(-c3ccc(C(F)F)nc3)n2)nc1C,390.4,4.61,77.34,0,6,4,4,1,<rdkit.Chem.rdchem.Mol object at 0x000001CB2745B290>,False,False
TRZ01064,Cc1nnc(-c2cc3c(cc2Nc2ccc4c(c2)OCO4)OCCO3)nc1C,378.39,3.4,87.62,1,8,3,3,1,<rdkit.Chem.rdchem.Mol object at 0x000001CB2745B300>,False,False
TRZ01065,Cc1nnc(-c2nc(-c3ccccc3)cc(N3CCc4cccnc4C3)n2)nc1C,395.47,3.57,80.58,0,7,3,4,1,<rdkit.Chem.rdchem.Mol object at 0x000001CB2745B370>,False,False
TRZ01066,Cc1nnc(-c2nc(-c3ccccc3)cc(-c3ccc(C#N)nc3)n2)nc1C,365.4,3.55,101.13,0,7,3,4,1,<rdkit.Chem.rdchem.Mol object at 0x000001CB2745B3E0>,False,False
TRZ01067,Cc1nnc(-c2nc(-c3ccc(C4CC4)nc3)cc(-c3ccc(C(F)(F)F)nc3)n2)nc1C,449.44,4.97,90.23,0,7,4,4,1,<rdkit.Chem.rdchem.Mol object at 0x000001CB2745B450>,False,False
TRZ01068,Cc1nnc(CN(C)c2ccc3ccccc3c2)nc1C,278.36,3.28,41.91,0,4,3,3,1,<rdkit.Chem.rdchem.Mol object at 0x000001CB2745B4C0>,False,False
TRZ01069,Cc1nc2c(cc1-c1nnc(C)c(C)n1)c(=O)n(C)c(=O)n2C,312.33,0.41,95.56,0,6,1,3,1,<rdkit.Chem.rdchem.Mol object at 0x000001CB2745B530>,False,False
TRZ01070,Cc1nnc(Cn2c3ccc(Br)cc3c3nc4ccccc4nc32)nc1C,419.29,4.35,69.38,0,5,2,5,1,<rdkit.Chem.rdchem.Mol object at 0x000001CB2745B5A0>,False,False
TRZ01071,Cc1nnc(C(C)Nc2ccc3ccccc3c2)nc1C,278.36,3.81,50.7,1,4,3,3,1,<rdkit.Chem.rdchem.Mol object at 0x000001CB2745B610>,False,False
TRZ01072,COc1ccc2cc(NCc3nnc(C)c(C)n3)ccc2c1,294.36,3.26,59.93,1,5,4,3,1,<rdkit.Chem.rdchem.Mol object at 0x000001CB2745B680>,False,False
TRZ01073,COc1ccc2cc(NC(C)c3nnc(C)c(C)n3)ccc2c1,308.38,3.82,59.93,1,5,4,3,1,<rdkit.Chem.rdchem.Mol object at 0x000001CB2745B6F0>,False,False
TRZ01074,Cc1nnc(CC(C)Nc2ccc3ccccc3c2)nc1C,292.39,3.68,50.7,1,4,4,3,1,<rdkit.Chem.rdchem.Mol object at 0x000001CB2745B760>,False,False
TRZ01075,Cc1nnc(CC(C)Nc2ccc3ncccc3c2)nc1C,293.37,3.08,63.59,1,5,4,3,1,<rdkit.Chem.rdchem.Mol object at 0x000001CB2745B7D0>,False,False
TRZ01076,Cc1ncc(-c2nnc(C)c(C)n2)c(=O)[nH]1,217.23,0.55,84.42,1,5,1,2,1,<rdkit.Chem.rdchem.Mol object at 0x000001CB2745B840>,False,False
TRZ01077,Cc1nnc(-c2c[nH]cc2-c2ccc(Cl)cc2)nc1C,284.75,3.8,54.46,1,3,2,3,1,<rdkit.Chem.rdchem.Mol object at 0x000001CB2745B8B0>,False,False
TRZ01078,Cc1nnc(-c2cc3ccccc3n2S(=O)(=O)c2ccccc2)nc1C,364.43,3.35,77.74,0,5,3,4,1,<rdkit.Chem.rdchem.Mol object at 0x000001CB2745B920>,False,False
TRZ01079,Cc1nnc(-c2ccc(OCCC3CCN(c4ccc(Cl)nn4)CC3)cc2)nc1C,424.94,4.28,76.92,0,7,6,3,1,<rdkit.Chem.rdchem.Mol object at 0x000001CB2745B990>,False,False
TRZ01080,Cc1nnc(-c2csc(COc3cc(Cl)cc(Cl)c3)n2)nc1C,367.26,4.5,60.79,0,6,4,3,1,<rdkit.Chem.rdchem.Mol object at 0x000001CB2745BA00>,False,False
TRZ01081,Cc1nnc(-c2c[nH]c(=S)[nH]2)nc1C,207.26,1.54,70.25,2,4,1,2,1,<rdkit.Chem.rdchem.Mol object at 0x000001CB2745BA70>,False,False
TRZ01082,Cc1nnc(-c2[nH]nc3c(O)c4ccccc4c(O)c23)nc1C,307.31,2.6,107.81,3,6,1,4,1,<rdkit.Chem.rdchem.Mol object at 0x000001CB2745BAE0>,False,False
TRZ01083,Cc1nnc(C2=NN(c3ccccc3)C(=O)C2)nc1C,267.29,1.63,71.34,0,5,2,2,1,<rdkit.Chem.rdchem.Mol object at 0x000001CB2745BB50>,False,False
TRZ01084,Cc1nnc(-c2cc(N)nc(Cl)c2)nc1C,235.68,1.79,77.58,1,5,1,2,1,<rdkit.Chem.rdchem.Mol object at 0x000001CB2745BBC0>,False,False
TRZ01085,Cc1nnc(C(=O)Nc2ccc(F)cc2)nc1C,246.25,1.88,67.77,1,4,2,2,1,<rdkit.Chem.rdchem.Mol object at 0x000001CB2745BC30>,False,False
TRZ01086,Cc1nnc(CSCc2c(C)c(C)c(C)c(C)c2C)nc1C,315.49,4.46,38.67,0,4,4,2,1,<rdkit.Chem.rdchem.Mol object at 0x000001CB2745BCA0>,False,False
TRZ01087,Cc1nnc(CSc2ncnc3nc[nH]c23)nc1C,273.33,1.45,93.13,1,7,3,3,1,<rdkit.Chem.rdchem.Mol object at 0x000001CB2745BD10>,False,False
TRZ01089,Cc1cc2nc(SCc3nnc(C)c(C)n3)[nH]c2cc1C,299.4,3.27,67.35,1,5,3,3,1,<rdkit.Chem.rdchem.Mol object at 0x000001CB2745BD80>,False,False
TRZ01090,Cc1nnc(Cn2c(=S)[nH]c3ccccc32)nc1C,271.35,2.55,59.39,1,4,2,3,1,<rdkit.Chem.rdchem.Mol object at 0x000001CB2745BDF0>,False,False
TRZ01091,CCn1cc(-c2nnc(C)c(C)n2)c(=O)c2cc(F)c(N3CCCC3)cc21,367.43,3.23,63.91,0,5,3,3,1,<rdkit.Chem.rdchem.Mol object at 0x000001CB2745BE60>,False,False
TRZ01092,Cc1nnc(-c2ccc(COc3ccccc3Cl)cc2)nc1C,325.8,4.39,47.9,0,4,4,3,1,<rdkit.Chem.rdchem.Mol object at 0x000001CB2745BED0>,False,False
TRZ01093,Cc1nc2ccccc2cc1-c1nnc(C)c(C)n1,250.3,3.01,51.56,0,4,1,3,1,<rdkit.Chem.rdchem.Mol object at 0x000001CB2745BF40>,False,False
TRZ01094,Cc1nnc(C(C)n2nnc(-c3cc(C(F)(F)F)cc(C(F)(F)F)c3)n2)nc1C,417.32,3.79,82.27,0,6,3,3,1,<rdkit.Chem.rdchem.Mol object at 0x000001CB2745C040>,False,False
TRZ01095,Cc1nnc(-c2sccc2-n2c(C)ccc2C)nc1C,284.39,3.62,43.6,0,4,2,3,1,<rdkit.Chem.rdchem.Mol object at 0x000001CB2745C0B0>,False,False
TRZ01096,Cc1nnc(C(Cc2ccccc2)NC(=O)OCc2ccccc2)nc1C,362.43,3.7,77.0,1,5,6,3,1,<rdkit.Chem.rdchem.Mol object at 0x000001CB2745C120>,False,False
TRZ01097,Cc1nnc(C(C)Oc2ccc(C(C)(C)C)cc2)nc1C,285.39,3.93,47.9,0,4,3,2,1,<rdkit.Chem.rdchem.Mol object at 0x000001CB2745C190>,False,False
TRZ01098,Cc1nnc(-c2nnc3n(c2=O)CCN3c2ccccc2)nc1C,321.34,1.26,89.69,0,7,2,3,1,<rdkit.Chem.rdchem.Mol object at 0x000001CB2745C200>,False,False
TRZ01099,Cc1ccc(N2CCn3c2nnc(-c2nnc(C)c(C)n2)c3=O)cc1,335.37,1.57,89.69,0,7,2,3,1,<rdkit.Chem.rdchem.Mol object at 0x000001CB2745C270>,False,False
TRZ01100,Cc1nnc(-c2nc(C(C)C)cs2)nc1C,234.33,2.74,51.56,0,5,2,2,1,<rdkit.Chem.rdchem.Mol object at 0x000001CB2745C2E0>,False,False
TRZ01102,CCn1cc(-c2nnc(C)c(C)n2)c(=O)c2cc(Cl)ccc21,314.78,3.14,60.67,0,4,2,3,1,<rdkit.Chem.rdchem.Mol object at 0x000001CB2745C350>,False,False
TRZ01103,CCn1cc(-c2nnc(C)c(C)n2)c(=O)c2cc(F)c(Cl)cc21,332.77,3.28,60.67,0,4,2,3,1,<rdkit.Chem.rdchem.Mol object at 0x000001CB2745C3C0>,False,False
TRZ01104,Cc1nnc(-c2nc[nH]c2-c2nnc(C)c(C)n2)nc1C,282.31,1.35,106.02,1,7,2,3,2,<rdkit.Chem.rdchem.Mol object at 0x000001CB2745C430>,False,False
TRZ01105,Cc1nnc(-c2ccc(Oc3ccc(-c4nnc(C)c(C)n4)cc3)cc2)nc1C,384.44,4.42,86.57,0,7,4,4,2,<rdkit.Chem.rdchem.Mol object at 0x000001CB2745C4A0>,False,False
TRZ01106,Cc1nnc(-c2ccccc2N=NN(C)C)nc1C,256.31,2.72,66.63,0,5,3,2,1,<rdkit.Chem.rdchem.Mol object at 0x000001CB2745C510>,False,False
TRZ01107,Cc1nnc(CNc2ccc(F)c(Cl)c2)nc1C,266.71,2.89,50.7,1,4,3,2,1,<rdkit.Chem.rdchem.Mol object at 0x000001CB2745C580>,False,False
TRZ01108,Cc1nnc(CNc2cccc(I)c2)nc1C,340.17,2.71,50.7,1,4,3,2,1,<rdkit.Chem.rdchem.Mol object at 0x000001CB2745C5F0>,False,False
TRZ01109,Cc1nnc(-c2cc(=O)[nH]c3ccccc23)nc1C,252.28,2.0,71.53,1,4,1,3,1,<rdkit.Chem.rdchem.Mol object at 0x000001CB2745C660>,False,False
TRZ01110,Cc1nnc(C(C)(C)Oc2ccc(Cl)cc2)nc1C,277.76,3.46,47.9,0,4,3,2,1,<rdkit.Chem.rdchem.Mol object at 0x000001CB2745C6D0>,False,False
TRZ01112,Cc1nnc(-c2ccc(OCc3ccc(F)cc3)cc2)nc1C,309.34,3.87,47.9,0,4,4,3,1,<rdkit.Chem.rdchem.Mol object at 0x000001CB2745C740>,False,False
TRZ01113,Cc1nnc(CSc2nc3ccccc3n2Cc2ccccc2)nc1C,361.47,4.18,56.49,0,5,5,4,1,<rdkit.Chem.rdchem.Mol object at 0x000001CB2745C7B0>,False,False
TRZ01114,Cc1nnc(-c2nccnc2N)nc1C,202.22,0.53,90.47,1,6,1,2,1,<rdkit.Chem.rdchem.Mol object at 0x000001CB2745C820>,False,False
TRZ01115,Cc1nnc(-c2csc(-c3ccc(C(F)(F)F)cc3)n2)nc1C,336.34,4.3,51.56,0,5,2,3,1,<rdkit.Chem.rdchem.Mol object at 0x000001CB2745C890>,False,False
TRZ01116,CCCCCOc1ccc(-c2nnc(C)c(C)n2)cc1,271.36,3.72,47.9,0,4,6,2,1,<rdkit.Chem.rdchem.Mol object at 0x000001CB2745C900>,False,False
TRZ01117,Cc1nnc(Cc2nc(-c3ccccc3)sc2C)nc1C,296.4,3.51,51.56,0,5,3,3,1,<rdkit.Chem.rdchem.Mol object at 0x000001CB2745C970>,False,False
TRZ01118,Cc1nnc(-c2nc(-c3ccc(OC(F)(F)F)cc3)no2)nc1C,337.26,3.1,86.82,0,7,3,3,1,<rdkit.Chem.rdchem.Mol object at 0x000001CB2745C9E0>,False,False
TRZ01119,Cc1nnc(CSc2cc(C(F)(F)F)nc3ccccc23)nc1C,350.37,4.35,51.56,0,5,3,3,1,<rdkit.Chem.rdchem.Mol object at 0x000001CB2745CA50>,False,False
TRZ01120,COc1ccc(Br)c(-c2nnc(C)c(C)n2)c1,294.15,2.93,47.9,0,4,2,2,1,<rdkit.Chem.rdchem.Mol object at 0x000001CB2745CAC0>,False,False
TRZ01121,CCCN(CCC)S(=O)(=O)c1ccc(-c2nnc(C)c(C)n2)cc1,348.47,2.97,76.05,0,5,7,2,1,<rdkit.Chem.rdchem.Mol object at 0x000001CB2745CB30>,False,False
TRZ01122,CSCCC(NC(=O)c1ccc(C(F)(F)F)cc1)c1nnc(C)c(C)n1,384.43,3.73,67.77,1,5,6,2,1,<rdkit.Chem.rdchem.Mol object at 0x000001CB2745CBA0>,False,False
TRZ01123,Cc1nnc(-c2ccc3c(c2)OCCO3)nc1C,243.27,1.93,57.13,0,5,1,2,1,<rdkit.Chem.rdchem.Mol object at 0x000001CB2745CC10>,False,False
TRZ01124,Cc1nnc(CCCNc2ncc(C(F)(F)F)cc2Cl)nc1C,345.76,3.6,63.59,1,5,5,2,1,<rdkit.Chem.rdchem.Mol object at 0x000001CB2745CC80>,False,False
TRZ01125,Cc1cc(C)nc(-c2nnc(C)c(C)n2)n1,215.26,1.56,64.45,0,5,1,2,1,<rdkit.Chem.rdchem.Mol object at 0x000001CB2745CCF0>,False,False
TRZ01126,Cc1nnc(-c2cc3c([nH]c4ccccc43)c(C)n2)nc1C,289.34,3.49,67.35,1,4,1,4,1,<rdkit.Chem.rdchem.Mol object at 0x000001CB2745CD60>,False,False
TRZ01127,Cc1nnc([C@H](Cc2ccccc2)NC(=O)OC(C)(C)C)nc1C,328.42,3.3,77.0,1,5,4,2,1,<rdkit.Chem.rdchem.Mol object at 0x000001CB2745CDD0>,False,False
TRZ01128,Cc1nnc(-c2sc3ncccc3c2N)nc1C,257.32,2.35,77.58,1,6,1,3,1,<rdkit.Chem.rdchem.Mol object at 0x000001CB2745CE40>,False,False
TRZ01130,COc1ccc2c(c1)c(Cc1nnc(C)c(C)n1)c(C)n2Cc1ccccn1,373.46,3.79,65.72,0,5,5,4,1,<rdkit.Chem.rdchem.Mol object at 0x000001CB2745CEB0>,False,False
TRZ01131,COc1ccc2c(c1)c(Cc1nnc(C)c(C)n1)c(S(C)=O)n2Cc1ccccc1,420.54,3.83,69.9,0,5,6,4,1,<rdkit.Chem.rdchem.Mol object at 0x000001CB2745CF20>,False,False
TRZ01132,Cc1nnc(Cc2cc3ccccc3[nH]2)nc1C,238.29,2.56,54.46,1,3,2,3,1,<rdkit.Chem.rdchem.Mol object at 0x000001CB2745CF90>,False,False
TRZ01133,Cc1nnc(CN(C)c2nc3scc(-c4ccccc4)c3c(=O)n2-c2ccccc2)nc1C,454.56,4.55,76.8,0,7,5,5,1,<rdkit.Chem.rdchem.Mol object at 0x000001CB2745D000>,False,False
TRZ01134,Cc1nnc(CSc2nc3ccccc3c(=O)n2-c2ccccc2)nc1C,375.46,3.48,73.56,0,6,4,4,1,<rdkit.Chem.rdchem.Mol object at 0x000001CB2745D070>,False,False
TRZ01135,Cc1nn[14c](-c2ccncc2)nc1C,188.21,1.55,51.56,0,4,1,2,1,<rdkit.Chem.rdchem.Mol object at 0x000001CB2745D0E0>,False,False
TRZ01136,Cc1nnc(-c2nc(Cl)c(N)nc2N)nc1C,251.68,0.76,116.49,2,7,1,2,1,<rdkit.Chem.rdchem.Mol object at 0x000001CB2745D150>,False,False
TRZ01137,Cc1nnc(-c2ccc(NCc3ccc(F)cc3)cn2)nc1C,309.35,3.3,63.59,1,5,4,3,1,<rdkit.Chem.rdchem.Mol object at 0x000001CB2745D1C0>,False,False
TRZ01138,Cc1nnc(-c2ccnc(-c3nnc(C)c(C)n3)c2)nc1C,293.33,2.02,90.23,0,7,2,3,2,<rdkit.Chem.rdchem.Mol object at 0x000001CB2745D230>,False,False
TRZ01139,CCn1c(=O)c(-c2nnc(C)c(C)n2)c(N)c2cccnc21,296.33,1.47,99.58,1,6,2,3,1,<rdkit.Chem.rdchem.Mol object at 0x000001CB2745D2A0>,False,False
TRZ01140,Cc1nnc(-c2cnc3n(c2=O)C(C)CC/C3=N\Nc2ccccc2)nc1C,375.44,2.88,97.95,1,7,3,3,1,<rdkit.Chem.rdchem.Mol object at 0x000001CB2745D310>,False,False
TRZ01141,Cc1nnc(-c2cc(C(O)CNC(C)(C)C)ccc2O)nc1C,316.41,2.28,91.16,3,6,4,2,1,<rdkit.Chem.rdchem.Mol object at 0x000001CB2745D380>,False,False
TRZ01142,Cc1nnc(/C=C/c2ccc3c(c2)OCO3)nc1C,255.28,2.39,57.13,0,5,2,2,1,<rdkit.Chem.rdchem.Mol object at 0x000001CB2745D3F0>,False,False
TRZ01143,Cc1nnc(C2(C)C(=O)Nc3cc4nc(-c5ccncc5)[nH]c4cc32)nc1C,371.4,2.68,109.34,2,6,2,4,1,<rdkit.Chem.rdchem.Mol object at 0x000001CB2745D460>,False,False
TRZ01144,Cc1nnc(-c2cccc(O)c2O)nc1C,217.23,1.57,79.13,2,5,1,2,1,<rdkit.Chem.rdchem.Mol object at 0x000001CB2745D4D0>,False,False
TRZ01145,Cc1nc2ccc(-c3nnc(C)c(C)n3)cc2[nH]1,239.28,2.34,67.35,1,4,1,3,1,<rdkit.Chem.rdchem.Mol object at 0x000001CB2745D540>,False,False
TRZ01146,Cc1ccccc1SCc1nnc(C)c(C)n1,245.35,3.09,38.67,0,4,3,2,1,<rdkit.Chem.rdchem.Mol object at 0x000001CB2745D5B0>,False,False
TRZ01147,CC(=O)NC[C@H]1CN(c2ccc(-c3ccc(-c4nnc(C)c(C)n4)cc3)c(F)c2)C(=O)O1,435.46,3.42,97.31,1,6,5,3,1,<rdkit.Chem.rdchem.Mol object at 0x000001CB2745D620>,False,False
TRZ01148,Cc1nnc(-c2cc(-c3ccccc3)nn2Cc2ccccc2)nc1C,341.42,4.07,56.49,0,4,4,4,1,<rdkit.Chem.rdchem.Mol object at 0x000001CB2745D690>,False,False
TRZ01149,Cc1nnc(CSc2ccccc2Cl)nc1C,265.77,3.43,38.67,0,4,3,2,1,<rdkit.Chem.rdchem.Mol object at 0x000001CB2745D700>,False,False
TRZ01150,Cc1nnc(-c2cc(-c3ccc(Cl)cc3)nn2Cc2ccccc2)nc1C,375.86,4.72,56.49,0,4,4,4,1,<rdkit.Chem.rdchem.Mol object at 0x000001CB2745D770>,False,False
TRZ01151,COc1ccc(-c2cc(-c3nnc(C)c(C)n3)n(Cc3ccccc3)n2)cc1,371.44,4.08,65.72,0,5,5,4,1,<rdkit.Chem.rdchem.Mol object at 0x000001CB2745D7E0>,False,False
TRZ01152,Cc1nnc(/C=C/c2ccc(F)cc2)nc1C,229.26,2.8,38.67,0,3,2,2,1,<rdkit.Chem.rdchem.Mol object at 0x000001CB2745D850>,False,False
TRZ01153,Cc1nnc(-c2c(N)sc3c2CCCCC3)nc1C,274.39,3.07,64.69,1,5,1,2,1,<rdkit.Chem.rdchem.Mol object at 0x000001CB2745D8C0>,False,False
TRZ01154,CCCn1cc(-c2cc(-c3nnc(C)c(C)n3)[nH]n2)c2ccccc21,332.41,3.91,72.28,1,4,4,4,1,<rdkit.Chem.rdchem.Mol object at 0x000001CB2745D930>,False,False
TRZ01157,CCn1cc(-c2nnc(C)c(C)n2)c(=O)c2ccccc21,280.33,2.49,60.67,0,4,2,3,1,<rdkit.Chem.rdchem.Mol object at 0x000001CB2745D9A0>,False,False
TRZ01158,Cc1nnc(C(=O)Nc2cccccc2=O)nc1C,256.26,1.1,84.84,1,5,2,2,1,<rdkit.Chem.rdchem.Mol object at 0x000001CB2745DA10>,False,False
TRZ01159,Cc1nnc(CC(=O)NCc2ccco2)nc1C,246.27,0.94,80.91,1,5,4,2,1,<rdkit.Chem.rdchem.Mol object at 0x000001CB2745DA80>,False,False
TRZ01161,Cc1nnc(-c2nc3ccccc3c(=O)[nH]2)nc1C,253.27,1.39,84.42,1,5,1,3,1,<rdkit.Chem.rdchem.Mol object at 0x000001CB2745DAF0>,False,False
TRZ01162,CC1=C(c2nnc(C)c(C)n2)C(c2ccc(F)cc2Cl)N=C(c2nccs2)N1,414.9,4.26,75.95,1,7,3,3,1,<rdkit.Chem.rdchem.Mol object at 0x000001CB2745DB60>,False,False
TRZ01163,Cc1nnc(-c2cn(C)c3c(cc([N+](=O)[O-])c4cccnc43)c2=O)nc1C,362.35,2.46,116.7,0,7,2,4,1,<rdkit.Chem.rdchem.Mol object at 0x000001CB2745DBD0>,False,False
TRZ01164,Cc1nnc([C@H]2Cc3c([nH]c4ccccc34)[C@H](C)N2)nc1C,293.37,2.92,66.49,2,4,1,3,1,<rdkit.Chem.rdchem.Mol object at 0x000001CB2745DC40>,False,False
TRZ01165,Cc1nnc(-c2ccccc2Nc2nc(Nc3ccc(N4CCN(C)CC4)cc3)ncc2F)nc1C,485.57,4.32,94.99,2,9,6,4,1,<rdkit.Chem.rdchem.Mol object at 0x000001CB2745DCB0>,False,False
TRZ01166,Cc1nnc(-c2cccc(Nc3nc(Nc4ccc(N5CCOCC5)cc4)ncc3F)c2)nc1C,472.53,4.41,100.98,2,9,6,4,1,<rdkit.Chem.rdchem.Mol object at 0x000001CB2745DD20>,False,False
TRZ01167,CCN1CCN(c2ccc(Nc3ncc(F)c(Nc4ccc(-c5nnc(C)c(C)n5)cc4)n3)cc2)CC1,499.6,4.71,94.99,2,9,7,4,1,<rdkit.Chem.rdchem.Mol object at 0x000001CB2745DD90>,False,False
TRZ01168,Cc1nnc(-c2ccccc2Nc2nc(Nc3ccc(N4CCOCC4)cc3)ncc2F)nc1C,472.53,4.41,100.98,2,9,6,4,1,<rdkit.Chem.rdchem.Mol object at 0x000001CB2745DE00>,False,False
TRZ01171,Cc1nnc(-c2cccc(Nc3nc(Nc4ccc(N5CCN(C)CC5)cc4)ncc3F)c2)nc1C,485.57,4.32,94.99,2,9,6,4,1,<rdkit.Chem.rdchem.Mol object at 0x000001CB2745DE70>,False,False
TRZ01172,Cc1nnc(-c2ccc(Nc3nc(Nc4ccc(N5CCOCC5)cc4)ncc3F)cc2)nc1C,472.53,4.41,100.98,2,9,6,4,1,<rdkit.Chem.rdchem.Mol object at 0x000001CB2745DEE0>,False,False
TRZ01173,CCN1CCN(c2ccc(Nc3ncc(F)c(Nc4cccc(-c5nnc(C)c(C)n5)c4)n3)cc2)CC1,499.6,4.71,94.99,2,9,7,4,1,<rdkit.Chem.rdchem.Mol object at 0x000001CB2745DF50>,False,False
TRZ01175,CCN1CCN(c2ccc(Nc3ncc(F)c(Nc4ccccc4-c4nnc(C)c(C)n4)n3)cc2)CC1,499.6,4.71,94.99,2,9,7,4,1,<rdkit.Chem.rdchem.Mol object at 0x000001CB2745DFC0>,False,False
TRZ01176,Cc1nnc(-c2ccc(Nc3nc(Nc4ccc(N5CCN(C)CC5)cc4)ncc3F)cc2)nc1C,485.57,4.32,94.99,2,9,6,4,1,<rdkit.Chem.rdchem.Mol object at 0x000001CB2745E030>,False,False
TRZ01183,Cc1nnc(-c2cnc(NCc3ccccc3)nc2)nc1C,292.35,2.56,76.48,1,6,4,3,1,<rdkit.Chem.rdchem.Mol object at 0x000001CB2745E0A0>,False,False
TRZ01184,COc1ccc2c(ccn2S(=O)(=O)c2ccc(-c3nnc(C)c(C)n3)cc2)c1,394.46,3.36,86.97,0,6,4,4,1,<rdkit.Chem.rdchem.Mol object at 0x000001CB2745E110>,False,False
TRZ01187,Cc1nnc(-c2ccc(S(=O)(=O)n3ccc4cc(OCc5ccccc5)ccc43)cc2)nc1C,470.55,4.93,86.97,0,6,6,5,1,<rdkit.Chem.rdchem.Mol object at 0x000001CB2745E180>,False,False
TRZ01188,Cc1nnc(CCOc2ccc(-c3nnc(C)c(C)n3)cc2)nc1C,336.4,2.58,86.57,0,7,5,3,2,<rdkit.Chem.rdchem.Mol object at 0x000001CB2745E1F0>,False,False
TRZ01189,Cc1nnc(Cn2cc(F)c(=O)[nH]c2=O)nc1C,251.22,-0.47,93.53,1,5,2,2,1,<rdkit.Chem.rdchem.Mol object at 0x000001CB2745E260>,False,False
TRZ01190,Cc1nnc(CN2CC(c3ccccc3)CC2=O)nc1C,282.35,2.0,58.98,0,4,3,2,1,<rdkit.Chem.rdchem.Mol object at 0x000001CB2745E2D0>,False,False
TRZ01191,Cc1nnc(-c2ccccc2C(=O)c2c(C)c(C)c(C)c(C)c2C)nc1C,359.47,4.93,55.74,0,4,3,3,1,<rdkit.Chem.rdchem.Mol object at 0x000001CB2745E340>,False,False
TRZ01192,Cc1ccc2c(c1)C1(OCCCO1)C(=O)N2Cc1nnc(C)c(C)n1,340.38,1.93,77.44,0,6,2,2,1,<rdkit.Chem.rdchem.Mol object at 0x000001CB2745E3B0>,False,False
TRZ01193,Cc1nnc(C(=O)/C=C2\NC3(CCCC3)Cc3ccccc32)nc1C,334.42,3.17,67.77,1,5,2,2,1,<rdkit.Chem.rdchem.Mol object at 0x000001CB2745E420>,False,False
TRZ01194,Cc1nnc(-c2cccc(-c3nnc(C)c(C)n3)n2)nc1C,293.33,2.02,90.23,0,7,2,3,2,<rdkit.Chem.rdchem.Mol object at 0x000001CB2745E490>,False,False
TRZ01195,CCN(CC)S(=O)(=O)c1cccc(-c2nnc(C)c(C)n2)c1,320.42,2.19,76.05,0,5,5,2,1,<rdkit.Chem.rdchem.Mol object at 0x000001CB2745E500>,False,False
TRZ01196,Cc1nnc(-c2cc(-n3c(C)ccc3C)ccc2Cl)nc1C,312.8,4.22,43.6,0,3,2,3,1,<rdkit.Chem.rdchem.Mol object at 0x000001CB2745E570>,False,False
TRZ01197,Cc1nnc(-c2ccc(-n3c(C)ccc3C)cc2Cl)nc1C,312.8,4.22,43.6,0,3,2,3,1,<rdkit.Chem.rdchem.Mol object at 0x000001CB2745E5E0>,False,False
TRZ01198,Cc1nnc(-c2nnn(Cc3ccccc3)c2N)nc1C,281.32,1.38,95.4,1,6,3,3,1,<rdkit.Chem.rdchem.Mol object at 0x000001CB2745E650>,False,False
TRZ01199,Cc1nnc(-c2cc3c(cn2)[nH]c2ccccc23)nc1C,275.32,3.18,67.35,1,4,1,4,1,<rdkit.Chem.rdchem.Mol object at 0x000001CB2745E6C0>,False,False
TRZ01200,CCC(c1ccccc1)c1nnc(C)c(C)n1,227.31,3.03,38.67,0,3,3,2,1,<rdkit.Chem.rdchem.Mol object at 0x000001CB2745E730>,False,False
TRZ01201,Cc1nnc(-c2ccc(NS(=O)(=O)c3ccccc3)cc2)nc1C,340.41,2.96,84.84,1,5,4,3,1,<rdkit.Chem.rdchem.Mol object at 0x000001CB2745E7A0>,False,False
TRZ01202,Cc1nnc(CNC(=O)CNC(=O)OCc2ccccc2)nc1C,329.36,1.03,106.1,2,6,6,2,1,<rdkit.Chem.rdchem.Mol object at 0x000001CB2745E810>,False,False
TRZ01203,Cc1nnc(-c2cccnc2N)nc1C,201.23,1.13,77.58,1,5,1,2,1,<rdkit.Chem.rdchem.Mol object at 0x000001CB2745E880>,False,False
TRZ01204,COc1ccccc1NCc1nnc(C)c(C)n1,244.3,2.11,59.93,1,5,4,2,1,<rdkit.Chem.rdchem.Mol object at 0x000001CB2745E8F0>,False,False
TRZ01205,Cc1nnc(CNC(c2ccccc2)(c2ccccc2)c2ccccc2)nc1C,380.5,4.57,50.7,1,4,6,4,1,<rdkit.Chem.rdchem.Mol object at 0x000001CB2745E960>,False,False
TRZ01206,Cc1cc2ncn(Cc3nnc(C)c(C)n3)c2cc1C,267.34,2.5,56.49,0,4,2,3,1,<rdkit.Chem.rdchem.Mol object at 0x000001CB2745E9D0>,False,False
TRZ01207,Cc1nnc(CCCc2ccccc2)nc1C,227.31,2.66,38.67,0,3,4,2,1,<rdkit.Chem.rdchem.Mol object at 0x000001CB2745EA40>,False,False
TRZ01208,Cc1nnc(-c2nc(N)n[nH]2)nc1C,191.2,-0.14,106.26,2,6,1,2,1,<rdkit.Chem.rdchem.Mol object at 0x000001CB2745EAB0>,False,False
TRZ01209,Cc1nnc(CNc2ccc(Br)cc2)nc1C,293.17,2.86,50.7,1,4,3,2,1,<rdkit.Chem.rdchem.Mol object at 0x000001CB2745EB20>,False,False
TRZ01211,Cc1nnc(CCc2ccccc2O)nc1C,229.28,1.98,58.9,1,4,3,2,1,<rdkit.Chem.rdchem.Mol object at 0x000001CB2745EC00>,False,False
TRZ01212,Cc1nnc(-c2ccc3ccccc3c2O)nc1C,251.29,3.01,58.9,1,4,1,3,1,<rdkit.Chem.rdchem.Mol object at 0x000001CB2745EC70>,False,False
TRZ01213,Cc1nnc(-c2nn(-c3ccccc3)c(=O)c(C#N)c2C)nc1C,318.34,1.88,97.35,0,6,2,3,1,<rdkit.Chem.rdchem.Mol object at 0x000001CB2745ECE0>,False,False
TRZ01214,Cc1ccc(S(=O)(=O)NCc2nnc(C)c(C)n2)cc1,292.36,1.28,84.84,1,5,4,2,1,<rdkit.Chem.rdchem.Mol object at 0x000001CB2745ED50>,False,False
TRZ01215,Cc1nnc(C(NC(=O)c2ccccc2)c2n[nH]c(=O)c3ccccc23)nc1C,386.42,2.24,113.52,2,6,4,4,1,<rdkit.Chem.rdchem.Mol object at 0x000001CB2745EDC0>,False,False
TRZ01216,Cc1nnc(-c2ccc(NC(=O)c3ccccc3)cc2)nc1C,304.35,3.41,67.77,1,4,3,3,1,<rdkit.Chem.rdchem.Mol object at 0x000001CB2745EE30>,False,False
TRZ01217,Cc1nnc(COc2ccc(Br)cc2)nc1C,294.15,2.83,47.9,0,4,3,2,1,<rdkit.Chem.rdchem.Mol object at 0x000001CB2745EEA0>,False,False
TRZ01218,Cc1nnc(-c2ccc(COc3cc(Cl)ccc3Cl)o2)nc1C,350.21,4.63,61.04,0,5,4,3,1,<rdkit.Chem.rdchem.Mol object at 0x000001CB2745EF10>,False,False
TRZ01219,Cc1nnc(-c2ccc(OCc3ccc(Cl)cc3)cc2)nc1C,325.8,4.39,47.9,0,4,4,3,1,<rdkit.Chem.rdchem.Mol object at 0x000001CB2745EF80>,False,False
TRZ01220,Cc1nnc(-c2cc(-c3c[nH]c4ccccc34)n[nH]2)nc1C,290.33,3.03,83.14,2,4,2,4,1,<rdkit.Chem.rdchem.Mol object at 0x000001CB2745EFF0>,False,False
TRZ01221,CCn1cc(-c2nnc(C)c(C)n2)c(=O)c2cc(Br)ccc21,359.23,3.25,60.67,0,4,2,3,1,<rdkit.Chem.rdchem.Mol object at 0x000001CB2745F060>,False,False
TRZ01222,Cc1nnc(/C(=C/c2ccccc2)NC(=O)c2ccccc2)nc1C,330.39,3.42,67.77,1,4,4,3,1,<rdkit.Chem.rdchem.Mol object at 0x000001CB2745F0D0>,False,False
TRZ01223,Cc1ccc(SCc2nnc(C)c(C)n2)cc1,245.35,3.09,38.67,0,4,3,2,1,<rdkit.Chem.rdchem.Mol object at 0x000001CB2745F140>,False,False
TRZ01224,Cc1nnc(-c2cc(C)n(C)n2)nc1C,203.25,1.2,56.49,0,4,1,2,1,<rdkit.Chem.rdchem.Mol object at 0x000001CB2745F1B0>,False,False
TRZ01225,Cc1nnc(C(C)Oc2ccc3ccccc3c2)nc1C,279.34,3.78,47.9,0,4,3,3,1,<rdkit.Chem.rdchem.Mol object at 0x000001CB2745F220>,False,False
TRZ01226,Cc1cc(Cc2nnc(C)c(C)n2)n[nH]1,203.25,1.11,67.35,1,4,2,2,1,<rdkit.Chem.rdchem.Mol object at 0x000001CB2745F290>,False,False
TRZ01227,Cc1nnc(-c2cc(-c3cc(F)c(F)cc3F)n[nH]2)nc1C,305.26,2.96,67.35,1,4,2,3,1,<rdkit.Chem.rdchem.Mol object at 0x000001CB2745F300>,False,False
TRZ01228,Cc1nnc(-c2cc(-c3ccc(Cl)c(Cl)c3Cl)n[nH]2)nc1C,354.63,4.51,67.35,1,4,2,3,1,<rdkit.Chem.rdchem.Mol object at 0x000001CB2745F370>,False,False
TRZ01229,Cc1nnc(-c2cccc(-c3n[nH]c([C@H]4CCCCN4C(=O)COc4ccccc4)n3)c2)nc1C,469.55,4.07,109.78,1,7,6,4,1,<rdkit.Chem.rdchem.Mol object at 0x000001CB2745F3E0>,False,False
TRZ01230,Cc1nnc(-c2ccc3[nH]nc(-c4ccc(F)cc4)c3c2)nc1C,319.34,3.84,67.35,1,4,2,4,1,<rdkit.Chem.rdchem.Mol object at 0x000001CB2745F450>,False,False
TRZ01233,Cc1nnc(-c2ccccc2NC(=O)/C(=C/c2ccccc2O)NC(=O)c2ccccc2)nc1C,465.51,4.27,117.1,3,6,6,4,1,<rdkit.Chem.rdchem.Mol object at 0x000001CB2745F4C0>,False,False
TRZ01234,COc1cc2[nH]c(-c3nnc(C)c(C)n3)c(N)c2cc1OC,299.33,2.24,98.94,2,6,3,3,1,<rdkit.Chem.rdchem.Mol object at 0x000001CB2745F530>,False,False
TRZ01235,Cc1nnc(C(C)(C)c2ccccc2)nc1C,227.31,2.81,38.67,0,3,2,2,1,<rdkit.Chem.rdchem.Mol object at 0x000001CB2745F5A0>,False,False
TRZ01236,Cc1nnc(-c2ncc(C(F)(F)F)cc2Cl)nc1C,288.66,3.22,51.56,0,4,1,2,1,<rdkit.Chem.rdchem.Mol object at 0x000001CB2745F610>,False,False
TRZ01238,Cc1cc(-c2nnc(C)c(C)n2)ccc1N1C(=O)CSC1c1ccc(F)cc1,394.48,4.38,58.98,0,5,3,3,1,<rdkit.Chem.rdchem.Mol object at 0x000001CB2745F680>,False,False
TRZ01239,COc1ccc(NC(=O)Cc2nnc(C)c(C)n2)cc1,272.31,1.68,77.0,1,5,4,2,1,<rdkit.Chem.rdchem.Mol object at 0x000001CB2745F6F0>,False,False
TRZ01240,Cc1nnc(-c2cc(=O)[nH][nH]2)nc1C,191.19,0.17,87.32,2,4,1,2,1,<rdkit.Chem.rdchem.Mol object at 0x000001CB2745F760>,False,False
TRZ01241,Cc1nnc(CNC(=O)Cc2ccccc2)nc1C,256.31,1.35,67.77,1,4,4,2,1,<rdkit.Chem.rdchem.Mol object at 0x000001CB2745F7D0>,False,False
TRZ01242,Cc1nnc(CC(=O)Nc2ccccc2F)nc1C,260.27,1.81,67.77,1,4,3,2,1,<rdkit.Chem.rdchem.Mol object at 0x000001CB2745F840>,False,False
TRZ01243,COC(c1ccccc1)c1nnc(C)c(C)n1,229.28,2.22,47.9,0,4,3,2,1,<rdkit.Chem.rdchem.Mol object at 0x000001CB2745F8B0>,False,False
TRZ01244,COc1ccccc1NC(=O)Cc1nnc(C)c(C)n1,272.31,1.68,77.0,1,5,4,2,1,<rdkit.Chem.rdchem.Mol object at 0x000001CB2745F920>,False,False
TRZ01245,CC(=O)NC[C@H]1CN(c2ccc(-c3nnc(C)c(C)n3)c(F)c2)C(=O)O1,359.36,1.76,97.31,1,6,4,2,1,<rdkit.Chem.rdchem.Mol object at 0x000001CB2745F990>,False,False
TRZ01246,CC(=S)NC[C@H]1CN(c2ccc(-c3nnc(C)c(C)n3)c(F)c2)C(=O)O1,375.43,2.56,80.24,1,6,4,2,1,<rdkit.Chem.rdchem.Mol object at 0x000001CB2745FA00>,False,False
TRZ01247,Cc1nnc(/C=C/c2ccccc2Cl)nc1C,245.71,3.31,38.67,0,3,2,2,1,<rdkit.Chem.rdchem.Mol object at 0x000001CB2745FA70>,False,False
TRZ01248,Cc1nnc(/C=C/c2ccc(C#N)cc2)nc1C,236.28,2.53,62.46,0,4,2,2,1,<rdkit.Chem.rdchem.Mol object at 0x000001CB2745FAE0>,False,False
TRZ01249,COc1ccccc1/C=C/c1nnc(C)c(C)n1,241.29,2.67,47.9,0,4,3,2,1,<rdkit.Chem.rdchem.Mol object at 0x000001CB2745FB50>,False,False
TRZ01250,Cc1ccc(/C=C/c2nnc(C)c(C)n2)cc1,225.29,2.97,38.67,0,3,2,2,1,<rdkit.Chem.rdchem.Mol object at 0x000001CB2745FBC0>,False,False
TRZ01251,Cc1nnc(-c2ccc(COc3ccc(F)cc3)o2)nc1C,299.31,3.47,61.04,0,5,4,3,1,<rdkit.Chem.rdchem.Mol object at 0x000001CB2745FC30>,False,False
TRZ01252,CC(=O)N1CCN(c2ccc(CCc3ccc(Cc4nnc(C)c(C)n4)cc3)nc2)CC1,430.56,2.93,75.11,0,6,6,3,1,<rdkit.Chem.rdchem.Mol object at 0x000001CB2745FCA0>,False,False
TRZ01253,Cc1nnc(Cc2ccc(CCc3cccc(N4CCNCC4)n3)cc2)nc1C,388.52,2.67,66.83,1,6,6,3,1,<rdkit.Chem.rdchem.Mol object at 0x000001CB2745FD10>,False,False
TRZ01254,Cc1nnc(Cc2ccc(CCc3ccc(CN4CCOCC4)cc3)cc2)nc1C,402.54,3.7,51.14,0,5,7,3,1,<rdkit.Chem.rdchem.Mol object at 0x000001CB2745FD80>,False,False
TRZ01255,Cc1nnc(Cc2ccc(CCc3ccc(N4CCNCC4)s3)cc2)nc1C,393.56,3.34,53.94,1,6,6,3,1,<rdkit.Chem.rdchem.Mol object at 0x000001CB2745FDF0>,False,False
TRZ01256,CCN(CCN)c1ccc(CCc2ccc(Cc3nnc(C)c(C)n3)cc2)cc1,389.55,3.65,67.93,1,5,9,3,1,<rdkit.Chem.rdchem.Mol object at 0x000001CB2745FE60>,False,False
TRZ01257,CCCN(C)c1ccc(CCc2ccc(Cc3nnc(C)c(C)n3)cc2)cn1,375.52,4.11,54.8,0,5,8,3,1,<rdkit.Chem.rdchem.Mol object at 0x000001CB2745FED0>,False,False
TRZ01258,Cc1nnc(Cc2ccc(CCc3ccc(N4CCOCC4)nc3)cc2)nc1C,389.5,3.1,64.03,0,6,6,3,1,<rdkit.Chem.rdchem.Mol object at 0x000001CB2745FF40>,False,False
TRZ01259,Cc1nnc(Cc2ccc(CCc3csc(C4CCNCC4)n3)cc2)nc1C,393.56,3.79,63.59,1,6,6,3,1,<rdkit.Chem.rdchem.Mol object at 0x000001CB27460040>,False,False
TRZ01260,CCN(CC)c1ccc(CCc2ccc(Cc3nnc(C)c(C)n3)cc2)cc1,374.53,4.71,41.91,0,4,8,3,1,<rdkit.Chem.rdchem.Mol object at 0x000001CB274600B0>,False,False
TRZ01261,Cc1nnc(Cc2ccc(CCc3ccc(N4CCCC4)nc3)cc2)nc1C,373.5,3.86,54.8,0,5,6,3,1,<rdkit.Chem.rdchem.Mol object at 0x000001CB27460120>,False,False
TRZ01262,Cc1nnc(Cc2ccc(CCc3ccc(N4CCCCC4)nc3)cc2)nc1C,387.53,4.25,54.8,0,5,6,3,1,<rdkit.Chem.rdchem.Mol object at 0x000001CB27460190>,False,False
TRZ01263,CC(=O)N1CCN(c2ccc(CCc3ccc(Cc4nnc(C)c(C)n4)cc3)cn2)CC1,430.56,2.93,75.11,0,6,6,3,1,<rdkit.Chem.rdchem.Mol object at 0x000001CB27460200>,False,False
TRZ01264,Cc1nnc(Cc2ccc(CCc3cncc(N4CCNCC4)c3)cc2)nc1C,388.52,2.67,66.83,1,6,6,3,1,<rdkit.Chem.rdchem.Mol object at 0x000001CB27460270>,False,False
TRZ01265,CC(=O)N1CCN(c2ccc(CCc3csc(CCc4nnc(C)c(C)n4)c3)nc2)CC1,450.61,3.18,75.11,0,7,7,3,1,<rdkit.Chem.rdchem.Mol object at 0x000001CB274602E0>,False,False
TRZ01266,Cc1nnc(Cc2ccc(CCc3csc(N4CCNCC4)n3)cc2)nc1C,394.55,2.73,66.83,1,7,6,3,1,<rdkit.Chem.rdchem.Mol object at 0x000001CB27460350>,False,False
TRZ01267,Cc1nnc(Cc2ccc(CCc3ccnc(N4CCNCC4)c3)cc2)nc1C,388.52,2.67,66.83,1,6,6,3,1,<rdkit.Chem.rdchem.Mol object at 0x000001CB274603C0>,False,False
TRZ01268,CC(=O)N1CCN(c2cnc(CCc3ccc(Cc4nnc(C)c(C)n4)cc3)cn2)CC1,431.54,2.32,88.0,0,7,6,3,1,<rdkit.Chem.rdchem.Mol object at 0x000001CB27460430>,False,False
TRZ01269,CC(=O)N1CCN(c2ccc(CCc3ccc(-c4nnc(C)c(C)n4)s3)nc2)CC1,422.56,3.07,75.11,0,7,5,3,1,<rdkit.Chem.rdchem.Mol object at 0x000001CB274604A0>,False,False
TRZ01270,Cc1nnc(Cc2ccc(CCc3cc(N4CCNCC4)ncn3)cc2)nc1C,389.51,2.06,79.72,1,7,6,3,1,<rdkit.Chem.rdchem.Mol object at 0x000001CB27460510>,False,False
TRZ01271,CC(=O)N1CCN(c2ccc(CCc3ccc(CCc4nnc(C)c(C)n4)cc3)nc2)CC1,444.58,3.12,75.11,0,6,7,3,1,<rdkit.Chem.rdchem.Mol object at 0x000001CB27460580>,False,False
TRZ01272,CC(=O)N1CCN(c2ccc(CCc3ccc(Cc4nnc(C)c(C)n4)cc3)nn2)CC1,431.54,2.32,88.0,0,7,6,3,1,<rdkit.Chem.rdchem.Mol object at 0x000001CB274605F0>,False,False
TRZ01273,CCCCNc1ncc2c(-c3ccc(-c4nnc(C)c(C)n4)cc3)nn(CC3CCC(N)CC3)c2n1,485.64,4.69,120.32,2,8,8,4,1,<rdkit.Chem.rdchem.Mol object at 0x000001CB27460660>,False,False
TRZ01275,COc1ccccc1-c1cc(Nc2ccc(OC)c(-c3nnc(C)c(C)n3)c2)ncn1,414.47,4.37,94.94,1,8,6,4,1,<rdkit.Chem.rdchem.Mol object at 0x000001CB274606D0>,False,False
TRZ01276,Cc1nnc(-c2cc(N3CCOC[C@H]3C)nc3c(-c4ccnn4C4CCCCO4)nccc23)nc1C,486.58,3.89,103.97,0,9,4,4,1,<rdkit.Chem.rdchem.Mol object at 0x000001CB27460740>,False,False
TRZ01277,Cc1nnc(C(C)(C)[C@H]2c3ccccc3Oc3nc(-c4ccc(-n5cnnn5)cc4)ccc32)nc1C,476.54,4.74,104.39,0,8,4,5,1,<rdkit.Chem.rdchem.Mol object at 0x000001CB274607B0>,False,False
TRZ01279,COc1ccc(-c2nnc(C)c(C)n2)c(OC)c1,245.28,2.17,57.13,0,5,3,2,1,<rdkit.Chem.rdchem.Mol object at 0x000001CB27460820>,False,False
TRZ01280,CC(=O)NC(c1nnc(C)c(C)n1)C(C)Cc1ccccc1,298.39,2.54,67.77,1,4,5,2,1,<rdkit.Chem.rdchem.Mol object at 0x000001CB27460890>,False,False
TRZ01281,CC(=O)NC(c1nnc(C)c(C)n1)C(C)CCc1ccccc1,312.42,2.93,67.77,1,4,6,2,1,<rdkit.Chem.rdchem.Mol object at 0x000001CB27460900>,False,False
TRZ01282,Cc1nnc(C(=O)c2c[nH]c3ccccc23)nc1C,252.28,2.2,71.53,1,4,2,3,1,<rdkit.Chem.rdchem.Mol object at 0x000001CB27460970>,False,False
TRZ01283,Cc1nnc(-c2ccc(S(=O)(=O)C(C)C)cc2)nc1C,291.38,2.34,72.81,0,5,3,2,1,<rdkit.Chem.rdchem.Mol object at 0x000001CB274609E0>,False,False
TRZ01284,Cc1nnc(-c2ccc(NCn3cnc4ccccc43)cc2)nc1C,330.4,3.57,68.52,1,5,4,4,1,<rdkit.Chem.rdchem.Mol object at 0x000001CB27460A50>,False,False
TRZ01285,Cc1nnc(-c2ccc(NCn3c(C)nc4ccccc43)cc2)nc1C,344.42,3.88,68.52,1,5,4,4,1,<rdkit.Chem.rdchem.Mol object at 0x000001CB27460AC0>,False,False
TRZ01286,CCc1nc2ccccc2n1CNc1ccc(-c2nnc(C)c(C)n2)cc1,358.45,4.14,68.52,1,5,5,4,1,<rdkit.Chem.rdchem.Mol object at 0x000001CB27460B30>,False,False
TRZ01287,CCCc1nc2ccccc2n1CNc1ccc(-c2nnc(C)c(C)n2)cc1,372.48,4.53,68.52,1,5,6,4,1,<rdkit.Chem.rdchem.Mol object at 0x000001CB27460BA0>,False,False
TRZ01288,CCCCOc1cc(-c2nnc(C)c(C)n2)cc(OCCCC)n1,330.43,3.91,70.02,0,6,9,2,1,<rdkit.Chem.rdchem.Mol object at 0x000001CB27460C10>,False,False
TRZ01289,Cc1nnc(CNC(C)Cc2cccc(C(F)(F)F)c2)nc1C,324.35,3.23,50.7,1,4,5,2,1,<rdkit.Chem.rdchem.Mol object at 0x000001CB27460C80>,False,False
TRZ01290,Cc1cc(N(C)C)nc(SCc2nnc(C)c(C)n2)n1,290.4,1.95,67.69,0,7,4,2,1,<rdkit.Chem.rdchem.Mol object at 0x000001CB27460CF0>,False,False
TRZ01291,CCN(CC)c1cc(C)nc(SCc2nnc(C)c(C)n2)n1,318.45,2.73,67.69,0,7,6,2,1,<rdkit.Chem.rdchem.Mol object at 0x000001CB27460D60>,False,False
TRZ01292,Cc1nnc(CSc2cc(N3CCOCC3)ncn2)nc1C,318.41,1.41,76.92,0,8,4,2,1,<rdkit.Chem.rdchem.Mol object at 0x000001CB27460DD0>,False,False
TRZ01293,Cc1nnc(CSc2cc(N3CCCCC3)ncn2)nc1C,316.43,2.56,67.69,0,7,4,2,1,<rdkit.Chem.rdchem.Mol object at 0x000001CB27460E40>,False,False
TRZ01296,Cc1nnc(-c2nnc3ccccc3n2)nc1C,238.25,1.49,77.34,0,6,1,3,1,<rdkit.Chem.rdchem.Mol object at 0x000001CB27460F90>,False,False
TRZ01297,COc1ccc2nc(NC(=O)c3nnc(C)c(C)n3)sc2c1,315.36,2.36,89.89,1,7,3,3,1,<rdkit.Chem.rdchem.Mol object at 0x000001CB27461000>,False,False
TRZ01298,Cc1nnc(CNc2ccc([N+](=O)[O-])cc2C(=O)c2ccccc2)nc1C,363.38,3.24,110.91,1,7,6,3,1,<rdkit.Chem.rdchem.Mol object at 0x000001CB27461070>,False,False
TRZ01299,Cc1nnc(C(Cc2ccccc2)c2ccccc2)nc1C,289.38,3.86,38.67,0,3,4,3,1,<rdkit.Chem.rdchem.Mol object at 0x000001CB274610E0>,False,False
TRZ01300,COc1ccc(C(Cc2ccccc2)c2nnc(C)c(C)n2)cc1,319.41,3.87,47.9,0,4,5,3,1,<rdkit.Chem.rdchem.Mol object at 0x000001CB27461150>,False,False
TRZ01301,COc1ccc(CC(c2ccccc2)c2nnc(C)c(C)n2)cc1,319.41,3.87,47.9,0,4,5,3,1,<rdkit.Chem.rdchem.Mol object at 0x000001CB274611C0>,False,False
TRZ01302,COc1ccc(CC(c2ccc(OC)cc2)c2nnc(C)c(C)n2)cc1,349.43,3.88,57.13,0,5,6,3,1,<rdkit.Chem.rdchem.Mol object at 0x000001CB27461230>,False,False
TRZ01303,CCC(c1nnc(C)c(C)n1)n1nc(C)ccc1=O,259.31,1.35,73.56,0,5,3,2,1,<rdkit.Chem.rdchem.Mol object at 0x000001CB274612A0>,False,False
TRZ01304,Cc1nnc(Cn2c(C)nc3ccccc3c2=O)nc1C,281.32,1.56,73.56,0,5,2,3,1,<rdkit.Chem.rdchem.Mol object at 0x000001CB27461310>,False,False
TRZ01305,Cc1nnc(CN2Cc3ccccc3OC2=O)nc1C,270.29,2.0,68.21,0,5,2,2,1,<rdkit.Chem.rdchem.Mol object at 0x000001CB27461380>,False,False
TRZ01306,Cc1nnc(Cc2scnc2C)nc1C,220.3,1.84,51.56,0,5,2,2,1,<rdkit.Chem.rdchem.Mol object at 0x000001CB274613F0>,False,False
TRZ01307,Cc1nnc(Cc2ccc(-c3ccccc3)[nH]2)nc1C,264.33,3.07,54.46,1,3,3,3,1,<rdkit.Chem.rdchem.Mol object at 0x000001CB27461460>,False,False
TRZ01309,CCOc1c(Cl)cc(-c2nnc(C)c(C)n2)cc1Cl,298.17,3.86,47.9,0,4,3,2,1,<rdkit.Chem.rdchem.Mol object at 0x000001CB27461540>,False,False
TRZ01310,C=CCOc1c(Cl)cc(-c2nnc(C)c(C)n2)cc1Cl,310.18,4.03,47.9,0,4,4,2,1,<rdkit.Chem.rdchem.Mol object at 0x000001CB274615B0>,False,False
TRZ01311,Cc1nnc(-c2cc(Cl)c(OC(C)C)c(Cl)c2)nc1C,312.2,4.25,47.9,0,4,3,2,1,<rdkit.Chem.rdchem.Mol object at 0x000001CB27461620>,False,False
TRZ01312,CCCCOc1c(Cl)cc(-c2nnc(C)c(C)n2)cc1Cl,326.23,4.64,47.9,0,4,5,2,1,<rdkit.Chem.rdchem.Mol object at 0x000001CB27461690>,False,False
TRZ01314,CCOc1c(I)cc(-c2nnc(C)c(C)n2)cc1I,481.08,3.76,47.9,0,4,3,2,1,<rdkit.Chem.rdchem.Mol object at 0x000001CB27461700>,False,False
TRZ01315,C=CCOc1c(I)cc(-c2nnc(C)c(C)n2)cc1I,493.09,3.93,47.9,0,4,4,2,1,<rdkit.Chem.rdchem.Mol object at 0x000001CB27461770>,False,False
TRZ01316,CCCOc1c(I)cc(-c2nnc(C)c(C)n2)cc1I,495.1,4.15,47.9,0,4,4,2,1,<rdkit.Chem.rdchem.Mol object at 0x000001CB274617E0>,False,False
TRZ01318,Cc1nnc(-c2cc(Cl)c(OCC(C)C)c(Cl)c2)nc1C,326.23,4.5,47.9,0,4,4,2,1,<rdkit.Chem.rdchem.Mol object at 0x000001CB27461850>,False,False
TRZ01319,Cc1nnc(-c2cc(I)c(OC(C)C)c(I)c2)nc1C,495.1,4.15,47.9,0,4,3,2,1,<rdkit.Chem.rdchem.Mol object at 0x000001CB274618C0>,False,False
TRZ01322,Cc1nnc(-c2ccc(NCn3c(C(C)C)nc4ccccc43)cc2)nc1C,372.48,4.7,68.52,1,5,5,4,1,<rdkit.Chem.rdchem.Mol object at 0x000001CB27461930>,False,False
TRZ01323,CCCC[C@H](NC(=O)c1cccs1)c1nnc(C)c(C)n1,304.42,3.21,67.77,1,5,6,2,1,<rdkit.Chem.rdchem.Mol object at 0x000001CB274619A0>,False,False
TRZ01324,Cc1nnc(Cn2c(C)nc3ccc(Cl)cc3c2=O)nc1C,315.76,2.21,73.56,0,5,2,3,1,<rdkit.Chem.rdchem.Mol object at 0x000001CB27461A10>,False,False
TRZ01325,Cc1nnc(Cn2c(C)nc3ccc(Br)cc3c2=O)nc1C,360.22,2.32,73.56,0,5,2,3,1,<rdkit.Chem.rdchem.Mol object at 0x000001CB27461A80>,False,False
TRZ01326,Cc1nnc(Cn2c(C)nc3ccc(I)cc3c2=O)nc1C,407.22,2.16,73.56,0,5,2,3,1,<rdkit.Chem.rdchem.Mol object at 0x000001CB27461AF0>,False,False
TRZ01327,Cc1nnc(Cn2c(C)nc3c(Cl)cc(Cl)cc3c2=O)nc1C,350.21,2.86,73.56,0,5,2,3,1,<rdkit.Chem.rdchem.Mol object at 0x000001CB27461B60>,False,False
TRZ01328,Cc1nnc(-c2cc(C)c(=O)[nH]n2)nc1C,217.23,0.55,84.42,1,5,1,2,1,<rdkit.Chem.rdchem.Mol object at 0x000001CB27461BD0>,False,False
TRZ01329,Cc1nnc(-c2ccccc2C(=O)C(=O)Nc2ccc(O)cc2)nc1C,348.36,2.68,105.07,2,6,4,3,1,<rdkit.Chem.rdchem.Mol object at 0x000001CB27461C40>,False,False
TRZ01330,Cc1nnc(CSc2cc(N(C)C)ncn2)nc1C,276.37,1.64,67.69,0,7,4,2,1,<rdkit.Chem.rdchem.Mol object at 0x000001CB27461CB0>,False,False
TRZ01331,COc1ccc(CC(c2ccc(OC)c(OC)c2)c2nnc(C)c(C)n2)cc1OC,409.49,3.9,75.59,0,7,8,3,1,<rdkit.Chem.rdchem.Mol object at 0x000001CB27461D20>,False,False
TRZ01332,Cc1nnc(C2=CO[C@@H](C)[C@@H]3CN4CCc5c(n(C)c6ccccc56)[C@@H]4C[C@H]23)nc1C,415.54,3.98,56.07,0,5,1,3,1,<rdkit.Chem.rdchem.Mol object at 0x000001CB27461D90>,False,False
TRZ01333,Cc1nnc(C2=CO[C@@H](C)[C@H]3CN4CCc5c(n(C)c6ccccc56)[C@@H]4C[C@H]23)nc1C,415.54,3.98,56.07,0,5,1,3,1,<rdkit.Chem.rdchem.Mol object at 0x000001CB27461E00>,False,False
TRZ01334,CCN1c2ccccc2Sc2c(-c3nnc(C)c(C)n3)cccc21,334.45,4.78,41.91,0,5,2,3,1,<rdkit.Chem.rdchem.Mol object at 0x000001CB27461E70>,False,False
TRZ01335,COc1ccc(Nc2ncccc2-c2nnc(C)c(C)n2)cc1,307.36,3.3,72.82,1,6,4,3,1,<rdkit.Chem.rdchem.Mol object at 0x000001CB27461EE0>,False,False
TRZ01336,Cc1cc(N2CCCCC2)nc(SCc2nnc(C)c(C)n2)n1,330.46,2.87,67.69,0,7,4,2,1,<rdkit.Chem.rdchem.Mol object at 0x000001CB27461F50>,False,False
TRZ01337,Cc1cc(N2CCOCC2)nc(SCc2nnc(C)c(C)n2)n1,332.43,1.72,76.92,0,8,4,2,1,<rdkit.Chem.rdchem.Mol object at 0x000001CB27461FC0>,False,False
TRZ01338,Cc1cc(OC(C)(C)c2nnc(C)c(C)n2)ccc1Cl,291.78,3.76,47.9,0,4,3,2,1,<rdkit.Chem.rdchem.Mol object at 0x000001CB27462030>,False,False
TRZ01339,CCOc1c(Cc2nnc(C)c(C)n2)cccc1OC,273.34,2.49,57.13,0,5,5,2,1,<rdkit.Chem.rdchem.Mol object at 0x000001CB274620A0>,False,False
TRZ01340,CCCOc1c(Cc2nnc(C)c(C)n2)cccc1OC,287.36,2.88,57.13,0,5,6,2,1,<rdkit.Chem.rdchem.Mol object at 0x000001CB27462110>,False,False
TRZ01341,CCCCOc1c(Cc2nnc(C)c(C)n2)cccc1OC,301.39,3.27,57.13,0,5,7,2,1,<rdkit.Chem.rdchem.Mol object at 0x000001CB27462180>,False,False
TRZ01342,COc1cccc(Cc2nnc(C)c(C)n2)c1OCc1ccccc1,335.41,3.67,57.13,0,5,6,3,1,<rdkit.Chem.rdchem.Mol object at 0x000001CB274621F0>,False,False
TRZ01343,Cc1nnc(C(CN2CCN(c3ccccc3)CC2)C(CO)c2ccccc2)nc1C,417.56,3.17,65.38,1,6,7,3,1,<rdkit.Chem.rdchem.Mol object at 0x000001CB27462260>,False,False
TRZ01344,CCN1N=C(c2ccccc2)Cn2c1nc1c2c(=O)n(Cc2nnc(C)c(C)n2)c(=O)n1C,445.49,0.99,116.09,0,8,4,4,1,<rdkit.Chem.rdchem.Mol object at 0x000001CB274622D0>,False,False
TRZ01345,Cc1nnc(Cn2c(=O)c3c(nc4n3CC(c3ccccc3)=NN4c3ccccc3)n(C)c2=O)nc1C,493.53,2.3,116.09,0,8,4,5,1,<rdkit.Chem.rdchem.Mol object at 0x000001CB27462340>,False,False
TRZ01346,Cc1nnc(C(C)c2ccc(-n3cc4ccccc4n3)cc2)nc1C,329.41,3.98,56.49,0,4,3,4,1,<rdkit.Chem.rdchem.Mol object at 0x000001CB274623B0>,False,False
TRZ01347,Cc1ccc(Oc2cc(SCc3nnc(C)c(C)n3)ncn2)cc1,339.42,3.67,73.68,0,7,5,3,1,<rdkit.Chem.rdchem.Mol object at 0x000001CB27462420>,False,False
TRZ01348,Cc1nnc(CSc2cc(Oc3ccccc3)ncn2)nc1C,325.4,3.36,73.68,0,7,5,3,1,<rdkit.Chem.rdchem.Mol object at 0x000001CB27462490>,False,False
TRZ01349,Cc1nnc(CSc2cc(Oc3ccc(F)cc3)ncn2)nc1C,343.39,3.5,73.68,0,7,5,3,1,<rdkit.Chem.rdchem.Mol object at 0x000001CB27462500>,False,False
TRZ01350,Cc1nnc(CSc2cc(Oc3ccc(Cl)cc3)ncn2)nc1C,359.84,4.02,73.68,0,7,5,3,1,<rdkit.Chem.rdchem.Mol object at 0x000001CB27462570>,False,False
TRZ01351,Cc1nnc(C(=O)C=P(c2ccccc2)(c2ccccc2)c2ccccc2)nc1C,411.45,3.47,55.74,0,4,5,4,1,<rdkit.Chem.rdchem.Mol object at 0x000001CB274625E0>,False,False
TRZ01356,Cc1nnc(CSc2c3ccccc3nc3ccccc23)nc1C,332.43,4.48,51.56,0,5,3,4,1,<rdkit.Chem.rdchem.Mol object at 0x000001CB27462650>,False,False
TRZ01357,CCOc1ccc2nc3ccccc3c(SCc3nnc(C)c(C)n3)c2c1,376.49,4.88,60.79,0,6,5,4,1,<rdkit.Chem.rdchem.Mol object at 0x000001CB274626C0>,False,False
TRZ01358,Cc1nnc(CSc2c3ccccc3nc3cc([N+](=O)[O-])ccc23)nc1C,377.43,4.39,94.7,0,7,4,4,1,<rdkit.Chem.rdchem.Mol object at 0x000001CB27462730>,False,False
TRZ01359,COc1cccc2c(SCc3nnc(C)c(C)n3)c3ccccc3nc12,362.46,4.49,60.79,0,6,4,4,1,<rdkit.Chem.rdchem.Mol object at 0x000001CB274627A0>,False,False
TRZ01360,Cc1ccc2nc3ccccc3c(SCc3nnc(C)c(C)n3)c2c1,346.46,4.79,51.56,0,5,3,4,1,<rdkit.Chem.rdchem.Mol object at 0x000001CB27462810>,False,False
TRZ01361,Cc1nnc(CSc2c3ccccc3nc3c(C)cccc23)nc1C,346.46,4.79,51.56,0,5,3,4,1,<rdkit.Chem.rdchem.Mol object at 0x000001CB27462880>,False,False
TRZ01362,COc1cccc(Nc2cc(-c3nnc(C)c(C)n3)c3ccccc3n2)c1,357.42,4.46,72.82,1,6,4,4,1,<rdkit.Chem.rdchem.Mol object at 0x000001CB274628F0>,False,False
TRZ01363,Cc1ccccc1Nc1cc(-c2nnc(C)c(C)n2)c2ccccc2n1,341.42,4.76,63.59,1,5,3,4,1,<rdkit.Chem.rdchem.Mol object at 0x000001CB27462960>,False,False
TRZ01364,Cc1nnc(COc2ccc(C(=O)c3cc4cccnc4nc3-c3ccccc3)cc2)nc1C,447.5,4.91,90.75,0,7,6,5,1,<rdkit.Chem.rdchem.Mol object at 0x000001CB274629D0>,False,False
TRZ01365,Cc1nnc(C(O)(c2ccc(Cl)cc2)c2ccc(Cl)cc2)nc1C,360.24,4.08,58.9,1,4,3,3,1,<rdkit.Chem.rdchem.Mol object at 0x000001CB27462A40>,False,False
TRZ01366,Cc1cccc(OC(C)(C)c2nnc(C)c(C)n2)c1,257.34,3.11,47.9,0,4,3,2,1,<rdkit.Chem.rdchem.Mol object at 0x000001CB27462AB0>,False,False
TRZ01367,Cc1nnc(C(CC(O)c2ccc(Cl)cc2)CN2CCCCC2)nc1C,374.92,3.84,62.14,1,5,6,2,1,<rdkit.Chem.rdchem.Mol object at 0x000001CB27462B20>,False,False
TRZ01368,Cc1nnc(C(CC(O)c2ccc(Cl)cc2)CN2CCCC2)nc1C,360.89,3.44,62.14,1,5,6,2,1,<rdkit.Chem.rdchem.Mol object at 0x000001CB27462B90>,False,False
TRZ01369,Cc1nnc(CCC(=O)Nc2nncs2)nc1C,264.31,0.91,93.55,1,7,4,2,1,<rdkit.Chem.rdchem.Mol object at 0x000001CB27462C00>,False,False
TRZ01370,COc1ccc2nc3ccccc3c(SCc3nnc(C)c(C)n3)c2c1,362.46,4.49,60.79,0,6,4,4,1,<rdkit.Chem.rdchem.Mol object at 0x000001CB27462C70>,False,False
TRZ01371,Cc1nnc(CCC(=O)Nc2nccs2)nc1C,263.33,1.52,80.66,1,6,4,2,1,<rdkit.Chem.rdchem.Mol object at 0x000001CB27462CE0>,False,False
TRZ01372,CCCc1nnc(NC(=O)CCc2nnc(C)c(C)n2)s1,306.39,1.86,93.55,1,7,6,2,1,<rdkit.Chem.rdchem.Mol object at 0x000001CB27462D50>,False,False
TRZ01373,Cc1nnc(-c2cc(/C=C/c3ccc([N+](=O)[O-])o3)nc3ccccc23)nc1C,373.37,4.38,107.84,0,7,4,4,1,<rdkit.Chem.rdchem.Mol object at 0x000001CB27462DC0>,False,False
TRZ01374,CCCN(CCC)/C(=C\c1ccc([N+](=O)[O-])o1)c1nnc(C)c(C)n1,345.4,3.61,98.19,0,7,8,2,1,<rdkit.Chem.rdchem.Mol object at 0x000001CB27462E30>,False,False
TRZ01375,Cc1cc(C)c(/C=C(\c2nnc(C)c(C)n2)N(C)C)c(C)c1,296.42,3.47,41.91,0,4,3,2,1,<rdkit.Chem.rdchem.Mol object at 0x000001CB27462EA0>,False,False
TRZ01376,Cc1cc(C)c(/C=C(\NCCc2ccccc2)c2nnc(C)c(C)n2)c(C)c1,372.52,4.74,50.7,1,4,6,3,1,<rdkit.Chem.rdchem.Mol object at 0x000001CB27462F10>,False,False
TRZ01378,CN/C(=C\c1c(C)c(C)cc(C)c1C)c1nnc(C)c(C)n1,296.42,3.44,50.7,1,4,3,2,1,<rdkit.Chem.rdchem.Mol object at 0x000001CB27462F80>,False,False
TRZ01379,CCN/C(=C\c1c(C)c(C)cc(C)c1C)c1nnc(C)c(C)n1,310.45,3.83,50.7,1,4,4,2,1,<rdkit.Chem.rdchem.Mol object at 0x000001CB27462FF0>,False,False
TRZ01380,CCCN/C(=C\c1c(C)c(C)cc(C)c1C)c1nnc(C)c(C)n1,324.47,4.22,50.7,1,4,5,2,1,<rdkit.Chem.rdchem.Mol object at 0x000001CB27463060>,False,False
TRZ01381,Cc1cc(C)c(C)c(/C=C(\c2nnc(C)c(C)n2)N(C)C)c1C,310.45,3.78,41.91,0,4,3,2,1,<rdkit.Chem.rdchem.Mol object at 0x000001CB274630D0>,False,False
TRZ01382,Cc1nnc(/C(=C\c2cc3ccccc3o2)NCCc2ccccc2)nc1C,370.46,4.57,63.84,1,5,6,4,1,<rdkit.Chem.rdchem.Mol object at 0x000001CB27463140>,False,False
TRZ01384,Cc1nnc(/C(=C\c2ccc3ccccc3c2)N(C)C)nc1C,304.4,3.7,41.91,0,4,3,3,1,<rdkit.Chem.rdchem.Mol object at 0x000001CB274631B0>,False,False
TRZ01385,CN/C(=C\c1ccc2ccccc2c1)c1nnc(C)c(C)n1,290.37,3.36,50.7,1,4,3,3,1,<rdkit.Chem.rdchem.Mol object at 0x000001CB27463220>,False,False
TRZ01386,Cc1nnc(/C(=C/c2ccc3ccccc3c2)N(C)C)nc1C,304.4,3.7,41.91,0,4,3,3,1,<rdkit.Chem.rdchem.Mol object at 0x000001CB27463290>,False,False
TRZ01387,CCCN/C(=C\c1ccc2ccccc2c1)c1nnc(C)c(C)n1,318.42,4.14,50.7,1,4,5,3,1,<rdkit.Chem.rdchem.Mol object at 0x000001CB27463300>,False,False
TRZ01389,CC(=O)Nc1ccc(C(=O)N/C(=C\c2ccco2)c2nnc(C)c(C)n2)cc1,377.4,2.97,110.01,2,6,5,3,1,<rdkit.Chem.rdchem.Mol object at 0x000001CB27463370>,False,False
TRZ01390,CC(=O)Nc1ccc(C(=O)N/C(=C\c2ccccc2)c2nnc(C)c(C)n2)cc1,387.44,3.37,96.87,2,5,5,3,1,<rdkit.Chem.rdchem.Mol object at 0x000001CB274633E0>,False,False
TRZ01391,CC(=O)Nc1ccc(C(=O)N/C(=C\c2ccccc2Cl)c2nnc(C)c(C)n2)cc1,421.89,4.03,96.87,2,5,5,3,1,<rdkit.Chem.rdchem.Mol object at 0x000001CB27463450>,False,False
TRZ01392,CC(=O)Nc1ccc(C(=O)N/C(=C\c2ccc3c(c2)OCO3)c2nnc(C)c(C)n2)cc1,431.45,3.1,115.33,2,7,5,3,1,<rdkit.Chem.rdchem.Mol object at 0x000001CB274634C0>,False,False
TRZ01393,CC(=O)Nc1ccc(C(=O)N/C(=C\c2ccc(N(C)C)cc2)c2nnc(C)c(C)n2)cc1,430.51,3.44,100.11,2,6,6,3,1,<rdkit.Chem.rdchem.Mol object at 0x000001CB27463530>,False,False
TRZ01394,CCN(CC)c1ccc(/C=C(\NC(=O)c2ccc(NC(C)=O)cc2)c2nnc(C)c(C)n2)cc1,458.57,4.22,100.11,2,6,8,3,1,<rdkit.Chem.rdchem.Mol object at 0x000001CB274635A0>,False,False
TRZ01395,COc1ccc(/C=C(\NC(=O)c2ccc(NC(C)=O)cc2)c2nnc(C)c(C)n2)cc1,417.47,3.38,106.1,2,6,6,3,1,<rdkit.Chem.rdchem.Mol object at 0x000001CB27463610>,False,False
TRZ01396,CC(=O)Nc1ccc(C(=O)N/C(=C\C=C\c2ccccc2)c2nnc(C)c(C)n2)cc1,413.48,3.93,96.87,2,5,6,3,1,<rdkit.Chem.rdchem.Mol object at 0x000001CB27463680>,False,False
TRZ01397,COc1ccc(/C=C(\c2ccccc2)c2nnc(C)c(C)n2)cc1,317.39,4.09,47.9,0,4,4,3,1,<rdkit.Chem.rdchem.Mol object at 0x000001CB274636F0>,False,False
TRZ01398,COc1ccc(/C=C(\c2ccccc2)c2nnc(C)c(C)n2)cc1OC,347.42,4.09,57.13,0,5,5,3,1,<rdkit.Chem.rdchem.Mol object at 0x000001CB27463760>,False,False
TRZ01399,COc1ccc(/C(=N/N)c2nnc(C)c(C)n2)cc1OC,287.32,1.22,95.51,1,7,4,2,1,<rdkit.Chem.rdchem.Mol object at 0x000001CB274637D0>,False,False
TRZ01400,Cc1nnc(-c2cc3oc(C)c(C)c3[nH]2)nc1C,242.28,2.85,67.6,1,4,1,3,1,<rdkit.Chem.rdchem.Mol object at 0x000001CB27463840>,False,False
TRZ01401,COc1ccccc1-n1ncc(-c2nnc(C)c(C)n2)c1C,295.35,2.66,65.72,0,5,3,3,1,<rdkit.Chem.rdchem.Mol object at 0x000001CB274638B0>,False,False
TRZ01402,Cc1nnc(CC2Oc3ccccc3NC2=O)nc1C,270.29,1.43,77.0,1,5,2,2,1,<rdkit.Chem.rdchem.Mol object at 0x000001CB27463920>,False,False
TRZ01403,Cc1nnc(-c2c[nH]c3c(C(F)(F)F)cccc3c2=O)nc1C,320.27,3.02,71.53,1,4,1,3,1,<rdkit.Chem.rdchem.Mol object at 0x000001CB27463990>,False,False
TRZ01404,Cc1nnc(COc2ccc(OCc3ccccc3)cc2)nc1C,321.38,3.65,57.13,0,5,6,3,1,<rdkit.Chem.rdchem.Mol object at 0x000001CB27463A00>,False,False
TRZ01405,CCOC(=O)c1c(C)oc2ccc(OCc3nnc(C)c(C)n3)cc12,341.37,3.3,87.34,0,7,5,3,1,<rdkit.Chem.rdchem.Mol object at 0x000001CB27463A70>,False,False
TRZ01406,COc1ccc2ccccc2c1-c1cc(-c2nnc(C)c(C)n2)[nH]n1,331.38,3.71,76.58,1,5,3,4,1,<rdkit.Chem.rdchem.Mol object at 0x000001CB27463AE0>,False,False
TRZ01407,Cc1nnc(CN(Cc2ccccc2)S(=O)(=O)c2ccc(Cl)cc2)nc1C,402.91,3.53,76.05,0,5,6,3,1,<rdkit.Chem.rdchem.Mol object at 0x000001CB27463B50>,False,False
TRZ01408,Cc1ccc(-c2cc(-c3nnc(C)c(C)n3)c3ccccc3n2)cc1,326.4,4.68,51.56,0,4,2,4,1,<rdkit.Chem.rdchem.Mol object at 0x000001CB27463BC0>,False,False
TRZ01409,Cc1cc(OCc2ccc(-c3nnc(C)c(C)n3)cc2)ccc1Cl,339.83,4.7,47.9,0,4,4,3,1,<rdkit.Chem.rdchem.Mol object at 0x000001CB27463C30>,False,False
TRZ01410,Cc1nnc(-c2ccc(COc3ccc(Cl)cc3)cc2)nc1C,325.8,4.39,47.9,0,4,4,3,1,<rdkit.Chem.rdchem.Mol object at 0x000001CB27463CA0>,False,False
TRZ01411,COc1cc(-c2nnc(C)c(C)n2)ccc1OCCC(C)C,301.39,3.59,57.13,0,5,6,2,1,<rdkit.Chem.rdchem.Mol object at 0x000001CB27463D10>,False,False
TRZ01412,COc1ccc(NS(=O)(=O)c2cccc(-c3nnc(C)c(C)n3)c2)cc1,370.43,2.96,94.07,1,6,5,3,1,<rdkit.Chem.rdchem.Mol object at 0x000001CB27463D80>,False,False
TRZ01413,COc1cc(-c2cc(-c3nnc(C)c(C)n3)c3ccccc3n2)cc(OC)c1OC,402.45,4.4,79.25,0,7,5,4,1,<rdkit.Chem.rdchem.Mol object at 0x000001CB27463DF0>,False,False
TRZ01414,Cc1ccc(-n2c(SCc3nnc(C)c(C)n3)nnc2-c2ccccc2)cc1,388.5,4.34,69.38,0,6,5,4,1,<rdkit.Chem.rdchem.Mol object at 0x000001CB27463E60>,False,False
TRZ01415,CCn1nc(-c2nnc(C)c(C)n2)c2ccccc2c1=O,281.32,1.89,73.56,0,5,2,3,1,<rdkit.Chem.rdchem.Mol object at 0x000001CB27463ED0>,False,False
TRZ01417,CCOc1ccc(-c2nnc(C)c(C)n2)cc1OC,259.31,2.56,57.13,0,5,4,2,1,<rdkit.Chem.rdchem.Mol object at 0x000001CB27464040>,False,False
TRZ01418,Cc1nnc(-c2cccc(S(=O)(=O)NCc3ccccc3)c2)nc1C,354.44,2.63,84.84,1,5,5,3,1,<rdkit.Chem.rdchem.Mol object at 0x000001CB274640B0>,False,False
TRZ01419,Cc1nnc(-c2cc(S(=O)(=O)NCc3ccccc3)ccc2O)nc1C,370.43,2.34,105.07,2,6,5,3,1,<rdkit.Chem.rdchem.Mol object at 0x000001CB27464120>,False,False
TRZ01420,Cc1ccc(NC(=O)c2nnc(C)c(C)n2)cc1C,256.31,2.36,67.77,1,4,2,2,1,<rdkit.Chem.rdchem.Mol object at 0x000001CB27464190>,False,False
TRZ01421,Cc1nnc(-c2cc(-c3cccnc3)nc3ccccc23)nc1C,313.36,3.77,64.45,0,5,2,4,1,<rdkit.Chem.rdchem.Mol object at 0x000001CB27464200>,False,False
TRZ01422,Cc1nnc(-c2ccc(-c3ccc(F)cc3)s2)nc1C,285.35,4.02,38.67,0,4,2,3,1,<rdkit.Chem.rdchem.Mol object at 0x000001CB27464270>,False,False
TRZ01423,Cc1nnc(-c2cccc(OC(C)C)c2)nc1C,243.31,2.94,47.9,0,4,3,2,1,<rdkit.Chem.rdchem.Mol object at 0x000001CB274642E0>,False,False
TRZ01424,CCc1ccc2c(Cl)c(-c3nnc(C)c(C)n3)sc2c1,303.82,4.59,38.67,0,4,2,3,1,<rdkit.Chem.rdchem.Mol object at 0x000001CB27464350>,False,False
TRZ01425,Cc1ccc2c(Cl)c(-c3nnc(C)c(C)n3)sc2c1,289.79,4.33,38.67,0,4,1,3,1,<rdkit.Chem.rdchem.Mol object at 0x000001CB274643C0>,False,False
TRZ01426,COc1ccc(-c2cc(-c3nnc(C)c(C)n3)c3ccccc3n2)cc1OC,372.43,4.39,70.02,0,6,4,4,1,<rdkit.Chem.rdchem.Mol object at 0x000001CB27464430>,False,False
TRZ01427,Cc1nnc([C@H](Cc2ccc(O)cc2)NC(=O)c2ccccc2)nc1C,348.41,2.91,88.0,2,5,5,3,1,<rdkit.Chem.rdchem.Mol object at 0x000001CB274644A0>,False,False
TRZ01428,Cc1nnc(-c2ccncc2F)nc1C,204.21,1.69,51.56,0,4,1,2,1,<rdkit.Chem.rdchem.Mol object at 0x000001CB27464510>,False,False
TRZ01429,Cc1nnc(-c2ccncc2O)nc1C,202.22,1.26,71.79,1,5,1,2,1,<rdkit.Chem.rdchem.Mol object at 0x000001CB27464580>,False,False
TRZ01430,COc1c(C)cccc1-c1nnc(C)c(C)n1,229.28,2.47,47.9,0,4,2,2,1,<rdkit.Chem.rdchem.Mol object at 0x000001CB274645F0>,False,False
TRZ01431,Cc1ccc(-c2nnc(SCc3nnc(C)c(C)n3)n2-c2ccccc2)cc1,388.5,4.34,69.38,0,6,5,4,1,<rdkit.Chem.rdchem.Mol object at 0x000001CB27464660>,False,False
TRZ01432,Cc1nnc(-c2ccn(C)n2)nc1C,189.22,0.89,56.49,0,4,1,2,1,<rdkit.Chem.rdchem.Mol object at 0x000001CB274646D0>,False,False
TRZ01433,Cc1ccc(-c2nnc(C)c(C)n2)cc1Br,278.15,3.23,38.67,0,3,1,2,1,<rdkit.Chem.rdchem.Mol object at 0x000001CB27464740>,False,False
TRZ01434,CCN(CC)Cc1ccc(-c2nnc(C)c(C)n2)cc1,270.38,3.0,41.91,0,4,5,2,1,<rdkit.Chem.rdchem.Mol object at 0x000001CB274647B0>,False,False
TRZ01435,Cc1nnc(Cc2cccn2C)nc1C,202.26,1.42,43.6,0,3,2,2,1,<rdkit.Chem.rdchem.Mol object at 0x000001CB27464820>,False,False
TRZ01436,Cc1nnc(-c2ccc(OC(C)C)cc2)nc1C,243.31,2.94,47.9,0,4,3,2,1,<rdkit.Chem.rdchem.Mol object at 0x000001CB27464890>,False,False
TRZ01437,Cc1ccc(C)c(OCc2nnc(C)c(C)n2)c1,243.31,2.68,47.9,0,4,3,2,1,<rdkit.Chem.rdchem.Mol object at 0x000001CB27464900>,False,False
TRZ01438,Cc1nnc(COc2cccc(F)c2)nc1C,233.25,2.21,47.9,0,4,3,2,1,<rdkit.Chem.rdchem.Mol object at 0x000001CB27464970>,False,False
TRZ01439,Cc1nnc(COc2ccc(C#N)cc2)nc1C,240.27,1.94,71.69,0,5,3,2,1,<rdkit.Chem.rdchem.Mol object at 0x000001CB274649E0>,False,False
TRZ01440,COc1cccc(NCc2nnc(C)c(C)n2)c1,244.3,2.11,59.93,1,5,4,2,1,<rdkit.Chem.rdchem.Mol object at 0x000001CB27464A50>,False,False
TRZ01441,Cc1nnc(-c2ccc(Br)cc2Cl)nc1C,298.57,3.57,38.67,0,3,1,2,1,<rdkit.Chem.rdchem.Mol object at 0x000001CB27464AC0>,False,False
TRZ01442,Cc1nnc(-c2ccc(Br)c(Cl)c2)nc1C,298.57,3.57,38.67,0,3,1,2,1,<rdkit.Chem.rdchem.Mol object at 0x000001CB27464B30>,False,False
TRZ01443,Cc1nnc(-c2ccc(F)cc2F)nc1C,221.21,2.43,38.67,0,3,1,2,1,<rdkit.Chem.rdchem.Mol object at 0x000001CB27464BA0>,False,False
TRZ01444,Cc1nc(-c2nnc(C)c(C)n2)cs1,206.27,1.92,51.56,0,5,1,2,1,<rdkit.Chem.rdchem.Mol object at 0x000001CB27464C10>,False,False
TRZ01445,CCOc1ccc(-c2nnc(C)c(C)n2)cc1OCC,273.34,2.95,57.13,0,5,5,2,1,<rdkit.Chem.rdchem.Mol object at 0x000001CB27464C80>,False,False
TRZ01446,CCc1ccc(-c2nnc(C)c(C)n2)s1,219.31,2.78,38.67,0,4,2,2,1,<rdkit.Chem.rdchem.Mol object at 0x000001CB27464CF0>,False,False
TRZ01447,Cc1nnc(-c2ccccc2C(F)(F)F)nc1C,253.23,3.17,38.67,0,3,1,2,1,<rdkit.Chem.rdchem.Mol object at 0x000001CB27464D60>,False,False
TRZ01448,Cc1nnc(-c2cc(Cl)ccc2O)nc1C,235.67,2.51,58.9,1,4,1,2,1,<rdkit.Chem.rdchem.Mol object at 0x000001CB27464DD0>,False,False
TRZ01449,Cc1nnc(-c2cnn(-c3ccc(Cl)cc3)c2C)nc1C,299.77,3.3,56.49,0,4,2,3,1,<rdkit.Chem.rdchem.Mol object at 0x000001CB27464E40>,False,False
TRZ01450,Cc1nnc(-c2cccc(OC(F)(F)F)c2)nc1C,269.23,3.05,47.9,0,4,2,2,1,<rdkit.Chem.rdchem.Mol object at 0x000001CB27464EB0>,False,False
TRZ01451,Cc1cc(C)cc(OCc2nnc(C)c(C)n2)c1,243.31,2.68,47.9,0,4,3,2,1,<rdkit.Chem.rdchem.Mol object at 0x000001CB27464F20>,False,False
TRZ01452,Cc1cc(-c2nnc(C)c(C)n2)ccc1Br,278.15,3.23,38.67,0,3,1,2,1,<rdkit.Chem.rdchem.Mol object at 0x000001CB27464F90>,False,False
TRZ01453,Cc1nnc(-c2cnn(-c3ccccc3)c2C)nc1C,265.32,2.65,56.49,0,4,2,3,1,<rdkit.Chem.rdchem.Mol object at 0x000001CB27465000>,False,False
TRZ01454,Cc1ccccc1-n1ncc(-c2nnc(C)c(C)n2)c1C(F)(F)F,333.32,3.67,56.49,0,4,2,3,1,<rdkit.Chem.rdchem.Mol object at 0x000001CB27465070>,False,False
TRZ01455,Cc1nnc(-c2cnn(-c3ccc(F)cc3)c2C(F)(F)F)nc1C,337.28,3.5,56.49,0,4,2,3,1,<rdkit.Chem.rdchem.Mol object at 0x000001CB274650E0>,False,False
TRZ01456,Cc1nnc(-c2cnn(-c3ccc(F)cc3)c2C)nc1C,283.31,2.79,56.49,0,4,2,3,1,<rdkit.Chem.rdchem.Mol object at 0x000001CB27465150>,False,False
TRZ01457,Cc1ccc(-n2ncc(-c3nnc(C)c(C)n3)c2C)cc1,279.35,2.96,56.49,0,4,2,3,1,<rdkit.Chem.rdchem.Mol object at 0x000001CB274651C0>,False,False
TRZ01458,Cc1ccc(-c2nnc(C)c(C)n2)c(C)c1,213.28,2.77,38.67,0,3,1,2,1,<rdkit.Chem.rdchem.Mol object at 0x000001CB27465230>,False,False
TRZ01459,Cc1ccc(-n2ncc(-c3nnc(C)c(C)n3)c2C(F)(F)F)cc1,333.32,3.67,56.49,0,4,2,3,1,<rdkit.Chem.rdchem.Mol object at 0x000001CB274652A0>,False,False
TRZ01460,Cc1nnc(-c2cnn(C)c2)nc1C,189.22,0.89,56.49,0,4,1,2,1,<rdkit.Chem.rdchem.Mol object at 0x000001CB27465310>,False,False
TRZ01461,COc1ccc(-c2cc(-c3nnc(C)c(C)n3)no2)cc1,282.3,2.82,73.93,0,6,3,3,1,<rdkit.Chem.rdchem.Mol object at 0x000001CB27465380>,False,False
TRZ01462,Cc1nnc(-c2ccc(N=[N+]=[N-])cc2)nc1C,226.24,3.1,87.43,0,4,2,2,1,<rdkit.Chem.rdchem.Mol object at 0x000001CB274653F0>,False,False
TRZ01463,Cc1nnc(-c2ccc(S(C)(=O)=O)cc2)nc1C,263.32,1.56,72.81,0,5,2,2,1,<rdkit.Chem.rdchem.Mol object at 0x000001CB27465460>,False,False
TRZ01464,Cc1nnc(-c2c(F)cccc2Cl)nc1C,237.66,2.95,38.67,0,3,1,2,1,<rdkit.Chem.rdchem.Mol object at 0x000001CB274654D0>,False,False
TRZ01465,Cc1nnc(Cc2ccccc2F)nc1C,217.25,2.22,38.67,0,3,2,2,1,<rdkit.Chem.rdchem.Mol object at 0x000001CB27465540>,False,False
TRZ01466,Cc1nnc(CCOc2ccccc2)nc1C,229.28,2.11,47.9,0,4,4,2,1,<rdkit.Chem.rdchem.Mol object at 0x000001CB274655B0>,False,False
TRZ01467,Cc1nnc(-c2ccc(I)cc2O)nc1C,327.13,2.47,58.9,1,4,1,2,1,<rdkit.Chem.rdchem.Mol object at 0x000001CB27465620>,False,False
TRZ01468,Cc1nnc(C(N)c2ccccc2)nc1C,214.27,1.54,64.69,1,4,2,2,1,<rdkit.Chem.rdchem.Mol object at 0x000001CB27465690>,False,False
TRZ01469,Cc1ccc(-c2nnc(C)c(C)n2)cc1F,217.25,2.6,38.67,0,3,1,2,1,<rdkit.Chem.rdchem.Mol object at 0x000001CB27465700>,False,False
TRZ01470,Cc1nnc(-c2ccc(F)cc2Cl)nc1C,237.66,2.95,38.67,0,3,1,2,1,<rdkit.Chem.rdchem.Mol object at 0x000001CB27465770>,False,False
TRZ01471,Cc1ccoc1-c1nnc(C)c(C)n1,189.22,2.06,51.81,0,4,1,2,1,<rdkit.Chem.rdchem.Mol object at 0x000001CB274657E0>,False,False
TRZ01472,Cc1nnc(C(=O)NCc2ccc(Cl)cc2)nc1C,276.73,2.07,67.77,1,4,3,2,1,<rdkit.Chem.rdchem.Mol object at 0x000001CB27465850>,False,False
TRZ01473,Cc1nnc(-c2nccn2C)nc1C,189.22,0.89,56.49,0,4,1,2,1,<rdkit.Chem.rdchem.Mol object at 0x000001CB274658C0>,False,False
TRZ01474,Cc1ccc(-c2nnc(C)c(C)n2)cc1N,214.27,2.05,64.69,1,4,1,2,1,<rdkit.Chem.rdchem.Mol object at 0x000001CB27465930>,False,False
TRZ01475,Cc1nnc(COCc2ccccc2)nc1C,229.28,2.21,47.9,0,4,4,2,1,<rdkit.Chem.rdchem.Mol object at 0x000001CB274659A0>,False,False
TRZ01476,COc1ccc(-c2nnc(C)c(C)n2)cc1N,230.27,1.75,73.92,1,5,2,2,1,<rdkit.Chem.rdchem.Mol object at 0x000001CB27465A10>,False,False
TRZ01477,Cc1nnc(-c2ccc(Br)cn2)nc1C,265.11,2.31,51.56,0,4,1,2,1,<rdkit.Chem.rdchem.Mol object at 0x000001CB27465A80>,False,False
TRZ01478,Cc1nnc(Cc2cc(F)cc(F)c2)nc1C,235.24,2.36,38.67,0,3,2,2,1,<rdkit.Chem.rdchem.Mol object at 0x000001CB27465AF0>,False,False
TRZ01479,Cc1nnc(-c2cccc3[nH]ccc23)nc1C,224.27,2.64,54.46,1,3,1,3,1,<rdkit.Chem.rdchem.Mol object at 0x000001CB27465B60>,False,False
TRZ01480,Cc1ccc(-c2cc(-c3nnc(C)c(C)n3)no2)cc1,266.3,3.12,64.7,0,5,2,3,1,<rdkit.Chem.rdchem.Mol object at 0x000001CB27465BD0>,False,False
TRZ01481,Cc1nnc(-c2cn[nH]c2C)nc1C,189.22,1.19,67.35,1,4,1,2,1,<rdkit.Chem.rdchem.Mol object at 0x000001CB27465C40>,False,False
TRZ01482,Cc1nnc(-c2ccn3ccnc3c2)nc1C,225.25,1.8,55.97,0,4,1,3,1,<rdkit.Chem.rdchem.Mol object at 0x000001CB27465CB0>,False,False
TRZ01483,Cc1nnc(CCOCc2ccccc2)nc1C,243.31,2.25,47.9,0,4,5,2,1,<rdkit.Chem.rdchem.Mol object at 0x000001CB27465D20>,False,False
TRZ01484,Cc1nnc(-c2ccc(C#N)cc2F)nc1C,228.23,2.17,62.46,0,4,1,2,1,<rdkit.Chem.rdchem.Mol object at 0x000001CB27465D90>,False,False
TRZ01485,Cc1nnc(-c2nc(Cl)cnc2N)nc1C,236.67,1.18,90.47,1,6,1,2,1,<rdkit.Chem.rdchem.Mol object at 0x000001CB27465E00>,False,False
TRZ01486,Cc1nnc(-c2ncnc3nc[nH]c23)nc1C,227.23,0.82,93.13,1,6,1,3,1,<rdkit.Chem.rdchem.Mol object at 0x000001CB27465E70>,False,False
TRZ01487,Cc1nnc(-c2cnc3ccc(F)cc3c2N)nc1C,269.28,2.42,77.58,1,5,1,3,1,<rdkit.Chem.rdchem.Mol object at 0x000001CB27465EE0>,False,False
TRZ01488,Cc1nnc(CCC(=O)Nc2ccc(NC(=O)c3ccc[nH]3)cc2)nc1C,364.41,2.64,112.66,3,5,6,3,1,<rdkit.Chem.rdchem.Mol object at 0x000001CB27465F50>,False,False
TRZ01489,CC(=O)N[C@@H](Cc1ccc(O)cc1)c1nnc(C)c(C)n1,286.34,1.61,88.0,2,5,4,2,1,<rdkit.Chem.rdchem.Mol object at 0x000001CB27465FC0>,False,False
TRZ01490,Cc1nnc(-c2ccc(CN(c3cccc(Cl)c3)S(C)(=O)=O)nc2)nc1C,403.9,3.17,88.94,0,6,5,3,1,<rdkit.Chem.rdchem.Mol object at 0x000001CB27466030>,False,False
TRZ01491,CCS(=O)(=O)c1ccc(-c2nnc(C)c(C)n2)cc1,277.35,1.95,72.81,0,5,3,2,1,<rdkit.Chem.rdchem.Mol object at 0x000001CB274660A0>,False,False
TRZ01492,Cc1nnc(-c2sc(-c3nnc(C)c(C)n3)c(C)c2C)nc1C,326.43,3.3,77.34,0,7,2,3,2,<rdkit.Chem.rdchem.Mol object at 0x000001CB27466110>,False,False
TRZ01493,Cc1nnc(CCCc2ccc(N=NN(C)C)cc2)nc1C,298.39,3.22,66.63,0,5,6,2,1,<rdkit.Chem.rdchem.Mol object at 0x000001CB27466180>,False,False
TRZ01494,Cc1nnc(-c2ccc(N=NN(C)C)cc2)nc1C,256.31,2.72,66.63,0,5,3,2,1,<rdkit.Chem.rdchem.Mol object at 0x000001CB274661F0>,False,False
TRZ01495,Cc1nnc(-c2ccccc2N=NN(C)C2CCCCC2)nc1C,324.43,4.42,66.63,0,5,4,2,1,<rdkit.Chem.rdchem.Mol object at 0x000001CB27466260>,False,False
TRZ01496,Cc1cc(N)c(-c2nnc(C)c(C)n2)cc1C,228.3,2.35,64.69,1,4,1,2,1,<rdkit.Chem.rdchem.Mol object at 0x000001CB274662D0>,False,False
TRZ01497,Cc1ccc(NCc2nnc(C)c(C)n2)cc1F,246.29,2.55,50.7,1,4,3,2,1,<rdkit.Chem.rdchem.Mol object at 0x000001CB27466340>,False,False
TRZ01498,Cc1cc(NCc2nnc(C)c(C)n2)ccc1Cl,262.74,3.06,50.7,1,4,3,2,1,<rdkit.Chem.rdchem.Mol object at 0x000001CB274663B0>,False,False
TRZ01499,Cc1nnc(CNc2cccc(Cl)c2F)nc1C,266.71,2.89,50.7,1,4,3,2,1,<rdkit.Chem.rdchem.Mol object at 0x000001CB27466420>,False,False
TRZ01500,Cc1ccc2cccc(Cc3nnc(C)c(C)n3)c2c1,263.34,3.54,38.67,0,3,2,3,1,<rdkit.Chem.rdchem.Mol object at 0x000001CB27466490>,False,False
TRZ01501,Cc1nnc(Cc2cccc3ccc(Cl)cc23)nc1C,283.76,3.89,38.67,0,3,2,3,1,<rdkit.Chem.rdchem.Mol object at 0x000001CB27466500>,False,False
TRZ01502,Cc1nnc(COc2cccc(Br)c2)nc1C,294.15,2.83,47.9,0,4,3,2,1,<rdkit.Chem.rdchem.Mol object at 0x000001CB27466570>,False,False
TRZ01503,Cc1nnc(-c2ccc3c(c2)CN(c2ccc(F)cc2)C3)nc1C,320.37,3.81,41.91,0,4,2,3,1,<rdkit.Chem.rdchem.Mol object at 0x000001CB274665E0>,False,False
TRZ01504,Cc1nnc(CNC(=O)c2cccc(F)c2)nc1C,260.27,1.56,67.77,1,4,3,2,1,<rdkit.Chem.rdchem.Mol object at 0x000001CB27466650>,False,False
TRZ01505,Cc1nnc(-c2cc(-c3ccccc3)n(-c3ccccc3)n2)nc1C,327.39,4.01,56.49,0,4,3,4,1,<rdkit.Chem.rdchem.Mol object at 0x000001CB274666C0>,False,False
TRZ01506,Cc1nnc(Cn2cnc(-c3ccc(F)cc3)c2)nc1C,283.31,2.54,56.49,0,4,3,3,1,<rdkit.Chem.rdchem.Mol object at 0x000001CB27466730>,False,False
TRZ01507,Cc1nnc(CCS(=O)(=O)c2ccc3ccccc3c2)nc1C,327.41,2.66,72.81,0,5,4,3,1,<rdkit.Chem.rdchem.Mol object at 0x000001CB274667A0>,False,False
TRZ01508,Cc1ccc(OCc2nnc(C)c(C)n2)c(Br)c1,308.18,3.14,47.9,0,4,3,2,1,<rdkit.Chem.rdchem.Mol object at 0x000001CB27466810>,False,False
TRZ01509,Cc1ccc2nc(NCc3nnc(C)c(C)n3)nc(-c3ccccc3)c2c1,356.43,4.02,76.48,1,6,4,4,1,<rdkit.Chem.rdchem.Mol object at 0x000001CB27466880>,False,False
TRZ01510,Cc1nnc(Cn2nc(Cc3ccccc3)n(N)c2=O)nc1C,311.35,0.2,104.51,1,6,4,3,1,<rdkit.Chem.rdchem.Mol object at 0x000001CB274668F0>,False,False
TRZ01511,COc1cc(/C=C(/NC(=O)c2ccccc2)c2nnc(C)c(C)n2)cc(OC)c1OC,420.47,3.44,95.46,1,7,7,3,1,<rdkit.Chem.rdchem.Mol object at 0x000001CB27466960>,False,False
TRZ01512,Cc1nnc(CN(CCc2ccccc2)S(=O)(=O)c2ccc(Cl)cc2)nc1C,416.93,3.58,76.05,0,5,7,3,1,<rdkit.Chem.rdchem.Mol object at 0x000001CB274669D0>,False,False
TRZ01513,COc1ccc(-c2c(-c3ccc(OCc4nnc(C)c(C)n4)cc3O)n[nH]c2C)cc1OC,447.5,4.16,115.27,2,8,7,4,1,<rdkit.Chem.rdchem.Mol object at 0x000001CB27466A40>,False,False
TRZ01514,Cc1nnc(Cn2cc(C(F)(F)F)ccc2=O)nc1C,284.24,1.72,60.67,0,4,2,2,1,<rdkit.Chem.rdchem.Mol object at 0x000001CB27466AB0>,False,False
TRZ01516,Cc1nnc(Cn2ccc(C(F)(F)F)n2)nc1C,257.22,1.75,56.49,0,4,2,2,1,<rdkit.Chem.rdchem.Mol object at 0x000001CB27466B20>,False,False
TRZ01517,Cc1nnc(/C=C/c2ccc(-c3ccc(F)cc3)o2)nc1C,295.32,4.06,51.81,0,4,3,3,1,<rdkit.Chem.rdchem.Mol object at 0x000001CB27466B90>,False,False
TRZ01518,COc1ccc(-c2cc(-c3nnc(C)c(C)n3)c3c(C)nn(-c4ccccc4)c3n2)cc1,422.49,4.87,78.61,0,6,4,5,1,<rdkit.Chem.rdchem.Mol object at 0x000001CB27466C00>,False,False
TRZ01519,Cc1nc(-c2nnc(C)c(C)n2)c(C(F)(F)F)o1,258.2,2.47,64.7,0,5,1,2,1,<rdkit.Chem.rdchem.Mol object at 0x000001CB27466C70>,False,False
TRZ01520,Cc1nnc(-c2cc(OCC(F)(F)F)nc(OCC(F)(F)F)c2)nc1C,382.26,3.43,70.02,0,6,5,2,1,<rdkit.Chem.rdchem.Mol object at 0x000001CB27466CE0>,False,False
TRZ01521,Cc1nnc(Cn2c3ccc(F)cc3c3nc4ccccc4nc32)nc1C,358.38,3.73,69.38,0,5,2,5,1,<rdkit.Chem.rdchem.Mol object at 0x000001CB27466D50>,False,False
TRZ01522,Cc1nnc(Cn2nnc(-c3cc(C(F)(F)F)cc(C(F)(F)F)c3)n2)nc1C,403.29,3.23,82.27,0,6,3,3,1,<rdkit.Chem.rdchem.Mol object at 0x000001CB27466DC0>,False,False
TRZ01523,CSCCC(NS(=O)(=O)c1cc(C(F)(F)F)cc(C(F)(F)F)c1)c1nnc(C)c(C)n1,488.48,4.3,84.84,1,6,7,2,1,<rdkit.Chem.rdchem.Mol object at 0x000001CB27466E30>,False,False
TRZ01524,COCCCn1c(SCc2nnc(C)c(C)n2)nnc1-c1ccc(C(F)(F)F)cc1,438.48,4.09,78.61,0,7,8,3,1,<rdkit.Chem.rdchem.Mol object at 0x000001CB27466EA0>,False,False
TRZ01525,Cc1nnc(-c2c(C)noc2-c2ccc(Cl)cc2)nc1C,300.75,3.77,64.7,0,5,2,3,1,<rdkit.Chem.rdchem.Mol object at 0x000001CB27466F10>,False,False
TRZ01526,Cc1nnc(-c2ccc(Oc3cccc(C(F)(F)F)c3)nc2)nc1C,346.31,4.36,60.79,0,5,3,3,1,<rdkit.Chem.rdchem.Mol object at 0x000001CB27466F80>,False,False
TRZ01527,Cc1nnc(-c2csc(-c3ccc(C(F)(F)F)cn3)n2)nc1C,337.33,3.69,64.45,0,6,2,3,1,<rdkit.Chem.rdchem.Mol object at 0x000001CB27466FF0>,False,False
TRZ01528,Cc1nnc(C2=NOC3COC4(CCN(c5ncccn5)CC4)OCC23)nc1C,397.44,1.04,107.74,0,10,2,2,1,<rdkit.Chem.rdchem.Mol object at 0x000001CB27467060>,False,False
TRZ01529,Cc1nnc(CNC(=O)c2ccc([N+](=O)[O-])cc2)nc1C,287.28,1.33,110.91,1,6,4,2,1,<rdkit.Chem.rdchem.Mol object at 0x000001CB274670D0>,False,False
TRZ01531,Cc1nnc(C2SCCN2S(=O)(=O)c2ccc(Cl)cc2)nc1C,370.89,2.58,76.05,0,6,3,2,1,<rdkit.Chem.rdchem.Mol object at 0x000001CB27467140>,False,False
TRZ01532,Cc1cc(OC(C)c2nnc(C)c(C)n2)cc(C)c1Cl,291.78,3.9,47.9,0,4,3,2,1,<rdkit.Chem.rdchem.Mol object at 0x000001CB274671B0>,False,False
TRZ01533,CCOC(=O)c1cc(-c2nc(-c3nnc(C)c(C)n3)cs2)c(C)nc1C(F)(F)F,423.42,4.18,90.75,0,8,4,3,1,<rdkit.Chem.rdchem.Mol object at 0x000001CB27467220>,False,False
TRZ01534,Cc1nnc(CNC(=O)c2c(F)cccc2F)nc1C,278.26,1.7,67.77,1,4,3,2,1,<rdkit.Chem.rdchem.Mol object at 0x000001CB27467290>,False,False
TRZ01535,Cc1nnc(CS(=O)(=O)c2ccc(C(F)(F)F)cn2)nc1C,332.31,1.88,85.7,0,6,3,2,1,<rdkit.Chem.rdchem.Mol object at 0x000001CB27467300>,False,False
TRZ01536,Cc1nnc(COc2ccc(SC(F)(F)F)cc2)nc1C,315.32,3.68,47.9,0,5,4,2,1,<rdkit.Chem.rdchem.Mol object at 0x000001CB27467370>,False,False
TRZ01537,Cc1nnc(CS(=O)Cc2cccc(C(F)(F)F)c2)nc1C,329.35,2.96,55.74,0,4,4,2,1,<rdkit.Chem.rdchem.Mol object at 0x000001CB274673E0>,False,False
TRZ01538,Cc1nnc(CON=Cc2ccc(Cl)cc2Cl)nc1C,311.17,3.35,60.26,0,5,4,2,1,<rdkit.Chem.rdchem.Mol object at 0x000001CB27467450>,False,False
TRZ01539,Cc1nnc(-c2ccccc2NC(=O)c2c(F)cccc2F)nc1C,340.33,3.69,67.77,1,4,3,3,1,<rdkit.Chem.rdchem.Mol object at 0x000001CB274674C0>,False,False
TRZ01540,CCOC(=O)c1cn(Cc2nnc(C)c(C)n2)nc1C(F)(F)F,329.28,1.93,82.79,0,6,4,2,1,<rdkit.Chem.rdchem.Mol object at 0x000001CB27467530>,False,False
TRZ01541,COc1cc2ncnc(SCc3nnc(C)c(C)n3)c2cc1OC,343.41,2.74,82.91,0,8,5,3,1,<rdkit.Chem.rdchem.Mol object at 0x000001CB274675A0>,False,False
TRZ01542,Cc1nnc(CSc2nnc(-c3ccncc3)n2-c2ccccc2)nc1C,375.46,3.42,82.27,0,7,5,4,1,<rdkit.Chem.rdchem.Mol object at 0x000001CB27467610>,False,False
TRZ01543,CSc1sc(-c2nnc(C)c(C)n2)c2c1C=CCC2,289.43,3.9,38.67,0,5,2,2,1,<rdkit.Chem.rdchem.Mol object at 0x000001CB27467680>,False,False
TRZ01544,Cc1nnc(-c2ccc(CSc3ccc(C(F)(F)F)cn3)o2)nc1C,366.37,4.45,64.7,0,6,4,3,1,<rdkit.Chem.rdchem.Mol object at 0x000001CB274676F0>,False,False
TRZ01545,CSc1ncc(-c2nnc(C)c(C)n2)n1C,235.32,1.61,56.49,0,5,2,2,1,<rdkit.Chem.rdchem.Mol object at 0x000001CB27467760>,False,False
TRZ01546,Cc1ccc(S(=O)(=O)NC(Cc2ccccc2)c2nnc(C)c(C)n2)cc1,382.49,3.06,84.84,1,5,6,3,1,<rdkit.Chem.rdchem.Mol object at 0x000001CB274677D0>,False,False
TRZ01548,Cc1nnc(COc2ncn(-c3ccccc3)n2)nc1C,282.31,1.65,78.61,0,6,4,3,1,<rdkit.Chem.rdchem.Mol object at 0x000001CB27467840>,False,False
TRZ01549,COc1ccc(C2=NOC(c3nnc(C)c(C)n3)C2)cc1,284.32,2.36,69.49,0,6,3,2,1,<rdkit.Chem.rdchem.Mol object at 0x000001CB274678B0>,False,False
TRZ01550,CCC1CCc2sc(-c3nnc(C)c(C)n3)cc2C1,273.41,3.73,38.67,0,4,2,2,1,<rdkit.Chem.rdchem.Mol object at 0x000001CB27467920>,False,False
TRZ01551,Cc1nnc(-c2cc3ccc4ccccc4c3s2)nc1C,291.38,4.52,38.67,0,4,1,4,1,<rdkit.Chem.rdchem.Mol object at 0x000001CB27467990>,False,False
TRZ01552,Cc1nnc(Cn2c(=O)c3c(ncn3CC(C)C)n(Cc3ccccc3)c2=O)nc1C,419.49,1.91,100.49,0,6,6,4,1,<rdkit.Chem.rdchem.Mol object at 0x000001CB27467A00>,False,False
TRZ01553,Cc1nnc(-c2c[nH]c3ccc(Cl)cc3c2=O)nc1C,286.72,2.65,71.53,1,4,1,3,1,<rdkit.Chem.rdchem.Mol object at 0x000001CB27467A70>,False,False
TRZ01554,Cc1nnc(-c2cnn(-c3ccc([N+](=O)[O-])cc3)c2C(F)(F)F)nc1C,364.29,3.27,99.63,0,6,3,3,1,<rdkit.Chem.rdchem.Mol object at 0x000001CB27467AE0>,False,False
TRZ01555,Cc1ccc2[nH]c(=O)cc(-c3nnc(C)c(C)n3)c2c1,266.3,2.31,71.53,1,4,1,3,1,<rdkit.Chem.rdchem.Mol object at 0x000001CB27467B50>,False,False
TRZ01556,COc1ccc(CCCc2nnc(SCc3nnc(C)c(C)n3)o2)c(C)c1,385.49,3.66,86.82,0,8,8,3,1,<rdkit.Chem.rdchem.Mol object at 0x000001CB27467BC0>,False,False
TRZ01557,Cc1nnc(C23CC4CC(C2)CC(n2cnc(Cl)n2)(C4)C3)nc1C,344.85,2.98,69.38,0,5,2,2,1,<rdkit.Chem.rdchem.Mol object at 0x000001CB27467C30>,False,False
TRZ01558,Cc1nnc(C2CC(O)CN2S(=O)(=O)c2ccc3ccccc3c2)nc1C,384.46,2.14,96.28,1,6,3,3,1,<rdkit.Chem.rdchem.Mol object at 0x000001CB27467CA0>,False,False
TRZ01559,Cc1nnc(Cc2cc(=O)n(-c3ccc(F)cc3)[nH]2)nc1C,299.31,1.7,76.46,1,4,3,3,1,<rdkit.Chem.rdchem.Mol object at 0x000001CB27467D10>,False,False
TRZ01560,Cc1nnc(CCCCCNC(=O)c2ccccc2)nc1C,298.39,2.63,67.77,1,4,7,2,1,<rdkit.Chem.rdchem.Mol object at 0x000001CB27467D80>,False,False
TRZ01561,Cc1nnc(/C(=C/c2ccc([N+](=O)[O-])cc2)NC(=O)c2ccc(Br)cc2)nc1C,454.28,4.09,110.91,1,6,5,3,1,<rdkit.Chem.rdchem.Mol object at 0x000001CB27467DF0>,False,False
TRZ01562,COc1ccc2c(c1)CCC/C2=N/Nc1nc(-c2nnc(C)c(C)n2)cs1,380.48,3.77,85.18,1,8,4,3,1,<rdkit.Chem.rdchem.Mol object at 0x000001CB27467E60>,False,False
TRZ01563,Cc1nnc(Cn2nc(C(F)(F)F)c(Cl)c2C)nc1C,305.69,2.71,56.49,0,4,2,2,1,<rdkit.Chem.rdchem.Mol object at 0x000001CB27467ED0>,False,False
TRZ01564,Cc1nnc(Cc2csc(-c3ccc(F)cc3)n2)nc1C,300.36,3.34,51.56,0,5,3,3,1,<rdkit.Chem.rdchem.Mol object at 0x000001CB27467F40>,False,False
TRZ01565,COc1cc(/C=C(/NC(=O)c2ccc(Cl)cc2)c2nnc(C)c(C)n2)cc(OC)c1OC,454.91,4.1,95.46,1,7,7,3,1,<rdkit.Chem.rdchem.Mol object at 0x000001CB27468040>,False,False
TRZ01566,Cc1nnc(-c2[nH]c3ccc(CCN4C(=O)NC(C)(C)C4=O)cc3c2CCN(C)C)nc1C,449.56,2.61,107.11,2,6,7,3,1,<rdkit.Chem.rdchem.Mol object at 0x000001CB274680B0>,False,False
TRZ01567,Cc1nnc(Cc2c(C)n(-c3ccccc3)c3ccccc23)nc1C,328.42,4.33,43.6,0,3,3,4,1,<rdkit.Chem.rdchem.Mol object at 0x000001CB27468120>,False,False
TRZ01568,COc1cccc(OC)c1C(=O)NCc1nnc(C)c(C)n1,302.33,1.44,86.23,1,6,5,2,1,<rdkit.Chem.rdchem.Mol object at 0x000001CB27468190>,False,False
TRZ01570,Cc1nnc(-c2cc3c([nH]c4ccccc43)c(-c3ccsc3)n2)nc1C,357.44,4.91,67.35,1,5,2,5,1,<rdkit.Chem.rdchem.Mol object at 0x000001CB27468200>,False,False
TRZ01572,COc1ccc2c(c1)c(C(C)c1nnc(C)c(C)n1)c(C)n2Cc1ccccc1,386.5,4.96,52.83,0,4,5,4,1,<rdkit.Chem.rdchem.Mol object at 0x000001CB27468270>,False,False
TRZ01573,Cc1nnc(/C=C/c2cc(C(=O)c3ccccc3)cn2C)nc1C,318.38,3.23,60.67,0,4,4,3,1,<rdkit.Chem.rdchem.Mol object at 0x000001CB274682E0>,False,False
TRZ01574,Cc1nnc(COc2ccc(C(=O)Nc3cccc(F)c3)c3ccccc23)nc1C,402.43,4.61,77.0,1,5,5,4,1,<rdkit.Chem.rdchem.Mol object at 0x000001CB27468350>,False,False
TRZ01575,Cc1nnc(C2Cc3cc(C(=O)c4cccs4)c(Cl)c(Cl)c3O2)nc1C,406.29,4.76,64.97,0,6,3,3,1,<rdkit.Chem.rdchem.Mol object at 0x000001CB274683C0>,False,False
TRZ01576,CC[C@]12CCC[C@@H]3[C@H]1c1c(c4c(O)cccc4n1C(=O)C2)C[C@H]3c1nnc(C)c(C)n1,416.53,4.81,80.9,1,5,2,3,1,<rdkit.Chem.rdchem.Mol object at 0x000001CB27468430>,False,False
TRZ01577,Cc1nnc(CC(=O)Nc2ccccc2[N+](=O)[O-])nc1C,287.28,1.58,110.91,1,6,4,2,1,<rdkit.Chem.rdchem.Mol object at 0x000001CB274684A0>,False,False
TRZ01578,Cc1nnc(CC(=O)Nc2cccc([N+](=O)[O-])c2)nc1C,287.28,1.58,110.91,1,6,4,2,1,<rdkit.Chem.rdchem.Mol object at 0x000001CB27468510>,False,False
TRZ01579,Cc1nnc(CC(=O)Nc2ccc([N+](=O)[O-])cc2)nc1C,287.28,1.58,110.91,1,6,4,2,1,<rdkit.Chem.rdchem.Mol object at 0x000001CB27468580>,False,False
TRZ01580,Cc1nnc(Cn2c(=O)c(C)nc3ccccc32)nc1C,281.32,1.56,73.56,0,5,2,3,1,<rdkit.Chem.rdchem.Mol object at 0x000001CB274685F0>,False,False
TRZ01581,Cc1nnc(-c2cc3c(cn2)sc2ccccc23)nc1C,292.37,3.92,51.56,0,5,1,4,1,<rdkit.Chem.rdchem.Mol object at 0x000001CB27468660>,False,False
TRZ01582,Cc1nnc(Cn2nc(-c3ccccc3)c(-c3ccccc3)nc2=O)nc1C,370.42,2.82,86.45,0,6,4,4,1,<rdkit.Chem.rdchem.Mol object at 0x000001CB274686D0>,False,False
TRZ01583,Cc1nnc(CNC(=O)c2cc(N)cc(N)c2)nc1C,272.31,0.58,119.81,3,6,3,2,1,<rdkit.Chem.rdchem.Mol object at 0x000001CB27468740>,False,False
TRZ01584,Cc1nnc(CNC(=O)Cc2cccc3ccccc23)nc1C,306.37,2.5,67.77,1,4,4,3,1,<rdkit.Chem.rdchem.Mol object at 0x000001CB274687B0>,False,False
TRZ01585,Cc1nnc(CNC(=O)c2ccc(C(F)(F)F)cc2)nc1C,310.28,2.44,67.77,1,4,3,2,1,<rdkit.Chem.rdchem.Mol object at 0x000001CB27468820>,False,False
TRZ01586,Cc1nnc(CNC(=O)c2cc3ccccc3cc2N)nc1C,307.36,2.15,93.79,2,5,3,3,1,<rdkit.Chem.rdchem.Mol object at 0x000001CB27468890>,False,False
TRZ01587,Cc1nnc(-c2nnn(-c3cccc(C(F)(F)F)c3)c2N)nc1C,335.29,2.34,95.4,1,6,2,3,1,<rdkit.Chem.rdchem.Mol object at 0x000001CB27468900>,False,False
TRZ01589,COc1ccc2c3c1O[C@H]1[C@@]4(OC)C=C[C@@]5(C[C@H]4c4nnc(C)c(C)n4)[C@@H](C2)N(C)CC[C@]315,446.55,2.88,69.6,0,7,3,2,1,<rdkit.Chem.rdchem.Mol object at 0x000001CB27468970>,False,False
TRZ01590,Cc1ccc2oc(=O)n(Cc3nnc(C)c(C)n3)c2c1,270.29,1.75,73.81,0,5,2,3,1,<rdkit.Chem.rdchem.Mol object at 0x000001CB274689E0>,False,False
TRZ01592,CCCC1CCc2[nH]nc(-c3nnc(C)c(C)n3)c2C1,271.37,2.78,67.35,1,4,3,2,1,<rdkit.Chem.rdchem.Mol object at 0x000001CB27468A50>,False,False
TRZ01593,Cc1nnc(C2=NOC(c3ccc(N4CCN(Cc5ccccc5)CC4)cc3)C2)nc1C,428.54,3.68,66.74,0,7,5,3,1,<rdkit.Chem.rdchem.Mol object at 0x000001CB27468AC0>,False,False
TRZ01594,Cc1nnc([C@H](CCCN)NC(=O)c2cc(C34CC5CC(CC(C5)C3)C4)c3ccccc3n2)nc1C,484.65,4.71,106.68,2,6,7,3,1,<rdkit.Chem.rdchem.Mol object at 0x000001CB27468B30>,False,False
TRZ01596,Cc1nnc(/C=C/c2cccc(F)c2)nc1C,229.26,2.8,38.67,0,3,2,2,1,<rdkit.Chem.rdchem.Mol object at 0x000001CB27468BA0>,False,False
TRZ01597,Cc1nnc(-c2cc(SCc3cccc(F)c3)ccn2)nc1C,326.4,3.98,51.56,0,5,4,3,1,<rdkit.Chem.rdchem.Mol object at 0x000001CB27468C10>,False,False
TRZ01598,Cc1nnc(-c2cc(SCc3ccc(F)cc3)ccn2)nc1C,326.4,3.98,51.56,0,5,4,3,1,<rdkit.Chem.rdchem.Mol object at 0x000001CB27468C80>,False,False
TRZ01599,Cc1nnc(-c2cc(SCc3cccc(C(F)(F)F)c3)ccn2)nc1C,376.41,4.86,51.56,0,5,4,3,1,<rdkit.Chem.rdchem.Mol object at 0x000001CB27468CF0>,False,False
TRZ01600,Cc1nnc(-c2cc(SCc3ccc(C(F)(F)F)cc3)ccn2)nc1C,376.41,4.86,51.56,0,5,4,3,1,<rdkit.Chem.rdchem.Mol object at 0x000001CB27468D60>,False,False
TRZ01601,Cc1nnc(-c2nnn(Nc3ccccc3)c2C)nc1C,281.32,1.93,81.41,1,6,3,3,1,<rdkit.Chem.rdchem.Mol object at 0x000001CB27468DD0>,False,False
TRZ01602,Cc1nnc(-c2nnn(Nc3ccc(Br)cc3)c2C)nc1C,360.22,2.69,81.41,1,6,3,3,1,<rdkit.Chem.rdchem.Mol object at 0x000001CB27468E40>,False,False
TRZ01603,Cc1nnc(-c2nnn(Nc3ccc(Cl)cc3)c2C)nc1C,315.77,2.58,81.41,1,6,3,3,1,<rdkit.Chem.rdchem.Mol object at 0x000001CB27468EB0>,False,False
TRZ01604,Cc1nnc(-c2nnn(Nc3cc(Cl)ccc3Cl)c2C)nc1C,350.21,3.24,81.41,1,6,3,3,1,<rdkit.Chem.rdchem.Mol object at 0x000001CB27468F20>,False,False
TRZ01605,Cc1nnc(CN2Cc3c(Cl)cccc3NC2=O)nc1C,303.75,2.69,71.01,1,4,2,2,1,<rdkit.Chem.rdchem.Mol object at 0x000001CB27468F90>,False,False
TRZ01606,Cc1nnc(C2(NC(=O)CCCOc3ccc(Cl)cc3Cl)Cc3ccccc3C2)nc1C,471.39,4.76,77.0,1,5,7,3,1,<rdkit.Chem.rdchem.Mol object at 0x000001CB27469000>,False,False
TRZ01607,Cc1nnc(C(=O)c2cc3ccccc3n2S(=O)(=O)c2ccccc2)nc1C,392.44,2.91,94.81,0,6,4,4,1,<rdkit.Chem.rdchem.Mol object at 0x000001CB27469070>,False,False
TRZ01609,Cc1nnc(-c2cc(-c3ccc([N+](=O)[O-])cc3)nc3c2c(C)nn3-c2ccccc2)nc1C,437.46,4.77,112.52,0,7,4,5,1,<rdkit.Chem.rdchem.Mol object at 0x000001CB274690E0>,False,False
TRZ01610,Cc1nnc(-c2cc(-c3ccc(C#N)cc3)nc3c2c(C)nn3-c2ccccc2)nc1C,417.48,4.74,93.17,0,6,3,5,1,<rdkit.Chem.rdchem.Mol object at 0x000001CB27469150>,False,False
TRZ01613,Cc1nnc(-c2cc(-c3ccccc3)nn2Cc2ccc(Cl)nc2)nc1C,376.85,4.12,69.38,0,5,4,4,1,<rdkit.Chem.rdchem.Mol object at 0x000001CB274691C0>,False,False
TRZ01614,Cc1nnc(-c2cc(-c3ccc(Cl)cc3)nn2Cc2ccc(Cl)nc2)nc1C,411.3,4.77,69.38,0,5,4,4,1,<rdkit.Chem.rdchem.Mol object at 0x000001CB27469230>,False,False
TRZ01615,Cc1nnc(-c2sc(Br)c(Br)c2OCC(=O)O)nc1C,423.09,3.21,85.2,1,6,4,2,1,<rdkit.Chem.rdchem.Mol object at 0x000001CB274692A0>,False,False
TRZ01616,Cc1nnc(/C(=C/c2cnn(-c3ccccc3)c2)c2ccccc2)nc1C,353.43,4.26,56.49,0,4,4,4,1,<rdkit.Chem.rdchem.Mol object at 0x000001CB27469310>,False,False
TRZ01617,CCOC(=O)c1sc(N)c(-c2nnc(C)c(C)n2)c1C,292.36,2.28,90.99,1,7,3,2,1,<rdkit.Chem.rdchem.Mol object at 0x000001CB27469380>,False,False
TRZ01618,COc1ccc(C(=O)N/C(=C/c2cc(OC)c(OC)c(OC)c2)c2nnc(C)c(C)n2)cc1,450.5,3.45,104.69,1,8,8,3,1,<rdkit.Chem.rdchem.Mol object at 0x000001CB274693F0>,False,False
TRZ01619,COc1c2occc2c(OC)c2c(C)c(-c3nnc(C)c(C)n3)c(=O)oc12,367.36,3.33,100.48,0,8,3,4,1,<rdkit.Chem.rdchem.Mol object at 0x000001CB27469460>,False,False
TRZ01620,Cc1nnc(-c2sc(NC(=O)Nc3ccccc3)nc2C)nc1C,340.41,3.56,92.69,2,6,3,3,1,<rdkit.Chem.rdchem.Mol object at 0x000001CB274694D0>,False,False
TRZ01621,Cc1nnc(CSc2nnc(-c3ccncc3)n2/N=C/c2ccccc2Cl)nc1C,436.93,3.97,94.63,0,8,6,4,1,<rdkit.Chem.rdchem.Mol object at 0x000001CB27469540>,False,False
TRZ01623,CC(/C=C/c1ccccc1)=N\OCc1nnc(C)c(C)n1,282.35,3.09,60.26,0,5,5,2,1,<rdkit.Chem.rdchem.Mol object at 0x000001CB274695B0>,False,False
TRZ01624,CC(/C=C/c1ccc(Cl)cc1)=N\OCc1nnc(C)c(C)n1,316.79,3.75,60.26,0,5,5,2,1,<rdkit.Chem.rdchem.Mol object at 0x000001CB27469620>,False,False
TRZ01625,COc1ccc(/C=C/C(C)=N/OCc2nnc(C)c(C)n2)cc1,312.37,3.1,69.49,0,6,6,2,1,<rdkit.Chem.rdchem.Mol object at 0x000001CB27469690>,False,False
TRZ01626,CC(/C=C/c1ccccc1)=N\OC(C)c1nnc(C)c(C)n1,296.37,3.66,60.26,0,5,5,2,1,<rdkit.Chem.rdchem.Mol object at 0x000001CB27469700>,False,False
TRZ01627,CC(/C=C/c1ccc(Cl)cc1)=N\OC(C)c1nnc(C)c(C)n1,330.82,4.31,60.26,0,5,5,2,1,<rdkit.Chem.rdchem.Mol object at 0x000001CB27469770>,False,False
TRZ01628,COc1ccc(/C=C/C(C)=N/OC(C)c2nnc(C)c(C)n2)cc1,326.4,3.66,69.49,0,6,6,2,1,<rdkit.Chem.rdchem.Mol object at 0x000001CB274697E0>,False,False
TRZ01629,Cc1nn[11c](-c2ccncc2)nc1C,185.22,1.55,51.56,0,4,1,2,1,<rdkit.Chem.rdchem.Mol object at 0x000001CB27469850>,False,False
TRZ01631,Cc1nnc(-c2ccc(N3C(=O)c4ccccc4NC34CCCCC4)cc2)nc1C,399.5,4.89,71.01,1,5,2,3,1,<rdkit.Chem.rdchem.Mol object at 0x000001CB274698C0>,False,False
TRZ01632,Cc1nnc(-c2cc(CCCCC(=O)Nc3ccccc3)on2)nc1C,351.41,3.49,93.8,1,6,7,3,1,<rdkit.Chem.rdchem.Mol object at 0x000001CB27469930>,False,False
TRZ01633,Cc1nnc(Cn2ncc3cc([N+](=O)[O-])ccc32)nc1C,284.28,1.79,99.63,0,6,3,3,1,<rdkit.Chem.rdchem.Mol object at 0x000001CB274699A0>,False,False
TRZ01634,Cc1nnc(C(NC(=O)COc2ccc3ccccc3c2)C(C)C)nc1C,364.45,3.53,77.0,1,5,6,3,1,<rdkit.Chem.rdchem.Mol object at 0x000001CB27469A10>,False,False
TRZ01638,Cc1ccccc1-n1c(C)nc2c(OCc3nnc(C)c(C)n3)cccc2c1=O,387.44,3.38,82.79,0,6,4,4,1,<rdkit.Chem.rdchem.Mol object at 0x000001CB27469A80>,False,False
TRZ01639,Cc1nnc(-c2c(N)sc3c2CCCCCC3)nc1C,288.42,3.46,64.69,1,5,1,2,1,<rdkit.Chem.rdchem.Mol object at 0x000001CB27469AF0>,False,False
TRZ01640,Cc1nnc(C(=O)CC(=O)Nc2c(C)n(C)n(-c3ccccc3)c2=O)nc1C,380.41,1.5,111.77,1,6,5,3,1,<rdkit.Chem.rdchem.Mol object at 0x000001CB27469B60>,False,False
TRZ01641,Cc1nnc(-c2c(N)cccc2F)nc1C,218.23,1.88,64.69,1,4,1,2,1,<rdkit.Chem.rdchem.Mol object at 0x000001CB27469BD0>,False,False
TRZ01642,Cc1nnc(-c2ccc(-c3cccc(N(C)C)c3)cc2)nc1C,304.4,3.89,41.91,0,4,3,3,1,<rdkit.Chem.rdchem.Mol object at 0x000001CB27469C40>,False,False
TRZ01643,Cc1nnc(C(C)c2cccc(Cc3ccccc3)c2)nc1C,303.41,4.23,38.67,0,3,4,3,1,<rdkit.Chem.rdchem.Mol object at 0x000001CB27469CB0>,False,False
TRZ01644,Cc1nnc(CCn2cc(C)c(=O)[nH]c2=O)nc1C,261.29,-0.11,93.53,1,5,3,2,1,<rdkit.Chem.rdchem.Mol object at 0x000001CB27469D20>,False,False
TRZ01645,Cc1nnc(-c2ccc(NC(=O)c3ccccc3C(=O)O)cc2)nc1C,348.36,3.11,105.07,2,5,4,3,1,<rdkit.Chem.rdchem.Mol object at 0x000001CB27469D90>,False,False
TRZ01646,Cc1nnc(-c2cc(=O)[nH]c3c2CCC3)nc1C,242.28,1.33,71.53,1,4,1,2,1,<rdkit.Chem.rdchem.Mol object at 0x000001CB27469E00>,False,False
TRZ01647,Cc1nnc(-c2cc(=O)[nH]c3ccc(F)cc23)nc1C,270.27,2.14,71.53,1,4,1,3,1,<rdkit.Chem.rdchem.Mol object at 0x000001CB27469E70>,False,False
TRZ01648,Cc1nnc(-c2cc(=O)[nH]c3ccc([N+](=O)[O-])cc23)nc1C,297.27,1.91,114.67,1,6,2,3,1,<rdkit.Chem.rdchem.Mol object at 0x000001CB27469EE0>,False,False
TRZ01649,Cc1nnc(-c2cc(=O)[nH]c3c2CCCC3)nc1C,256.31,1.72,71.53,1,4,1,2,1,<rdkit.Chem.rdchem.Mol object at 0x000001CB27469F50>,False,False
TRZ01650,CC1=CCCC(C)(C)C1/C=C/c1cc(-c2nnc(C)c(C)n2)no1,324.43,4.54,64.7,0,5,3,2,1,<rdkit.Chem.rdchem.Mol object at 0x000001CB27469FC0>,False,False
TRZ01651,Cc1nnc(CSc2nnc3sc4ccccc4n23)nc1C,328.43,3.04,68.86,0,7,3,4,1,<rdkit.Chem.rdchem.Mol object at 0x000001CB2746A030>,False,False
TRZ01652,Cc1nnc(CCn2nc3sc4ccccc4n3c2=S)nc1C,342.45,3.12,60.9,0,6,3,4,1,<rdkit.Chem.rdchem.Mol object at 0x000001CB2746A0A0>,False,False
TRZ01653,Cc1nnc(-c2cn(C3CC3)c3cc(N4CCNCC4)c(F)cc3c2=O)nc1C,394.45,2.35,75.94,1,6,3,3,1,<rdkit.Chem.rdchem.Mol object at 0x000001CB2746A110>,False,False
TRZ01654,Cc1nnc(-c2cccnc2SCc2ccccc2)nc1C,308.41,3.84,51.56,0,5,4,3,1,<rdkit.Chem.rdchem.Mol object at 0x000001CB2746A180>,False,False
TRZ01655,COc1ccc2c(c1)CCc1c(-c3ccc(OCCCc4nnc(C)c(C)n4)cc3)nc(N)nc1-2,468.56,4.31,108.93,1,8,7,4,1,<rdkit.Chem.rdchem.Mol object at 0x000001CB2746A1F0>,False,False
TRZ01656,COc1ccc2c(c1)CCc1c(-c3ccc(OCCCCc4nnc(C)c(C)n4)cc3)nc(N)nc1-2,482.59,4.7,108.93,1,8,8,4,1,<rdkit.Chem.rdchem.Mol object at 0x000001CB2746A260>,False,False
TRZ01658,Cc1nnc(Cn2nc(N)c3c(C(F)(F)F)cc(-c4ccccc4)nc32)nc1C,399.38,3.55,95.4,1,6,3,4,1,<rdkit.Chem.rdchem.Mol object at 0x000001CB2746A2D0>,False,False
TRZ01659,CCn1cc(-c2nnc(C)c(C)n2)c(=O)c2cc(F)ccc21,298.32,2.63,60.67,0,4,2,3,1,<rdkit.Chem.rdchem.Mol object at 0x000001CB2746A340>,False,False
TRZ01660,CCn1cc(-c2nnc(C)c(C)n2)c(=O)c2ccc(Cl)cc21,314.78,3.14,60.67,0,4,2,3,1,<rdkit.Chem.rdchem.Mol object at 0x000001CB2746A3B0>,False,False
TRZ01661,C#CCn1cc(-c2nnc(C)c(C)n2)c(=O)c2ccc(C(F)(F)F)cc21,358.32,3.12,60.67,0,4,2,3,1,<rdkit.Chem.rdchem.Mol object at 0x000001CB2746A420>,False,False
TRZ01663,Cc1nnc(-c2cn(Cc3ccc(C#N)cc3)c3cc(C(F)(F)F)ccc3c2=O)nc1C,435.41,4.41,84.46,0,5,3,4,1,<rdkit.Chem.rdchem.Mol object at 0x000001CB2746A490>,False,False
TRZ01664,C#CCn1cc(-c2nnc(C)c(C)n2)c(=O)c2cccc(C(F)(F)F)c21,358.32,3.12,60.67,0,4,2,3,1,<rdkit.Chem.rdchem.Mol object at 0x000001CB2746A500>,False,False
TRZ01666,Cc1nnc(-c2cn(Cc3ccc(C#N)cc3)c3c(C(F)(F)F)cccc3c2=O)nc1C,435.41,4.41,84.46,0,5,3,4,1,<rdkit.Chem.rdchem.Mol object at 0x000001CB2746A570>,False,False
TRZ01667,Cc1nnc(-c2cn(C3CC3)c3cc(Cl)c(F)cc3c2=O)nc1C,344.78,3.6,60.67,0,4,2,3,1,<rdkit.Chem.rdchem.Mol object at 0x000001CB2746A5E0>,False,False
TRZ01668,CCOc1ccc(C2=NOC(c3nnc(C)c(C)n3)C2)cc1,298.35,2.75,69.49,0,6,4,2,1,<rdkit.Chem.rdchem.Mol object at 0x000001CB2746A650>,False,False
TRZ01669,Cc1nnc(-c2c(-c3ccccc3)nn(-c3ccccc3)c2C)nc1C,341.42,4.32,56.49,0,4,3,4,1,<rdkit.Chem.rdchem.Mol object at 0x000001CB2746A6C0>,False,False
TRZ01670,CCOc1ccccc1C1=NOC(c2nnc(C)c(C)n2)C1,298.35,2.75,69.49,0,6,4,2,1,<rdkit.Chem.rdchem.Mol object at 0x000001CB2746A730>,False,False
TRZ01671,Cc1nnc(-c2cc(-c3ccc(Cl)cc3)n(-c3ccccc3)n2)nc1C,361.84,4.66,56.49,0,4,3,4,1,<rdkit.Chem.rdchem.Mol object at 0x000001CB2746A7A0>,False,False
TRZ01672,COc1ccc(C(=O)Nc2nc(C)c(-c3nnc(C)c(C)n3)s2)cc1,355.42,3.18,89.89,1,7,4,3,1,<rdkit.Chem.rdchem.Mol object at 0x000001CB2746A810>,False,False
TRZ01673,Cc1nnc(CCN2CCN(c3ccnc4cc(Cl)ccc34)CC2)nc1C,382.9,3.05,58.04,0,6,4,3,1,<rdkit.Chem.rdchem.Mol object at 0x000001CB2746A880>,False,False
TRZ01674,Cc1nnc(-c2cc(-c3ccccc3)n[nH]c2=O)nc1C,279.3,1.91,84.42,1,5,2,3,1,<rdkit.Chem.rdchem.Mol object at 0x000001CB2746A8F0>,False,False
TRZ01675,Cc1nnc(-c2cc(-c3ccc(OCC(C)C)cc3)n[nH]c2=O)nc1C,351.41,2.94,93.65,1,6,5,3,1,<rdkit.Chem.rdchem.Mol object at 0x000001CB2746A960>,False,False
TRZ01676,Cc1nnc(COc2ccc3c(-c4ccccc4)cc(=O)oc3c2)nc1C,359.39,3.84,78.11,0,6,4,4,1,<rdkit.Chem.rdchem.Mol object at 0x000001CB2746A9D0>,False,False
TRZ01677,COc1ccc(-n2nc(-c3nnc(C)c(C)n3)nc2-c2cc(OC)c(OC)c(OC)c2)cc1,448.48,3.44,106.3,0,9,7,4,1,<rdkit.Chem.rdchem.Mol object at 0x000001CB2746AA40>,False,False
TRZ01678,Cc1nnc(Cn2c(-c3ccco3)nc3ccccc32)nc1C,305.34,3.15,69.63,0,5,3,4,1,<rdkit.Chem.rdchem.Mol object at 0x000001CB2746AAB0>,False,False
TRZ01679,Cc1nnc(Cn2c(-c3ccc(CNCc4ccccc4)o3)nc3ccccc32)nc1C,424.51,4.44,81.66,1,6,7,5,1,<rdkit.Chem.rdchem.Mol object at 0x000001CB2746AB20>,False,False
TRZ01680,CCN(CC)c1ccc(NC(=O)Cc2nnc(C)c(C)n2)cc1,313.41,2.52,71.01,1,5,6,2,1,<rdkit.Chem.rdchem.Mol object at 0x000001CB2746AB90>,False,False
TRZ01681,CCCCc1ccc(NC(=O)Cc2nnc(C)c(C)n2)cc1,298.39,3.01,67.77,1,4,6,2,1,<rdkit.Chem.rdchem.Mol object at 0x000001CB2746AC00>,False,False
TRZ01683,CCCc1cc(=O)oc2c1c(OCCN1CCOCC1)cc1oc(-c3nnc(C)c(C)n3)cc12,464.52,3.67,103.72,0,9,7,4,1,<rdkit.Chem.rdchem.Mol object at 0x000001CB2746AC70>,False,False
TRZ01684,Cc1nnc(Cn2c(=O)c(C)nc3cc(Br)ccc32)nc1C,360.22,2.32,73.56,0,5,2,3,1,<rdkit.Chem.rdchem.Mol object at 0x000001CB2746ACE0>,False,False
TRZ01686,Cc1nnc(-c2cnc3ccc(F)cc3c2Nc2ccc(OCCCN3CCOCC3)cc2)nc1C,488.57,4.69,85.29,1,8,8,4,1,<rdkit.Chem.rdchem.Mol object at 0x000001CB2746AD50>,False,False
TRZ01688,Cc1nnc(-c2cnc3ccccc3c2Nc2ccc(NCCCN3CCOCC3)cc2)nc1C,469.59,4.58,88.09,2,8,8,4,1,<rdkit.Chem.rdchem.Mol object at 0x000001CB2746ADC0>,False,False
TRZ01689,COc1ccc2ncc(-c3nnc(C)c(C)n3)c(Nc3ccc(NCCCN4CCOCC4)cc3)c2c1,499.62,4.59,97.32,2,9,9,4,1,<rdkit.Chem.rdchem.Mol object at 0x000001CB2746AE30>,False,False
TRZ01690,Cc1nnc(-c2cnc3ccc(F)cc3c2Nc2ccc(NCCCN3CCOCC3)cc2)nc1C,487.58,4.72,88.09,2,8,8,4,1,<rdkit.Chem.rdchem.Mol object at 0x000001CB2746AEA0>,False,False
TRZ01692,CCN1CCN(CCCOc2ccc(Nc3c(-c4nnc(C)c(C)n4)cnc4ccccc34)cc2)CC1,497.65,4.85,79.3,1,8,9,4,1,<rdkit.Chem.rdchem.Mol object at 0x000001CB2746AF10>,False,False
TRZ01693,COc1cc(COc2ccc(-c3nnc(C)c(C)n3)cc2)cc(OC)c1OC,381.43,3.76,75.59,0,7,7,3,1,<rdkit.Chem.rdchem.Mol object at 0x000001CB2746AF80>,False,False
TRZ01694,Cc1nnc(Cn2cnc3c(oc4nc(C(F)(F)F)ccc43)c2=O)nc1C,376.3,2.41,99.59,0,7,2,4,1,<rdkit.Chem.rdchem.Mol object at 0x000001CB2746AFF0>,False,False
TRZ01695,Cc1nnc(-c2ccc(-c3cc(=O)c4ccccc4o3)cc2)nc1C,329.36,3.93,68.88,0,5,2,4,1,<rdkit.Chem.rdchem.Mol object at 0x000001CB2746B060>,False,False
TRZ01696,Cc1nnc(CCn2ccc(N)nc2=O)nc1C,246.27,-0.13,99.58,1,6,3,2,1,<rdkit.Chem.rdchem.Mol object at 0x000001CB2746B0D0>,False,False
TRZ01697,Cc1nnc(-c2n[nH]c(=O)c3nc(-c4ccccc4)ncc23)nc1C,331.34,1.85,110.2,1,7,2,4,1,<rdkit.Chem.rdchem.Mol object at 0x000001CB2746B140>,False,False
TRZ01698,Cc1ccc(S(=O)(=O)n2c(-c3nnc(C)c(C)n3)cc3ccccc32)cc1,378.46,3.66,77.74,0,5,3,4,1,<rdkit.Chem.rdchem.Mol object at 0x000001CB2746B1B0>,False,False
TRZ01700,Cc1nnc(-c2nn(-c3ccc(Cl)cc3)c(=O)c3c2cnn3-c2ccc(Cl)cc2)nc1C,464.32,4.35,91.38,0,6,3,5,1,<rdkit.Chem.rdchem.Mol object at 0x000001CB2746B220>,False,False
TRZ01701,Cc1nnc(-c2nn(-c3ccc(Cl)cc3)c(=O)c3c2cnn3-c2ccccc2)nc1C,429.87,3.69,91.38,0,6,3,5,1,<rdkit.Chem.rdchem.Mol object at 0x000001CB2746B290>,False,False
TRZ01702,Cc1nnc(-c2n[nH]c(=O)c3c2cnn3-c2ccccc2)nc1C,319.33,1.58,102.24,1,6,2,4,1,<rdkit.Chem.rdchem.Mol object at 0x000001CB2746B300>,False,False
TRZ01703,Cc1nnc(-c2n[nH]c(=O)c3[nH]ncc23)nc1C,243.23,0.12,113.1,2,6,1,3,1,<rdkit.Chem.rdchem.Mol object at 0x000001CB2746B370>,False,False
TRZ01704,Cc1nnc(-c2nn(-c3ccccc3)c(=O)c3c2cnn3-c2ccccc2)nc1C,395.43,3.04,91.38,0,6,3,5,1,<rdkit.Chem.rdchem.Mol object at 0x000001CB2746B3E0>,False,False
TRZ01705,Cc1nnc(-c2nn(-c3ccccc3)c(=O)c3c2cnn3-c2ccc(Cl)cc2)nc1C,429.87,3.69,91.38,0,6,3,5,1,<rdkit.Chem.rdchem.Mol object at 0x000001CB2746B450>,False,False
TRZ01706,Cc1nnc(-c2no[n+]([O-])c2C)nc1C,207.19,0.09,91.64,0,6,1,2,1,<rdkit.Chem.rdchem.Mol object at 0x000001CB2746B4C0>,False,False
TRZ01707,Cc1nc2cc(-c3nnc(C)c(C)n3)c([N+](=O)[O-])cc2[nH]1,284.28,2.25,110.49,1,6,2,3,1,<rdkit.Chem.rdchem.Mol object at 0x000001CB2746B530>,False,False
TRZ01708,Cc1nnc(-c2nc3c(c(=O)[nH]2)C2CCCN2C(=O)N3c2ccccc2)nc1C,389.42,2.65,107.97,1,6,2,3,1,<rdkit.Chem.rdchem.Mol object at 0x000001CB2746B5A0>,False,False
TRZ01709,Cc1nnc(-c2c(C)nc[nH]c2=O)nc1C,217.23,0.55,84.42,1,5,1,2,1,<rdkit.Chem.rdchem.Mol object at 0x000001CB2746B610>,False,False
TRZ01710,Cc1nnc(-c2ccc(C3=Nc4n[nH]c(=O)c5cccc(c45)N3)cc2)nc1C,369.39,2.9,108.81,2,7,2,4,1,<rdkit.Chem.rdchem.Mol object at 0x000001CB2746B680>,False,False
TRZ01711,Cc1nnc([C@H](NC(=O)CCCCc2ccccc2)c2nn[nH]n2)nc1C,366.43,1.62,122.23,2,7,8,3,1,<rdkit.Chem.rdchem.Mol object at 0x000001CB2746B6F0>,False,False
TRZ01712,Cc1nnc(C2=C(O)c3ccccc3S(=O)(=O)N2Cc2ccccc2)nc1C,394.46,3.08,96.28,1,6,3,3,1,<rdkit.Chem.rdchem.Mol object at 0x000001CB2746B760>,False,False
TRZ01713,Cc1nnc(CN2CCN(c3cc4c(cc3F)c(=O)c(C(=O)O)cn4C3CC3)CC2)nc1C,452.49,2.3,104.45,1,7,5,3,1,<rdkit.Chem.rdchem.Mol object at 0x000001CB2746B7D0>,False,False
TRZ01714,CC(=O)Nc1ccc(C)cc1C(F)(F)c1nnc(C)c(C)n1,306.32,2.9,67.77,1,4,3,2,1,<rdkit.Chem.rdchem.Mol object at 0x000001CB2746B840>,False,False
TRZ01715,Cc1nnc(C2=C(N)Nc3n[nH]c(C)c3C2c2ccc(N(C)C)cc2)nc1C,376.47,2.47,108.64,3,7,3,3,1,<rdkit.Chem.rdchem.Mol object at 0x000001CB2746B8B0>,False,False
TRZ01717,Cc1nnc(/C=C/c2ccc(C(F)(F)F)cc2)nc1C,279.26,3.68,38.67,0,3,2,2,1,<rdkit.Chem.rdchem.Mol object at 0x000001CB2746B920>,False,False
TRZ01719,Cc1nnc(/C=C2/Nc3cc(Cl)c(Cl)cc3NC2=O)nc1C,336.18,3.2,79.8,2,5,1,2,1,<rdkit.Chem.rdchem.Mol object at 0x000001CB2746B990>,False,False
TRZ01720,Cc1nnc(/C=C2/Nc3ccccc3NC2=O)nc1C,267.29,1.89,79.8,2,5,1,2,1,<rdkit.Chem.rdchem.Mol object at 0x000001CB2746BA00>,False,False
TRZ01721,Cc1nnc(COc2ccc(NC(=O)c3cc(Br)c(Br)[nH]3)cc2)nc1C,481.15,4.17,92.79,2,5,5,3,1,<rdkit.Chem.rdchem.Mol object at 0x000001CB2746BA70>,False,False
TRZ01722,Cc1nnc(/C=C2/Nc3ccc(C#N)cc3NC2=O)nc1C,292.3,1.77,103.59,2,6,1,2,1,<rdkit.Chem.rdchem.Mol object at 0x000001CB2746BAE0>,False,False
TRZ01724,COc1cc(OC)c(-c2cc3cc(-c4nnc(C)c(C)n4)cc(OC)c3o2)c(OC)c1,421.45,4.6,88.73,0,8,6,4,1,<rdkit.Chem.rdchem.Mol object at 0x000001CB2746BB50>,False,False
TRZ01726,Cc1nnc(Cn2nnc(/C=C/c3ccccc3)n2)nc1C,293.33,1.69,82.27,0,6,4,3,1,<rdkit.Chem.rdchem.Mol object at 0x000001CB2746BBC0>,False,False
TRZ01727,COc1cc2c(cc1-c1nnc(C)c(C)n1)CCC1C(C)(C)c3nc(C)ncc3C[C@]21C,429.57,4.62,73.68,0,6,2,3,1,<rdkit.Chem.rdchem.Mol object at 0x000001CB2746BC30>,False,False
TRZ01729,COc1ccc(-c2cncn2Cc2nnc(C)c(C)n2)cc1OC,325.37,2.42,74.95,0,6,5,3,1,<rdkit.Chem.rdchem.Mol object at 0x000001CB2746BCA0>,False,False
TRZ01730,Cc1nnc(Cn2cncc2-c2ccc(C(C)(C)C)cc2)nc1C,321.43,3.7,56.49,0,4,3,3,1,<rdkit.Chem.rdchem.Mol object at 0x000001CB2746BD10>,False,False
TRZ01731,COc1ccc(-c2cncn2Cc2nnc(C)c(C)n2)cc1O,311.35,2.11,85.95,1,6,4,3,1,<rdkit.Chem.rdchem.Mol object at 0x000001CB2746BD80>,False,False
TRZ01732,COc1cccc(-c2cncn2Cc2nnc(C)c(C)n2)c1,295.35,2.41,65.72,0,5,4,3,1,<rdkit.Chem.rdchem.Mol object at 0x000001CB2746BDF0>,False,False
TRZ01733,Cc1nnc(Cn2cncc2-c2ccc(F)cc2)nc1C,283.31,2.54,56.49,0,4,3,3,1,<rdkit.Chem.rdchem.Mol object at 0x000001CB2746BE60>,False,False
TRZ01734,Cc1nnc(C2Cc3c([nH]c4ccccc34)[C@@H](C)N2)nc1C,293.37,2.92,66.49,2,4,1,3,1,<rdkit.Chem.rdchem.Mol object at 0x000001CB2746BED0>,False,False
TRZ01735,COc1cc(-n2nc(-c3ccc(-c4nnc(C)c(C)n4)cc3)c3cccnc32)cc(OC)c1OC,468.52,4.58,97.07,0,8,6,5,1,<rdkit.Chem.rdchem.Mol object at 0x000001CB2746BF40>,False,False
TRZ01736,Cc1nnc(-c2cc3ccc(OCc4ccc([N+](=O)[O-])cc4)cc3oc2=O)nc1C,404.38,3.75,121.25,0,8,5,4,1,<rdkit.Chem.rdchem.Mol object at 0x000001CB2746C040>,False,False
TRZ01737,CCOc1ccc2cc(-c3nnc(C)c(C)n3)c(=O)oc2c1,297.31,2.66,78.11,0,6,3,3,1,<rdkit.Chem.rdchem.Mol object at 0x000001CB2746C0B0>,False,False
TRZ01739,Cc1nnc(-c2cc3ccc(OCc4cccc(Br)c4)cc3oc2=O)nc1C,438.28,4.6,78.11,0,6,4,4,1,<rdkit.Chem.rdchem.Mol object at 0x000001CB2746C120>,False,False
TRZ01740,Cc1nnc(Cn2cncc2-c2ccc3c(c2)OCO3)nc1C,309.33,2.13,74.95,0,6,3,3,1,<rdkit.Chem.rdchem.Mol object at 0x000001CB2746C190>,False,False
TRZ01741,Cc1nnc(-c2cc3ccc(OCc4ccccc4)cc3oc2=O)nc1C,359.39,3.84,78.11,0,6,4,4,1,<rdkit.Chem.rdchem.Mol object at 0x000001CB2746C200>,False,False
TRZ01742,CCCOc1ccc2cc(-c3nnc(C)c(C)n3)c(=O)oc2c1,311.34,3.05,78.11,0,6,4,3,1,<rdkit.Chem.rdchem.Mol object at 0x000001CB2746C270>,False,False
TRZ01743,Cc1nnc(-c2nc(-c3ccccc3)cc(C3CCCCC3)n2)nc1C,345.45,4.66,64.45,0,5,3,3,1,<rdkit.Chem.rdchem.Mol object at 0x000001CB2746C2E0>,False,False
TRZ01744,Cc1nnc(COc2ccncc2-c2ccc3ccccc3c2)nc1C,342.4,4.28,60.79,0,5,4,4,1,<rdkit.Chem.rdchem.Mol object at 0x000001CB2746C350>,False,False
TRZ01746,Cc1nnc(-c2nc(-c3ccccc3)c(C)c(-c3ccccc3)n2)nc1C,353.43,4.59,64.45,0,5,3,4,1,<rdkit.Chem.rdchem.Mol object at 0x000001CB2746C3C0>,False,False
TRZ01747,Cc1nnc(-c2nc(Oc3ccccc3)cc(-c3ccccc3)n2)nc1C,355.4,4.4,73.68,0,6,4,4,1,<rdkit.Chem.rdchem.Mol object at 0x000001CB2746C430>,False,False
TRZ01750,Cc1nnc(-c2nc(-c3cccc(F)c3)cc(-c3cccc(F)c3)n2)nc1C,375.38,4.56,64.45,0,5,3,4,1,<rdkit.Chem.rdchem.Mol object at 0x000001CB2746C4A0>,False,False
TRZ01751,Cc1nnc(-c2nc(-c3ccc(F)cc3)cc(-c3ccc(F)cc3)n2)nc1C,375.38,4.56,64.45,0,5,3,4,1,<rdkit.Chem.rdchem.Mol object at 0x000001CB2746C510>,False,False
TRZ01752,COc1cc(-c2ccccc2)nc(-c2nnc(C)c(C)n2)n1,293.33,2.62,73.68,0,6,3,3,1,<rdkit.Chem.rdchem.Mol object at 0x000001CB2746C580>,False,False
TRZ01753,Cc1nnc(Cc2nc(-c3ccccc3)cc(-c3ccccc3)n2)nc1C,353.43,4.2,64.45,0,5,4,4,1,<rdkit.Chem.rdchem.Mol object at 0x000001CB2746C5F0>,False,False
TRZ01754,Cc1nnc(-c2cc(-c3ccccc3)nc(-c3ccccc3)n2)nc1C,339.4,4.28,64.45,0,5,3,4,1,<rdkit.Chem.rdchem.Mol object at 0x000001CB2746C660>,False,False
TRZ01757,Cc1nnc(-c2cc(-c3ccccc3)cc(-c3ccccc3)n2)nc1C,338.41,4.88,51.56,0,4,3,4,1,<rdkit.Chem.rdchem.Mol object at 0x000001CB2746C6D0>,False,False
TRZ01759,C#CCOCCOc1ccc(-c2cc(-c3ccccc3)nc(-c3nnc(C)c(C)n3)n2)cc1,437.5,4.31,82.91,0,7,8,4,1,<rdkit.Chem.rdchem.Mol object at 0x000001CB2746C740>,False,False
TRZ01760,Cc1nnc(-c2nc(-c3ccccc3F)cc(-c3ccccc3F)n2)nc1C,375.38,4.56,64.45,0,5,3,4,1,<rdkit.Chem.rdchem.Mol object at 0x000001CB2746C7B0>,False,False
TRZ01761,COc1ccccc1-c1cc(-c2ccccc2OC)nc(-c2nnc(C)c(C)n2)n1,399.45,4.3,82.91,0,7,5,4,1,<rdkit.Chem.rdchem.Mol object at 0x000001CB2746C820>,False,False
TRZ01763,Cc1nnc(-c2cnc(-c3ccccc3)cc2-c2ccccc2)nc1C,338.41,4.88,51.56,0,4,3,4,1,<rdkit.Chem.rdchem.Mol object at 0x000001CB2746C890>,False,False
TRZ01764,Cc1nnc(-c2nc(-c3ccc(C(F)(F)F)nc3)cc(-c3cc[nH]c(=O)c3)n2)nc1C,425.37,3.38,110.2,1,7,3,4,1,<rdkit.Chem.rdchem.Mol object at 0x000001CB2746C900>,False,False
TRZ01766,Cc1nnc(-c2nc(-c3ccccc3)cc(N3CCc4ccccc4CC3)n2)nc1C,408.51,4.22,67.69,0,6,3,4,1,<rdkit.Chem.rdchem.Mol object at 0x000001CB2746C970>,False,False
TRZ01767,Cc1nnc(-c2nc(NCc3ccccc3)cc(N3CCc4ccccc4C3)n2)nc1C,423.52,4.12,79.72,1,7,5,4,1,<rdkit.Chem.rdchem.Mol object at 0x000001CB2746C9E0>,False,False
TRZ01768,COc1ccc(/C=C/C=C/c2nnc(C)c(C)n2)cc1,267.33,3.22,47.9,0,4,4,2,1,<rdkit.Chem.rdchem.Mol object at 0x000001CB2746CA50>,False,False
TRZ01770,Cc1nnc(-c2nc(C(=O)N3CCc4ccccc4C3)cc(-c3ccccc3)n2)nc1C,422.49,3.81,84.76,0,6,3,4,1,<rdkit.Chem.rdchem.Mol object at 0x000001CB2746CAC0>,False,False
TRZ01771,Cc1nnc(-c2nc(-c3ccccc3)cc(-c3cccnc3)n2)nc1C,340.39,3.67,77.34,0,6,3,4,1,<rdkit.Chem.rdchem.Mol object at 0x000001CB2746CB30>,False,False
TRZ01772,COCC(=O)Nc1ccc(-c2cc(-c3ccccc3)nc(-c3nnc(C)c(C)n3)n2)cn1,427.47,3.26,115.67,1,8,6,4,1,<rdkit.Chem.rdchem.Mol object at 0x000001CB2746CBA0>,False,False
TRZ01773,Cc1nnc(-c2nc(-c3ccccc3)cc(N3CCC(O)CC3)n2)nc1C,362.44,2.57,87.92,1,7,3,3,1,<rdkit.Chem.rdchem.Mol object at 0x000001CB2746CC10>,False,False
TRZ01774,Cc1nnc(-c2nc(-c3ccccc3)cc(N3CCCc4ccccc4C3)n2)nc1C,408.51,4.57,67.69,0,6,3,4,1,<rdkit.Chem.rdchem.Mol object at 0x000001CB2746CC80>,False,False
TRZ01775,Cc1nnc(-c2nc(NCC3CC3)cc(-c3ccccc3)n2)nc1C,332.41,3.43,76.48,1,6,5,3,1,<rdkit.Chem.rdchem.Mol object at 0x000001CB2746CCF0>,False,False
TRZ01776,Cc1nnc(-c2nc(-c3ccc(C(F)(F)F)nc3)cc(-c3ncco3)n2)nc1C,399.34,3.68,103.37,0,8,3,4,1,<rdkit.Chem.rdchem.Mol object at 0x000001CB2746CD60>,False,False
TRZ01777,Cc1nnc(-c2nc(-c3ccc(C(F)(F)F)nc3)cc(-c3ccc4[nH]ncc4c3)n2)nc1C,448.41,4.57,106.02,1,7,3,5,1,<rdkit.Chem.rdchem.Mol object at 0x000001CB2746CDD0>,False,False
TRZ01778,Cc1nnc(-c2nc(-c3ccc(C(F)(F)F)nc3)cc(-c3cc(F)c(O)c(F)c3)n2)nc1C,460.37,4.68,97.57,1,7,3,4,1,<rdkit.Chem.rdchem.Mol object at 0x000001CB2746CE40>,False,False
TRZ01781,Cc1nnc(-c2nc(NCCc3ccccc3)cc(-c3ccccc3)n2)nc1C,382.47,4.27,76.48,1,6,6,4,1,<rdkit.Chem.rdchem.Mol object at 0x000001CB2746CEB0>,False,False
TRZ01782,Cc1nnc(/C=C/C=C/c2ccc(C(F)(F)F)cc2)nc1C,305.3,4.23,38.67,0,3,3,2,1,<rdkit.Chem.rdchem.Mol object at 0x000001CB2746CF20>,False,False
TRZ01783,Cc1nnc(-c2nc(NCc3ccc(O)cc3)cc(-c3ccccc3)n2)nc1C,384.44,3.93,96.71,2,7,5,4,1,<rdkit.Chem.rdchem.Mol object at 0x000001CB2746CF90>,False,False
TRZ01784,Cc1nnc(/C=C/c2cccc(C(F)(F)F)c2)nc1C,279.26,3.68,38.67,0,3,2,2,1,<rdkit.Chem.rdchem.Mol object at 0x000001CB2746D000>,False,False
TRZ01785,Cc1cc(N2CCc3ccccc3C2)nc(-c2nnc(C)c(C)n2)n1,332.41,2.82,67.69,0,6,2,3,1,<rdkit.Chem.rdchem.Mol object at 0x000001CB2746D070>,False,False
TRZ01786,Cc1nnc(-c2nccc(N3CCc4ccccc4C3)n2)nc1C,318.38,2.51,67.69,0,6,2,3,1,<rdkit.Chem.rdchem.Mol object at 0x000001CB2746D0E0>,False,False
TRZ01787,Cc1nnc(-c2nc(-c3ccccc3)cc(N3CC4CS(=O)(=O)CC4C3)n2)nc1C,422.51,2.09,101.83,0,8,3,3,1,<rdkit.Chem.rdchem.Mol object at 0x000001CB2746D150>,False,False
TRZ01788,COc1c(F)cc(C(=O)Nc2cc3c(cc2-c2nnc(C)c(C)n2)OCCO3)cc1F,428.4,3.47,95.46,1,7,4,3,1,<rdkit.Chem.rdchem.Mol object at 0x000001CB2746D1C0>,False,False
TRZ01789,Cc1nnc(-c2nc(-c3ccccc3)cc(N3Cc4ccccc4[C@@H]3C)n2)nc1C,394.48,4.69,67.69,0,6,3,4,1,<rdkit.Chem.rdchem.Mol object at 0x000001CB2746D230>,False,False
TRZ01790,Cc1nnc(-c2nc(C(=O)N3Cc4ccccc4C3)cc(-c3ccccc3)n2)nc1C,408.47,3.77,84.76,0,6,3,4,1,<rdkit.Chem.rdchem.Mol object at 0x000001CB2746D2A0>,False,False
TRZ01791,COc1ccc(Nc2cc3c(cc2-c2nnc(C)c(C)n2)OCCO3)cc1,364.41,3.68,78.39,1,7,4,3,1,<rdkit.Chem.rdchem.Mol object at 0x000001CB2746D310>,False,False
TRZ01792,Cc1nnc(/C=C/C=C/c2cccc(F)c2)nc1C,255.3,3.35,38.67,0,3,3,2,1,<rdkit.Chem.rdchem.Mol object at 0x000001CB2746D380>,False,False
TRZ01793,Cc1nnc(-c2nc(-c3ccccc3)cc(N3CCCC3c3ccccc3)n2)nc1C,408.51,4.95,67.69,0,6,4,4,1,<rdkit.Chem.rdchem.Mol object at 0x000001CB2746D3F0>,False,False
TRZ01795,Cc1nnc(-c2nc(NCc3ccccc3)cc(-c3ccccc3)n2)nc1C,368.44,4.22,76.48,1,6,5,4,1,<rdkit.Chem.rdchem.Mol object at 0x000001CB2746D460>,False,False
TRZ01796,COc1cc(C(=O)Nc2cc3c(cc2-c2nnc(C)c(C)n2)OCCO3)cc(OC)c1OC,452.47,3.2,113.92,1,9,6,3,1,<rdkit.Chem.rdchem.Mol object at 0x000001CB2746D4D0>,False,False
TRZ01797,Cc1nnc(-c2nc(-c3ccc(C(F)(F)F)nc3)cc(N3CCc4ccccc4C3)n2)nc1C,463.47,4.59,80.58,0,7,3,4,1,<rdkit.Chem.rdchem.Mol object at 0x000001CB2746D540>,False,False
TRZ01798,Cc1nnc(/C=C/C=C/c2ccc(F)cc2)nc1C,255.3,3.35,38.67,0,3,3,2,1,<rdkit.Chem.rdchem.Mol object at 0x000001CB2746D5B0>,False,False
TRZ01799,CCCCOc1ccc(/C=C/C=C/c2nnc(C)c(C)n2)cc1,309.41,4.39,47.9,0,4,7,2,1,<rdkit.Chem.rdchem.Mol object at 0x000001CB2746D620>,False,False
TRZ01800,Cc1nnc(-c2nc(-c3ccccc3)cc(N(C)Cc3ccccc3)n2)nc1C,382.47,4.25,67.69,0,6,5,4,1,<rdkit.Chem.rdchem.Mol object at 0x000001CB2746D690>,False,False
TRZ01801,Cc1nnc(-c2nc(-c3ccccc3)cc(N3CCc4ccccc4C3C)n2)nc1C,408.51,4.74,67.69,0,6,3,4,1,<rdkit.Chem.rdchem.Mol object at 0x000001CB2746D700>,False,False
TRZ01802,Cc1nnc(-c2nc(-c3ccccc3)cc(N3CCN(c4ccccc4)CC3)n2)nc1C,423.52,3.94,70.93,0,7,4,4,1,<rdkit.Chem.rdchem.Mol object at 0x000001CB2746D770>,False,False
TRZ01803,Cc1nnc(-c2nc(-c3ccc(C(F)(F)F)nc3)cc(-c3ccc(=O)[nH]c3)n2)nc1C,425.37,3.38,110.2,1,7,3,4,1,<rdkit.Chem.rdchem.Mol object at 0x000001CB2746D7E0>,False,False
TRZ01804,COC1CCN(c2cc(-c3ccccc3)nc(-c3nnc(C)c(C)n3)n2)C1,362.44,2.84,76.92,0,7,4,3,1,<rdkit.Chem.rdchem.Mol object at 0x000001CB2746D850>,False,False
TRZ01805,Cc1nnc(-c2nc(-c3ccccc3)cc(N3CCCc4ccccc43)n2)nc1C,394.48,4.7,67.69,0,6,3,4,1,<rdkit.Chem.rdchem.Mol object at 0x000001CB2746D8C0>,False,False
TRZ01806,Cc1nnc(-c2nc(-c3ccc(C(F)(F)F)nc3)cc(-c3cccc(F)c3)n2)nc1C,426.38,4.83,77.34,0,6,3,4,1,<rdkit.Chem.rdchem.Mol object at 0x000001CB2746D930>,False,False
TRZ01807,Cc1nnc(-c2nc(-c3ccccc3)cc(N3CCC(O)C3)n2)nc1C,348.41,2.18,87.92,1,7,3,3,1,<rdkit.Chem.rdchem.Mol object at 0x000001CB2746D9A0>,False,False
TRZ01808,Cc1nnc(-c2sc3c(c2N)c(=O)oc2ccccc23)nc1C,324.37,3.06,94.9,1,7,1,4,1,<rdkit.Chem.rdchem.Mol object at 0x000001CB2746DA10>,False,False
TRZ01810,Cc1ccc(-c2nn(-c3ccccc3)cc2C(O)C(F)(F)c2nnc(C)c(C)n2)cc1,421.45,4.47,76.72,1,5,5,4,1,<rdkit.Chem.rdchem.Mol object at 0x000001CB2746DA80>,False,False
TRZ01811,Cc1nnc(-c2csc(N/N=C/c3cccc(Br)c3)n2)nc1C,389.28,3.82,75.95,1,7,4,3,1,<rdkit.Chem.rdchem.Mol object at 0x000001CB2746DAF0>,False,False
TRZ01812,Cc1nnc(CNc2nc(-c3ccccc3)nc3sc4c(c23)CCCC4)nc1C,402.53,4.65,76.48,1,7,4,4,1,<rdkit.Chem.rdchem.Mol object at 0x000001CB2746DB60>,False,False
TRZ01813,Cc1nnc(C2C(=O)N(C)c3ccccc3N2C)nc1C,283.34,1.64,62.22,0,5,1,2,1,<rdkit.Chem.rdchem.Mol object at 0x000001CB2746DBD0>,False,False
TRZ01815,Cc1nnc(CNc2ncnc3sc4c(c23)CCCC4)nc1C,326.43,2.98,76.48,1,7,3,3,1,<rdkit.Chem.rdchem.Mol object at 0x000001CB2746DC40>,False,False
TRZ01816,Cc1nnc(-c2ncn(-c3cccc(Br)c3)c2-c2ccc(F)cc2)nc1C,424.28,4.91,56.49,0,4,3,4,1,<rdkit.Chem.rdchem.Mol object at 0x000001CB2746DCB0>,False,False
TRZ01817,Cc1nnc(-c2ncn(-c3cccc(Cl)c3)c2-c2ccc(F)cc2)nc1C,379.83,4.8,56.49,0,4,3,4,1,<rdkit.Chem.rdchem.Mol object at 0x000001CB2746DD20>,False,False
TRZ01818,Cc1nnc(-c2ncn(-c3cccc(Cl)c3)c2-c2cccc(F)c2)nc1C,379.83,4.8,56.49,0,4,3,4,1,<rdkit.Chem.rdchem.Mol object at 0x000001CB2746DD90>,False,False
TRZ01820,CCN(CC)c1nc2oc(C)c(-c3nnc(C)c(C)n3)c2c(=O)n1-c1ccccc1,404.47,3.6,89.94,0,7,5,4,1,<rdkit.Chem.rdchem.Mol object at 0x000001CB2746DE00>,False,False
TRZ01821,Cc1nnc(-c2c[nH]c3c([N+](=O)[O-])cc(C(F)(F)F)cc3c2=O)nc1C,365.27,2.92,114.67,1,6,2,3,1,<rdkit.Chem.rdchem.Mol object at 0x000001CB2746DE70>,False,False
TRZ01822,CCN(CC)c1nc2oc(C)c(-c3nnc(C)c(C)n3)c2c(=O)n1-c1cccc(C)c1,418.5,3.91,89.94,0,7,5,4,1,<rdkit.Chem.rdchem.Mol object at 0x000001CB2746DEE0>,False,False
TRZ01824,CCN(CC)c1nc2oc(C)c(-c3nnc(C)c(C)n3)c2c(=O)n1-c1ccc(C)cc1,418.5,3.91,89.94,0,7,5,4,1,<rdkit.Chem.rdchem.Mol object at 0x000001CB2746DF50>,False,False
TRZ01825,CCCCOc1ccc(CCc2nnc(C)c(C)n2)cc1,285.39,3.45,47.9,0,4,7,2,1,<rdkit.Chem.rdchem.Mol object at 0x000001CB2746DFC0>,False,False
TRZ01826,Cc1nnc([C@@H](O)Cc2csc(-c3ccc(F)cc3)n2)nc1C,330.39,3.03,71.79,1,6,4,3,1,<rdkit.Chem.rdchem.Mol object at 0x000001CB2746E030>,False,False
TRZ01827,Cc1nnc(-c2cnns2)nc1C,193.23,1.01,64.45,0,6,1,2,1,<rdkit.Chem.rdchem.Mol object at 0x000001CB2746E0A0>,False,False
TRZ01828,CC(=O)NN=C(c1ccccc1)c1nnc(C)c(C)n1,269.31,1.38,80.13,1,5,3,2,1,<rdkit.Chem.rdchem.Mol object at 0x000001CB2746E110>,False,False
TRZ01829,Cc1nnc(-c2cccnc2-c2nnc(C)c(C)n2)nc1C,293.33,2.02,90.23,0,7,2,3,2,<rdkit.Chem.rdchem.Mol object at 0x000001CB2746E180>,False,False
TRZ01830,Cc1nnc(CCCc2ccc(N3C(=O)C=CC3=O)cc2)nc1C,322.37,2.09,76.05,0,5,5,2,1,<rdkit.Chem.rdchem.Mol object at 0x000001CB2746E1F0>,False,False
TRZ01832,Cc1nnc(CCSSc2ccccn2)nc1C,278.41,2.87,51.56,0,6,5,2,1,<rdkit.Chem.rdchem.Mol object at 0x000001CB2746E260>,False,False
TRZ01833,Cc1nnc([C@@H](N)Cc2cc(I)c(O)c(I)c2)nc1C,496.09,2.65,84.92,2,5,3,2,1,<rdkit.Chem.rdchem.Mol object at 0x000001CB2746E2D0>,False,False
TRZ01834,Cc1nnc([C@@H]2C[C@H]2c2ccccc2)nc1C,225.3,2.76,38.67,0,3,2,2,1,<rdkit.Chem.rdchem.Mol object at 0x000001CB2746E340>,False,False
TRZ01835,Cc1nnc(Cc2ccc(N3C(=O)C=CC3=O)cc2)nc1C,294.31,1.51,76.05,0,5,3,2,1,<rdkit.Chem.rdchem.Mol object at 0x000001CB2746E3B0>,False,False
TRZ01836,COc1ccc(-c2nnc(C)c(C)n2)c(O)c1,231.25,1.87,68.13,1,5,2,2,1,<rdkit.Chem.rdchem.Mol object at 0x000001CB2746E420>,False,False
TRZ01838,COc1cc2nc(CCc3nnc(C)c(C)n3)c(=O)n(C)c2cc1OC,355.4,1.54,92.02,0,7,5,3,1,<rdkit.Chem.rdchem.Mol object at 0x000001CB2746E500>,False,False
TRZ01839,Cc1nnc(Cn2c(C(F)(F)F)nc3ccccc32)nc1C,307.28,2.91,56.49,0,4,2,3,1,<rdkit.Chem.rdchem.Mol object at 0x000001CB2746E570>,False,False
TRZ01840,Cc1nnc(Cc2ccc(-c3ccccc3)cc2)nc1C,275.36,3.75,38.67,0,3,3,3,1,<rdkit.Chem.rdchem.Mol object at 0x000001CB2746E5E0>,False,False
TRZ01841,Cc1nnc(-c2ccccc2-c2nnc(C)c(C)n2)nc1C,292.35,2.62,77.34,0,6,2,3,2,<rdkit.Chem.rdchem.Mol object at 0x000001CB2746E650>,False,False
TRZ01842,Cc1nnc(C(C)c2ccc(-c3ccccc3)c(F)c2)nc1C,307.37,4.45,38.67,0,3,3,3,1,<rdkit.Chem.rdchem.Mol object at 0x000001CB2746E6C0>,False,False
TRZ01843,Cc1nnc(CN2CCN(c3ccccc3)CC2)nc1C,283.38,1.81,45.15,0,5,3,2,1,<rdkit.Chem.rdchem.Mol object at 0x000001CB2746E730>,False,False
TRZ01844,Cc1nnc(-c2ncc[nH]2)nc1C,175.19,0.88,67.35,1,4,1,2,1,<rdkit.Chem.rdchem.Mol object at 0x000001CB2746E7A0>,False,False
TRZ01845,Cc1nnc(-c2ccccc2Nc2cccc(C(F)(F)F)c2)nc1C,344.34,4.92,50.7,1,4,3,3,1,<rdkit.Chem.rdchem.Mol object at 0x000001CB2746E810>,False,False
TRZ01846,Cc1nnc(-c2cn(C)nc2C(F)(F)F)nc1C,257.22,1.91,56.49,0,4,1,2,1,<rdkit.Chem.rdchem.Mol object at 0x000001CB2746E880>,False,False
TRZ01847,COc1ccc(-c2nnc(C)c(C)n2)c(F)c1,233.25,2.3,47.9,0,4,2,2,1,<rdkit.Chem.rdchem.Mol object at 0x000001CB2746E8F0>,False,False
TRZ01848,COc1ccc(-c2nnc(C)c(C)n2)cc1F,233.25,2.3,47.9,0,4,2,2,1,<rdkit.Chem.rdchem.Mol object at 0x000001CB2746E960>,False,False
TRZ01849,Cc1nnc(Cc2ccc(F)cc2F)nc1C,235.24,2.36,38.67,0,3,2,2,1,<rdkit.Chem.rdchem.Mol object at 0x000001CB2746E9D0>,False,False
TRZ01851,Cc1nnc(-c2cccnc2C(F)(F)F)nc1C,254.21,2.57,51.56,0,4,1,2,1,<rdkit.Chem.rdchem.Mol object at 0x000001CB2746EA40>,False,False
TRZ01852,Cc1nnc(-c2nc(-c3ccc(F)cc3)no2)nc1C,271.26,2.34,77.59,0,6,2,3,1,<rdkit.Chem.rdchem.Mol object at 0x000001CB2746EAB0>,False,False
TRZ01853,Cc1nnc(-c2cccc(Cl)c2F)nc1C,237.66,2.95,38.67,0,3,1,2,1,<rdkit.Chem.rdchem.Mol object at 0x000001CB2746EB20>,False,False
TRZ01854,Cc1nnc(-c2ccc(F)c(Oc3ccccc3)c2)nc1C,295.32,4.09,47.9,0,4,3,3,1,<rdkit.Chem.rdchem.Mol object at 0x000001CB2746EB90>,False,False
TRZ01855,Cc1nnc(-c2cc3c(F)cccc3[nH]2)nc1C,242.26,2.78,54.46,1,3,1,3,1,<rdkit.Chem.rdchem.Mol object at 0x000001CB2746EC00>,False,False
TRZ01856,Cc1nnc(-c2cc3ccc(F)cc3[nH]2)nc1C,242.26,2.78,54.46,1,3,1,3,1,<rdkit.Chem.rdchem.Mol object at 0x000001CB2746EC70>,False,False
TRZ01857,Cc1nnc(-c2c[nH]c3ccc(F)cc23)nc1C,242.26,2.78,54.46,1,3,1,3,1,<rdkit.Chem.rdchem.Mol object at 0x000001CB2746ECE0>,False,False
TRZ01860,COCCOc1ccc(Nc2ncc(F)c(Nc3ccccc3-c3nnc(C)c(C)n3)n2)cc1,461.5,4.6,106.97,2,9,9,4,1,<rdkit.Chem.rdchem.Mol object at 0x000001CB2746ED50>,False,False
TRZ01861,COCCOc1ccc(Nc2ncc(F)c(Nc3cccc(-c4nnc(C)c(C)n4)c3)n2)cc1,461.5,4.6,106.97,2,9,9,4,1,<rdkit.Chem.rdchem.Mol object at 0x000001CB2746EDC0>,False,False
TRZ01863,COCCOc1ccc(Nc2ncc(F)c(Nc3ccc(-c4nnc(C)c(C)n4)cc3)n2)cc1,461.5,4.6,106.97,2,9,9,4,1,<rdkit.Chem.rdchem.Mol object at 0x000001CB2746EE30>,False,False
TRZ01864,Cc1nnc(COc2ccccc2C(C)(C)C)nc1C,271.36,3.36,47.9,0,4,3,2,1,<rdkit.Chem.rdchem.Mol object at 0x000001CB2746EEA0>,False,False
TRZ01865,Cc1nnc(-c2c(NC(=O)c3ccccc3)sc3c2CCC3)nc1C,350.45,3.96,67.77,1,5,3,3,1,<rdkit.Chem.rdchem.Mol object at 0x000001CB2746EF10>,False,False
TRZ01866,CCOc1ccc(N2Cc3ccc(-c4nnc(C)c(C)n4)cc3C2)cc1,346.43,4.07,51.14,0,5,4,3,1,<rdkit.Chem.rdchem.Mol object at 0x000001CB2746EF80>,False,False
TRZ01868,Cc1nnc(Cc2nn3c(C4CCCCC4)nnc3s2)nc1C,329.43,2.63,81.75,0,7,3,3,1,<rdkit.Chem.rdchem.Mol object at 0x000001CB2746EFF0>,False,False
TRZ01870,Cc1nnc(CSc2nc3cccnc3s2)nc1C,289.39,2.79,64.45,0,7,3,3,1,<rdkit.Chem.rdchem.Mol object at 0x000001CB2746F060>,False,False
TRZ01871,Cc1nnc(Cc2csc(-c3cccc(-n4cccc4)c3)n2)nc1C,347.45,3.99,56.49,0,5,4,4,1,<rdkit.Chem.rdchem.Mol object at 0x000001CB2746F0D0>,False,False
TRZ01872,Cc1nnc(-c2csc(-c3cccc(-n4cccc4)c3)n2)nc1C,333.42,4.07,56.49,0,5,3,4,1,<rdkit.Chem.rdchem.Mol object at 0x000001CB2746F140>,False,False
TRZ01873,Cc1nnc(Cn2c(C)cc(=O)n3ncnc23)nc1C,271.28,0.05,90.86,0,6,2,3,1,<rdkit.Chem.rdchem.Mol object at 0x000001CB2746F1B0>,False,False
TRZ01874,Cc1nnc(-c2cc(=S)nc[nH]2)nc1C,219.27,1.61,67.35,1,5,1,2,1,<rdkit.Chem.rdchem.Mol object at 0x000001CB2746F220>,False,False
TRZ01875,Cc1nnc(COc2ccc3c(c2Br)CCCC3)nc1C,348.24,3.71,47.9,0,4,3,2,1,<rdkit.Chem.rdchem.Mol object at 0x000001CB2746F290>,False,False
TRZ01876,Cc1nnc(C(C)C2=NC(C)(C)Cc3ccccc32)nc1C,294.4,3.42,51.03,0,4,2,2,1,<rdkit.Chem.rdchem.Mol object at 0x000001CB2746F300>,False,False
TRZ01877,Cc1cc2c(cc1C)CN(c1cccc(-c3nnc(C)c(C)n3)c1)C2,330.44,4.29,41.91,0,4,2,3,1,<rdkit.Chem.rdchem.Mol object at 0x000001CB2746F370>,False,False
TRZ01878,Cc1nnc(CNc2c(-c3ccsc3)nc3ccccn23)nc1C,336.42,3.48,68.0,1,6,4,4,1,<rdkit.Chem.rdchem.Mol object at 0x000001CB2746F3E0>,False,False
TRZ01879,Cc1nnc(-c2cncn2-c2ccccc2)nc1C,251.29,2.34,56.49,0,4,2,3,1,<rdkit.Chem.rdchem.Mol object at 0x000001CB2746F450>,False,False
TRZ01880,Cc1nnc(-c2[nH]c(=O)c3c(C)nc(-c4ccccc4)cc3c2O)nc1C,359.39,3.07,104.65,2,6,2,4,1,<rdkit.Chem.rdchem.Mol object at 0x000001CB2746F4C0>,False,False
TRZ01881,Cc1nnc(CNc2cccc([N+](=O)[O-])c2)nc1C,259.27,2.01,93.84,1,6,4,2,1,<rdkit.Chem.rdchem.Mol object at 0x000001CB2746F530>,False,False
TRZ01882,Cc1nnc(C(C)c2nc3ncccc3[nH]2)nc1C,254.3,1.91,80.24,1,5,2,3,1,<rdkit.Chem.rdchem.Mol object at 0x000001CB2746F5A0>,False,False
TRZ01883,Cc1nnc(-c2cncc(N3CCCCC3C)n2)nc1C,284.37,2.32,67.69,0,6,2,2,1,<rdkit.Chem.rdchem.Mol object at 0x000001CB2746F610>,False,False
TRZ01884,Cc1nnc(-c2nc3ncccc3n2C)nc1C,240.27,1.44,69.38,0,5,1,3,1,<rdkit.Chem.rdchem.Mol object at 0x000001CB2746F680>,False,False
TRZ01885,CCn1c(SCc2nnc(C)c(C)n2)nnc1-c1ccco1,316.39,2.65,82.52,0,7,5,3,1,<rdkit.Chem.rdchem.Mol object at 0x000001CB2746F6F0>,False,False
TRZ01886,Cc1nnc(CSc2ccnc(C#N)c2)nc1C,257.32,2.05,75.35,0,6,3,2,1,<rdkit.Chem.rdchem.Mol object at 0x000001CB2746F760>,False,False
TRZ01887,Cc1nnc(Cc2nc3cccn(C)c-3n2)nc1C,254.3,1.31,69.38,0,5,2,1,1,<rdkit.Chem.rdchem.Mol object at 0x000001CB2746F7D0>,False,False
TRZ01888,Cc1nnc(-c2cncc(N3CC(C)OC(C)C3)n2)nc1C,300.37,1.56,76.92,0,7,2,2,1,<rdkit.Chem.rdchem.Mol object at 0x000001CB2746F840>,False,False
TRZ01889,Cc1nnc(-c2cn(Cc3ccc(Cl)cc3)cc2-c2ccncc2)nc1C,375.86,4.72,56.49,0,4,4,4,1,<rdkit.Chem.rdchem.Mol object at 0x000001CB2746F8B0>,False,False
TRZ01891,Cc1ccc(NC(=O)C23CC4CC(CC(C4)C2)C3)c(-c2nnc(C)c(C)n2)c1,376.5,4.62,67.77,1,4,3,2,1,<rdkit.Chem.rdchem.Mol object at 0x000001CB2746F920>,False,False
TRZ01892,COc1cc(NC(=O)C23CC4CC(CC(C4)C2)C3)c(-c2nnc(C)c(C)n2)cc1OC,422.53,4.33,86.23,1,6,5,2,1,<rdkit.Chem.rdchem.Mol object at 0x000001CB2746F990>,False,False
TRZ01893,Cc1nnc(-c2csc(C(C)NC(=O)OC(C)(C)C)n2)nc1C,335.43,3.2,89.89,1,7,3,2,1,<rdkit.Chem.rdchem.Mol object at 0x000001CB2746FA00>,False,False
TRZ01894,Cc1nnc(-c2csc(C(C)N)n2)nc1C,235.32,1.63,77.58,1,6,2,2,1,<rdkit.Chem.rdchem.Mol object at 0x000001CB2746FA70>,False,False
TRZ01895,Cc1nnc(-c2csc(C3CCCN3C(=O)OC(C)(C)C)n2)nc1C,361.47,3.68,81.1,0,7,2,2,1,<rdkit.Chem.rdchem.Mol object at 0x000001CB2746FAE0>,False,False
TRZ01896,Cc1nnc(-c2csc(C(CC(C)C)NC(=O)OC(C)(C)C)n2)nc1C,377.51,4.22,89.89,1,7,5,2,1,<rdkit.Chem.rdchem.Mol object at 0x000001CB2746FB50>,False,False
TRZ01897,CC(=O)c1c(C)nc2ccc(I)cc2c1OCc1nnc(C)c(C)n1,448.26,3.73,77.86,0,6,4,3,1,<rdkit.Chem.rdchem.Mol object at 0x000001CB2746FBC0>,False,False
TRZ01898,Cc1nnc(-c2cccn2S(=O)(=O)c2cc(Cl)ccc2N)nc1C,363.83,2.43,103.76,1,6,3,3,1,<rdkit.Chem.rdchem.Mol object at 0x000001CB2746FC30>,False,False
TRZ01899,Cc1nnc(CCc2cnc(C3CCCC3)[nH]2)nc1C,271.37,2.65,67.35,1,4,4,2,1,<rdkit.Chem.rdchem.Mol object at 0x000001CB2746FCA0>,False,False
TRZ01900,Cc1nnc(CCc2cnc(C3CCCCC3)[nH]2)nc1C,285.39,3.04,67.35,1,4,4,2,1,<rdkit.Chem.rdchem.Mol object at 0x000001CB2746FD10>,False,False
TRZ01901,Cc1nnc(CCc2cnc(C3C4CC5CC(C4)CC3C5)[nH]2)nc1C,337.47,3.54,67.35,1,4,4,2,1,<rdkit.Chem.rdchem.Mol object at 0x000001CB2746FD80>,False,False
TRZ01902,CC(=O)c1cc(-c2nnc(C)c(C)n2)ccc1O,243.27,2.06,75.97,1,5,2,2,1,<rdkit.Chem.rdchem.Mol object at 0x000001CB2746FDF0>,False,False
TRZ01903,Cc1nnc(-c2cc(C3CCCCC3)c3ccccc3n2)nc1C,318.42,4.75,51.56,0,4,2,3,1,<rdkit.Chem.rdchem.Mol object at 0x000001CB2746FE60>,False,False
TRZ01904,Cc1nnc(-c2cc(C3CCCC3)nc3ccccc23)nc1C,304.4,4.36,51.56,0,4,2,3,1,<rdkit.Chem.rdchem.Mol object at 0x000001CB2746FED0>,False,False
TRZ01905,Cc1nnc(-c2cc(C3CCCCC3)nc3ccccc23)nc1C,318.42,4.75,51.56,0,4,2,3,1,<rdkit.Chem.rdchem.Mol object at 0x000001CB2746FF40>,False,False
TRZ01906,Cc1nnc(Cc2cc(C3CCCCC3)nc3ccccc23)nc1C,332.45,4.68,51.56,0,4,3,3,1,<rdkit.Chem.rdchem.Mol object at 0x000001CB27470040>,False,False
TRZ01907,Cc1nnc(Cc2cc(C3CCCC3)nc3ccccc23)nc1C,318.42,4.29,51.56,0,4,3,3,1,<rdkit.Chem.rdchem.Mol object at 0x000001CB274700B0>,False,False
TRZ01908,Cc1nnc(Cc2ccnc3ccccc23)nc1C,250.3,2.63,51.56,0,4,2,3,1,<rdkit.Chem.rdchem.Mol object at 0x000001CB27470120>,False,False
TRZ01909,Cc1nnc(-c2cc(C3CCCC3)c3ccccc3n2)nc1C,304.4,4.36,51.56,0,4,2,3,1,<rdkit.Chem.rdchem.Mol object at 0x000001CB27470190>,False,False
TRZ01916,Cc1nnc(/C=C2/N(C)c3cccnc3N2C)nc1C,268.32,1.77,58.04,0,6,1,2,1,<rdkit.Chem.rdchem.Mol object at 0x000001CB27470200>,False,False
TRZ01917,CCOC(=O)c1cc(-c2ccc(Cl)cc2)n(CCc2nnc(C)c(C)n2)c1C,398.89,4.34,69.9,0,5,6,3,1,<rdkit.Chem.rdchem.Mol object at 0x000001CB27470270>,False,False
TRZ01918,CCOC(=O)c1cc(-c2ccc(OC)cc2)n(CCc2nnc(C)c(C)n2)c1C,394.48,3.69,79.13,0,6,7,3,1,<rdkit.Chem.rdchem.Mol object at 0x000001CB274702E0>,False,False
TRZ01919,CCOC(=O)c1c(C)c(-c2ccccc2)n(CCc2nnc(C)c(C)n2)c1C,378.48,3.99,69.9,0,5,6,3,1,<rdkit.Chem.rdchem.Mol object at 0x000001CB27470350>,False,False
TRZ01920,CCOC(=O)c1cc(-c2ccccc2)n(CCc2nnc(C)c(C)n2)c1C,364.45,3.68,69.9,0,5,6,3,1,<rdkit.Chem.rdchem.Mol object at 0x000001CB274703C0>,False,False
TRZ01921,CCOC(=O)c1cc(-c2ccc(OC)cc2)n(Cc2nnc(C)c(C)n2)c1C,380.45,3.5,79.13,0,6,6,3,1,<rdkit.Chem.rdchem.Mol object at 0x000001CB27470430>,False,False
TRZ01923,Cc1nnc(CSc2nnc(-c3ccco3)n2-c2ccc(Br)cc2)nc1C,443.33,4.38,82.52,0,7,5,4,1,<rdkit.Chem.rdchem.Mol object at 0x000001CB274704A0>,False,False
TRZ01925,CC(=O)c1c(C)[nH]c(-c2nnc(C)c(C)n2)c1C,244.3,2.3,71.53,1,4,2,2,1,<rdkit.Chem.rdchem.Mol object at 0x000001CB27470510>,False,False
TRZ01927,CCOC(=O)c1cc(-c2cccc([N+](=O)[O-])c2)n(CCc2nnc(C)c(C)n2)c1C,409.45,3.59,113.04,0,7,7,3,1,<rdkit.Chem.rdchem.Mol object at 0x000001CB27470580>,False,False
TRZ01928,Cc1nnc(C2CCN(S(=O)(=O)c3ccccc3)CC2)nc1C,332.43,2.06,76.05,0,5,3,2,1,<rdkit.Chem.rdchem.Mol object at 0x000001CB274705F0>,False,False
TRZ01929,Cc1nnc(Cc2nc3ccccc3[nH]c2=O)nc1C,267.29,1.32,84.42,1,5,2,3,1,<rdkit.Chem.rdchem.Mol object at 0x000001CB27470660>,False,False
TRZ01930,Cc1nnc(-c2n[nH]nc2N)nc1C,191.2,-0.14,106.26,2,6,1,2,1,<rdkit.Chem.rdchem.Mol object at 0x000001CB274706D0>,False,False
TRZ01931,Cc1nnc(-c2cc(C(C)(C)C)nn2Cc2ccccc2)nc1C,321.43,3.7,56.49,0,4,3,3,1,<rdkit.Chem.rdchem.Mol object at 0x000001CB27470740>,False,False
TRZ01932,Cc1cc(-c2nnc(C)c(C)n2)n(C(C)(C)C)n1,245.33,2.42,56.49,0,4,1,2,1,<rdkit.Chem.rdchem.Mol object at 0x000001CB274707B0>,False,False
TRZ01933,Cc1nnc(-c2ccc(OCC(O)CO)cc2O)nc1C,291.31,0.59,108.59,3,7,5,2,1,<rdkit.Chem.rdchem.Mol object at 0x000001CB27470820>,False,False
TRZ01934,Cc1nnc(Cn2c3ccccc3c(=O)c3ccccc32)nc1C,316.36,3.0,60.67,0,4,2,4,1,<rdkit.Chem.rdchem.Mol object at 0x000001CB27470890>,False,False
TRZ01935,Cc1nnc(CSc2nc3ccccc3n2C)nc1C,285.38,2.67,56.49,0,5,3,3,1,<rdkit.Chem.rdchem.Mol object at 0x000001CB27470900>,False,False
TRZ01936,Cc1ccc(NC(=O)Cc2nnc(C)c(C)n2)cc1,256.31,1.98,67.77,1,4,3,2,1,<rdkit.Chem.rdchem.Mol object at 0x000001CB27470970>,False,False
TRZ01937,Cc1nnc(/C(=C\c2ccccc2)NC(=O)c2ccccc2)nc1C,330.39,3.42,67.77,1,4,4,3,1,<rdkit.Chem.rdchem.Mol object at 0x000001CB274709E0>,False,False
TRZ01938,Cc1nnc(CNC(=O)c2ccco2)nc1C,232.24,1.01,80.91,1,5,3,2,1,<rdkit.Chem.rdchem.Mol object at 0x000001CB27470A50>,False,False
TRZ01939,Cc1nnc(Cn2cnc(-c3ccc([N+](=O)[O-])cc3)c2)nc1C,310.32,2.31,99.63,0,6,4,3,1,<rdkit.Chem.rdchem.Mol object at 0x000001CB27470AC0>,False,False
TRZ01940,Cc1ccc(C)c(-c2cc(-c3nnc(C)c(C)n3)c3ccccc3n2)c1,340.43,4.99,51.56,0,4,2,4,1,<rdkit.Chem.rdchem.Mol object at 0x000001CB27470B30>,False,False
TRZ01941,CCOc1ccc(-c2cc(-c3nnc(C)c(C)n3)c3ccccc3n2)cc1,356.43,4.77,60.79,0,5,4,4,1,<rdkit.Chem.rdchem.Mol object at 0x000001CB27470BA0>,False,False
TRZ01942,COc1ccc(-c2nnc(SCc3nnc(C)c(C)n3)n2-c2ccccc2)cc1OC,434.53,4.05,87.84,0,8,7,4,1,<rdkit.Chem.rdchem.Mol object at 0x000001CB27470C10>,False,False
TRZ01943,CCCc1cc(=O)oc2cc(OC(C)c3nnc(C)c(C)n3)ccc12,339.4,3.69,78.11,0,6,5,3,1,<rdkit.Chem.rdchem.Mol object at 0x000001CB27470C80>,False,False
TRZ01944,Cc1nnc(-c2sccc2N)nc1C,206.27,1.8,64.69,1,5,1,2,1,<rdkit.Chem.rdchem.Mol object at 0x000001CB27470CF0>,False,False
TRZ01945,Cc1nnc(CC2CC(c3cccc([N+](=O)[O-])c3)=NN2)nc1C,312.33,1.71,106.2,1,7,4,2,1,<rdkit.Chem.rdchem.Mol object at 0x000001CB27470D60>,False,False
TRZ01946,Cc1nnc(CN2CCN(c3ccc([N+](=O)[O-])cc3)CC2)nc1C,328.38,1.72,88.29,0,7,4,2,1,<rdkit.Chem.rdchem.Mol object at 0x000001CB27470DD0>,False,False
TRZ01948,COC1(c2nnc(C)c(C)n2)COc2ccccc2O1,273.29,1.76,66.36,0,6,2,2,1,<rdkit.Chem.rdchem.Mol object at 0x000001CB27470E40>,False,False
TRZ01949,Cc1nnc(CCCCCN2C(=O)c3cccc4cccc(c34)C2=O)nc1C,374.44,3.65,76.05,0,5,6,3,1,<rdkit.Chem.rdchem.Mol object at 0x000001CB27470EB0>,False,False
TRZ01950,Cc1nnc(C(C)NC(=O)c2ccccc2)nc1C,256.31,1.98,67.77,1,4,3,2,1,<rdkit.Chem.rdchem.Mol object at 0x000001CB27470F20>,False,False
TRZ01951,Cc1nnc(C(C)Oc2ccc(Br)cc2)nc1C,308.18,3.39,47.9,0,4,3,2,1,<rdkit.Chem.rdchem.Mol object at 0x000001CB27470F90>,False,False
TRZ01952,COc1ccccc1OC(C)c1nnc(C)c(C)n1,259.31,2.64,57.13,0,5,4,2,1,<rdkit.Chem.rdchem.Mol object at 0x000001CB27471000>,False,False
TRZ01953,Cc1nnc(Cc2nc(C)n(C)n2)nc1C,218.26,0.52,69.38,0,5,2,2,1,<rdkit.Chem.rdchem.Mol object at 0x000001CB27471070>,False,False
TRZ01954,Cc1nnc(Cc2nc3n(n2)CCCCC3)nc1C,258.33,1.4,69.38,0,5,2,2,1,<rdkit.Chem.rdchem.Mol object at 0x000001CB274710E0>,False,False
TRZ01955,Cc1nnc(Cc2cc(=O)oc3cc(O)ccc23)nc1C,283.29,1.89,89.11,1,6,2,3,1,<rdkit.Chem.rdchem.Mol object at 0x000001CB27471150>,False,False
TRZ01956,C=CCNS(=O)(=O)c1ccccc1-c1nnc(C)c(C)n1,304.38,1.62,84.84,1,5,5,2,1,<rdkit.Chem.rdchem.Mol object at 0x000001CB274711C0>,False,False
TRZ01957,CCCn1c(=O)c(-c2nnc(C)c(C)n2)c(O)c2ccccc21,310.36,2.59,80.9,1,5,3,3,1,<rdkit.Chem.rdchem.Mol object at 0x000001CB27471230>,False,False
TRZ01958,C/C(=N\N)c1cc(-c2nnc(C)c(C)n2)c(=O)[nH]c1C,272.31,0.83,109.91,2,6,2,2,1,<rdkit.Chem.rdchem.Mol object at 0x000001CB274712A0>,False,False
TRZ01959,Cc1nnc(-c2c[nH]c3ccccc3c2=O)nc1C,252.28,2.0,71.53,1,4,1,3,1,<rdkit.Chem.rdchem.Mol object at 0x000001CB27471310>,False,False
TRZ01960,Cc1ccncc1-c1nnc(C)c(C)n1,200.24,1.86,51.56,0,4,1,2,1,<rdkit.Chem.rdchem.Mol object at 0x000001CB27471380>,False,False
TRZ01961,Cc1nnc(C(CC(C)C)NC(=O)OCc2ccccc2)nc1C,328.42,3.5,77.0,1,5,6,2,1,<rdkit.Chem.rdchem.Mol object at 0x000001CB274713F0>,False,False
TRZ01962,CCCCS(=O)(=O)Nc1ccc(-c2nnc(C)c(C)n2)c(Cl)c1,354.86,3.35,84.84,1,5,6,2,1,<rdkit.Chem.rdchem.Mol object at 0x000001CB27471460>,False,False
TRZ01963,Cc1nnc(C2COc3ccccc3O2)nc1C,243.27,2.0,57.13,0,5,1,2,1,<rdkit.Chem.rdchem.Mol object at 0x000001CB274714D0>,False,False
TRZ01964,Cc1nnc(-c2cccc(N)c2-c2nnc(C)c(C)n2)nc1C,307.36,2.21,103.36,1,7,2,3,2,<rdkit.Chem.rdchem.Mol object at 0x000001CB27471540>,False,False
TRZ01965,Cc1nnc(-c2ccc(-c3nnc(C)c(C)n3)nc2)nc1C,293.33,2.02,90.23,0,7,2,3,2,<rdkit.Chem.rdchem.Mol object at 0x000001CB274715B0>,False,False
TRZ01966,Cc1nnc(-c2c(O)ccc3ccccc23)nc1C,251.29,3.01,58.9,1,4,1,3,1,<rdkit.Chem.rdchem.Mol object at 0x000001CB27471620>,False,False
TRZ01968,Cc1ccc(C)c(NCc2nnc(C)c(C)n2)c1,242.33,2.72,50.7,1,4,3,2,1,<rdkit.Chem.rdchem.Mol object at 0x000001CB27471690>,False,False
TRZ01969,Cc1cccc(NCc2nnc(C)c(C)n2)c1,228.3,2.41,50.7,1,4,3,2,1,<rdkit.Chem.rdchem.Mol object at 0x000001CB27471700>,False,False
TRZ01970,CCCCOc1ccc(-c2nnc(C)c(C)n2)cc1,257.34,3.33,47.9,0,4,5,2,1,<rdkit.Chem.rdchem.Mol object at 0x000001CB27471770>,False,False
TRZ01971,Cc1nnc(Cc2c(C)[nH]c3ccc(-c4nnc(C)c(C)n4)cc23)nc1C,359.44,3.34,93.13,1,6,3,4,2,<rdkit.Chem.rdchem.Mol object at 0x000001CB274717E0>,False,False
TRZ01972,Cc1nnc(CCc2ccncc2)nc1C,214.27,1.67,51.56,0,4,3,2,1,<rdkit.Chem.rdchem.Mol object at 0x000001CB27471850>,False,False
TRZ01973,Cc1nnc(-c2ccc3c(=O)[nH][nH]c(=O)c3c2)nc1C,269.26,0.69,104.39,2,5,1,3,1,<rdkit.Chem.rdchem.Mol object at 0x000001CB274718C0>,False,False
TRZ01974,Cc1nnc(-c2cc(-c3ccccc3)nn2-c2ccccc2)nc1C,327.39,4.01,56.49,0,4,3,4,1,<rdkit.Chem.rdchem.Mol object at 0x000001CB27471930>,False,False
TRZ01975,CCCc1cc(-c2[nH]ncc2-c2ccc(-c3nnc(C)c(C)n3)o2)c(O)cc1O,391.43,4.17,120.95,3,7,5,4,1,<rdkit.Chem.rdchem.Mol object at 0x000001CB274719A0>,False,False
TRZ01976,Cc1ccccc1NCc1nnc(C)c(C)n1,228.3,2.41,50.7,1,4,3,2,1,<rdkit.Chem.rdchem.Mol object at 0x000001CB27471A10>,False,False
TRZ01977,Cc1ccn2c(-c3nnc(C)c(C)n3)c(C)nc2c1,253.31,2.42,55.97,0,4,1,3,1,<rdkit.Chem.rdchem.Mol object at 0x000001CB27471A80>,False,False
TRZ01978,Cc1nnc(-c2ccc(CN)cc2)nc1C,214.27,1.61,64.69,1,4,2,2,1,<rdkit.Chem.rdchem.Mol object at 0x000001CB27471AF0>,False,False
TRZ01979,Cc1nnc(COc2ccc(C(C)(C)C)cc2)nc1C,271.36,3.36,47.9,0,4,3,2,1,<rdkit.Chem.rdchem.Mol object at 0x000001CB27471B60>,False,False
TRZ01980,Cc1ccc(-c2cc(-c3nnc(C)c(C)n3)c3ccccc3n2)s1,332.43,4.74,51.56,0,5,2,4,1,<rdkit.Chem.rdchem.Mol object at 0x000001CB27471BD0>,False,False
TRZ01981,Cc1ccc(C(C)C)cc1OCc1nnc(C)c(C)n1,271.36,3.5,47.9,0,4,4,2,1,<rdkit.Chem.rdchem.Mol object at 0x000001CB27471C40>,False,False
TRZ01982,Cc1nnc(COc2ccc(I)cc2)nc1C,341.15,2.67,47.9,0,4,3,2,1,<rdkit.Chem.rdchem.Mol object at 0x000001CB27471CB0>,False,False
TRZ01983,Cc1nnc(CSc2ccc3ccccc3c2)nc1C,281.38,3.93,38.67,0,4,3,3,1,<rdkit.Chem.rdchem.Mol object at 0x000001CB27471D20>,False,False
TRZ01984,Cc1nnc(CNS(=O)(=O)c2ccccc2)nc1C,278.34,0.97,84.84,1,5,4,2,1,<rdkit.Chem.rdchem.Mol object at 0x000001CB27471D90>,False,False
TRZ01985,Cc1nnc(-c2ccc(N3CCCC3=O)cc2)nc1C,268.32,2.28,58.98,0,4,2,2,1,<rdkit.Chem.rdchem.Mol object at 0x000001CB27471E00>,False,False
TRZ01986,COc1ccccc1N1CCN(CCc2nnc(C)c(C)n2)CC1,327.43,1.86,54.38,0,6,5,2,1,<rdkit.Chem.rdchem.Mol object at 0x000001CB27471E70>,False,False
TRZ01987,Cc1nnc(COc2c(Br)cc(Br)c3cccnc23)nc1C,424.1,4.14,60.79,0,5,3,3,1,<rdkit.Chem.rdchem.Mol object at 0x000001CB27471EE0>,False,False
TRZ01988,Cc1nnc(-c2ccc3cc(-c4nnc(C)c(C)n4)ccc3c2)nc1C,342.41,3.78,77.34,0,6,2,4,2,<rdkit.Chem.rdchem.Mol object at 0x000001CB27471F50>,False,False
TRZ01989,Cc1nnc(C2(O)c3ccccc3-c3ccccc32)nc1C,289.34,2.75,58.9,1,4,1,3,1,<rdkit.Chem.rdchem.Mol object at 0x000001CB27471FC0>,False,False
TRZ01990,Cc1nnc(-c2cc(N)c(=O)[nH]n2)nc1C,218.22,-0.18,110.44,2,6,1,2,1,<rdkit.Chem.rdchem.Mol object at 0x000001CB27472030>,False,False
TRZ01991,Cc1nnc(-c2cc(-c3ccccn3)nc3ccccc23)nc1C,313.36,3.77,64.45,0,5,2,4,1,<rdkit.Chem.rdchem.Mol object at 0x000001CB274720A0>,False,False
TRZ01992,Cc1nnc(CNC(=O)c2cccc3ccccc23)nc1C,292.34,2.57,67.77,1,4,3,3,1,<rdkit.Chem.rdchem.Mol object at 0x000001CB27472110>,False,False
TRZ01993,Cc1nnc(C(=O)Nc2ccc(Cl)cc2)nc1C,262.7,2.39,67.77,1,4,2,2,1,<rdkit.Chem.rdchem.Mol object at 0x000001CB27472180>,False,False
TRZ01994,Cc1nnc(Cn2nnc(N3CCOCC3)n2)nc1C,276.3,-0.64,94.74,0,8,3,2,1,<rdkit.Chem.rdchem.Mol object at 0x000001CB274721F0>,False,False
TRZ01995,Cc1nnc(Cn2nnc(N3CCCC3)n2)nc1C,260.31,0.12,85.51,0,7,3,2,1,<rdkit.Chem.rdchem.Mol object at 0x000001CB27472260>,False,False
TRZ01996,Cc1nnc(CCn2nnc(-c3cccc(Cl)c3Cl)n2)nc1C,350.21,2.69,82.27,0,6,4,3,1,<rdkit.Chem.rdchem.Mol object at 0x000001CB274722D0>,False,False
TRZ01997,Cc1nnc(-c2cc(Br)c[nH]2)nc1C,253.1,2.25,54.46,1,3,1,2,1,<rdkit.Chem.rdchem.Mol object at 0x000001CB27472340>,False,False
TRZ01998,Cc1nnc(-c2nc(-c3ccccc3)no2)nc1C,253.27,2.21,77.59,0,6,2,3,1,<rdkit.Chem.rdchem.Mol object at 0x000001CB274723B0>,False,False
TRZ01999,Cc1nnc(-c2nc(-c3cccs3)no2)nc1C,259.29,2.27,77.59,0,7,2,3,1,<rdkit.Chem.rdchem.Mol object at 0x000001CB27472420>,False,False
TRZ02000,Cc1nnc(-c2csc(COc3ccccc3Cl)n2)nc1C,332.82,3.84,60.79,0,6,4,3,1,<rdkit.Chem.rdchem.Mol object at 0x000001CB27472490>,False,False
TRZ02001,CCn1nc(C)cc1-c1nnc(C)c(C)n1,217.28,1.68,56.49,0,4,2,2,1,<rdkit.Chem.rdchem.Mol object at 0x000001CB27472500>,False,False
TRZ02002,CC(=O)N[C@@H](Cc1ccccc1)c1nnc(C)c(C)n1,270.34,1.91,67.77,1,4,4,2,1,<rdkit.Chem.rdchem.Mol object at 0x000001CB27472570>,False,False
TRZ02003,COc1cccc(OC)c1-c1nnc(C)c(C)n1,245.28,2.17,57.13,0,5,3,2,1,<rdkit.Chem.rdchem.Mol object at 0x000001CB274725E0>,False,False
TRZ02004,Cc1nnc(CN2c3ccccc3Sc3ccccc32)nc1C,320.42,4.29,41.91,0,5,2,3,1,<rdkit.Chem.rdchem.Mol object at 0x000001CB27472650>,False,False
TRZ02005,Cc1nnc(C(=O)Nc2ccc(Cl)cc2Cl)nc1C,297.15,3.05,67.77,1,4,2,2,1,<rdkit.Chem.rdchem.Mol object at 0x000001CB274726C0>,False,False
TRZ02006,COc1cccn(Cc2nnc(C)c(C)n2)c1=O,246.27,0.71,69.9,0,5,3,2,1,<rdkit.Chem.rdchem.Mol object at 0x000001CB27472730>,False,False
TRZ02007,Cc1nnc(-c2csc(-c3ccncc3)n2)nc1C,269.33,2.67,64.45,0,6,2,3,1,<rdkit.Chem.rdchem.Mol object at 0x000001CB274727A0>,False,False
TRZ02008,Cc1nnc(CNc2ccc3c(c2)OCO3)nc1C,258.28,1.83,69.16,1,6,3,2,1,<rdkit.Chem.rdchem.Mol object at 0x000001CB27472810>,False,False
TRZ02009,Cc1nnc(-c2cc3c(s2)-c2ccccc2CC3)nc1C,293.39,3.98,38.67,0,4,1,3,1,<rdkit.Chem.rdchem.Mol object at 0x000001CB27472880>,False,False
TRZ02010,Cc1nnc(C(C)Oc2cccc3ccccc23)nc1C,279.34,3.78,47.9,0,4,3,3,1,<rdkit.Chem.rdchem.Mol object at 0x000001CB274728F0>,False,False
TRZ02011,Cc1nnc(C2C(=O)NCC2c2ccccc2)nc1C,268.32,1.49,67.77,1,4,2,2,1,<rdkit.Chem.rdchem.Mol object at 0x000001CB27472960>,False,False
TRZ02012,Cc1nnc(C(O)c2ccc(Cl)cc2)nc1C,249.7,2.22,58.9,1,4,2,2,1,<rdkit.Chem.rdchem.Mol object at 0x000001CB274729D0>,False,False
TRZ02015,Cc1nnc(CN2C(=O)COc3ccccc32)nc1C,270.29,1.41,68.21,0,5,2,2,1,<rdkit.Chem.rdchem.Mol object at 0x000001CB27472A40>,False,False
TRZ02016,Cc1nnc(-c2ccc(S(=O)(=O)N(C)C)cc2)nc1C,292.36,1.41,76.05,0,5,3,2,1,<rdkit.Chem.rdchem.Mol object at 0x000001CB27472AB0>,False,False
TRZ02017,Cc1nnc(-c2cnc(-c3nnc(C)c(C)n3)cn2)nc1C,294.32,1.41,103.12,0,8,2,3,2,<rdkit.Chem.rdchem.Mol object at 0x000001CB27472B20>,False,False
TRZ02018,Cc1nnc(/C=C/c2ccncc2)nc1C,212.26,2.05,51.56,0,4,2,2,1,<rdkit.Chem.rdchem.Mol object at 0x000001CB27472B90>,False,False
TRZ02019,CCCCOc1ccc(-c2nnc(C)c(C)n2)c(O)c1,273.34,3.04,68.13,1,5,5,2,1,<rdkit.Chem.rdchem.Mol object at 0x000001CB27472C00>,False,False
TRZ02021,Cc1nnc(-c2c(O)c3ccccc3[nH]c2=O)nc1C,268.28,1.7,91.76,2,5,1,3,1,<rdkit.Chem.rdchem.Mol object at 0x000001CB27472C70>,False,False
TRZ02022,CCOc1nc(-c2ccccc2)cc2c(O)c(-c3nnc(C)c(C)n3)[nH]c(=O)c12,389.42,3.16,113.88,2,7,4,4,1,<rdkit.Chem.rdchem.Mol object at 0x000001CB27472CE0>,False,False
TRZ02023,Cc1ccc(-c2ccc(-c3nnc(C)c(C)n3)c(C)n2)cc1,290.37,3.83,51.56,0,4,2,3,1,<rdkit.Chem.rdchem.Mol object at 0x000001CB27472D50>,False,False
TRZ02024,Cc1nnc(-c2cc(Br)ccc2O)nc1C,280.12,2.62,58.9,1,4,1,2,1,<rdkit.Chem.rdchem.Mol object at 0x000001CB27472DC0>,False,False
TRZ02025,Cc1ccc(O)c(-c2nnc(C)c(C)n2)c1,215.26,2.17,58.9,1,4,1,2,1,<rdkit.Chem.rdchem.Mol object at 0x000001CB27472E30>,False,False
TRZ02026,Cc1nnc(Cn2ccnc2)nc1C,189.22,0.73,56.49,0,4,2,2,1,<rdkit.Chem.rdchem.Mol object at 0x000001CB27472EA0>,False,False
TRZ02027,Cc1nnc(Cn2c([N+](=O)[O-])cnc2C)nc1C,248.25,0.95,99.63,0,6,3,2,1,<rdkit.Chem.rdchem.Mol object at 0x000001CB27472F10>,False,False
TRZ02028,COc1cc(CCc2nnc(C)c(C)n2)cc(OC)c1OC,303.36,2.3,66.36,0,6,6,2,1,<rdkit.Chem.rdchem.Mol object at 0x000001CB27472F80>,False,False
TRZ02029,Cc1nnc(-c2cc(Br)cc(Br)c2N)nc1C,358.04,3.26,64.69,1,4,1,2,1,<rdkit.Chem.rdchem.Mol object at 0x000001CB27472FF0>,False,False
TRZ02030,Cc1nnc(-c2cc3c(s2)-c2ccccc2OC3)nc1C,295.37,3.78,47.9,0,5,1,3,1,<rdkit.Chem.rdchem.Mol object at 0x000001CB27473060>,False,False
TRZ02031,Cc1nnc(COc2c(Cl)cccc2Cl)nc1C,284.15,3.37,47.9,0,4,3,2,1,<rdkit.Chem.rdchem.Mol object at 0x000001CB274730D0>,False,False
TRZ02032,Cc1nnc(CCn2c(C)nc3ccccc32)nc1C,267.34,2.39,56.49,0,4,3,3,1,<rdkit.Chem.rdchem.Mol object at 0x000001CB27473140>,False,False
TRZ02033,COc1ccc2[nH]c(-c3nnc(C)c(C)n3)cc2c1,254.29,2.65,63.69,1,4,2,3,1,<rdkit.Chem.rdchem.Mol object at 0x000001CB274731B0>,False,False
TRZ02034,Cc1nnc(CSc2ccccc2)nc1C,231.32,2.78,38.67,0,4,3,2,1,<rdkit.Chem.rdchem.Mol object at 0x000001CB27473220>,False,False
TRZ02035,COc1cc(N)c(-c2nnc(C)c(C)n2)cc1OC,260.3,1.75,83.15,1,6,3,2,1,<rdkit.Chem.rdchem.Mol object at 0x000001CB27473290>,False,False
TRZ02036,Cc1nnc(-c2sc3ccccc3c2N)nc1C,256.33,2.95,64.69,1,5,1,3,1,<rdkit.Chem.rdchem.Mol object at 0x000001CB27473300>,False,False
TRZ02037,CC(=O)Oc1ccccc1-c1nnc(C)c(C)n1,243.27,2.08,64.97,0,5,2,2,1,<rdkit.Chem.rdchem.Mol object at 0x000001CB27473370>,False,False
TRZ02038,Cc1nnc(-c2ccc(-c3ccc(-c4nnc(C)c(C)n4)cc3)cc2)nc1C,368.44,4.29,77.34,0,6,3,4,2,<rdkit.Chem.rdchem.Mol object at 0x000001CB274733E0>,False,False
TRZ02039,Cc1nnc(-c2ccc(N)c(O)c2)nc1C,216.24,1.44,84.92,2,5,1,2,1,<rdkit.Chem.rdchem.Mol object at 0x000001CB27473450>,False,False
TRZ02040,Cc1nnc(Cc2ccc(N)cc2)nc1C,214.27,1.66,64.69,1,4,2,2,1,<rdkit.Chem.rdchem.Mol object at 0x000001CB274734C0>,False,False
TRZ02041,Cc1nnc(C=Cc2ccccn2)nc1C,212.26,2.05,51.56,0,4,2,2,1,<rdkit.Chem.rdchem.Mol object at 0x000001CB27473530>,False,False
TRZ02042,Cc1nnc(/C(=C/c2cccc([N+](=O)[O-])c2)NC(=O)c2ccccc2)nc1C,375.39,3.32,110.91,1,6,5,3,1,<rdkit.Chem.rdchem.Mol object at 0x000001CB274735A0>,False,False
TRZ02043,Cc1nnc(/C(=C/c2ccc(Cl)cc2Cl)NC(=O)c2ccccc2)nc1C,399.28,4.72,67.77,1,4,4,3,1,<rdkit.Chem.rdchem.Mol object at 0x000001CB27473610>,False,False
TRZ02044,COc1ccc(Cl)cc1Nc1nc(C(F)(F)F)ccc1-c1nnc(C)c(C)n1,409.8,4.97,72.82,1,6,4,3,1,<rdkit.Chem.rdchem.Mol object at 0x000001CB27473680>,False,False
TRZ02045,COc1cc(-c2nnc(C)c(C)n2)ccc1COc1ccc(Cl)c(C)c1,369.85,4.7,57.13,0,5,5,3,1,<rdkit.Chem.rdchem.Mol object at 0x000001CB274736F0>,False,False
TRZ02046,Cc1nnc(CC2CSC(N3N=C(c4ccccc4)CC3c3c(F)cccc3F)=N2)nc1C,464.55,4.63,66.63,0,7,4,3,1,<rdkit.Chem.rdchem.Mol object at 0x000001CB27473760>,False,False
TRZ02047,Cc1nnc([C@H](C)N2C(=O)c3ccccc3C2=O)nc1C,282.3,1.85,76.05,0,5,2,2,1,<rdkit.Chem.rdchem.Mol object at 0x000001CB274737D0>,False,False
TRZ02048,Cc1nnc([C@H](Cc2ccccc2)N2C(=O)c3ccccc3C2=O)nc1C,358.4,3.07,76.05,0,5,4,3,1,<rdkit.Chem.rdchem.Mol object at 0x000001CB27473840>,False,False
TRZ02049,Cc1nnc(CCC(=O)Nc2ccc(Cl)cc2Cl)nc1C,325.2,3.37,67.77,1,4,4,2,1,<rdkit.Chem.rdchem.Mol object at 0x000001CB274738B0>,False,False
TRZ02050,CCOc1ccc(NC(=O)CCc2nnc(C)c(C)n2)cc1,300.36,2.46,77.0,1,5,6,2,1,<rdkit.Chem.rdchem.Mol object at 0x000001CB27473920>,False,False
TRZ02051,Cc1nnc(CNC(=O)c2ccc(Cl)cc2Cl)nc1C,311.17,2.73,67.77,1,4,3,2,1,<rdkit.Chem.rdchem.Mol object at 0x000001CB27473990>,False,False
TRZ02052,Cc1nnc(CCC(=O)Nc2c(C(C)C)cccc2C(C)C)nc1C,340.47,4.31,67.77,1,4,6,2,1,<rdkit.Chem.rdchem.Mol object at 0x000001CB27473A00>,False,False
TRZ02053,Cc1nnc(-c2ccc(N=Nc3c(C)nc4ccccn34)cc2)nc1C,343.39,4.53,80.69,0,6,3,4,1,<rdkit.Chem.rdchem.Mol object at 0x000001CB27473A70>,False,False
TRZ02054,CC(=O)c1cccc(NC(=O)C(=O)C(c2ccccc2)c2nnc(C)c(C)n2)c1,388.43,3.03,101.91,1,6,6,3,1,<rdkit.Chem.rdchem.Mol object at 0x000001CB27473AE0>,False,False
TRZ02055,Cc1ccc(N(C(=O)Cc2nnc(C)c(C)n2)C(=O)c2ccccc2Cl)cc1,394.86,3.87,76.05,0,5,4,3,1,<rdkit.Chem.rdchem.Mol object at 0x000001CB27473B50>,False,False
TRZ02056,Cc1nnc(-c2ccc(N(CCC#N)CCC#N)cc2)nc1C,306.37,2.79,89.49,0,6,6,2,1,<rdkit.Chem.rdchem.Mol object at 0x000001CB27473BC0>,False,False
TRZ02057,Cc1nnc(C2CCC(=O)N2S(=O)(=O)c2ccccc2)nc1C,332.39,1.54,93.12,0,6,3,2,1,<rdkit.Chem.rdchem.Mol object at 0x000001CB27473C30>,False,False
TRZ02058,Cc1nnc(C(Cc2ccccc2)NC(=O)C(C)(C)NC(=O)OCc2ccccc2)nc1C,447.54,3.59,106.1,2,6,8,3,1,<rdkit.Chem.rdchem.Mol object at 0x000001CB27473CA0>,False,False
TRZ02059,Cc1nnc(CC(=O)Nc2cccc(Cl)c2)nc1C,276.73,2.32,67.77,1,4,3,2,1,<rdkit.Chem.rdchem.Mol object at 0x000001CB27473D10>,False,False
TRZ02060,Cc1nnc(CC(=O)Nc2ccc(Cl)cc2)nc1C,276.73,2.32,67.77,1,4,3,2,1,<rdkit.Chem.rdchem.Mol object at 0x000001CB27473D80>,False,False
TRZ02061,COc1cccc(NC(=O)Cc2nnc(C)c(C)n2)c1,272.31,1.68,77.0,1,5,4,2,1,<rdkit.Chem.rdchem.Mol object at 0x000001CB27473DF0>,False,False
TRZ02062,Cc1nnc(CSc2nc3ccccc3c(=O)n2N)nc1C,314.37,1.2,99.58,1,7,3,3,1,<rdkit.Chem.rdchem.Mol object at 0x000001CB27473E60>,False,False
TRZ02063,Cc1nnc(/C(NC(=O)c2ccccc2)=C(\N)c2ccc(Cl)cc2)nc1C,379.85,3.36,93.79,2,5,4,3,1,<rdkit.Chem.rdchem.Mol object at 0x000001CB27473ED0>,False,False
TRZ02064,Cc1nnc(-c2ccccc2NC(=O)/C(=C/c2ccccc2)NC(=O)c2ccccc2)nc1C,449.51,4.57,96.87,2,5,6,4,1,<rdkit.Chem.rdchem.Mol object at 0x000001CB27473F40>,False,False
TRZ02065,Cc1nnc(/C=C/c2cccc(C#N)c2)nc1C,236.28,2.53,62.46,0,4,2,2,1,<rdkit.Chem.rdchem.Mol object at 0x000001CB27474040>,False,False
TRZ02066,COc1cccc(/C=C/c2nnc(C)c(C)n2)c1OC,271.32,2.68,57.13,0,5,4,2,1,<rdkit.Chem.rdchem.Mol object at 0x000001CB274740B0>,False,False
TRZ02067,Cc1nnc(/C=C/c2ccccc2[N+](=O)[O-])nc1C,256.26,2.57,81.81,0,5,3,2,1,<rdkit.Chem.rdchem.Mol object at 0x000001CB27474120>,False,False
TRZ02069,Cc1nnc(C2(NC(=O)c3ccccc3)CC2c2cccc(O)c2)nc1C,360.42,3.01,88.0,2,5,4,3,1,<rdkit.Chem.rdchem.Mol object at 0x000001CB27474190>,False,False
TRZ02070,Cc1nnc(C2(C#N)C(C#N)C2c2ccc(F)cc2)nc1C,293.31,2.33,86.25,0,5,2,2,1,<rdkit.Chem.rdchem.Mol object at 0x000001CB27474200>,False,False
TRZ02071,Cc1nnc(-c2cc3ccccc3n2Cc2ccccc2)nc1C,314.39,4.16,43.6,0,3,3,4,1,<rdkit.Chem.rdchem.Mol object at 0x000001CB27474270>,False,False
TRZ02072,CCn1cc(-c2nnc(C)c(C)n2)c(=O)c2cc(F)c(N3CCSCC3)cc21,399.5,3.18,63.91,0,6,3,3,1,<rdkit.Chem.rdchem.Mol object at 0x000001CB274742E0>,False,False
TRZ02073,Cc1nnc(C(C)Oc2cccc(C(F)(F)F)c2)nc1C,297.28,3.65,47.9,0,4,3,2,1,<rdkit.Chem.rdchem.Mol object at 0x000001CB27474350>,False,False
TRZ02074,Cc1nnc(C(C)Oc2ccc(F)cc2Cl)nc1C,281.72,3.42,47.9,0,4,3,2,1,<rdkit.Chem.rdchem.Mol object at 0x000001CB274743C0>,False,False
TRZ02075,Cc1nnc(C(C)Oc2ccc(F)cc2F)nc1C,265.26,2.91,47.9,0,4,3,2,1,<rdkit.Chem.rdchem.Mol object at 0x000001CB27474430>,False,False
TRZ02076,CCCCS(=O)(=O)Nc1ccccc1-c1nnc(C)c(C)n1,320.42,2.7,84.84,1,5,6,2,1,<rdkit.Chem.rdchem.Mol object at 0x000001CB274744A0>,False,False
TRZ02077,Cc1nnc(-c2nsnc2N)nc1C,208.25,0.59,90.47,1,7,1,2,1,<rdkit.Chem.rdchem.Mol object at 0x000001CB27474510>,False,False
TRZ02078,Cc1nnc(CNc2ccc(F)cc2F)nc1C,250.25,2.38,50.7,1,4,3,2,1,<rdkit.Chem.rdchem.Mol object at 0x000001CB27474580>,False,False
TRZ02079,Cc1nnc(CNc2cccc(F)c2)nc1C,232.26,2.24,50.7,1,4,3,2,1,<rdkit.Chem.rdchem.Mol object at 0x000001CB274745F0>,False,False
TRZ02080,Cc1nnc(CNc2ccc(F)c(F)c2)nc1C,250.25,2.38,50.7,1,4,3,2,1,<rdkit.Chem.rdchem.Mol object at 0x000001CB27474660>,False,False
TRZ02081,Cc1nnc(CNc2ccc(F)c(C(F)(F)F)c2)nc1C,300.26,3.26,50.7,1,4,3,2,1,<rdkit.Chem.rdchem.Mol object at 0x000001CB274746D0>,False,False
TRZ02082,Cc1nnc(-c2cccc(F)n2)nc1C,204.21,1.69,51.56,0,4,1,2,1,<rdkit.Chem.rdchem.Mol object at 0x000001CB27474740>,False,False
TRZ02083,Cc1nnc(-c2sc3cc(F)ccc3c2Cl)nc1C,293.75,4.16,38.67,0,4,1,3,1,<rdkit.Chem.rdchem.Mol object at 0x000001CB274747B0>,False,False
TRZ02084,Cc1nnc(Cc2ccc(C(F)(F)F)cc2[N+](=O)[O-])nc1C,312.25,3.01,81.81,0,5,3,2,1,<rdkit.Chem.rdchem.Mol object at 0x000001CB27474820>,False,False
TRZ02085,Cc1nnc(-c2ccccc2OCc2ccc(F)cc2)nc1C,309.34,3.87,47.9,0,4,4,3,1,<rdkit.Chem.rdchem.Mol object at 0x000001CB27474890>,False,False
TRZ02086,Cc1nnc(-c2c(C)noc2-c2ccc(C(F)(F)F)cc2)nc1C,334.3,4.14,64.7,0,5,2,3,1,<rdkit.Chem.rdchem.Mol object at 0x000001CB27474900>,False,False
TRZ02088,Cc1nnc(-c2nn(C)c(C(F)(F)F)c2Br)nc1C,336.12,2.67,56.49,0,4,1,2,1,<rdkit.Chem.rdchem.Mol object at 0x000001CB27474970>,False,False
TRZ02089,Cc1nnc(C(=O)NCc2ccccc2F)nc1C,260.27,1.56,67.77,1,4,3,2,1,<rdkit.Chem.rdchem.Mol object at 0x000001CB274749E0>,False,False
TRZ02090,Cc1nnc(C(=O)NCc2cccc(F)c2)nc1C,260.27,1.56,67.77,1,4,3,2,1,<rdkit.Chem.rdchem.Mol object at 0x000001CB27474A50>,False,False
TRZ02091,Cc1nnc(C(=O)NCc2cccc(C(F)(F)F)c2)nc1C,310.28,2.44,67.77,1,4,3,2,1,<rdkit.Chem.rdchem.Mol object at 0x000001CB27474AC0>,False,False
TRZ02092,Cc1nnc(C(=O)NCc2ccc(C(F)(F)F)cc2)nc1C,310.28,2.44,67.77,1,4,3,2,1,<rdkit.Chem.rdchem.Mol object at 0x000001CB27474B30>,False,False
TRZ02093,Cc1nnc(C(=O)NCc2cccc(OC(F)(F)F)c2)nc1C,326.28,2.32,77.0,1,5,4,2,1,<rdkit.Chem.rdchem.Mol object at 0x000001CB27474BA0>,False,False
TRZ02094,Cc1nnc(CCC(=O)NCc2ccc(Cl)c(C(F)(F)F)c2)nc1C,372.78,3.41,67.77,1,4,5,2,1,<rdkit.Chem.rdchem.Mol object at 0x000001CB27474C10>,False,False
TRZ02095,Cc1nnc(C(=O)NCc2ccc(Cl)c(C(F)(F)F)c2)nc1C,344.72,3.09,67.77,1,4,3,2,1,<rdkit.Chem.rdchem.Mol object at 0x000001CB27474C80>,False,False
TRZ02096,Cc1nnc(C(=O)NCc2ccc(F)c(C(F)(F)F)c2)nc1C,328.27,2.58,67.77,1,4,3,2,1,<rdkit.Chem.rdchem.Mol object at 0x000001CB27474CF0>,False,False
TRZ02097,Cc1cc(CNC(=O)c2nnc(C)c(C)n2)ccc1F,274.3,1.87,67.77,1,4,3,2,1,<rdkit.Chem.rdchem.Mol object at 0x000001CB27474D60>,False,False
TRZ02098,Cc1nnc(CCC(=O)NCc2ccc(F)c(C(F)(F)F)c2)nc1C,356.32,2.9,67.77,1,4,5,2,1,<rdkit.Chem.rdchem.Mol object at 0x000001CB27474DD0>,False,False
TRZ02099,Cc1nnc(C(=O)NCc2cc(F)c(F)c(F)c2)nc1C,296.25,1.84,67.77,1,4,3,2,1,<rdkit.Chem.rdchem.Mol object at 0x000001CB27474E40>,False,False
TRZ02100,Cc1ccc(CNC(=O)c2nnc(C)c(C)n2)cc1F,274.3,1.87,67.77,1,4,3,2,1,<rdkit.Chem.rdchem.Mol object at 0x000001CB27474EB0>,False,False
TRZ02101,Cc1nnc(C(=O)NCc2ccc(Cl)cc2F)nc1C,294.72,2.21,67.77,1,4,3,2,1,<rdkit.Chem.rdchem.Mol object at 0x000001CB27474F20>,False,False
TRZ02102,Cc1nnc(C(=O)NCc2cc(C(F)(F)F)cc(C(F)(F)F)c2)nc1C,378.28,3.46,67.77,1,4,3,2,1,<rdkit.Chem.rdchem.Mol object at 0x000001CB27474F90>,False,False
TRZ02103,Cc1nnc(C(=O)NCc2cc(F)cc(F)c2)nc1C,278.26,1.7,67.77,1,4,3,2,1,<rdkit.Chem.rdchem.Mol object at 0x000001CB27475000>,False,False
TRZ02104,Cc1ccc(F)cc1CNC(=O)c1nnc(C)c(C)n1,274.3,1.87,67.77,1,4,3,2,1,<rdkit.Chem.rdchem.Mol object at 0x000001CB27475070>,False,False
TRZ02105,CO/N=C(/c1nnc(C)c(C)n1)c1ccccc1COc1cc(C)ccc1C,376.46,4.08,69.49,0,6,6,3,1,<rdkit.Chem.rdchem.Mol object at 0x000001CB274750E0>,False,False
TRZ02106,COC(=O)c1ccc(-c2nnc(C)c(C)n2)cc1-n1c(C)ccc1C,336.4,3.35,69.9,0,5,3,3,1,<rdkit.Chem.rdchem.Mol object at 0x000001CB27475150>,False,False
TRZ02107,Cc1nnc(C(=O)NCc2ccc(OC(F)(F)F)cc2)nc1C,326.28,2.32,77.0,1,5,4,2,1,<rdkit.Chem.rdchem.Mol object at 0x000001CB274751C0>,False,False
TRZ02108,Cc1nnc(-c2cnc3[nH]nc(N4C[C@@H](F)C[C@@H]4c4cc(F)ccc4F)c3c2)nc1C,425.42,3.99,83.48,1,6,3,4,1,<rdkit.Chem.rdchem.Mol object at 0x000001CB27475230>,False,False
TRZ02109,Cc1nnc(-c2cccc(OC(F)(F)C(F)F)c2)nc1C,301.24,3.39,47.9,0,4,4,2,1,<rdkit.Chem.rdchem.Mol object at 0x000001CB274752A0>,False,False
TRZ02110,COCCOc1cccc(-c2nnc(C)c(C)n2)c1,259.31,2.18,57.13,0,5,5,2,1,<rdkit.Chem.rdchem.Mol object at 0x000001CB27475310>,False,False
TRZ02112,Cc1nnc(Cn2cnc3c2c(=O)[nH]c(=O)n3C)nc1C,287.28,-0.73,111.35,1,6,2,3,1,<rdkit.Chem.rdchem.Mol object at 0x000001CB274753F0>,False,False
TRZ02113,COc1ccc(N2Cc3ccc(-c4nnc(C)c(C)n4)cc3C2)cc1,332.41,3.68,51.14,0,5,3,3,1,<rdkit.Chem.rdchem.Mol object at 0x000001CB27475460>,False,False
TRZ02114,Cc1nnc(-c2[nH]c3ccccc3c2Cl)nc1C,258.71,3.29,54.46,1,3,1,3,1,<rdkit.Chem.rdchem.Mol object at 0x000001CB274754D0>,False,False
TRZ02117,Cc1nnc(-c2nc(N3CCC(C)(N)CC3)nc(N)c2-c2cccc(Cl)c2Cl)nc1C,459.39,3.82,119.73,2,8,3,3,1,<rdkit.Chem.rdchem.Mol object at 0x000001CB27475540>,False,False
TRZ02118,CCn1cc(-c2nnc(C)c(C)n2)c(=O)c2ccc(-c3ccccc3)cc21,356.43,4.16,60.67,0,4,3,4,1,<rdkit.Chem.rdchem.Mol object at 0x000001CB274755B0>,False,False
TRZ02120,CCN1c2ncc(CCOc3ccc(-c4nnc(C)c(C)n4)cc3C)cc2C(=O)N(C)c2cccnc21,495.59,4.62,97.23,0,8,6,4,1,<rdkit.Chem.rdchem.Mol object at 0x000001CB27475620>,False,False
TRZ02121,COc1ccc2c(c1)c(Cc1nnc(C)c(C)n1)c(C)n2C(=O)c1ccc(Cl)cc1,420.9,4.69,69.9,0,5,4,4,1,<rdkit.Chem.rdchem.Mol object at 0x000001CB27475690>,False,False
TRZ02122,COc1cc2ccccc2cc1-c1nnc(C)c(C)n1,265.32,3.32,47.9,0,4,2,3,1,<rdkit.Chem.rdchem.Mol object at 0x000001CB27475700>,False,False
TRZ02123,CCOc1ccc(C(C)Cc2nnc(C)c(C)n2)c(O)c1,287.36,2.94,68.13,1,5,5,2,1,<rdkit.Chem.rdchem.Mol object at 0x000001CB27475770>,False,False
TRZ02124,Cc1nnc(CCn2cnc3ccccc32)nc1C,253.31,2.08,56.49,0,4,3,3,1,<rdkit.Chem.rdchem.Mol object at 0x000001CB274757E0>,False,False
TRZ02125,CC(=O)Nc1ccc(OCc2nnc(C)c(C)n2)cc1,272.31,2.03,77.0,1,5,4,2,1,<rdkit.Chem.rdchem.Mol object at 0x000001CB27475850>,False,False
TRZ02126,Cc1nnc(CCC(=O)Nc2ccccc2Cl)nc1C,290.75,2.71,67.77,1,4,4,2,1,<rdkit.Chem.rdchem.Mol object at 0x000001CB274758C0>,False,False
TRZ02127,Cc1nnc(Cc2ccc(Cl)c(Cl)c2)nc1C,268.15,3.39,38.67,0,3,2,2,1,<rdkit.Chem.rdchem.Mol object at 0x000001CB27475930>,False,False
TRZ02128,Cc1ncc([N+](=O)[O-])cc1-c1nnc(C)c(C)n1,245.24,1.77,94.7,0,6,2,2,1,<rdkit.Chem.rdchem.Mol object at 0x000001CB274759A0>,False,False
TRZ02129,Cc1nnc(CNC(=O)CNC(=O)c2ccccc2)nc1C,299.33,0.53,96.87,2,5,5,2,1,<rdkit.Chem.rdchem.Mol object at 0x000001CB27475A10>,False,False
TRZ02130,Cc1ccc(NCc2nnc(C)c(C)n2)c(C)c1,242.33,2.72,50.7,1,4,3,2,1,<rdkit.Chem.rdchem.Mol object at 0x000001CB27475A80>,False,False
TRZ02131,Cc1nnc(-c2cc(-c3ccc4c(c3)OCO4)n[nH]2)nc1C,295.3,2.27,85.81,1,6,2,3,1,<rdkit.Chem.rdchem.Mol object at 0x000001CB27475AF0>,False,False
TRZ02132,Cc1nnc(-c2cc(-c3ccc(OCc4ccccc4Cl)cc3)n[nH]2)nc1C,391.86,4.78,76.58,1,5,5,4,1,<rdkit.Chem.rdchem.Mol object at 0x000001CB27475B60>,False,False
TRZ02133,Cc1nnc(COc2ccccc2O)nc1C,231.25,1.77,68.13,1,5,3,2,1,<rdkit.Chem.rdchem.Mol object at 0x000001CB27475BD0>,False,False
TRZ02134,Cc1nnc(-c2cc3c(s2)CCCC3)nc1C,245.35,3.1,38.67,0,4,1,2,1,<rdkit.Chem.rdchem.Mol object at 0x000001CB27475C40>,False,False
TRZ02135,CCCCn1nc(-c2nnc(C)c(C)n2)c2ccccc2c1=O,309.37,2.67,73.56,0,5,4,3,1,<rdkit.Chem.rdchem.Mol object at 0x000001CB27475CB0>,False,False
TRZ02136,Cc1nnc(-c2nc(-c3ccccc3)n(-c3ccccc3)n2)nc1C,328.38,3.4,69.38,0,5,3,4,1,<rdkit.Chem.rdchem.Mol object at 0x000001CB27475D20>,False,False
TRZ02137,CCCCOc1cccc(-c2nnc(C)c(C)n2)c1,257.34,3.33,47.9,0,4,5,2,1,<rdkit.Chem.rdchem.Mol object at 0x000001CB27475D90>,False,False
TRZ02138,Cc1nnc(Cc2csc(C(C)(C)C)n2)nc1C,262.38,2.83,51.56,0,5,2,2,1,<rdkit.Chem.rdchem.Mol object at 0x000001CB27475E00>,False,False
TRZ02139,COc1ccccc1-n1ncc(-c2nnc(C)c(C)n2)c1C(F)(F)F,349.32,3.37,65.72,0,5,3,3,1,<rdkit.Chem.rdchem.Mol object at 0x000001CB27475E70>,False,False
TRZ02140,Cc1ccc(NS(=O)(=O)c2cccc(-c3nnc(C)c(C)n3)c2)c(C)c1,368.46,3.57,84.84,1,5,4,3,1,<rdkit.Chem.rdchem.Mol object at 0x000001CB27475EE0>,False,False
TRZ02141,CCC(c1nnc(C)c(C)n1)n1ncc2ccccc2c1=O,295.35,2.2,73.56,0,5,3,3,1,<rdkit.Chem.rdchem.Mol object at 0x000001CB27475F50>,False,False
TRZ02142,Cc1nnc(-c2cc(F)c(F)cc2Cl)nc1C,255.65,3.09,38.67,0,3,1,2,1,<rdkit.Chem.rdchem.Mol object at 0x000001CB27475FC0>,False,False
TRZ02143,Cc1nnc(-c2sc3cc([N+](=O)[O-])ccc3c2Cl)nc1C,320.76,3.93,81.81,0,6,2,3,1,<rdkit.Chem.rdchem.Mol object at 0x000001CB27476030>,False,False
TRZ02144,Cc1nnc(CCn2nc(-c3ccccc3)c3ccccc3c2=O)nc1C,357.42,3.11,73.56,0,5,4,4,1,<rdkit.Chem.rdchem.Mol object at 0x000001CB274760A0>,False,False
TRZ02145,Cc1nnc(Cc2csc(N3CCOCC3)n2)nc1C,291.38,1.37,64.03,0,7,3,2,1,<rdkit.Chem.rdchem.Mol object at 0x000001CB27476110>,False,False
TRZ02146,Cc1nnc(-c2cc3c(s2)CCC(C(C)(C)C)C3)nc1C,301.46,4.37,38.67,0,4,1,2,1,<rdkit.Chem.rdchem.Mol object at 0x000001CB27476180>,False,False
TRZ02147,Cc1nc(C(F)(F)F)c(-c2nnc(C)c(C)n2)s1,274.27,2.94,51.56,0,5,1,2,1,<rdkit.Chem.rdchem.Mol object at 0x000001CB274761F0>,False,False
TRZ02148,Cc1nnc(-c2cnn(-c3ccc(F)cc3)c2N)nc1C,284.3,2.06,82.51,1,5,2,3,1,<rdkit.Chem.rdchem.Mol object at 0x000001CB27476260>,False,False
TRZ02149,Cc1nnc(-c2cnn(-c3ccc(Br)cc3)c2N)nc1C,345.2,2.69,82.51,1,5,2,3,1,<rdkit.Chem.rdchem.Mol object at 0x000001CB274762D0>,False,False
TRZ02150,Cc1cc(-c2nnc(C)c(C)n2)n(Cc2ccc(F)cc2)n1,297.34,2.85,56.49,0,4,3,3,1,<rdkit.Chem.rdchem.Mol object at 0x000001CB27476340>,False,False
TRZ02151,Cc1nnc(-c2cnn(-c3ccccc3F)c2C)nc1C,283.31,2.79,56.49,0,4,2,3,1,<rdkit.Chem.rdchem.Mol object at 0x000001CB274763B0>,False,False
TRZ02152,COc1ccc(-n2ncc(-c3nnc(C)c(C)n3)c2C)cc1,295.35,2.66,65.72,0,5,3,3,1,<rdkit.Chem.rdchem.Mol object at 0x000001CB27476420>,False,False
TRZ02153,CCOc1ccc(-c2nnc(C)c(C)n2)c(O)c1,245.28,2.26,68.13,1,5,3,2,1,<rdkit.Chem.rdchem.Mol object at 0x000001CB27476490>,False,False
TRZ02154,Cc1ccccc1-n1c(SCc2nnc(C)c(C)n2)nc2ccccc2c1=O,389.48,3.79,73.56,0,6,4,4,1,<rdkit.Chem.rdchem.Mol object at 0x000001CB27476500>,False,False
TRZ02155,CCc1ccc(-c2cc(-c3nnc(C)c(C)n3)[nH]n2)cc1,279.35,3.11,67.35,1,4,3,3,1,<rdkit.Chem.rdchem.Mol object at 0x000001CB27476570>,False,False
TRZ02156,Cc1cc(-c2nnc(C)c(C)n2)n(Cc2cc(Cl)ccc2Cl)n1,348.24,4.02,56.49,0,4,3,3,1,<rdkit.Chem.rdchem.Mol object at 0x000001CB274765E0>,False,False
TRZ02157,Cc1nnc(-c2cc(-c3ccc(F)cc3)n[nH]2)nc1C,269.28,2.68,67.35,1,4,2,3,1,<rdkit.Chem.rdchem.Mol object at 0x000001CB27476650>,False,False
TRZ02158,Cc1nnc(-c2cc(-c3ccc(OCc4ccccc4)cc3)n[nH]2)nc1C,357.42,4.12,76.58,1,5,5,4,1,<rdkit.Chem.rdchem.Mol object at 0x000001CB274766C0>,False,False
TRZ02159,Cc1nnc(-c2cc(-c3ccc(OCc4ccc(Cl)cc4)cc3)n[nH]2)nc1C,391.86,4.78,76.58,1,5,5,4,1,<rdkit.Chem.rdchem.Mol object at 0x000001CB27476730>,False,False
TRZ02160,Cc1ccccc1-n1ncc(-c2nnc(C)c(C)n2)c1C,279.35,2.96,56.49,0,4,2,3,1,<rdkit.Chem.rdchem.Mol object at 0x000001CB274767A0>,False,False
TRZ02161,Cc1nnc(CCn2ncc3ccccc3c2=O)nc1C,281.32,1.44,73.56,0,5,3,3,1,<rdkit.Chem.rdchem.Mol object at 0x000001CB27476810>,False,False
TRZ02162,Cc1nnc(-c2cnn(-c3cccc(Cl)c3)c2C)nc1C,299.77,3.3,56.49,0,4,2,3,1,<rdkit.Chem.rdchem.Mol object at 0x000001CB27476880>,False,False
TRZ02163,Cc1cc(-c2nnc(C)c(C)n2)n(Cc2ccc(Cl)cc2)n1,313.79,3.36,56.49,0,4,3,3,1,<rdkit.Chem.rdchem.Mol object at 0x000001CB274768F0>,False,False
TRZ02164,Cc1ccc(N/N=C(\c2nnc(C)c(C)n2)S(=O)(=O)c2ccc(Cl)cc2)cc1,415.91,3.7,97.2,1,7,4,3,1,<rdkit.Chem.rdchem.Mol object at 0x000001CB27476960>,False,False
TRZ02165,Cc1nnc(-c2[nH]ncc2Br)nc1C,254.09,1.64,67.35,1,4,1,2,1,<rdkit.Chem.rdchem.Mol object at 0x000001CB274769D0>,False,False
TRZ02166,Cc1nnc([C@@H](C)Oc2ccc(O)cc2)nc1C,245.28,2.33,68.13,1,5,3,2,1,<rdkit.Chem.rdchem.Mol object at 0x000001CB27476A40>,False,False
TRZ02167,Cc1nnc(Cn2c(C)csc2=O)nc1C,236.3,1.07,60.67,0,5,2,2,1,<rdkit.Chem.rdchem.Mol object at 0x000001CB27476AB0>,False,False
TRZ02168,Cc1nnc(-c2ccc(-c3ccc(Br)cc3)s2)nc1C,346.25,4.65,38.67,0,4,2,3,1,<rdkit.Chem.rdchem.Mol object at 0x000001CB27476B20>,False,False
TRZ02169,Cc1ccc(-n2c(SCc3nnc(C)c(C)n3)nnc2-c2ccc(Cl)cc2)cc1,422.95,4.99,69.38,0,6,5,4,1,<rdkit.Chem.rdchem.Mol object at 0x000001CB27476B90>,False,False
TRZ02171,Cc1nnc(CN2CCN(Cc3ccccc3Cl)CC2)nc1C,331.85,2.46,45.15,0,5,4,2,1,<rdkit.Chem.rdchem.Mol object at 0x000001CB27476C00>,False,False
TRZ02172,Cc1ccc(S(=O)(=O)N2CCN(Cc3nnc(C)c(C)n3)CC2)cc1,361.47,1.3,79.29,0,6,4,2,1,<rdkit.Chem.rdchem.Mol object at 0x000001CB27476C70>,False,False
TRZ02173,Cc1ccc(-n2c(SCc3nnc(C)c(C)n3)nnc2-c2ccncc2)cc1,389.49,3.73,82.27,0,7,5,4,1,<rdkit.Chem.rdchem.Mol object at 0x000001CB27476CE0>,False,False
TRZ02174,Cc1ccc(C)c(-c2cc(-c3nnc(C)c(C)n3)[nH]n2)c1,279.35,3.16,67.35,1,4,2,3,1,<rdkit.Chem.rdchem.Mol object at 0x000001CB27476D50>,False,False
TRZ02175,Cc1nnc(-c2ccc(F)cc2Br)nc1C,282.12,3.06,38.67,0,3,1,2,1,<rdkit.Chem.rdchem.Mol object at 0x000001CB27476DC0>,False,False
TRZ02176,Cc1nnc(C2CCN2Cc2ccccc2)nc1C,254.34,2.44,41.91,0,4,3,2,1,<rdkit.Chem.rdchem.Mol object at 0x000001CB27476E30>,False,False
TRZ02177,Cc1nnc(-c2ccc(CO)o2)nc1C,205.22,1.24,72.04,1,5,2,2,1,<rdkit.Chem.rdchem.Mol object at 0x000001CB27476EA0>,False,False
TRZ02178,Cc1nnc([C@H](N)Cc2ccccc2)nc1C,228.3,1.73,64.69,1,4,3,2,1,<rdkit.Chem.rdchem.Mol object at 0x000001CB27476F10>,False,False
TRZ02179,Cc1nnc(-c2cc(N)ccc2F)nc1C,218.23,1.88,64.69,1,4,1,2,1,<rdkit.Chem.rdchem.Mol object at 0x000001CB27476F80>,False,False
TRZ02180,Cc1ccc(OCc2nnc(C)c(C)n2)cn1,230.27,1.77,60.79,0,5,3,2,1,<rdkit.Chem.rdchem.Mol object at 0x000001CB27476FF0>,False,False
TRZ02181,COc1ccc(Br)c(-c2nnc(C)c(C)n2)c1C,308.18,3.23,47.9,0,4,2,2,1,<rdkit.Chem.rdchem.Mol object at 0x000001CB27477060>,False,False
TRZ02182,Cc1nnc(-c2ncoc2C(C)(C)C)nc1C,232.29,2.44,64.7,0,5,1,2,1,<rdkit.Chem.rdchem.Mol object at 0x000001CB274770D0>,False,False
TRZ02183,Cc1nnc([C@@H](C)NC(=O)OCc2ccccc2)nc1C,286.34,2.48,77.0,1,5,4,2,1,<rdkit.Chem.rdchem.Mol object at 0x000001CB27477140>,False,False
TRZ02184,Cc1nnc([C@@H]2CCCO[C@H]2c2nccn2C)nc1C,273.34,1.86,65.72,0,5,2,2,1,<rdkit.Chem.rdchem.Mol object at 0x000001CB274771B0>,False,False
TRZ02185,Cc1nnc(C2CN(Cc3ccccc3)CC(C)O2)nc1C,298.39,2.45,51.14,0,5,3,2,1,<rdkit.Chem.rdchem.Mol object at 0x000001CB27477220>,False,False
TRZ02186,Cc1cccc(O)c1-c1nnc(C)c(C)n1,215.26,2.17,58.9,1,4,1,2,1,<rdkit.Chem.rdchem.Mol object at 0x000001CB27477290>,False,False
TRZ02187,Cc1nnc(-c2ncsc2Br)nc1C,271.14,2.37,51.56,0,5,1,2,1,<rdkit.Chem.rdchem.Mol object at 0x000001CB27477300>,False,False
TRZ02188,Cc1nnc([C@H](C)Oc2ccccc2)nc1C,229.28,2.63,47.9,0,4,3,2,1,<rdkit.Chem.rdchem.Mol object at 0x000001CB27477370>,False,False
TRZ02189,COc1ccc(NC(=O)C(=O)O)cc1-c1nnc(C)c(C)n1,302.29,1.19,114.3,2,6,3,2,1,<rdkit.Chem.rdchem.Mol object at 0x000001CB274773E0>,False,False
TRZ02190,CNc1cccc(-c2nnc(C)c(C)n2)c1,214.27,2.2,50.7,1,4,2,2,1,<rdkit.Chem.rdchem.Mol object at 0x000001CB27477450>,False,False
TRZ02191,Cc1nnc(CNCc2ccc(N)cc2[N+](=O)[O-])nc1C,288.31,1.27,119.86,2,7,5,2,1,<rdkit.Chem.rdchem.Mol object at 0x000001CB274774C0>,False,False
TRZ02192,Cc1nnc(CNC(=O)c2ccccc2N=[N+]=[N-])nc1C,283.3,2.36,116.53,1,5,4,2,1,<rdkit.Chem.rdchem.Mol object at 0x000001CB27477530>,False,False
TRZ02193,Cc1nnc(-c2cc3oc(-c4cccc(C(F)(F)F)c4)cc3[nH]2)nc1C,358.32,4.92,67.6,1,4,2,4,1,<rdkit.Chem.rdchem.Mol object at 0x000001CB274775A0>,False,False
TRZ02194,Cc1nnc(C2CC(=O)N(c3ccc(F)cc3)C2)nc1C,286.31,2.15,58.98,0,4,2,2,1,<rdkit.Chem.rdchem.Mol object at 0x000001CB27477610>,False,False
TRZ02195,CC(=O)N/N=C(/c1ccccc1)c1nnc(C)c(C)n1,269.31,1.38,80.13,1,5,3,2,1,<rdkit.Chem.rdchem.Mol object at 0x000001CB27477680>,False,False
TRZ02196,Cc1nnc(-c2cc(=O)c3cc(F)ccc3[nH]2)nc1C,270.27,2.14,71.53,1,4,1,3,1,<rdkit.Chem.rdchem.Mol object at 0x000001CB274776F0>,False,False
TRZ02197,Cc1nnc(-c2c(O)c3cc(F)cc4c3n(c2=O)C(C)CC4)nc1C,340.36,2.82,80.9,1,5,1,3,1,<rdkit.Chem.rdchem.Mol object at 0x000001CB27477760>,False,False
TRZ02198,Cc1nnc(-c2cc(-c3ccc(C(F)(F)F)cc3)n(C)n2)nc1C,333.32,3.57,56.49,0,4,2,3,1,<rdkit.Chem.rdchem.Mol object at 0x000001CB274777D0>,False,False
TRZ02199,Cc1nnc(Cn2ccc3ccc(F)cc32)nc1C,256.28,2.63,43.6,0,3,2,3,1,<rdkit.Chem.rdchem.Mol object at 0x000001CB27477840>,False,False
TRZ02200,COc1cc(-c2nnc(C)c(C)n2)nc2ccc(F)cc12,284.29,2.85,60.79,0,5,2,3,1,<rdkit.Chem.rdchem.Mol object at 0x000001CB274778B0>,False,False
TRZ02201,COc1cc(F)c(-c2nnc(C)c(C)n2)c(F)c1,251.24,2.44,47.9,0,4,2,2,1,<rdkit.Chem.rdchem.Mol object at 0x000001CB27477920>,False,False
TRZ02202,Cc1nnc(-c2ncoc2C(F)(F)F)nc1C,244.18,2.16,64.7,0,5,1,2,1,<rdkit.Chem.rdchem.Mol object at 0x000001CB27477990>,False,False
TRZ02204,CCOC(=O)c1cn(Cc2nnc(C)c(C)n2)c2cc(Cl)c(F)cc2c1=O,390.8,2.82,86.97,0,6,4,3,1,<rdkit.Chem.rdchem.Mol object at 0x000001CB27477A70>,False,False
TRZ02205,CC(=O)Nc1cccc(F)c1-c1nnc(C)c(C)n1,260.27,2.25,67.77,1,4,2,2,1,<rdkit.Chem.rdchem.Mol object at 0x000001CB27477AE0>,False,False
TRZ02206,Cc1nnc(CC(c2ccc(F)cc2)c2ccco2)nc1C,297.33,3.6,51.81,0,4,4,3,1,<rdkit.Chem.rdchem.Mol object at 0x000001CB27477B50>,False,False
TRZ02207,Cc1nnc(-c2nnn(-c3cc(C(F)(F)F)nc4c(C(F)(F)F)cccc34)c2C)nc1C,453.35,4.63,82.27,0,6,2,4,1,<rdkit.Chem.rdchem.Mol object at 0x000001CB27477BC0>,False,False
TRZ02208,Cc1nnc(Cc2cc(F)c(F)cc2F)nc1C,253.23,2.5,38.67,0,3,2,2,1,<rdkit.Chem.rdchem.Mol object at 0x000001CB27477C30>,False,False
TRZ02209,Cc1nnc(C2CC(=O)N(c3cccc(F)c3)C2)nc1C,286.31,2.15,58.98,0,4,2,2,1,<rdkit.Chem.rdchem.Mol object at 0x000001CB27477CA0>,False,False
TRZ02210,Cc1nnc(C2CC(=O)N(c3cccc(C(F)(F)F)c3)C2)nc1C,336.32,3.03,58.98,0,4,2,2,1,<rdkit.Chem.rdchem.Mol object at 0x000001CB27477D10>,False,False
TRZ02211,Cc1nnc(C(c2ccc(F)cc2)=[P+]([O-])O)nc1C,279.21,0.86,81.96,1,5,2,2,1,<rdkit.Chem.rdchem.Mol object at 0x000001CB27477D80>,False,False
TRZ02212,Cc1nnc(-c2ccc3c(c2)COC3c2ccc(F)cc2)nc1C,321.36,3.91,47.9,0,4,2,3,1,<rdkit.Chem.rdchem.Mol object at 0x000001CB27477DF0>,False,False
TRZ02213,Cc1nnc(Cn2c(Cc3ccc(F)cc3)nc3ccccc32)nc1C,347.4,3.62,56.49,0,4,4,4,1,<rdkit.Chem.rdchem.Mol object at 0x000001CB27477E60>,False,False
TRZ02214,Cc1nnc(C(C)C2(F)C=CC(c3ccccc3)=CC2)nc1C,309.39,4.34,38.67,0,3,3,2,1,<rdkit.Chem.rdchem.Mol object at 0x000001CB27477ED0>,False,False
TRZ02215,Cc1nnc(C(C)c2cc(-c3ccccc3)ccc2F)nc1C,307.37,4.45,38.67,0,3,3,3,1,<rdkit.Chem.rdchem.Mol object at 0x000001CB27477F40>,False,False
TRZ02217,CC1=C(c2nnc(C)c(C)n2)C(c2ccccc2F)NC(=O)N1,313.34,2.41,79.8,2,4,2,2,1,<rdkit.Chem.rdchem.Mol object at 0x000001CB27478040>,False,False
TRZ02218,Cc1nnc(Cn2c(C3CC(=O)N(c4ccc(F)cc4)C3)nc3ccccc32)nc1C,416.46,3.55,76.8,0,5,4,4,1,<rdkit.Chem.rdchem.Mol object at 0x000001CB274780B0>,False,False
TRZ02219,COc1ccc(-c2cc(-c3nnc(C)c(C)n3)no2)cc1F,300.29,2.96,73.93,0,6,3,3,1,<rdkit.Chem.rdchem.Mol object at 0x000001CB27478120>,False,False
TRZ02220,Cc1nnc(-c2cc3ccc(C(F)(F)F)nc3o2)nc1C,294.24,3.32,64.7,0,5,1,3,1,<rdkit.Chem.rdchem.Mol object at 0x000001CB27478190>,False,False
TRZ02221,Cc1nnc(Cn2nc(N3CCN(c4ccccc4F)CC3)ccc2=O)nc1C,395.44,1.56,80.04,0,7,4,3,1,<rdkit.Chem.rdchem.Mol object at 0x000001CB27478200>,False,False
TRZ02222,Cc1nnc(-c2sc(-c3cccc(F)c3)nc2C)nc1C,300.36,3.73,51.56,0,5,2,3,1,<rdkit.Chem.rdchem.Mol object at 0x000001CB27478270>,False,False
TRZ02223,Cc1nnc([C@@H](C)Oc2ccc(Oc3ncc(Cl)cc3F)cc2)nc1C,374.8,4.61,70.02,0,6,5,3,1,<rdkit.Chem.rdchem.Mol object at 0x000001CB274782E0>,False,False
TRZ02224,Cc1nnc(C2=NCC(=O)Nc3ccc(F)cc32)nc1C,285.28,1.42,80.13,1,5,1,2,1,<rdkit.Chem.rdchem.Mol object at 0x000001CB27478350>,False,False
TRZ02225,Cc1cc(C(F)(F)F)n(-c2ccc(-c3nnc(C)c(C)n3)cn2)n1,334.31,3.06,69.38,0,5,2,3,1,<rdkit.Chem.rdchem.Mol object at 0x000001CB274783C0>,False,False
TRZ02226,Cc1nnc(-c2ccc(-n3nc(-c4ccccc4)cc3C(F)(F)F)nc2)nc1C,396.38,4.42,69.38,0,5,3,4,1,<rdkit.Chem.rdchem.Mol object at 0x000001CB27478430>,False,False
TRZ02227,Cc1nnc(-c2[nH]c3cc(F)ccc3c2C)nc1C,256.28,3.08,54.46,1,3,1,3,1,<rdkit.Chem.rdchem.Mol object at 0x000001CB274784A0>,False,False
TRZ02228,Cc1nnc(-c2nc3cc(C(F)(F)F)ccc3s2)nc1C,310.3,3.78,51.56,0,5,1,3,1,<rdkit.Chem.rdchem.Mol object at 0x000001CB27478510>,False,False
TRZ02229,Cc1nnc(-c2oc3nc(C(F)(F)F)ccc3c2N)nc1C,309.25,2.9,90.72,1,6,1,3,1,<rdkit.Chem.rdchem.Mol object at 0x000001CB27478580>,False,False
TRZ02230,Cc1nnc(Cn2cc(C(=O)O)c(=O)c3cc(F)c(Cl)cc32)nc1C,362.75,2.34,97.97,1,5,3,3,1,<rdkit.Chem.rdchem.Mol object at 0x000001CB274785F0>,False,False
TRZ02231,Cc1nnc(-c2cn(Cc3nnc(C)n3N)c3cc(Cl)c(F)cc3c2=O)nc1C,414.83,1.92,117.4,1,7,3,4,1,<rdkit.Chem.rdchem.Mol object at 0x000001CB27478660>,False,False
TRZ02233,Cc1nnc(-c2c3c(nc4ccccc24)-c2cc(F)ccc2NC(=O)C3)nc1C,385.4,4.0,80.66,1,5,1,4,1,<rdkit.Chem.rdchem.Mol object at 0x000001CB274786D0>,False,False
TRZ02235,Cc1nnc(-c2ccc(Cl)cc2Oc2ccccc2F)nc1C,329.76,4.74,47.9,0,4,3,3,1,<rdkit.Chem.rdchem.Mol object at 0x000001CB27478740>,False,False
TRZ02236,Cc1nnc(Cn2c(C(F)(F)F)nc3nc(-c4cccs4)cc(C(F)(F)F)c3c2=O)nc1C,486.4,4.41,86.45,0,7,3,4,1,<rdkit.Chem.rdchem.Mol object at 0x000001CB274787B0>,False,False
TRZ02237,Cc1nnc(-c2cc(=O)c3cc(F)ccc3o2)nc1C,271.25,2.4,68.88,0,5,1,3,1,<rdkit.Chem.rdchem.Mol object at 0x000001CB27478820>,False,False
TRZ02238,Cc1nnc(CCCNC(=O)Cn2c(C(F)(F)F)nc3ccccc32)nc1C,392.39,2.61,85.59,1,5,6,3,1,<rdkit.Chem.rdchem.Mol object at 0x000001CB27478890>,False,False
TRZ02239,Cc1nnc(C(CO)NC(=O)Cn2c(C(F)(F)F)nc3ccccc32)nc1C,394.36,1.71,105.82,2,6,5,3,1,<rdkit.Chem.rdchem.Mol object at 0x000001CB27478900>,False,False
TRZ02240,Cc1nnc(C(NC(=O)Cn2c(C(F)(F)F)nc3ccccc32)C(C)C)nc1C,406.41,3.37,85.59,1,5,5,3,1,<rdkit.Chem.rdchem.Mol object at 0x000001CB27478970>,False,False
TRZ02241,Cc1nnc(C(CC(C)C)NC(=O)Cn2c(C(F)(F)F)nc3ccccc32)nc1C,420.44,3.76,85.59,1,5,6,3,1,<rdkit.Chem.rdchem.Mol object at 0x000001CB274789E0>,False,False
TRZ02242,Cc1nnc(C(Cc2ccccc2)NC(=O)Cn2c(C(F)(F)F)nc3ccccc32)nc1C,454.46,3.96,85.59,1,5,6,4,1,<rdkit.Chem.rdchem.Mol object at 0x000001CB27478A50>,False,False
TRZ02243,Cc1nnc(C(Cc2c[nH]c3ccccc23)NC(=O)Cn2c(C(F)(F)F)nc3ccccc32)nc1C,493.49,4.44,101.38,2,5,6,5,1,<rdkit.Chem.rdchem.Mol object at 0x000001CB27478AC0>,False,False
TRZ02244,Cc1nnc([C@@H]2CCCN2Cc2ccccc2F)nc1C,286.35,2.96,41.91,0,4,3,2,1,<rdkit.Chem.rdchem.Mol object at 0x000001CB27478B30>,False,False
TRZ02245,Cc1nnc([C@@H]2CCCN2Cc2c(F)cccc2Cl)nc1C,320.8,3.62,41.91,0,4,3,2,1,<rdkit.Chem.rdchem.Mol object at 0x000001CB27478BA0>,False,False
TRZ02246,Cc1nnc(/C(=C\c2nc(-c3ccc(C(=O)O)cc3)ccc2F)c2ccccc2)nc1C,426.45,4.98,88.86,1,5,5,4,1,<rdkit.Chem.rdchem.Mol object at 0x000001CB27478C10>,False,False
TRZ02248,Cc1cc(-c2nnc(C)c(C)n2)c(C#N)c(=O)[nH]1,241.25,1.02,95.32,1,5,1,2,1,<rdkit.Chem.rdchem.Mol object at 0x000001CB27478C80>,False,False
TRZ02249,Cc1nnc(Cc2csc3ccccc23)nc1C,255.35,3.29,38.67,0,4,2,3,1,<rdkit.Chem.rdchem.Mol object at 0x000001CB27478CF0>,False,False
TRZ02250,Cc1nnc(C2=CN(Cc3ccccc3)C=CC2)nc1C,278.36,3.25,41.91,0,4,3,2,1,<rdkit.Chem.rdchem.Mol object at 0x000001CB27478D60>,False,False
TRZ02251,Cc1nnc(-c2cc(I)c(N)c(I)c2)nc1C,452.04,2.95,64.69,1,4,1,2,1,<rdkit.Chem.rdchem.Mol object at 0x000001CB27478DD0>,False,False
TRZ02252,Cc1cc(=O)c2cc(-c3nnc(C)c(C)n3)ccc2[nH]1,266.3,2.31,71.53,1,4,1,3,1,<rdkit.Chem.rdchem.Mol object at 0x000001CB27478E40>,False,False
TRZ02253,CCN(CC)C(c1ccccc1)c1nnc(C)c(C)n1,270.38,2.92,41.91,0,4,5,2,1,<rdkit.Chem.rdchem.Mol object at 0x000001CB27478EB0>,False,False
TRZ02254,Cc1nnc(C2=CN(CCc3ccccc3)C=CC2)nc1C,292.39,3.29,41.91,0,4,4,2,1,<rdkit.Chem.rdchem.Mol object at 0x000001CB27478F20>,False,False
TRZ02255,Cc1nnc(CC(Cc2c(C)[nH]c3ccccc23)c2nnc(C)c(C)n2)nc1C,387.49,3.65,93.13,1,6,5,4,2,<rdkit.Chem.rdchem.Mol object at 0x000001CB27478F90>,False,False
TRZ02256,CCCCc1cc(-c2nnc(C)c(C)n2)c2ccccc2n1,292.39,4.05,51.56,0,4,4,3,1,<rdkit.Chem.rdchem.Mol object at 0x000001CB27479000>,False,False
TRZ02257,CCCCCCc1cc(-c2nnc(C)c(C)n2)c2ccccc2n1,320.44,4.83,51.56,0,4,6,3,1,<rdkit.Chem.rdchem.Mol object at 0x000001CB27479070>,False,False
TRZ02258,Cc1nnc(-c2nn(C)c(=O)[nH]c2=O)nc1C,234.22,-1.06,106.42,1,6,1,2,1,<rdkit.Chem.rdchem.Mol object at 0x000001CB274790E0>,False,False
TRZ02259,Cc1nnc(C(Cc2ccc(O)cc2)NC(=O)OCc2ccccc2)nc1C,378.43,3.4,97.23,2,6,6,3,1,<rdkit.Chem.rdchem.Mol object at 0x000001CB27479150>,False,False
TRZ02260,Cc1c[nH]c(C)c1-c1nnc(C)c(C)n1,202.26,2.1,54.46,1,3,1,2,1,<rdkit.Chem.rdchem.Mol object at 0x000001CB274791C0>,False,False
TRZ02261,Cc1nnc(C(C#N)C2c3ccccc3Oc3ccccc32)nc1C,328.38,4.03,71.69,0,5,2,3,1,<rdkit.Chem.rdchem.Mol object at 0x000001CB27479230>,False,False
TRZ02264,Cc1nnc(CNc2ccccc2Br)nc1C,293.17,2.86,50.7,1,4,3,2,1,<rdkit.Chem.rdchem.Mol object at 0x000001CB27479310>,False,False
TRZ02265,Cc1cccc(NCc2nnc(C)c(C)n2)c1C,242.33,2.72,50.7,1,4,3,2,1,<rdkit.Chem.rdchem.Mol object at 0x000001CB27479380>,False,False
TRZ02266,Cc1nnc(CNc2cc(Cl)cc(Cl)c2)nc1C,283.16,3.41,50.7,1,4,3,2,1,<rdkit.Chem.rdchem.Mol object at 0x000001CB274793F0>,False,False
TRZ02267,Cc1nnc(Cc2ccc(Cl)c3ccccc23)nc1C,283.76,3.89,38.67,0,3,2,3,1,<rdkit.Chem.rdchem.Mol object at 0x000001CB27479460>,False,False
TRZ02268,Cc1ccc2ccccc2c1Cc1nnc(C)c(C)n1,263.34,3.54,38.67,0,3,2,3,1,<rdkit.Chem.rdchem.Mol object at 0x000001CB274794D0>,False,False
TRZ02269,Cc1nnc(Cc2cccc3cc(Cl)c(Cl)cc23)nc1C,318.21,4.54,38.67,0,3,2,3,1,<rdkit.Chem.rdchem.Mol object at 0x000001CB27479540>,False,False
TRZ02270,Cc1nnc(C2CCN2C(c2ccccc2)c2ccccc2)nc1C,330.44,4.02,41.91,0,4,4,3,1,<rdkit.Chem.rdchem.Mol object at 0x000001CB274795B0>,False,False
TRZ02271,CC(=O)Nc1ccccc1C(=O)C(=O)Nc1ccccc1-c1nnc(C)c(C)n1,389.42,2.94,113.94,2,6,5,3,1,<rdkit.Chem.rdchem.Mol object at 0x000001CB27479620>,False,False
TRZ02272,Cc1nnc(C(CS)NC(=O)C(Cc2c[nH]c3ccccc23)NC(=O)OC(C)(C)C)nc1C,470.6,3.19,121.89,4,7,7,3,1,<rdkit.Chem.rdchem.Mol object at 0x000001CB27479690>,False,False
TRZ02273,Cc1nnc(C(C)NC(=O)C(Cc2c[nH]c3ccccc23)NC(=O)OC(C)(C)C)nc1C,438.53,3.28,121.89,3,6,6,3,1,<rdkit.Chem.rdchem.Mol object at 0x000001CB27479700>,False,False
TRZ02274,Cc1nnc(C(=O)n2ccnc2)nc1C,203.21,0.37,73.56,0,5,1,2,1,<rdkit.Chem.rdchem.Mol object at 0x000001CB27479770>,False,False
TRZ02275,Cc1nnc(-c2cc(-c3cccc4ccccc34)[nH]c(=O)c2C#N)nc1C,353.39,3.54,95.32,1,5,2,4,1,<rdkit.Chem.rdchem.Mol object at 0x000001CB274797E0>,False,False
TRZ02276,Cc1ccc(-c2cc(-c3nnc(C)c(C)n3)c(C#N)c(=O)[nH]2)cc1,317.35,2.69,95.32,1,5,2,3,1,<rdkit.Chem.rdchem.Mol object at 0x000001CB27479850>,False,False
TRZ02277,CCc1cc(-c2nnc(C)c(C)n2)c2ccccc2n1,264.33,3.27,51.56,0,4,2,3,1,<rdkit.Chem.rdchem.Mol object at 0x000001CB274798C0>,False,False
TRZ02278,Cc1nnc(C(=O)C2CC(c3ccc(Cl)cc3)=NNC2=O)nc1C,343.77,1.86,97.2,1,6,3,2,1,<rdkit.Chem.rdchem.Mol object at 0x000001CB27479930>,False,False
TRZ02279,Cc1nnc(CNC(=O)C(Cc2c[nH]c3ccccc23)NC(=O)OCc2ccccc2)nc1C,458.52,3.12,121.89,3,6,8,4,1,<rdkit.Chem.rdchem.Mol object at 0x000001CB274799A0>,False,False
TRZ02280,Cc1nnc(COc2ccc(Br)cc2Br)nc1C,373.05,3.59,47.9,0,4,3,2,1,<rdkit.Chem.rdchem.Mol object at 0x000001CB27479A10>,False,False
TRZ02281,Cc1nnc(-c2nnc(N)o2)nc1C,192.18,0.12,103.61,1,7,1,2,1,<rdkit.Chem.rdchem.Mol object at 0x000001CB27479A80>,False,False
TRZ02282,Cc1nnc(C(=O)Nc2nccs2)nc1C,235.27,1.2,80.66,1,6,2,2,1,<rdkit.Chem.rdchem.Mol object at 0x000001CB27479AF0>,False,False
TRZ02283,Cc1nnc(CCn2[nH]c(=O)c(Cl)c(Cl)c2=O)nc1C,316.15,0.89,93.53,1,5,3,2,1,<rdkit.Chem.rdchem.Mol object at 0x000001CB27479B60>,False,False
TRZ02284,Cc1nnc(C(CO)c2ccccc2)nc1C,229.28,1.61,58.9,1,4,3,2,1,<rdkit.Chem.rdchem.Mol object at 0x000001CB27479BD0>,False,False
TRZ02285,Cc1nnc(CCc2c(C)c(C#N)c3nc4ccccc4n3c2C)nc1C,356.43,3.56,79.76,0,5,3,4,1,<rdkit.Chem.rdchem.Mol object at 0x000001CB27479C40>,False,False
TRZ02286,Cc1ccc(OCc2nnc(C)c(C)n2)cc1C,243.31,2.68,47.9,0,4,3,2,1,<rdkit.Chem.rdchem.Mol object at 0x000001CB27479CB0>,False,False
TRZ02287,Cc1nnc(-c2c(-c3ccccc3Cl)noc2C)nc1C,300.75,3.77,64.7,0,5,2,3,1,<rdkit.Chem.rdchem.Mol object at 0x000001CB27479D20>,False,False
TRZ02288,Cc1nnc(Cn2c3ccccc3c3nc4ccccc4nc32)nc1C,340.39,3.59,69.38,0,5,2,5,1,<rdkit.Chem.rdchem.Mol object at 0x000001CB27479D90>,False,False
TRZ02289,Cc1nnc(-c2ccccc2NC(=O)c2ccco2)nc1C,294.31,3.0,80.91,1,5,3,3,1,<rdkit.Chem.rdchem.Mol object at 0x000001CB27479E00>,False,False
TRZ02290,Cc1nnc(-c2cccc(Cn3cccn3)c2)nc1C,265.32,2.4,56.49,0,4,3,3,1,<rdkit.Chem.rdchem.Mol object at 0x000001CB27479E70>,False,False
TRZ02291,Cc1nnc(CSc2nnc(-c3ccccc3)n2C)nc1C,312.4,2.58,69.38,0,6,4,3,1,<rdkit.Chem.rdchem.Mol object at 0x000001CB27479EE0>,False,False
TRZ02292,Cc1nnc(-c2ccc(NC(=O)CC(C)C)cc2)nc1C,284.36,3.14,67.77,1,4,4,2,1,<rdkit.Chem.rdchem.Mol object at 0x000001CB27479F50>,False,False
TRZ02293,Cc1cc(OCc2nnc(C)c(C)n2)c(C(C)C)cc1Br,350.26,4.26,47.9,0,4,4,2,1,<rdkit.Chem.rdchem.Mol object at 0x000001CB27479FC0>,False,False
TRZ02294,CCCc1nn2cc(Cc3nnc(C)c(C)n3)nc2s1,288.38,2.14,68.86,0,6,4,3,1,<rdkit.Chem.rdchem.Mol object at 0x000001CB2747A030>,False,False
TRZ02295,Cc1nnc(CSc2nc3ccccc3o2)nc1C,272.33,2.92,64.7,0,6,3,3,1,<rdkit.Chem.rdchem.Mol object at 0x000001CB2747A0A0>,False,False
TRZ02296,Cc1nnc(CNc2ccc(I)cc2)nc1C,340.17,2.71,50.7,1,4,3,2,1,<rdkit.Chem.rdchem.Mol object at 0x000001CB2747A110>,False,False
TRZ02297,Cc1nnc(-c2nsnc2-c2ccccc2O)nc1C,285.33,2.38,84.68,1,7,2,3,1,<rdkit.Chem.rdchem.Mol object at 0x000001CB2747A180>,False,False
TRZ02298,C=CCc1ccc(OCc2nnc(C)c(C)n2)c(OC)c1,285.35,2.8,57.13,0,5,6,2,1,<rdkit.Chem.rdchem.Mol object at 0x000001CB2747A1F0>,False,False
TRZ02299,C=C(C)Cn1c(SCc2nnc(C)c(C)n2)nc2ccccc2c1=O,353.45,3.07,73.56,0,6,5,3,1,<rdkit.Chem.rdchem.Mol object at 0x000001CB2747A260>,False,False
TRZ02300,Cc1nnc(-c2cc(-c3ccc(Br)cc3)n[nH]2)nc1C,330.19,3.31,67.35,1,4,2,3,1,<rdkit.Chem.rdchem.Mol object at 0x000001CB2747A2D0>,False,False
TRZ02301,Cc1cc(I)ccc1NCc1nnc(C)c(C)n1,354.2,3.01,50.7,1,4,3,2,1,<rdkit.Chem.rdchem.Mol object at 0x000001CB2747A340>,False,False
TRZ02302,COc1ccc(-c2cc(-c3nnc(C)c(C)n3)c3ccccc3n2)cc1,342.4,4.38,60.79,0,5,3,4,1,<rdkit.Chem.rdchem.Mol object at 0x000001CB2747A3B0>,False,False
TRZ02303,COc1cc(-c2nnc(C)c(C)n2)ccc1-c1ccc(-c2nnc(C)c(C)n2)cc1,398.47,4.3,86.57,0,7,4,4,2,<rdkit.Chem.rdchem.Mol object at 0x000001CB2747A420>,False,False
TRZ02304,COc1ccc2nc(-c3ccccc3)cc(-c3nnc(C)c(C)n3)c2c1,342.4,4.38,60.79,0,5,3,4,1,<rdkit.Chem.rdchem.Mol object at 0x000001CB2747A490>,False,False
TRZ02305,CCOc1ccc(-c2ncn(Cc3nnc(C)c(C)n3)c2[N+](=O)[O-])cc1,354.37,2.71,108.86,0,7,6,3,1,<rdkit.Chem.rdchem.Mol object at 0x000001CB2747A500>,False,False
TRZ02306,CC(=O)Nc1ccc(-c2cn(Cc3nnc(C)c(C)n3)cn2)cc1,322.37,2.36,85.59,1,5,4,3,1,<rdkit.Chem.rdchem.Mol object at 0x000001CB2747A570>,False,False
TRZ02307,C=CCc1ccccc1OCc1nnc(C)c(C)n1,255.32,2.8,47.9,0,4,5,2,1,<rdkit.Chem.rdchem.Mol object at 0x000001CB2747A5E0>,False,False
TRZ02308,Cc1nnc(-c2c(C)n(C)c3ccc(O)cc23)nc1C,268.32,2.66,63.83,1,4,1,3,1,<rdkit.Chem.rdchem.Mol object at 0x000001CB2747A650>,False,False
TRZ02309,Cc1nnc(-c2cccc(NC(=O)C(C)(C)C)c2)nc1C,284.36,3.14,67.77,1,4,2,2,1,<rdkit.Chem.rdchem.Mol object at 0x000001CB2747A6C0>,False,False
TRZ02310,Cc1ccc(S(=O)(=O)Nc2cccc(-c3nnc(C)c(C)n3)c2)cc1,354.44,3.26,84.84,1,5,4,3,1,<rdkit.Chem.rdchem.Mol object at 0x000001CB2747A730>,False,False
TRZ02311,COc1cccc(C(=O)NCc2nnc(C)c(C)n2)c1,272.31,1.43,77.0,1,5,4,2,1,<rdkit.Chem.rdchem.Mol object at 0x000001CB2747A7A0>,False,False
TRZ02312,Cc1nnc(CNc2ccc(Cl)cc2Br)nc1C,327.61,3.52,50.7,1,4,3,2,1,<rdkit.Chem.rdchem.Mol object at 0x000001CB2747A810>,False,False
TRZ02313,Cc1nnc(-c2c(-c3ccccc3)nc3n(C)c4ccccc4n23)nc1C,354.42,3.96,60.9,0,4,2,5,1,<rdkit.Chem.rdchem.Mol object at 0x000001CB2747A880>,False,False
TRZ02314,Cc1nnc(Cn2nnc(-c3ccccc3Cl)n2)nc1C,301.74,1.84,82.27,0,6,3,3,1,<rdkit.Chem.rdchem.Mol object at 0x000001CB2747A8F0>,False,False
TRZ02315,Cc1nnc(-c2sc3nc4c(cc3c2N)COC(C)(C)C4)nc1C,341.44,3.2,86.81,1,7,1,3,1,<rdkit.Chem.rdchem.Mol object at 0x000001CB2747A960>,False,False
TRZ02316,Cc1nnc(-c2c(NC(=O)c3ccc(Cl)cc3)sc(C)c2C)nc1C,372.88,4.74,67.77,1,5,3,3,1,<rdkit.Chem.rdchem.Mol object at 0x000001CB2747A9D0>,False,False
TRZ02317,Cc1nnc(C2CCN(S(=O)(=O)c3ccccc3N)CC2)nc1C,347.44,1.64,102.07,1,6,3,2,1,<rdkit.Chem.rdchem.Mol object at 0x000001CB2747AA40>,False,False
TRZ02318,CSc1c(Cc2nnc(C)c(C)n2)n(C)c2ccccc12,298.42,3.29,43.6,0,4,3,3,1,<rdkit.Chem.rdchem.Mol object at 0x000001CB2747AAB0>,False,False
TRZ02319,Cc1nnc(-c2cc3c(C)nn(-c4ccccc4)c3s2)nc1C,321.41,3.86,56.49,0,5,2,4,1,<rdkit.Chem.rdchem.Mol object at 0x000001CB2747AB20>,False,False
TRZ02320,Cc1nnc(Cc2csc(CC(N)=O)n2)nc1C,263.33,0.56,94.65,1,6,4,2,1,<rdkit.Chem.rdchem.Mol object at 0x000001CB2747AB90>,False,False
TRZ02321,Cc1nnc(-c2n[nH]c3c2CCCCCCCCCC3)nc1C,313.45,4.1,67.35,1,4,1,2,1,<rdkit.Chem.rdchem.Mol object at 0x000001CB2747AC00>,False,False
TRZ02322,COc1cc(C)ccc1OCc1nnc(C)c(C)n1,259.31,2.38,57.13,0,5,4,2,1,<rdkit.Chem.rdchem.Mol object at 0x000001CB2747AC70>,False,False
TRZ02323,Cc1nnc(-c2cccc(N3CCCC3=O)c2)nc1C,268.32,2.28,58.98,0,4,2,2,1,<rdkit.Chem.rdchem.Mol object at 0x000001CB2747ACE0>,False,False
TRZ02324,Cc1nnc(COc2cc(Cl)ccc2Cl)nc1C,284.15,3.37,47.9,0,4,3,2,1,<rdkit.Chem.rdchem.Mol object at 0x000001CB2747AD50>,False,False
TRZ02325,Cc1nnc(COc2ccc(Oc3ccccc3)cc2)nc1C,307.35,3.86,57.13,0,5,5,3,1,<rdkit.Chem.rdchem.Mol object at 0x000001CB2747ADC0>,False,False
TRZ02326,COc1ccc2c(c1)cc(-c1nnc(C)c(C)n1)n2C,268.32,2.66,52.83,0,4,2,3,1,<rdkit.Chem.rdchem.Mol object at 0x000001CB2747AE30>,False,False
TRZ02327,CCn1c(SCc2nnc(C)c(C)n2)nc2ccccc21,299.4,3.15,56.49,0,5,4,3,1,<rdkit.Chem.rdchem.Mol object at 0x000001CB2747AEA0>,False,False
TRZ02328,Cc1nnc(-c2cc3c4c(c(N5CCOCC5)nc3s2)COC(C)(C)C4)nc1C,411.53,3.45,73.26,0,8,2,3,1,<rdkit.Chem.rdchem.Mol object at 0x000001CB2747AF10>,False,False
TRZ02329,Cc1nnc(CSc2nnc(-c3cccc(Br)c3)n2-c2ccccc2)nc1C,453.37,4.79,69.38,0,6,5,4,1,<rdkit.Chem.rdchem.Mol object at 0x000001CB2747AF80>,False,False
TRZ02330,Cc1nnc(CSc2nnc(-c3ccc(Br)cc3)n2-c2ccccc2)nc1C,453.37,4.79,69.38,0,6,5,4,1,<rdkit.Chem.rdchem.Mol object at 0x000001CB2747AFF0>,False,False
TRZ02332,COc1ccc(/C=C(/NC(=O)c2ccc(Br)o2)c2nnc(C)c(C)n2)cc1,429.27,3.78,90.14,1,6,5,3,1,<rdkit.Chem.rdchem.Mol object at 0x000001CB2747B060>,False,False
TRZ02333,Cc1nnc(-c2c(Br)cnn2C)nc1C,268.12,1.65,56.49,0,4,1,2,1,<rdkit.Chem.rdchem.Mol object at 0x000001CB2747B0D0>,False,False
TRZ02334,COc1ccc(-c2nnc(SCc3nnc(C)c(C)n3)n2-c2ccccc2)cc1,404.5,4.04,78.61,0,7,6,4,1,<rdkit.Chem.rdchem.Mol object at 0x000001CB2747B140>,False,False
TRZ02335,Cc1ccc(S(=O)(=O)Nc2ccccc2-c2nnc(C)c(C)n2)cc1,354.44,3.26,84.84,1,5,4,3,1,<rdkit.Chem.rdchem.Mol object at 0x000001CB2747B1B0>,False,False
TRZ02336,Cc1nnc(C(=O)Nc2nc(-c3ccc(Cl)cc3)cs2)nc1C,345.82,3.52,80.66,1,6,3,3,1,<rdkit.Chem.rdchem.Mol object at 0x000001CB2747B220>,False,False
TRZ02337,COc1ccc(OC)c(NC(=O)c2nnc(C)c(C)n2)c1,288.31,1.76,86.23,1,6,4,2,1,<rdkit.Chem.rdchem.Mol object at 0x000001CB2747B290>,False,False
TRZ02339,COc1ccc(-c2c(C)oc3cc(OCc4nnc(C)c(C)n4)ccc3c2=O)cc1OC,433.46,4.17,96.57,0,8,6,4,1,<rdkit.Chem.rdchem.Mol object at 0x000001CB2747B300>,False,False
TRZ02340,COc1ccc(-c2c(C)oc3cc(OCc4nnc(C)c(C)n4)ccc3c2=O)cc1,403.44,4.16,87.34,0,7,5,4,1,<rdkit.Chem.rdchem.Mol object at 0x000001CB2747B370>,False,False
TRZ02341,Cc1cccc(C(=O)NCc2nnc(C)c(C)n2)c1,256.31,1.73,67.77,1,4,3,2,1,<rdkit.Chem.rdchem.Mol object at 0x000001CB2747B3E0>,False,False
TRZ02342,Cc1nnc(CNC(=O)c2ccc(S(=O)(=O)N(C)C)cc2)nc1C,349.42,0.67,105.15,1,6,5,2,1,<rdkit.Chem.rdchem.Mol object at 0x000001CB2747B450>,False,False
TRZ02343,Cc1nnc(CNC(=O)c2ccc(S(=O)(=O)N3CCOCC3)cc2)nc1C,391.45,0.44,114.38,1,7,5,2,1,<rdkit.Chem.rdchem.Mol object at 0x000001CB2747B4C0>,False,False
TRZ02344,Cc1nnc(CNC(=O)COc2ccc(Cl)cc2Cl)nc1C,341.2,2.49,77.0,1,5,5,2,1,<rdkit.Chem.rdchem.Mol object at 0x000001CB2747B530>,False,False
TRZ02345,Cc1nnc(CNC(=O)c2cc(Cl)ccc2Cl)nc1C,311.17,2.73,67.77,1,4,3,2,1,<rdkit.Chem.rdchem.Mol object at 0x000001CB2747B5A0>,False,False
TRZ02346,CCOc1cc(C(=O)NCc2nnc(C)c(C)n2)cc(OCC)c1OCC,374.44,2.61,95.46,1,7,9,2,1,<rdkit.Chem.rdchem.Mol object at 0x000001CB2747B610>,False,False
TRZ02347,Cc1nnc(CCc2cccc(S(=O)(=O)N3CCOCC3)c2)nc1C,362.46,1.29,85.28,0,6,5,2,1,<rdkit.Chem.rdchem.Mol object at 0x000001CB2747B680>,False,False
TRZ02348,CCCC(=O)Nc1ccc(-c2nnc(C)c(C)n2)cc1,270.34,2.89,67.77,1,4,4,2,1,<rdkit.Chem.rdchem.Mol object at 0x000001CB2747B6F0>,False,False
TRZ02349,Cc1nnc(-c2csc(N3CCOCC3)n2)nc1C,277.35,1.45,64.03,0,7,2,2,1,<rdkit.Chem.rdchem.Mol object at 0x000001CB2747B760>,False,False
TRZ02350,COc1cc(-c2nnc(C)c(C)n2)ccc1OC(C)C,273.34,2.95,57.13,0,5,4,2,1,<rdkit.Chem.rdchem.Mol object at 0x000001CB2747B7D0>,False,False
TRZ02351,Cc1nnc(CC(=O)Nc2nc3ccccc3s2)nc1C,299.36,2.28,80.66,1,6,3,3,1,<rdkit.Chem.rdchem.Mol object at 0x000001CB2747B840>,False,False
TRZ02352,CCCCc1ccc(OCc2nnc(C)c(C)n2)cc1,271.36,3.41,47.9,0,4,6,2,1,<rdkit.Chem.rdchem.Mol object at 0x000001CB2747B8B0>,False,False
TRZ02353,CCCCOc1ccc(OCc2nnc(C)c(C)n2)cc1,287.36,3.25,57.13,0,5,7,2,1,<rdkit.Chem.rdchem.Mol object at 0x000001CB2747B920>,False,False
TRZ02354,Cc1ccc(S(=O)(=O)N(C)Cc2nnc(C)c(C)n2)cc1,306.39,1.62,76.05,0,5,4,2,1,<rdkit.Chem.rdchem.Mol object at 0x000001CB2747B990>,False,False
TRZ02355,Cc1nnc(-c2cccc(S(=O)(=O)Nc3ccccc3Cl)c2)nc1C,374.85,3.61,84.84,1,5,4,3,1,<rdkit.Chem.rdchem.Mol object at 0x000001CB2747BA00>,False,False
TRZ02356,Cc1nc(C)c(-c2nnco2)cc1-c1nnc(C)c(C)n1,282.31,2.22,90.48,0,7,2,3,1,<rdkit.Chem.rdchem.Mol object at 0x000001CB2747BA70>,False,False
TRZ02357,Cc1nnc(-c2c(C)c(C#N)c3ccccn23)nc1C,263.3,2.59,66.87,0,4,1,3,1,<rdkit.Chem.rdchem.Mol object at 0x000001CB2747BAE0>,False,False
TRZ02358,Cc1nnc(-c2ccccc2OCc2ccc(Cl)cc2)nc1C,325.8,4.39,47.9,0,4,4,3,1,<rdkit.Chem.rdchem.Mol object at 0x000001CB2747BB50>,False,False
TRZ02359,Cc1nnc(-c2cc(C)n(-c3ccccc3)c2C)nc1C,278.36,3.56,43.6,0,3,2,3,1,<rdkit.Chem.rdchem.Mol object at 0x000001CB2747BBC0>,False,False
TRZ02360,COc1ccc(-c2cc(-c3nnc(C)c(C)n3)n(CCC#N)n2)cc1,334.38,2.94,89.51,0,6,5,3,1,<rdkit.Chem.rdchem.Mol object at 0x000001CB2747BC30>,False,False
TRZ02361,Cc1nnc(-c2ccc3c(=O)n4c(nc3c2)CCCCC4)nc1C,321.38,2.59,73.56,0,5,1,3,1,<rdkit.Chem.rdchem.Mol object at 0x000001CB2747BCA0>,False,False
TRZ02363,Cc1cc(C)nc(SCc2ccc(-c3nnc(C)c(C)n3)cc2)n1,337.45,3.85,64.45,0,6,4,3,1,<rdkit.Chem.rdchem.Mol object at 0x000001CB2747BD80>,False,False
TRZ02364,Cc1nnc(-c2ccc3c(=O)n4c(nc3c2)CCC4)nc1C,293.33,1.81,73.56,0,5,1,3,1,<rdkit.Chem.rdchem.Mol object at 0x000001CB2747BDF0>,False,False
TRZ02365,Cc1ccc(SCCc2nnc(C)c(C)n2)cc1,259.38,3.13,38.67,0,4,4,2,1,<rdkit.Chem.rdchem.Mol object at 0x000001CB2747BE60>,False,False
TRZ02366,Cc1nnc(-c2ccc(CN(C)C)o2)nc1C,232.29,1.81,55.05,0,5,3,2,1,<rdkit.Chem.rdchem.Mol object at 0x000001CB2747BED0>,False,False
TRZ02367,Cc1nnc(-c2ccc(S(=O)(=O)N(C)C3CCN(C)CC3)cc2)nc1C,375.5,1.87,79.29,0,6,4,2,1,<rdkit.Chem.rdchem.Mol object at 0x000001CB2747BF40>,False,False
TRZ02368,Cc1nnc(Cn2cc(Cl)c(=O)c(Cl)c2)nc1C,285.13,2.01,60.67,0,4,2,2,1,<rdkit.Chem.rdchem.Mol object at 0x000001CB2747C040>,False,False
TRZ02369,Cc1nnc(-c2[nH]ncc2-c2ccc(Cl)cc2Cl)nc1C,320.18,3.85,67.35,1,4,2,3,1,<rdkit.Chem.rdchem.Mol object at 0x000001CB2747C0B0>,False,False
TRZ02370,Cc1nnc(-c2nn(-c3ccc(C(C)(C)C)cc3)c(=O)c(C#N)c2C)nc1C,374.45,3.18,97.35,0,6,2,3,1,<rdkit.Chem.rdchem.Mol object at 0x000001CB2747C120>,False,False
TRZ02371,Cc1nnc(COc2ccc(C(C)(C)C)cc2C(C)(C)C)nc1C,327.47,4.66,47.9,0,4,3,2,1,<rdkit.Chem.rdchem.Mol object at 0x000001CB2747C190>,False,False
TRZ02372,Cc1cc(SCc2nnc(C)c(C)n2)c(C)cc1Cl,293.82,4.05,38.67,0,4,3,2,1,<rdkit.Chem.rdchem.Mol object at 0x000001CB2747C200>,False,False
TRZ02373,Cc1ccc(OCc2nnc(C)c(C)n2)c2c1CCC2,269.35,2.86,47.9,0,4,3,2,1,<rdkit.Chem.rdchem.Mol object at 0x000001CB2747C270>,False,False
TRZ02374,Cc1nnc(C2C(c3ccccc3)C2c2nnc(C)c(C)n2)nc1C,332.41,2.96,77.34,0,6,3,3,2,<rdkit.Chem.rdchem.Mol object at 0x000001CB2747C2E0>,False,False
TRZ02375,Cc1ccc(-c2nnn(Cc3nnc(C)c(C)n3)n2)cc1Cl,315.77,2.15,82.27,0,6,3,3,1,<rdkit.Chem.rdchem.Mol object at 0x000001CB2747C350>,False,False
TRZ02376,CCCc1cc(=O)oc2cc(OCc3nnc(C)c(C)n3)ccc12,325.37,3.13,78.11,0,6,5,3,1,<rdkit.Chem.rdchem.Mol object at 0x000001CB2747C3C0>,False,False
TRZ02377,Cc1nnc(CSc2ccnc3cc(Cl)ccc23)nc1C,316.82,3.98,51.56,0,5,3,3,1,<rdkit.Chem.rdchem.Mol object at 0x000001CB2747C430>,False,False
TRZ02378,Cc1nnc(-c2ccc(C(C)(C)C)s2)nc1C,247.37,3.51,38.67,0,4,1,2,1,<rdkit.Chem.rdchem.Mol object at 0x000001CB2747C4A0>,False,False
TRZ02379,Cc1nnc(-c2nc(-c3ccccc3)c(C)o2)nc1C,266.3,3.12,64.7,0,5,2,3,1,<rdkit.Chem.rdchem.Mol object at 0x000001CB2747C510>,False,False
TRZ02380,COc1cccc(Oc2ccc(OC)cc2-c2nnc(C)c(C)n2)c1,337.38,3.96,66.36,0,6,5,3,1,<rdkit.Chem.rdchem.Mol object at 0x000001CB2747C580>,False,False
TRZ02381,Cc1nnc(-c2ccc(-n3nc(C(C)(C)C)cc3C(C)(C)C)cc2)nc1C,363.51,4.94,56.49,0,4,2,3,1,<rdkit.Chem.rdchem.Mol object at 0x000001CB2747C5F0>,False,False
TRZ02382,Cc1nnc(-c2cc(C)n(-c3c(Cl)cc(Cl)cc3Cl)n2)nc1C,368.66,4.61,56.49,0,4,2,3,1,<rdkit.Chem.rdchem.Mol object at 0x000001CB2747C660>,False,False
TRZ02383,Cc1nnc(-c2c(-c3cccs3)n[nH]c2C)nc1C,271.35,2.92,67.35,1,5,2,3,1,<rdkit.Chem.rdchem.Mol object at 0x000001CB2747C6D0>,False,False
TRZ02384,Cc1nnc(-c2cc(COc3cc(Cl)cc(Cl)c3)on2)nc1C,351.19,4.03,73.93,0,6,4,3,1,<rdkit.Chem.rdchem.Mol object at 0x000001CB2747C740>,False,False
TRZ02385,Cc1nnc(-c2cc(CSc3ccc(Cl)cc3)on2)nc1C,332.82,4.09,64.7,0,6,4,3,1,<rdkit.Chem.rdchem.Mol object at 0x000001CB2747C7B0>,False,False
TRZ02386,Cc1nnc(-c2cc(COc3c(Cl)cccc3Cl)on2)nc1C,351.19,4.03,73.93,0,6,4,3,1,<rdkit.Chem.rdchem.Mol object at 0x000001CB2747C820>,False,False
TRZ02387,Cc1nnc(-c2nc(COc3ccccc3Cl)no2)nc1C,317.74,2.77,86.82,0,7,4,3,1,<rdkit.Chem.rdchem.Mol object at 0x000001CB2747C890>,False,False
TRZ02389,Cc1nnc(-c2csc(Cc3c(Cl)cccc3Cl)n2)nc1C,351.26,4.51,51.56,0,5,3,3,1,<rdkit.Chem.rdchem.Mol object at 0x000001CB2747C900>,False,False
TRZ02390,Cc1nnc(-c2sc(COc3ccc(C(C)(C)C)cc3)nc2C)nc1C,368.51,4.8,60.79,0,6,4,3,1,<rdkit.Chem.rdchem.Mol object at 0x000001CB2747C970>,False,False
TRZ02391,Cc1nnc(-c2c(-c3snnc3C)n[nH]c2C)nc1C,287.35,2.01,93.13,1,7,2,3,1,<rdkit.Chem.rdchem.Mol object at 0x000001CB2747C9E0>,False,False
TRZ02392,Cc1nnc(-c2csc(-c3cccs3)n2)nc1C,274.37,3.34,51.56,0,6,2,3,1,<rdkit.Chem.rdchem.Mol object at 0x000001CB2747CA50>,False,False
TRZ02393,Cc1nnc(Cn2nnc(-c3cccs3)n2)nc1C,273.33,1.25,82.27,0,7,3,3,1,<rdkit.Chem.rdchem.Mol object at 0x000001CB2747CAC0>,False,False
TRZ02394,Cc1nnc(Cc2csc(-c3cccs3)n2)nc1C,288.4,3.26,51.56,0,6,3,3,1,<rdkit.Chem.rdchem.Mol object at 0x000001CB2747CB30>,False,False
TRZ02395,Cc1nnc(-c2c(C)noc2-c2cccs2)nc1C,272.33,3.18,64.7,0,6,2,3,1,<rdkit.Chem.rdchem.Mol object at 0x000001CB2747CBA0>,False,False
TRZ02396,Cc1nc(-c2noc(-c3nnc(C)c(C)n3)n2)cs1,274.31,1.97,90.48,0,8,2,3,1,<rdkit.Chem.rdchem.Mol object at 0x000001CB2747CC10>,False,False
TRZ02397,Cc1nnc(Cc2cc(Br)sc2Br)nc1C,363.08,3.67,38.67,0,4,2,2,1,<rdkit.Chem.rdchem.Mol object at 0x000001CB2747CC80>,False,False
TRZ02398,Cc1nnc(-c2cc(C(C)(C)C)on2)nc1C,232.29,2.44,64.7,0,5,1,2,1,<rdkit.Chem.rdchem.Mol object at 0x000001CB2747CCF0>,False,False
TRZ02399,Cc1nnc(-c2noc(C)c2-c2csc(-c3ccccc3)n2)nc1C,349.42,4.24,77.59,0,7,3,4,1,<rdkit.Chem.rdchem.Mol object at 0x000001CB2747CD60>,False,False
TRZ02400,Cc1nc(-c2c(-c3nnc(C)c(C)n3)noc2C)cs1,287.35,2.88,77.59,0,7,2,3,1,<rdkit.Chem.rdchem.Mol object at 0x000001CB2747CDD0>,False,False
TRZ02401,Cc1nnc(-c2ccc(Oc3ccc(Cl)cc3)nc2)nc1C,312.76,4.0,60.79,0,5,3,3,1,<rdkit.Chem.rdchem.Mol object at 0x000001CB2747CE40>,False,False
TRZ02403,Cc1nnc(C2CCC(c3ccc(Cl)cc3)CC2)nc1C,301.82,4.58,38.67,0,3,2,2,1,<rdkit.Chem.rdchem.Mol object at 0x000001CB2747CEB0>,False,False
TRZ02404,Cc1nnc(CNC(=O)c2cccnc2Oc2ccccc2)nc1C,335.37,2.61,89.89,1,6,5,3,1,<rdkit.Chem.rdchem.Mol object at 0x000001CB2747CF20>,False,False
TRZ02405,Cc1cc(-c2nn(C)c(=O)c3ccccc23)cc(C)c1OCc1nnc(C)c(C)n1,401.47,3.6,82.79,0,6,4,4,1,<rdkit.Chem.rdchem.Mol object at 0x000001CB2747CF90>,False,False
TRZ02406,COc1ccccc1C1OC(=O)C[C@H]1c1nnc(C)c(C)n1,299.33,2.27,74.2,0,6,3,2,1,<rdkit.Chem.rdchem.Mol object at 0x000001CB2747D000>,False,False
TRZ02407,Cc1cc(NC(=O)c2nnc(C)c(C)n2)no1,233.23,1.04,93.8,1,6,2,2,1,<rdkit.Chem.rdchem.Mol object at 0x000001CB2747D070>,False,False
TRZ02408,Cc1nnc(Cn2cnc3c2c(=O)n(C)c(=O)n3C)nc1C,301.31,-0.72,100.49,0,6,2,3,1,<rdkit.Chem.rdchem.Mol object at 0x000001CB2747D0E0>,False,False
TRZ02409,Cc1nnc(-c2sccc2N(C)C)nc1C,234.33,2.28,41.91,0,5,2,2,1,<rdkit.Chem.rdchem.Mol object at 0x000001CB2747D150>,False,False
TRZ02410,Cc1nnc(CSc2ncnc3c(C)csc23)nc1C,303.42,3.09,64.45,0,7,3,3,1,<rdkit.Chem.rdchem.Mol object at 0x000001CB2747D1C0>,False,False
TRZ02411,Cc1nnc(-c2cc3c(C)nn(C)c3s2)nc1C,259.34,2.41,56.49,0,5,1,3,1,<rdkit.Chem.rdchem.Mol object at 0x000001CB2747D230>,False,False
TRZ02412,COc1c(Br)csc1-c1nnc(C)c(C)n1,300.18,2.99,47.9,0,5,2,2,1,<rdkit.Chem.rdchem.Mol object at 0x000001CB2747D2A0>,False,False
TRZ02413,Cc1nnc(-c2sccc2NC(=O)c2ccccc2Cl)nc1C,344.83,4.12,67.77,1,5,3,3,1,<rdkit.Chem.rdchem.Mol object at 0x000001CB2747D310>,False,False
TRZ02414,Cc1nnc(-c2ccsc2-n2c(C)ccc2C)nc1C,284.39,3.62,43.6,0,4,2,3,1,<rdkit.Chem.rdchem.Mol object at 0x000001CB2747D380>,False,False
TRZ02415,COc1cc(-c2nnc(C)c(C)n2)c(-n2c(C)ccc2C)cc1OC,338.41,3.58,62.06,0,5,4,3,1,<rdkit.Chem.rdchem.Mol object at 0x000001CB2747D3F0>,False,False
TRZ02416,Cc1nnc(-c2cnn(C)c2-n2cccc2)nc1C,254.3,1.68,61.42,0,4,2,3,1,<rdkit.Chem.rdchem.Mol object at 0x000001CB2747D460>,False,False
TRZ02417,COc1ccc(-c2cc(-c3nnc(C)c(C)n3)c3ccc(C)cc3n2)cc1OC,386.46,4.7,70.02,0,6,4,4,1,<rdkit.Chem.rdchem.Mol object at 0x000001CB2747D4D0>,False,False
TRZ02418,Cc1nnc(-c2c(-c3ccccc3)c(-c3ccccc3)nn3nnnc23)nc1C,380.42,3.32,94.64,0,7,3,5,1,<rdkit.Chem.rdchem.Mol object at 0x000001CB2747D540>,False,False
TRZ02420,CSc1c(C#N)c(-c2ccccc2)nn1Cc1nnc(C)c(C)n1,336.42,2.99,80.28,0,6,4,3,1,<rdkit.Chem.rdchem.Mol object at 0x000001CB2747D5B0>,False,False
TRZ02421,Cc1nnc(C(CC(C)C)NC(=O)Cc2ccsc2)nc1C,318.45,3.0,67.77,1,5,6,2,1,<rdkit.Chem.rdchem.Mol object at 0x000001CB2747D620>,False,False
TRZ02422,Cc1nnc(CSCCS(=O)(=O)c2ccccc2)nc1C,323.44,2.2,72.81,0,6,6,2,1,<rdkit.Chem.rdchem.Mol object at 0x000001CB2747D690>,False,False
TRZ02423,Cc1nnc(-c2cncc(C#CCN(C)C)c2)nc1C,267.34,1.46,54.8,0,5,2,2,1,<rdkit.Chem.rdchem.Mol object at 0x000001CB2747D700>,False,False
TRZ02424,Cc1nnc(CSCCCN2CCN(c3cccc(Cl)c3)CC2)nc1C,391.97,3.59,45.15,0,6,7,2,1,<rdkit.Chem.rdchem.Mol object at 0x000001CB2747D770>,False,False
TRZ02425,Cc1nnc(C2CCN(Cc3cccnc3)CC2)nc1C,283.38,2.26,54.8,0,5,3,2,1,<rdkit.Chem.rdchem.Mol object at 0x000001CB2747D7E0>,False,False
TRZ02426,Cc1nnc(Cn2nnc(-c3ccccc3Oc3ccc(Cl)cc3Cl)n2)nc1C,428.28,4.29,91.5,0,7,5,4,1,<rdkit.Chem.rdchem.Mol object at 0x000001CB2747D850>,False,False
TRZ02427,Cc1nnc(Cc2sc3ccc(Cl)cc3c2C)nc1C,303.82,4.26,38.67,0,4,2,3,1,<rdkit.Chem.rdchem.Mol object at 0x000001CB2747D8C0>,False,False
TRZ02428,Cc1nnc(CSCC(=O)Nc2ccc(C(C)(C)C)cc2)nc1C,344.48,3.66,67.77,1,5,5,2,1,<rdkit.Chem.rdchem.Mol object at 0x000001CB2747D930>,False,False
TRZ02429,Cc1nnc(C(Oc2ccccc2)Oc2ccccc2)nc1C,307.35,3.65,57.13,0,5,5,3,1,<rdkit.Chem.rdchem.Mol object at 0x000001CB2747D9A0>,False,False
TRZ02430,Cc1nnc(CC2(c3ccccc3)CCOC(C)(C)C2)nc1C,311.43,3.56,47.9,0,4,3,2,1,<rdkit.Chem.rdchem.Mol object at 0x000001CB2747DA10>,False,False
TRZ02431,Cc1nnc(C(=O)Nc2nc(-c3ccc(Br)cc3)cs2)nc1C,390.27,3.63,80.66,1,6,3,3,1,<rdkit.Chem.rdchem.Mol object at 0x000001CB2747DA80>,False,False
TRZ02432,Cc1nnc(CN2CCN(Cc3ccc4c(c3)OCO4)CC2)nc1C,341.42,1.53,63.61,0,7,4,2,1,<rdkit.Chem.rdchem.Mol object at 0x000001CB2747DAF0>,False,False
TRZ02433,COc1ccc(OC)c(CN2CCCC(c3nnc(C)c(C)n3)C2)c1,342.44,2.89,60.37,0,6,5,2,1,<rdkit.Chem.rdchem.Mol object at 0x000001CB2747DB60>,False,False
TRZ02434,CCCOc1ccc(-c2cn(Cc3nnc(C)c(C)n3)cn2)cc1,323.4,3.19,65.72,0,5,6,3,1,<rdkit.Chem.rdchem.Mol object at 0x000001CB2747DBD0>,False,False
TRZ02435,Cc1nnc(C(C)Oc2ccccc2Br)nc1C,308.18,3.39,47.9,0,4,3,2,1,<rdkit.Chem.rdchem.Mol object at 0x000001CB2747DC40>,False,False
TRZ02436,CCC(Oc1cccc(Br)c1)c1nnc(C)c(C)n1,322.21,3.78,47.9,0,4,4,2,1,<rdkit.Chem.rdchem.Mol object at 0x000001CB2747DCB0>,False,False
TRZ02437,Cc1nnc(C(C)Oc2cccc3cccnc23)nc1C,280.33,3.18,60.79,0,5,3,3,1,<rdkit.Chem.rdchem.Mol object at 0x000001CB2747DD20>,False,False
TRZ02438,Cc1nnc(C(NS(=O)(=O)c2ccc(Cl)cc2)C(C)C)nc1C,354.86,2.82,84.84,1,5,5,2,1,<rdkit.Chem.rdchem.Mol object at 0x000001CB2747DD90>,False,False
TRZ02439,Cc1ccc(N2CC(c3nnc(C)c(C)n3)CC2=O)cc1,282.35,2.32,58.98,0,4,2,2,1,<rdkit.Chem.rdchem.Mol object at 0x000001CB2747DE00>,False,False
TRZ02440,COc1cc(C(=O)NC(C)c2nnc(C)c(C)n2)cc(OC)c1OC,346.39,2.01,95.46,1,7,6,2,1,<rdkit.Chem.rdchem.Mol object at 0x000001CB2747DE70>,False,False
TRZ02441,Cc1ccc(N)c(C(NCc2nnc(C)c(C)n2)c2ccccc2)c1,333.44,3.26,76.72,2,5,5,3,1,<rdkit.Chem.rdchem.Mol object at 0x000001CB2747DEE0>,False,False
TRZ02442,CC(=O)Nc1ccc(Br)cc1C(NCc1nnc(C)c(C)n1)c1ccccc1,440.35,4.09,79.8,2,5,6,3,1,<rdkit.Chem.rdchem.Mol object at 0x000001CB2747DF50>,False,False
TRZ02444,Cc1nnc(CNC(c2cc(Br)ccc2N)c2ccccc2Cl)nc1C,432.75,4.37,76.72,2,5,5,3,1,<rdkit.Chem.rdchem.Mol object at 0x000001CB2747DFC0>,False,False
TRZ02445,CCCC(Oc1ccc(Br)cc1)c1nnc(C)c(C)n1,336.23,4.17,47.9,0,4,5,2,1,<rdkit.Chem.rdchem.Mol object at 0x000001CB2747E030>,False,False
TRZ02446,COc1ccc(Cc2nc3ccccc3n2Cc2nnc(C)c(C)n2)cc1OC,389.46,3.49,74.95,0,6,6,4,1,<rdkit.Chem.rdchem.Mol object at 0x000001CB2747E0A0>,False,False
TRZ02447,C=C(C)Cn1c(SCc2nnc(C)c(C)n2)nnc1-c1ccc(Br)cc1,431.36,4.38,69.38,0,6,6,3,1,<rdkit.Chem.rdchem.Mol object at 0x000001CB2747E110>,False,False
TRZ02448,Cc1ccc(NC(=O)C2CCC(C)(c3nnc(C)c(C)n3)C2(C)C)cc1,352.48,4.13,67.77,1,4,3,2,1,<rdkit.Chem.rdchem.Mol object at 0x000001CB2747E180>,False,False
TRZ02449,COc1ccc(C(=O)NC(c2nnc(C)c(C)n2)C23CC4CC(CC(C4)C2)C3)cc1,406.53,4.18,77.0,1,5,5,2,1,<rdkit.Chem.rdchem.Mol object at 0x000001CB2747E1F0>,False,False
TRZ02450,Cc1nnc(C(NC(=O)c2ccc([N+](=O)[O-])cc2)C23CC4CC(CC(C4)C2)C3)nc1C,421.5,4.08,110.91,1,6,5,2,1,<rdkit.Chem.rdchem.Mol object at 0x000001CB2747E260>,False,False
TRZ02451,Cc1nnc(C2(C)NC(C)(C)Cc3ccccc32)nc1C,282.39,2.68,50.7,1,4,1,2,1,<rdkit.Chem.rdchem.Mol object at 0x000001CB2747E2D0>,False,False
TRZ02452,Cc1nnc(-c2nc(C3CCCCC3)[nH]c2C2CCCCC2)nc1C,339.49,4.97,67.35,1,4,3,2,1,<rdkit.Chem.rdchem.Mol object at 0x000001CB2747E340>,False,False
TRZ02453,Cc1nnc(-c2cnc(C3CCCC3)[nH]2)nc1C,243.31,2.54,67.35,1,4,2,2,1,<rdkit.Chem.rdchem.Mol object at 0x000001CB2747E3B0>,False,False
TRZ02454,Cc1nnc(-c2nc(C3CCCC3)[nH]c2C2CCCC2)nc1C,311.43,4.19,67.35,1,4,3,2,1,<rdkit.Chem.rdchem.Mol object at 0x000001CB2747E420>,False,False
TRZ02455,Cc1nnc(-c2cnc(C(C)(C)C)[nH]2)nc1C,231.3,2.18,67.35,1,4,1,2,1,<rdkit.Chem.rdchem.Mol object at 0x000001CB2747E490>,False,False
TRZ02456,Cc1nnc(-c2nc(C(C)(C)C)[nH]c2C(C)(C)C)nc1C,287.41,3.47,67.35,1,4,1,2,1,<rdkit.Chem.rdchem.Mol object at 0x000001CB2747E500>,False,False
TRZ02457,Cc1nnc(-c2cnc(C(C)C)[nH]2)nc1C,217.28,2.0,67.35,1,4,2,2,1,<rdkit.Chem.rdchem.Mol object at 0x000001CB2747E570>,False,False
TRZ02458,CCCCOc1ccccc1C(=O)NCc1nnc(C)c(C)n1,314.39,2.6,77.0,1,5,7,2,1,<rdkit.Chem.rdchem.Mol object at 0x000001CB2747E5E0>,False,False
TRZ02459,Cc1nnc(C2(C)NC3(CCCCC3)Cc3ccccc32)nc1C,322.46,3.6,50.7,1,4,1,2,1,<rdkit.Chem.rdchem.Mol object at 0x000001CB2747E650>,False,False
TRZ02460,CC1=Nc2ccc(Cl)cc2C(c2ccccc2)N1Cc1nnc(C)c(C)n1,377.88,4.8,54.27,0,5,3,3,1,<rdkit.Chem.rdchem.Mol object at 0x000001CB2747E6C0>,False,False
TRZ02461,Cc1nnc(CNC(C)c2ccccc2)nc1C,242.33,2.34,50.7,1,4,4,2,1,<rdkit.Chem.rdchem.Mol object at 0x000001CB2747E730>,False,False
TRZ02462,Cc1nnc(C(Cc2ccccc2)NC(=O)C=[N+]=[N-])nc1C,296.33,1.19,104.17,1,4,5,2,1,<rdkit.Chem.rdchem.Mol object at 0x000001CB2747E7A0>,False,False
TRZ02463,Cc1nnc(CCCSc2nc3ccccc3s2)nc1C,316.46,3.82,51.56,0,6,5,3,1,<rdkit.Chem.rdchem.Mol object at 0x000001CB2747E810>,False,False
TRZ02464,Cc1nnc(C(C)Oc2ccc(C#N)cc2)nc1C,254.29,2.5,71.69,0,5,3,2,1,<rdkit.Chem.rdchem.Mol object at 0x000001CB2747E880>,False,False
TRZ02465,CCOc1ccc(OC(C)c2nnc(C)c(C)n2)cc1,273.34,3.03,57.13,0,5,5,2,1,<rdkit.Chem.rdchem.Mol object at 0x000001CB2747E8F0>,False,False
TRZ02466,Cc1nnc(C2CCN(C(=O)c3ccc(C(C)(C)C)cc3)CC2)nc1C,352.48,3.81,58.98,0,4,2,2,1,<rdkit.Chem.rdchem.Mol object at 0x000001CB2747E960>,False,False
TRZ02467,COc1ccc(CN2CCCC(c3nnc(C)c(C)n3)C2)cc1,312.42,2.88,51.14,0,5,4,2,1,<rdkit.Chem.rdchem.Mol object at 0x000001CB2747E9D0>,False,False
TRZ02468,Cc1ccc(-c2nnc(-c3cc(-c4nnc(C)c(C)n4)c(C)nc3C)o2)cc1,372.43,4.19,90.48,0,7,3,4,1,<rdkit.Chem.rdchem.Mol object at 0x000001CB2747EA40>,False,False
TRZ02470,Cc1nnc(CCCNc2ccc(Cl)cc2)nc1C,276.77,3.19,50.7,1,4,5,2,1,<rdkit.Chem.rdchem.Mol object at 0x000001CB2747EAB0>,False,False
TRZ02471,Cc1nnc(-c2cc3sc(Cl)cc3[nH]2)nc1C,264.74,3.35,54.46,1,4,1,3,1,<rdkit.Chem.rdchem.Mol object at 0x000001CB2747EB20>,False,False
TRZ02472,Cc1nnc(C(C)Oc2ccc3c(C)cc(=O)oc3c2)nc1C,311.34,3.04,78.11,0,6,3,3,1,<rdkit.Chem.rdchem.Mol object at 0x000001CB2747EB90>,False,False
TRZ02473,Cc1nnc(C2CCCN(S(=O)(=O)c3cccs3)C2)nc1C,338.46,2.12,76.05,0,6,3,2,1,<rdkit.Chem.rdchem.Mol object at 0x000001CB2747EC00>,False,False
TRZ02474,CCc1sc(-c2nnc(C)c(C)n2)cc1C,233.34,3.09,38.67,0,4,2,2,1,<rdkit.Chem.rdchem.Mol object at 0x000001CB2747EC70>,False,False
TRZ02475,Cc1ccccc1-n1nnnc1SCc1nnc(C)c(C)n1,313.39,2.06,82.27,0,7,4,3,1,<rdkit.Chem.rdchem.Mol object at 0x000001CB2747ECE0>,False,False
TRZ02476,Cc1ccccc1C(=O)NC(CCc1nnc(C)c(C)n1)c1nnc(C)c(C)n1,391.48,2.7,106.44,1,7,6,3,2,<rdkit.Chem.rdchem.Mol object at 0x000001CB2747ED50>,False,False
TRZ02477,Cc1nnc(-c2n[nH]c(C)c2[N+](=O)[O-])nc1C,234.22,1.1,110.49,1,6,2,2,1,<rdkit.Chem.rdchem.Mol object at 0x000001CB2747EDC0>,False,False
TRZ02478,Cc1nnc(-c2cc(-c3ccc([N+](=O)[O-])cc3)nc3ccccc23)nc1C,357.37,4.28,94.7,0,6,3,4,1,<rdkit.Chem.rdchem.Mol object at 0x000001CB2747EE30>,False,False
TRZ02480,Cc1nnc(-c2ccccc2NC(=O)C23CC4CC(CC(C4)C2)C3)nc1C,362.48,4.31,67.77,1,4,3,2,1,<rdkit.Chem.rdchem.Mol object at 0x000001CB2747EEA0>,False,False
TRZ02481,Cc1nnc(CC2=Nn3c(nnc3-c3ccc(Cl)cc3)SC2)nc1C,371.86,2.95,81.74,0,7,3,3,1,<rdkit.Chem.rdchem.Mol object at 0x000001CB2747EF10>,False,False
TRZ02482,Cc1nnc(-c2ccc(OCC(O)CN3CCN(c4ccccc4)CC3)cc2)nc1C,419.53,2.72,74.61,1,7,7,3,1,<rdkit.Chem.rdchem.Mol object at 0x000001CB2747EF80>,False,False
TRZ02483,COc1ccc(C=C2Oc3cc(OCc4nnc(C)c(C)n4)ccc3C2=O)cc1,389.41,3.69,83.43,0,7,5,3,1,<rdkit.Chem.rdchem.Mol object at 0x000001CB2747EFF0>,False,False
TRZ02484,COc1cccc(C=C2Oc3cc(OCc4nnc(C)c(C)n4)ccc3C2=O)c1OC,419.44,3.7,92.66,0,8,6,3,1,<rdkit.Chem.rdchem.Mol object at 0x000001CB2747F060>,False,False
TRZ02485,Cc1cc(OCc2nnc(C)c(C)n2)no1,220.23,1.36,73.93,0,6,3,2,1,<rdkit.Chem.rdchem.Mol object at 0x000001CB2747F0D0>,False,False
TRZ02486,Cc1nnc(Cc2cc(=O)n(CC(C)C)[nH]2)nc1C,261.33,1.23,76.46,1,4,4,2,1,<rdkit.Chem.rdchem.Mol object at 0x000001CB2747F140>,False,False
TRZ02487,CCN(CC)S(=O)(=O)c1ccc(C(=O)NCc2nnc(C)c(C)n2)cc1,377.47,1.45,105.15,1,6,7,2,1,<rdkit.Chem.rdchem.Mol object at 0x000001CB2747F1B0>,False,False
TRZ02488,Cc1nnc(C(C)Oc2ccc(C(=O)c3ccccc3)cc2)nc1C,333.39,3.86,64.97,0,5,5,3,1,<rdkit.Chem.rdchem.Mol object at 0x000001CB2747F220>,False,False
TRZ02489,Cc1ccc2nc(-c3ccsc3)c(NCc3nnc(C)c(C)n3)n2c1,350.45,3.79,68.0,1,6,4,4,1,<rdkit.Chem.rdchem.Mol object at 0x000001CB2747F290>,False,False
TRZ02490,Cc1nnc(CCC2(c3ccccc3)CCCC/C2=N\O)nc1C,324.43,3.76,71.26,1,5,4,2,1,<rdkit.Chem.rdchem.Mol object at 0x000001CB2747F300>,False,False
TRZ02491,Cc1nnc(CO/N=C\c2ccc(Cl)cc2Cl)nc1C,311.17,3.35,60.26,0,5,4,2,1,<rdkit.Chem.rdchem.Mol object at 0x000001CB2747F370>,False,False
TRZ02494,Cc1nnc(CSc2nnc3c(n2)[nH]c2ccccc23)nc1C,323.39,2.6,93.13,1,7,3,4,1,<rdkit.Chem.rdchem.Mol object at 0x000001CB2747F450>,False,False
TRZ02495,CCCOc1ccc(-c2nnc(C)c(C)n2)c(O)c1,259.31,2.65,68.13,1,5,4,2,1,<rdkit.Chem.rdchem.Mol object at 0x000001CB2747F4C0>,False,False
TRZ02496,Cc1nnc(-c2ccc(OC(C)C)cc2O)nc1C,259.31,2.65,68.13,1,5,3,2,1,<rdkit.Chem.rdchem.Mol object at 0x000001CB2747F530>,False,False
TRZ02497,Cc1nnc(-c2ccc(OCc3ccccc3)cc2O)nc1C,307.35,3.44,68.13,1,5,4,3,1,<rdkit.Chem.rdchem.Mol object at 0x000001CB2747F5A0>,False,False
TRZ02498,CCOc1ccc(O)c(-c2nnc(C)c(C)n2)c1,245.28,2.26,68.13,1,5,3,2,1,<rdkit.Chem.rdchem.Mol object at 0x000001CB2747F610>,False,False
TRZ02499,CCCOc1ccc(O)c(-c2nnc(C)c(C)n2)c1,259.31,2.65,68.13,1,5,4,2,1,<rdkit.Chem.rdchem.Mol object at 0x000001CB2747F680>,False,False
TRZ02500,CCC(C)Oc1ccc(O)c(-c2nnc(C)c(C)n2)c1,273.34,3.04,68.13,1,5,4,2,1,<rdkit.Chem.rdchem.Mol object at 0x000001CB2747F6F0>,False,False
TRZ02501,CCCCCOc1ccc(O)c(-c2nnc(C)c(C)n2)c1,287.36,3.43,68.13,1,5,6,2,1,<rdkit.Chem.rdchem.Mol object at 0x000001CB2747F760>,False,False
TRZ02502,CCCC(C)Oc1ccc(O)c(-c2nnc(C)c(C)n2)c1,287.36,3.43,68.13,1,5,5,2,1,<rdkit.Chem.rdchem.Mol object at 0x000001CB2747F7D0>,False,False
TRZ02503,CCCCCCOc1ccc(O)c(-c2nnc(C)c(C)n2)c1,301.39,3.82,68.13,1,5,7,2,1,<rdkit.Chem.rdchem.Mol object at 0x000001CB2747F840>,False,False
TRZ02504,Cc1nnc(CNc2nc3ccccc3s2)nc1C,271.35,2.71,63.59,1,6,3,3,1,<rdkit.Chem.rdchem.Mol object at 0x000001CB2747F8B0>,False,False
TRZ02505,Cc1ccc(-c2nnc(CCc3nnc(C)c(C)n3)o2)cc1,295.35,2.63,77.59,0,6,4,3,1,<rdkit.Chem.rdchem.Mol object at 0x000001CB2747F920>,False,False
TRZ02506,Cc1ccccc1-c1nnc(SCc2nnc(C)c(C)n2)n1-c1ccccc1,388.5,4.34,69.38,0,6,5,4,1,<rdkit.Chem.rdchem.Mol object at 0x000001CB2747F990>,False,False
TRZ02507,Cc1nnc(CO/N=C/c2ccc(Cl)cc2Cl)nc1C,311.17,3.35,60.26,0,5,4,2,1,<rdkit.Chem.rdchem.Mol object at 0x000001CB2747FA00>,False,False
TRZ02508,Cc1ccc(NCc2nnc(SCc3nnc(C)c(C)n3)n2-c2ccccc2)cc1,417.54,4.28,81.41,1,7,7,4,1,<rdkit.Chem.rdchem.Mol object at 0x000001CB2747FA70>,False,False
TRZ02509,Cc1nnc(CSc2nnc(CNc3ccccc3)n2-c2ccccc2)nc1C,403.52,3.97,81.41,1,7,7,4,1,<rdkit.Chem.rdchem.Mol object at 0x000001CB2747FAE0>,False,False
TRZ02510,COc1cccc2c(=O)c(-c3nnc(C)c(C)n3)c[nH]c12,282.3,2.01,80.76,1,5,2,3,1,<rdkit.Chem.rdchem.Mol object at 0x000001CB2747FB50>,False,False
TRZ02511,Cc1nnc(-c2sc3nc4n(c(=N)c3c2C)CCC4)nc1C,312.4,2.3,80.34,1,6,1,3,1,<rdkit.Chem.rdchem.Mol object at 0x000001CB2747FBC0>,False,False
TRZ02514,Cc1nnc(-c2[nH]c(C)c(C(=O)NC3CCCCC3)c2C)nc1C,327.43,3.16,83.56,2,4,3,2,1,<rdkit.Chem.rdchem.Mol object at 0x000001CB2747FC30>,False,False
TRZ02515,Cc1nnc(-c2cc(SCc3ccccc3)ccn2)nc1C,308.41,3.84,51.56,0,5,4,3,1,<rdkit.Chem.rdchem.Mol object at 0x000001CB2747FCA0>,False,False
TRZ02516,Cc1nnc(-c2cc(SCc3cccc(Cl)c3)ccn2)nc1C,342.86,4.5,51.56,0,5,4,3,1,<rdkit.Chem.rdchem.Mol object at 0x000001CB2747FD10>,False,False
TRZ02517,Cc1nnc(-c2cc(SCc3ccc(Cl)cc3)ccn2)nc1C,342.86,4.5,51.56,0,5,4,3,1,<rdkit.Chem.rdchem.Mol object at 0x000001CB2747FD80>,False,False
TRZ02518,Cc1nnc(-c2cc(SCc3cccc(Br)c3)ccn2)nc1C,387.31,4.61,51.56,0,5,4,3,1,<rdkit.Chem.rdchem.Mol object at 0x000001CB2747FDF0>,False,False
TRZ02519,Cc1nnc(-c2cc(SCc3ccc(Br)cc3)ccn2)nc1C,387.31,4.61,51.56,0,5,4,3,1,<rdkit.Chem.rdchem.Mol object at 0x000001CB2747FE60>,False,False
TRZ02520,Cc1cccc(CSc2ccnc(-c3nnc(C)c(C)n3)c2)c1,322.44,4.15,51.56,0,5,4,3,1,<rdkit.Chem.rdchem.Mol object at 0x000001CB2747FED0>,False,False
TRZ02521,Cc1ccc(CSc2ccnc(-c3nnc(C)c(C)n3)c2)cc1,322.44,4.15,51.56,0,5,4,3,1,<rdkit.Chem.rdchem.Mol object at 0x000001CB2747FF40>,False,False
TRZ02522,Cc1nnc(-c2cc(SCc3cccc(C#N)c3)ccn2)nc1C,333.42,3.71,75.35,0,6,4,3,1,<rdkit.Chem.rdchem.Mol object at 0x000001CB27480040>,False,False
TRZ02523,COc1cccc(CSc2ccnc(-c3nnc(C)c(C)n3)c2)c1,338.44,3.85,60.79,0,6,5,3,1,<rdkit.Chem.rdchem.Mol object at 0x000001CB274800B0>,False,False
TRZ02524,Cc1cc(C)c(-c2nnc(C)c(C)n2)[nH]1,202.26,2.1,54.46,1,3,1,2,1,<rdkit.Chem.rdchem.Mol object at 0x000001CB27480120>,False,False
TRZ02525,CCOC(=O)c1cc(-c2ccccc2)n(Cc2nnc(C)c(C)n2)c1C,350.42,3.49,69.9,0,5,5,3,1,<rdkit.Chem.rdchem.Mol object at 0x000001CB27480190>,False,False
TRZ02526,CCOC(=O)c1c(C)c(-c2ccccc2)n(Cc2nnc(C)c(C)n2)c1C,364.45,3.8,69.9,0,5,5,3,1,<rdkit.Chem.rdchem.Mol object at 0x000001CB27480200>,False,False
TRZ02527,CCOC(=O)c1cc(-c2ccc(C)cc2)n(CCc2nnc(C)c(C)n2)c1C,378.48,3.99,69.9,0,5,6,3,1,<rdkit.Chem.rdchem.Mol object at 0x000001CB27480270>,False,False
TRZ02528,CCOC(=O)c1cc(-c2ccc([N+](=O)[O-])cc2)n(Cc2nnc(C)c(C)n2)c1C,395.42,3.4,113.04,0,7,6,3,1,<rdkit.Chem.rdchem.Mol object at 0x000001CB274802E0>,False,False
TRZ02529,CCOC(=O)c1cc(-c2ccc(C)cc2)n(Cc2nnc(C)c(C)n2)c1C,364.45,3.8,69.9,0,5,5,3,1,<rdkit.Chem.rdchem.Mol object at 0x000001CB27480350>,False,False
TRZ02530,CCOC(=O)c1c(C)[nH]c(-c2nnc(C)c(C)n2)c1C,274.32,2.28,80.76,1,5,3,2,1,<rdkit.Chem.rdchem.Mol object at 0x000001CB274803C0>,False,False
TRZ02531,CCOC(=O)c1cc(-c2ccc(Cl)cc2)n(Cc2nnc(C)c(C)n2)c1C,384.87,4.14,69.9,0,5,5,3,1,<rdkit.Chem.rdchem.Mol object at 0x000001CB27480430>,False,False
TRZ02532,Cc1nc(-c2ccc(Cl)cc2)ccc1-c1nnc(C)c(C)n1,310.79,4.18,51.56,0,4,2,3,1,<rdkit.Chem.rdchem.Mol object at 0x000001CB274804A0>,False,False
TRZ02533,Cc1nnc(-c2c(O)c3c([nH]c2=O)CCCC3)nc1C,272.31,1.43,91.76,2,5,1,2,1,<rdkit.Chem.rdchem.Mol object at 0x000001CB27480510>,False,False
TRZ02534,Cc1nnc(CN2C(=O)NC(=O)C2(c2ccccc2)c2ccccc2)nc1C,373.42,2.48,88.08,1,5,4,3,1,<rdkit.Chem.rdchem.Mol object at 0x000001CB27480580>,False,False
TRZ02535,CC1=C(c2nnc(C)c(C)n2)C(c2ccccc2)NC(=O)N1,295.35,2.27,79.8,2,4,2,2,1,<rdkit.Chem.rdchem.Mol object at 0x000001CB274805F0>,False,False
TRZ02536,Cc1nnc(CN2c3c(-c4ccccc4)n[nH]c3-c3ccccc3S2(=O)=O)nc1C,418.48,3.25,104.73,1,6,3,4,1,<rdkit.Chem.rdchem.Mol object at 0x000001CB27480660>,False,False
TRZ02537,Cc1nnc(-c2ccc(-n3cc(-c4ccccc4)nn3)cc2O)nc1C,344.38,3.11,89.61,1,6,3,4,1,<rdkit.Chem.rdchem.Mol object at 0x000001CB274806D0>,False,False
TRZ02539,Cc1nnc(-c2[nH]cnc2/N=N/N(C)C2CCCCC2)nc1C,314.4,3.14,95.31,1,6,4,2,1,<rdkit.Chem.rdchem.Mol object at 0x000001CB27480740>,False,False
TRZ02540,Cc1nnc(COc2ccc(-c3n[nH]c(C)c3-c3ccc(Cl)cc3)c(O)c2)nc1C,421.89,4.79,96.81,2,6,5,4,1,<rdkit.Chem.rdchem.Mol object at 0x000001CB274807B0>,False,False
TRZ02541,COc1ccccc1-c1c(-c2ccc(OCc3nnc(C)c(C)n3)cc2O)n[nH]c1C,417.47,4.15,106.04,2,7,6,4,1,<rdkit.Chem.rdchem.Mol object at 0x000001CB27480820>,False,False
TRZ02542,C/C(=N\N)c1c(C)[nH]c(-c2nnc(C)c(C)n2)c1C,258.33,1.78,92.84,2,5,2,2,1,<rdkit.Chem.rdchem.Mol object at 0x000001CB27480890>,False,False
TRZ02543,Cc1nnc(-c2ccc(/C=N\O)nc2)nc1C,229.24,1.36,84.15,1,6,2,2,1,<rdkit.Chem.rdchem.Mol object at 0x000001CB27480900>,False,False
TRZ02545,Cc1nnc(Cc2nnc3nnc4c(n23)Nc2ccccc2C4)nc1C,345.37,1.56,106.67,1,8,2,4,1,<rdkit.Chem.rdchem.Mol object at 0x000001CB274809E0>,False,False
TRZ02546,Cc1nnc(Cn2cncc2-c2ccc(OCO)c(OCO)c2)nc1C,357.37,1.06,115.41,2,8,7,3,1,<rdkit.Chem.rdchem.Mol object at 0x000001CB27480A50>,False,False
TRZ02547,C#CCNS(=O)(=O)c1ccccc1-c1nnc(C)c(C)n1,302.36,1.07,84.84,1,5,4,2,1,<rdkit.Chem.rdchem.Mol object at 0x000001CB27480AC0>,False,False
TRZ02548,Cc1ccc(C2=NOC(CNS(=O)(=O)c3ccccc3-c3nnc(C)c(C)n3)C2)cc1,437.53,2.94,106.43,1,7,6,3,1,<rdkit.Chem.rdchem.Mol object at 0x000001CB27480B30>,False,False
TRZ02549,Cc1nnc(-c2ccccc2S(=O)(=O)NCC2CC(c3ccccc3Cl)=NO2)nc1C,457.94,3.28,106.43,1,7,6,3,1,<rdkit.Chem.rdchem.Mol object at 0x000001CB27480BA0>,False,False
TRZ02550,Cc1nnc(-c2ccccc2S(=O)(=O)NCC2CC(c3ccc(Cl)cc3)=NO2)nc1C,457.94,3.28,106.43,1,7,6,3,1,<rdkit.Chem.rdchem.Mol object at 0x000001CB27480C10>,False,False
TRZ02551,Cc1nnc(-c2ccccc2S(=O)(=O)NCC2CC(c3ccccc3)=NO2)nc1C,423.5,2.63,106.43,1,7,6,3,1,<rdkit.Chem.rdchem.Mol object at 0x000001CB27480C80>,False,False
TRZ02552,Cc1nnc(-c2ccccc2S(=O)(=O)NCC2CC(c3ccc(Cl)c(Cl)c3)=NO2)nc1C,492.39,3.93,106.43,1,7,6,3,1,<rdkit.Chem.rdchem.Mol object at 0x000001CB27480CF0>,False,False
TRZ02553,Cc1nnc(-c2ccccc2S(=O)(=O)NCC2CC(c3ccc(Cl)cc3Cl)=NO2)nc1C,492.39,3.93,106.43,1,7,6,3,1,<rdkit.Chem.rdchem.Mol object at 0x000001CB27480D60>,False,False
TRZ02556,Cc1cccc(-c2c(-c3nnc(C)c(C)n3)ncn2-c2cccc(Cl)c2)c1,375.86,4.97,56.49,0,4,3,4,1,<rdkit.Chem.rdchem.Mol object at 0x000001CB27480DD0>,False,False
TRZ02557,COc1ccc(-c2c(-c3nnc(C)c(C)n3)ncn2-c2cccc(Cl)c2)cc1,391.86,4.67,65.72,0,5,4,4,1,<rdkit.Chem.rdchem.Mol object at 0x000001CB27480E40>,False,False
TRZ02558,Cc1ccc(-c2c(-c3nnc(C)c(C)n3)ncn2-c2cccc(Cl)c2)cc1,375.86,4.97,56.49,0,4,3,4,1,<rdkit.Chem.rdchem.Mol object at 0x000001CB27480EB0>,False,False
TRZ02560,Cc1nnc(-c2ncn(-c3cccc(Cl)c3)c2-c2ccccc2)nc1C,361.84,4.66,56.49,0,4,3,4,1,<rdkit.Chem.rdchem.Mol object at 0x000001CB27480F20>,False,False
TRZ02561,COc1ccc(-c2[nH]c(=O)c(CN)c(-c3nnc(C)c(C)n3)c2-c2ccc(OC)cc2)cc1,443.51,3.65,116.01,2,7,6,4,1,<rdkit.Chem.rdchem.Mol object at 0x000001CB27480F90>,False,False
TRZ02562,CCCNc1nc2oc(C)c(-c3nnc(C)c(C)n3)c2c(=O)n1-c1ccc(C)cc1,404.47,3.89,98.73,1,7,5,4,1,<rdkit.Chem.rdchem.Mol object at 0x000001CB27481000>,False,False
TRZ02563,Cc1cccc(-n2c(N3CCOCC3)nc3oc(C)c(-c4nnc(C)c(C)n4)c3c2=O)c1,432.48,2.9,99.17,0,8,3,4,1,<rdkit.Chem.rdchem.Mol object at 0x000001CB27481070>,False,False
TRZ02564,Cc1nnc(-c2ccc(COc3c(N)cc(Cl)cc3Cl)cc2)nc1C,375.26,4.62,73.92,1,5,4,3,1,<rdkit.Chem.rdchem.Mol object at 0x000001CB274810E0>,False,False
TRZ02565,CCCNc1nc2oc(C)c(-c3nnc(C)c(C)n3)c2c(=O)n1-c1cccc(C)c1,404.47,3.89,98.73,1,7,5,4,1,<rdkit.Chem.rdchem.Mol object at 0x000001CB27481150>,False,False
TRZ02566,CCCN(CCC)c1nc2oc(C)c(-c3nnc(C)c(C)n3)c2c(=O)n1-c1ccccc1,432.53,4.38,89.94,0,7,7,4,1,<rdkit.Chem.rdchem.Mol object at 0x000001CB274811C0>,False,False
TRZ02567,CCCCNc1nc2oc(C)c(-c3nnc(C)c(C)n3)c2c(=O)n1-c1cccc(C)c1,418.5,4.28,98.73,1,7,6,4,1,<rdkit.Chem.rdchem.Mol object at 0x000001CB27481230>,False,False
TRZ02568,CCCN(CCC)c1nc2oc(C)c(-c3nnc(C)c(C)n3)c2c(=O)n1-c1ccc(C)cc1,446.56,4.69,89.94,0,7,7,4,1,<rdkit.Chem.rdchem.Mol object at 0x000001CB274812A0>,False,False
TRZ02569,Cc1ccc(-n2c(N3CCOCC3)nc3oc(C)c(-c4nnc(C)c(C)n4)c3c2=O)cc1,432.48,2.9,99.17,0,8,3,4,1,<rdkit.Chem.rdchem.Mol object at 0x000001CB27481310>,False,False
TRZ02570,CCCCNc1nc2oc(C)c(-c3nnc(C)c(C)n3)c2c(=O)n1-c1ccccc1,404.47,3.97,98.73,1,7,6,4,1,<rdkit.Chem.rdchem.Mol object at 0x000001CB27481380>,False,False
TRZ02571,CCCNc1nc2oc(C)c(-c3nnc(C)c(C)n3)c2c(=O)n1-c1ccccc1,390.45,3.58,98.73,1,7,5,4,1,<rdkit.Chem.rdchem.Mol object at 0x000001CB274813F0>,False,False
TRZ02572,Cc1nnc(Cc2c([N+](=O)[O-])ncn2C)nc1C,248.25,0.72,99.63,0,6,3,2,1,<rdkit.Chem.rdchem.Mol object at 0x000001CB27481460>,False,False
TRZ02573,Cc1nnc(Cc2csc(-c3ccc(Cl)cc3)n2)nc1C,316.82,3.86,51.56,0,5,3,3,1,<rdkit.Chem.rdchem.Mol object at 0x000001CB274814D0>,False,False
TRZ02574,COc1cc2c(cc1OC)C(c1nnc(C)c(C)n1)C(C)=NN=C2C,339.4,2.84,81.85,0,7,3,2,1,<rdkit.Chem.rdchem.Mol object at 0x000001CB27481540>,False,False
TRZ02575,Cc1nnc(-c2ccccc2Nc2ccc(Cl)cc2)nc1C,310.79,4.55,50.7,1,4,3,3,1,<rdkit.Chem.rdchem.Mol object at 0x000001CB274815B0>,False,False
TRZ02576,Cc1nnc(C(CC(=O)O)c2ccc(OC(C)C)cc2)nc1C,315.37,2.88,85.2,1,5,6,2,1,<rdkit.Chem.rdchem.Mol object at 0x000001CB27481620>,False,False
TRZ02577,Cc1nnc(-c2nscc2N)nc1C,207.26,1.19,77.58,1,6,1,2,1,<rdkit.Chem.rdchem.Mol object at 0x000001CB27481690>,False,False
TRZ02578,Cc1nnc(COc2ccc(/C=C/c3ccc(Cl)cc3)cc2)nc1C,351.84,4.89,47.9,0,4,5,3,1,<rdkit.Chem.rdchem.Mol object at 0x000001CB27481700>,False,False
TRZ02579,Cc1nnc(CS(=O)(=O)Cc2ccccc2)nc1C,277.35,1.6,72.81,0,5,4,2,1,<rdkit.Chem.rdchem.Mol object at 0x000001CB27481770>,False,False
TRZ02580,Cc1nnc(-c2cnn(-c3ccccc3)n2)nc1C,252.28,1.74,69.38,0,5,2,3,1,<rdkit.Chem.rdchem.Mol object at 0x000001CB274817E0>,False,False
TRZ02581,Cc1ccc(-n2nnc(-c3nnc(C)c(C)n3)c2C)cc1,280.34,2.35,69.38,0,5,2,3,1,<rdkit.Chem.rdchem.Mol object at 0x000001CB27481850>,False,False
TRZ02582,Cc1ccc2[nH]cc(-c3nnc(C)c(C)n3)c(=O)c2c1,266.3,2.31,71.53,1,4,1,3,1,<rdkit.Chem.rdchem.Mol object at 0x000001CB274818C0>,False,False
TRZ02583,Cc1nnc(-c2cn(-c3ccccc3)nn2)nc1C,252.28,1.74,69.38,0,5,2,3,1,<rdkit.Chem.rdchem.Mol object at 0x000001CB27481930>,False,False
TRZ02584,Cc1nnc(-c2cnc3c(-c4ccccc4)c(C)nn3c2N)nc1C,331.38,2.76,94.88,1,6,2,4,1,<rdkit.Chem.rdchem.Mol object at 0x000001CB274819A0>,False,False
TRZ02585,Cc1nnc(-c2nn(-c3ccccc3)c(-c3ccco3)c2C#N)nc1C,342.36,3.47,93.42,0,6,3,4,1,<rdkit.Chem.rdchem.Mol object at 0x000001CB27481A10>,False,False
TRZ02586,Cc1nnc(-c2nn(-c3ccccc3)c3c2Cc2ccccc2-3)nc1C,339.4,3.91,56.49,0,4,2,4,1,<rdkit.Chem.rdchem.Mol object at 0x000001CB27481A80>,False,False
TRZ02587,CC(=O)c1sc(N)c(-c2nnc(C)c(C)n2)c1C,262.34,2.31,81.76,1,6,2,2,1,<rdkit.Chem.rdchem.Mol object at 0x000001CB27481AF0>,False,False
TRZ02588,CCCCCn1c(=O)c(-c2nnc(C)c(C)n2)c(O)c2ccccc21,338.41,3.37,80.9,1,5,5,3,1,<rdkit.Chem.rdchem.Mol object at 0x000001CB27481B60>,False,False
TRZ02589,Cc1nnc(Cn2ncc3ccccc32)nc1C,239.28,1.89,56.49,0,4,2,3,1,<rdkit.Chem.rdchem.Mol object at 0x000001CB27481BD0>,False,False
TRZ02590,Cc1nnc(-c2cc3ccccc3nc2N)nc1C,251.29,2.29,77.58,1,5,1,3,1,<rdkit.Chem.rdchem.Mol object at 0x000001CB27481C40>,False,False
TRZ02591,CCn1nc(Cc2nnc(C)c(C)n2)nc1C,232.29,1.0,69.38,0,5,3,2,1,<rdkit.Chem.rdchem.Mol object at 0x000001CB27481CB0>,False,False
TRZ02592,Cc1nnc(-c2c(N)[nH]n3c(=O)c(C(C)(C)C)nnc23)nc1C,314.35,0.77,127.74,2,7,1,3,1,<rdkit.Chem.rdchem.Mol object at 0x000001CB27481D20>,False,False
TRZ02593,CCOc1ccc(-n2nnc(-c3nnc(C)c(C)n3)c2C)cc1,310.36,2.44,78.61,0,6,4,3,1,<rdkit.Chem.rdchem.Mol object at 0x000001CB27481D90>,False,False
TRZ02594,Cc1nnc(-c2sc3nc4ccccc4n3c2C)nc1C,295.37,3.33,55.97,0,5,1,4,1,<rdkit.Chem.rdchem.Mol object at 0x000001CB27481E00>,False,False
TRZ02595,CSc1ccn(Cc2nnc(C)c(C)n2)c(=O)n1,263.33,0.82,73.56,0,6,3,2,1,<rdkit.Chem.rdchem.Mol object at 0x000001CB27481E70>,False,False
TRZ02600,CSc1cc(C)n(Cc2nnc(C)c(C)n2)c(=O)n1,277.35,1.12,73.56,0,6,3,2,1,<rdkit.Chem.rdchem.Mol object at 0x000001CB274820A0>,False,False
TRZ02601,Cc1ccc(Nc2n[nH]nc2-c2nnc(C)c(C)n2)cc1,281.32,2.33,92.27,2,6,3,3,1,<rdkit.Chem.rdchem.Mol object at 0x000001CB27482110>,False,False
TRZ02602,Cc1nnc(-c2cnn(-c3ccc(-c4ccccc4)nn3)c2N)nc1C,344.38,2.38,108.29,1,7,3,4,1,<rdkit.Chem.rdchem.Mol object at 0x000001CB27482180>,False,False
TRZ02603,Cc1nnc(-c2csc(C34CC5CC(CC(C5)C3)C4)n2)nc1C,326.47,4.08,51.56,0,5,2,2,1,<rdkit.Chem.rdchem.Mol object at 0x000001CB274821F0>,False,False
TRZ02604,Cc1nnc(-c2c(-n3cccc3)no[n+]2[O-])nc1C,258.24,0.57,96.57,0,6,2,3,1,<rdkit.Chem.rdchem.Mol object at 0x000001CB27482260>,False,False
TRZ02605,Cc1nnc(C=Cc2ccccc2)nc1C,211.27,2.66,38.67,0,3,2,2,1,<rdkit.Chem.rdchem.Mol object at 0x000001CB274822D0>,False,False
TRZ02606,Cc1nnc(-c2cccc(N)c2C(=O)O)nc1C,244.25,1.44,101.99,2,5,2,2,1,<rdkit.Chem.rdchem.Mol object at 0x000001CB27482340>,False,False
TRZ02607,Cc1nnc(-c2c3ccccc3nc3ccccc23)nc1C,286.34,3.86,51.56,0,4,1,4,1,<rdkit.Chem.rdchem.Mol object at 0x000001CB274823B0>,False,False
TRZ02608,Cc1nnc(C=Cc2ccncc2)nc1C,212.26,2.05,51.56,0,4,2,2,1,<rdkit.Chem.rdchem.Mol object at 0x000001CB27482420>,False,False
TRZ02609,Cc1nnc(C=Cc2ccco2)nc1C,201.23,2.25,51.81,0,4,2,2,1,<rdkit.Chem.rdchem.Mol object at 0x000001CB27482490>,False,False
TRZ02610,COc1ccc(C=Cc2nnc(C)c(C)n2)cc1,241.29,2.67,47.9,0,4,3,2,1,<rdkit.Chem.rdchem.Mol object at 0x000001CB27482500>,False,False
TRZ02611,Cc1nnc(Cn2nnc(-c3ccccc3)n2)nc1C,267.3,1.19,82.27,0,6,3,3,1,<rdkit.Chem.rdchem.Mol object at 0x000001CB27482570>,False,False
TRZ02612,Cc1nnc(CSc2ccccn2)nc1C,232.31,2.18,51.56,0,5,3,2,1,<rdkit.Chem.rdchem.Mol object at 0x000001CB274825E0>,False,False
TRZ02613,Cc1nnc(-c2cncc(O)c2)nc1C,202.22,1.26,71.79,1,5,1,2,1,<rdkit.Chem.rdchem.Mol object at 0x000001CB27482650>,False,False
TRZ02614,Cc1nnc(-c2cc3sccc3[nH]2)nc1C,230.3,2.7,54.46,1,4,1,3,1,<rdkit.Chem.rdchem.Mol object at 0x000001CB274826C0>,False,False
TRZ02615,Cc1nnc(C=Cc2cccnc2)nc1C,212.26,2.05,51.56,0,4,2,2,1,<rdkit.Chem.rdchem.Mol object at 0x000001CB27482730>,False,False
TRZ02616,Cc1ccc(Cc2nnc(C)c(C)n2)cc1,213.28,2.39,38.67,0,3,2,2,1,<rdkit.Chem.rdchem.Mol object at 0x000001CB274827A0>,False,False
TRZ02617,COc1ccc(-c2nnc(C)c(C)n2)cc1Br,294.15,2.93,47.9,0,4,2,2,1,<rdkit.Chem.rdchem.Mol object at 0x000001CB27482810>,False,False
TRZ02618,Cc1nnc(-c2cc3ccccc3n2C)nc1C,238.29,2.65,43.6,0,3,1,3,1,<rdkit.Chem.rdchem.Mol object at 0x000001CB27482880>,False,False
TRZ02619,Cc1nnc(-c2ccc(-c3nnc(C)c(C)n3)s2)nc1C,298.38,2.69,77.34,0,7,2,3,2,<rdkit.Chem.rdchem.Mol object at 0x000001CB274828F0>,False,False
TRZ02620,Cc1ccc(-c2ccccc2-c2nnc(C)c(C)n2)cc1,275.35,4.13,38.67,0,3,2,3,1,<rdkit.Chem.rdchem.Mol object at 0x000001CB27482960>,False,False
TRZ02621,CCCCCCOc1ccc(-c2nnc(C)c(C)n2)cc1,285.39,4.11,47.9,0,4,7,2,1,<rdkit.Chem.rdchem.Mol object at 0x000001CB274829D0>,False,False
TRZ02623,COc1ccc2cc(C(C)c3nnc(C)c(C)n3)ccc2c1,293.37,3.8,47.9,0,4,3,3,1,<rdkit.Chem.rdchem.Mol object at 0x000001CB27482AB0>,False,False
TRZ02624,Cc1nnc(Cc2ccc[nH]2)nc1C,188.23,1.41,54.46,1,3,2,2,1,<rdkit.Chem.rdchem.Mol object at 0x000001CB27482B20>,False,False
TRZ02625,Cc1nnc(Cn2cncn2)nc1C,190.21,0.13,69.38,0,5,2,2,1,<rdkit.Chem.rdchem.Mol object at 0x000001CB27482B90>,False,False
TRZ02626,Cc1nnc(C(=Cc2ccccc2)c2ccccc2)nc1C,287.37,4.08,38.67,0,3,3,3,1,<rdkit.Chem.rdchem.Mol object at 0x000001CB27482C00>,False,False
TRZ02627,Cc1cc(SCc2nnc(C)c(C)n2)c2ccccc2n1,296.4,3.64,51.56,0,5,3,3,1,<rdkit.Chem.rdchem.Mol object at 0x000001CB27482C70>,False,False
TRZ02628,Cc1nnc(C=Cc2cccs2)nc1C,217.3,2.72,38.67,0,4,2,2,1,<rdkit.Chem.rdchem.Mol object at 0x000001CB27482CE0>,False,False
TRZ02629,Cc1nnc(CP(=O)(OCCCl)c2ccc(N(C)C)cc2)nc1C,368.81,2.91,68.21,0,6,7,2,1,<rdkit.Chem.rdchem.Mol object at 0x000001CB27482D50>,False,False
TRZ02630,Cc1nnc(-c2cc([N+](=O)[O-])ccc2O)nc1C,246.23,1.77,102.04,1,6,2,2,1,<rdkit.Chem.rdchem.Mol object at 0x000001CB27482DC0>,False,False
TRZ02631,Cc1nnc(Cc2ccn[nH]2)nc1C,189.22,0.8,67.35,1,4,2,2,1,<rdkit.Chem.rdchem.Mol object at 0x000001CB27482E30>,False,False
TRZ02632,Cc1nnc(CNc2cccc3ccccc23)nc1C,264.33,3.25,50.7,1,4,3,3,1,<rdkit.Chem.rdchem.Mol object at 0x000001CB27482EA0>,False,False
TRZ02633,CCCCCCCCOc1ccc(-c2nnc(C)c(C)n2)cc1,313.45,4.89,47.9,0,4,9,2,1,<rdkit.Chem.rdchem.Mol object at 0x000001CB27482F10>,False,False
TRZ02634,Cc1cc(-c2nnc(C)c(C)n2)ccc1Cl,233.7,3.12,38.67,0,3,1,2,1,<rdkit.Chem.rdchem.Mol object at 0x000001CB27482F80>,False,False
TRZ02635,CCCCCCCOc1ccc(-c2nnc(C)c(C)n2)cc1,299.42,4.5,47.9,0,4,8,2,1,<rdkit.Chem.rdchem.Mol object at 0x000001CB27482FF0>,False,False
TRZ02636,Cc1nnc(CSCc2ccccc2)nc1C,245.35,2.92,38.67,0,4,4,2,1,<rdkit.Chem.rdchem.Mol object at 0x000001CB27483060>,False,False
TRZ02637,Cc1nnc(Cn2nnnc2C)nc1C,205.22,-0.17,82.27,0,6,2,2,1,<rdkit.Chem.rdchem.Mol object at 0x000001CB274830D0>,False,False
TRZ02638,Cc1ccc(-c2nnc(C)c(C)n2)cn1,200.25,1.86,51.56,0,4,1,2,1,<rdkit.Chem.rdchem.Mol object at 0x000001CB27483140>,False,False
TRZ02639,Cc1nnc([C@H](Cc2c[nH]c3ccccc23)NC(=O)OC(C)(C)C)nc1C,367.45,3.78,92.79,2,5,4,3,1,<rdkit.Chem.rdchem.Mol object at 0x000001CB274831B0>,False,False
TRZ02640,Cc1nnc(-c2ccc(Cl)nn2)nc1C,221.65,1.6,64.45,0,5,1,2,1,<rdkit.Chem.rdchem.Mol object at 0x000001CB27483220>,False,False
TRZ02641,Cc1nnc(Cc2csc3nc(-c4ccc(Cl)cc4)cn23)nc1C,355.85,4.11,55.97,0,5,3,4,1,<rdkit.Chem.rdchem.Mol object at 0x000001CB27483290>,False,False
TRZ02642,Cc1nnc(CCn2ccc3ccccc32)nc1C,252.32,2.69,43.6,0,3,3,3,1,<rdkit.Chem.rdchem.Mol object at 0x000001CB27483300>,False,False
TRZ02643,Cc1nnc(-c2ccc(-c3ccc(-c4nnc(C)c(C)n4)cn3)nc2)nc1C,370.42,3.08,103.12,0,8,3,4,2,<rdkit.Chem.rdchem.Mol object at 0x000001CB27483370>,False,False
TRZ02644,Cc1nnc(-c2ncco2)nc1C,176.18,1.14,64.7,0,5,1,2,1,<rdkit.Chem.rdchem.Mol object at 0x000001CB274833E0>,False,False
TRZ02645,Cc1nnc(CS(=O)(=O)c2ccccc2)nc1C,263.32,1.46,72.81,0,5,3,2,1,<rdkit.Chem.rdchem.Mol object at 0x000001CB27483450>,False,False
TRZ02646,Cc1nnc(Cn2cnnn2)nc1C,191.2,-0.48,82.27,0,6,2,2,1,<rdkit.Chem.rdchem.Mol object at 0x000001CB274834C0>,False,False
TRZ02647,Cc1nnc(CSc2ccc([N+](=O)[O-])cc2)nc1C,276.32,2.69,81.81,0,6,4,2,1,<rdkit.Chem.rdchem.Mol object at 0x000001CB27483530>,False,False
TRZ02648,CCCOc1ccc(Cc2nnc(C)c(C)n2)cc1,257.34,2.87,47.9,0,4,5,2,1,<rdkit.Chem.rdchem.Mol object at 0x000001CB274835A0>,False,False
TRZ02649,Cc1nnc(COc2ccc3ccc(=O)oc3c2)nc1C,283.29,2.17,78.11,0,6,3,3,1,<rdkit.Chem.rdchem.Mol object at 0x000001CB27483610>,False,False
TRZ02650,Cc1nnc(-c2ccc(C(=O)O)cc2N)nc1C,244.25,1.44,101.99,2,5,2,2,1,<rdkit.Chem.rdchem.Mol object at 0x000001CB27483680>,False,False
TRZ02651,Cc1nnc(-c2ccccc2C(=O)O)nc1C,229.24,1.85,75.97,1,4,2,2,1,<rdkit.Chem.rdchem.Mol object at 0x000001CB274836F0>,False,False
TRZ02652,COc1ccc2nc(-c3nnc(C)c(C)n3)sc2c1,272.33,2.77,60.79,0,6,2,3,1,<rdkit.Chem.rdchem.Mol object at 0x000001CB27483760>,False,False
TRZ02653,Cc1nnc(Cc2nc3ccccc3s2)nc1C,256.33,2.69,51.56,0,5,2,3,1,<rdkit.Chem.rdchem.Mol object at 0x000001CB274837D0>,False,False
TRZ02654,CCc1ccccc1-c1nnc(C)c(C)n1,213.28,2.72,38.67,0,3,2,2,1,<rdkit.Chem.rdchem.Mol object at 0x000001CB27483840>,False,False
TRZ02655,Cc1nnc(CC(O)c2ccccc2)nc1C,229.28,1.76,58.9,1,4,3,2,1,<rdkit.Chem.rdchem.Mol object at 0x000001CB274838B0>,False,False
TRZ02656,CCCCc1ccccc1-c1nnc(C)c(C)n1,241.34,3.5,38.67,0,3,4,2,1,<rdkit.Chem.rdchem.Mol object at 0x000001CB27483920>,False,False
TRZ02657,COc1ccc(CCc2nnc(C)c(C)n2)cc1OC,273.34,2.29,57.13,0,5,5,2,1,<rdkit.Chem.rdchem.Mol object at 0x000001CB27483990>,False,False
TRZ02658,Cc1nnc(C2C=C3c4cccc5[nH]cc(c45)CC3N(C)C2)nc1C,331.42,3.01,57.7,1,4,1,3,1,<rdkit.Chem.rdchem.Mol object at 0x000001CB27483A00>,False,False
TRZ02659,Cc1nnc([C@@H]2C=C3c4cccc5[nH]cc(c45)C[C@H]3N(C)C2)nc1C,331.42,3.01,57.7,1,4,1,3,1,<rdkit.Chem.rdchem.Mol object at 0x000001CB27483A70>,False,False
TRZ02660,Cc1nnc(-c2cn[nH]c2N)nc1C,190.21,0.46,93.37,2,5,1,2,1,<rdkit.Chem.rdchem.Mol object at 0x000001CB27483AE0>,False,False
TRZ02661,Cc1nnc(-c2cccnc2Nc2ccccc2)nc1C,277.33,3.29,63.59,1,5,3,3,1,<rdkit.Chem.rdchem.Mol object at 0x000001CB27483B50>,False,False
TRZ02662,Cc1nnc(-c2[nH]c3ccccc3c2C)nc1C,238.29,2.95,54.46,1,3,1,3,1,<rdkit.Chem.rdchem.Mol object at 0x000001CB27483BC0>,False,False
TRZ02663,Cc1cccc(-c2nnc(C)c(C)n2)c1-c1nnc(C)c(C)n1,306.37,2.93,77.34,0,6,2,3,2,<rdkit.Chem.rdchem.Mol object at 0x000001CB27483C30>,False,False
TRZ02664,Cc1ccc(-c2nnc(C)c(C)n2)c(-c2nnc(C)c(C)n2)c1,306.37,2.93,77.34,0,6,2,3,2,<rdkit.Chem.rdchem.Mol object at 0x000001CB27483CA0>,False,False
TRZ02666,Cc1cccc(Nc2ccccc2-c2nnc(C)c(C)n2)c1C,304.4,4.52,50.7,1,4,3,3,1,<rdkit.Chem.rdchem.Mol object at 0x000001CB27483D10>,False,False
TRZ02667,CCc1nn(C)c(-c2nnc(C)c(C)n2)c1Cl,251.72,2.1,56.49,0,4,2,2,1,<rdkit.Chem.rdchem.Mol object at 0x000001CB27483D80>,False,False
TRZ02668,Cc1nnc(Cn2c(=O)oc3ccccc32)nc1C,256.26,1.44,73.81,0,5,2,3,1,<rdkit.Chem.rdchem.Mol object at 0x000001CB27483DF0>,False,False
TRZ02669,CCN(CC)c1ccc(-c2nnc(C)c(C)n2)c(-c2nnc(C)c(C)n2)c1,363.47,3.47,80.58,0,7,5,3,2,<rdkit.Chem.rdchem.Mol object at 0x000001CB27483E60>,False,False
TRZ02670,Cc1nnc(Cc2ccc(C(C)(C)C)cc2)nc1C,255.36,3.38,38.67,0,3,2,2,1,<rdkit.Chem.rdchem.Mol object at 0x000001CB27483ED0>,False,False
TRZ02671,Cc1nnc(-c2ccc3nc[nH]c3c2)nc1C,225.25,2.03,67.35,1,4,1,3,1,<rdkit.Chem.rdchem.Mol object at 0x000001CB27483F40>,False,False
TRZ02672,Cc1nnc(Cn2nnnc2N)nc1C,206.21,-0.89,108.29,1,7,2,2,1,<rdkit.Chem.rdchem.Mol object at 0x000001CB27484040>,False,False
TRZ02673,Cc1cccc(-c2nnc(C)c(C)n2)c1C,213.28,2.77,38.67,0,3,1,2,1,<rdkit.Chem.rdchem.Mol object at 0x000001CB274840B0>,False,False
TRZ02674,Cc1nnc(-c2ccc3nc(-c4ccccc4)[nH]c3c2)nc1C,301.35,3.7,67.35,1,4,2,4,1,<rdkit.Chem.rdchem.Mol object at 0x000001CB27484120>,False,False
TRZ02675,Cc1nnc(-c2ccccc2C(=O)c2ccccc2)nc1C,289.34,3.39,55.74,0,4,3,3,1,<rdkit.Chem.rdchem.Mol object at 0x000001CB27484190>,False,False
TRZ02676,Cc1nnc(-c2ccccc2C(N)=O)nc1C,228.25,1.25,81.76,1,4,2,2,1,<rdkit.Chem.rdchem.Mol object at 0x000001CB27484200>,False,False
TRZ02677,Cc1nnc(-c2cc3cccc([N+](=O)[O-])c3[nH]2)nc1C,269.26,2.54,97.6,1,5,2,3,1,<rdkit.Chem.rdchem.Mol object at 0x000001CB27484270>,False,False
TRZ02678,Cc1nnc(C2CCN(C(=O)OCc3ccccc3)CC2)nc1C,326.4,3.0,68.21,0,5,3,2,1,<rdkit.Chem.rdchem.Mol object at 0x000001CB274842E0>,False,False
TRZ02679,Cc1nnc(-c2cccc(O)c2-c2nnc(C)c(C)n2)nc1C,308.35,2.33,97.57,1,7,2,3,2,<rdkit.Chem.rdchem.Mol object at 0x000001CB27484350>,False,False
TRZ02680,Cc1nnc(Cc2c(C)c3ccc(N)cc3oc2=O)nc1C,296.33,2.08,94.9,1,6,2,3,1,<rdkit.Chem.rdchem.Mol object at 0x000001CB274843C0>,False,False
TRZ02681,Cc1nnc(-c2cnoc2)nc1C,176.18,1.14,64.7,0,5,1,2,1,<rdkit.Chem.rdchem.Mol object at 0x000001CB27484430>,False,False
TRZ02682,Cc1nnc(-c2cccc(CN)c2-c2nnc(C)c(C)n2)nc1C,321.39,2.08,103.36,1,7,3,3,2,<rdkit.Chem.rdchem.Mol object at 0x000001CB274844A0>,False,False
TRZ02683,Cc1nnc(-c2ccc(N)cc2-c2nnc(C)c(C)n2)nc1C,307.36,2.21,103.36,1,7,2,3,2,<rdkit.Chem.rdchem.Mol object at 0x000001CB27484510>,False,False
TRZ02686,Cc1nnc(-c2ccccc2C=O)nc1C,213.24,1.97,55.74,0,4,2,2,1,<rdkit.Chem.rdchem.Mol object at 0x000001CB27484580>,False,False
TRZ02687,CC(=O)c1ccccc1-c1nnc(C)c(C)n1,227.27,2.36,55.74,0,4,2,2,1,<rdkit.Chem.rdchem.Mol object at 0x000001CB274845F0>,False,False
TRZ02688,Cc1nnc(-c2cc(C(C)(C)C)cc(C(C)(C)C)c2O)nc1C,313.44,4.46,58.9,1,4,1,2,1,<rdkit.Chem.rdchem.Mol object at 0x000001CB27484660>,False,False
TRZ02689,Cc1nnc(C(=O)c2ccccc2)nc1C,213.24,1.72,55.74,0,4,2,2,1,<rdkit.Chem.rdchem.Mol object at 0x000001CB274846D0>,False,False
TRZ02690,Cc1nnc(-c2c(C)c3ccccc3n2C)nc1C,252.32,2.96,43.6,0,3,1,3,1,<rdkit.Chem.rdchem.Mol object at 0x000001CB27484740>,False,False
TRZ02691,CC(=O)c1cc(-c2nnc(C)c(C)n2)ccn1,228.25,1.75,68.63,0,5,2,2,1,<rdkit.Chem.rdchem.Mol object at 0x000001CB274847B0>,False,False
TRZ02692,Cc1nnc(C(C)c2cc(C(C)(C)C)c(O)c(C(C)(C)C)c2)nc1C,341.5,4.94,58.9,1,4,2,2,1,<rdkit.Chem.rdchem.Mol object at 0x000001CB27484820>,False,False
TRZ02694,Cc1ccc2[nH]nc(-c3nnc(C)c(C)n3)c2c1,239.28,2.34,67.35,1,4,1,3,1,<rdkit.Chem.rdchem.Mol object at 0x000001CB27484890>,False,False
TRZ02695,Cc1nnc(-c2cccc(C(=O)O)c2)nc1C,229.24,1.85,75.97,1,4,2,2,1,<rdkit.Chem.rdchem.Mol object at 0x000001CB27484900>,False,False
TRZ02696,Cc1nnc(-c2ccc3[nH]ccc3c2)nc1C,224.27,2.64,54.46,1,3,1,3,1,<rdkit.Chem.rdchem.Mol object at 0x000001CB27484970>,False,False
TRZ02698,Cc1nnc(-c2ccc3cc(O)ccc3c2)nc1C,251.29,3.01,58.9,1,4,1,3,1,<rdkit.Chem.rdchem.Mol object at 0x000001CB27484A50>,False,False
TRZ02699,Cc1nnc(-c2nccs2)nc1C,192.25,1.61,51.56,0,5,1,2,1,<rdkit.Chem.rdchem.Mol object at 0x000001CB27484AC0>,False,False
TRZ02700,Cc1nnc(-c2cccc(Br)n2)nc1C,265.11,2.31,51.56,0,4,1,2,1,<rdkit.Chem.rdchem.Mol object at 0x000001CB27484B30>,False,False
TRZ02701,Cc1nnc(-c2cc(-c3ccccc3)nn2C)nc1C,265.32,2.56,56.49,0,4,2,3,1,<rdkit.Chem.rdchem.Mol object at 0x000001CB27484BA0>,False,False
TRZ02702,Cc1nnc(CN2CCc3ccccc3C2)nc1C,254.34,2.05,41.91,0,4,2,2,1,<rdkit.Chem.rdchem.Mol object at 0x000001CB27484C10>,False,False
TRZ02703,Cc1nnc(-c2c(C)[nH]c3ccccc23)nc1C,238.29,2.95,54.46,1,3,1,3,1,<rdkit.Chem.rdchem.Mol object at 0x000001CB27484C80>,False,False
TRZ02704,Cc1nnc(C2CCCc3ccccc32)nc1C,239.32,2.96,38.67,0,3,1,2,1,<rdkit.Chem.rdchem.Mol object at 0x000001CB27484CF0>,False,False
TRZ02705,Cc1ccc(NCCc2nnc(C)c(C)n2)cc1,242.33,2.45,50.7,1,4,4,2,1,<rdkit.Chem.rdchem.Mol object at 0x000001CB27484D60>,False,False
TRZ02706,Cc1nnc(-c2ccc(-c3ccncc3)cc2)nc1C,262.32,3.22,51.56,0,4,2,3,1,<rdkit.Chem.rdchem.Mol object at 0x000001CB27484DD0>,False,False
TRZ02707,COc1nc(/C=C/c2nnc(C)c(C)n2)ccc1-n1cnc(C)c1,322.37,2.56,78.61,0,6,4,3,1,<rdkit.Chem.rdchem.Mol object at 0x000001CB27484E40>,False,False
TRZ02708,Cc1nnc(-c2cn[nH]n2)nc1C,176.18,0.27,80.24,1,5,1,2,1,<rdkit.Chem.rdchem.Mol object at 0x000001CB27484EB0>,False,False
TRZ02709,Cc1nnc(-c2cn(C3CCN(C(=O)OC(C)(C)C)CC3)nn2)nc1C,359.43,2.32,98.92,0,7,2,2,1,<rdkit.Chem.rdchem.Mol object at 0x000001CB27484F20>,False,False
TRZ02710,Cc1nnc([C@H](N)Cc2ccc(O)cc2)nc1C,244.3,1.44,84.92,2,5,3,2,1,<rdkit.Chem.rdchem.Mol object at 0x000001CB27484F90>,False,False
TRZ02711,Cc1nnc(-c2cc[nH]c(=O)c2)nc1C,202.22,0.84,71.53,1,4,1,2,1,<rdkit.Chem.rdchem.Mol object at 0x000001CB27485000>,False,False
TRZ02712,Cc1nnc(-c2ccoc2-c2nnc(C)c(C)n2)nc1C,282.31,2.22,90.48,0,7,2,3,2,<rdkit.Chem.rdchem.Mol object at 0x000001CB27485070>,False,False
TRZ02713,Cc1nnc([C@@H]2CCCN2C(=O)OCc2ccccc2)nc1C,312.37,2.96,68.21,0,5,3,2,1,<rdkit.Chem.rdchem.Mol object at 0x000001CB274850E0>,False,False
TRZ02714,Cc1nnc(-c2ccccc2OS)nc1C,233.3,2.38,47.9,1,5,2,2,1,<rdkit.Chem.rdchem.Mol object at 0x000001CB27485150>,False,False
TRZ02715,Cc1nnc(-c2cc3ccccc3cn2)nc1C,236.28,2.7,51.56,0,4,1,3,1,<rdkit.Chem.rdchem.Mol object at 0x000001CB274851C0>,False,False
TRZ02716,COc1nn(C)cc1-c1nnc(C)c(C)n1,219.25,0.9,65.72,0,5,2,2,1,<rdkit.Chem.rdchem.Mol object at 0x000001CB27485230>,False,False
TRZ02717,Cc1nnc(-c2coc(-c3ccccc3)n2)nc1C,252.28,2.81,64.7,0,5,2,3,1,<rdkit.Chem.rdchem.Mol object at 0x000001CB274852A0>,False,False
TRZ02718,Cc1ccc2oc(-c3nnc(C)c(C)n3)cc2c1,239.28,3.21,51.81,0,4,1,3,1,<rdkit.Chem.rdchem.Mol object at 0x000001CB27485310>,False,False
TRZ02719,Cc1nnc(-c2cc3cc([N+](=O)[O-])ccc3[nH]2)nc1C,269.26,2.54,97.6,1,5,2,3,1,<rdkit.Chem.rdchem.Mol object at 0x000001CB27485380>,False,False
TRZ02720,Cc1nnc(-c2ccccc2NS(C)(=O)=O)nc1C,278.34,1.53,84.84,1,5,3,2,1,<rdkit.Chem.rdchem.Mol object at 0x000001CB274853F0>,False,False
TRZ02721,Cc1nnc(-c2ccc3[nH]c4ccccc4c3c2)nc1C,274.33,3.79,54.46,1,3,1,4,1,<rdkit.Chem.rdchem.Mol object at 0x000001CB27485460>,False,False
TRZ02722,Cc1nnc(-c2ccc3cnccc3c2)nc1C,236.28,2.7,51.56,0,4,1,3,1,<rdkit.Chem.rdchem.Mol object at 0x000001CB274854D0>,False,False
TRZ02723,Cc1nnc(Cn2nccn2)nc1C,190.21,0.13,69.38,0,5,2,2,1,<rdkit.Chem.rdchem.Mol object at 0x000001CB27485540>,False,False
TRZ02724,CC(=O)c1ccc(OCCCc2nnc(C)c(C)n2)cc1,285.35,2.7,64.97,0,5,6,2,1,<rdkit.Chem.rdchem.Mol object at 0x000001CB274855B0>,False,False
TRZ02725,Cc1nnc(-c2ccc(Cl)c(N)c2)nc1C,234.69,2.39,64.69,1,4,1,2,1,<rdkit.Chem.rdchem.Mol object at 0x000001CB27485620>,False,False
TRZ02726,Cc1nnc(-c2cn(C3CCNCC3)nn2)nc1C,259.32,0.67,81.41,1,6,2,2,1,<rdkit.Chem.rdchem.Mol object at 0x000001CB27485690>,False,False
TRZ02727,Cc1nnc([C@@H](N)Cc2c[nH]c3ccccc23)nc1C,267.34,2.21,80.48,2,4,3,3,1,<rdkit.Chem.rdchem.Mol object at 0x000001CB27485700>,False,False
TRZ02728,Cc1nnc(Cc2ccc(S(C)(=O)=O)cc2)nc1C,277.35,1.48,72.81,0,5,3,2,1,<rdkit.Chem.rdchem.Mol object at 0x000001CB27485770>,False,False
TRZ02729,COc1ccc(/C=C/c2nnc(C)c(C)n2)cc1O,257.29,2.37,68.13,1,5,3,2,1,<rdkit.Chem.rdchem.Mol object at 0x000001CB274857E0>,False,False
TRZ02730,Cc1nnc(-c2cnccc2C(=O)O)nc1C,230.23,1.25,88.86,1,5,2,2,1,<rdkit.Chem.rdchem.Mol object at 0x000001CB27485850>,False,False
TRZ02731,Cc1nn2c(C)c(-c3nnc(C)c(C)n3)nc2s1,260.33,1.88,68.86,0,6,1,3,1,<rdkit.Chem.rdchem.Mol object at 0x000001CB274858C0>,False,False
TRZ02732,Cc1nnc(C2CCC(Oc3ccccn3)CC2)nc1C,284.36,2.99,60.79,0,5,3,2,1,<rdkit.Chem.rdchem.Mol object at 0x000001CB27485930>,False,False
TRZ02733,Cc1nnc(-c2cccc(N)c2O)nc1C,216.24,1.44,84.92,2,5,1,2,1,<rdkit.Chem.rdchem.Mol object at 0x000001CB274859A0>,False,False
TRZ02734,Cc1nnc(-c2ccccc2ON)nc1C,216.24,1.41,73.92,1,5,2,2,1,<rdkit.Chem.rdchem.Mol object at 0x000001CB27485A10>,False,False
TRZ02735,Cc1nnc(-c2cccc3c2-c2ccccc2C=NO3)nc1C,302.34,3.55,60.26,0,5,1,3,1,<rdkit.Chem.rdchem.Mol object at 0x000001CB27485A80>,False,False
TRZ02736,Cc1nnc(-c2cc(O)cc3ccccc23)nc1C,251.29,3.01,58.9,1,4,1,3,1,<rdkit.Chem.rdchem.Mol object at 0x000001CB27485AF0>,False,False
TRZ02737,Cc1nnc(-c2ccc(C(=O)O)cn2)nc1C,230.23,1.25,88.86,1,5,2,2,1,<rdkit.Chem.rdchem.Mol object at 0x000001CB27485B60>,False,False
TRZ02738,C=CC(=O)c1ccccc1-c1nnc(C)c(C)n1,239.28,2.52,55.74,0,4,3,2,1,<rdkit.Chem.rdchem.Mol object at 0x000001CB27485BD0>,False,False
TRZ02739,Cc1nnc(-c2c(C(=O)O)ccc3ccc(N)cc23)nc1C,294.31,2.59,101.99,2,5,2,3,1,<rdkit.Chem.rdchem.Mol object at 0x000001CB27485C40>,False,False
TRZ02740,Cc1nnc(-c2ncccc2C(=O)O)nc1C,230.23,1.25,88.86,1,5,2,2,1,<rdkit.Chem.rdchem.Mol object at 0x000001CB27485CB0>,False,False
TRZ02741,COc1ccc(-c2nnc(C)c(C)n2)cc1O,231.25,1.87,68.13,1,5,2,2,1,<rdkit.Chem.rdchem.Mol object at 0x000001CB27485D20>,False,False
TRZ02742,Cc1nnc(CCN(CCc2nnc(C)c(C)n2)c2ccc(Cl)cc2)nc1C,397.91,3.24,80.58,0,7,7,3,2,<rdkit.Chem.rdchem.Mol object at 0x000001CB27485D90>,False,False
TRZ02743,Cc1nnc(-c2cc3cccnc3s2)nc1C,242.31,2.77,51.56,0,5,1,3,1,<rdkit.Chem.rdchem.Mol object at 0x000001CB27485E00>,False,False
TRZ02744,C=Cc1ccccc1-c1nnc(C)c(C)n1,211.27,2.8,38.67,0,3,2,2,1,<rdkit.Chem.rdchem.Mol object at 0x000001CB27485E70>,False,False
TRZ02745,Cc1nnc(-c2c(C(=O)O)ccc3ccccc23)nc1C,279.3,3.01,75.97,1,4,2,3,1,<rdkit.Chem.rdchem.Mol object at 0x000001CB27485EE0>,False,False
TRZ02746,Cc1nnc(C2=Cc3ccccc3NC2)nc1C,238.29,2.45,50.7,1,4,1,2,1,<rdkit.Chem.rdchem.Mol object at 0x000001CB27485F50>,False,False
TRZ02747,CCSc1ccccc1-c1nnc(C)c(C)n1,245.35,3.27,38.67,0,4,3,2,1,<rdkit.Chem.rdchem.Mol object at 0x000001CB27485FC0>,False,False
TRZ02748,Cc1nnc(CSc2cccc([N+](=O)[O-])c2)nc1C,276.32,2.69,81.81,0,6,4,2,1,<rdkit.Chem.rdchem.Mol object at 0x000001CB27486030>,False,False
TRZ02749,Cc1nnc(-c2nc(-c3ccccc3)cs2)nc1C,268.35,3.28,51.56,0,5,2,3,1,<rdkit.Chem.rdchem.Mol object at 0x000001CB274860A0>,False,False
TRZ02750,Cc1ncc(-c2nnc(C)c(C)n2)c(N)n1,216.25,0.84,90.47,1,6,1,2,1,<rdkit.Chem.rdchem.Mol object at 0x000001CB27486110>,False,False
TRZ02751,Cc1nnc(C2Oc3ccccc3NC2=O)nc1C,256.26,1.56,77.0,1,5,1,2,1,<rdkit.Chem.rdchem.Mol object at 0x000001CB27486180>,False,False
TRZ02753,Cc1nnc(C(C)c2ccn[nH]2)nc1C,203.25,1.36,67.35,1,4,2,2,1,<rdkit.Chem.rdchem.Mol object at 0x000001CB274861F0>,False,False
TRZ02754,CCc1cccc2c3c([nH]c12)C(CC)(Cc1nnc(C)c(C)n1)OCC3,350.47,3.95,63.69,1,4,4,3,1,<rdkit.Chem.rdchem.Mol object at 0x000001CB27486260>,False,False
TRZ02755,Cc1nnc(-c2ccc(N)cc2Cl)nc1C,234.69,2.39,64.69,1,4,1,2,1,<rdkit.Chem.rdchem.Mol object at 0x000001CB274862D0>,False,False
TRZ02756,Cc1nnc(-c2cc(O)[nH]c(=O)c2)nc1C,218.22,0.55,91.76,2,5,1,2,1,<rdkit.Chem.rdchem.Mol object at 0x000001CB27486340>,False,False
TRZ02758,Cc1nnc(-c2ccc(CN=[N+]=[N-])cc2)nc1C,240.27,2.97,87.43,0,4,3,2,1,<rdkit.Chem.rdchem.Mol object at 0x000001CB274863B0>,False,False
TRZ02759,CCOc1cc(-c2nnc(C)c(C)n2)c(OCC)cc1-c1nnc(C)c(C)n1,380.45,3.42,95.8,0,8,6,3,2,<rdkit.Chem.rdchem.Mol object at 0x000001CB27486420>,False,False
TRZ02760,Cc1nnc(CNC(=O)OCC2c3ccccc3-c3ccccc32)nc1C,360.42,3.53,77.0,1,5,4,3,1,<rdkit.Chem.rdchem.Mol object at 0x000001CB27486490>,False,False
TRZ02761,Cc1nnc(-c2cccc(O)c2C(=O)O)nc1C,245.24,1.56,96.2,2,5,2,2,1,<rdkit.Chem.rdchem.Mol object at 0x000001CB27486500>,False,False
TRZ02762,Cc1nnc(-c2ccnc(OS(C)(=O)=O)c2)nc1C,280.31,0.89,94.93,0,7,3,2,1,<rdkit.Chem.rdchem.Mol object at 0x000001CB27486570>,False,False
TRZ02764,CCN(CC)c1ccc(-c2nnc(C)c(C)n2)c(C(=O)O)c1,300.36,2.7,79.21,1,5,5,2,1,<rdkit.Chem.rdchem.Mol object at 0x000001CB27486650>,False,False
TRZ02765,Cc1nnc(Cn2c(=O)cc(C)n(C3CSC3)c2=O)nc1C,319.39,0.46,82.67,0,6,3,2,1,<rdkit.Chem.rdchem.Mol object at 0x000001CB274866C0>,False,False
TRZ02766,Cc1nnc(-c2ccc(N(C)C)cc2-c2nnc(C)c(C)n2)nc1C,335.42,2.69,80.58,0,7,3,3,2,<rdkit.Chem.rdchem.Mol object at 0x000001CB27486730>,False,False
TRZ02767,CCc1cccc(-c2nnc(C)c(C)n2)c1CC,241.34,3.28,38.67,0,3,3,2,1,<rdkit.Chem.rdchem.Mol object at 0x000001CB274867A0>,False,False
TRZ02768,Cc1nnc(C(C(=O)O)C(=O)Nc2ccccc2)nc1C,286.29,1.3,105.07,2,5,4,2,1,<rdkit.Chem.rdchem.Mol object at 0x000001CB27486810>,False,False
TRZ02769,Cc1nnc(-c2ccc(N)cc2C(=O)O)nc1C,244.25,1.44,101.99,2,5,2,2,1,<rdkit.Chem.rdchem.Mol object at 0x000001CB27486880>,False,False
TRZ02770,Cc1nnc(C(C#N)=Cc2ccccc2)nc1C,236.28,2.55,62.46,0,4,2,2,1,<rdkit.Chem.rdchem.Mol object at 0x000001CB274868F0>,False,False
TRZ02771,Cc1nnc(-c2cccc(C(=O)O)n2)nc1C,230.23,1.25,88.86,1,5,2,2,1,<rdkit.Chem.rdchem.Mol object at 0x000001CB27486960>,False,False
TRZ02772,Cc1nnc(-c2cnc3ncccc3c2)nc1C,237.27,2.1,64.45,0,5,1,3,1,<rdkit.Chem.rdchem.Mol object at 0x000001CB274869D0>,False,False
TRZ02773,Cc1nnc(-c2ccccc2-c2ccc[nH]2)nc1C,250.31,3.15,54.46,1,3,2,3,1,<rdkit.Chem.rdchem.Mol object at 0x000001CB27486A40>,False,False
TRZ02774,Cc1nnc(C2=Cc3ccccc3OC2)nc1C,239.28,2.42,47.9,0,4,1,2,1,<rdkit.Chem.rdchem.Mol object at 0x000001CB27486AB0>,False,False
TRZ02775,Cc1nnc(/C=C/c2ccc(O)c(O)c2)nc1C,243.27,2.07,79.13,2,5,2,2,1,<rdkit.Chem.rdchem.Mol object at 0x000001CB27486B20>,False,False
TRZ02776,COc1cc(-c2nnc(C)c(C)n2)c(OC)cc1-c1nnc(C)c(C)n1,352.4,2.64,95.8,0,8,4,3,2,<rdkit.Chem.rdchem.Mol object at 0x000001CB27486B90>,False,False
TRZ02777,Cc1nnc(-c2nnco2)nc1C,177.17,0.54,77.59,0,6,1,2,1,<rdkit.Chem.rdchem.Mol object at 0x000001CB27486C00>,False,False
TRZ02778,Cc1nnc(-c2[nH]c3nc2C(O)=CC=C3O)nc1C,257.25,1.69,107.81,3,6,1,2,1,<rdkit.Chem.rdchem.Mol object at 0x000001CB27486C70>,False,False
TRZ02779,Cc1nnc(CN2C(=O)CSc3ccccc32)nc1C,286.36,2.13,58.98,0,5,2,2,1,<rdkit.Chem.rdchem.Mol object at 0x000001CB27486CE0>,False,False
TRZ02780,Cc1nnc(-c2ccc(-c3nc4ccccc4o3)cc2)nc1C,302.34,3.96,64.7,0,5,2,4,1,<rdkit.Chem.rdchem.Mol object at 0x000001CB27486D50>,False,False
TRZ02782,Cc1nnc(C(c2ccccc2)(c2ccccc2)c2nnc(C)c(C)n2)nc1C,382.47,3.67,77.34,0,6,4,4,2,<rdkit.Chem.rdchem.Mol object at 0x000001CB27486DC0>,False,False
TRZ02783,Cc1nnc(-c2ncn(C)n2)nc1C,190.21,0.28,69.38,0,5,1,2,1,<rdkit.Chem.rdchem.Mol object at 0x000001CB27486E30>,False,False
TRZ02784,CNC(=O)c1ccc(-c2nnc(C)c(C)n2)cc1,242.28,1.52,67.77,1,4,2,2,1,<rdkit.Chem.rdchem.Mol object at 0x000001CB27486EA0>,False,False
TRZ02785,Cc1nnc(Cc2cn[nH]c2)nc1C,189.22,0.8,67.35,1,4,2,2,1,<rdkit.Chem.rdchem.Mol object at 0x000001CB27486F10>,False,False
TRZ02786,Cc1nnc(Cc2ccc(Cl)cn2)nc1C,234.69,2.13,51.56,0,4,2,2,1,<rdkit.Chem.rdchem.Mol object at 0x000001CB27486F80>,False,False
TRZ02787,Cc1nnc(Cc2cc3ccccc3[nH]c2=O)nc1C,266.3,1.92,71.53,1,4,2,3,1,<rdkit.Chem.rdchem.Mol object at 0x000001CB27486FF0>,False,False
TRZ02788,Cc1nnc(-c2ccc(C[C@@H](N)C(=O)O)cc2)nc1C,272.31,1.11,101.99,2,5,4,2,1,<rdkit.Chem.rdchem.Mol object at 0x000001CB27487060>,False,False
TRZ02789,CCN(CC)Cc1cc(Br)ccc1OCc1nnc(C)c(C)n1,379.3,3.67,51.14,0,5,7,2,1,<rdkit.Chem.rdchem.Mol object at 0x000001CB274870D0>,False,False
TRZ02790,Cc1nnc(COc2ccc(Br)cc2CN2CCOCC2)nc1C,393.29,2.66,60.37,0,6,5,2,1,<rdkit.Chem.rdchem.Mol object at 0x000001CB27487140>,False,False
TRZ02791,Cc1nnc(COc2ccc(Br)cc2CN(C)C)nc1C,351.25,2.89,51.14,0,5,5,2,1,<rdkit.Chem.rdchem.Mol object at 0x000001CB274871B0>,False,False
TRZ02792,CCOc1ccc(Cc2nnc(C)c(C)n2)cc1CN(CC)CC,328.46,3.32,51.14,0,5,8,2,1,<rdkit.Chem.rdchem.Mol object at 0x000001CB27487220>,False,False
TRZ02793,CCCOc1ccc(Cc2nnc(C)c(C)n2)cc1CN(CC)CC,342.49,3.71,51.14,0,5,9,2,1,<rdkit.Chem.rdchem.Mol object at 0x000001CB27487290>,False,False
TRZ02794,CCN(CC)Cc1cc(Cc2nnc(C)c(C)n2)ccc1OC(C)C,342.49,3.71,51.14,0,5,8,2,1,<rdkit.Chem.rdchem.Mol object at 0x000001CB27487300>,False,False
TRZ02795,Cc1nnc(CNc2ccc(F)cc2Cl)nc1C,266.71,2.89,50.7,1,4,3,2,1,<rdkit.Chem.rdchem.Mol object at 0x000001CB27487370>,False,False
TRZ02796,Cc1nnc(CNc2cccc(F)c2C)nc1C,246.29,2.55,50.7,1,4,3,2,1,<rdkit.Chem.rdchem.Mol object at 0x000001CB274873E0>,False,False
TRZ02797,Cc1nnc(CNc2ccc(Br)cc2F)nc1C,311.16,3.0,50.7,1,4,3,2,1,<rdkit.Chem.rdchem.Mol object at 0x000001CB27487450>,False,False
TRZ02798,Cc1nnc(CNc2ccc(F)cc2Br)nc1C,311.16,3.0,50.7,1,4,3,2,1,<rdkit.Chem.rdchem.Mol object at 0x000001CB274874C0>,False,False
TRZ02799,Cc1nnc(CNC(=O)Nc2cccc(C(F)(F)F)c2)nc1C,325.29,2.83,79.8,2,4,3,2,1,<rdkit.Chem.rdchem.Mol object at 0x000001CB27487530>,False,False
TRZ02800,Cc1nnc(CCC(=O)Nc2ccccc2C(C)C)nc1C,298.39,3.18,67.77,1,4,5,2,1,<rdkit.Chem.rdchem.Mol object at 0x000001CB274875A0>,False,False
TRZ02801,Cc1nnc(-c2c(-c3cccnc3)cnc3ccccc23)nc1C,313.36,3.77,64.45,0,5,2,4,1,<rdkit.Chem.rdchem.Mol object at 0x000001CB27487610>,False,False
TRZ02802,Cc1nnc(-c2ccccc2Nc2ccccc2-c2nnc(C)c(C)n2)nc1C,383.46,4.37,89.37,1,7,4,4,2,<rdkit.Chem.rdchem.Mol object at 0x000001CB27487680>,False,False
TRZ02806,Cc1nnc(-c2ccc(S(=O)(=O)C(F)F)cc2)nc1C,299.3,2.15,72.81,0,5,3,2,1,<rdkit.Chem.rdchem.Mol object at 0x000001CB274876F0>,False,False
TRZ02807,C/C(=C(/C#N)c1nnc(C)c(C)n1)c1ccc(F)cc1,268.3,3.08,62.46,0,4,2,2,1,<rdkit.Chem.rdchem.Mol object at 0x000001CB27487760>,False,False
TRZ02808,Cc1nnc(C(=NNc2ccccc2)S(=O)(=O)c2ccc(Cl)cc2)nc1C,401.88,3.39,97.2,1,7,4,3,1,<rdkit.Chem.rdchem.Mol object at 0x000001CB274877D0>,False,False
TRZ02809,COc1ccc(-c2cc(-c3nnc(C)c(C)n3)c3c(C)noc3n2)c(F)c1,365.37,3.81,86.82,0,7,3,4,1,<rdkit.Chem.rdchem.Mol object at 0x000001CB27487840>,False,False
TRZ02810,Cc1nnc(-c2sc(-c3ccc(F)cc3)cc2N)nc1C,300.36,3.61,64.69,1,5,2,3,1,<rdkit.Chem.rdchem.Mol object at 0x000001CB274878B0>,False,False
TRZ02811,Cc1ccc(C(=O)N/C(=C/c2ccccc2F)c2nnc(C)c(C)n2)cc1,362.41,3.86,67.77,1,4,4,3,1,<rdkit.Chem.rdchem.Mol object at 0x000001CB27487920>,False,False
TRZ02812,Cc1nnc(-c2cn(-c3ccccc3)nc2-c2ccc(F)cc2)nc1C,345.38,4.15,56.49,0,4,3,4,1,<rdkit.Chem.rdchem.Mol object at 0x000001CB27487990>,False,False
TRZ02813,Cc1nnc(-c2cc(C)n(-c3ccc(F)cc3)c2C)nc1C,296.35,3.7,43.6,0,3,2,3,1,<rdkit.Chem.rdchem.Mol object at 0x000001CB27487A00>,False,False
TRZ02814,Cc1nnc(-c2ccccc2OCC(=O)Nc2ccc(SC(F)F)cc2)nc1C,416.45,4.49,77.0,1,6,7,3,1,<rdkit.Chem.rdchem.Mol object at 0x000001CB27487A70>,False,False
TRZ02816,Cc1nnc(Cn2nnc(-c3ccccc3C(F)(F)F)n2)nc1C,335.29,2.21,82.27,0,6,3,3,1,<rdkit.Chem.rdchem.Mol object at 0x000001CB27487AE0>,False,False
TRZ02817,Cc1nnc(-c2cccn2-c2ccc(F)cc2)nc1C,268.29,3.09,43.6,0,3,2,3,1,<rdkit.Chem.rdchem.Mol object at 0x000001CB27487B50>,False,False
TRZ02818,Cc1nnc(-c2nc(-c3c(F)cccc3Cl)no2)nc1C,305.7,3.0,77.59,0,6,2,3,1,<rdkit.Chem.rdchem.Mol object at 0x000001CB27487BC0>,False,False
TRZ02819,Cc1nnc(-c2sc(-c3ccc(C(F)(F)F)cn3)nc2C)nc1C,351.36,4.0,64.45,0,6,2,3,1,<rdkit.Chem.rdchem.Mol object at 0x000001CB27487C30>,False,False
TRZ02820,CCOC(=O)C1C(C(=O)Nc2cccc(C(F)(F)F)c2)C1c1nnc(C)c(C)n1,408.38,3.04,94.07,1,6,5,2,1,<rdkit.Chem.rdchem.Mol object at 0x000001CB27487CA0>,False,False
TRZ02821,Cc1nc(C(F)(F)F)ccc1-c1nnc(C)c(C)n1,268.24,2.88,51.56,0,4,1,2,1,<rdkit.Chem.rdchem.Mol object at 0x000001CB27487D10>,False,False
TRZ02822,COc1ccc2c(c1)CCCC2=NNc1nc(-c2nnc(C)c(C)n2)cs1,380.48,3.77,85.18,1,8,4,3,1,<rdkit.Chem.rdchem.Mol object at 0x000001CB27487D80>,False,False
TRZ02823,Cc1nnc(-c2cccc(NC(=O)c3ccc(F)cc3)c2)nc1C,322.34,3.55,67.77,1,4,3,3,1,<rdkit.Chem.rdchem.Mol object at 0x000001CB27487DF0>,False,False
TRZ02824,Cc1nnc(-c2cc3sccc3nc2C(F)(F)F)nc1C,310.3,3.78,51.56,0,5,1,3,1,<rdkit.Chem.rdchem.Mol object at 0x000001CB27487E60>,False,False
TRZ02825,Cc1nnc(-c2c(N)n[nH]c2-c2ccc(F)cc2)nc1C,284.3,2.27,93.37,2,5,2,3,1,<rdkit.Chem.rdchem.Mol object at 0x000001CB27487ED0>,False,False
TRZ02826,Cc1nnc(-c2cccc(OCc3ccc(F)cc3)c2)nc1C,309.34,3.87,47.9,0,4,4,3,1,<rdkit.Chem.rdchem.Mol object at 0x000001CB27487F40>,False,False
TRZ02827,Cc1nnc(C(NC(=O)c2ccc(F)cc2)C(C)C)nc1C,302.35,2.75,67.77,1,4,4,2,1,<rdkit.Chem.rdchem.Mol object at 0x000001CB27488040>,False,False
TRZ02828,Cc1nnc(C(=O)C=C2NC3(CCCC3)Cc3ccccc32)nc1C,334.42,3.17,67.77,1,5,2,2,1,<rdkit.Chem.rdchem.Mol object at 0x000001CB274880B0>,False,False
TRZ02829,Cc1nnc(-c2ccc(OCC(O)CN3CCN(c4ccc(F)cc4)CC3)cc2)nc1C,437.52,2.86,74.61,1,7,7,3,1,<rdkit.Chem.rdchem.Mol object at 0x000001CB27488120>,False,False
TRZ02830,Cc1nnc(C2CCC(=O)N2S(=O)(=O)c2ccc(Cl)cc2)nc1C,366.83,2.19,93.12,0,6,3,2,1,<rdkit.Chem.rdchem.Mol object at 0x000001CB27488190>,False,False
TRZ02832,Cc1nnc(/C(=C/c2ccc(Cl)c(Cl)c2)NC(=O)c2ccccc2)nc1C,399.28,4.72,67.77,1,4,4,3,1,<rdkit.Chem.rdchem.Mol object at 0x000001CB27488200>,False,False
TRZ02833,Cc1nnc(-c2cc([N+](=O)[O-])ccc2NC(=O)C23CC4CC(CC(C4)C2)C3)nc1C,407.47,4.22,110.91,1,6,4,2,1,<rdkit.Chem.rdchem.Mol object at 0x000001CB27488270>,False,False
TRZ02834,Cc1nnc(COc2ccc3c(c2)O/C(=C\c2c(F)cccc2Cl)C3=O)nc1C,411.82,4.48,74.2,0,6,4,3,1,<rdkit.Chem.rdchem.Mol object at 0x000001CB274882E0>,False,False
TRZ02835,Cc1ccc2nc(SCc3nnc(C)c(C)n3)n(-c3ccccc3)c(=O)c2c1,389.48,3.79,73.56,0,6,4,4,1,<rdkit.Chem.rdchem.Mol object at 0x000001CB27488350>,False,False
TRZ02836,Cc1nnc(C2CCCN(Cc3ccccc3F)C2)nc1C,300.38,3.01,41.91,0,4,3,2,1,<rdkit.Chem.rdchem.Mol object at 0x000001CB274883C0>,False,False
TRZ02837,Cc1nnc(-c2nnn(-c3ccnc4c(C(F)(F)F)cccc34)c2C)nc1C,385.35,3.61,82.27,0,6,2,4,1,<rdkit.Chem.rdchem.Mol object at 0x000001CB27488430>,False,False
TRZ02838,Cc1nnc(C(NC(=O)c2ccccc2F)C(C)C)nc1C,302.35,2.75,67.77,1,4,4,2,1,<rdkit.Chem.rdchem.Mol object at 0x000001CB274884A0>,False,False
TRZ02839,Cc1nnc(Cn2ncc3c(C)n(Cc4ccccc4F)c(C)c3c2=O)nc1C,392.44,2.85,78.49,0,5,4,4,1,<rdkit.Chem.rdchem.Mol object at 0x000001CB27488510>,False,False
TRZ02840,Cc1ccc(S(=O)(=O)N2C(=O)CCC2c2nnc(C)c(C)n2)cc1,346.41,1.85,93.12,0,6,3,2,1,<rdkit.Chem.rdchem.Mol object at 0x000001CB27488580>,False,False
TRZ02841,Cc1nnc(C2CCC(=O)N2S(=O)(=O)c2ccc(Cl)c(Cl)c2)nc1C,401.28,2.85,93.12,0,6,3,2,1,<rdkit.Chem.rdchem.Mol object at 0x000001CB274885F0>,False,False
TRZ02842,Cc1nnc(C(C(=O)OCc2ccccc2)c2ccccc2)nc1C,333.39,3.36,64.97,0,5,5,3,1,<rdkit.Chem.rdchem.Mol object at 0x000001CB27488660>,False,False
TRZ02843,Cc1nnc(-c2cnn(-c3ccnc4c(C(F)(F)F)cccc34)c2N)nc1C,385.35,3.49,95.4,1,6,2,4,1,<rdkit.Chem.rdchem.Mol object at 0x000001CB274886D0>,False,False
TRZ02844,Cc1nnc(-c2ccccc2Nc2ccnc(C(F)(F)F)c2)nc1C,345.33,4.31,63.59,1,5,3,3,1,<rdkit.Chem.rdchem.Mol object at 0x000001CB27488740>,False,False
TRZ02846,Cc1nc(-c2ccc(F)cc2)ccc1-c1nnc(C)c(C)n1,294.33,3.66,51.56,0,4,2,3,1,<rdkit.Chem.rdchem.Mol object at 0x000001CB274887B0>,False,False
TRZ02848,Cc1ccc2nc(SCc3nnc(C)c(C)n3)n(Cc3ccccc3)c(=O)c2c1,403.51,3.85,73.56,0,6,5,4,1,<rdkit.Chem.rdchem.Mol object at 0x000001CB27488820>,False,False
TRZ02850,Cc1nnc(Cn2nc(C)n(CCCn3ccnc3)c2=O)nc1C,328.38,0.49,96.31,0,6,6,3,1,<rdkit.Chem.rdchem.Mol object at 0x000001CB27488890>,False,False
TRZ02853,Cc1nnc(Cn2nc(C)n(/N=C/c3ccncc3)c2=O)nc1C,324.35,0.48,103.74,0,7,4,3,1,<rdkit.Chem.rdchem.Mol object at 0x000001CB27488900>,False,False
TRZ02854,Cc1nnc(CNn2c(C)nc3ccccc3c2=O)nc1C,296.33,1.25,85.59,1,6,3,3,1,<rdkit.Chem.rdchem.Mol object at 0x000001CB27488970>,False,False
TRZ02857,Cc1nnc(-c2cnc3c(ccc4[nH]c(Cl)cc(C)c43)c2=O)nc1C,351.8,3.51,84.42,1,5,1,4,1,<rdkit.Chem.rdchem.Mol object at 0x000001CB274889E0>,False,False
TRZ02858,Cc1nnc(C(Cc2ccc(F)cc2)=NC(=O)c2ccccc2)nc1C,348.38,3.5,68.1,0,4,4,3,1,<rdkit.Chem.rdchem.Mol object at 0x000001CB27488A50>,False,False
TRZ02859,Cc1nnc(-c2c(C)[nH]c3ccc(OCc4ccccc4)cc23)nc1C,344.42,4.52,63.69,1,4,4,4,1,<rdkit.Chem.rdchem.Mol object at 0x000001CB27488AC0>,False,False
TRZ02860,Cc1nnc(C2CC(O)Cc3cc(F)ccc3N2)nc1C,288.33,2.09,70.93,2,5,1,2,1,<rdkit.Chem.rdchem.Mol object at 0x000001CB27488B30>,False,False
TRZ02861,Cc1nnc(-c2ccc(Nc3ncnc4c3cnn4-c3cccc(F)c3)cc2)nc1C,412.43,4.17,94.3,1,7,4,5,1,<rdkit.Chem.rdchem.Mol object at 0x000001CB27488BA0>,False,False
TRZ02862,COc1c(N2CC3CCCNC3C2)c(F)cc2c(=O)c(-c3nnc(C)c(C)n3)cn(C3CC3)c12,464.55,3.14,85.17,1,7,4,3,1,<rdkit.Chem.rdchem.Mol object at 0x000001CB27488C10>,False,False
TRZ02863,Cc1nnc(CSc2nc3ccc(F)cc3c(=O)n2-c2ccccc2)nc1C,393.45,3.62,73.56,0,6,4,4,1,<rdkit.Chem.rdchem.Mol object at 0x000001CB27488C80>,False,False
TRZ02864,Cc1nnc(C2C(c3ccc(F)cc3)C2(C#N)C#N)nc1C,293.31,2.54,86.25,0,5,2,2,1,<rdkit.Chem.rdchem.Mol object at 0x000001CB27488CF0>,False,False
TRZ02865,Cc1nnc(C2C(c3cccc(F)c3)C2(C#N)C#N)nc1C,293.31,2.54,86.25,0,5,2,2,1,<rdkit.Chem.rdchem.Mol object at 0x000001CB27488D60>,False,False
TRZ02866,Cc1nnc(-c2nc[nH]c2F)nc1C,193.18,1.02,67.35,1,4,1,2,1,<rdkit.Chem.rdchem.Mol object at 0x000001CB27488DD0>,False,False
TRZ02867,Cc1nnc(-c2c(F)ncn2C)nc1C,207.21,1.03,56.49,0,4,1,2,1,<rdkit.Chem.rdchem.Mol object at 0x000001CB27488E40>,False,False
TRZ02868,Cc1nnc(-c2cnc(F)n2C)nc1C,207.21,1.03,56.49,0,4,1,2,1,<rdkit.Chem.rdchem.Mol object at 0x000001CB27488EB0>,False,False
TRZ02869,Cc1nnc(-c2ccccc2Nc2ccc(F)cc2)nc1C,294.33,4.04,50.7,1,4,3,3,1,<rdkit.Chem.rdchem.Mol object at 0x000001CB27488F20>,False,False
TRZ02870,Cc1nnc(COc2ccc(C(F)(F)F)cc2[N+](=O)[O-])nc1C,328.25,2.99,91.04,0,6,4,2,1,<rdkit.Chem.rdchem.Mol object at 0x000001CB27488F90>,False,False
TRZ02871,Cc1nnc(-c2cc3nc(-c4ccccc4)cc(C(F)(F)F)n3n2)nc1C,370.34,3.88,68.86,0,5,2,4,1,<rdkit.Chem.rdchem.Mol object at 0x000001CB27489000>,False,False
TRZ02872,Cc1nnc(-c2[nH]c3ccc(F)cc3c2N)nc1C,257.27,2.36,80.48,2,4,1,3,1,<rdkit.Chem.rdchem.Mol object at 0x000001CB27489070>,False,False
TRZ02873,Cc1nnc(-c2cc3c(s2)-c2cc(F)ccc2OC3)nc1C,313.36,3.92,47.9,0,5,1,3,1,<rdkit.Chem.rdchem.Mol object at 0x000001CB274890E0>,False,False
TRZ02874,Cc1nnc(-c2cnn3c2NC(c2ccccc2)CC3C(F)F)nc1C,356.38,3.72,68.52,1,5,3,3,1,<rdkit.Chem.rdchem.Mol object at 0x000001CB27489150>,False,False
TRZ02875,Cc1nnc(-c2ccn(COc3c(F)c(F)cc(F)c3F)n2)nc1C,353.28,2.94,65.72,0,5,4,3,1,<rdkit.Chem.rdchem.Mol object at 0x000001CB274891C0>,False,False
TRZ02876,Cc1nnc(COc2ccc(F)cc2F)nc1C,251.24,2.35,47.9,0,4,3,2,1,<rdkit.Chem.rdchem.Mol object at 0x000001CB27489230>,False,False
TRZ02877,Cc1nnc(COc2c(F)c(F)cc(F)c2F)nc1C,287.22,2.62,47.9,0,4,3,2,1,<rdkit.Chem.rdchem.Mol object at 0x000001CB274892A0>,False,False
TRZ02878,Cc1nnc(-c2ccc(COc3c(F)c(F)cc(F)c3F)cc2)nc1C,363.31,4.29,47.9,0,4,4,3,1,<rdkit.Chem.rdchem.Mol object at 0x000001CB27489310>,False,False
TRZ02879,Cc1nnc(C(S)Cc2csc(-c3ccc(F)cc3)n2)nc1C,346.46,3.96,51.56,1,6,4,3,1,<rdkit.Chem.rdchem.Mol object at 0x000001CB27489380>,False,False
TRZ02880,Cc1nnc(-c2cc3cccnc3nc2C(F)(F)F)nc1C,305.26,3.12,64.45,0,5,1,3,1,<rdkit.Chem.rdchem.Mol object at 0x000001CB274893F0>,False,False
TRZ02881,Cc1nnc(-c2nc3cccc(C)n3c2F)nc1C,257.27,2.25,55.97,0,4,1,3,1,<rdkit.Chem.rdchem.Mol object at 0x000001CB27489460>,False,False
TRZ02882,Cc1nnc(-c2cnc3c(F)cccc3c2N)nc1C,269.28,2.42,77.58,1,5,1,3,1,<rdkit.Chem.rdchem.Mol object at 0x000001CB274894D0>,False,False
TRZ02883,Cc1nnc(CN2C(=O)CSC2c2ccc(F)cc2)nc1C,318.38,2.4,58.98,0,5,3,2,1,<rdkit.Chem.rdchem.Mol object at 0x000001CB27489540>,False,False
TRZ02884,Cc1nnc(-c2ccccc2Oc2ccccc2F)nc1C,295.32,4.09,47.9,0,4,3,3,1,<rdkit.Chem.rdchem.Mol object at 0x000001CB274895B0>,False,False
TRZ02885,Cc1nnc(-c2cn(-c3ccc(F)cc3)nn2)nc1C,270.27,1.88,69.38,0,5,2,3,1,<rdkit.Chem.rdchem.Mol object at 0x000001CB27489620>,False,False
TRZ02886,COc1ccc(C2(c3nnc(C)c(C)n3)CC2F)cc1OC,303.34,2.53,57.13,0,5,4,2,1,<rdkit.Chem.rdchem.Mol object at 0x000001CB27489690>,False,False
TRZ02887,Cc1nnc(CC(O)c2ccc(F)cc2)nc1C,247.27,1.9,58.9,1,4,3,2,1,<rdkit.Chem.rdchem.Mol object at 0x000001CB27489700>,False,False
TRZ02888,Cc1nnc(CC(O)c2cccc(F)c2)nc1C,247.27,1.9,58.9,1,4,3,2,1,<rdkit.Chem.rdchem.Mol object at 0x000001CB27489770>,False,False
TRZ02889,Cc1nnc(-c2ccc(NC(=O)c3ccc(Cl)cc3)cc2)nc1C,338.8,4.06,67.77,1,4,3,3,1,<rdkit.Chem.rdchem.Mol object at 0x000001CB274897E0>,False,False
TRZ02890,Cc1nnc(-c2cncc(F)c2)nc1C,204.21,1.69,51.56,0,4,1,2,1,<rdkit.Chem.rdchem.Mol object at 0x000001CB27489850>,False,False
TRZ02891,Cc1nnc(CNc2cccc(C(F)(F)F)c2)nc1C,282.27,3.12,50.7,1,4,3,2,1,<rdkit.Chem.rdchem.Mol object at 0x000001CB274898C0>,False,False
TRZ02892,CCOc1ccc(NCc2nnc(C)c(C)n2)cc1,258.32,2.5,59.93,1,5,5,2,1,<rdkit.Chem.rdchem.Mol object at 0x000001CB27489930>,False,False
TRZ02893,Cc1nnc(-c2ccccc2-c2cccc(C(F)(F)F)c2)nc1C,329.33,4.84,38.67,0,3,2,3,1,<rdkit.Chem.rdchem.Mol object at 0x000001CB274899A0>,False,False
TRZ02894,Cc1nnc(CNS(=O)(=O)c2ccc(F)cc2)nc1C,296.33,1.11,84.84,1,5,4,2,1,<rdkit.Chem.rdchem.Mol object at 0x000001CB27489A10>,False,False
TRZ02895,Cc1nnc(C(=O)N[C@@H](C)c2ccccc2)nc1C,256.31,1.98,67.77,1,4,3,2,1,<rdkit.Chem.rdchem.Mol object at 0x000001CB27489A80>,False,False
TRZ02896,Cc1nnc(C(=O)N[C@H](C)c2ccccc2)nc1C,256.31,1.98,67.77,1,4,3,2,1,<rdkit.Chem.rdchem.Mol object at 0x000001CB27489AF0>,False,False
TRZ02897,Cc1nnc(-c2ccc(OC(F)F)cc2)nc1C,251.24,2.76,47.9,0,4,3,2,1,<rdkit.Chem.rdchem.Mol object at 0x000001CB27489B60>,False,False
TRZ02898,Cc1nnc(-c2csc(-c3ccc(F)cc3F)n2)nc1C,304.32,3.56,51.56,0,5,2,3,1,<rdkit.Chem.rdchem.Mol object at 0x000001CB27489BD0>,False,False
TRZ02899,Cc1nnc(-c2csc(-c3cnccc3C(F)(F)F)n2)nc1C,337.33,3.69,64.45,0,6,2,3,1,<rdkit.Chem.rdchem.Mol object at 0x000001CB27489C40>,False,False
TRZ02900,Cc1nnc(-c2cn3c(ccc4c(C(F)(F)F)cc(C(F)(F)F)nc43)n2)nc1C,412.3,4.39,68.86,0,5,1,4,1,<rdkit.Chem.rdchem.Mol object at 0x000001CB27489CB0>,False,False
TRZ02901,Cc1nnc(-c2cccc(F)c2F)nc1C,221.21,2.43,38.67,0,3,1,2,1,<rdkit.Chem.rdchem.Mol object at 0x000001CB27489D20>,False,False
TRZ02902,Cc1nnc(-c2cc(F)ccc2F)nc1C,221.21,2.43,38.67,0,3,1,2,1,<rdkit.Chem.rdchem.Mol object at 0x000001CB27489D90>,False,False
TRZ02903,Cc1nnc(Cc2c[nH]c3ccc(F)cc23)nc1C,256.28,2.7,54.46,1,3,2,3,1,<rdkit.Chem.rdchem.Mol object at 0x000001CB27489E00>,False,False
TRZ02904,Cc1nnc(-c2cnccc2C(F)(F)F)nc1C,254.21,2.57,51.56,0,4,1,2,1,<rdkit.Chem.rdchem.Mol object at 0x000001CB27489E70>,False,False
TRZ02905,Cc1cc(-c2nnc(C)c(C)n2)cc(Cl)n1,234.69,2.51,51.56,0,4,1,2,1,<rdkit.Chem.rdchem.Mol object at 0x000001CB27489EE0>,False,False
TRZ02906,Cc1cc(-c2nnc(C)c(C)n2)cc(C)n1,214.27,2.17,51.56,0,4,1,2,1,<rdkit.Chem.rdchem.Mol object at 0x000001CB27489F50>,False,False
TRZ02907,CCc1cnc(C)cc1-c1nnc(C)c(C)n1,228.3,2.42,51.56,0,4,2,2,1,<rdkit.Chem.rdchem.Mol object at 0x000001CB27489FC0>,False,False
TRZ02908,Cc1cc(-c2nnc(C)c(C)n2)cc(=O)[nH]1,216.24,1.15,71.53,1,4,1,2,1,<rdkit.Chem.rdchem.Mol object at 0x000001CB2748A030>,False,False
TRZ02909,Cc1nnc(-c2ccc(OC(F)(F)C(F)F)cc2)nc1C,301.24,3.39,47.9,0,4,4,2,1,<rdkit.Chem.rdchem.Mol object at 0x000001CB2748A0A0>,False,False
TRZ02910,Cc1nnc(Cc2c(F)cccc2Cl)nc1C,251.69,2.87,38.67,0,3,2,2,1,<rdkit.Chem.rdchem.Mol object at 0x000001CB2748A110>,False,False
TRZ02911,Cc1nnc(COc2ccc(F)cc2Cl)nc1C,267.69,2.86,47.9,0,4,3,2,1,<rdkit.Chem.rdchem.Mol object at 0x000001CB2748A180>,False,False
TRZ02912,Cc1nnc(CNC(=O)Nc2ccc(F)cc2)nc1C,275.29,1.95,79.8,2,4,3,2,1,<rdkit.Chem.rdchem.Mol object at 0x000001CB2748A1F0>,False,False
TRZ02913,Cc1nnc([C@H](CO)NC(=O)OCc2ccccc2)nc1C,302.33,1.45,97.23,2,6,5,2,1,<rdkit.Chem.rdchem.Mol object at 0x000001CB2748A260>,False,False
TRZ02914,Cc1nnc(-c2cc(C(F)(F)F)nn2C)nc1C,257.22,1.91,56.49,0,4,1,2,1,<rdkit.Chem.rdchem.Mol object at 0x000001CB2748A2D0>,False,False
TRZ02915,Cc1nnc(-c2ccccc2OC(F)F)nc1C,251.24,2.76,47.9,0,4,3,2,1,<rdkit.Chem.rdchem.Mol object at 0x000001CB2748A340>,False,False
TRZ02916,Cc1nnc([C@H](C)Oc2ccccc2F)nc1C,247.27,2.77,47.9,0,4,3,2,1,<rdkit.Chem.rdchem.Mol object at 0x000001CB2748A3B0>,False,False
TRZ02917,Cc1nnc(C2CCC(C#N)(c3ccc(OC(F)F)c(OC(F)F)c3)CC2)nc1C,424.4,4.81,80.92,0,6,6,2,1,<rdkit.Chem.rdchem.Mol object at 0x000001CB2748A420>,False,False
TRZ02918,Cc1nnc(-c2ccc3cc4ccccc4cc3c2O)nc1C,301.35,4.17,58.9,1,4,1,4,1,<rdkit.Chem.rdchem.Mol object at 0x000001CB2748A490>,False,False
TRZ02920,Cc1nnc([C@@H]2C[C@]3(NC(=O)NC3=O)c3cc(F)ccc3O2)nc1C,343.32,1.19,106.1,2,6,1,2,1,<rdkit.Chem.rdchem.Mol object at 0x000001CB2748A500>,False,False
TRZ02922,Cc1nnc(-c2ccccc2NC(=O)Nc2cccc(C(F)(F)F)c2)nc1C,387.37,4.82,79.8,2,4,3,3,1,<rdkit.Chem.rdchem.Mol object at 0x000001CB2748A570>,False,False
TRZ02923,Cc1nnc(Cc2csc3nc(-c4ccc(F)cc4)cn23)nc1C,339.4,3.59,55.97,0,5,3,4,1,<rdkit.Chem.rdchem.Mol object at 0x000001CB2748A5E0>,False,False
TRZ02925,Cc1nnc(CCC2(c3ccccc3)C=C(c3cc(F)ccc3F)CN2C(=O)N(C)C)nc1C,463.53,4.68,62.22,0,4,5,3,1,<rdkit.Chem.rdchem.Mol object at 0x000001CB2748A650>,False,False
TRZ02926,Cc1nnc(-c2ccc(C(=O)Nc3cccc(S(=O)(=O)C(F)(F)F)c3)cc2)nc1C,436.42,3.7,101.91,1,6,4,3,1,<rdkit.Chem.rdchem.Mol object at 0x000001CB2748A6C0>,False,False
TRZ02927,Cc1nnc(-c2ccc(O)c(F)c2)nc1C,219.22,2.0,58.9,1,4,1,2,1,<rdkit.Chem.rdchem.Mol object at 0x000001CB2748A730>,False,False
TRZ02928,Cc1nnc(-c2cn(C)c(=O)cc2Nc2ccc(I)cc2F)nc1C,451.24,3.34,72.7,1,5,3,3,1,<rdkit.Chem.rdchem.Mol object at 0x000001CB2748A7A0>,False,False
TRZ02929,Cc1nnc(-c2cccc(CNC(=O)NC[C@H]3CN(Cc4ccc(F)c(F)c4)CCO3)c2)nc1C,482.54,3.13,92.27,2,6,7,3,1,<rdkit.Chem.rdchem.Mol object at 0x000001CB2748A810>,False,False
TRZ02931,Cc1nnc(-c2nn(Cc3ccc(F)cc3F)c3ccc(C(F)(F)F)cc23)nc1C,419.36,4.85,56.49,0,4,3,4,1,<rdkit.Chem.rdchem.Mol object at 0x000001CB2748A880>,False,False
TRZ02934,Cc1nnc(-c2ccncc2Nc2ccc(I)cc2F)nc1C,421.22,4.04,63.59,1,5,3,3,1,<rdkit.Chem.rdchem.Mol object at 0x000001CB2748A8F0>,False,False
TRZ02937,Cc1nnc(-c2nn(Cc3ccc(F)cc3F)c3cc(Cl)ccc23)nc1C,385.81,4.49,56.49,0,4,3,4,1,<rdkit.Chem.rdchem.Mol object at 0x000001CB2748A960>,False,False
TRZ02940,Cc1nnc(-c2nn(Cc3ccc(F)cc3F)c3cc(C(F)(F)F)ccc23)nc1C,419.36,4.85,56.49,0,4,3,4,1,<rdkit.Chem.rdchem.Mol object at 0x000001CB2748A9D0>,False,False
TRZ02942,Cc1nnc(Cc2cc(=O)oc3cc(OCc4cccc(F)c4)ccc23)nc1C,391.4,3.9,78.11,0,6,5,4,1,<rdkit.Chem.rdchem.Mol object at 0x000001CB2748AA40>,False,False
TRZ02943,Cc1nnc(CCc2cc(=O)oc3cc(OCc4cccc(F)c4)ccc23)nc1C,405.43,4.1,78.11,0,6,6,4,1,<rdkit.Chem.rdchem.Mol object at 0x000001CB2748AAB0>,False,False
TRZ02944,Cc1nnc(CC2=CCOc3cc(OCc4cccc(F)c4)ccc32)nc1C,377.42,4.23,57.13,0,5,5,3,1,<rdkit.Chem.rdchem.Mol object at 0x000001CB2748AB20>,False,False
TRZ02945,Cc1nnc(CCC2=CCOc3cc(OCc4cccc(F)c4)ccc32)nc1C,391.45,4.62,57.13,0,5,6,3,1,<rdkit.Chem.rdchem.Mol object at 0x000001CB2748AB90>,False,False
TRZ02946,Cc1nnc(CC2CCOc3cc(OCc4cccc(F)c4)ccc32)nc1C,379.44,4.32,57.13,0,5,5,3,1,<rdkit.Chem.rdchem.Mol object at 0x000001CB2748AC00>,False,False
TRZ02948,Cc1nnc(-c2c(C(F)(F)F)cc(C(F)(F)F)nc2N)nc1C,337.23,3.17,77.58,1,5,1,2,1,<rdkit.Chem.rdchem.Mol object at 0x000001CB2748AC70>,False,False
TRZ02949,Cc1nnc(Cc2cccc(F)c2)nc1C,217.25,2.22,38.67,0,3,2,2,1,<rdkit.Chem.rdchem.Mol object at 0x000001CB2748ACE0>,False,False
TRZ02950,CCCc1cc(-c2nnc(C)c(C)n2)cc(Cl)n1,262.74,3.16,51.56,0,4,3,2,1,<rdkit.Chem.rdchem.Mol object at 0x000001CB2748AD50>,False,False
TRZ02951,Cc1nnc(-c2c(N)cccc2C(F)(F)F)nc1C,268.24,2.76,64.69,1,4,1,2,1,<rdkit.Chem.rdchem.Mol object at 0x000001CB2748ADC0>,False,False
TRZ02954,Cc1nnc(-c2nc(C)n3c2CN=C(c2ccccc2F)c2cc(Cl)ccc2-3)nc1C,432.89,4.79,68.85,0,5,2,4,1,<rdkit.Chem.rdchem.Mol object at 0x000001CB2748AE30>,False,False
TRZ02955,Cc1nnc(-c2cn3c4c(cc(F)cc4c2=O)C2CCCCC23)nc1C,350.4,3.82,60.67,0,4,1,3,1,<rdkit.Chem.rdchem.Mol object at 0x000001CB2748AEA0>,False,False
TRZ02956,Cc1nnc(-c2ccnc(Nc3cccc(C(F)(F)F)c3)c2)nc1C,345.33,4.31,63.59,1,5,3,3,1,<rdkit.Chem.rdchem.Mol object at 0x000001CB2748AF10>,False,False
TRZ02957,Cc1nnc(-c2cccc(-n3ncc(NC(N)=NCC(F)(F)F)n3)c2)nc1C,391.36,2.03,119.79,2,6,4,3,1,<rdkit.Chem.rdchem.Mol object at 0x000001CB2748AF80>,False,False
TRZ02958,COC(c1ccccc1)(c1nnc(C)c(C)n1)C(F)(F)F,297.28,2.94,47.9,0,4,3,2,1,<rdkit.Chem.rdchem.Mol object at 0x000001CB2748AFF0>,False,False
TRZ02959,CO[C@](c1ccccc1)(c1nnc(C)c(C)n1)C(F)(F)F,297.28,2.94,47.9,0,4,3,2,1,<rdkit.Chem.rdchem.Mol object at 0x000001CB2748B060>,False,False
TRZ02960,CO[C@@](c1ccccc1)(c1nnc(C)c(C)n1)C(F)(F)F,297.28,2.94,47.9,0,4,3,2,1,<rdkit.Chem.rdchem.Mol object at 0x000001CB2748B0D0>,False,False
TRZ02961,Cc1nnc(-c2cc(F)ccc2O)nc1C,219.22,2.0,58.9,1,4,1,2,1,<rdkit.Chem.rdchem.Mol object at 0x000001CB2748B140>,False,False
TRZ02963,Cc1nnc(C(F)(F)C(O)c2ccccn2)nc1C,266.25,1.71,71.79,1,5,3,2,1,<rdkit.Chem.rdchem.Mol object at 0x000001CB2748B1B0>,False,False
TRZ02964,Cc1nnc(C(F)(F)Cc2ccccn2)nc1C,250.25,2.22,51.56,0,4,3,2,1,<rdkit.Chem.rdchem.Mol object at 0x000001CB2748B220>,False,False
TRZ02965,Cc1nnc(C(F)(F)C(O)c2ccncc2)nc1C,266.25,1.71,71.79,1,5,3,2,1,<rdkit.Chem.rdchem.Mol object at 0x000001CB2748B290>,False,False
TRZ02966,Cc1nnc(-c2cccnc2Nc2cccc(C(F)(F)F)c2)nc1C,345.33,4.31,63.59,1,5,3,3,1,<rdkit.Chem.rdchem.Mol object at 0x000001CB2748B300>,False,False
TRZ02967,Cc1nnc(-c2ccc(OCC(F)(F)F)cc2Cl)nc1C,317.7,3.75,47.9,0,4,3,2,1,<rdkit.Chem.rdchem.Mol object at 0x000001CB2748B370>,False,False
TRZ02968,Cc1nnc(-c2ccc(OCCCC(F)(F)F)cc2)nc1C,311.31,3.88,47.9,0,4,5,2,1,<rdkit.Chem.rdchem.Mol object at 0x000001CB2748B3E0>,False,False
TRZ02969,Cc1nnc(Cc2nc3cc(F)c(N4CCN(C(=O)OC(C)(C)C)CC4)cc3n2C2CC2)nc1C,481.58,3.96,89.27,0,7,4,3,1,<rdkit.Chem.rdchem.Mol object at 0x000001CB2748B450>,False,False
TRZ02970,CCc1c(Cc2nnc(C)c(C)n2)c2cc(F)ccc2n1Cc1ccccc1,374.46,4.78,43.6,0,3,5,4,1,<rdkit.Chem.rdchem.Mol object at 0x000001CB2748B4C0>,False,False
TRZ02972,Cc1nnc(Cc2csc(Nc3ccc(Cl)c(C(F)(F)F)c3)n2)nc1C,399.83,4.95,63.59,1,6,4,3,1,<rdkit.Chem.rdchem.Mol object at 0x000001CB2748B530>,False,False
TRZ02973,Cc1nnc(Cc2cccc(F)c2N)nc1C,232.26,1.8,64.69,1,4,2,2,1,<rdkit.Chem.rdchem.Mol object at 0x000001CB2748B5A0>,False,False
TRZ02974,Cc1nnc(-c2cc(F)ccc2Br)nc1C,282.12,3.06,38.67,0,3,1,2,1,<rdkit.Chem.rdchem.Mol object at 0x000001CB2748B610>,False,False
TRZ02975,Cc1nnc(-c2c(F)cccc2C(N)=O)nc1C,246.24,1.39,81.76,1,4,2,2,1,<rdkit.Chem.rdchem.Mol object at 0x000001CB2748B680>,False,False
TRZ02976,Cc1nnc(-c2cncc(-c3c(F)cccc3F)c2)nc1C,298.3,3.5,51.56,0,4,2,3,1,<rdkit.Chem.rdchem.Mol object at 0x000001CB2748B6F0>,False,False
TRZ02977,Cc1nnc(-c2ccccc2N(C(N)=O)c2cccc(C(F)(F)F)c2)nc1C,387.37,4.39,85.0,1,4,3,3,1,<rdkit.Chem.rdchem.Mol object at 0x000001CB2748B760>,False,False
TRZ02978,Cc1nnc(C[C@@H]2C[C@]3(NC(=O)NC3=O)c3cc(F)ccc3O2)nc1C,357.35,1.06,106.1,2,6,2,2,1,<rdkit.Chem.rdchem.Mol object at 0x000001CB2748B7D0>,False,False
TRZ02980,Cc1nnc(-c2cccc(Oc3cccc(C(F)(F)F)c3)n2)nc1C,346.31,4.36,60.79,0,5,3,3,1,<rdkit.Chem.rdchem.Mol object at 0x000001CB2748B8B0>,False,False
TRZ02981,Cc1nnc(-c2nc3c(=O)[nH]c4cc(C(F)(F)F)ccc4n3c2Cc2ncc[nH]2)nc1C,440.39,2.98,117.51,2,6,3,5,1,<rdkit.Chem.rdchem.Mol object at 0x000001CB2748B920>,False,False
TRZ02982,Cc1nnc(C2(C)CCC(C#N)(c3ccc(OC(F)F)c(OC(F)F)c3)CC2)nc1C,438.43,4.98,80.92,0,6,6,2,1,<rdkit.Chem.rdchem.Mol object at 0x000001CB2748B990>,False,False
TRZ02983,Cc1nnc(-c2c(F)c(F)c(F)c(F)c2-c2nnc(C)c(C)n2)nc1C,364.31,3.18,77.34,0,6,2,3,2,<rdkit.Chem.rdchem.Mol object at 0x000001CB2748BA00>,False,False
TRZ02985,Cc1nnc(-c2cc(F)c(F)c(F)c2F)nc1C,257.19,2.71,38.67,0,3,1,2,1,<rdkit.Chem.rdchem.Mol object at 0x000001CB2748BA70>,False,False
TRZ02986,Cc1nnc(C2CC3(NC(=O)NC3=O)c3cc(F)ccc3O2)nc1C,343.32,1.19,106.1,2,6,1,2,1,<rdkit.Chem.rdchem.Mol object at 0x000001CB2748BAE0>,False,False
TRZ02987,Cc1nnc(C(F)(F)C(O)(Cn2cncn2)c2ccc(F)cc2F)nc1C,382.32,2.04,89.61,1,6,5,3,1,<rdkit.Chem.rdchem.Mol object at 0x000001CB2748BB50>,False,False
TRZ02988,Cc1nnc(-c2ccc(Cl)c(OC(F)(F)F)c2)nc1C,303.67,3.71,47.9,0,4,2,2,1,<rdkit.Chem.rdchem.Mol object at 0x000001CB2748BBC0>,False,False
TRZ02989,Cc1nnc(-c2cccc(F)c2O)nc1C,219.22,2.0,58.9,1,4,1,2,1,<rdkit.Chem.rdchem.Mol object at 0x000001CB2748BC30>,False,False
TRZ02990,Cc1nnc(-c2ccc(C(F)(F)F)cc2O)nc1C,269.23,2.88,58.9,1,4,1,2,1,<rdkit.Chem.rdchem.Mol object at 0x000001CB2748BCA0>,False,False
TRZ02991,Cc1nnc(C2=Nc3c(cccc3C(F)(F)F)C(c3ccccn3)=NC2)nc1C,396.38,3.87,76.28,0,6,2,3,1,<rdkit.Chem.rdchem.Mol object at 0x000001CB2748BD10>,False,False
TRZ02992,Cc1nnc(C2=Nc3cccc(Br)c3C(c3ccccc3F)=NC2)nc1C,424.28,4.36,63.39,0,5,2,3,1,<rdkit.Chem.rdchem.Mol object at 0x000001CB2748BD80>,False,False
TRZ02993,CCC1N=C(c2ccccc2F)c2cc(F)ccc2N=C1c1nnc(C)c(C)n1,391.43,4.52,63.39,0,5,3,3,1,<rdkit.Chem.rdchem.Mol object at 0x000001CB2748BDF0>,False,False
TRZ02994,Cc1nnc(C2=Nc3cc(Cl)ccc3C(c3ccccc3F)=NC2)nc1C,379.83,4.25,63.39,0,5,2,3,1,<rdkit.Chem.rdchem.Mol object at 0x000001CB2748BE60>,False,False
TRZ02995,Cc1nnc(C2=Nc3ccccc3C(c3ccccc3F)=NC2)nc1C,345.38,3.6,63.39,0,5,2,3,1,<rdkit.Chem.rdchem.Mol object at 0x000001CB2748BED0>,False,False
TRZ02996,Cc1nnc(C2=Nc3ccc(F)cc3C(c3ccccc3)=NC2)nc1C,345.38,3.6,63.39,0,5,2,3,1,<rdkit.Chem.rdchem.Mol object at 0x000001CB2748BF40>,False,False
TRZ02997,Cc1nnc(C2=Nc3cc(F)ccc3C(c3ccccc3Cl)=NC2C)nc1C,393.85,4.64,63.39,0,5,2,3,1,<rdkit.Chem.rdchem.Mol object at 0x000001CB2748C040>,False,False
TRZ02998,Cc1nnc(C2=Nc3ccc(F)cc3C(c3ccccc3Cl)=NC2)nc1C,379.83,4.25,63.39,0,5,2,3,1,<rdkit.Chem.rdchem.Mol object at 0x000001CB2748C0B0>,False,False
TRZ02999,Cc1nnc(C2=Nc3c(F)cccc3C(c3ccccc3Cl)=NC2)nc1C,379.83,4.25,63.39,0,5,2,3,1,<rdkit.Chem.rdchem.Mol object at 0x000001CB2748C120>,False,False
TRZ03000,Cc1nnc(C2=Nc3cccc([N+](=O)[O-])c3C(c3ccccc3F)=NC2)nc1C,390.38,3.51,106.53,0,7,3,3,1,<rdkit.Chem.rdchem.Mol object at 0x000001CB2748C190>,False,False
TRZ03001,Cc1nnc(C2=Nc3ccc(C(F)(F)F)cc3C(c3ccccc3)=NC2)nc1C,395.39,4.48,63.39,0,5,2,3,1,<rdkit.Chem.rdchem.Mol object at 0x000001CB2748C200>,False,False
TRZ03003,Cc1nnc(C2(c3ccc(Cl)cc3)CC(F)C2)nc1C,291.76,3.56,38.67,0,3,2,2,1,<rdkit.Chem.rdchem.Mol object at 0x000001CB2748C270>,False,False
TRZ03004,Cc1ccc(-c2nnc(C)c(C)n2)c(C(F)(F)F)c1,267.25,3.48,38.67,0,3,1,2,1,<rdkit.Chem.rdchem.Mol object at 0x000001CB2748C2E0>,False,False
TRZ03005,Cc1nnc(-c2ccc(C(F)(F)F)c(Cl)c2)nc1C,287.67,3.83,38.67,0,3,1,2,1,<rdkit.Chem.rdchem.Mol object at 0x000001CB2748C350>,False,False
TRZ03006,Cc1nnc(-c2ccc(Cl)c(C(F)(F)F)c2)nc1C,287.67,3.83,38.67,0,3,1,2,1,<rdkit.Chem.rdchem.Mol object at 0x000001CB2748C3C0>,False,False
TRZ03007,Cc1nnc(C2=Nc3ccc(Cl)c(-c4c(F)cccc4F)c3C=NC2)nc1C,397.82,4.64,63.39,0,5,2,3,1,<rdkit.Chem.rdchem.Mol object at 0x000001CB2748C430>,False,False
TRZ03008,Cc1nnc(CCNS(=O)(=O)c2ccccc2)nc1C,292.36,1.01,84.84,1,5,5,2,1,<rdkit.Chem.rdchem.Mol object at 0x000001CB2748C4A0>,False,False
TRZ03009,Cc1nnc(-c2nccc(C(F)(F)F)n2)nc1C,255.2,1.96,64.45,0,5,1,2,1,<rdkit.Chem.rdchem.Mol object at 0x000001CB2748C510>,False,False
TRZ03010,Cc1nnc(CC(=O)Nc2ccc(OCc3cccc(F)c3)cc2)nc1C,366.4,3.39,77.0,1,5,6,3,1,<rdkit.Chem.rdchem.Mol object at 0x000001CB2748C580>,False,False
TRZ03011,Cc1nnc(-c2c(NC=O)cccc2C(F)(F)F)nc1C,296.25,2.74,67.77,1,4,3,2,1,<rdkit.Chem.rdchem.Mol object at 0x000001CB2748C5F0>,False,False
TRZ03012,Cc1nnc(-c2cn(-c3ccccc3C(F)(F)F)cn2)nc1C,319.29,3.36,56.49,0,4,2,3,1,<rdkit.Chem.rdchem.Mol object at 0x000001CB2748C660>,False,False
TRZ03013,Cc1nnc(CCC(=O)NC2CCN(Cc3ccc(F)c(F)c3)CC2)nc1C,389.45,2.48,71.01,1,5,6,2,1,<rdkit.Chem.rdchem.Mol object at 0x000001CB2748C6D0>,False,False
TRZ03014,CCCn1c(Cn2ccnc2-c2cccc(F)n2)nc2cc(-c3nnc(C)c(C)n3)ccc21,442.5,4.36,87.2,0,6,6,5,1,<rdkit.Chem.rdchem.Mol object at 0x000001CB2748C740>,False,False
TRZ03015,Cc1nnc(-c2ccc(F)c(N)c2)nc1C,218.23,1.88,64.69,1,4,1,2,1,<rdkit.Chem.rdchem.Mol object at 0x000001CB2748C7B0>,False,False
TRZ03016,Cc1nnc(-c2c(F)ccc(F)c2F)nc1C,239.2,2.57,38.67,0,3,1,2,1,<rdkit.Chem.rdchem.Mol object at 0x000001CB2748C820>,False,False
TRZ03017,Cc1nnc(-c2ccc(OCc3ccccc3)cc2C(F)(F)F)nc1C,359.35,4.75,47.9,0,4,4,3,1,<rdkit.Chem.rdchem.Mol object at 0x000001CB2748C890>,False,False
TRZ03018,Cc1nnc(C2(c3ccc(F)cc3)CCC2)nc1C,257.31,3.1,38.67,0,3,2,2,1,<rdkit.Chem.rdchem.Mol object at 0x000001CB2748C900>,False,False
TRZ03019,Cc1nnc(C2(c3ccc(F)cc3)CC2)nc1C,243.28,2.71,38.67,0,3,2,2,1,<rdkit.Chem.rdchem.Mol object at 0x000001CB2748C970>,False,False
TRZ03020,Cc1nnc(C2(c3ccccc3F)CCC2)nc1C,257.31,3.1,38.67,0,3,2,2,1,<rdkit.Chem.rdchem.Mol object at 0x000001CB2748C9E0>,False,False
TRZ03021,CO/C=C(/c1nnc(C)c(C)n1)c1ccccc1/C(=N/OC(C)=O)c1cccc(C(F)(F)F)c1,470.45,4.86,86.56,0,7,6,3,1,<rdkit.Chem.rdchem.Mol object at 0x000001CB2748CA50>,False,False
TRZ03022,Cc1nnc(-c2c(Cl)cc(C(F)(F)F)cc2Cl)nc1C,322.12,4.48,38.67,0,3,1,2,1,<rdkit.Chem.rdchem.Mol object at 0x000001CB2748CAC0>,False,False
TRZ03024,C=Nc1cccc(F)c1-c1nnc(C)c(C)n1,230.25,2.63,51.03,0,4,2,2,1,<rdkit.Chem.rdchem.Mol object at 0x000001CB2748CB30>,False,False
TRZ03025,Cc1nnc(-c2c(N=COS(C)(=O)=O)ccc(F)c2F)nc1C,342.33,2.07,94.4,0,7,4,2,1,<rdkit.Chem.rdchem.Mol object at 0x000001CB2748CBA0>,False,False
TRZ03026,C=Nc1ccc(F)cc1-c1nnc(C)c(C)n1,230.25,2.63,51.03,0,4,2,2,1,<rdkit.Chem.rdchem.Mol object at 0x000001CB2748CC10>,False,False
TRZ03027,COc1ccc(C=O)c(-c2nnc(C)c(C)n2)c1F,261.26,2.12,64.97,0,5,3,2,1,<rdkit.Chem.rdchem.Mol object at 0x000001CB2748CC80>,False,False
TRZ03028,Cc1nnc(-c2c(C=O)ccc(O)c2C(F)(F)F)nc1C,297.24,2.69,75.97,1,5,2,2,1,<rdkit.Chem.rdchem.Mol object at 0x000001CB2748CCF0>,False,False
TRZ03029,Cc1nnc(-c2c(C=O)ccc(O)c2F)nc1C,247.23,1.81,75.97,1,5,2,2,1,<rdkit.Chem.rdchem.Mol object at 0x000001CB2748CD60>,False,False
TRZ03030,Cc1nnc(-c2ccccc2OC(=O)C(F)(F)F)nc1C,297.24,2.62,64.97,0,5,2,2,1,<rdkit.Chem.rdchem.Mol object at 0x000001CB2748CDD0>,False,False
TRZ03032,Cc1cc(F)ccc1-c1ccc(-c2nnc(C)c(C)n2)nn1,295.32,3.06,64.45,0,5,2,3,1,<rdkit.Chem.rdchem.Mol object at 0x000001CB2748CE40>,False,False
TRZ03033,Cc1nnc(-c2ccc(N3CC(Oc4ccccc4C(F)(F)F)C3)nn2)nc1C,402.38,3.23,76.92,0,7,4,3,1,<rdkit.Chem.rdchem.Mol object at 0x000001CB2748CEB0>,False,False
TRZ03034,Cc1ccc2c(=O)c(-c3ccc(F)cc3)cn(Cc3nnc(C)c(C)n3)c2c1,374.42,3.97,60.67,0,4,3,4,1,<rdkit.Chem.rdchem.Mol object at 0x000001CB2748CF20>,False,False
TRZ03035,Cc1nnc(C(c2ccc(F)cc2)N2CCc3sccc3C2)nc1C,354.45,3.84,41.91,0,5,3,3,1,<rdkit.Chem.rdchem.Mol object at 0x000001CB2748CF90>,False,False
TRZ03036,Cc1nnc(-c2c(Nc3ccc(I)cc3F)n(C)c(=O)n(C)c2=O)nc1C,482.26,2.04,94.7,1,6,3,3,1,<rdkit.Chem.rdchem.Mol object at 0x000001CB2748D000>,False,False
TRZ03037,Cc1nnc(Cc2c(C)c3cc(F)c(O)c(F)c3oc2=O)nc1C,333.29,2.48,89.11,1,6,2,3,1,<rdkit.Chem.rdchem.Mol object at 0x000001CB2748D070>,False,False
TRZ03038,Cc1nnc(-c2ccc(NC(=O)c3ccc(F)cc3)cc2)nc1C,322.34,3.55,67.77,1,4,3,3,1,<rdkit.Chem.rdchem.Mol object at 0x000001CB2748D0E0>,False,False
TRZ03039,Cc1nnc(-c2cc(-c3ccc(F)cc3)nn2C)nc1C,283.31,2.7,56.49,0,4,2,3,1,<rdkit.Chem.rdchem.Mol object at 0x000001CB2748D150>,False,False
TRZ03040,Cc1nnc(Cc2ccccc2C(F)(F)F)nc1C,267.25,3.1,38.67,0,3,2,2,1,<rdkit.Chem.rdchem.Mol object at 0x000001CB2748D1C0>,False,False
TRZ03041,Cc1nnc(Cc2ccc(F)cc2Cl)nc1C,251.69,2.87,38.67,0,3,2,2,1,<rdkit.Chem.rdchem.Mol object at 0x000001CB2748D230>,False,False
TRZ03042,Cc1nnc(-c2cccc(OC(F)F)c2)nc1C,251.24,2.76,47.9,0,4,3,2,1,<rdkit.Chem.rdchem.Mol object at 0x000001CB2748D2A0>,False,False
TRZ03043,Cc1nnc(Cc2c3c(c(O)c4ncc(Cc5ccc(F)cc5)cc24)C(=O)N(C)C3)nc1C,443.48,3.65,92.1,1,6,4,4,1,<rdkit.Chem.rdchem.Mol object at 0x000001CB2748D310>,False,False
TRZ03044,Cc1nnc(CSc2ccc(F)cc2)nc1C,249.31,2.92,38.67,0,4,3,2,1,<rdkit.Chem.rdchem.Mol object at 0x000001CB2748D380>,False,False
TRZ03045,Cc1nnc(-c2ccc(SC(F)(F)F)cc2)nc1C,285.29,3.77,38.67,0,4,2,2,1,<rdkit.Chem.rdchem.Mol object at 0x000001CB2748D3F0>,False,False
TRZ03046,Cc1nnc(C(=O)Nc2cccc(Cl)c2F)nc1C,280.69,2.53,67.77,1,4,2,2,1,<rdkit.Chem.rdchem.Mol object at 0x000001CB2748D460>,False,False
TRZ03047,Cc1nnc(Cc2cccc(C(F)(F)F)c2)nc1C,267.25,3.1,38.67,0,3,2,2,1,<rdkit.Chem.rdchem.Mol object at 0x000001CB2748D4D0>,False,False
TRZ03048,Cc1nnc(CCOc2ccccc2F)nc1C,247.27,2.25,47.9,0,4,4,2,1,<rdkit.Chem.rdchem.Mol object at 0x000001CB2748D540>,False,False
TRZ03049,Cc1nnc(C(C)(C)Oc2ccc(F)cc2)nc1C,261.3,2.94,47.9,0,4,3,2,1,<rdkit.Chem.rdchem.Mol object at 0x000001CB2748D5B0>,False,False
TRZ03050,Cc1nnc(Cc2ccc(OC(F)F)cc2)nc1C,265.26,2.68,47.9,0,4,4,2,1,<rdkit.Chem.rdchem.Mol object at 0x000001CB2748D620>,False,False
TRZ03051,Cc1nnc(CSc2ccc(F)cc2F)nc1C,267.3,3.06,38.67,0,4,3,2,1,<rdkit.Chem.rdchem.Mol object at 0x000001CB2748D690>,False,False
TRZ03052,Cc1nnc(C(C)Oc2cccc(F)c2)nc1C,247.27,2.77,47.9,0,4,3,2,1,<rdkit.Chem.rdchem.Mol object at 0x000001CB2748D700>,False,False
TRZ03053,CC(=O)Nc1cccc(CCc2ccc(Cc3nnc(C)c(C)n3)cc2)c1C(F)(F)F,428.46,4.84,67.77,1,4,6,3,1,<rdkit.Chem.rdchem.Mol object at 0x000001CB2748D770>,False,False
TRZ03054,CC(=O)Nc1ccc(CCc2ccc(Cc3nnc(C)c(C)n3)cc2)c(C(F)(F)F)c1,428.46,4.84,67.77,1,4,6,3,1,<rdkit.Chem.rdchem.Mol object at 0x000001CB2748D7E0>,False,False
TRZ03055,Cc1nnc(-c2nc(Cc3c(-c4ccc(Cl)cc4)nc4ccc(F)cn34)no2)nc1C,435.85,4.24,94.89,0,7,4,5,1,<rdkit.Chem.rdchem.Mol object at 0x000001CB2748D850>,False,False
TRZ03057,[2H]c1nc([2H])c([2H])c(-c2nnc(C)c(C)n2)c1[2H],190.24,1.55,51.56,0,4,1,2,1,<rdkit.Chem.rdchem.Mol object at 0x000001CB2748D8C0>,False,False
TRZ03058,Cc1nnc(-c2cn(C)cn2)nc1C,189.22,0.89,56.49,0,4,1,2,1,<rdkit.Chem.rdchem.Mol object at 0x000001CB2748D930>,False,False
TRZ03059,Cc1nnc(C(F)(F)c2ccccn2)nc1C,236.23,2.02,51.56,0,4,2,2,1,<rdkit.Chem.rdchem.Mol object at 0x000001CB2748D9A0>,False,False
TRZ03060,Cc1nnc(CNc2ccc(C(F)(F)F)cc2)nc1C,282.27,3.12,50.7,1,4,3,2,1,<rdkit.Chem.rdchem.Mol object at 0x000001CB2748DA10>,False,False
TRZ03061,Cc1nnc(-c2c(NC(=O)c3ccc(F)cc3)ncn2C)nc1C,326.34,2.28,85.59,1,5,3,3,1,<rdkit.Chem.rdchem.Mol object at 0x000001CB2748DA80>,False,False
TRZ03062,Cc1nnc([C@@H](CCCCl)c2ccccc2C(F)(F)F)nc1C,343.78,4.66,38.67,0,3,5,2,1,<rdkit.Chem.rdchem.Mol object at 0x000001CB2748DAF0>,False,False
TRZ03063,Cc1nnc(-c2cc(F)c(CCC(=O)OC(C)(C)C)cc2Cl)nc1C,365.84,4.22,64.97,0,5,4,2,1,<rdkit.Chem.rdchem.Mol object at 0x000001CB2748DB60>,False,False
TRZ03064,Cc1nnc(Cc2ccc(F)c(F)c2)nc1C,235.24,2.36,38.67,0,3,2,2,1,<rdkit.Chem.rdchem.Mol object at 0x000001CB2748DBD0>,False,False
TRZ03065,Cc1nnc(-c2ccc(-c3cccc(C(F)(F)F)c3)o2)nc1C,319.29,4.43,51.81,0,4,2,3,1,<rdkit.Chem.rdchem.Mol object at 0x000001CB2748DC40>,False,False
TRZ03066,Cc1nnc(C(F)(F)c2ccccc2)nc1C,235.24,2.63,38.67,0,3,2,2,1,<rdkit.Chem.rdchem.Mol object at 0x000001CB2748DCB0>,False,False
TRZ03067,COc1ccc(F)c(-c2nnc(C)c(C)n2)c1,233.25,2.3,47.9,0,4,2,2,1,<rdkit.Chem.rdchem.Mol object at 0x000001CB2748DD20>,False,False
TRZ03068,Cc1nnc(-c2ccc(F)c(F)c2F)nc1C,239.2,2.57,38.67,0,3,1,2,1,<rdkit.Chem.rdchem.Mol object at 0x000001CB2748DD90>,False,False
TRZ03069,Cc1nnc(-c2cc(C(F)(F)F)c3ccccc3n2)nc1C,304.28,3.72,51.56,0,4,1,3,1,<rdkit.Chem.rdchem.Mol object at 0x000001CB2748DE00>,False,False
TRZ03070,Cc1nnc(-c2cc(C(F)(F)F)c3cc(F)ccc3n2)nc1C,322.27,3.86,51.56,0,4,1,3,1,<rdkit.Chem.rdchem.Mol object at 0x000001CB2748DE70>,False,False
TRZ03071,Cc1nnc(CCc2ccccc2F)nc1C,231.27,2.41,38.67,0,3,3,2,1,<rdkit.Chem.rdchem.Mol object at 0x000001CB2748DEE0>,False,False
TRZ03072,C=C(c1ccc(-c2nnc(C)c(C)n2)cc1)[C@](O)(Cn1cncn1)c1ccc(F)cc1F,434.45,3.63,89.61,1,6,6,4,1,<rdkit.Chem.rdchem.Mol object at 0x000001CB2748DF50>,False,False
TRZ03073,Cc1nnc(CCCN2CCC(O)(c3ccc(Cl)cc3F)CC2)nc1C,378.88,3.2,62.14,1,5,5,2,1,<rdkit.Chem.rdchem.Mol object at 0x000001CB2748DFC0>,False,False
TRZ03074,Cc1nnc(CCCN2CCC(c3cc(C(F)(F)F)ccc3Cl)CC2)nc1C,412.89,4.97,41.91,0,4,5,2,1,<rdkit.Chem.rdchem.Mol object at 0x000001CB2748E030>,False,False
TRZ03075,C=C(c1nnc(C)c(C)n1)c1ccccc1C(=NOC(C)=O)c1cccc(C(F)(F)F)c1,440.43,4.88,77.33,0,6,5,3,1,<rdkit.Chem.rdchem.Mol object at 0x000001CB2748E0A0>,False,False
TRZ03076,Cc1nnc(CCCN2CC=C(c3ccc(Cl)c(F)c3)CC2)nc1C,360.86,4.0,41.91,0,4,5,2,1,<rdkit.Chem.rdchem.Mol object at 0x000001CB2748E110>,False,False
TRZ03077,Cc1nnc(-c2ccc(C(C)C(O)(Cn3cncn3)c3ccc(F)cc3F)cc2)nc1C,436.47,3.72,89.61,1,6,6,4,1,<rdkit.Chem.rdchem.Mol object at 0x000001CB2748E180>,False,False
TRZ03078,Cc1nnc(CCCN2CCC(O)(c3ccc(F)c(Cl)c3)CC2)nc1C,378.88,3.2,62.14,1,5,5,2,1,<rdkit.Chem.rdchem.Mol object at 0x000001CB2748E1F0>,False,False
TRZ03080,Cc1nnc(CCCN2CCC(O)(c3ccc(Cl)c(C(F)(F)F)c3)CC2)nc1C,428.89,4.08,62.14,1,5,5,2,1,<rdkit.Chem.rdchem.Mol object at 0x000001CB2748E260>,False,False
TRZ03081,Cc1nnc(-c2c(F)c(F)cc(F)c2F)nc1C,257.19,2.71,38.67,0,3,1,2,1,<rdkit.Chem.rdchem.Mol object at 0x000001CB2748E2D0>,False,False
TRZ03082,Cc1nnc(C(C(F)=C(F)F)c2ccccc2C(=O)O)nc1C,323.27,3.4,75.97,1,4,4,2,1,<rdkit.Chem.rdchem.Mol object at 0x000001CB2748E340>,False,False
TRZ03083,Cc1nnc(CCCN2CCC(c3ccc(F)cc3)CC2)nc1C,328.44,3.44,41.91,0,4,5,2,1,<rdkit.Chem.rdchem.Mol object at 0x000001CB2748E3B0>,False,False
TRZ03084,Cc1nnc(CCCN2CCC(c3ccc(Cl)cc3F)CC2)nc1C,362.88,4.09,41.91,0,4,5,2,1,<rdkit.Chem.rdchem.Mol object at 0x000001CB2748E420>,False,False
TRZ03085,Cc1nnc(CCCN2CC=C(c3ccc(F)cc3)CC2)nc1C,326.42,3.35,41.91,0,4,5,2,1,<rdkit.Chem.rdchem.Mol object at 0x000001CB2748E490>,False,False
TRZ03087,Cc1nnc(-c2c(NC(N)=O)cccc2-c2ccccc2C(F)(F)F)nc1C,387.37,4.33,93.79,2,4,3,3,1,<rdkit.Chem.rdchem.Mol object at 0x000001CB2748E570>,False,False
TRZ03088,COC=C(c1nnc(C)c(C)n1)c1ccccc1C(=NOC(C)=O)c1cccc(C(F)(F)F)c1,470.45,4.86,86.56,0,7,6,3,1,<rdkit.Chem.rdchem.Mol object at 0x000001CB2748E5E0>,False,False
TRZ03089,Cc1nnc(CN(C(N)=O)c2ccc(F)cc2)nc1C,275.29,1.71,85.0,1,4,3,2,1,<rdkit.Chem.rdchem.Mol object at 0x000001CB2748E650>,False,False
TRZ03090,Cc1nnc(CCCN2CCC(O)(c3cc(C(F)(F)F)ccc3Cl)CC2)nc1C,428.89,4.08,62.14,1,5,5,2,1,<rdkit.Chem.rdchem.Mol object at 0x000001CB2748E6C0>,False,False
TRZ03091,Cc1nnc(-c2ccc(C(C)C(O)(CN3C=NC=C=N3)c3ccc(F)cc3F)cc2)nc1C,448.48,3.87,86.86,1,7,6,3,1,<rdkit.Chem.rdchem.Mol object at 0x000001CB2748E730>,False,False
TRZ03092,Cc1nnc(CCCN2CCC(c3ccc(F)c(Cl)c3)CC2)nc1C,362.88,4.09,41.91,0,4,5,2,1,<rdkit.Chem.rdchem.Mol object at 0x000001CB2748E7A0>,False,False
TRZ03093,Cc1nnc(CCCN2CCC(c3ccc(Cl)c(F)c3)CC2)nc1C,362.88,4.09,41.91,0,4,5,2,1,<rdkit.Chem.rdchem.Mol object at 0x000001CB2748E810>,False,False
TRZ03094,Cc1nnc(-c2c(F)c(F)c(N=[N+]=[N-])c(F)c2F)nc1C,298.2,3.65,87.43,0,4,2,2,1,<rdkit.Chem.rdchem.Mol object at 0x000001CB2748E880>,False,False
TRZ03095,Cc1nnc(CCCN2CC=C(c3ccc(Cl)cc3F)CC2)nc1C,360.86,4.0,41.91,0,4,5,2,1,<rdkit.Chem.rdchem.Mol object at 0x000001CB2748E8F0>,False,False
TRZ03096,Cc1ccc(F)c(-c2nnc(C)c(C)n2)c1,217.25,2.6,38.67,0,3,1,2,1,<rdkit.Chem.rdchem.Mol object at 0x000001CB2748E960>,False,False
TRZ03097,Cc1nnc(C2CCCN(C(=O)c3ccc(F)cc3)C2)nc1C,314.36,2.65,58.98,0,4,2,2,1,<rdkit.Chem.rdchem.Mol object at 0x000001CB2748E9D0>,False,False
TRZ03098,Cc1nnc(C(=O)Nc2ccc(Br)cc2C(F)(F)F)nc1C,375.15,3.52,67.77,1,4,2,2,1,<rdkit.Chem.rdchem.Mol object at 0x000001CB2748EA40>,False,False
TRZ03099,Cc1nnc(-c2ccc(F)cc2O)nc1C,219.22,2.0,58.9,1,4,1,2,1,<rdkit.Chem.rdchem.Mol object at 0x000001CB2748EAB0>,False,False
TRZ03100,Cc1nnc(-c2ncccc2F)nc1C,204.21,1.69,51.56,0,4,1,2,1,<rdkit.Chem.rdchem.Mol object at 0x000001CB2748EB20>,False,False
TRZ03101,Cc1nnc(-c2ncc(F)cc2F)nc1C,222.2,1.83,51.56,0,4,1,2,1,<rdkit.Chem.rdchem.Mol object at 0x000001CB2748EB90>,False,False
TRZ03102,Cc1nnc(-c2ccc(F)cn2)nc1C,204.21,1.69,51.56,0,4,1,2,1,<rdkit.Chem.rdchem.Mol object at 0x000001CB2748EC00>,False,False
TRZ03103,Cc1nnc(-c2ccc(F)cc2N)nc1C,218.23,1.88,64.69,1,4,1,2,1,<rdkit.Chem.rdchem.Mol object at 0x000001CB2748EC70>,False,False
TRZ03104,Cc1nnc(-c2cnn(C(F)F)c2)nc1C,225.2,1.75,56.49,0,4,2,2,1,<rdkit.Chem.rdchem.Mol object at 0x000001CB2748ECE0>,False,False
TRZ03105,Cc1nnc(-c2ccc(F)nc2F)nc1C,222.2,1.83,51.56,0,4,1,2,1,<rdkit.Chem.rdchem.Mol object at 0x000001CB2748ED50>,False,False
TRZ03106,Cc1nnc(-c2c(F)cc(O)cc2F)nc1C,237.21,2.14,58.9,1,4,1,2,1,<rdkit.Chem.rdchem.Mol object at 0x000001CB2748EDC0>,False,False
TRZ03107,Cc1nnc(-c2ccc(F)c(Br)c2)nc1C,282.12,3.06,38.67,0,3,1,2,1,<rdkit.Chem.rdchem.Mol object at 0x000001CB2748EE30>,False,False
TRZ03108,Cc1nnc(-c2ccc(OC(=O)c3ccc(O)c(F)c3)c3ccccc23)nc1C,389.39,4.37,85.2,1,6,3,4,1,<rdkit.Chem.rdchem.Mol object at 0x000001CB2748EEA0>,False,False
TRZ03109,Cc1nnc(-c2ccccc2N2C(=O)N[C@]3(CCOc4ccc(F)cc43)C2=O)nc1C,419.42,3.03,97.31,1,6,2,3,1,<rdkit.Chem.rdchem.Mol object at 0x000001CB2748EF10>,False,False
TRZ03112,Cc1cc(I)ccc1Nc1cc(F)ccc1-c1nnc(C)c(C)n1,434.26,4.95,50.7,1,4,3,3,1,<rdkit.Chem.rdchem.Mol object at 0x000001CB2748EF80>,False,False
TRZ03113,Cc1nnc(-c2c(Cl)cc(C(F)(F)F)cc2[N+](=O)[O-])nc1C,332.67,3.74,81.81,0,5,2,2,1,<rdkit.Chem.rdchem.Mol object at 0x000001CB2748EFF0>,False,False
TRZ03114,Cc1nnc(-c2ccc([C@@H](C)[C@@](O)(Cn3cncn3)c3ccc(F)cc3F)cc2)nc1C,436.47,3.72,89.61,1,6,6,4,1,<rdkit.Chem.rdchem.Mol object at 0x000001CB2748F060>,False,False
TRZ03115,COc1ccc(N2C(=O)N[C@]3(CCOc4ccc(F)cc43)C2=O)c(-c2nnc(C)c(C)n2)c1,449.44,3.04,106.54,1,7,3,3,1,<rdkit.Chem.rdchem.Mol object at 0x000001CB2748F0D0>,False,False
TRZ03116,Cc1nnc(-c2cc(Cl)ccc2N2C(=O)N[C@]3(CCOc4ccc(F)cc43)C2=O)nc1C,453.86,3.68,97.31,1,6,2,3,1,<rdkit.Chem.rdchem.Mol object at 0x000001CB2748F140>,False,False
TRZ03118,Cc1nnc(-c2ccc(F)cc2OC(F)(F)F)nc1C,287.22,3.19,47.9,0,4,2,2,1,<rdkit.Chem.rdchem.Mol object at 0x000001CB2748F1B0>,False,False
TRZ03119,Cc1nnc(C(C)(Cc2ccc(F)cc2)N(C(=O)O)C(C)(C)C)nc1C,360.43,3.86,79.21,1,4,4,2,1,<rdkit.Chem.rdchem.Mol object at 0x000001CB2748F220>,False,False
TRZ03120,Cc1nnc(C(C)(Cc2ccc(F)cc2)NC(=O)OC(C)(C)C)nc1C,360.43,3.61,77.0,1,5,4,2,1,<rdkit.Chem.rdchem.Mol object at 0x000001CB2748F290>,False,False
TRZ03121,Cc1nnc(-c2c(O)cccc2F)nc1C,219.22,2.0,58.9,1,4,1,2,1,<rdkit.Chem.rdchem.Mol object at 0x000001CB2748F300>,False,False
TRZ03122,Cc1nnc([C@@H]2CC=C(c3cccc(F)c3Cl)CC2)nc1C,317.8,4.63,38.67,0,3,2,2,1,<rdkit.Chem.rdchem.Mol object at 0x000001CB2748F370>,False,False
TRZ03123,Cc1nnc([C@@H]2CC=C(c3cc(F)ccn3)CC2)nc1C,284.34,3.37,51.56,0,4,2,2,1,<rdkit.Chem.rdchem.Mol object at 0x000001CB2748F3E0>,False,False
TRZ03124,Cc1nnc([C@@H]2CC=C(c3ncccc3F)CC2)nc1C,284.34,3.37,51.56,0,4,2,2,1,<rdkit.Chem.rdchem.Mol object at 0x000001CB2748F450>,False,False
TRZ03125,Cc1nnc([C@@H]2CC=C(c3ccc(F)cc3)CC2)nc1C,283.35,3.98,38.67,0,3,2,2,1,<rdkit.Chem.rdchem.Mol object at 0x000001CB2748F4C0>,False,False
TRZ03126,Cc1nnc(-c2cccnc2NCc2ccc(F)cc2)nc1C,309.35,3.3,63.59,1,5,4,3,1,<rdkit.Chem.rdchem.Mol object at 0x000001CB2748F530>,False,False
TRZ03127,Cc1nnc(-c2ccc(C(F)(F)F)cc2[N+](=O)[O-])nc1C,298.22,3.08,81.81,0,5,2,2,1,<rdkit.Chem.rdchem.Mol object at 0x000001CB2748F5A0>,False,False
TRZ03128,Cc1nnc(-c2cccnc2NCc2ccc(F)c(F)c2)nc1C,327.34,3.44,63.59,1,5,4,3,1,<rdkit.Chem.rdchem.Mol object at 0x000001CB2748F610>,False,False
TRZ03130,Cc1nnc(C(F)(F)c2ccc3occc3c2)nc1C,275.26,3.37,51.81,0,4,2,3,1,<rdkit.Chem.rdchem.Mol object at 0x000001CB2748F680>,False,False
TRZ03131,Cc1nnc(-c2c(NC(=O)c3ccc(F)cc3)cnn2C)nc1C,326.34,2.28,85.59,1,5,3,3,1,<rdkit.Chem.rdchem.Mol object at 0x000001CB2748F6F0>,False,False
TRZ03132,Cc1nnc(-c2ccc(NC(=O)c3ccccc3F)cc2)nc1C,322.34,3.55,67.77,1,4,3,3,1,<rdkit.Chem.rdchem.Mol object at 0x000001CB2748F760>,False,False
TRZ03133,Cc1nnc(-c2ccc(NC(=O)C3CCCCC3)cc2C(F)(F)F)nc1C,378.4,4.69,67.77,1,4,3,2,1,<rdkit.Chem.rdchem.Mol object at 0x000001CB2748F7D0>,False,False
TRZ03134,Cc1nnc(-c2ccc(NC(=O)c3ccccc3F)cc2F)nc1C,340.33,3.69,67.77,1,4,3,3,1,<rdkit.Chem.rdchem.Mol object at 0x000001CB2748F840>,False,False
TRZ03135,COc1cc(NC(=O)c2ccccc2F)ccc1-c1nnc(C)c(C)n1,352.37,3.56,77.0,1,5,4,3,1,<rdkit.Chem.rdchem.Mol object at 0x000001CB2748F8B0>,False,False
TRZ03136,Cc1nnc(-c2ccc(NC(=O)c3ccccc3)cc2F)nc1C,322.34,3.55,67.77,1,4,3,3,1,<rdkit.Chem.rdchem.Mol object at 0x000001CB2748F920>,False,False
TRZ03137,Cc1nnc(-c2ccc(NC(=O)c3cccc(F)c3)cc2)nc1C,322.34,3.55,67.77,1,4,3,3,1,<rdkit.Chem.rdchem.Mol object at 0x000001CB2748F990>,False,False
TRZ03138,CCc1cc(-c2nnc(C)c(C)n2)ccc1NC(=O)c1ccccc1F,350.4,4.11,67.77,1,4,4,3,1,<rdkit.Chem.rdchem.Mol object at 0x000001CB2748FA00>,False,False
TRZ03139,Cc1nnc(-c2ccc(NC(=O)c3ccccc3F)cc2C(F)(F)F)nc1C,390.34,4.57,67.77,1,4,3,3,1,<rdkit.Chem.rdchem.Mol object at 0x000001CB2748FA70>,False,False
TRZ03140,CCc1cc(NC(=O)c2ccccc2F)ccc1-c1nnc(C)c(C)n1,350.4,4.11,67.77,1,4,4,3,1,<rdkit.Chem.rdchem.Mol object at 0x000001CB2748FAE0>,False,False
TRZ03141,COc1cc(NC(=O)c2c(F)cccc2F)ccc1-c1nnc(C)c(C)n1,370.36,3.69,77.0,1,5,4,3,1,<rdkit.Chem.rdchem.Mol object at 0x000001CB2748FB50>,False,False
TRZ03142,Cc1nnc(-c2ccc(NC(=O)c3ccccc3F)cc2Cl)nc1C,356.79,4.2,67.77,1,4,3,3,1,<rdkit.Chem.rdchem.Mol object at 0x000001CB2748FBC0>,False,False
TRZ03143,COc1cc(NC(=O)c2ccc(F)cc2)ccc1-c1nnc(C)c(C)n1,352.37,3.56,77.0,1,5,4,3,1,<rdkit.Chem.rdchem.Mol object at 0x000001CB2748FC30>,False,False
TRZ03144,Cc1cc(NC(=O)c2ccccc2F)ccc1-c1nnc(C)c(C)n1,336.37,3.86,67.77,1,4,3,3,1,<rdkit.Chem.rdchem.Mol object at 0x000001CB2748FCA0>,False,False
TRZ03145,Cc1nnc(-c2ccc(NC(=O)c3ccccc3F)c(F)c2)nc1C,340.33,3.69,67.77,1,4,3,3,1,<rdkit.Chem.rdchem.Mol object at 0x000001CB2748FD10>,False,False
TRZ03146,Cc1nnc(-c2ccc(NC(=O)c3ccccc3)cc2C(F)(F)F)nc1C,372.35,4.43,67.77,1,4,3,3,1,<rdkit.Chem.rdchem.Mol object at 0x000001CB2748FD80>,False,False
TRZ03147,Cc1nnc(-c2ccc(NC(=O)c3c(F)cccc3F)cc2)nc1C,340.33,3.69,67.77,1,4,3,3,1,<rdkit.Chem.rdchem.Mol object at 0x000001CB2748FDF0>,False,False
TRZ03148,COc1cc(NC(=O)c2cccc(F)c2)ccc1-c1nnc(C)c(C)n1,352.37,3.56,77.0,1,5,4,3,1,<rdkit.Chem.rdchem.Mol object at 0x000001CB2748FE60>,False,False
TRZ03149,Cc1nnc(-c2cn3ccnc3c(F)c2Nc2ccc(Br)cc2F)nc1C,431.24,4.59,68.0,1,5,3,4,1,<rdkit.Chem.rdchem.Mol object at 0x000001CB2748FED0>,False,False
TRZ03150,Cc1nnc(-c2ccc(Br)c(F)c2)nc1C,282.12,3.06,38.67,0,3,1,2,1,<rdkit.Chem.rdchem.Mol object at 0x000001CB2748FF40>,False,False
TRZ03151,Cc1nnc(Cc2c(F)cc3ncccc3c2F)nc1C,286.29,2.91,51.56,0,4,2,3,1,<rdkit.Chem.rdchem.Mol object at 0x000001CB27490040>,False,False
TRZ03152,Cc1nnc(Cc2cc3cccnc3cc2F)nc1C,268.3,2.77,51.56,0,4,2,3,1,<rdkit.Chem.rdchem.Mol object at 0x000001CB274900B0>,False,False
TRZ03153,Cc1nnc(-c2cnc(N3CC(Oc4ccccc4C(F)(F)F)C3)s2)nc1C,407.42,3.9,64.03,0,7,4,3,1,<rdkit.Chem.rdchem.Mol object at 0x000001CB27490120>,False,False
TRZ03154,Cc1nnc(-c2ccc(N3CC(Cc4ccccc4C(F)(F)F)C3)nn2)nc1C,400.41,3.64,67.69,0,6,4,3,1,<rdkit.Chem.rdchem.Mol object at 0x000001CB27490190>,False,False
TRZ03155,Cc1nnc(-c2ccc(N3CC(OCc4ccccc4C(F)(F)F)C3)nn2)nc1C,416.41,3.37,76.92,0,7,5,3,1,<rdkit.Chem.rdchem.Mol object at 0x000001CB27490200>,False,False
TRZ03156,[C-]#[N+]c1ccc(N(Cc2nnc(C)c(C)n2)CC(F)(F)F)cc1C(F)(F)F,389.3,4.63,46.27,0,4,4,2,1,<rdkit.Chem.rdchem.Mol object at 0x000001CB27490270>,False,False
TRZ03157,Cc1nnc(Cn2c(C(F)F)cc3c(Cl)c(C#N)ccc32)nc1C,347.76,3.95,67.39,0,4,3,3,1,<rdkit.Chem.rdchem.Mol object at 0x000001CB274902E0>,False,False
TRZ03161,Cc1nnc(-c2ccc(F)c(O)c2)nc1C,219.22,2.0,58.9,1,4,1,2,1,<rdkit.Chem.rdchem.Mol object at 0x000001CB27490350>,False,False
TRZ03162,Cc1nnc(CCN(Cc2cc3c(cc2F)OCCO3)C(=O)OC(C)(C)C)nc1C,418.47,3.38,86.67,0,7,5,2,1,<rdkit.Chem.rdchem.Mol object at 0x000001CB274903C0>,False,False
TRZ03163,Cc1nnc(-c2cc(-c3cccc(F)c3)no2)nc1C,270.27,2.95,64.7,0,5,2,3,1,<rdkit.Chem.rdchem.Mol object at 0x000001CB27490430>,False,False
TRZ03164,Cc1nnc(-c2cc(-c3cccc(F)c3)on2)nc1C,270.27,2.95,64.7,0,5,2,3,1,<rdkit.Chem.rdchem.Mol object at 0x000001CB274904A0>,False,False
TRZ03165,Cc1nnc(-c2cc3cc(F)ccc3cn2)nc1C,254.27,2.84,51.56,0,4,1,3,1,<rdkit.Chem.rdchem.Mol object at 0x000001CB27490510>,False,False
TRZ03166,Cc1cc(-c2nnc(C)c(C)n2)cc2c1C(=O)N(Cc1ccc(OC(F)(F)F)cc1)C2,428.41,4.52,68.21,0,5,4,3,1,<rdkit.Chem.rdchem.Mol object at 0x000001CB27490580>,False,False
TRZ03167,Cc1nnc(-c2c(Nc3ccc(Br)cc3F)c(F)c(=O)n3c2CCC3)nc1C,448.27,4.05,72.7,1,5,3,3,1,<rdkit.Chem.rdchem.Mol object at 0x000001CB274905F0>,False,False
TRZ03168,Cc1nnc(C[C@@H](Cc2cc(F)ccc2F)NC(=O)OC(C)(C)C)nc1C,378.42,3.45,77.0,1,5,5,2,1,<rdkit.Chem.rdchem.Mol object at 0x000001CB27490660>,False,False
TRZ03169,Cc1nnc(C[C@@H](Cc2cc(F)c(F)cc2F)NC(=O)OC(C)(C)C)nc1C,396.41,3.58,77.0,1,5,5,2,1,<rdkit.Chem.rdchem.Mol object at 0x000001CB274906D0>,False,False
TRZ03170,[C-]#[N+]c1cc(F)ccc1N1CCC(CNC(=O)[C@@H]2OC(C)(C)O[C@H]2c2nnc(C)c(C)n2)CC1,468.53,3.4,93.83,1,7,5,2,1,<rdkit.Chem.rdchem.Mol object at 0x000001CB27490740>,False,False
TRZ03172,Cc1nnc(CC[C@H](Cc2ccc(C(F)(F)F)cc2)NC(=O)OC(C)(C)C)nc1C,424.47,4.58,77.0,1,5,6,2,1,<rdkit.Chem.rdchem.Mol object at 0x000001CB274907B0>,False,False
TRZ03173,Cc1nnc(CC[C@H](Cc2ccc(C(F)(F)F)nc2)NC(=O)OC(C)(C)C)nc1C,425.46,3.97,89.89,1,6,6,2,1,<rdkit.Chem.rdchem.Mol object at 0x000001CB27490820>,False,False
TRZ03175,Cc1ccc(-c2nnc(C)c(C)n2)cc1C(F)(F)F,267.25,3.48,38.67,0,3,1,2,1,<rdkit.Chem.rdchem.Mol object at 0x000001CB27490890>,False,False
TRZ03178,CC(=O)N1CCN(c2ccc(C(F)(F)F)c(CCc3ccc(Cc4nnc(C)c(C)n4)cc3)n2)CC1,498.55,3.95,75.11,0,6,6,3,1,<rdkit.Chem.rdchem.Mol object at 0x000001CB27490900>,False,False
TRZ03179,Cc1nnc(Cc2ccc(CCc3nc(N4CCNCC4)ccc3C(F)(F)F)cc2)nc1C,456.52,3.69,66.83,1,6,6,3,1,<rdkit.Chem.rdchem.Mol object at 0x000001CB27490970>,False,False
TRZ03180,Cc1ccc2c(-c3nnc(C)c(C)n3)nn(Cc3ccc(F)cc3Cl)c2c1,381.84,4.65,56.49,0,4,3,4,1,<rdkit.Chem.rdchem.Mol object at 0x000001CB274909E0>,False,False
TRZ03181,Cc1ccc2c(-c3nnc(C)c(C)n3)nn(Cc3ccc(F)cc3F)c2c1,365.39,4.14,56.49,0,4,3,4,1,<rdkit.Chem.rdchem.Mol object at 0x000001CB27490A50>,False,False
TRZ03182,Cc1ccc2c(c1)c(-c1nnc(C)c(C)n1)nn2Cc1ccc(F)cc1F,365.39,4.14,56.49,0,4,3,4,1,<rdkit.Chem.rdchem.Mol object at 0x000001CB27490AC0>,False,False
TRZ03183,Cc1nnc(C(C)c2cc3cccnc3cc2F)nc1C,282.32,3.33,51.56,0,4,2,3,1,<rdkit.Chem.rdchem.Mol object at 0x000001CB27490B30>,False,False
TRZ03184,Cc1nnc(C(F)(F)c2cccc(-c3ncc(Br)cn3)c2)nc1C,392.21,3.85,64.45,0,5,3,3,1,<rdkit.Chem.rdchem.Mol object at 0x000001CB27490BA0>,False,False
TRZ03185,Cc1nnc(C(F)(F)c2cccc(Br)c2)nc1C,314.13,3.39,38.67,0,3,2,2,1,<rdkit.Chem.rdchem.Mol object at 0x000001CB27490C10>,False,False
TRZ03186,COC(=O)C1CCC(Oc2ncc(CC(=O)c3nnc(C)c(C)n3)cc2F)CC1,402.43,2.56,104.16,0,8,6,2,1,<rdkit.Chem.rdchem.Mol object at 0x000001CB27490C80>,False,False
TRZ03187,CC(=O)NC[C@H]1CN(c2ccc(-c3ccc4nc(-c5nnc(C)c(C)n5)cn4c3)c(F)c2)C(=O)O1,475.48,3.07,114.61,1,7,5,4,1,<rdkit.Chem.rdchem.Mol object at 0x000001CB27490CF0>,False,False
TRZ03188,Cc1nnc(C(C)(C)Oc2ccc(C(F)(F)F)cc2Cl)nc1C,345.75,4.47,47.9,0,4,3,2,1,<rdkit.Chem.rdchem.Mol object at 0x000001CB27490D60>,False,False
TRZ03189,Cc1nnc(C(C)(C)Oc2c(F)cc(Cl)cc2F)nc1C,313.74,3.73,47.9,0,4,3,2,1,<rdkit.Chem.rdchem.Mol object at 0x000001CB27490DD0>,False,False
TRZ03190,Cc1nnc(C(C)(C)Oc2c(F)cc(F)cc2F)nc1C,297.28,3.22,47.9,0,4,3,2,1,<rdkit.Chem.rdchem.Mol object at 0x000001CB27490E40>,False,False
TRZ03191,Cc1nnc(C(C)(C)Oc2cc(F)c(F)cc2F)nc1C,297.28,3.22,47.9,0,4,3,2,1,<rdkit.Chem.rdchem.Mol object at 0x000001CB27490EB0>,False,False
TRZ03192,Cc1nnc(C(C)(C)Oc2ccc(F)cc2F)nc1C,279.29,3.08,47.9,0,4,3,2,1,<rdkit.Chem.rdchem.Mol object at 0x000001CB27490F20>,False,False
TRZ03194,Cc1cc(F)c(OC(C)(C)c2nnc(C)c(C)n2)c(F)c1,293.32,3.39,47.9,0,4,3,2,1,<rdkit.Chem.rdchem.Mol object at 0x000001CB27490F90>,False,False
TRZ03195,Cc1nnc(C(C)(C)Oc2ccc(F)c(F)c2)nc1C,279.29,3.08,47.9,0,4,3,2,1,<rdkit.Chem.rdchem.Mol object at 0x000001CB27491000>,False,False
TRZ03196,Cc1nnc(C(C)(C)Oc2ccc(C#N)c(F)c2)nc1C,286.31,2.81,71.69,0,5,3,2,1,<rdkit.Chem.rdchem.Mol object at 0x000001CB27491070>,False,False
TRZ03197,Cc1nnc(C(C)(C)Oc2ccc(C(F)(F)F)cc2)nc1C,311.31,3.82,47.9,0,4,3,2,1,<rdkit.Chem.rdchem.Mol object at 0x000001CB274910E0>,False,False
TRZ03198,Cc1nnc(C2(Oc3ccc(C(F)(F)F)cc3)CCC2)nc1C,323.32,3.97,47.9,0,4,3,2,1,<rdkit.Chem.rdchem.Mol object at 0x000001CB27491150>,False,False
TRZ03199,Cc1nnc(C(C)(C)Oc2cccc(F)c2)nc1C,261.3,2.94,47.9,0,4,3,2,1,<rdkit.Chem.rdchem.Mol object at 0x000001CB274911C0>,False,False
TRZ03200,Cc1nnc(C(C)(C)Oc2ccccc2C(F)(F)F)nc1C,311.31,3.82,47.9,0,4,3,2,1,<rdkit.Chem.rdchem.Mol object at 0x000001CB27491230>,False,False
TRZ03201,Cc1nnc(C(C)(C)Oc2c(F)cccc2F)nc1C,279.29,3.08,47.9,0,4,3,2,1,<rdkit.Chem.rdchem.Mol object at 0x000001CB274912A0>,False,False
TRZ03202,Cc1nnc(C(C)(C)Oc2cc(F)cc(F)c2)nc1C,279.29,3.08,47.9,0,4,3,2,1,<rdkit.Chem.rdchem.Mol object at 0x000001CB27491310>,False,False
TRZ03203,Cc1nnc(C(C)(C)Oc2ccc(F)cc2Cl)nc1C,295.75,3.6,47.9,0,4,3,2,1,<rdkit.Chem.rdchem.Mol object at 0x000001CB27491380>,False,False
TRZ03204,Cc1nnc(C(C)(C)Oc2ccc(Cl)cc2F)nc1C,295.75,3.6,47.9,0,4,3,2,1,<rdkit.Chem.rdchem.Mol object at 0x000001CB274913F0>,False,False
TRZ03205,COc1cc(F)ccc1OC(C)(C)c1nnc(C)c(C)n1,291.33,2.95,57.13,0,5,4,2,1,<rdkit.Chem.rdchem.Mol object at 0x000001CB27491460>,False,False
TRZ03206,Cc1nnc(C(C)(C)Oc2ccc(OC(F)(F)F)cc2)nc1C,327.31,3.7,57.13,0,5,4,2,1,<rdkit.Chem.rdchem.Mol object at 0x000001CB274914D0>,False,False
TRZ03207,Cc1cc(Cl)ccc1Cc1c(-c2nnc(C)c(C)n2)cc2[nH]cnc2c1F,381.84,4.72,67.35,1,4,3,4,1,<rdkit.Chem.rdchem.Mol object at 0x000001CB27491540>,False,False
TRZ03208,Cc1ccc(-c2nc3ccc(F)cn3c2Cc2noc(-c3nnc(C)c(C)n3)n2)cc1,415.43,3.89,94.89,0,7,4,5,1,<rdkit.Chem.rdchem.Mol object at 0x000001CB274915B0>,False,False
TRZ03209,Cc1nnc(-c2c(Cc3ccc(I)cc3F)n(C)c(=O)n(C)c2=O)nc1C,481.27,1.89,82.67,0,5,3,3,1,<rdkit.Chem.rdchem.Mol object at 0x000001CB27491620>,False,False
TRZ03210,COc1cc(F)c(F)cc1Cc1nnc(C)c(C)n1,265.26,2.37,47.9,0,4,3,2,1,<rdkit.Chem.rdchem.Mol object at 0x000001CB27491690>,False,False
TRZ03213,Cc1nnc(C2CCC(c3ccc(F)cc3)CC2)nc1C,285.37,4.07,38.67,0,3,2,2,1,<rdkit.Chem.rdchem.Mol object at 0x000001CB27491700>,False,False
TRZ03214,Cc1nnc(C2CCC(c3cccc(F)c3Cl)CC2)nc1C,319.81,4.72,38.67,0,3,2,2,1,<rdkit.Chem.rdchem.Mol object at 0x000001CB27491770>,False,False
TRZ03215,COc1ccc(F)cc1C1CCC(c2nnc(C)c(C)n2)CC1,315.39,4.08,47.9,0,4,3,2,1,<rdkit.Chem.rdchem.Mol object at 0x000001CB274917E0>,False,False
TRZ03216,Cc1nnc(C2CCC(c3cccc(OC(F)(F)F)c3)CC2)nc1C,351.37,4.83,47.9,0,4,3,2,1,<rdkit.Chem.rdchem.Mol object at 0x000001CB27491850>,False,False
TRZ03217,Cc1nnc(C2CC=C(c3ccc(F)cc3)CC2)nc1C,283.35,3.98,38.67,0,3,2,2,1,<rdkit.Chem.rdchem.Mol object at 0x000001CB274918C0>,False,False
TRZ03218,Cc1nnc(C2CC=C(c3cc(F)ccn3)CC2)nc1C,284.34,3.37,51.56,0,4,2,2,1,<rdkit.Chem.rdchem.Mol object at 0x000001CB27491930>,False,False
TRZ03219,Cc1nnc(C2CC=C(c3cccc(OC(F)(F)F)c3)CC2)nc1C,349.36,4.74,47.9,0,4,3,2,1,<rdkit.Chem.rdchem.Mol object at 0x000001CB274919A0>,False,False
TRZ03220,Cc1nnc(C2CC=C(c3cccc(F)c3Cl)CC2)nc1C,317.8,4.63,38.67,0,3,2,2,1,<rdkit.Chem.rdchem.Mol object at 0x000001CB27491A10>,False,False
TRZ03221,COc1ccc(F)cc1C1=CCC(c2nnc(C)c(C)n2)CC1,313.38,3.99,47.9,0,4,3,2,1,<rdkit.Chem.rdchem.Mol object at 0x000001CB27491A80>,False,False
TRZ03222,Cc1nnc(C2CC=C(c3ncccc3F)CC2)nc1C,284.34,3.37,51.56,0,4,2,2,1,<rdkit.Chem.rdchem.Mol object at 0x000001CB27491AF0>,False,False
TRZ03224,Cc1nnc(C2CCC(c3noc4ccc(F)cc34)CC2)nc1C,326.38,4.21,64.7,0,5,2,3,1,<rdkit.Chem.rdchem.Mol object at 0x000001CB27491B60>,False,False
TRZ03225,Cc1nnc(C2CCC(c3noc4cc(F)ccc34)CC2)nc1C,326.38,4.21,64.7,0,5,2,3,1,<rdkit.Chem.rdchem.Mol object at 0x000001CB27491BD0>,False,False
TRZ03226,Cc1nnc(C2CCC(c3cccnc3F)CC2)nc1C,286.35,3.46,51.56,0,4,2,2,1,<rdkit.Chem.rdchem.Mol object at 0x000001CB27491C40>,False,False
TRZ03227,Cc1nnc(C2CCC(c3cccc(F)n3)CC2)nc1C,286.35,3.46,51.56,0,4,2,2,1,<rdkit.Chem.rdchem.Mol object at 0x000001CB27491CB0>,False,False
TRZ03228,Cc1nnc(C2CCC(c3ccc(F)cn3)CC2)nc1C,286.35,3.46,51.56,0,4,2,2,1,<rdkit.Chem.rdchem.Mol object at 0x000001CB27491D20>,False,False
TRZ03229,Cc1nnc(C2CCC(c3ncccc3F)CC2)nc1C,286.35,3.46,51.56,0,4,2,2,1,<rdkit.Chem.rdchem.Mol object at 0x000001CB27491D90>,False,False
TRZ03230,Cc1nnc(C2CCC(c3ncc(F)cc3F)CC2)nc1C,304.34,3.6,51.56,0,4,2,2,1,<rdkit.Chem.rdchem.Mol object at 0x000001CB27491E00>,False,False
TRZ03231,Cc1nnc(C2CCC(c3noc(C)c3F)CC2)nc1C,290.34,3.37,64.7,0,5,2,2,1,<rdkit.Chem.rdchem.Mol object at 0x000001CB27491E70>,False,False
TRZ03232,Cc1nnc(-c2cc(C#N)ccc2F)nc1C,228.23,2.17,62.46,0,4,1,2,1,<rdkit.Chem.rdchem.Mol object at 0x000001CB27491EE0>,False,False
TRZ03233,Cc1nnc(-c2ccc([C@H]3OC(C)(C)N(C(=O)OC(C)(C)C)[C@@H]3CF)cc2)nc1C,416.5,4.54,77.44,0,6,3,2,1,<rdkit.Chem.rdchem.Mol object at 0x000001CB27491F50>,False,False
TRZ03234,Cc1nnc(-c2ccc3c(c2)C[C@@H]2CC[C@H](C3)[C@]23CN(CC(F)(F)F)S(=O)(=O)N3)nc1C,467.52,2.73,88.08,1,5,2,2,1,<rdkit.Chem.rdchem.Mol object at 0x000001CB27491FC0>,False,False
TRZ03236,Cc1nnc(-c2cc(Cl)ccc2OCC(=O)N2CCC(C(=O)c3ccc(F)cc3)CC2)nc1C,482.94,4.45,85.28,0,6,6,3,1,<rdkit.Chem.rdchem.Mol object at 0x000001CB27492030>,False,False
TRZ03238,Cc1nnc(-c2cc3c(ncn3C)c(F)c2Nc2ccc(I)cc2F)nc1C,492.27,4.67,68.52,1,5,3,4,1,<rdkit.Chem.rdchem.Mol object at 0x000001CB274920A0>,False,False
TRZ03239,Cc1cc(I)ccc1Nc1c(-c2nnc(C)c(C)n2)cc2c(ncn2C)c1F,488.31,4.84,68.52,1,5,3,4,1,<rdkit.Chem.rdchem.Mol object at 0x000001CB27492110>,False,False
TRZ03241,CCC(CC)C(=O)Nc1ccc(N2CCN(C(c3ccccc3)c3nnc(C)c(C)n3)CC2)c(F)c1,490.63,4.91,74.25,1,6,8,3,1,<rdkit.Chem.rdchem.Mol object at 0x000001CB27492180>,False,False
TRZ03242,Cc1nnc(-c2ccc(OCCCN(C)C)c(F)c2)nc1C,304.37,2.63,51.14,0,5,6,2,1,<rdkit.Chem.rdchem.Mol object at 0x000001CB274921F0>,False,False
TRZ03244,Cc1cc(Cl)ccc1Nc1c(-c2nnc(C)c(C)n2)cc2[nH]cnc2c1F,382.83,4.88,79.38,2,5,3,4,1,<rdkit.Chem.rdchem.Mol object at 0x000001CB27492260>,False,False
TRZ03245,Cc1nnc(C(F)(F)c2ccc3ncccc3c2)nc1C,286.29,3.18,51.56,0,4,2,3,1,<rdkit.Chem.rdchem.Mol object at 0x000001CB274922D0>,False,False
TRZ03246,Cc1cc(F)ccc1-c1cnc(-c2nnc(C)c(C)n2)cn1,295.32,3.06,64.45,0,5,2,3,1,<rdkit.Chem.rdchem.Mol object at 0x000001CB27492340>,False,False
TRZ03250,Cc1nnc(-c2cc(Cl)c(O)cc2C(F)(F)F)nc1C,303.67,3.53,58.9,1,4,1,2,1,<rdkit.Chem.rdchem.Mol object at 0x000001CB274923B0>,False,False
TRZ03251,Cc1nnc(-c2cc(Cl)c(O)cc2F)nc1C,253.66,2.65,58.9,1,4,1,2,1,<rdkit.Chem.rdchem.Mol object at 0x000001CB27492420>,False,False
TRZ03252,Cc1nnc(-c2ccc(O)c(F)c2F)nc1C,237.21,2.14,58.9,1,4,1,2,1,<rdkit.Chem.rdchem.Mol object at 0x000001CB27492490>,False,False
TRZ03253,Cc1nnc(-c2ccc(O)c(OCC(F)(F)F)c2)nc1C,299.25,2.8,68.13,1,5,3,2,1,<rdkit.Chem.rdchem.Mol object at 0x000001CB27492500>,False,False
TRZ03254,Cc1nnc(-c2ccc(O)c(Cl)c2F)nc1C,253.66,2.65,58.9,1,4,1,2,1,<rdkit.Chem.rdchem.Mol object at 0x000001CB27492570>,False,False
TRZ03255,COc1cc(O)cc(F)c1-c1nnc(C)c(C)n1,249.24,2.01,68.13,1,5,2,2,1,<rdkit.Chem.rdchem.Mol object at 0x000001CB274925E0>,False,False
TRZ03256,Cc1nnc(-c2cc(F)c(O)c(Cl)c2)nc1C,253.66,2.65,58.9,1,4,1,2,1,<rdkit.Chem.rdchem.Mol object at 0x000001CB27492650>,False,False
TRZ03257,COc1c(-c2nnc(C)c(C)n2)ccc(O)c1F,249.25,2.01,68.13,1,5,2,2,1,<rdkit.Chem.rdchem.Mol object at 0x000001CB274926C0>,False,False
TRZ03258,COc1cc(O)c(F)cc1-c1nnc(C)c(C)n1,249.25,2.01,68.13,1,5,2,2,1,<rdkit.Chem.rdchem.Mol object at 0x000001CB27492730>,False,False
TRZ03259,Cc1nnc(-c2ccc(O)c(OC(F)(F)F)c2)nc1C,285.22,2.76,68.13,1,5,2,2,1,<rdkit.Chem.rdchem.Mol object at 0x000001CB274927A0>,False,False
TRZ03260,Cc1nnc(-c2cc(C(C)C)ccc2F)nc1C,245.3,3.42,38.67,0,3,2,2,1,<rdkit.Chem.rdchem.Mol object at 0x000001CB27492810>,False,False
TRZ03261,Cc1nnc(-c2nn(Cc3ccccc3F)c3ncccc23)nc1C,334.36,3.09,69.38,0,5,3,4,1,<rdkit.Chem.rdchem.Mol object at 0x000001CB27492880>,False,False
TRZ03262,CCCCCOCCOc1ccc(-c2nnc(C)c(C)n2)cc1C(F)(F)F,383.41,4.76,57.13,0,5,9,2,1,<rdkit.Chem.rdchem.Mol object at 0x000001CB274928F0>,False,False
TRZ03266,Cc1nnc(-c2nc(Cc3ccccc3F)n3ccccc23)nc1C,333.37,3.53,55.97,0,4,3,4,1,<rdkit.Chem.rdchem.Mol object at 0x000001CB27492960>,False,False
TRZ03267,CCOC(=O)C1CCC(Oc2ccc(NC(=O)c3nnc(C)c(C)n3)c(F)c2)CC1,416.45,3.38,103.3,1,7,6,2,1,<rdkit.Chem.rdchem.Mol object at 0x000001CB274929D0>,False,False
TRZ03268,Cc1nnc(-c2ncc(Cl)cc2NS(=O)(=O)c2ccc(Cl)c(C(F)(F)F)c2)nc1C,478.28,4.68,97.73,1,6,4,3,1,<rdkit.Chem.rdchem.Mol object at 0x000001CB27492A40>,False,False
TRZ03270,Cc1ccc(S(=O)(=O)Nc2cc(Cl)cnc2-c2nnc(C)c(C)n2)cc1C(F)(F)F,457.87,4.33,97.73,1,6,4,3,1,<rdkit.Chem.rdchem.Mol object at 0x000001CB27492AB0>,False,False
TRZ03271,Cc1cnc(-c2nnc(C)c(C)n2)c(NS(=O)(=O)c2ccc(Cl)c(C(F)(F)F)c2)c1,457.87,4.33,97.73,1,6,4,3,1,<rdkit.Chem.rdchem.Mol object at 0x000001CB27492B20>,False,False
TRZ03272,Cc1nnc(-c2ccc(F)c(C#N)c2)nc1C,228.23,2.17,62.46,0,4,1,2,1,<rdkit.Chem.rdchem.Mol object at 0x000001CB27492B90>,False,False
TRZ03273,Cc1nnc(-c2ccc(CF)cc2)nc1C,217.25,2.62,38.67,0,3,2,2,1,<rdkit.Chem.rdchem.Mol object at 0x000001CB27492C00>,False,False
TRZ03274,Cc1nnc(C23CCC(c4nnc(-c5ccccc5C(F)(F)F)n4C)(CC2)CC3)nc1C,442.49,4.85,69.38,0,5,3,3,1,<rdkit.Chem.rdchem.Mol object at 0x000001CB27492C70>,False,False
TRZ03276,Cc1nnc(-c2ccc(F)cc2NS(=O)(=O)c2ccc(C(C)(C)C)cc2)nc1C,414.51,4.39,84.84,1,5,4,3,1,<rdkit.Chem.rdchem.Mol object at 0x000001CB27492CE0>,False,False
TRZ03279,Cc1nnc(-c2cc(F)c(F)cc2NS(=O)(=O)c2ccc(C(C)(C)C)cc2)nc1C,432.5,4.53,84.84,1,5,4,3,1,<rdkit.Chem.rdchem.Mol object at 0x000001CB27492D50>,False,False
TRZ03280,Cc1nnc(Cn2c(=O)c3cc(F)c(NC4CCCCC4)cc3n(C3CCCC3)c2=O)nc1C,466.56,4.01,94.7,1,6,5,3,1,<rdkit.Chem.rdchem.Mol object at 0x000001CB27492DC0>,False,False
TRZ03281,Cc1nnc(/C=C/Cn2c(=O)c3cc(F)c(NC4CCCCC4)cc3n(C3CCCC3)c2=O)nc1C,492.6,4.68,94.7,1,6,6,3,1,<rdkit.Chem.rdchem.Mol object at 0x000001CB27492E30>,False,False
TRZ03282,Cc1nnc(Cc2c(F)cc3ncc(-c4cnn(C)c4)cc3c2F)nc1C,366.38,3.31,69.38,0,5,3,4,1,<rdkit.Chem.rdchem.Mol object at 0x000001CB27492EA0>,False,False
TRZ03283,Cc1nnc(Cc2ccc3ncc(Br)cc3c2F)nc1C,347.19,3.53,51.56,0,4,2,3,1,<rdkit.Chem.rdchem.Mol object at 0x000001CB27492F10>,False,False
TRZ03284,Cc1nnc(Cc2cc3cc(-c4cnn(C)c4)cnc3cc2F)nc1C,348.39,3.17,69.38,0,5,3,4,1,<rdkit.Chem.rdchem.Mol object at 0x000001CB27492F80>,False,False
TRZ03285,Cc1nnc(Cc2c(F)cc3ncc(Br)cc3c2F)nc1C,365.18,3.67,51.56,0,4,2,3,1,<rdkit.Chem.rdchem.Mol object at 0x000001CB27492FF0>,False,False
TRZ03286,Cc1nnc(-c2ccn3c(-c4cccc(NC(=O)NCC(F)(F)F)c4)cnc3c2)nc1C,441.42,4.15,97.1,2,5,4,4,1,<rdkit.Chem.rdchem.Mol object at 0x000001CB27493060>,False,False
TRZ03288,Cc1nnc(-c2[nH]ncc2NC(=O)c2c(F)cccc2F)nc1C,330.3,2.41,96.45,2,5,3,3,1,<rdkit.Chem.rdchem.Mol object at 0x000001CB274930D0>,False,False
TRZ03290,C=CCOc1ccc(-c2nnc(C)c(C)n2)cc1C(F)(F)F,309.29,3.74,47.9,0,4,4,2,1,<rdkit.Chem.rdchem.Mol object at 0x000001CB27493140>,False,False
TRZ03292,Cc1nnc(-c2ccc(OCc3ccccc3)c(C(F)(F)F)c2)nc1C,359.35,4.75,47.9,0,4,4,3,1,<rdkit.Chem.rdchem.Mol object at 0x000001CB274931B0>,False,False
TRZ03293,CCOC(=O)C1CCC(c2ccc(NC(=O)c3nnc(C)c(C)n3)c(F)c2)CC1,400.45,3.72,94.07,1,6,5,2,1,<rdkit.Chem.rdchem.Mol object at 0x000001CB27493220>,False,False
TRZ03294,Cc1nnc(C(=O)Nc2ccc(C3CCC(C(=O)OC(C)(C)C)CC3)cc2F)nc1C,428.51,4.5,94.07,1,6,4,2,1,<rdkit.Chem.rdchem.Mol object at 0x000001CB27493290>,False,False
TRZ03295,Cc1nnc(C(=O)Nc2ccc(C3CCC(C)CC3)cc2F)nc1C,342.42,4.17,67.77,1,4,3,2,1,<rdkit.Chem.rdchem.Mol object at 0x000001CB27493300>,False,False
TRZ03297,Cc1nnc(-c2nn(-c3cccc(C(F)(F)F)c3)ccc2=O)nc1C,347.3,2.72,73.56,0,5,2,3,1,<rdkit.Chem.rdchem.Mol object at 0x000001CB27493370>,False,False
TRZ03298,Cc1nnc([C@@H](Cc2ccc(F)cn2)NC(=O)OC(C)(C)C)nc1C,347.39,2.83,89.89,1,6,4,2,1,<rdkit.Chem.rdchem.Mol object at 0x000001CB274933E0>,False,False
TRZ03299,Cc1nnc([C@@H](Cc2ccc(F)cc2)NC(=O)OC(C)(C)C)nc1C,346.41,3.44,77.0,1,5,4,2,1,<rdkit.Chem.rdchem.Mol object at 0x000001CB27493450>,False,False
TRZ03300,COc1cc(F)c(C(Nc2ccc(C(=N)N)cc2)c2nnc(C)c(C)n2)cc1OC,410.45,3.13,119.03,3,7,7,3,1,<rdkit.Chem.rdchem.Mol object at 0x000001CB274934C0>,False,False
TRZ03301,CCOc1cc(C(Nc2ccc(C(=N)N)cc2)c2nnc(C)c(C)n2)c(F)cc1OC(C)C,452.53,4.3,119.03,3,7,9,3,1,<rdkit.Chem.rdchem.Mol object at 0x000001CB27493530>,False,False
TRZ03302,Cc1nnc(-c2cc(F)c(OC[C@H]3COC(C)(C)N3C(=O)OC(C)(C)C)cc2Cl)nc1C,466.94,4.7,86.67,0,7,4,2,1,<rdkit.Chem.rdchem.Mol object at 0x000001CB274935A0>,False,False
TRZ03303,Cc1nnc(-c2cc(F)c(OCC3COC(C)(C)N3C(=O)OC(C)(C)C)cc2Cl)nc1C,466.94,4.7,86.67,0,7,4,2,1,<rdkit.Chem.rdchem.Mol object at 0x000001CB27493610>,False,False
TRZ03305,Cc1nnc(-c2cccc(Cn3nc(-c4cc(F)cc(F)c4)ccc3=O)c2)nc1C,405.41,3.71,73.56,0,5,4,4,1,<rdkit.Chem.rdchem.Mol object at 0x000001CB27493680>,False,False
TRZ03308,Cc1nnc(-c2cccc(-c3ccccc3OC(F)(F)F)c2)nc1C,345.32,4.72,47.9,0,4,3,3,1,<rdkit.Chem.rdchem.Mol object at 0x000001CB274936F0>,False,False
TRZ03312,Cc1nnc(-c2cc3c(/C=C/c4cccnc4)nn(C)c3cc2F)nc1C,360.4,3.75,69.38,0,5,3,4,1,<rdkit.Chem.rdchem.Mol object at 0x000001CB27493760>,False,False
TRZ03313,COc1c(-c2nnc(C)c(C)n2)ccc2[nH]nc(/C=C/c3cccc(F)c3)c12,375.41,4.35,76.58,1,5,4,4,1,<rdkit.Chem.rdchem.Mol object at 0x000001CB274937D0>,False,False
TRZ03314,CC(=O)C[C@H]1CN(c2ccc(-c3nnc(C)c(C)n3)c(F)c2)C(=O)O1,344.35,2.6,85.28,0,6,4,2,1,<rdkit.Chem.rdchem.Mol object at 0x000001CB27493840>,False,False
TRZ03315,Cc1nnc(-c2ccc(F)c(F)c2Nc2ccc(I)cc2F)nc1C,456.21,4.92,50.7,1,4,3,3,1,<rdkit.Chem.rdchem.Mol object at 0x000001CB274938B0>,False,False
TRZ03316,CCc1ccc(Nc2c(-c3nnc(C)c(C)n3)ccc(F)c2F)c(F)c1,358.37,4.88,50.7,1,4,4,3,1,<rdkit.Chem.rdchem.Mol object at 0x000001CB27493920>,False,False
TRZ03318,COc1cnc(-c2cc(Cl)ccc2F)nc1Nc1ccncc1-c1nnc(C)c(C)n1,437.87,4.55,98.6,1,8,5,4,1,<rdkit.Chem.rdchem.Mol object at 0x000001CB27493990>,False,False
TRZ03319,Cc1nnc(-c2cc(-c3ccc(C(F)(F)F)cc3)nn2C)nc1C,333.32,3.57,56.49,0,4,2,3,1,<rdkit.Chem.rdchem.Mol object at 0x000001CB27493A00>,False,False
TRZ03320,Cc1nnc(COc2ccccc2C(F)(F)F)nc1C,283.25,3.09,47.9,0,4,3,2,1,<rdkit.Chem.rdchem.Mol object at 0x000001CB27493A70>,False,False
TRZ03321,Cc1nnc(-c2ccc([N+](=O)[O-])cc2F)nc1C,248.22,2.2,81.81,0,5,2,2,1,<rdkit.Chem.rdchem.Mol object at 0x000001CB27493AE0>,False,False
TRZ03322,Cc1nnc(-c2ccc(F)c(C(F)(F)F)c2)nc1C,271.22,3.31,38.67,0,3,1,2,1,<rdkit.Chem.rdchem.Mol object at 0x000001CB27493B50>,False,False
TRZ03323,Cc1nnc(C(=O)NCc2ccc(F)cc2F)nc1C,278.26,1.7,67.77,1,4,3,2,1,<rdkit.Chem.rdchem.Mol object at 0x000001CB27493BC0>,False,False
TRZ03324,Cc1nnc(C(=O)NCc2ccc(F)c(Cl)c2)nc1C,294.72,2.21,67.77,1,4,3,2,1,<rdkit.Chem.rdchem.Mol object at 0x000001CB27493C30>,False,False
TRZ03325,Cc1nnc(-c2cc(F)c(F)c(F)c2)nc1C,239.2,2.57,38.67,0,3,1,2,1,<rdkit.Chem.rdchem.Mol object at 0x000001CB27493CA0>,False,False
TRZ03326,Cc1cc(-c2nnc(C)c(C)n2)ccc1F,217.25,2.6,38.67,0,3,1,2,1,<rdkit.Chem.rdchem.Mol object at 0x000001CB27493D10>,False,False
TRZ03327,Cc1nnc(CN2CCN(c3cccc(C(F)(F)F)c3)CC2)nc1C,351.38,2.83,45.15,0,5,3,2,1,<rdkit.Chem.rdchem.Mol object at 0x000001CB27493D80>,False,False
TRZ03328,Cc1nnc(CCCCSc2ccc(F)cc2)nc1C,291.4,3.74,38.67,0,4,6,2,1,<rdkit.Chem.rdchem.Mol object at 0x000001CB27493DF0>,False,False
TRZ03329,Cc1nnc(CCN(C)c2ccc(F)cc2)nc1C,260.32,2.31,41.91,0,4,4,2,1,<rdkit.Chem.rdchem.Mol object at 0x000001CB27493E60>,False,False
TRZ03330,Cc1nnc(C(=O)NCc2cc(F)ccc2F)nc1C,278.26,1.7,67.77,1,4,3,2,1,<rdkit.Chem.rdchem.Mol object at 0x000001CB27493ED0>,False,False
TRZ03331,Cc1nnc(-c2ccc(N)c(F)c2)nc1C,218.23,1.88,64.69,1,4,1,2,1,<rdkit.Chem.rdchem.Mol object at 0x000001CB27493F40>,False,False
TRZ03332,Cc1nnc(CN2CCn3c(nnc3C(F)(F)F)C2)nc1C,313.29,1.11,72.62,0,6,2,2,1,<rdkit.Chem.rdchem.Mol object at 0x000001CB27494040>,False,False
TRZ03333,Cc1nnc(-c2c(F)cc(F)cc2F)nc1C,239.2,2.57,38.67,0,3,1,2,1,<rdkit.Chem.rdchem.Mol object at 0x000001CB274940B0>,False,False
TRZ03334,Cc1nnc(-c2cnn(-c3ccc(F)cc3)c2)nc1C,269.28,2.48,56.49,0,4,2,3,1,<rdkit.Chem.rdchem.Mol object at 0x000001CB27494120>,False,False
TRZ03338,Cc1nnc(-c2cccc(C(F)(F)F)c2Cl)nc1C,287.67,3.83,38.67,0,3,1,2,1,<rdkit.Chem.rdchem.Mol object at 0x000001CB27494190>,False,False
TRZ03339,COc1cc(-c2nnc(C)c(C)n2)c(F)cc1-c1cnc(C)o1,314.32,3.27,73.93,0,6,3,3,1,<rdkit.Chem.rdchem.Mol object at 0x000001CB27494200>,False,False
TRZ03342,Cc1nnc([C@H]2CCCN(C(=O)c3ccc(F)cc3)C2)nc1C,314.36,2.65,58.98,0,4,2,2,1,<rdkit.Chem.rdchem.Mol object at 0x000001CB27494270>,False,False
TRZ03343,Cc1nnc(CC(CCO)c2cccc(C(F)(F)F)c2)nc1C,325.33,3.22,58.9,1,4,5,2,1,<rdkit.Chem.rdchem.Mol object at 0x000001CB274942E0>,False,False
TRZ03344,Cc1nnc(CC(CCBr)c2cccc(C(F)(F)F)c2)nc1C,388.23,4.62,38.67,0,3,5,2,1,<rdkit.Chem.rdchem.Mol object at 0x000001CB27494350>,False,False
TRZ03345,Cc1nnc(-c2ccc3ccn(CCF)c3c2)nc1C,270.31,3.08,43.6,0,3,3,3,1,<rdkit.Chem.rdchem.Mol object at 0x000001CB274943C0>,False,False
TRZ03347,Cc1nnc(C(C)(C)S(=O)(=O)c2ccc(F)cc2)nc1C,309.37,2.34,72.81,0,5,3,2,1,<rdkit.Chem.rdchem.Mol object at 0x000001CB27494430>,False,False
TRZ03348,CCN(CC)C(=O)C(c1ccccc1)N1CCN(c2ccc(-c3nnc(C)c(C)n3)cc2F)CC1,476.6,4.03,65.46,0,6,7,3,1,<rdkit.Chem.rdchem.Mol object at 0x000001CB274944A0>,False,False
TRZ03349,Cc1nnc(-c2cn(C)c(=O)c(F)c2Nc2ccc(Br)cc2F)nc1C,422.23,3.64,72.7,1,5,3,3,1,<rdkit.Chem.rdchem.Mol object at 0x000001CB27494510>,False,False
TRZ03350,Cc1nnc(-c2cn(C)c(=O)c(C)c2Nc2ccc(Br)cc2F)nc1C,418.27,3.81,72.7,1,5,3,3,1,<rdkit.Chem.rdchem.Mol object at 0x000001CB27494580>,False,False
TRZ03351,Cc1nnc(-c2cnc3ccc(N4CCC[C@@H]4c4cccc(F)c4)nn23)nc1C,389.44,3.68,72.1,0,6,3,4,1,<rdkit.Chem.rdchem.Mol object at 0x000001CB274945F0>,False,False
TRZ03352,Cc1nnc(-c2ccc3c(C(F)(F)F)ccnc3c2)nc1C,304.27,3.72,51.56,0,4,1,3,1,<rdkit.Chem.rdchem.Mol object at 0x000001CB27494660>,False,False
TRZ03353,Cc1nnc(-c2cc3nc(CF)cc(CF)c3cc2CF)nc1C,332.33,4.11,51.56,0,4,4,3,1,<rdkit.Chem.rdchem.Mol object at 0x000001CB274946D0>,False,False
TRZ03354,Cc1nnc(CNC(=O)c2cncc3c2cnn3-c2ccc(F)cc2)nc1C,377.38,2.29,98.48,1,6,4,4,1,<rdkit.Chem.rdchem.Mol object at 0x000001CB27494740>,False,False
TRZ03355,Cc1nnc(Cc2c(-c3ccc(F)cc3)nc3ccc(N4CCCC4)nn23)nc1C,403.47,3.53,72.1,0,6,4,4,1,<rdkit.Chem.rdchem.Mol object at 0x000001CB274947B0>,False,False
TRZ03356,Cc1ccc2nc(-c3ccc(F)cc3)c(Cc3nnc(C)c(C)n3)n2n1,348.39,3.24,68.86,0,5,3,4,1,<rdkit.Chem.rdchem.Mol object at 0x000001CB27494820>,False,False
TRZ03357,Cc1nnc(C(C)c2nc(C(F)(F)F)cs2)nc1C,288.3,3.12,51.56,0,5,2,2,1,<rdkit.Chem.rdchem.Mol object at 0x000001CB27494890>,False,False
TRZ03358,Cc1nnc(-c2cccc(NS(=O)(=O)C(F)(F)F)c2)nc1C,332.31,2.42,84.84,1,5,3,2,1,<rdkit.Chem.rdchem.Mol object at 0x000001CB27494900>,False,False
TRZ03359,Cc1nnc(-c2ccc(Br)cc2F)nc1C,282.12,3.06,38.67,0,3,1,2,1,<rdkit.Chem.rdchem.Mol object at 0x000001CB27494970>,False,False
TRZ03360,Cc1nnc(C(=O)Nc2cccc(C(F)(F)F)c2F)nc1C,314.24,2.9,67.77,1,4,2,2,1,<rdkit.Chem.rdchem.Mol object at 0x000001CB274949E0>,False,False
TRZ03361,Cc1nnc(C(=O)Nc2cccc(C(F)(F)F)c2Cl)nc1C,330.7,3.41,67.77,1,4,2,2,1,<rdkit.Chem.rdchem.Mol object at 0x000001CB27494A50>,False,False
TRZ03362,Cc1nnc(C(=O)Nc2cccc(C(F)(F)F)c2C)nc1C,310.28,3.07,67.77,1,4,2,2,1,<rdkit.Chem.rdchem.Mol object at 0x000001CB27494AC0>,False,False
TRZ03363,Cc1nnc(C(CCCCl)c2cccc(F)c2)nc1C,293.77,3.78,38.67,0,3,5,2,1,<rdkit.Chem.rdchem.Mol object at 0x000001CB27494B30>,False,False
TRZ03364,Cc1nnc(C(CCCCl)c2cccc3c2OC(F)(F)O3)nc1C,355.77,3.96,57.13,0,5,5,2,1,<rdkit.Chem.rdchem.Mol object at 0x000001CB27494BA0>,False,False
TRZ03365,Cc1nnc(C(CCCl)c2cc(F)c(F)c(F)c2)nc1C,315.73,3.67,38.67,0,3,4,2,1,<rdkit.Chem.rdchem.Mol object at 0x000001CB27494C10>,False,False
TRZ03367,Cc1ccc(-c2nnc(C)c(C)n2)c(NC(=O)c2cc(C(F)(F)F)nn2-c2ncccc2Cl)c1,487.87,4.97,98.48,1,6,4,4,1,<rdkit.Chem.rdchem.Mol object at 0x000001CB27494C80>,False,False
TRZ03369,Cc1ccc(NC(=O)c2cc(C(F)(F)F)nn2-c2ncccc2Cl)c(-c2nnc(C)c(C)n2)c1,487.87,4.97,98.48,1,6,4,4,1,<rdkit.Chem.rdchem.Mol object at 0x000001CB27494CF0>,False,False
TRZ03377,CCn1nc(C(F)(F)F)cc1C(=O)Nc1c(C)cc(Cl)cc1-c1nnc(C)c(C)n1,438.84,4.6,85.59,1,5,4,3,1,<rdkit.Chem.rdchem.Mol object at 0x000001CB27494D60>,False,False
TRZ03378,Cc1cccc(-c2nnc(C)c(C)n2)c1NC(=O)c1cc(C(F)(F)F)nn1-c1ncccc1Cl,487.87,4.97,98.48,1,6,4,4,1,<rdkit.Chem.rdchem.Mol object at 0x000001CB27494DD0>,False,False
TRZ03382,Cc1cccc(NC(=O)c2cc(C(F)(F)F)nn2-c2ncccc2Cl)c1-c1nnc(C)c(C)n1,487.87,4.97,98.48,1,6,4,4,1,<rdkit.Chem.rdchem.Mol object at 0x000001CB27494E40>,False,False
TRZ03384,Cc1cc(Cl)cc(-c2nnc(C)c(C)n2)c1NC(=O)c1cc(C(F)(F)F)nn1-c1ccccn1,487.87,4.97,98.48,1,6,4,4,1,<rdkit.Chem.rdchem.Mol object at 0x000001CB27494EB0>,False,False
TRZ03386,Cc1nnc(Cc2cccc(F)c2F)nc1C,235.24,2.36,38.67,0,3,2,2,1,<rdkit.Chem.rdchem.Mol object at 0x000001CB27494F20>,False,False
TRZ03388,Cc1nnc(-c2nn(Cc3ccc(F)cc3F)c3cc(F)ccc23)nc1C,369.35,3.97,56.49,0,4,3,4,1,<rdkit.Chem.rdchem.Mol object at 0x000001CB27494F90>,False,False
TRZ03390,Cc1nnc(-c2nn(Cc3ccc(F)cc3Cl)c3cc(CF)ccc23)nc1C,399.83,4.82,56.49,0,4,4,4,1,<rdkit.Chem.rdchem.Mol object at 0x000001CB27495000>,False,False
TRZ03400,Cc1nnc(-c2nn(Cc3ccc(F)cc3F)c3cc(N(C)C)ccc23)nc1C,394.43,3.9,59.73,0,5,4,4,1,<rdkit.Chem.rdchem.Mol object at 0x000001CB274950E0>,False,False
TRZ03405,Cc1nnc(/C=C/c2nn(Cc3ccc(Cl)cc3F)c3cc(N(C)C)ccc23)nc1C,436.92,4.92,59.73,0,5,5,4,1,<rdkit.Chem.rdchem.Mol object at 0x000001CB27495150>,False,False
TRZ03406,Cc1nnc(C=Cc2nn(Cc3ccc(Cl)cc3F)c3cc(N(C)C)ccc23)nc1C,436.92,4.92,59.73,0,5,5,4,1,<rdkit.Chem.rdchem.Mol object at 0x000001CB274951C0>,False,False
TRZ03407,Cc1ccc2c(-c3nnc(C)c(C)n3)nn(Cc3ccc(Cl)cc3F)c2c1,381.84,4.65,56.49,0,4,3,4,1,<rdkit.Chem.rdchem.Mol object at 0x000001CB27495230>,False,False
TRZ03408,Cc1nnc(-c2nn(Cc3ccc(F)cc3Cl)c3cc(N(C)C)ccc23)nc1C,410.88,4.41,59.73,0,5,4,4,1,<rdkit.Chem.rdchem.Mol object at 0x000001CB274952A0>,False,False
TRZ03411,Cc1nnc(-c2nn(Cc3ccc(F)cc3F)c3c2C=CN(C(F)(F)F)C3)nc1C,422.36,3.98,59.73,0,5,3,3,1,<rdkit.Chem.rdchem.Mol object at 0x000001CB27495310>,False,False
TRZ03413,Cc1nnc(/C=C/c2nn(Cc3ccc(F)cc3F)c3cc(CO)ccc23)nc1C,407.42,3.83,76.72,1,5,5,4,1,<rdkit.Chem.rdchem.Mol object at 0x000001CB274953F0>,False,False
TRZ03414,Cc1nnc(C=Cc2nn(Cc3ccc(F)cc3F)c3cc(CO)ccc23)nc1C,407.42,3.83,76.72,1,5,5,4,1,<rdkit.Chem.rdchem.Mol object at 0x000001CB27495460>,False,False
TRZ03420,Cc1nnc(-c2nn(Cc3ccc(F)cc3F)c3cc(OC(F)(F)F)ccc23)nc1C,435.36,4.73,65.72,0,5,4,4,1,<rdkit.Chem.rdchem.Mol object at 0x000001CB274954D0>,False,False
TRZ03423,Cc1nnc(-c2nn(Cc3ccc(Cl)cc3F)c3cc(CO)ccc23)nc1C,397.84,3.84,76.72,1,5,4,4,1,<rdkit.Chem.rdchem.Mol object at 0x000001CB27495540>,False,False
TRZ03431,COc1ccc2c(-c3nnc(C)c(C)n3)nn(Cc3ccc(F)cc3F)c2c1,381.39,3.84,65.72,0,5,4,4,1,<rdkit.Chem.rdchem.Mol object at 0x000001CB274955B0>,False,False
TRZ03432,Cc1ccc2c(C=Cc3nnc(C)c(C)n3)nn(Cc3ccc(F)cc3F)c2c1,391.43,4.64,56.49,0,4,4,4,1,<rdkit.Chem.rdchem.Mol object at 0x000001CB27495620>,False,False
TRZ03433,Cc1nnc(-c2nn(Cc3ccc(F)cc3F)c3ccc(Cl)cc23)nc1C,385.81,4.49,56.49,0,4,3,4,1,<rdkit.Chem.rdchem.Mol object at 0x000001CB27495690>,False,False
TRZ03438,Cc1nnc(-c2nn(Cc3ccc(F)cc3Cl)c3cc(F)ccc23)nc1C,385.81,4.49,56.49,0,4,3,4,1,<rdkit.Chem.rdchem.Mol object at 0x000001CB27495700>,False,False
TRZ03441,Cc1nnc(-c2nn(Cc3ccc(F)cc3Cl)c3cccnc23)nc1C,368.8,3.74,69.38,0,5,3,4,1,<rdkit.Chem.rdchem.Mol object at 0x000001CB27495770>,False,False
TRZ03443,Cc1nnc(/C=C/c2nn(Cc3ccc(F)cc3Cl)c3cc(CO)ccc23)nc1C,423.88,4.34,76.72,1,5,5,4,1,<rdkit.Chem.rdchem.Mol object at 0x000001CB274957E0>,False,False
TRZ03444,Cc1nnc(C=Cc2nn(Cc3ccc(F)cc3Cl)c3cc(CO)ccc23)nc1C,423.88,4.34,76.72,1,5,5,4,1,<rdkit.Chem.rdchem.Mol object at 0x000001CB27495850>,False,False
TRZ03445,Cc1nnc(-c2nn(Cc3ccc(F)cc3F)c3cc(CO)ccc23)nc1C,381.39,3.32,76.72,1,5,4,4,1,<rdkit.Chem.rdchem.Mol object at 0x000001CB274958C0>,False,False
TRZ03446,Cc1nnc(-c2nn(Cc3ccc(F)cc3F)c3cccnc23)nc1C,352.35,3.23,69.38,0,5,3,4,1,<rdkit.Chem.rdchem.Mol object at 0x000001CB27495930>,False,False
TRZ03448,COc1ccc2c(-c3nnc(C)c(C)n3)nn(Cc3ccc(Cl)cc3F)c2c1,397.84,4.35,65.72,0,5,4,4,1,<rdkit.Chem.rdchem.Mol object at 0x000001CB274959A0>,False,False
TRZ03453,Cc1nnc(/C=C/c2nn(Cc3ccc(Cl)cc3F)c3cc(CO)ccc23)nc1C,423.88,4.34,76.72,1,5,5,4,1,<rdkit.Chem.rdchem.Mol object at 0x000001CB27495A10>,False,False
TRZ03454,Cc1nnc(C=Cc2nn(Cc3ccc(Cl)cc3F)c3cc(CO)ccc23)nc1C,423.88,4.34,76.72,1,5,5,4,1,<rdkit.Chem.rdchem.Mol object at 0x000001CB27495A80>,False,False
TRZ03459,Cc1nnc(-c2nn(Cc3ccc(F)cc3F)c3cc(CF)ccc23)nc1C,383.38,4.3,56.49,0,4,4,4,1,<rdkit.Chem.rdchem.Mol object at 0x000001CB27495AF0>,False,False
TRZ03460,Cc1nnc(-c2nn(Cc3ccc(Cl)cc3F)c3cc(CF)ccc23)nc1C,399.83,4.82,56.49,0,4,4,4,1,<rdkit.Chem.rdchem.Mol object at 0x000001CB27495B60>,False,False
TRZ03461,Cc1nnc(-c2nn(Cc3ccc(F)cc3F)c3cc(C(F)F)ccc23)nc1C,401.37,4.77,56.49,0,4,4,4,1,<rdkit.Chem.rdchem.Mol object at 0x000001CB27495BD0>,False,False
TRZ03463,Cc1nnc(/C=C/c2nn(Cc3ccc(F)cc3F)c3cc(N(C)C)ccc23)nc1C,420.47,4.4,59.73,0,5,5,4,1,<rdkit.Chem.rdchem.Mol object at 0x000001CB27495C40>,False,False
TRZ03464,Cc1nnc(C=Cc2nn(Cc3ccc(F)cc3F)c3cc(N(C)C)ccc23)nc1C,420.47,4.4,59.73,0,5,5,4,1,<rdkit.Chem.rdchem.Mol object at 0x000001CB27495CB0>,False,False
TRZ03465,Cc1nnc(/C=C/c2nn(Cc3ccc(F)cc3F)c3cc(CF)ccc23)nc1C,409.42,4.8,56.49,0,4,5,4,1,<rdkit.Chem.rdchem.Mol object at 0x000001CB27495D20>,False,False
TRZ03466,Cc1nnc(C=Cc2nn(Cc3ccc(F)cc3F)c3cc(CF)ccc23)nc1C,409.42,4.8,56.49,0,4,5,4,1,<rdkit.Chem.rdchem.Mol object at 0x000001CB27495D90>,False,False
TRZ03469,Cc1nnc(/C=C/c2nn(Cc3ccc(F)cc3Cl)c3cc(N(C)C)ccc23)nc1C,436.92,4.92,59.73,0,5,5,4,1,<rdkit.Chem.rdchem.Mol object at 0x000001CB27495E00>,False,False
TRZ03470,Cc1nnc(C=Cc2nn(Cc3ccc(F)cc3Cl)c3cc(N(C)C)ccc23)nc1C,436.92,4.92,59.73,0,5,5,4,1,<rdkit.Chem.rdchem.Mol object at 0x000001CB27495E70>,False,False
TRZ03471,Cc1nnc(-c2nn(Cc3ccc(Cl)cc3F)c3cc(F)ccc23)nc1C,385.81,4.49,56.49,0,4,3,4,1,<rdkit.Chem.rdchem.Mol object at 0x000001CB27495EE0>,False,False
TRZ03472,Cc1nnc(-c2nn(Cc3ccc(Cl)cc3F)c3cccnc23)nc1C,368.8,3.74,69.38,0,5,3,4,1,<rdkit.Chem.rdchem.Mol object at 0x000001CB27495F50>,False,False
TRZ03473,Cc1nnc(-c2nn(Cc3ccc(Cl)cc3F)c3cc(N(C)C)ccc23)nc1C,410.88,4.41,59.73,0,5,4,4,1,<rdkit.Chem.rdchem.Mol object at 0x000001CB27495FC0>,False,False
TRZ03474,Cc1nnc(-c2ccc(-c3cnc4ccc(NC5CCOCC5)nn34)cc2F)nc1C,419.46,3.6,90.12,1,7,4,4,1,<rdkit.Chem.rdchem.Mol object at 0x000001CB27496030>,False,False
TRZ03475,Cc1cc(Br)ccc1Nc1c(-c2nnc(C)c(C)n2)cc2[nH]cnc2c1F,427.28,4.99,79.38,2,5,3,4,1,<rdkit.Chem.rdchem.Mol object at 0x000001CB274960A0>,False,False
TRZ03476,Cc1nnc(-c2nn(Cc3ccc(F)cc3Cl)c3cc(CO)ccc23)nc1C,397.84,3.84,76.72,1,5,4,4,1,<rdkit.Chem.rdchem.Mol object at 0x000001CB27496110>,False,False
TRZ03479,Cc1cc(-c2nnc(C)c(C)n2)c(NS(=O)(=O)c2ccc(C(C)(C)C)cc2)cc1F,428.53,4.7,84.84,1,5,4,3,1,<rdkit.Chem.rdchem.Mol object at 0x000001CB27496180>,False,False
TRZ03480,Cc1nnc(-c2cc(F)c(F)cc2-c2cc(C(C)(C)C)ccc2S(N)(=O)=O)nc1C,432.5,4.05,98.83,1,5,3,3,1,<rdkit.Chem.rdchem.Mol object at 0x000001CB274961F0>,False,False
TRZ03481,COC(c1ccc(Br)cn1)C(F)(F)c1nnc(C)c(C)n1,359.17,3.13,60.79,0,5,4,2,1,<rdkit.Chem.rdchem.Mol object at 0x000001CB27496260>,False,False
TRZ03482,Cc1nnc(C(C)c2c(F)cc3ncccc3c2F)nc1C,300.31,3.47,51.56,0,4,2,3,1,<rdkit.Chem.rdchem.Mol object at 0x000001CB274962D0>,False,False
TRZ03483,Cc1nnc(-c2csc(-c3ccc(C(C)(C)O)cc3F)n2)nc1C,344.42,3.65,71.79,1,6,3,3,1,<rdkit.Chem.rdchem.Mol object at 0x000001CB27496340>,False,False
TRZ03485,Cc1nnc(-c2ccc(NS(=O)(=O)C(F)(F)F)cc2)nc1C,332.31,2.42,84.84,1,5,3,2,1,<rdkit.Chem.rdchem.Mol object at 0x000001CB274963B0>,False,False
TRZ03488,Cc1nnc(-c2ncnn2Cc2c(-c3ccc(F)cc3)nc3ccc(F)cn23)nc1C,418.41,3.39,86.68,0,6,4,5,1,<rdkit.Chem.rdchem.Mol object at 0x000001CB27496420>,False,False
TRZ03489,Cc1nnc(-c2ccc(-c3cnn4ccc(N5C(=O)OC[C@@H]5c5ccc(F)cc5)nc34)cc2)nc1C,481.49,4.7,98.4,0,7,4,5,1,<rdkit.Chem.rdchem.Mol object at 0x000001CB27496490>,False,False
TRZ03490,Cc1nnc(-c2ccc(-c3cnn4ccc(N5C(=O)OCC5c5ccc(F)cc5)nc34)cc2)nc1C,481.49,4.7,98.4,0,7,4,5,1,<rdkit.Chem.rdchem.Mol object at 0x000001CB27496500>,False,False
TRZ03494,COC(=O)c1ccc(-c2nnc(C)c(C)n2)cc1F,261.26,2.08,64.97,0,5,2,2,1,<rdkit.Chem.rdchem.Mol object at 0x000001CB27496570>,False,False
TRZ03495,Cc1nnc(C(CCCCl)c2ccc(F)cc2)nc1C,293.77,3.78,38.67,0,3,5,2,1,<rdkit.Chem.rdchem.Mol object at 0x000001CB274965E0>,False,False
TRZ03496,Cc1nnc(C(CCO)c2ccc(F)cc2)nc1C,261.3,2.14,58.9,1,4,4,2,1,<rdkit.Chem.rdchem.Mol object at 0x000001CB27496650>,False,False
TRZ03497,COC(CCO)(c1ccc(F)cc1)c1nnc(C)c(C)n1,291.33,1.9,68.13,1,5,5,2,1,<rdkit.Chem.rdchem.Mol object at 0x000001CB274966C0>,False,False
TRZ03498,Cc1nnc(C(C#N)(CCCCl)c2ccc(F)cc2)nc1C,318.78,3.46,62.46,0,4,5,2,1,<rdkit.Chem.rdchem.Mol object at 0x000001CB27496730>,False,False
TRZ03502,COc1ccc(-c2nc3n[nH]c(-c4nnc(C)c(C)n4)c3c(C)c2C#N)c(F)c1,389.39,3.42,113.26,1,7,3,4,1,<rdkit.Chem.rdchem.Mol object at 0x000001CB274967A0>,False,False
TRZ03503,COC(=O)C1CCC(Oc2ncc(NC(=O)c3nnc(C)c(C)n3)cc2F)CC1,403.41,2.39,116.19,1,8,5,2,1,<rdkit.Chem.rdchem.Mol object at 0x000001CB27496810>,False,False
TRZ03504,COC(=O)C1CCC(Oc2cc(F)c(NC(=O)c3nnc(C)c(C)n3)cn2)CC1,403.41,2.39,116.19,1,8,5,2,1,<rdkit.Chem.rdchem.Mol object at 0x000001CB27496880>,False,False
TRZ03505,COC(=O)C1CCC(Oc2ccc(NC(=O)c3nnc(C)c(C)n3)c(F)n2)CC1,403.41,2.39,116.19,1,8,5,2,1,<rdkit.Chem.rdchem.Mol object at 0x000001CB274968F0>,False,False
TRZ03506,Cc1nnc(CCC(Cc2ccc(C(F)(F)F)nc2)NC(=O)OC(C)(C)C)nc1C,425.46,3.97,89.89,1,6,6,2,1,<rdkit.Chem.rdchem.Mol object at 0x000001CB27496960>,False,False
TRZ03507,Cc1nnc(CC[C@H](Cc2ccc(C(F)(F)F)nc2)N(C(=O)O)C(C)(C)C)nc1C,425.46,4.22,92.1,1,5,6,2,1,<rdkit.Chem.rdchem.Mol object at 0x000001CB274969D0>,False,False
TRZ03508,Cc1nnc(-c2cc(Br)ccc2F)nc1C,282.12,3.06,38.67,0,3,1,2,1,<rdkit.Chem.rdchem.Mol object at 0x000001CB27496A40>,False,False
TRZ03512,Cc1nnc(C2(c3c(C#N)nn(-c4c(Cl)cc(C(F)(F)F)cc4Cl)c3N)CC2)nc1C,468.27,4.53,106.3,1,6,3,3,1,<rdkit.Chem.rdchem.Mol object at 0x000001CB27496AB0>,False,False
TRZ03513,Cc1nnc(Cn2nc(-c3c(C)n(CC(=O)O)c4ccc(F)cc34)c3ccccc3c2=O)nc1C,472.48,3.4,115.79,1,6,5,5,1,<rdkit.Chem.rdchem.Mol object at 0x000001CB27496B20>,False,False
TRZ03514,Cc1nc(C(=O)N2CCCCC2Cc2nnc(C)c(C)n2)c(-c2ccc(F)cc2)s1,425.53,4.3,71.87,0,6,4,3,1,<rdkit.Chem.rdchem.Mol object at 0x000001CB27496B90>,False,False
TRZ03516,Cc1nnc(-c2ccc(OCCCC3CCN(C(=O)OC(C)C)CC3)cc2F)nc1C,430.52,4.71,77.44,0,6,7,2,1,<rdkit.Chem.rdchem.Mol object at 0x000001CB27496C00>,False,False
TRZ03518,Cc1nnc(-c2ccncc2Nc2ccc(Br)cc2F)nc1C,374.22,4.2,63.59,1,5,3,3,1,<rdkit.Chem.rdchem.Mol object at 0x000001CB27496C70>,False,False
TRZ03519,Cc1nnc(-c2cccn2CCF)nc1C,220.25,1.93,43.6,0,3,3,2,1,<rdkit.Chem.rdchem.Mol object at 0x000001CB27496CE0>,False,False
TRZ03520,CC(=O)Nc1ccc(CCc2ccc(Cc3nnc(C)c(C)n3)cc2)cc1C(F)(F)F,428.46,4.84,67.77,1,4,6,3,1,<rdkit.Chem.rdchem.Mol object at 0x000001CB27496D50>,False,False
TRZ03522,Cc1nnc(CNc2cccc(F)c2F)nc1C,250.25,2.38,50.7,1,4,3,2,1,<rdkit.Chem.rdchem.Mol object at 0x000001CB27496DC0>,False,False
TRZ03523,Cc1nnc(C(F)(F)Nc2ccccc2)nc1C,250.25,2.65,50.7,1,4,3,2,1,<rdkit.Chem.rdchem.Mol object at 0x000001CB27496E30>,False,False
TRZ03524,Cc1nnc(CNc2ccc(F)c(Br)c2)nc1C,311.16,3.0,50.7,1,4,3,2,1,<rdkit.Chem.rdchem.Mol object at 0x000001CB27496EA0>,False,False
TRZ03525,Cc1nnc(C(F)Nc2ccc(F)cc2)nc1C,250.25,2.71,50.7,1,4,3,2,1,<rdkit.Chem.rdchem.Mol object at 0x000001CB27496F10>,False,False
TRZ03526,Cc1nnc(C(F)Nc2ccccc2)nc1C,232.26,2.57,50.7,1,4,3,2,1,<rdkit.Chem.rdchem.Mol object at 0x000001CB27496F80>,False,False
TRZ03527,Cc1nnc(-c2ccc(-c3c(C(F)(F)F)oc4cc(O)ccc4c3=O)cc2)nc1C,413.36,4.65,89.11,1,6,2,4,1,<rdkit.Chem.rdchem.Mol object at 0x000001CB27496FF0>,False,False
TRZ03528,Cc1nnc(C2CCC(Oc3ccc(F)cc3)CC2)nc1C,301.37,3.73,47.9,0,4,3,2,1,<rdkit.Chem.rdchem.Mol object at 0x000001CB27497060>,False,False
TRZ03529,Cc1nnc(C2CCC(Oc3ccccc3F)CC2)nc1C,301.37,3.73,47.9,0,4,3,2,1,<rdkit.Chem.rdchem.Mol object at 0x000001CB274970D0>,False,False
TRZ03530,Cc1nnc(C2CCC(Oc3ccc(F)cn3)CC2)nc1C,302.35,3.13,60.79,0,5,3,2,1,<rdkit.Chem.rdchem.Mol object at 0x000001CB27497140>,False,False
TRZ03531,COc1ccc(-c2nnc(C)c(C)n2)cc1C(F)(F)F,283.25,3.18,47.9,0,4,2,2,1,<rdkit.Chem.rdchem.Mol object at 0x000001CB274971B0>,False,False
TRZ03532,Cc1nnc(C2CCC(Oc3ncccc3F)CC2)nc1C,302.35,3.13,60.79,0,5,3,2,1,<rdkit.Chem.rdchem.Mol object at 0x000001CB27497220>,False,False
TRZ03533,Cc1nnc(C2CCC(Oc3ccc(C(F)(F)F)cc3)CC2)nc1C,351.37,4.61,47.9,0,4,3,2,1,<rdkit.Chem.rdchem.Mol object at 0x000001CB27497290>,False,False
TRZ03534,Cc1nnc(C2CCC(Oc3cc(F)cc(F)c3)CC2)nc1C,319.36,3.87,47.9,0,4,3,2,1,<rdkit.Chem.rdchem.Mol object at 0x000001CB27497300>,False,False
TRZ03535,Cc1nnc(C2CCC(Oc3cccc(C(F)(F)F)c3)CC2)nc1C,351.37,4.61,47.9,0,4,3,2,1,<rdkit.Chem.rdchem.Mol object at 0x000001CB27497370>,False,False
TRZ03536,Cc1nnc(C(=O)Nc2ccc(C3(C(C)(C)C)CCC(C(=O)O)CC3)cc2F)nc1C,428.51,4.44,105.07,2,5,4,2,1,<rdkit.Chem.rdchem.Mol object at 0x000001CB274973E0>,False,False
TRZ03537,Cc1nnc(C(=O)Nc2ccc(C3CCC(C(=O)O)CC3)cc2F)nc1C,372.4,3.24,105.07,2,5,4,2,1,<rdkit.Chem.rdchem.Mol object at 0x000001CB27497450>,False,False
TRZ03538,COc1ccc(C(=O)C2CC(C)(C)Cc3c2c(-c2nnc(C)c(C)n2)nn3C)cc1C(F)(F)F,473.5,4.86,82.79,0,6,4,3,1,<rdkit.Chem.rdchem.Mol object at 0x000001CB274974C0>,False,False
TRZ03539,Cc1nnc([C@@H]2CC=C(c3cccc(OC(F)(F)F)c3)CC2)nc1C,349.36,4.74,47.9,0,4,3,2,1,<rdkit.Chem.rdchem.Mol object at 0x000001CB27497530>,False,False
TRZ03540,Cc1nnc(CN(Cc2ccccc2)S(=O)(=O)c2ccccc2C(F)(F)F)nc1C,436.46,3.9,76.05,0,5,6,3,1,<rdkit.Chem.rdchem.Mol object at 0x000001CB274975A0>,False,False
TRZ03541,COc1ccc(F)cc1C1=CC[C@@H](c2nnc(C)c(C)n2)CC1,313.38,3.99,47.9,0,4,3,2,1,<rdkit.Chem.rdchem.Mol object at 0x000001CB27497610>,False,False
TRZ03542,Cc1nnc(-c2csc(N3CCC(F)(F)CC3)n2)nc1C,311.36,2.85,54.8,0,6,2,2,1,<rdkit.Chem.rdchem.Mol object at 0x000001CB27497680>,False,False
TRZ03543,Cc1nnc(-c2csc(-c3ccc(F)cc3)n2)nc1C,286.34,3.42,51.56,0,5,2,3,1,<rdkit.Chem.rdchem.Mol object at 0x000001CB274976F0>,False,False
TRZ03544,Cc1nnc(-c2ccc3cccc(F)c3n2)nc1C,254.27,2.84,51.56,0,4,1,3,1,<rdkit.Chem.rdchem.Mol object at 0x000001CB27497760>,False,False
TRZ03545,Cc1nnc(-c2csc(-c3cccc(F)c3)n2)nc1C,286.34,3.42,51.56,0,5,2,3,1,<rdkit.Chem.rdchem.Mol object at 0x000001CB274977D0>,False,False
TRZ03546,Cc1nnc(-c2nc(-c3ccc(F)cc3F)no2)nc1C,289.25,2.48,77.59,0,6,2,3,1,<rdkit.Chem.rdchem.Mol object at 0x000001CB27497840>,False,False
TRZ03547,Cc1nnc(C2CCCCC2c2noc(C)c2F)nc1C,290.34,3.37,64.7,0,5,2,2,1,<rdkit.Chem.rdchem.Mol object at 0x000001CB274978B0>,False,False
TRZ03548,COc1ccc(-c2nnc(C)c(C)n2)c(C(F)(F)F)c1,283.25,3.18,47.9,0,4,2,2,1,<rdkit.Chem.rdchem.Mol object at 0x000001CB27497920>,False,False
TRZ03549,Cc1nnc(-c2ccc(Cl)cc2C(F)(F)F)nc1C,287.67,3.83,38.67,0,3,1,2,1,<rdkit.Chem.rdchem.Mol object at 0x000001CB27497990>,False,False
TRZ03550,Cc1nnc(-c2ccc(Oc3cccc(C(F)(F)F)c3)cc2)nc1C,345.32,4.97,47.9,0,4,3,3,1,<rdkit.Chem.rdchem.Mol object at 0x000001CB27497A00>,False,False
TRZ03551,Cc1nnc(-c2cccc(OCc3cccc(C(F)(F)F)c3)c2)nc1C,359.35,4.75,47.9,0,4,4,3,1,<rdkit.Chem.rdchem.Mol object at 0x000001CB27497A70>,False,False
TRZ03552,Cc1nnc(-c2cc(Cl)c(I)cc2C(F)(F)F)nc1C,413.57,4.43,38.67,0,3,1,2,1,<rdkit.Chem.rdchem.Mol object at 0x000001CB27497AE0>,False,False
TRZ03553,Cc1nnc(-c2ccc(C(F)F)cc2)nc1C,235.24,3.09,38.67,0,3,2,2,1,<rdkit.Chem.rdchem.Mol object at 0x000001CB27497B50>,False,False
TRZ03554,Cc1nnc([C@@](C)(Cc2ccc(F)cc2)N(C(=O)O)C(C)(C)C)nc1C,360.43,3.86,79.21,1,4,4,2,1,<rdkit.Chem.rdchem.Mol object at 0x000001CB27497BC0>,False,False
TRZ03555,Cc1nnc(C(C)(Cc2ccc(F)cc2)NC(=O)O)nc1C,304.33,2.35,88.0,2,4,4,2,1,<rdkit.Chem.rdchem.Mol object at 0x000001CB27497C30>,False,False
TRZ03556,Cc1nnc(-c2cc(F)c(OCC3COC(C)(C)N3C(=O)O)cc2Cl)nc1C,410.83,3.44,97.67,1,6,4,2,1,<rdkit.Chem.rdchem.Mol object at 0x000001CB27497CA0>,False,False
TRZ03557,Cc1nnc(Cn2cccc(C(F)(F)F)c2=O)nc1C,284.24,1.72,60.67,0,4,2,2,1,<rdkit.Chem.rdchem.Mol object at 0x000001CB27497D10>,False,False
TRZ03558,Cc1nnc(COc2ncccc2C(F)(F)F)nc1C,284.24,2.48,60.79,0,5,3,2,1,<rdkit.Chem.rdchem.Mol object at 0x000001CB27497D80>,False,False
TRZ03561,Cc1nnc(C(C)Cc2ccc(NCc3cccc(F)c3)cc2)nc1C,350.44,4.59,50.7,1,4,6,3,1,<rdkit.Chem.rdchem.Mol object at 0x000001CB27497E60>,False,False
TRZ03562,Cc1nnc(C(C)Cc2ccc(NCc3ccc(F)cc3)cc2)nc1C,350.44,4.59,50.7,1,4,6,3,1,<rdkit.Chem.rdchem.Mol object at 0x000001CB27497ED0>,False,False
TRZ03563,Cc1nnc(-c2ncn3c2CN(C)C(=O)c2cc(F)ccc2-3)nc1C,338.35,2.07,76.8,0,5,1,3,1,<rdkit.Chem.rdchem.Mol object at 0x000001CB27497F40>,False,False
TRZ03565,Cc1nnc(CCNC(=O)Nc2ccc(C(F)(F)F)cc2)nc1C,339.32,2.87,79.8,2,4,4,2,1,<rdkit.Chem.rdchem.Mol object at 0x000001CB27498040>,False,False
TRZ03566,Cc1nnc(CCNC(=O)Nc2ccccc2C(F)(F)F)nc1C,339.32,2.87,79.8,2,4,4,2,1,<rdkit.Chem.rdchem.Mol object at 0x000001CB274980B0>,False,False
TRZ03567,CCNc1ccc(-c2nnc(C)c(C)n2)c(-c2cccc(F)c2)c1,322.39,4.39,50.7,1,4,4,3,1,<rdkit.Chem.rdchem.Mol object at 0x000001CB27498120>,False,False
TRZ03570,Cc1nnc([C@H]2C[C@@]3(NC(=O)NC3=O)c3cc(F)ccc3O2)nc1C,343.32,1.19,106.1,2,6,1,2,1,<rdkit.Chem.rdchem.Mol object at 0x000001CB27498190>,False,False
TRZ03571,Cc1nnc([C@H]2C[C@]3(NC(=O)NC3=O)c3cc(F)ccc3O2)nc1C,343.32,1.19,106.1,2,6,1,2,1,<rdkit.Chem.rdchem.Mol object at 0x000001CB27498200>,False,False
TRZ03572,Cc1nnc([C@@H]2C[C@@]3(NC(=O)NC3=O)c3cc(F)ccc3O2)nc1C,343.32,1.19,106.1,2,6,1,2,1,<rdkit.Chem.rdchem.Mol object at 0x000001CB27498270>,False,False
TRZ03573,Cc1nnc(-c2sc(Cl)nc2C(F)(F)F)nc1C,294.69,3.28,51.56,0,5,1,2,1,<rdkit.Chem.rdchem.Mol object at 0x000001CB274982E0>,False,False
TRZ03574,Cc1nnc(C(C)C(O)(Cn2cncn2)c2ccc(F)cc2F)nc1C,360.37,2.05,89.61,1,6,5,3,1,<rdkit.Chem.rdchem.Mol object at 0x000001CB27498350>,False,False
TRZ03575,Cc1nnc(C(C)C(O)(Cn2cncn2)c2ccccc2F)nc1C,342.38,1.91,89.61,1,6,5,3,1,<rdkit.Chem.rdchem.Mol object at 0x000001CB274983C0>,False,False
TRZ03576,Cc1nnc(-c2nc3ccc(F)cn3c2C)nc1C,257.27,2.25,55.97,0,4,1,3,1,<rdkit.Chem.rdchem.Mol object at 0x000001CB27498430>,False,False
TRZ03577,Cc1nnc(-c2cnn(CC(F)(F)F)c2C)nc1C,271.25,2.22,56.49,0,4,2,2,1,<rdkit.Chem.rdchem.Mol object at 0x000001CB274984A0>,False,False
TRZ03578,Cc1nnc(-c2ccccc2C(=O)C(F)(F)F)nc1C,281.24,2.9,55.74,0,4,2,2,1,<rdkit.Chem.rdchem.Mol object at 0x000001CB27498510>,False,False
TRZ03580,Cc1nnc(C(C)(C)Sc2ccc(F)cc2)nc1C,277.37,3.65,38.67,0,4,3,2,1,<rdkit.Chem.rdchem.Mol object at 0x000001CB274985F0>,False,False
TRZ03581,Cc1nnc(-c2cc(C)c3cc(C4CC4)cc(C(F)(F)F)c3n2)nc1C,358.37,4.91,51.56,0,4,2,3,1,<rdkit.Chem.rdchem.Mol object at 0x000001CB27498660>,False,False
TRZ03582,Cc1cc(C(F)(F)F)c2nc(-c3nnc(C)c(C)n3)cc(C)c2c1,332.33,4.34,51.56,0,4,1,3,1,<rdkit.Chem.rdchem.Mol object at 0x000001CB274986D0>,False,False
TRZ03583,Cc1nnc(-c2cc(C)c3cc(C4CC4)cc(OC(F)(F)F)c3n2)nc1C,374.37,4.79,60.79,0,5,3,3,1,<rdkit.Chem.rdchem.Mol object at 0x000001CB27498740>,False,False
TRZ03585,CCOc1cc(OCC(F)(F)F)c2nc(-c3nnc(C)c(C)n3)cc(C)c2c1,392.38,4.35,70.02,0,6,5,3,1,<rdkit.Chem.rdchem.Mol object at 0x000001CB274987B0>,False,False
TRZ03588,Cc1nnc(-c2cc(C)c3cc(C4CC4)cc(CF)c3n2)nc1C,322.39,4.36,51.56,0,4,3,3,1,<rdkit.Chem.rdchem.Mol object at 0x000001CB27498820>,False,False
TRZ03593,Cc1nnc(-c2cn3c4c(cc(F)cc4c2=O)CCC3C)nc1C,324.36,3.12,60.67,0,4,1,3,1,<rdkit.Chem.rdchem.Mol object at 0x000001CB27498900>,False,False
TRZ03594,Cc1nnc(-c2ccc3ccccc3c2OCC(F)(F)F)nc1C,333.31,4.25,47.9,0,4,3,3,1,<rdkit.Chem.rdchem.Mol object at 0x000001CB27498970>,False,False
TRZ03597,Cc1nnc(C(NC(=O)O)c2cccc(C(F)(F)F)c2)nc1C,326.28,2.86,88.0,2,4,3,2,1,<rdkit.Chem.rdchem.Mol object at 0x000001CB274989E0>,False,False
TRZ03599,Cc1nnc(/C=C\n2cnc(-c3cc(OC(C)C)nc(C(F)(F)F)c3)n2)nc1C,405.38,3.58,91.5,0,7,5,3,1,<rdkit.Chem.rdchem.Mol object at 0x000001CB27498A50>,False,False
TRZ03600,Cc1nnc(/C=C\n2cnc(-c3cc(OC(=O)OCC(C)C)cc(C(F)(F)F)c3)n2)nc1C,462.43,4.57,104.91,0,8,6,3,1,<rdkit.Chem.rdchem.Mol object at 0x000001CB27498AC0>,False,False
TRZ03603,C=C(F)c1c(-c2nnc(C)c(C)n2)c(C)c2n1[C@@H](C)CN(C(C)C)C2=O,357.43,3.63,63.91,0,4,3,2,1,<rdkit.Chem.rdchem.Mol object at 0x000001CB27498B30>,False,False
TRZ03604,Cc1ccc(Nc2c(-c3nnc(C)c(C)n3)cc3[nH]cnc3c2F)c(C)c1,362.41,4.53,79.38,2,5,3,4,1,<rdkit.Chem.rdchem.Mol object at 0x000001CB27498BA0>,False,False
TRZ03605,Cc1nnc(-c2cnc(N3C[C@H]4C[C@@]4(c4cccc(C(F)(F)F)c4)C3)nc2)nc1C,412.42,3.74,67.69,0,6,3,3,1,<rdkit.Chem.rdchem.Mol object at 0x000001CB27498C10>,False,False
TRZ03606,Cc1nnc(Cc2c(F)cc3ncc(N4CCOCC4)cc3c2F)nc1C,371.39,2.74,64.03,0,6,3,3,1,<rdkit.Chem.rdchem.Mol object at 0x000001CB27498C80>,False,False
TRZ03610,Cc1nnc(C23CCC(c4nnc(-c5ccccc5CF)n4C)(CC2)CC3)nc1C,406.51,4.3,69.38,0,5,4,3,1,<rdkit.Chem.rdchem.Mol object at 0x000001CB27498CF0>,False,False
TRZ03612,Cc1nnc(Cc2nc3ccc(Br)c(F)c3s2)nc1C,353.22,3.59,51.56,0,5,2,3,1,<rdkit.Chem.rdchem.Mol object at 0x000001CB27498D60>,False,False
TRZ03614,Cc1nnc(-c2cc3c(I)cn(S)c3cc2F)nc1C,400.22,3.55,43.6,1,4,1,3,1,<rdkit.Chem.rdchem.Mol object at 0x000001CB27498DD0>,False,False
TRZ03615,COc1ccc(-c2nc3n[nH]c(-c4nnc(C)c(C)n4)c3c(C)c2C)c(F)c1,378.41,3.86,89.47,1,6,3,4,1,<rdkit.Chem.rdchem.Mol object at 0x000001CB27498E40>,False,False
TRZ03617,CCC(C)(C)CC[C@H](NC1NC(=O)Oc2cc(F)ccc21)c1nnc(C)c(C)n1,401.49,4.28,89.03,2,6,7,2,1,<rdkit.Chem.rdchem.Mol object at 0x000001CB27498EB0>,False,False
TRZ03618,CC(=O)Nc1cc(CCc2ccc(Cc3nnc(C)c(C)n3)cc2)cc(C(F)(F)F)c1,428.46,4.84,67.77,1,4,6,3,1,<rdkit.Chem.rdchem.Mol object at 0x000001CB27498F20>,False,False
TRZ03619,Cc1cc(C(F)(F)F)cnc1NCc1nnc(C)c(C)n1,297.28,2.82,63.59,1,5,3,2,1,<rdkit.Chem.rdchem.Mol object at 0x000001CB27498F90>,False,False
TRZ03620,Cc1cc(C(F)(F)F)cnc1NCCCc1nnc(C)c(C)n1,325.34,3.26,63.59,1,5,5,2,1,<rdkit.Chem.rdchem.Mol object at 0x000001CB27499000>,False,False
TRZ03621,Cc1nnc(CCN(Cc2cc3c(cc2F)OCCO3)C(=O)C(C)(C)C)nc1C,402.47,3.02,77.44,0,6,5,2,1,<rdkit.Chem.rdchem.Mol object at 0x000001CB27499070>,False,False
TRZ03622,Cc1nnc(-c2cccc(-c3ccc(F)cc3)n2)nc1C,280.31,3.36,51.56,0,4,2,3,1,<rdkit.Chem.rdchem.Mol object at 0x000001CB274990E0>,False,False
TRZ03623,Cc1nnc(-c2cc(-c3ccc(F)cc3)ccc2Cl)nc1C,313.76,4.61,38.67,0,3,2,3,1,<rdkit.Chem.rdchem.Mol object at 0x000001CB27499150>,False,False
TRZ03625,Cc1nnc(-c2ccc(-c3ccc(F)cc3)cc2Cl)nc1C,313.76,4.61,38.67,0,3,2,3,1,<rdkit.Chem.rdchem.Mol object at 0x000001CB274991C0>,False,False
TRZ03626,COc1cc(-c2cccc(F)c2)ccc1-c1nnc(C)c(C)n1,309.34,3.97,47.9,0,4,3,3,1,<rdkit.Chem.rdchem.Mol object at 0x000001CB27499230>,False,False
TRZ03627,COc1cc(-c2ccc(F)cc2)ccc1-c1nnc(C)c(C)n1,309.34,3.97,47.9,0,4,3,3,1,<rdkit.Chem.rdchem.Mol object at 0x000001CB274992A0>,False,False
TRZ03628,Cc1nnc(C[C@@H](Cc2cc(F)c(F)cc2F)NC(=O)O)nc1C,340.31,2.33,88.0,2,4,5,2,1,<rdkit.Chem.rdchem.Mol object at 0x000001CB27499310>,False,False
TRZ03629,Cc1nnc(C[C@@H](Cc2cc(F)ccc2F)NC(=O)O)nc1C,322.32,2.19,88.0,2,4,5,2,1,<rdkit.Chem.rdchem.Mol object at 0x000001CB27499380>,False,False
TRZ03630,Cc1nnc(-c2cccc3c2ccn3-c2ccc(F)cc2)nc1C,318.36,4.24,43.6,0,3,2,4,1,<rdkit.Chem.rdchem.Mol object at 0x000001CB274993F0>,False,False
TRZ03631,Cc1nnc(-c2ccc(Br)cc2C(F)(F)F)nc1C,332.12,3.94,38.67,0,3,1,2,1,<rdkit.Chem.rdchem.Mol object at 0x000001CB27499460>,False,False
TRZ03632,Cc1nnc(-c2ccc(Oc3ccc(F)cc3)cc2Cl)nc1C,329.76,4.74,47.9,0,4,3,3,1,<rdkit.Chem.rdchem.Mol object at 0x000001CB274994D0>,False,False
TRZ03633,COc1cc(-c2ccc(F)c(Cl)c2)ccc1-c1nnc(C)c(C)n1,343.79,4.62,47.9,0,4,3,3,1,<rdkit.Chem.rdchem.Mol object at 0x000001CB27499540>,False,False
TRZ03634,C=CCOc1ncc(F)c(C2(c3nnc(C)c(C)n3)C=CC=C(C)C2)n1,353.4,3.17,73.68,0,6,5,2,1,<rdkit.Chem.rdchem.Mol object at 0x000001CB274995B0>,False,False
TRZ03635,CCC1(C(=O)O)CCC(c2ccc(NC(=O)c3nnc(C)c(C)n3)c(F)c2)CC1,400.45,4.02,105.07,2,5,5,2,1,<rdkit.Chem.rdchem.Mol object at 0x000001CB27499620>,False,False
TRZ03636,Cc1nnc(Cc2ccc3ncc(-c4cnn(C)c4)cc3c2F)nc1C,348.39,3.17,69.38,0,5,3,4,1,<rdkit.Chem.rdchem.Mol object at 0x000001CB27499690>,False,False
TRZ03637,Cc1nnc(C=CCn2c(=O)c3cc(F)c(NC4CCCCC4)cc3n(C3CCCC3)c2=O)nc1C,492.6,4.68,94.7,1,6,6,3,1,<rdkit.Chem.rdchem.Mol object at 0x000001CB27499700>,False,False
TRZ03638,Cc1cc(Cc2ccccc2)nc(Nc2ccc(-c3nnc(C)c(C)n3)c(F)c2)n1,400.46,4.73,76.48,1,6,5,4,1,<rdkit.Chem.rdchem.Mol object at 0x000001CB27499770>,False,False
TRZ03639,Cc1nnc(-c2cc3c(N)cnnc3c(F)c2Nc2ccc(Br)cc2F)nc1C,458.27,4.47,102.5,2,7,3,4,1,<rdkit.Chem.rdchem.Mol object at 0x000001CB274997E0>,False,False
TRZ03640,Cc1nnc(-c2c[nH]c(=O)c(CF)c2Nc2ccc(Br)cc2F)nc1C,422.23,3.96,83.56,2,5,4,3,1,<rdkit.Chem.rdchem.Mol object at 0x000001CB27499850>,False,False
TRZ03642,CCNC(=O)Nc1cc2c(cn1)c1cncc(-c3nnc(C)c(C)n3)c1n1nc(C(F)(F)F)cc21,481.44,4.06,122.88,2,7,3,5,1,<rdkit.Chem.rdchem.Mol object at 0x000001CB274998C0>,False,False
TRZ03643,Cc1nnc(-c2ccc3ncn(-c4cccc(OC(F)(F)F)c4)c3c2)nc1C,385.35,4.39,65.72,0,5,3,4,1,<rdkit.Chem.rdchem.Mol object at 0x000001CB27499930>,False,False
TRZ03644,COc1ccc(CCc2nnc(C)c(C)n2)cc1C(F)(F)F,311.31,3.3,47.9,0,4,4,2,1,<rdkit.Chem.rdchem.Mol object at 0x000001CB274999A0>,False,False
TRZ03646,Cc1nnc(-c2ccc3ncn(-c4ccc(OC(F)F)cc4)c3c2)nc1C,367.36,4.1,65.72,0,5,4,4,1,<rdkit.Chem.rdchem.Mol object at 0x000001CB27499A10>,False,False
TRZ03648,Cc1nnc(CCc2cccc(C(F)(F)F)c2)nc1C,281.28,3.29,38.67,0,3,3,2,1,<rdkit.Chem.rdchem.Mol object at 0x000001CB27499A80>,False,False
TRZ03649,Cc1nnc(CCc2ccccc2C(F)(F)F)nc1C,281.28,3.29,38.67,0,3,3,2,1,<rdkit.Chem.rdchem.Mol object at 0x000001CB27499AF0>,False,False
TRZ03650,Cc1nnc(-c2ccnc(NCc3cccc(C(F)(F)F)c3)c2)nc1C,359.36,4.18,63.59,1,5,4,3,1,<rdkit.Chem.rdchem.Mol object at 0x000001CB27499B60>,False,False
TRZ03651,Cc1nnc(CCc2cccc(F)c2)nc1C,231.27,2.41,38.67,0,3,3,2,1,<rdkit.Chem.rdchem.Mol object at 0x000001CB27499BD0>,False,False
TRZ03652,COc1cc(Nc2cc(-c3nnc(C)c(C)n3)ccn2)cc(C(F)(F)F)c1,375.35,4.32,72.82,1,6,4,3,1,<rdkit.Chem.rdchem.Mol object at 0x000001CB27499C40>,False,False
TRZ03653,Cc1nnc(-c2ccc3nc(OC(=O)C(F)(F)F)sc3c2)nc1C,354.31,3.23,77.86,0,7,2,3,1,<rdkit.Chem.rdchem.Mol object at 0x000001CB27499CB0>,False,False
TRZ03654,Cc1nnc(-c2ccc3ncn(-c4cccc(C(F)(F)F)c4)c3c2)nc1C,369.35,4.51,56.49,0,4,2,4,1,<rdkit.Chem.rdchem.Mol object at 0x000001CB27499D20>,False,False
TRZ03656,Cc1nnc(-c2ccc3ncn(-c4ccc(OC(F)(F)F)cc4)c3c2)nc1C,385.35,4.39,65.72,0,5,3,4,1,<rdkit.Chem.rdchem.Mol object at 0x000001CB27499D90>,False,False
TRZ03657,Cc1nnc(-c2ccc3occ(-c4cc(F)ccc4F)c3c2)nc1C,337.33,4.85,51.81,0,4,2,4,1,<rdkit.Chem.rdchem.Mol object at 0x000001CB27499E00>,False,False
TRZ03659,Cc1nnc(-c2ccnc(Nc3cc(F)ccc3F)c2)nc1C,313.31,3.57,63.59,1,5,3,3,1,<rdkit.Chem.rdchem.Mol object at 0x000001CB27499E70>,False,False
TRZ03660,CCCn1c(Cn2ccnc2-c2cccc(F)n2)nc2ccc(-c3nnc(C)c(C)n3)cc21,442.5,4.36,87.2,0,6,6,5,1,<rdkit.Chem.rdchem.Mol object at 0x000001CB27499EE0>,False,False
TRZ03661,Cc1nnc(Cc2ccc3nc(F)c(-c4cnn(C)c4)c(F)c3c2)nc1C,366.38,3.31,69.38,0,5,3,4,1,<rdkit.Chem.rdchem.Mol object at 0x000001CB27499F50>,False,False
TRZ03662,Cc1nnc(C2(C)CC(c3ccc(OC(F)F)c(OCc4ccccc4)c3)=NO2)nc1C,440.45,4.71,78.72,0,7,7,3,1,<rdkit.Chem.rdchem.Mol object at 0x000001CB27499FC0>,False,False
TRZ03663,Cc1nnc(CNS(=O)(=O)c2ccccc2C(F)(F)F)nc1C,346.33,1.99,84.84,1,5,4,2,1,<rdkit.Chem.rdchem.Mol object at 0x000001CB2749A030>,False,False
TRZ03664,Cc1nnc(Cc2cccc(S(N)(=O)=O)c2C(F)(F)F)nc1C,346.33,1.75,98.83,1,5,3,2,1,<rdkit.Chem.rdchem.Mol object at 0x000001CB2749A0A0>,False,False
TRZ03665,Cc1nnc(CCn2c3c(c4cc(F)ccc42)CN(C)CC3)nc1C,339.42,2.81,46.84,0,4,3,3,1,<rdkit.Chem.rdchem.Mol object at 0x000001CB2749A110>,False,False
TRZ03666,COC(=O)c1cc(-c2nnc(C)c(C)n2)c2cc(Cc3ccc(F)cc3)cnc2c1O,418.43,3.93,98.09,1,7,4,4,1,<rdkit.Chem.rdchem.Mol object at 0x000001CB2749A180>,False,False
TRZ03667,Cc1nnc(-c2c(F)cncc2Nc2ccc(I)cc2F)nc1C,439.21,4.18,63.59,1,5,3,3,1,<rdkit.Chem.rdchem.Mol object at 0x000001CB2749A1F0>,False,False
TRZ03668,COc1ccc(Nc2cnccc2-c2nnc(C)c(C)n2)c(F)c1,325.35,3.44,72.82,1,6,4,3,1,<rdkit.Chem.rdchem.Mol object at 0x000001CB2749A260>,False,False
TRZ03669,Cc1nnc(-c2cc(F)c(F)nc2F)nc1C,240.19,1.97,51.56,0,4,1,2,1,<rdkit.Chem.rdchem.Mol object at 0x000001CB2749A2D0>,False,False
TRZ03670,Cc1nnc(-c2ccc(C(F)(F)F)c([N+](=O)[O-])c2)nc1C,298.22,3.08,81.81,0,5,2,2,1,<rdkit.Chem.rdchem.Mol object at 0x000001CB2749A340>,False,False
TRZ03672,Cc1nnc(C(C(N)=O)c2ccc(-c3ccc(F)c(Cl)c3)cc2)nc1C,370.82,3.57,81.76,1,4,4,3,1,<rdkit.Chem.rdchem.Mol object at 0x000001CB2749A3B0>,False,False
TRZ03673,Cc1nnc([C@H](CCC(C)(C)F)C[C@H](O)[C@@H](N)Cc2ccccc2)nc1C,374.5,3.42,84.92,2,5,9,2,1,<rdkit.Chem.rdchem.Mol object at 0x000001CB2749A420>,False,False
TRZ03674,Cc1ccc2c(/C=C/c3nnc(C)c(C)n3)nn(Cc3ccc(F)cc3F)c2c1,391.43,4.64,56.49,0,4,4,4,1,<rdkit.Chem.rdchem.Mol object at 0x000001CB2749A490>,False,False
TRZ03675,COc1ccc2c(-c3nnc(C)c(C)n3)nn(Cc3ccc(F)cc3Cl)c2c1,397.84,4.35,65.72,0,5,4,4,1,<rdkit.Chem.rdchem.Mol object at 0x000001CB2749A500>,False,False
TRZ03678,Cc1nnc(-c2nn(Cc3ccc(Cl)cc3Cl)c3nc(C(F)(F)F)cnc23)nc1C,454.24,4.67,82.27,0,6,3,4,1,<rdkit.Chem.rdchem.Mol object at 0x000001CB2749A570>,False,False
TRZ03682,Cc1nnc(-c2nn(Cc3ccc(Cl)cc3Cl)c3c2N=CN(C(F)(F)F)C3)nc1C,456.26,4.7,72.09,0,6,3,3,1,<rdkit.Chem.rdchem.Mol object at 0x000001CB2749A650>,False,False
TRZ03685,COc1c(-c2nnc(C)c(C)n2)ccc2[nH]nc(C=Cc3cccc(F)c3)c12,375.41,4.35,76.58,1,5,4,4,1,<rdkit.Chem.rdchem.Mol object at 0x000001CB2749A6C0>,False,False
TRZ03686,Cc1nnc(-c2ccc(N3CN(Oc4ccccc4C(F)(F)F)C3)nn2)nc1C,403.37,3.0,80.16,0,8,4,3,1,<rdkit.Chem.rdchem.Mol object at 0x000001CB2749A730>,False,False
TRZ03687,CC(=O)NCC1CN(c2ccc(N3CCC(Cc4nnc(C)c(C)n4)CC3)c(F)c2)C(=O)O1,456.52,2.55,100.55,1,7,6,2,1,<rdkit.Chem.rdchem.Mol object at 0x000001CB2749A7A0>,False,False
TRZ03688,Cc1nnc(-c2ccccc2NC(=O)c2ccc(F)cc2)nc1C,322.34,3.55,67.77,1,4,3,3,1,<rdkit.Chem.rdchem.Mol object at 0x000001CB2749A810>,False,False
TRZ03689,Cc1nnc(-c2ccc(N3CCC(Oc4ccccc4C(F)(F)F)CC3)nn2)nc1C,430.43,4.01,76.92,0,7,4,3,1,<rdkit.Chem.rdchem.Mol object at 0x000001CB2749A880>,False,False
TRZ03690,Cc1nnc(-c2ccc(N3CCC(Cc4ccccc4C(F)(F)F)CC3)nn2)nc1C,428.46,4.42,67.69,0,6,4,3,1,<rdkit.Chem.rdchem.Mol object at 0x000001CB2749A8F0>,False,False
TRZ03691,Cc1nnc(-c2ccc(N3CC[C@H](Oc4ccccc4C(F)(F)F)C3)nn2)nc1C,416.41,3.62,76.92,0,7,4,3,1,<rdkit.Chem.rdchem.Mol object at 0x000001CB2749A960>,False,False
TRZ03692,Cc1nnc(-c2nc3c(ncn3C)c(F)c2Nc2ccc(Br)cc2F)nc1C,446.26,4.22,81.41,1,6,3,4,1,<rdkit.Chem.rdchem.Mol object at 0x000001CB2749A9D0>,False,False
TRZ03693,Cc1nnc(-c2nc3ccnn3c(F)c2Nc2ccc(Br)cc2F)nc1C,432.23,3.98,80.89,1,6,3,4,1,<rdkit.Chem.rdchem.Mol object at 0x000001CB2749AA40>,False,False
TRZ03694,Cc1nnc(-c2nn3ccnc3cc2Nc2ccc(Br)cc2F)nc1C,414.24,3.84,80.89,1,6,3,4,1,<rdkit.Chem.rdchem.Mol object at 0x000001CB2749AAB0>,False,False
TRZ03695,COc1cc(F)ccc1-c1nnc(C)c(C)n1,233.25,2.3,47.9,0,4,2,2,1,<rdkit.Chem.rdchem.Mol object at 0x000001CB2749AB20>,False,False
TRZ03696,COc1ccc(F)cc1-c1nnc(C)c(C)n1,233.25,2.3,47.9,0,4,2,2,1,<rdkit.Chem.rdchem.Mol object at 0x000001CB2749AB90>,False,False
TRZ03699,Cc1nnc(CCN(CCc2nnc(C)c(C)n2)c2ccc(F)cc2)nc1C,381.46,2.72,80.58,0,7,7,3,2,<rdkit.Chem.rdchem.Mol object at 0x000001CB2749AC00>,False,False
TRZ03700,Cc1nnc(C(C)Cc2ccc(OCCc3cccc(F)c3)cc2)nc1C,365.45,4.6,47.9,0,4,7,3,1,<rdkit.Chem.rdchem.Mol object at 0x000001CB2749AC70>,False,False
TRZ03701,Cc1nnc(Cc2cc(F)ccc2N)nc1C,232.26,1.8,64.69,1,4,2,2,1,<rdkit.Chem.rdchem.Mol object at 0x000001CB2749ACE0>,False,False
TRZ03702,Cc1nnc(C[C@@H](Cc2cc(F)ccc2F)N(C(=O)O)C(C)(C)C)nc1C,378.42,3.7,79.21,1,4,5,2,1,<rdkit.Chem.rdchem.Mol object at 0x000001CB2749AD50>,False,False
TRZ03704,Cc1nnc(C[C@@H](Cc2cc(F)c(F)cc2F)N(C(=O)O)C(C)(C)C)nc1C,396.41,3.84,79.21,1,4,5,2,1,<rdkit.Chem.rdchem.Mol object at 0x000001CB2749ADC0>,False,False
TRZ03705,Cc1nnc(C(=O)Nc2ccc(N3CCOCC3)c(F)c2)nc1C,331.35,1.72,80.24,1,6,3,2,1,<rdkit.Chem.rdchem.Mol object at 0x000001CB2749AE30>,False,False
TRZ03706,COc1nc(NCCc2c(F)cccc2Cl)cc(-c2ccc(=O)n(Cc3nnc(C)c(C)n3)c2)n1,495.95,3.61,107.71,1,8,8,4,1,<rdkit.Chem.rdchem.Mol object at 0x000001CB2749AEA0>,False,False
TRZ03709,Cc1nnc(-c2nc(-c3ccccn3)nn2Cc2ccccc2F)nc1C,361.38,3.0,82.27,0,6,4,4,1,<rdkit.Chem.rdchem.Mol object at 0x000001CB2749AF10>,False,False
TRZ03710,CC(=O)NCC1CN(c2ccc(-c3ccc(-c4nnc(C)c(C)n4)cc3)c(F)c2)C(=O)O1,435.46,3.42,97.31,1,6,5,3,1,<rdkit.Chem.rdchem.Mol object at 0x000001CB2749AF80>,False,False
TRZ03712,Cc1nnc(-c2ccc3c(c2F)OC(c2nc(-c4ccccc4)cs2)O3)nc1C,406.44,4.89,70.02,0,7,3,4,1,<rdkit.Chem.rdchem.Mol object at 0x000001CB2749AFF0>,False,False
TRZ03717,CC(=O)c1cc(N2CCC(Oc3ccccc3C(F)(F)F)CC2)nnc1-c1nnc(C)c(C)n1,472.47,4.21,93.99,0,8,5,3,1,<rdkit.Chem.rdchem.Mol object at 0x000001CB2749B060>,False,False
TRZ03718,Cc1nnc(Cc2ccc(NC(=O)/C=C/c3cnn(C)c3-c3ccc(F)cc3)cc2)nc1C,442.5,4.27,85.59,1,5,6,4,1,<rdkit.Chem.rdchem.Mol object at 0x000001CB2749B0D0>,False,False
TRZ03719,Cc1nnc(Cc2ccc(NC(=O)C=Cc3cnn(C)c3-c3ccc(F)cc3)cc2)nc1C,442.5,4.27,85.59,1,5,6,4,1,<rdkit.Chem.rdchem.Mol object at 0x000001CB2749B140>,False,False
TRZ03721,Cc1nnc(-c2nn(-c3ccc(F)cc3F)c3c2C2CCC3C2)nc1C,353.38,3.98,56.49,0,4,2,3,1,<rdkit.Chem.rdchem.Mol object at 0x000001CB2749B1B0>,False,False
TRZ03722,Cc1nnc(Cc2csc(-c3ccc(C(F)(F)F)cc3)c2O)nc1C,365.38,4.53,58.9,1,5,3,3,1,<rdkit.Chem.rdchem.Mol object at 0x000001CB2749B220>,False,False
TRZ03723,Cc1nnc(Cc2nc(C(F)(F)F)nc(-c3ccncc3)c2-c2ccccc2)nc1C,422.41,4.62,77.34,0,6,4,4,1,<rdkit.Chem.rdchem.Mol object at 0x000001CB2749B290>,False,False
TRZ03724,Cc1nnc(-c2ccc(-c3cc(C(=O)NC4CC4)cc(F)c3C)cc2)nc1C,376.44,4.16,67.77,1,4,4,3,1,<rdkit.Chem.rdchem.Mol object at 0x000001CB2749B300>,False,False
TRZ03725,CC(=Cc1cccc(F)c1)c1nnc(C)c(C)n1,243.28,3.19,38.67,0,3,2,2,1,<rdkit.Chem.rdchem.Mol object at 0x000001CB2749B370>,False,False
TRZ03726,Cc1nnc(-c2cc(F)c(F)c(C(F)(F)F)c2)nc1C,289.21,3.45,38.67,0,3,1,2,1,<rdkit.Chem.rdchem.Mol object at 0x000001CB2749B3E0>,False,False
TRZ03727,Cc1nnc(-c2nn(Cc3ccc(F)cc3F)c3cc([N+](=O)[O-])ccc23)nc1C,396.36,3.74,99.63,0,6,4,4,1,<rdkit.Chem.rdchem.Mol object at 0x000001CB2749B450>,False,False
TRZ03728,Cc1nnc(-c2nn(Cc3ccc(F)cc3Cl)c3cc(N)ccc23)nc1C,382.83,3.93,82.51,1,5,3,4,1,<rdkit.Chem.rdchem.Mol object at 0x000001CB2749B4C0>,False,False
TRZ03729,Cc1nnc(-c2nn(Cc3ccc(F)cc3Cl)c3cc(C(F)(F)F)cnc23)nc1C,436.8,4.76,69.38,0,5,3,4,1,<rdkit.Chem.rdchem.Mol object at 0x000001CB2749B530>,False,False
TRZ03730,Cc1nnc(-c2nn(Cc3ccc(Cl)cc3F)c3cc(S(C)(=O)=O)ccc23)nc1C,445.91,3.75,90.63,0,6,4,4,1,<rdkit.Chem.rdchem.Mol object at 0x000001CB2749B5A0>,False,False
TRZ03731,Cc1nnc(-c2nn(Cc3ccc(F)cc3F)c3cc(N)ccc23)nc1C,366.38,3.41,82.51,1,5,3,4,1,<rdkit.Chem.rdchem.Mol object at 0x000001CB2749B610>,False,False
TRZ03732,Cc1nnc(-c2nn(Cc3ccc(Cl)cc3F)c3cc([N+](=O)[O-])ccc23)nc1C,412.81,4.25,99.63,0,6,4,4,1,<rdkit.Chem.rdchem.Mol object at 0x000001CB2749B680>,False,False
TRZ03733,Cc1nnc(-c2nn(Cc3ccc(F)cc3F)c3cc(S(C)(=O)=O)ccc23)nc1C,429.45,3.24,90.63,0,6,4,4,1,<rdkit.Chem.rdchem.Mol object at 0x000001CB2749B6F0>,False,False
TRZ03734,Cc1nnc(-c2nn(Cc3ccc(F)cc3Cl)c3cc(S(C)(=O)=O)ccc23)nc1C,445.91,3.75,90.63,0,6,4,4,1,<rdkit.Chem.rdchem.Mol object at 0x000001CB2749B760>,False,False
TRZ03735,Cc1nnc(-c2nn(Cc3ccc(Cl)cc3F)c3cc(N)ccc23)nc1C,382.83,3.93,82.51,1,5,3,4,1,<rdkit.Chem.rdchem.Mol object at 0x000001CB2749B7D0>,False,False
TRZ03736,Cc1nnc(-c2nn(Cc3ccc(F)cc3F)c3cc(C(F)(F)F)cnc23)nc1C,420.35,4.25,69.38,0,5,3,4,1,<rdkit.Chem.rdchem.Mol object at 0x000001CB2749B840>,False,False
TRZ03737,Cc1nnc(-c2nn(Cc3ccc(F)cc3Cl)c3cc([N+](=O)[O-])ccc23)nc1C,412.81,4.25,99.63,0,6,4,4,1,<rdkit.Chem.rdchem.Mol object at 0x000001CB2749B8B0>,False,False
TRZ03738,Cc1nnc(CSc2nnc(-c3ccc(F)cc3)n2C2CCCCC2)nc1C,398.51,4.68,69.38,0,6,5,3,1,<rdkit.Chem.rdchem.Mol object at 0x000001CB2749B920>,False,False
TRZ03739,Cc1nnc(-c2cccc(NC(=O)c3cccc(C(F)(F)F)c3)c2)nc1C,372.35,4.43,67.77,1,4,3,3,1,<rdkit.Chem.rdchem.Mol object at 0x000001CB2749B990>,False,False
TRZ03740,Cc1nnc(C=Cc2nn(Cc3ccc(F)cc3F)c3cc(CCF)ccc23)nc1C,423.44,4.85,56.49,0,4,6,4,1,<rdkit.Chem.rdchem.Mol object at 0x000001CB2749BA00>,False,False
TRZ03741,Cc1cc(I)ccc1NC1=CC2=NCN(C)C2=CC1(F)c1nnc(C)c(C)n1,490.32,3.8,66.3,1,6,3,2,1,<rdkit.Chem.rdchem.Mol object at 0x000001CB2749BA70>,False,False
TRZ03744,Cc1nnc(-c2ccc(-c3c(C(F)(F)F)nn(-c4ncccc4Cl)c3C(N)=O)cc2)nc1C,473.85,4.17,112.47,1,6,4,4,1,<rdkit.Chem.rdchem.Mol object at 0x000001CB2749BAE0>,False,False
TRZ03747,Cc1nnc(-c2cccc(Oc3cccc(C(F)(F)F)c3)c2)nc1C,345.32,4.97,47.9,0,4,3,3,1,<rdkit.Chem.rdchem.Mol object at 0x000001CB2749BB50>,False,False
TRZ03748,Cc1nnc(C2=CCC(C)(c3nnc(-c4ccccc4C(F)(F)F)n3C)CC2)nc1C,428.46,4.83,69.38,0,5,3,3,1,<rdkit.Chem.rdchem.Mol object at 0x000001CB2749BBC0>,False,False
TRZ03749,Cc1nnc(C2C(=O)Nc3ccc(Br)c(-c4cccc(F)c4)c32)nc1C,413.25,4.14,67.77,1,4,2,3,1,<rdkit.Chem.rdchem.Mol object at 0x000001CB2749BC30>,False,False
TRZ03750,Cc1nnc(C(C)c2ccc(F)cc2)nc1C,231.27,2.78,38.67,0,3,2,2,1,<rdkit.Chem.rdchem.Mol object at 0x000001CB2749BCA0>,False,False
TRZ03751,Cc1nnc(C2C(=O)Nc3ccc(F)cc32)nc1C,258.26,1.71,67.77,1,4,1,2,1,<rdkit.Chem.rdchem.Mol object at 0x000001CB2749BD10>,False,False
TRZ03752,Cc1nnc(C2C(=O)Nc3ccc(OC(F)(F)F)cc32)nc1C,324.26,2.47,77.0,1,5,2,2,1,<rdkit.Chem.rdchem.Mol object at 0x000001CB2749BD80>,False,False
TRZ03753,Cc1nnc(C2C(=O)Nc3cccc(-c4cccc(F)c4)c32)nc1C,334.35,3.38,67.77,1,4,2,3,1,<rdkit.Chem.rdchem.Mol object at 0x000001CB2749BDF0>,False,False
TRZ03754,Cc1nnc(C(F)(F)c2ccc(F)cc2)nc1C,253.23,2.77,38.67,0,3,2,2,1,<rdkit.Chem.rdchem.Mol object at 0x000001CB2749BE60>,False,False
TRZ03757,Cc1nnc(-c2cc(C(=O)O)c(=O)n(-c3cccc(C(F)(F)F)c3)c2C)nc1C,404.35,3.33,97.97,1,5,3,3,1,<rdkit.Chem.rdchem.Mol object at 0x000001CB2749BED0>,False,False
TRZ03758,Cc1nnc(C(C)(C)N(C)S(=O)(=O)c2ccc(C(F)(F)F)cc2Cl)nc1C,422.86,3.72,76.05,0,5,4,2,1,<rdkit.Chem.rdchem.Mol object at 0x000001CB2749BF40>,False,False
TRZ03759,Cc1nnc(CC(C)N(C)S(=O)(=O)c2ccc(C(F)(F)F)cc2Cl)nc1C,422.86,3.41,76.05,0,5,5,2,1,<rdkit.Chem.rdchem.Mol object at 0x000001CB2749C040>,False,False
TRZ03762,Cc1nnc(C(C)CN(C)S(=O)(=O)c2ccc(C(F)(F)F)cc2Cl)nc1C,422.86,3.58,76.05,0,5,5,2,1,<rdkit.Chem.rdchem.Mol object at 0x000001CB2749C0B0>,False,False
TRZ03764,Cc1cc(-c2nnc(C)c(C)n2)c2cc(F)ccc2n1,268.3,3.15,51.56,0,4,1,3,1,<rdkit.Chem.rdchem.Mol object at 0x000001CB2749C120>,False,False
TRZ03765,Cc1nnc(-c2cc(C(F)(F)F)nn2-c2cccc(CNC[C@H](C)C(=O)OC(C)(C)C)c2)nc1C,490.53,4.43,94.82,1,7,7,3,1,<rdkit.Chem.rdchem.Mol object at 0x000001CB2749C190>,False,False
TRZ03767,Cc1ccc(S(=O)(=O)N2[C@@H](CCc3nnc(C)c(C)n3)CC[C@H]2c2ccc(F)cc2)cc1,454.57,4.46,76.05,0,5,6,3,1,<rdkit.Chem.rdchem.Mol object at 0x000001CB2749C200>,False,False
TRZ03768,Cc1ccc(S(=O)(=O)N2C(CCc3nnc(C)c(C)n3)CCC2c2ccc(F)cc2)cc1,454.57,4.46,76.05,0,5,6,3,1,<rdkit.Chem.rdchem.Mol object at 0x000001CB2749C270>,False,False
TRZ03769,Cc1ccc(S(=O)(=O)N2C(c3ccc(F)cc3)CCC2c2nnc(C)c(C)n2)cc1,426.52,4.2,76.05,0,5,4,3,1,<rdkit.Chem.rdchem.Mol object at 0x000001CB2749C2E0>,False,False
TRZ03770,Cc1ccc(S(=O)(=O)N2C(c3ccc(F)cc3)CCC2C(C)Cc2nnc(C)c(C)n2)cc1,468.6,4.71,76.05,0,5,6,3,1,<rdkit.Chem.rdchem.Mol object at 0x000001CB2749C350>,False,False
TRZ03771,Cc1nnc(-c2csc(-c3ccc(F)cc3)c2)nc1C,285.35,4.02,38.67,0,4,2,3,1,<rdkit.Chem.rdchem.Mol object at 0x000001CB2749C3C0>,False,False
TRZ03772,Cc1nnc(C2C(=O)Nc3cccc(-c4ccc(F)cc4)c32)nc1C,334.35,3.38,67.77,1,4,2,3,1,<rdkit.Chem.rdchem.Mol object at 0x000001CB2749C430>,False,False
TRZ03774,Cc1nnc(-c2cc(O)cc(Oc3cccc(C(F)(F)F)c3)c2)nc1C,361.32,4.67,68.13,1,5,3,3,1,<rdkit.Chem.rdchem.Mol object at 0x000001CB2749C4A0>,False,False
TRZ03775,Cc1nnc(C(CCC(C)(C)F)CC(O)C(N)Cc2ccccc2)nc1C,374.5,3.42,84.92,2,5,9,2,1,<rdkit.Chem.rdchem.Mol object at 0x000001CB2749C510>,False,False
TRZ03776,Cc1nnc(-c2c(-c3ccc(Cl)cc3)[nH]c3c(F)cccc3c2=O)nc1C,380.81,4.46,71.53,1,4,2,4,1,<rdkit.Chem.rdchem.Mol object at 0x000001CB2749C580>,False,False
TRZ03777,Cc1nnc(-c2nccc(Cl)c2C(F)(F)F)nc1C,288.66,3.22,51.56,0,4,1,2,1,<rdkit.Chem.rdchem.Mol object at 0x000001CB2749C5F0>,False,False
TRZ03778,Cc1nnc(C(=O)c2c(F)cccc2F)nc1C,249.22,2.0,55.74,0,4,2,2,1,<rdkit.Chem.rdchem.Mol object at 0x000001CB2749C660>,False,False
TRZ03779,Cc1nnc(CCC(=O)NC2CCCCN2Cc2ccc(F)c(F)c2)nc1C,389.45,2.83,71.01,1,5,6,2,1,<rdkit.Chem.rdchem.Mol object at 0x000001CB2749C6D0>,False,False
TRZ03780,Cc1nnc(-c2cnc(-c3ccccc3C(F)(F)F)[nH]2)nc1C,319.29,3.56,67.35,1,4,2,3,1,<rdkit.Chem.rdchem.Mol object at 0x000001CB2749C740>,False,False
TRZ03781,Cc1nnc([C@@](C)(Cc2ccc(F)cc2)NC(=O)OC(C)(C)C)nc1C,360.43,3.61,77.0,1,5,4,2,1,<rdkit.Chem.rdchem.Mol object at 0x000001CB2749C7B0>,False,False
TRZ03782,Cc1nnc(C(C(N)=O)c2ccc(OCc3cccc(F)c3)cc2)nc1C,366.4,2.82,90.99,1,5,6,3,1,<rdkit.Chem.rdchem.Mol object at 0x000001CB2749C820>,False,False
TRZ03783,Cc1nnc(C2=CNC(C3CC3)N2c2ccc(C(F)(F)F)cc2)nc1C,361.37,3.65,53.94,1,5,3,2,1,<rdkit.Chem.rdchem.Mol object at 0x000001CB2749C890>,False,False
TRZ03784,Cc1nnc(C(O)c2cc(F)cc(F)c2)nc1C,251.24,1.85,58.9,1,4,2,2,1,<rdkit.Chem.rdchem.Mol object at 0x000001CB2749C900>,False,False
TRZ03785,COCC(C)Oc1c(F)cc(-c2nnc(C)c(C)n2)cc1F,309.32,2.85,57.13,0,5,5,2,1,<rdkit.Chem.rdchem.Mol object at 0x000001CB2749C970>,False,False
TRZ03787,CCOc1ccc(-c2nnc(C)c(C)n2)cc1F,247.27,2.69,47.9,0,4,3,2,1,<rdkit.Chem.rdchem.Mol object at 0x000001CB2749C9E0>,False,False
TRZ03788,Cc1nnc(-c2ccc(OCF)cc2)nc1C,233.25,2.46,47.9,0,4,3,2,1,<rdkit.Chem.rdchem.Mol object at 0x000001CB2749CA50>,False,False
TRZ03789,COc1c(F)cc(-c2nnc(C)c(C)n2)cc1F,251.24,2.44,47.9,0,4,2,2,1,<rdkit.Chem.rdchem.Mol object at 0x000001CB2749CAC0>,False,False
TRZ03790,Cc1nnc(-c2ccc(OCF)c(F)c2)nc1C,251.24,2.6,47.9,0,4,3,2,1,<rdkit.Chem.rdchem.Mol object at 0x000001CB2749CB30>,False,False
TRZ03791,Cc1nnc(-c2ccc(OC(F)F)c(F)c2)nc1C,269.23,2.9,47.9,0,4,3,2,1,<rdkit.Chem.rdchem.Mol object at 0x000001CB2749CBA0>,False,False
TRZ03792,Cc1nnc(-c2cn(Cc3cccc(C#N)c3)c3ccc(F)cc23)nc1C,357.39,4.17,67.39,0,4,3,4,1,<rdkit.Chem.rdchem.Mol object at 0x000001CB2749CC10>,False,False
TRZ03793,Cc1nnc(-c2cn(C)c3ccc(F)cc23)nc1C,256.28,2.79,43.6,0,3,1,3,1,<rdkit.Chem.rdchem.Mol object at 0x000001CB2749CC80>,False,False
TRZ03794,Cc1nnc(-c2cn(CCCOCc3ccccc3)c3ccc(F)cc23)nc1C,390.46,4.86,52.83,0,4,7,4,1,<rdkit.Chem.rdchem.Mol object at 0x000001CB2749CCF0>,False,False
TRZ03795,Cc1nnc(-c2cn(C)c3cccc(F)c23)nc1C,256.28,2.79,43.6,0,3,1,3,1,<rdkit.Chem.rdchem.Mol object at 0x000001CB2749CD60>,False,False
TRZ03796,Cc1nnc(-c2c(-c3ccc(Cl)cc3)[nH]c3c(F)c(F)c(F)cc3c2=O)nc1C,416.79,4.73,71.53,1,4,2,4,1,<rdkit.Chem.rdchem.Mol object at 0x000001CB2749CDD0>,False,False
TRZ03798,Cc1cc(F)c2[nH]c(-c3ccc(Cl)cc3)c(-c3nnc(C)c(C)n3)c(=O)c2c1,394.84,4.76,71.53,1,4,2,4,1,<rdkit.Chem.rdchem.Mol object at 0x000001CB2749CE40>,False,False
TRZ03799,Cc1nc(C(=O)N2CCCC[C@@H]2Cc2nnc(C)c(C)n2)c(-c2ccc(F)cc2)s1,425.53,4.3,71.87,0,6,4,3,1,<rdkit.Chem.rdchem.Mol object at 0x000001CB2749CEB0>,False,False
TRZ03800,CC1=CSC(c2nnc(C)c(C)n2)(c2cnccc2C(F)(F)F)N1,353.37,3.3,63.59,1,6,2,2,1,<rdkit.Chem.rdchem.Mol object at 0x000001CB2749CF20>,False,False
TRZ03801,CC(=O)N[C@H]1OC(=O)N(c2ccc(-c3nnc(C)c(C)n3)c(F)c2)C1C,359.36,2.1,97.31,1,6,3,2,1,<rdkit.Chem.rdchem.Mol object at 0x000001CB2749CF90>,False,False
TRZ03802,Cc1nnc(C2C=CC=CC2(OCc2ccccc2)C(F)(F)F)nc1C,361.37,4.22,47.9,0,4,4,2,1,<rdkit.Chem.rdchem.Mol object at 0x000001CB2749D000>,False,False
TRZ03803,Cc1nnc(-c2cccc(OCc3ccccc3)c2C(F)(F)F)nc1C,359.35,4.75,47.9,0,4,4,3,1,<rdkit.Chem.rdchem.Mol object at 0x000001CB2749D070>,False,False
TRZ03804,Cc1nnc(Cc2ccc(OC(F)(F)F)cc2)nc1C,283.25,2.98,47.9,0,4,3,2,1,<rdkit.Chem.rdchem.Mol object at 0x000001CB2749D0E0>,False,False
TRZ03805,Cc1nnc(C(NC(=O)OC(C)(C)C)c2cccc(C(F)(F)F)c2)nc1C,382.39,4.12,77.0,1,5,3,2,1,<rdkit.Chem.rdchem.Mol object at 0x000001CB2749D150>,False,False
TRZ03806,Cc1nnc(Cn2nc(-c3ccc(Cl)cc3)n(C[C@H](O)C(F)(F)F)c2=O)nc1C,428.8,2.14,98.72,1,6,5,3,1,<rdkit.Chem.rdchem.Mol object at 0x000001CB2749D1C0>,False,False
TRZ03807,Cc1nnc(Cn2nc(-c3ccc(Cl)cc3)n(CCC(F)(F)F)c2=O)nc1C,412.8,3.17,78.49,0,5,5,3,1,<rdkit.Chem.rdchem.Mol object at 0x000001CB2749D230>,False,False
TRZ03808,Cc1nnc(Cn2nc(-c3ccc(Cl)cc3)n(C[C@@H](O)C(F)(F)F)c2=O)nc1C,428.8,2.14,98.72,1,6,5,3,1,<rdkit.Chem.rdchem.Mol object at 0x000001CB2749D2A0>,False,False
TRZ03809,Cc1nnc(Cn2nc(-c3ccc(Cl)s3)n(Cc3ccccc3F)c2=O)nc1C,430.9,3.46,78.49,0,6,5,4,1,<rdkit.Chem.rdchem.Mol object at 0x000001CB2749D310>,False,False
TRZ03810,Cc1nnc(Cn2nc(-c3ccc(Cl)cc3)n(CC(O)C(F)(F)F)c2=O)nc1C,428.8,2.14,98.72,1,6,5,3,1,<rdkit.Chem.rdchem.Mol object at 0x000001CB2749D380>,False,False
TRZ03811,Cc1nnc(-c2ncccc2C(F)(F)F)nc1C,254.21,2.57,51.56,0,4,1,2,1,<rdkit.Chem.rdchem.Mol object at 0x000001CB2749D3F0>,False,False
TRZ03812,COc1cc(-c2nnc(C)c(C)n2)cc(OC)c1OCc1ccc(OC(F)(F)F)cc1,435.4,4.65,75.59,0,7,7,3,1,<rdkit.Chem.rdchem.Mol object at 0x000001CB2749D460>,False,False
TRZ03813,COc1cc(OCCNCc2ccc(C(F)(F)F)cc2)ccc1-c1nnc(C)c(C)n1,432.45,4.35,69.16,1,6,8,3,1,<rdkit.Chem.rdchem.Mol object at 0x000001CB2749D4D0>,False,False
TRZ03815,Cc1nnc(-c2ccc(C(C)C(O)(Cn3cncn3)c3ccc(F)cc3F)cn2)nc1C,437.45,3.11,102.5,1,7,6,4,1,<rdkit.Chem.rdchem.Mol object at 0x000001CB2749D540>,False,False
TRZ03816,Cc1nnc(-c2cc(C(C)C(O)(Cn3cncn3)c3ccc(F)cc3F)ccn2)nc1C,437.45,3.11,102.5,1,7,6,4,1,<rdkit.Chem.rdchem.Mol object at 0x000001CB2749D5B0>,False,False
TRZ03817,Cc1nnc(C2CCCCC2(C#N)c2ccc(OC(F)F)c(OC(F)F)c2)nc1C,424.4,4.81,80.92,0,6,6,2,1,<rdkit.Chem.rdchem.Mol object at 0x000001CB2749D620>,False,False
TRZ03818,Cc1nnc(-c2c[nH]c3ccc(CF)cc23)nc1C,256.28,3.11,54.46,1,3,2,3,1,<rdkit.Chem.rdchem.Mol object at 0x000001CB2749D690>,False,False
TRZ03819,Cc1nnc(-c2nc3c(=O)[nH]c4cc(C(F)(F)F)ccc4n3c2Cn2ccnc2)nc1C,440.39,2.91,106.65,1,6,3,5,1,<rdkit.Chem.rdchem.Mol object at 0x000001CB2749D700>,False,False
TRZ03820,CCCN(C(=O)OC(C)(C)C)n1cc(-c2nnc(C)c(C)n2)c2cc(F)ccc21,399.47,4.53,73.14,0,5,4,3,1,<rdkit.Chem.rdchem.Mol object at 0x000001CB2749D770>,False,False
TRZ03822,Cc1nnc(-c2[nH]c3c(F)cccc3c2-c2ccccc2)nc1C,318.36,4.44,54.46,1,3,2,4,1,<rdkit.Chem.rdchem.Mol object at 0x000001CB2749D7E0>,False,False
TRZ03825,Cc1nnc(C2CCC(C3NOc4cc(F)ccc43)CC2)nc1C,328.39,3.54,59.93,1,5,2,2,1,<rdkit.Chem.rdchem.Mol object at 0x000001CB2749D850>,False,False
TRZ03826,Cc1nnc(Cc2c(Cl)cc(C(F)(F)F)cc2Cl)nc1C,336.14,4.4,38.67,0,3,2,2,1,<rdkit.Chem.rdchem.Mol object at 0x000001CB2749D8C0>,False,False
TRZ03827,Cc1nnc(Cc2c(Cl)cc(OC(F)(F)F)cc2Cl)nc1C,352.14,4.28,47.9,0,4,3,2,1,<rdkit.Chem.rdchem.Mol object at 0x000001CB2749D930>,False,False
TRZ03828,Cc1nnc(Cc2c(Cl)cc(C(F)(F)F)cc2Br)nc1C,380.6,4.51,38.67,0,3,2,2,1,<rdkit.Chem.rdchem.Mol object at 0x000001CB2749D9A0>,False,False
TRZ03829,Cc1nnc(C(F)(F)Cc2ccncc2)nc1C,250.25,2.22,51.56,0,4,3,2,1,<rdkit.Chem.rdchem.Mol object at 0x000001CB2749DA10>,False,False
TRZ03830,Cc1nnc([C@H](CCO)c2ccc(F)cc2)nc1C,261.3,2.14,58.9,1,4,4,2,1,<rdkit.Chem.rdchem.Mol object at 0x000001CB2749DA80>,False,False
TRZ03831,Cc1nnc([C@@H](CCO)c2ccc(F)cc2)nc1C,261.3,2.14,58.9,1,4,4,2,1,<rdkit.Chem.rdchem.Mol object at 0x000001CB2749DAF0>,False,False
TRZ03832,Cc1nnc(CC(C)(O)c2ccc(F)cc2)nc1C,261.3,2.08,58.9,1,4,3,2,1,<rdkit.Chem.rdchem.Mol object at 0x000001CB2749DB60>,False,False
TRZ03833,CCC(O)(c1ccc(F)cc1)c1nnc(C)c(C)n1,261.3,2.27,58.9,1,4,3,2,1,<rdkit.Chem.rdchem.Mol object at 0x000001CB2749DBD0>,False,False
TRZ03834,Cc1nnc(-c2cccnc2Oc2ccc(F)cc2)nc1C,296.31,3.48,60.79,0,5,3,3,1,<rdkit.Chem.rdchem.Mol object at 0x000001CB2749DC40>,False,False
TRZ03835,Cc1nnc(C2(C)Oc3c(F)cc(F)cc3C2F)nc1C,295.26,3.09,47.9,0,4,1,2,1,<rdkit.Chem.rdchem.Mol object at 0x000001CB2749DCB0>,False,False
TRZ03836,Cc1nnc(C(C)(C)Oc2ccc(N)c(F)c2)nc1C,276.31,2.52,73.92,1,5,3,2,1,<rdkit.Chem.rdchem.Mol object at 0x000001CB2749DD20>,False,False
TRZ03838,Cc1cc(Oc2cccc(C(F)(F)F)c2)nc(-c2nnc(C)c(C)n2)c1,360.34,4.67,60.79,0,5,3,3,1,<rdkit.Chem.rdchem.Mol object at 0x000001CB2749DD90>,False,False
TRZ03839,Cc1ccc(Oc2cccc(-c3nnc(C)c(C)n3)n2)cc1C(F)(F)F,360.34,4.67,60.79,0,5,3,3,1,<rdkit.Chem.rdchem.Mol object at 0x000001CB2749DE00>,False,False
TRZ03840,CCNc1cc(Oc2cccc(C(F)(F)F)c2)nc(-c2nnc(C)c(C)n2)c1,389.38,4.79,72.82,1,6,5,3,1,<rdkit.Chem.rdchem.Mol object at 0x000001CB2749DE70>,False,False
TRZ03841,COc1cc(Oc2cccc(C(F)(F)F)c2)nc(-c2nnc(C)c(C)n2)c1,376.34,4.37,70.02,0,6,4,3,1,<rdkit.Chem.rdchem.Mol object at 0x000001CB2749DEE0>,False,False
TRZ03842,COc1ccc(Oc2cccc(-c3nnc(C)c(C)n3)n2)cc1C(F)(F)F,376.34,4.37,70.02,0,6,4,3,1,<rdkit.Chem.rdchem.Mol object at 0x000001CB2749DF50>,False,False
TRZ03843,Cc1nnc(-c2cc(N(C)C)cc(Oc3cccc(C(F)(F)F)c3)n2)nc1C,389.38,4.43,64.03,0,6,4,3,1,<rdkit.Chem.rdchem.Mol object at 0x000001CB2749DFC0>,False,False
TRZ03844,Cc1nnc(-c2cccc(Oc3ccc(N(C)C)c(C(F)(F)F)c3)n2)nc1C,389.38,4.43,64.03,0,6,4,3,1,<rdkit.Chem.rdchem.Mol object at 0x000001CB2749E030>,False,False
TRZ03847,Cc1cc(Oc2cccc(C(F)(F)F)c2)nc(-c2nnc(C)c(C)n2)c1S,392.41,4.96,60.79,1,6,3,3,1,<rdkit.Chem.rdchem.Mol object at 0x000001CB2749E0A0>,False,False
TRZ03848,COc1cc(Oc2cccc(OC(F)(F)F)c2)nc(-c2nnc(C)c(C)n2)c1,392.34,4.25,79.25,0,7,5,3,1,<rdkit.Chem.rdchem.Mol object at 0x000001CB2749E110>,False,False
TRZ03849,Cc1nnc([C@@H]2OC(C)(C)O[C@H]2C(=O)NCC2CCN(c3ccc(F)cc3C#N)CC2)nc1C,468.53,2.72,113.26,1,8,5,2,1,<rdkit.Chem.rdchem.Mol object at 0x000001CB2749E180>,False,False
TRZ03850,COC[C@@H](C)Oc1c(F)cc(-c2nnc(C)c(C)n2)cc1F,309.32,2.85,57.13,0,5,5,2,1,<rdkit.Chem.rdchem.Mol object at 0x000001CB2749E1F0>,False,False
TRZ03851,Cc1nnc(-c2ccc(C3=CC=C(F)CC3C)nn2)nc1C,297.34,3.22,64.45,0,5,2,2,1,<rdkit.Chem.rdchem.Mol object at 0x000001CB2749E260>,False,False
TRZ03852,Cc1nnc(Cc2c(C)n(Cc3ccccc3)c3ccc(F)cc23)nc1C,360.44,4.53,43.6,0,3,4,4,1,<rdkit.Chem.rdchem.Mol object at 0x000001CB2749E2D0>,False,False
TRZ03853,CC(=O)N1C(=O)NC2(CC(c3nnc(C)c(C)n3)Oc3ccc(F)cc32)C1=O,385.36,1.44,114.38,1,7,1,2,1,<rdkit.Chem.rdchem.Mol object at 0x000001CB2749E340>,False,False
TRZ03854,Cc1nnc(C2CC3(NC(=O)N(c4ccc(Cl)cc4)C3=O)c3cc(F)ccc3O2)nc1C,453.86,3.76,97.31,1,6,2,3,1,<rdkit.Chem.rdchem.Mol object at 0x000001CB2749E3B0>,False,False
TRZ03855,Cc1nnc(CCCN2CCNCC2c2cccc(C(F)(F)F)c2)nc1C,379.43,3.09,53.94,1,5,5,2,1,<rdkit.Chem.rdchem.Mol object at 0x000001CB2749E420>,False,False
TRZ03856,Cc1nnc(CCCN2CCN(c3cccc(C(F)(F)F)c3)CC2)nc1C,379.43,3.26,45.15,0,5,5,2,1,<rdkit.Chem.rdchem.Mol object at 0x000001CB2749E490>,False,False
TRZ03857,CCC(c1nnc(C)c(C)n1)N1CCN(c2cccc(C(F)(F)F)c2)CC1,379.43,3.78,45.15,0,5,4,2,1,<rdkit.Chem.rdchem.Mol object at 0x000001CB2749E500>,False,False
TRZ03859,Cc1nnc(-c2ccc(Oc3ccc(N)cc3)cc2)nc1C,292.34,3.53,73.92,1,5,3,3,1,<rdkit.Chem.rdchem.Mol object at 0x000001CB2749E570>,False,False
TRZ03861,Cc1nnc(/C=C\n2cnc(-c3cc(OC(C)C)cc(C(F)(F)F)c3)n2)nc1C,404.4,4.18,78.61,0,6,5,3,1,<rdkit.Chem.rdchem.Mol object at 0x000001CB2749E650>,False,False
TRZ03862,Cc1nnc(C=Cn2cnc(-c3cc(OC(C)C)cc(C(F)(F)F)c3)n2)nc1C,404.4,4.18,78.61,0,6,5,3,1,<rdkit.Chem.rdchem.Mol object at 0x000001CB2749E6C0>,False,False
TRZ03863,COc1cc(-c2ncn(/C=C\c3nnc(C)c(C)n3)n2)cc(C(F)(F)F)c1,376.34,3.4,78.61,0,6,4,3,1,<rdkit.Chem.rdchem.Mol object at 0x000001CB2749E730>,False,False
TRZ03864,COc1cc(-c2ncn(C=Cc3nnc(C)c(C)n3)n2)cc(C(F)(F)F)c1,376.34,3.4,78.61,0,6,4,3,1,<rdkit.Chem.rdchem.Mol object at 0x000001CB2749E7A0>,False,False
TRZ03865,Cc1nnc(/C=C\n2cnc(-c3cc(Cl)cc(OC(F)(F)F)c3)n2)nc1C,396.76,3.93,78.61,0,6,4,3,1,<rdkit.Chem.rdchem.Mol object at 0x000001CB2749E810>,False,False
TRZ03866,Cc1nnc(C=Cn2cnc(-c3cc(Cl)cc(OC(F)(F)F)c3)n2)nc1C,396.76,3.93,78.61,0,6,4,3,1,<rdkit.Chem.rdchem.Mol object at 0x000001CB2749E880>,False,False
TRZ03867,Cc1nnc(/C=C\n2cnc(-c3cc(C(F)(F)F)cc(S(C)(=O)=O)c3)n2)nc1C,424.41,2.8,103.52,0,7,4,3,1,<rdkit.Chem.rdchem.Mol object at 0x000001CB2749E8F0>,False,False
TRZ03868,Cc1nnc(C=Cn2cnc(-c3cc(C(F)(F)F)cc(S(C)(=O)=O)c3)n2)nc1C,424.41,2.8,103.52,0,7,4,3,1,<rdkit.Chem.rdchem.Mol object at 0x000001CB2749E960>,False,False
TRZ03869,Cc1ccc(-c2nnc(C)c(C)n2)cc1C#Cc1cnc2ccc(F)cc2c1,368.42,4.55,51.56,0,4,1,4,1,<rdkit.Chem.rdchem.Mol object at 0x000001CB2749E9D0>,False,False
TRZ03870,Cc1nnc(/C=C\n2cnc(-c3cc(C#N)cc(C(F)(F)F)c3)n2)nc1C,371.33,3.27,93.17,0,6,3,3,1,<rdkit.Chem.rdchem.Mol object at 0x000001CB2749EA40>,False,False
TRZ03871,Cc1nnc(C=Cn2cnc(-c3cc(C#N)cc(C(F)(F)F)c3)n2)nc1C,371.33,3.27,93.17,0,6,3,3,1,<rdkit.Chem.rdchem.Mol object at 0x000001CB2749EAB0>,False,False
TRZ03872,Cc1nnc(-c2ccnc(NCC(F)(F)F)c2)nc1C,283.26,2.52,63.59,1,5,3,2,1,<rdkit.Chem.rdchem.Mol object at 0x000001CB2749EB20>,False,False
TRZ03873,Cc1nnc(-c2cc(Oc3ccc(F)cc3Cl)ccc2[N+](=O)[O-])nc1C,374.76,4.65,91.04,0,6,4,3,1,<rdkit.Chem.rdchem.Mol object at 0x000001CB2749EB90>,False,False
TRZ03875,Cc1nnc(-c2c(C(N)=O)cccc2C(F)(F)F)nc1C,296.25,2.27,81.76,1,4,2,2,1,<rdkit.Chem.rdchem.Mol object at 0x000001CB2749EC70>,False,False
TRZ03878,Cc1nnc(-c2cc(C(F)(F)F)nc3ccccc23)nc1C,304.28,3.72,51.56,0,4,1,3,1,<rdkit.Chem.rdchem.Mol object at 0x000001CB2749ECE0>,False,False
TRZ03880,Cc1nnc(-c2cc(Br)ccc2OC(F)(F)F)nc1C,348.12,3.82,47.9,0,4,2,2,1,<rdkit.Chem.rdchem.Mol object at 0x000001CB2749ED50>,False,False
TRZ03883,Cc1nnc(C=Cn2cnc(-c3cc(OC(C)C)nc(C(F)(F)F)c3)n2)nc1C,405.38,3.58,91.5,0,7,5,3,1,<rdkit.Chem.rdchem.Mol object at 0x000001CB2749EDC0>,False,False
TRZ03885,Cc1cc(-c2ncn(/C=C\c3nnc(C)c(C)n3)n2)cc(C(F)(F)F)c1,360.34,3.7,69.38,0,5,3,3,1,<rdkit.Chem.rdchem.Mol object at 0x000001CB2749EE30>,False,False
TRZ03886,Cc1nnc(-c2ccc3c(c2)C(c2ccc(F)cc2F)=CCC3)nc1C,349.38,4.81,38.67,0,3,2,3,1,<rdkit.Chem.rdchem.Mol object at 0x000001CB2749EEA0>,False,False
TRZ03887,COc1ccc(C2=CCCc3ccc(-c4nnc(C)c(C)n4)cc32)c(F)c1,361.42,4.68,47.9,0,4,3,3,1,<rdkit.Chem.rdchem.Mol object at 0x000001CB2749EF10>,False,False
TRZ03888,Cc1nnc(-c2ccc3c(c2)C(c2ccc(F)c(F)c2F)=CCC3)nc1C,367.37,4.95,38.67,0,3,2,3,1,<rdkit.Chem.rdchem.Mol object at 0x000001CB2749EF80>,False,False
TRZ03889,Cc1nnc(-c2ccc3c(c2)C(c2ccc(F)c(F)c2)=CCC3)nc1C,349.38,4.81,38.67,0,3,2,3,1,<rdkit.Chem.rdchem.Mol object at 0x000001CB2749EFF0>,False,False
TRZ03891,Cc1nnc(-c2ccc3c(c2)C(c2c(F)cccc2F)=CCO3)nc1C,351.36,4.26,47.9,0,4,2,3,1,<rdkit.Chem.rdchem.Mol object at 0x000001CB2749F060>,False,False
TRZ03892,Cc1nnc(-c2cc(F)c(NC3CCCCC3)cc2NC(C)C)nc1C,357.48,4.86,62.73,2,5,5,2,1,<rdkit.Chem.rdchem.Mol object at 0x000001CB2749F0D0>,False,False
TRZ03894,Cc1nnc(-c2cc(F)c(F)cc2NC2CCCC2)nc1C,304.34,3.79,50.7,1,4,3,2,1,<rdkit.Chem.rdchem.Mol object at 0x000001CB2749F140>,False,False
TRZ03895,Cc1nnc(-c2cc(F)c(NCC3CC3)cc2NC2CCCC2)nc1C,355.46,4.47,62.73,2,5,6,2,1,<rdkit.Chem.rdchem.Mol object at 0x000001CB2749F1B0>,False,False
TRZ03896,Cc1nnc(-c2ccc(N3CC(Cc4ccccc4CF)C3)nn2)nc1C,364.43,3.09,67.69,0,6,5,3,1,<rdkit.Chem.rdchem.Mol object at 0x000001CB2749F220>,False,False
TRZ03897,CCCCOc1ccc(-c2nnc(C)c(C)n2)c(C(F)(F)F)c1,325.33,4.35,47.9,0,4,5,2,1,<rdkit.Chem.rdchem.Mol object at 0x000001CB2749F290>,False,False
TRZ03898,Cc1nnc(-c2cc(NC(=O)OC(C)(C)C)c(F)cc2F)nc1C,336.34,3.78,77.0,1,5,2,2,1,<rdkit.Chem.rdchem.Mol object at 0x000001CB2749F300>,False,False
TRZ03899,Cc1nnc(-c2ccc(C#Cc3cccc(F)c3)cc2)nc1C,303.34,3.69,38.67,0,3,1,3,1,<rdkit.Chem.rdchem.Mol object at 0x000001CB2749F370>,False,False
TRZ03900,Cc1cccc(C(F)(F)c2nnc(C)c(C)n2)c1,249.26,2.94,38.67,0,3,2,2,1,<rdkit.Chem.rdchem.Mol object at 0x000001CB2749F3E0>,False,False
TRZ03901,Cc1nnc(-c2ccc3c(c2)C[C@H]2CC[C@@H](C3)[C@]23CN(CC(F)(F)F)S(=O)(=O)N3)nc1C,467.52,2.73,88.08,1,5,2,2,1,<rdkit.Chem.rdchem.Mol object at 0x000001CB2749F450>,False,False
TRZ03903,Cc1ccc([N+](=O)[O-])c(NC(=O)c2nnc(C)c(C)n2)c1F,305.27,2.1,110.91,1,6,3,2,1,<rdkit.Chem.rdchem.Mol object at 0x000001CB2749F4C0>,False,False
TRZ03905,Cc1nnc(-c2ccc(-c3cc(C(F)(F)F)nn3CCN3CCCCC3)cc2)nc1C,430.48,4.52,59.73,0,5,5,3,1,<rdkit.Chem.rdchem.Mol object at 0x000001CB2749F530>,False,False
TRZ03906,Cc1nnc(-c2ccc(-c3ccc(C(F)(F)F)cc3)cc2)nc1C,329.32,4.84,38.67,0,3,2,3,1,<rdkit.Chem.rdchem.Mol object at 0x000001CB2749F5A0>,False,False
TRZ03907,Cc1nnc(Cc2ccc(-c3ccc(C(F)(F)F)cc3)cc2)nc1C,343.35,4.77,38.67,0,3,3,3,1,<rdkit.Chem.rdchem.Mol object at 0x000001CB2749F610>,False,False
TRZ03909,CCn1nc(C(F)(F)F)c(C)c1C(=O)Nc1c(C)cc(Cl)cc1-c1nnc(C)c(C)n1,452.87,4.91,85.59,1,5,4,3,1,<rdkit.Chem.rdchem.Mol object at 0x000001CB2749F680>,False,False
TRZ03910,COc1ccc(Cn2nc(C(F)(F)F)cc2-c2nnc(C)c(C)n2)cc1,363.34,3.43,65.72,0,5,4,3,1,<rdkit.Chem.rdchem.Mol object at 0x000001CB2749F6F0>,False,False
TRZ03911,Cc1nnc(-c2c(-c3ccc(F)cc3)nn3cnccc23)nc1C,320.33,3.0,68.86,0,5,2,4,1,<rdkit.Chem.rdchem.Mol object at 0x000001CB2749F760>,False,False
TRZ03912,Cc1nnc(-c2c(-c3ccc(F)cc3)nn3ccccc23)nc1C,319.34,3.61,55.97,0,4,2,4,1,<rdkit.Chem.rdchem.Mol object at 0x000001CB2749F7D0>,False,False
TRZ03914,Cc1nnc(-c2cnc(OCC(F)(F)F)c(-c3ccc(Cl)c(F)c3)c2)nc1C,412.77,4.95,60.79,0,5,4,3,1,<rdkit.Chem.rdchem.Mol object at 0x000001CB2749F840>,False,False
TRZ03915,Cc1nnc(C=Cc2ccc(F)cc2)nc1C,229.26,2.8,38.67,0,3,2,2,1,<rdkit.Chem.rdchem.Mol object at 0x000001CB2749F8B0>,False,False
TRZ03916,Cc1nnc(-c2ccc(C(F)(F)F)cn2)nc1C,254.21,2.57,51.56,0,4,1,2,1,<rdkit.Chem.rdchem.Mol object at 0x000001CB2749F920>,False,False
TRZ03917,Cc1nnc(-c2cc([N+](=O)[O-])cc(C(F)(F)F)c2)nc1C,298.22,3.08,81.81,0,5,2,2,1,<rdkit.Chem.rdchem.Mol object at 0x000001CB2749F990>,False,False
TRZ03918,Cc1nnc(-c2ccc(F)c(Cl)c2)nc1C,237.66,2.95,38.67,0,3,1,2,1,<rdkit.Chem.rdchem.Mol object at 0x000001CB2749FA00>,False,False
TRZ03919,Cc1nnc([C@@H]2C[C@H]2c2ccc(F)c(F)c2)nc1C,261.27,3.04,38.67,0,3,2,2,1,<rdkit.Chem.rdchem.Mol object at 0x000001CB2749FA70>,False,False
TRZ03920,Cc1nnc(C=Cc2cccc(F)c2)nc1C,229.26,2.8,38.67,0,3,2,2,1,<rdkit.Chem.rdchem.Mol object at 0x000001CB2749FAE0>,False,False
TRZ03921,COc1cccc(-c2nnc(C)c(C)n2)c1F,233.25,2.3,47.9,0,4,2,2,1,<rdkit.Chem.rdchem.Mol object at 0x000001CB2749FB50>,False,False
TRZ03922,Cc1nnc(-c2cc3cc(C(F)(F)F)ccc3s2)nc1C,309.32,4.39,38.67,0,4,1,3,1,<rdkit.Chem.rdchem.Mol object at 0x000001CB2749FBC0>,False,False
TRZ03925,Cc1nnc(-c2cnc3ccc(N4CCCC4c4cccc(F)c4)nn23)nc1C,389.44,3.68,72.1,0,6,3,4,1,<rdkit.Chem.rdchem.Mol object at 0x000001CB2749FC30>,False,False
TRZ03926,Cc1nnc(-c2cc(C(F)(F)F)ccc2Cl)nc1C,287.67,3.83,38.67,0,3,1,2,1,<rdkit.Chem.rdchem.Mol object at 0x000001CB2749FCA0>,False,False
TRZ03927,Cc1nnc(C=Cn2cnc(-c3cc(OC(=O)OCC(C)C)cc(C(F)(F)F)c3)n2)nc1C,462.43,4.57,104.91,0,8,6,3,1,<rdkit.Chem.rdchem.Mol object at 0x000001CB2749FD10>,False,False
TRZ03928,Cc1nnc(-c2ccc(N3CCC(Oc4ccccc4C(F)(F)F)C3)nn2)nc1C,416.41,3.62,76.92,0,7,4,3,1,<rdkit.Chem.rdchem.Mol object at 0x000001CB2749FD80>,False,False
TRZ03929,COc1cc(-c2nnc(C)c(C)n2)ccc1F,233.25,2.3,47.9,0,4,2,2,1,<rdkit.Chem.rdchem.Mol object at 0x000001CB2749FDF0>,False,False
TRZ03930,Cc1nnc(-c2c(F)cc(Br)cc2F)nc1C,300.11,3.2,38.67,0,3,1,2,1,<rdkit.Chem.rdchem.Mol object at 0x000001CB2749FE60>,False,False
TRZ03931,Cc1ccc(-c2nnc(C)c(C)n2)c(F)c1,217.25,2.6,38.67,0,3,1,2,1,<rdkit.Chem.rdchem.Mol object at 0x000001CB2749FED0>,False,False
TRZ03932,Cc1nnc(C(C)Oc2ccc(C#N)c(F)c2)nc1C,272.28,2.64,71.69,0,5,3,2,1,<rdkit.Chem.rdchem.Mol object at 0x000001CB2749FF40>,False,False
TRZ03933,Cc1cccc(-c2nnc(C)c(C)n2)c1F,217.25,2.6,38.67,0,3,1,2,1,<rdkit.Chem.rdchem.Mol object at 0x000001CB2A410040>,False,False
TRZ03934,Cc1nnc(-c2cccc(F)c2Br)nc1C,282.12,3.06,38.67,0,3,1,2,1,<rdkit.Chem.rdchem.Mol object at 0x000001CB2A4100B0>,False,False
TRZ03935,Cc1cc(F)ccc1OCc1nnc(C)c(C)n1,247.27,2.51,47.9,0,4,3,2,1,<rdkit.Chem.rdchem.Mol object at 0x000001CB2A410120>,False,False
TRZ03936,Cc1nnc(COc2ccc(Cl)c(F)c2)nc1C,267.69,2.86,47.9,0,4,3,2,1,<rdkit.Chem.rdchem.Mol object at 0x000001CB2A410190>,False,False
TRZ03937,Cc1nnc(-c2cc(N(C)C)ccc2F)nc1C,246.29,2.36,41.91,0,4,2,2,1,<rdkit.Chem.rdchem.Mol object at 0x000001CB2A410200>,False,False
TRZ03938,Cc1nnc(-c2cccc(N(C)C)c2F)nc1C,246.29,2.36,41.91,0,4,2,2,1,<rdkit.Chem.rdchem.Mol object at 0x000001CB2A410270>,False,False
TRZ03939,Cc1nnc(-c2c(F)cccc2C(F)(F)F)nc1C,271.22,3.31,38.67,0,3,1,2,1,<rdkit.Chem.rdchem.Mol object at 0x000001CB2A4102E0>,False,False
TRZ03940,Cc1nnc(-c2cccc(Br)c2F)nc1C,282.12,3.06,38.67,0,3,1,2,1,<rdkit.Chem.rdchem.Mol object at 0x000001CB2A410350>,False,False
TRZ03941,Cc1nnc(-c2ccc(N(C)C)cc2F)nc1C,246.29,2.36,41.91,0,4,2,2,1,<rdkit.Chem.rdchem.Mol object at 0x000001CB2A4103C0>,False,False
TRZ03942,Cc1nnc(-c2nc3ccc(F)cc3s2)nc1C,260.3,2.9,51.56,0,5,1,3,1,<rdkit.Chem.rdchem.Mol object at 0x000001CB2A410430>,False,False
TRZ03943,COc1c(F)ccc(-c2nnc(C)c(C)n2)c1F,251.24,2.44,47.9,0,4,2,2,1,<rdkit.Chem.rdchem.Mol object at 0x000001CB2A4104A0>,False,False
TRZ03944,COc1ccc(-c2nnc(C)c(C)n2)c(F)c1F,251.24,2.44,47.9,0,4,2,2,1,<rdkit.Chem.rdchem.Mol object at 0x000001CB2A410510>,False,False
TRZ03945,Cc1nnc(-c2cc(OC(F)(F)F)ccc2F)nc1C,287.22,3.19,47.9,0,4,2,2,1,<rdkit.Chem.rdchem.Mol object at 0x000001CB2A410580>,False,False
TRZ03946,Cc1nnc(CCc2c(F)cccc2C(F)(F)F)nc1C,299.27,3.43,38.67,0,3,3,2,1,<rdkit.Chem.rdchem.Mol object at 0x000001CB2A4105F0>,False,False
TRZ03947,Cc1nnc(CCc2cc(F)cc(F)c2)nc1C,249.26,2.55,38.67,0,3,3,2,1,<rdkit.Chem.rdchem.Mol object at 0x000001CB2A410660>,False,False
TRZ03948,Cc1nnc(C(C)(C)c2ccc(F)cc2)nc1C,245.3,2.95,38.67,0,3,2,2,1,<rdkit.Chem.rdchem.Mol object at 0x000001CB2A4106D0>,False,False
TRZ03949,Cc1nnc(C(C)(C)c2cc(F)cc(F)c2)nc1C,263.29,3.09,38.67,0,3,2,2,1,<rdkit.Chem.rdchem.Mol object at 0x000001CB2A410740>,False,False
TRZ03950,Cc1nnc(CCCc2ccc(F)cc2)nc1C,245.3,2.8,38.67,0,3,4,2,1,<rdkit.Chem.rdchem.Mol object at 0x000001CB2A4107B0>,False,False
TRZ03951,Cc1nnc(C2CCN(CCc3ccc(F)cc3)CC2)nc1C,314.41,3.05,41.91,0,4,4,2,1,<rdkit.Chem.rdchem.Mol object at 0x000001CB2A410820>,False,False
TRZ03952,Cc1nnc(CCc2ncccc2C(F)(F)F)nc1C,282.27,2.69,51.56,0,4,3,2,1,<rdkit.Chem.rdchem.Mol object at 0x000001CB2A410890>,False,False
TRZ03953,Cc1nnc(-c2c(OCC(F)(F)F)cccc2OCC(F)(F)F)nc1C,381.28,4.04,57.13,0,5,5,2,1,<rdkit.Chem.rdchem.Mol object at 0x000001CB2A410900>,False,False
TRZ03954,Cc1nnc(-c2cccc(OCC(F)(F)F)c2)nc1C,283.25,3.1,47.9,0,4,3,2,1,<rdkit.Chem.rdchem.Mol object at 0x000001CB2A410970>,False,False
TRZ03955,C#Cc1ccc(Nc2c(-c3nnc(C)c(C)n3)ccc(F)c2F)c(F)c1,354.34,4.3,50.7,1,4,3,3,1,<rdkit.Chem.rdchem.Mol object at 0x000001CB2A4109E0>,False,False
TRZ03957,Cc1nnc(CN(CC(F)(F)F)c2ccc(C#N)c(C(F)(F)F)c2)nc1C,389.3,3.95,65.7,0,5,4,2,1,<rdkit.Chem.rdchem.Mol object at 0x000001CB2A410A50>,False,False
TRZ03960,Cc1nnc(/C=C\n2cnc(-c3cc(C(F)(F)F)cc(C(F)(F)F)c3)n2)nc1C,414.31,4.41,69.38,0,5,3,3,1,<rdkit.Chem.rdchem.Mol object at 0x000001CB2A410AC0>,False,False
TRZ03961,Cc1nnc(-c2ccc(OC(F)(F)C(F)(F)F)cc2)nc1C,319.23,3.69,47.9,0,4,3,2,1,<rdkit.Chem.rdchem.Mol object at 0x000001CB2A410B30>,False,False
TRZ03962,Cc1nnc(CN2CCN(Cc3c(F)cccc3Cl)CC2)nc1C,349.84,2.6,45.15,0,5,4,2,1,<rdkit.Chem.rdchem.Mol object at 0x000001CB2A410BA0>,False,False
TRZ03963,Cc1nnc(CN2CCN(Cc3ccc(C(F)(F)F)cc3)CC2)nc1C,365.4,2.83,45.15,0,5,4,2,1,<rdkit.Chem.rdchem.Mol object at 0x000001CB2A410C10>,False,False
TRZ03964,C=C[C@H](c1nnc(C)c(C)n1)[C@H](O)c1cc(C(F)(F)F)cc(C(F)(F)F)c1,391.31,4.53,58.9,1,4,4,2,1,<rdkit.Chem.rdchem.Mol object at 0x000001CB2A410C80>,False,False
TRZ03965,Cc1nnc(Cc2nc3c(F)cc(-c4ccccc4)cc3s2)nc1C,350.42,4.5,51.56,0,5,3,4,1,<rdkit.Chem.rdchem.Mol object at 0x000001CB2A410CF0>,False,False
TRZ03966,Cc1nnc(-c2cccn2CF)nc1C,206.22,1.88,43.6,0,3,2,2,1,<rdkit.Chem.rdchem.Mol object at 0x000001CB2A410D60>,False,False
TRZ03967,Cc1nnc(-c2cccn2C(F)F)nc1C,224.21,2.35,43.6,0,3,2,2,1,<rdkit.Chem.rdchem.Mol object at 0x000001CB2A410DD0>,False,False
TRZ03968,Cc1nnc(-c2cccn2C(F)(F)F)nc1C,242.2,2.43,43.6,0,3,1,2,1,<rdkit.Chem.rdchem.Mol object at 0x000001CB2A410E40>,False,False
TRZ03970,Cc1nnc(-c2nc(-c3ccc(OC(F)(F)F)cc3)cs2)nc1C,352.34,4.18,60.79,0,6,3,3,1,<rdkit.Chem.rdchem.Mol object at 0x000001CB2A410EB0>,False,False
TRZ03971,Cc1nnc(-c2ncc(-c3ccc(OC(F)(F)F)cc3)o2)nc1C,336.27,3.71,73.93,0,6,3,3,1,<rdkit.Chem.rdchem.Mol object at 0x000001CB2A410F20>,False,False
TRZ03972,Cc1nnc(-c2cc(-c3ccc(OC(F)(F)F)cc3)no2)nc1C,336.27,3.71,73.93,0,6,3,3,1,<rdkit.Chem.rdchem.Mol object at 0x000001CB2A410F90>,False,False
TRZ03973,Cc1nnc(-c2cc(-c3ccc(OC(F)(F)F)cc3)on2)nc1C,336.27,3.71,73.93,0,6,3,3,1,<rdkit.Chem.rdchem.Mol object at 0x000001CB2A411000>,False,False
TRZ03974,Cc1nnc(C2(c3ccc(Br)cc3F)CC2)nc1C,322.18,3.47,38.67,0,3,2,2,1,<rdkit.Chem.rdchem.Mol object at 0x000001CB2A411070>,False,False
TRZ03975,Cc1nnc(C2(c3ccc(Br)c(F)c3)CC2)nc1C,322.18,3.47,38.67,0,3,2,2,1,<rdkit.Chem.rdchem.Mol object at 0x000001CB2A4110E0>,False,False
TRZ03976,COc1nc(-c2nnc(C)c(C)n2)c(NC(=O)OC(C)(C)C)cc1C(F)(F)F,399.37,3.92,99.12,1,7,3,2,1,<rdkit.Chem.rdchem.Mol object at 0x000001CB2A411150>,False,False
TRZ03977,Cc1nnc(-c2nc(Br)c(C(F)(F)F)nc2N)nc1C,349.11,2.31,90.47,1,6,1,2,1,<rdkit.Chem.rdchem.Mol object at 0x000001CB2A4111C0>,False,False
TRZ03978,Cc1nnc(-c2ncc(C(F)(F)F)cc2N)nc1C,269.23,2.15,77.58,1,5,1,2,1,<rdkit.Chem.rdchem.Mol object at 0x000001CB2A411230>,False,False
TRZ03979,Cc1nnc(-c2nc(C(F)(F)F)c(C(F)(F)F)nc2N)nc1C,338.22,2.57,90.47,1,6,1,2,1,<rdkit.Chem.rdchem.Mol object at 0x000001CB2A4112A0>,False,False
TRZ03980,CCOC(=O)C[C@@H](Cc1ccc(-c2cc(F)ccc2OC)cc1)NC(=O)c1nnc(C)c(C)n1,466.51,3.6,103.3,1,7,9,3,1,<rdkit.Chem.rdchem.Mol object at 0x000001CB2A411310>,False,False
TRZ03981,Cc1nnc(-c2cn3c(ccc4c(C(F)(F)F)nc(C(F)(F)F)nc43)n2)nc1C,413.29,3.78,81.75,0,6,1,4,1,<rdkit.Chem.rdchem.Mol object at 0x000001CB2A411380>,False,False
TRZ03982,Cc1nnc(-c2cn3c(ccc4c(C(F)(F)F)cc(C(F)(F)F)cc43)n2)nc1C,411.31,4.99,55.97,0,4,1,4,1,<rdkit.Chem.rdchem.Mol object at 0x000001CB2A4113F0>,False,False
TRZ03983,Cc1nnc(C(F)(F)C(O)c2cccs2)nc1C,271.29,2.38,58.9,1,5,3,2,1,<rdkit.Chem.rdchem.Mol object at 0x000001CB2A411460>,False,False
TRZ03984,Cc1nnc(-c2ccc(-c3noc(C(F)(F)F)n3)cc2)nc1C,321.26,3.22,77.59,0,6,2,3,1,<rdkit.Chem.rdchem.Mol object at 0x000001CB2A4114D0>,False,False
TRZ03987,Cc1nnc(-c2cc3cc(Cl)ncc3n2OC(=O)C(F)(F)F)nc1C,371.71,2.68,82.79,0,6,2,3,1,<rdkit.Chem.rdchem.Mol object at 0x000001CB2A411540>,False,False
TRZ03988,CONC(=O)c1cc(Nc2ncnn3cc(-c4nnc(C)c(C)n4)c(C(C)C)c23)c(F)cc1F,468.47,3.63,119.22,2,8,6,4,1,<rdkit.Chem.rdchem.Mol object at 0x000001CB2A4115B0>,False,False
TRZ03989,Cc1nnc(-c2cccc(SF)c2)nc1C,235.29,3.13,38.67,0,4,2,2,1,<rdkit.Chem.rdchem.Mol object at 0x000001CB2A411620>,False,False
TRZ03990,Cc1nnc(-c2ccc(SF)cc2)nc1C,235.29,3.13,38.67,0,4,2,2,1,<rdkit.Chem.rdchem.Mol object at 0x000001CB2A411690>,False,False
TRZ03991,Cc1nnc([C@]23CCC(c4ncccc4F)C[C@@H]2NC3=S)nc1C,343.43,2.53,63.59,1,5,2,2,1,<rdkit.Chem.rdchem.Mol object at 0x000001CB2A411700>,False,False
TRZ03992,Cc1nnc(-c2ccc(OS(=O)(=O)C(F)(F)F)c3ccccc23)nc1C,383.35,3.54,82.04,0,6,3,3,1,<rdkit.Chem.rdchem.Mol object at 0x000001CB2A411770>,False,False
TRZ03994,Cc1nnc(C2=Cc3ccc(F)cc3/S2=C(/CC=O)C(F)(F)F)nc1C,383.37,4.09,55.74,0,4,3,2,1,<rdkit.Chem.rdchem.Mol object at 0x000001CB2A4117E0>,False,False
TRZ03995,Cc1nnc(C2=C(Cl)c3ccc(F)cc3/S2=C(/CC=O)C(F)(F)F)nc1C,417.82,4.66,55.74,0,4,3,2,1,<rdkit.Chem.rdchem.Mol object at 0x000001CB2A411850>,False,False
TRZ03996,Cc1nnc(C2=CC=CS2=C(CC(=O)c2cccs2)C(F)(F)F)nc1C,397.45,4.69,55.74,0,5,4,2,1,<rdkit.Chem.rdchem.Mol object at 0x000001CB2A4118C0>,False,False
TRZ03999,C#Cc1cc(-c2nnc(C)c(C)n2)c(Nc2ccc(I)cc2F)cn1,445.24,4.02,63.59,1,5,3,3,1,<rdkit.Chem.rdchem.Mol object at 0x000001CB2A411930>,False,False
TRZ04000,CC(=O)C(c1nnc(C)c(C)n1)n1nc(-c2ccncc2)cc1Cc1ccc(F)cc1,416.46,3.66,86.45,0,6,6,4,1,<rdkit.Chem.rdchem.Mol object at 0x000001CB2A4119A0>,False,False
TRZ04005,Cc1nnc(-c2ncccc2C(=O)CN(CC(F)(F)F)c2ccc(C#N)c(C(F)(F)F)c2)nc1C,494.4,4.69,95.66,0,7,6,3,1,<rdkit.Chem.rdchem.Mol object at 0x000001CB2A411A10>,False,False
TRZ04006,Cc1nnc(-c2cc(C(F)(F)F)ccc2C(F)(F)F)nc1C,321.22,4.19,38.67,0,3,1,2,1,<rdkit.Chem.rdchem.Mol object at 0x000001CB2A411A80>,False,False
TRZ04007,Cc1nnc(-c2ccc(N3C(=O)O[C@H](NC(=O)CS)C3C)cc2F)nc1C,391.43,2.01,97.31,2,7,4,2,1,<rdkit.Chem.rdchem.Mol object at 0x000001CB2A411AF0>,False,False
TRZ04008,Cc1nnc(-c2ccc(N3C[C@H](CNC(=O)CS)OC3=O)cc2F)nc1C,391.43,1.67,97.31,2,7,5,2,1,<rdkit.Chem.rdchem.Mol object at 0x000001CB2A411B60>,False,False
TRZ04012,Cc1nnc(CCOCOc2c(F)c(F)cc(F)c2F)nc1C,331.27,2.64,57.13,0,5,6,2,1,<rdkit.Chem.rdchem.Mol object at 0x000001CB2A411BD0>,False,False
TRZ04013,C=C(/C=C\c1nnc(C)c(C)n1)C(=O)Nc1cccc(C2(C(F)F)COCC(N)=N2)c1,428.44,2.54,115.38,2,7,6,2,1,<rdkit.Chem.rdchem.Mol object at 0x000001CB2A411C40>,False,False
TRZ04014,C=C(/C=C\c1nnc(C)c(C)n1)c1ccc(OC)c(OC(F)F)c1,333.34,3.83,57.13,0,5,6,2,1,<rdkit.Chem.rdchem.Mol object at 0x000001CB2A411CB0>,False,False
TRZ04015,Cc1nnc(C2CC3(CN(C(=O)C(F)(F)F)C=N3)c3ccccc3O2)nc1C,391.35,2.64,80.57,0,6,1,2,1,<rdkit.Chem.rdchem.Mol object at 0x000001CB2A411D20>,False,False
TRZ04016,Cc1nnc(C2CC3(CN(C(=O)C(F)(F)F)CN3)c3ccccc3O2)nc1C,393.37,2.16,80.24,1,6,1,2,1,<rdkit.Chem.rdchem.Mol object at 0x000001CB2A411D90>,False,False
TRZ04018,Cc1nnc(-c2ccc3c(c2)CCN(C(=O)C(F)(F)F)CC3)nc1C,350.34,2.64,58.98,0,4,1,2,1,<rdkit.Chem.rdchem.Mol object at 0x000001CB2A411E00>,False,False
TRZ04019,Cc1nnc(C(F)(F)C(=O)c2ccccn2)nc1C,264.24,1.86,68.63,0,5,3,2,1,<rdkit.Chem.rdchem.Mol object at 0x000001CB2A411E70>,False,False
TRZ04020,Cc1nnc(-c2cc(C)c3cc(OCC(F)F)cc(C(C)(C)C)c3n2)nc1C,386.45,4.95,60.79,0,5,4,3,1,<rdkit.Chem.rdchem.Mol object at 0x000001CB2A411EE0>,False,False
TRZ04021,Cc1nnc(-c2cc(C)c3cc(OCC(F)(F)F)cc(OCC(F)(F)F)c3n2)nc1C,446.35,4.89,70.02,0,6,5,3,1,<rdkit.Chem.rdchem.Mol object at 0x000001CB2A411F50>,False,False
TRZ04022,Cc1nnc(-c2cc(C)c3cc(C(=O)C(F)(F)F)cc(C(F)(F)F)c3n2)nc1C,414.31,4.78,68.63,0,5,2,3,1,<rdkit.Chem.rdchem.Mol object at 0x000001CB2A411FC0>,False,False
TRZ04024,Cc1nnc(-c2ccccc2Nc2cc(F)c(F)c(C)c2F)nc1C,344.34,4.62,50.7,1,4,3,3,1,<rdkit.Chem.rdchem.Mol object at 0x000001CB2A412030>,False,False
TRZ04025,Cc1nnc(-c2ccc(CC(C(F)(F)F)C(F)(F)F)cc2)nc1C,349.28,4.44,38.67,0,3,3,2,1,<rdkit.Chem.rdchem.Mol object at 0x000001CB2A4120A0>,False,False
TRZ04028,C=C(/C=C\c1nnc(C)c(C)n1)c1ccc(C)c(C(F)(F)F)c1,319.33,4.54,38.67,0,3,3,2,1,<rdkit.Chem.rdchem.Mol object at 0x000001CB2A412110>,False,False
TRZ04029,[C-]#[N+]c1cc(-c2ncn(/C=C\c3nnc(C)c(C)n3)n2)cc(C(F)(F)F)c1,371.33,3.94,73.74,0,5,3,3,1,<rdkit.Chem.rdchem.Mol object at 0x000001CB2A412180>,False,False
TRZ04030,C=C(C)OC(=O)C1CCC(c2ccc(NC(=O)c3nnc(C)c(C)n3)c(F)c2)CC1,412.47,4.23,94.07,1,6,5,2,1,<rdkit.Chem.rdchem.Mol object at 0x000001CB2A4121F0>,False,False
TRZ04031,C=C(/C=C\c1nnc(C)c(C)n1)c1ccc(OC)c2oc(C(F)(F)F)cc12,375.35,4.99,61.04,0,5,4,3,1,<rdkit.Chem.rdchem.Mol object at 0x000001CB2A412260>,False,False
TRZ04033,C=C(/C=C\c1nnc(C)c(C)n1)SCC(=O)NC[C@H]1CN(Cc2ccc(F)c(F)c2)CCO1,475.57,3.04,80.24,1,7,9,2,1,<rdkit.Chem.rdchem.Mol object at 0x000001CB2A4122D0>,False,False
TRZ04034,Cc1nnc(-c2nnc(C(F)(F)F)c(C(F)(F)F)n2)nc1C,324.19,2.38,77.34,0,6,1,2,2,<rdkit.Chem.rdchem.Mol object at 0x000001CB2A412340>,False,False
TRZ04035,Cc1nnc(-c2ccc(C(=O)O)c(-c3c4cc(F)c(=O)cc-4oc4cc(O)c(F)cc34)c2)nc1C,475.41,4.72,126.41,2,7,3,3,1,<rdkit.Chem.rdchem.Mol object at 0x000001CB2A4123B0>,False,False
TRZ04036,Cc1nnc(Cc2ccc(C(F)(F)F)cc2N)nc1C,282.27,2.68,64.69,1,4,2,2,1,<rdkit.Chem.rdchem.Mol object at 0x000001CB2A412420>,False,False
TRZ04037,Cc1nnc(/C(=C/n2cnc(-c3cc(C(F)(F)F)cc(C(F)(F)F)c3)n2)c2cnccn2)nc1C,492.39,4.62,95.16,0,7,4,4,1,<rdkit.Chem.rdchem.Mol object at 0x000001CB2A412490>,False,False
TRZ04038,C=C(CCc1nnc(C)c(C)n1)CNC(=O)Cc1ccccc1F,328.39,2.48,67.77,1,4,7,2,1,<rdkit.Chem.rdchem.Mol object at 0x000001CB2A412500>,False,False
TRZ04039,C=C(/C=C\c1nnc(C)c(C)n1)CNC(=O)Cc1ccccc1F,326.38,2.56,67.77,1,4,6,2,1,<rdkit.Chem.rdchem.Mol object at 0x000001CB2A412570>,False,False
TRZ04042,COc1nc(-c2nnc(C)c(C)n2)c(OC(N)=O)cc1C(F)(F)F,343.26,2.04,113.11,1,7,3,2,1,<rdkit.Chem.rdchem.Mol object at 0x000001CB2A412650>,False,False
TRZ04043,COc1nc(-c2nnc(C)c(C)n2)c(NC(=O)O)cc1C(F)(F)F,343.27,2.67,110.12,2,6,3,2,1,<rdkit.Chem.rdchem.Mol object at 0x000001CB2A4126C0>,False,False
TRZ04044,Cc1nnc(-c2csc(C(F)(F)F)n2)nc1C,260.24,2.63,51.56,0,5,1,2,1,<rdkit.Chem.rdchem.Mol object at 0x000001CB2A412730>,False,False
TRZ04045,C=C[C@H](c1nnc(C)c(C)n1)C(O)c1cc(C(F)(F)F)cc(C(F)(F)F)c1,391.31,4.53,58.9,1,4,4,2,1,<rdkit.Chem.rdchem.Mol object at 0x000001CB2A4127A0>,False,False
TRZ04046,Cc1nnc(-c2cnn(C)c2COc2ccc(C(F)(F)F)cc2)nc1C,363.34,3.49,65.72,0,5,4,3,1,<rdkit.Chem.rdchem.Mol object at 0x000001CB2A412810>,False,False
TRZ04047,Cc1nnc(-c2cc(C)c3cc(NCC(F)F)cc(C(C)(C)C)c3n2)nc1C,385.46,4.99,63.59,1,5,4,3,1,<rdkit.Chem.rdchem.Mol object at 0x000001CB2A412880>,False,False
TRZ04050,Cc1nnc(-c2cc(C)c3cc(N4CC(F)(F)C4)cc(C(C)(C)C)c3n2)nc1C,397.47,4.76,54.8,0,5,2,3,1,<rdkit.Chem.rdchem.Mol object at 0x000001CB2A4128F0>,False,False
TRZ04053,Cc1nnc(-c2cc(C)c3c(n2)=C(C(C)(C)C)CC(NCC(F)(F)F)C=3)nc1C,405.47,2.76,63.59,1,5,3,2,1,<rdkit.Chem.rdchem.Mol object at 0x000001CB2A412960>,False,False
TRZ04054,Cc1nnc(C2CCN(c3ccc([N+](=O)[O-])cc3F)CC2)nc1C,331.35,2.92,85.05,0,6,3,2,1,<rdkit.Chem.rdchem.Mol object at 0x000001CB2A4129D0>,False,False
TRZ04055,Cc1nnc(-c2cnc(Nc3ccc(F)cc3)cc2NC(C)C)nc1C,352.42,4.25,75.62,2,6,5,3,1,<rdkit.Chem.rdchem.Mol object at 0x000001CB2A412A40>,False,False
TRZ04056,Cc1nnc(-c2cnc(N)c3nc(-c4cccc(F)c4)ccc23)nc1C,346.37,3.49,90.47,1,6,2,4,1,<rdkit.Chem.rdchem.Mol object at 0x000001CB2A412AB0>,False,False
TRZ04057,Cc1nnc(-c2c(C=O)ccc(C(F)(F)F)c2[N+](=O)[O-])nc1C,326.23,2.89,98.88,0,6,3,2,1,<rdkit.Chem.rdchem.Mol object at 0x000001CB2A412B20>,False,False
TRZ04058,Cc1nnc(-c2cccn(C[C@@H]3CN(C(=O)O)CCO[C@H]3c3ccc(Cl)c(F)c3)c2=O)nc1C,487.92,3.48,110.44,1,6,4,3,1,<rdkit.Chem.rdchem.Mol object at 0x000001CB2A412B90>,False,False
TRZ04059,Cc1nnc(-c2cccn(C[C@H]3CN(C(=O)O)CCO[C@H]3c3ccc(Cl)c(F)c3)c2=O)nc1C,487.92,3.48,110.44,1,6,4,3,1,<rdkit.Chem.rdchem.Mol object at 0x000001CB2A412C00>,False,False
TRZ04061,Cc1nnc(-c2ccc(F)c(C#Cc3cnc4ccccc4c3)c2)nc1C,354.39,4.24,51.56,0,4,1,4,1,<rdkit.Chem.rdchem.Mol object at 0x000001CB2A412C70>,False,False
TRZ04062,Cc1nnc([C@H]2C[C@H]3CSC(NC(=O)c4ccccc4)=N[C@@]3(c3ccc(F)cc3F)CO2)nc1C,495.56,4.27,89.36,1,7,3,3,1,<rdkit.Chem.rdchem.Mol object at 0x000001CB2A412CE0>,False,False
TRZ04063,Cc1nnc(Cc2nc3ccc(-c4ccc(F)cc4)cc3s2)nc1C,350.42,4.5,51.56,0,5,3,4,1,<rdkit.Chem.rdchem.Mol object at 0x000001CB2A412D50>,False,False
TRZ04064,Cc1nnc(-c2cc(O)ccc2F)nc1C,219.22,2.0,58.9,1,4,1,2,1,<rdkit.Chem.rdchem.Mol object at 0x000001CB2A412DC0>,False,False
TRZ04065,Cc1nnc(-c2cc(I)ccc2F)nc1C,329.12,2.9,38.67,0,3,1,2,1,<rdkit.Chem.rdchem.Mol object at 0x000001CB2A412E30>,False,False
TRZ04066,Cc1nnc(-c2cc(C3(O)CCOCC3)ccc2F)nc1C,303.34,2.29,68.13,1,5,2,2,1,<rdkit.Chem.rdchem.Mol object at 0x000001CB2A412EA0>,False,False
TRZ04067,Cc1nnc(-c2cc(C3(O)CCOC3)ccc2F)nc1C,289.31,1.9,68.13,1,5,2,2,1,<rdkit.Chem.rdchem.Mol object at 0x000001CB2A412F10>,False,False
TRZ04068,Cc1nnc(C2ON=C(c3ccc(OC(F)(F)F)cc3)N2Cc2ccccc2)nc1C,429.4,4.28,72.73,0,7,5,3,1,<rdkit.Chem.rdchem.Mol object at 0x000001CB2A412F80>,False,False
TRZ04069,Cc1cc(F)cc(C2CCOC2)c1OCc1nnc(C)c(C)n1,317.36,3.02,57.13,0,5,4,2,1,<rdkit.Chem.rdchem.Mol object at 0x000001CB2A412FF0>,False,False
TRZ04070,Cc1nnc(-c2cc(C(F)(F)F)n(-c3ccc([N+](=O)[O-])nc3)n2)nc1C,365.28,2.66,112.52,0,7,3,3,1,<rdkit.Chem.rdchem.Mol object at 0x000001CB2A413060>,False,False
TRZ04071,Cc1nnc(C(C)(C)C(=O)c2cc(C(F)(F)F)n(-c3ccc(Br)cn3)n2)nc1C,469.27,4.01,86.45,0,6,4,3,1,<rdkit.Chem.rdchem.Mol object at 0x000001CB2A4130D0>,False,False
TRZ04072,Cc1nnc(-c2cc(C(F)(F)F)n(-c3ccc(Br)cn3)n2)nc1C,399.17,3.52,69.38,0,5,2,3,1,<rdkit.Chem.rdchem.Mol object at 0x000001CB2A413140>,False,False
TRZ04073,Cc1nnc(-c2cc(C(F)(F)F)nn2-c2ccc(Br)cn2)nc1C,399.17,3.52,69.38,0,5,2,3,1,<rdkit.Chem.rdchem.Mol object at 0x000001CB2A4131B0>,False,False
TRZ04074,Cc1nnc(-c2cc(N)cc(C(F)(F)F)c2)nc1C,268.24,2.76,64.69,1,4,1,2,1,<rdkit.Chem.rdchem.Mol object at 0x000001CB2A413220>,False,False
TRZ04075,Cc1nnc(CN2CCN(C(=O)c3ccc(C(F)(F)F)cc3)CC2)nc1C,379.39,2.47,62.22,0,5,3,2,1,<rdkit.Chem.rdchem.Mol object at 0x000001CB2A413290>,False,False
TRZ04076,Cc1nnc(CN2CCN(C(=O)c3ccc(F)cc3)CC2)nc1C,329.38,1.59,62.22,0,5,3,2,1,<rdkit.Chem.rdchem.Mol object at 0x000001CB2A413300>,False,False
TRZ04077,Cc1nnc(CN2CCN(Cc3ccc(F)cc3)CC2)nc1C,315.4,1.95,45.15,0,5,4,2,1,<rdkit.Chem.rdchem.Mol object at 0x000001CB2A413370>,False,False
TRZ04078,Cc1nnc(C2=NC(C)(c3ccc(OC(F)(F)F)cc3)NO2)nc1C,353.3,2.54,81.52,1,7,3,2,1,<rdkit.Chem.rdchem.Mol object at 0x000001CB2A4133E0>,False,False
TRZ04079,Cc1nnc(C(F)(F)c2cc3cn(C)nc3cc2F)nc1C,307.28,2.65,56.49,0,4,2,3,1,<rdkit.Chem.rdchem.Mol object at 0x000001CB2A413450>,False,False
TRZ04080,Cc1nnc(Cc2nc3c(F)cc(Br)cc3s2)nc1C,353.22,3.59,51.56,0,5,2,3,1,<rdkit.Chem.rdchem.Mol object at 0x000001CB2A4134C0>,False,False
TRZ04081,Cc1nnc(-c2cnn(-c3c(F)cccc3F)n2)nc1C,288.26,2.01,69.38,0,5,2,3,1,<rdkit.Chem.rdchem.Mol object at 0x000001CB2A413530>,False,False
TRZ04082,Cc1nnc(-c2ccnc(C(F)(F)F)n2)nc1C,255.2,1.96,64.45,0,5,1,2,1,<rdkit.Chem.rdchem.Mol object at 0x000001CB2A4135A0>,False,False
TRZ04085,Cc1nnc(C(=O)NCc2ccccc2OC(F)(F)F)nc1C,326.28,2.32,77.0,1,5,4,2,1,<rdkit.Chem.rdchem.Mol object at 0x000001CB2A413610>,False,False
TRZ04086,Cc1ccc(NC(=O)C2CC(F)(F)C[C@@H]2c2nnc(C)c(C)n2)c(C)c1,360.41,3.87,67.77,1,4,3,2,1,<rdkit.Chem.rdchem.Mol object at 0x000001CB2A413680>,False,False
TRZ04089,Cc1nnc([C@@H](CCC(F)(F)F)N[C@H](C)c2ccccc2)nc1C,338.38,4.22,50.7,1,4,6,2,1,<rdkit.Chem.rdchem.Mol object at 0x000001CB2A4136F0>,False,False
TRZ04090,Cc1nnc(-c2cn(Cc3c(F)cccc3F)nn2)nc1C,302.29,2.07,69.38,0,5,3,3,1,<rdkit.Chem.rdchem.Mol object at 0x000001CB2A413760>,False,False
TRZ04091,Cc1nnc(CC(C(F)F)N2Cc3cccnc3C2)nc1C,305.33,2.08,54.8,0,5,4,2,1,<rdkit.Chem.rdchem.Mol object at 0x000001CB2A4137D0>,False,False
TRZ04095,COc1ccc(F)cc1-c1ccc(CC(CC(=O)O)NC(=O)c2nnc(C)c(C)n2)cc1,438.46,3.12,114.3,2,6,8,3,1,<rdkit.Chem.rdchem.Mol object at 0x000001CB2A413840>,False,False
TRZ04096,Cc1nnc(-c2cc(C(F)(F)F)ccn2)nc1C,254.21,2.57,51.56,0,4,1,2,1,<rdkit.Chem.rdchem.Mol object at 0x000001CB2A4138B0>,False,False
TRZ04097,Cc1nnc(-c2cccc(C(F)(F)F)c2C)nc1C,267.25,3.48,38.67,0,3,1,2,1,<rdkit.Chem.rdchem.Mol object at 0x000001CB2A413920>,False,False
TRZ04098,Cc1nc(-c2nnc(C)c(C)n2)ccc1F,218.23,2.0,51.56,0,4,1,2,1,<rdkit.Chem.rdchem.Mol object at 0x000001CB2A413990>,False,False
TRZ04099,Cc1nnc(-c2cnc(OC(=O)C(F)(F)F)[nH]2)nc1C,287.2,1.35,93.65,1,6,2,2,1,<rdkit.Chem.rdchem.Mol object at 0x000001CB2A413A00>,False,False
TRZ04100,Cc1nnc(-c2cccc(C(F)(F)F)c2OCc2ccccc2)nc1C,359.35,4.75,47.9,0,4,4,3,1,<rdkit.Chem.rdchem.Mol object at 0x000001CB2A413A70>,False,False
TRZ04101,Cc1nnc(-c2cnc(-c3ccc(C(F)(F)F)cc3)[nH]2)nc1C,319.29,3.56,67.35,1,4,2,3,1,<rdkit.Chem.rdchem.Mol object at 0x000001CB2A413AE0>,False,False
TRZ04102,Cc1nnc(-c2c(-c3ccc(C(F)(F)F)cc3)cccc2-c2nn[nH]n2)nc1C,397.36,4.02,93.13,1,6,3,4,1,<rdkit.Chem.rdchem.Mol object at 0x000001CB2A413B50>,False,False
TRZ04103,Cc1nnc(C2(C)C=C(c3ccc(OC(F)F)c(OCc4ccccc4)c3)NO2)nc1C,440.45,4.46,78.39,1,7,7,3,1,<rdkit.Chem.rdchem.Mol object at 0x000001CB2A413BC0>,False,False
TRZ04104,Cc1nnc(C2=NN(Cc3ccc(F)cc3F)C3=CN(C(F)(F)F)C=CC32)nc1C,422.36,3.79,57.51,0,6,3,2,1,<rdkit.Chem.rdchem.Mol object at 0x000001CB2A413C30>,False,False
TRZ04107,Cc1nnc(Cc2c3cc(Cc4ccc(F)cc4)cnc3c(O)c3c(O)n(C)cc23)nc1C,443.48,4.26,96.95,2,6,4,5,1,<rdkit.Chem.rdchem.Mol object at 0x000001CB2A413CA0>,False,False
TRZ04108,Cc1nnc(-c2c(C=O)nn(-c3ccc(F)cc3)c2-c2ccccn2)nc1C,374.38,3.35,86.45,0,6,4,4,1,<rdkit.Chem.rdchem.Mol object at 0x000001CB2A413D10>,False,False
TRZ04109,Cc1nnc(-c2ccc(C(F)(F)F)cc2Cl)nc1C,287.67,3.83,38.67,0,3,1,2,1,<rdkit.Chem.rdchem.Mol object at 0x000001CB2A413D80>,False,False
TRZ04111,Cc1nnc(C2CCc3ccc(C(F)(F)F)cc3N2C)nc1C,322.33,3.63,41.91,0,4,1,2,1,<rdkit.Chem.rdchem.Mol object at 0x000001CB2A413DF0>,False,False
TRZ04112,Cc1nnc(C2=NN(Cc3ccc(Cl)cc3Cl)C3=CN(C(F)(F)F)C=NC32)nc1C,456.26,4.09,69.87,0,7,3,2,1,<rdkit.Chem.rdchem.Mol object at 0x000001CB2A413E60>,False,False
TRZ04113,Cc1nnc(C2=CC(C(=O)O)C(=O)N(c3cccc(C(F)(F)F)c3)C2C)nc1C,406.36,3.03,96.28,1,5,3,2,1,<rdkit.Chem.rdchem.Mol object at 0x000001CB2A413ED0>,False,False
TRZ04114,COc1cc(OC)c(-c2nnc(C)c(C)n2)c(OC(=O)c2c(F)cccc2F)c1,401.37,3.67,83.43,0,7,5,3,1,<rdkit.Chem.rdchem.Mol object at 0x000001CB2A413F40>,False,False
TRZ04117,Cc1nnc(C(C)c2nc(C(C)(F)F)cs2)nc1C,284.34,3.21,51.56,0,5,3,2,1,<rdkit.Chem.rdchem.Mol object at 0x000001CB2A4140B0>,False,False
TRZ04118,Cc1cc(OCC2COC(C)(C)C2)c(F)cc1-c1nnc(C)c(C)n1,345.42,3.8,57.13,0,5,4,2,1,<rdkit.Chem.rdchem.Mol object at 0x000001CB2A414120>,False,False
TRZ04119,COc1cc(OC)c(-c2nnc(C)c(C)n2)c(OC(=O)c2ccc(C(F)(F)F)cc2)c1,433.39,4.41,83.43,0,7,5,3,1,<rdkit.Chem.rdchem.Mol object at 0x000001CB2A414190>,False,False
TRZ04120,Cc1nnc(-c2ccc(C(=O)OF)cc2)nc1C,247.23,2.2,64.97,0,5,2,2,1,<rdkit.Chem.rdchem.Mol object at 0x000001CB2A414200>,False,False
TRZ04121,Cc1nnc(-c2cc3c(N4CCCN(c5c(F)c(F)nc(F)c5F)CC4)ccnc3s2)nc1C,489.5,4.43,70.93,0,8,3,4,1,<rdkit.Chem.rdchem.Mol object at 0x000001CB2A414270>,False,False
TRZ04123,Cc1nnc(-c2cc(OC(F)(F)F)ccc2C=O)nc1C,297.24,2.87,64.97,0,5,3,2,1,<rdkit.Chem.rdchem.Mol object at 0x000001CB2A4142E0>,False,False
TRZ04124,Cc1nnc(-c2cn3cc(C(C)(F)F)cc(Cl)c3n2)nc1C,323.73,3.57,55.97,0,4,2,3,1,<rdkit.Chem.rdchem.Mol object at 0x000001CB2A414350>,False,False
TRZ04125,Cc1nnc(COc2ccc(Cl)cc2F)nc1C,267.69,2.86,47.9,0,4,3,2,1,<rdkit.Chem.rdchem.Mol object at 0x000001CB2A4143C0>,False,False
TRZ04126,Cc1nnc(-c2ccc(Cl)c(F)c2)nc1C,237.66,2.95,38.67,0,3,1,2,1,<rdkit.Chem.rdchem.Mol object at 0x000001CB2A414430>,False,False
TRZ04127,Cc1nnc(-c2ccc(F)cc2I)nc1C,329.12,2.9,38.67,0,3,1,2,1,<rdkit.Chem.rdchem.Mol object at 0x000001CB2A4144A0>,False,False
TRZ04128,Cc1nnc(-c2ccc(F)c3ccccc23)nc1C,253.28,3.45,38.67,0,3,1,3,1,<rdkit.Chem.rdchem.Mol object at 0x000001CB2A414510>,False,False
TRZ04129,Cc1cc(F)ccc1-c1nnc(C)c(C)n1,217.25,2.6,38.67,0,3,1,2,1,<rdkit.Chem.rdchem.Mol object at 0x000001CB2A414580>,False,False
TRZ04130,Cc1nnc(CCCCc2ccc(F)cc2)nc1C,259.33,3.19,38.67,0,3,5,2,1,<rdkit.Chem.rdchem.Mol object at 0x000001CB2A4145F0>,False,False
TRZ04131,Cc1nnc(C(C)c2ccccc2F)nc1C,231.27,2.78,38.67,0,3,2,2,1,<rdkit.Chem.rdchem.Mol object at 0x000001CB2A414660>,False,False
TRZ04132,Cc1nnc(C2(c3ccc(F)cc3F)CC2)nc1C,261.27,2.85,38.67,0,3,2,2,1,<rdkit.Chem.rdchem.Mol object at 0x000001CB2A4146D0>,False,False
TRZ04133,Cc1nnc(C(N)c2ccc(F)cc2)nc1C,232.26,1.68,64.69,1,4,2,2,1,<rdkit.Chem.rdchem.Mol object at 0x000001CB2A414740>,False,False
TRZ04134,Cc1nnc(C(N)c2ccc(F)cc2F)nc1C,250.25,1.81,64.69,1,4,2,2,1,<rdkit.Chem.rdchem.Mol object at 0x000001CB2A4147B0>,False,False
TRZ04135,Cc1nnc(C(N)c2ccc(F)c(Cl)c2)nc1C,266.71,2.33,64.69,1,4,2,2,1,<rdkit.Chem.rdchem.Mol object at 0x000001CB2A414820>,False,False
TRZ04136,Cc1nnc(C(N)c2ccccc2F)nc1C,232.26,1.68,64.69,1,4,2,2,1,<rdkit.Chem.rdchem.Mol object at 0x000001CB2A414890>,False,False
TRZ04137,Cc1nnc(-c2ccc3c(c2)OC(F)(F)O3)nc1C,265.22,2.48,57.13,0,5,1,2,1,<rdkit.Chem.rdchem.Mol object at 0x000001CB2A414900>,False,False
TRZ04138,Cc1nnc(-c2cnc3c(c2)c2ccccc2n3CCCF)nc1C,335.39,4.02,56.49,0,4,4,4,1,<rdkit.Chem.rdchem.Mol object at 0x000001CB2A414970>,False,False
TRZ04142,COc1ccc(F)c(-c2ccc(O)cc2-c2nnc(C)c(C)n2)c1,325.34,3.68,68.13,1,5,3,3,1,<rdkit.Chem.rdchem.Mol object at 0x000001CB2A4149E0>,False,False
TRZ04145,Cc1cc(OCc2c(F)cccc2F)c2nc(C)c(-c3nnc(C)c(C)n3)n2c1,395.41,4.28,65.2,0,5,4,4,1,<rdkit.Chem.rdchem.Mol object at 0x000001CB2A414A50>,False,False
TRZ04146,Cc1nnc(-c2c(C)nc3c(OCc4c(F)cccc4F)cccn23)nc1C,381.39,3.97,65.2,0,5,4,4,1,<rdkit.Chem.rdchem.Mol object at 0x000001CB2A414AC0>,False,False
TRZ04147,Cc1nnc([C@@]23CC(F)(F)[C@@H](C)[C@H](/C=C/c4ccc(Br)cn4)[C@@H]2[C@@H](C)OC3=O)nc1C,493.35,4.45,77.86,0,6,3,2,1,<rdkit.Chem.rdchem.Mol object at 0x000001CB2A414B30>,False,False
TRZ04150,Cc1nnc(-c2ccn3c(C4=CC(NC(=O)NCC(F)(F)F)CC=C4)cnc3c2)nc1C,443.43,3.38,97.1,2,5,4,3,1,<rdkit.Chem.rdchem.Mol object at 0x000001CB2A414BA0>,False,False
TRZ04152,Cc1nnc(C2NC=CN2c2ccc(F)nc2)nc1C,272.29,1.6,66.83,1,6,2,2,1,<rdkit.Chem.rdchem.Mol object at 0x000001CB2A414C10>,False,False
TRZ04156,Cc1nnc(-c2cccc(O)c2-n2cc(C(F)(F)F)cn2)nc1C,335.29,3.07,76.72,1,5,2,3,1,<rdkit.Chem.rdchem.Mol object at 0x000001CB2A414C80>,False,False
TRZ04158,Cc1nnc(-c2ccc(Oc3ccc(F)cc3)cc2)nc1C,295.32,4.09,47.9,0,4,3,3,1,<rdkit.Chem.rdchem.Mol object at 0x000001CB2A414CF0>,False,False
TRZ04159,Cc1nnc(C(F)Oc2ccccc2)nc1C,233.25,2.54,47.9,0,4,3,2,1,<rdkit.Chem.rdchem.Mol object at 0x000001CB2A414D60>,False,False
TRZ04160,Cc1nnc(COc2ccc(CC=NOCc3ccc(C(F)(F)F)cc3)cc2)nc1C,430.43,4.83,69.49,0,6,8,3,1,<rdkit.Chem.rdchem.Mol object at 0x000001CB2A414DD0>,False,False
TRZ04161,Cc1cc(Nc2cc(C(F)(F)F)ccn2)nc(-c2nnc(C)c(C)n2)c1,360.34,4.02,76.48,1,6,3,3,1,<rdkit.Chem.rdchem.Mol object at 0x000001CB2A414E40>,False,False
TRZ04162,Cc1nnc(C(F)(F)c2ccc3nn(C)cc3c2F)nc1C,307.28,2.65,56.49,0,4,2,3,1,<rdkit.Chem.rdchem.Mol object at 0x000001CB2A414EB0>,False,False
TRZ04163,Cc1nnc(Cc2cc3sc(N)nc3cc2F)nc1C,289.34,2.41,77.58,1,6,2,3,1,<rdkit.Chem.rdchem.Mol object at 0x000001CB2A414F20>,False,False
TRZ04164,Cc1nnc(C(F)(F)c2cc3cn[nH]c3cc2F)nc1C,293.25,2.64,67.35,1,4,2,3,1,<rdkit.Chem.rdchem.Mol object at 0x000001CB2A414F90>,False,False
TRZ04165,Cc1nnc(C(=O)Nc2ccc(N3CCC4(CC3)CC(F)(F)C4)nc2)nc1C,388.42,3.15,83.9,1,6,3,2,1,<rdkit.Chem.rdchem.Mol object at 0x000001CB2A415000>,False,False
TRZ04166,Cc1nnc(-c2nc(-c3ccc(OCF)cc3)no2)nc1C,301.28,2.51,86.82,0,7,4,3,1,<rdkit.Chem.rdchem.Mol object at 0x000001CB2A415070>,False,False
TRZ04167,CCOc1cc(F)c(Cl)cc1-c1nnc(C)c(C)n1,281.72,3.35,47.9,0,4,3,2,1,<rdkit.Chem.rdchem.Mol object at 0x000001CB2A4150E0>,False,False
TRZ04169,COc1c(F)cccc1-c1nnc(C)c(C)n1,233.25,2.3,47.9,0,4,2,2,1,<rdkit.Chem.rdchem.Mol object at 0x000001CB2A415150>,False,False
TRZ04170,Cc1nnc(-c2cccc(F)c2C)nc1C,217.25,2.6,38.67,0,3,1,2,1,<rdkit.Chem.rdchem.Mol object at 0x000001CB2A4151C0>,False,False
TRZ04171,Cc1nnc(CC(c2ccc(Cl)cc2)c2cc(F)cc(F)c2)nc1C,359.81,4.79,38.67,0,3,4,3,1,<rdkit.Chem.rdchem.Mol object at 0x000001CB2A415230>,False,False
TRZ04172,Cc1nnc(C(CC(F)(F)F)C2(O)CCN(Cc3ccccc3)CC2)nc1C,394.44,3.55,62.14,1,5,5,2,1,<rdkit.Chem.rdchem.Mol object at 0x000001CB2A4152A0>,False,False
TRZ04173,CCSc1cc(C(F)(F)F)cnc1-c1nnc(C)c(C)n1,314.34,3.68,51.56,0,5,3,2,1,<rdkit.Chem.rdchem.Mol object at 0x000001CB2A415310>,False,False
TRZ04174,Cc1nnc(Cc2cc(NC(=O)O)n(-c3ccc(F)cc3)n2)nc1C,342.33,2.49,105.82,2,5,4,3,1,<rdkit.Chem.rdchem.Mol object at 0x000001CB2A415380>,False,False
TRZ04175,Cc1nnc(Cc2cc(NC(=O)OC(C)(C)C)n(-c3ccc(F)cc3)n2)nc1C,398.44,3.75,94.82,1,6,4,3,1,<rdkit.Chem.rdchem.Mol object at 0x000001CB2A4153F0>,False,False
TRZ04176,Cc1nnc(-c2ccn3c4c(nc3c2)C[C@H](c2cc(F)c(F)cc2F)[C@@H](NC(=O)O)C4)nc1C,468.44,3.74,105.3,2,5,3,4,1,<rdkit.Chem.rdchem.Mol object at 0x000001CB2A415460>,False,False
TRZ04177,CCOC(=O)c1ccc(F)c(-c2ccc(-c3nnc(C)c(C)n3)cc2)c1,351.38,4.14,64.97,0,5,4,3,1,<rdkit.Chem.rdchem.Mol object at 0x000001CB2A4154D0>,False,False
TRZ04178,Cc1cc(F)cc(-c2ccc(-c3nnc(C)c(C)n3)cc2)c1,293.34,4.27,38.67,0,3,2,3,1,<rdkit.Chem.rdchem.Mol object at 0x000001CB2A415540>,False,False
TRZ04179,Cc1nnc(-c2ccc(-c3cccc(F)c3F)cc2)nc1C,297.31,4.1,38.67,0,3,2,3,1,<rdkit.Chem.rdchem.Mol object at 0x000001CB2A4155B0>,False,False
TRZ04180,Cc1nnc(-c2c(C(F)(F)F)c(C(F)(F)C(F)(F)F)nn2C)nc1C,375.22,3.56,56.49,0,4,2,2,1,<rdkit.Chem.rdchem.Mol object at 0x000001CB2A415620>,False,False
TRZ04181,Cc1nnc(C2CC(C)(S(=O)(=O)c3cccc(C(F)(F)F)c3)CCO2)nc1C,415.44,3.59,82.04,0,6,3,2,1,<rdkit.Chem.rdchem.Mol object at 0x000001CB2A415690>,False,False
TRZ04182,CCC1(S(=O)(=O)c2cccc(C(F)(F)F)c2)CCOC(c2nnc(C)c(C)n2)C1,429.46,3.98,82.04,0,6,4,2,1,<rdkit.Chem.rdchem.Mol object at 0x000001CB2A415700>,False,False
TRZ04183,Cc1nnc([C@@H](NC(=O)c2cocn2)c2ccc(F)cc2F)nc1C,345.31,2.27,93.8,1,6,4,3,1,<rdkit.Chem.rdchem.Mol object at 0x000001CB2A415770>,False,False
TRZ04184,Cc1nnc(C(=O)NCc2ccc(F)c(CF)c2)nc1C,292.29,2.03,67.77,1,4,4,2,1,<rdkit.Chem.rdchem.Mol object at 0x000001CB2A4157E0>,False,False
TRZ04185,Cc1nnc(C(=O)NCc2cccc(CF)c2)nc1C,274.3,1.89,67.77,1,4,4,2,1,<rdkit.Chem.rdchem.Mol object at 0x000001CB2A415850>,False,False
TRZ04186,Cc1nnc(CCC(=O)NCc2cccc(CF)c2)nc1C,302.35,2.21,67.77,1,4,6,2,1,<rdkit.Chem.rdchem.Mol object at 0x000001CB2A4158C0>,False,False
TRZ04187,Cc1nnc(C(=O)NCc2ccc(Cl)c(CF)c2)nc1C,308.74,2.54,67.77,1,4,4,2,1,<rdkit.Chem.rdchem.Mol object at 0x000001CB2A415930>,False,False
TRZ04188,Cc1nnc(CCC(=O)NCc2ccc(F)c(CF)c2)nc1C,320.34,2.35,67.77,1,4,6,2,1,<rdkit.Chem.rdchem.Mol object at 0x000001CB2A4159A0>,False,False
TRZ04189,Cc1nnc(C(=O)NCc2cc(CF)cc(C(F)(F)F)c2)nc1C,342.3,2.91,67.77,1,4,4,2,1,<rdkit.Chem.rdchem.Mol object at 0x000001CB2A415A10>,False,False
TRZ04190,Cc1cc(C(=O)c2cc(-c3nnc(C)c(C)n3)cc3c2C(C)(C)C(=O)N3C)c(F)cn1,419.46,3.48,88.94,0,6,3,3,1,<rdkit.Chem.rdchem.Mol object at 0x000001CB2A415A80>,False,False
TRZ04192,Cc1nnc(-c2cc(=O)n(C3CC3)c3c(C)c(N4CC[C@@H]([C@H](C)NC(=O)O)C4)c(F)cc23)nc1C,480.54,3.74,113.24,2,6,5,3,1,<rdkit.Chem.rdchem.Mol object at 0x000001CB2A415AF0>,False,False
TRZ04193,Cc1nnc(-c2cc(=O)n(C3CC3)c3c(C)c(N4CCC([C@H](C)NC(=O)O)C4)c(F)cc23)nc1C,480.54,3.74,113.24,2,6,5,3,1,<rdkit.Chem.rdchem.Mol object at 0x000001CB2A415B60>,False,False
TRZ04198,Cc1nnc(CN2CCN(c3cccc4c3cnn4-c3ccccc3F)C2=O)nc1C,417.45,3.41,80.04,0,5,4,4,1,<rdkit.Chem.rdchem.Mol object at 0x000001CB2A415C40>,False,False
TRZ04200,Cc1nnc(-c2cc(Cc3n[nH]c(=O)c4ccccc34)ccc2F)nc1C,361.38,3.12,84.42,1,5,3,4,1,<rdkit.Chem.rdchem.Mol object at 0x000001CB2A415CB0>,False,False
TRZ04201,Cc1nnc(/C=C\n2cnc(-c3cc(Cl)cc(OCF)c3)n2)nc1C,360.78,3.33,78.61,0,6,5,3,1,<rdkit.Chem.rdchem.Mol object at 0x000001CB2A415D20>,False,False
TRZ04202,Cc1nnc(/C=C\n2cnc(-c3cc(CF)cc(C(F)(F)F)c3)n2)nc1C,378.33,3.86,69.38,0,5,4,3,1,<rdkit.Chem.rdchem.Mol object at 0x000001CB2A415D90>,False,False
TRZ04203,CNC(=O)c1cnc(Nc2ccc(F)cn2)cc1Nc1ccc(-c2nnc(C)c(C)n2)cc1C,458.5,4.24,117.61,3,8,6,4,1,<rdkit.Chem.rdchem.Mol object at 0x000001CB2A415E00>,False,False
TRZ04204,Cc1nnc(-c2nc(C(=O)N3CCC(F)CC3)cs2)nc1C,321.38,2.19,71.87,0,6,2,2,1,<rdkit.Chem.rdchem.Mol object at 0x000001CB2A415E70>,False,False
TRZ04205,Cc1nnc(-c2nc(C(=O)N3CCC(F)(F)CC3)cs2)nc1C,339.37,2.48,71.87,0,6,2,2,1,<rdkit.Chem.rdchem.Mol object at 0x000001CB2A415EE0>,False,False
TRZ04206,CCc1cnc(N2CCC(CCCOc3cc(F)c(-c4nnc(C)c(C)n4)c(F)c3)CC2)nc1,468.55,4.86,76.92,0,7,8,3,1,<rdkit.Chem.rdchem.Mol object at 0x000001CB2A415F50>,False,False
TRZ04207,Cc1nnc(C2CCCC(Nc3ccc(C#N)c(C(F)(F)F)c3)C2)nc1C,375.4,4.52,74.49,1,5,3,2,1,<rdkit.Chem.rdchem.Mol object at 0x000001CB2A415FC0>,False,False
TRZ04208,COc1c(F)cc(Cc2nnc(C)c(C)n2)cc1F,265.26,2.37,47.9,0,4,3,2,1,<rdkit.Chem.rdchem.Mol object at 0x000001CB2A416030>,False,False
TRZ04209,Cc1ccc(NC(=O)[C@H]2CC(F)(F)C[C@@H]2c2nnc(C)c(C)n2)c(C)c1,360.41,3.87,67.77,1,4,3,2,1,<rdkit.Chem.rdchem.Mol object at 0x000001CB2A4160A0>,False,False
TRZ04210,Cc1nnc(C(C)c2cc(F)c(CN3S[C@H](c4ccccc4)C(=O)C(=O)[C@@H]3C)cc2F)nc1C,482.56,4.65,76.05,0,7,5,3,1,<rdkit.Chem.rdchem.Mol object at 0x000001CB2A416110>,False,False
TRZ04211,Cc1nnc(C(C)c2cc(F)c(CN3SC(c4ccccc4)C(=O)C(=O)C3C)cc2F)nc1C,482.56,4.65,76.05,0,7,5,3,1,<rdkit.Chem.rdchem.Mol object at 0x000001CB2A416180>,False,False
TRZ04213,Cc1nnc(Cc2cc(F)c(CN3[C@@H](C)CC[C@H](c4ccccc4)S3(=O)=O)cc2F)nc1C,472.56,4.41,76.05,0,5,5,3,1,<rdkit.Chem.rdchem.Mol object at 0x000001CB2A4161F0>,False,False
TRZ04214,Cc1nnc(C(C)c2cc(F)c(CN3[C@@H](C)CC[C@H](c4ccccc4)S3(=O)=O)cc2F)nc1C,486.59,4.97,76.05,0,5,5,3,1,<rdkit.Chem.rdchem.Mol object at 0x000001CB2A416260>,False,False
TRZ04216,Cc1nnc(-c2cc(-c3cccc(-n4ccc5cc(C6CC6)cc(F)c5c4=O)c3CON)c[nH]2)nc1C,496.55,4.86,111.71,2,6,6,5,1,<rdkit.Chem.rdchem.Mol object at 0x000001CB2A4162D0>,False,False
TRZ04217,Cc1nnc(-c2c(F)cc(C(C)(C)C)cc2CN)nc1C,288.37,3.05,64.69,1,4,2,2,1,<rdkit.Chem.rdchem.Mol object at 0x000001CB2A416340>,False,False
TRZ04218,Cc1ccc(/C=C/[C@@H]2[C@@H]3[C@@H](C)OC(=O)[C@]3(c3nnc(C)c(C)n3)CC(F)(F)[C@H]2C)nc1,428.48,4.0,77.86,0,6,3,2,1,<rdkit.Chem.rdchem.Mol object at 0x000001CB2A4163B0>,False,False
TRZ04219,Cc1nnc([C@@]23CC(F)(F)[C@@H](C)[C@H](/C=C/c4ccc(N)cn4)[C@@H]2[C@@H](C)OC3=O)nc1C,429.47,3.27,103.88,1,7,3,2,1,<rdkit.Chem.rdchem.Mol object at 0x000001CB2A416420>,False,False
TRZ04223,Cc1nnc(-c2cccc(S(=O)(=O)Nc3ccccc3C(F)(F)F)c2)nc1C,408.41,3.98,84.84,1,5,4,3,1,<rdkit.Chem.rdchem.Mol object at 0x000001CB2A416490>,False,False
TRZ04226,Cc1nnc(-c2ccnc(NC(=O)C(C)c3ccc(F)cc3)c2)nc1C,351.39,3.43,80.66,1,5,4,3,1,<rdkit.Chem.rdchem.Mol object at 0x000001CB2A416500>,False,False
TRZ04227,Cc1nnc(C(C)c2ccc(C(F)(F)F)cc2)nc1C,281.28,3.66,38.67,0,3,2,2,1,<rdkit.Chem.rdchem.Mol object at 0x000001CB2A416570>,False,False
TRZ04228,Cc1nnc(C(C)c2ccc(C(F)(F)F)cc2F)nc1C,299.27,3.8,38.67,0,3,2,2,1,<rdkit.Chem.rdchem.Mol object at 0x000001CB2A4165E0>,False,False
TRZ04229,Cc1nnc(-c2cncc(C(F)(F)F)c2)nc1C,254.21,2.57,51.56,0,4,1,2,1,<rdkit.Chem.rdchem.Mol object at 0x000001CB2A416650>,False,False
TRZ04230,Cc1nnc(-c2cccc(OC(F)F)n2)nc1C,252.22,2.15,60.79,0,5,3,2,1,<rdkit.Chem.rdchem.Mol object at 0x000001CB2A4166C0>,False,False
TRZ04231,Cc1nnc(-c2cccc(OCC(F)(F)F)n2)nc1C,284.24,2.49,60.79,0,5,3,2,1,<rdkit.Chem.rdchem.Mol object at 0x000001CB2A416730>,False,False
TRZ04232,Cc1nnc(-c2cccc(OCC(O)(C(F)(F)F)C(F)(F)F)n2)nc1C,382.26,2.78,81.02,1,6,4,2,1,<rdkit.Chem.rdchem.Mol object at 0x000001CB2A4167A0>,False,False
TRZ04233,Cc1nnc(C(C)N=Cc2cc(F)cc(F)c2)nc1C,276.29,2.95,51.03,0,4,3,2,1,<rdkit.Chem.rdchem.Mol object at 0x000001CB2A416810>,False,False
TRZ04234,Cc1nnc(-c2c(-c3ccc(F)cc3)oc3cc4c(cc23)CCCCN4S(C)(=O)=O)nc1C,466.54,4.81,89.19,0,6,3,4,1,<rdkit.Chem.rdchem.Mol object at 0x000001CB2A416880>,False,False
TRZ04235,Cc1nnc(C(CC2=CC=C(F)CC2)N2CC=C(C3=CC(Cl)=CCC3n3cnnn3)CC2)nc1C,495.01,4.81,85.51,0,7,6,2,1,<rdkit.Chem.rdchem.Mol object at 0x000001CB2A4168F0>,False,False
TRZ04236,Cc1nnc(-c2cccc(F)c2-c2nnc(C)c(C)n2)nc1C,310.34,2.76,77.34,0,6,2,3,2,<rdkit.Chem.rdchem.Mol object at 0x000001CB2A416960>,False,False
TRZ04237,CCNC(=O)NC1=NCC(C2=CN=CC(c3nnc(C)c(C)n3)C2)=C(n2cc(C(F)(F)F)cn2)C1,487.49,3.18,122.34,2,7,4,2,1,<rdkit.Chem.rdchem.Mol object at 0x000001CB2A4169D0>,False,False
TRZ04240,Cc1nnc(C(=O)Nc2ccc(N3CCCC(F)(F)CCC3)nc2)nc1C,376.41,3.15,83.9,1,6,3,2,1,<rdkit.Chem.rdchem.Mol object at 0x000001CB2A416A40>,False,False
TRZ04241,Cc1ccc(-c2nnc(C)c(C)n2)c(NC(=O)c2cn(-c3ncccc3Cl)nc2C(F)(F)F)c1,487.87,4.97,98.48,1,6,4,4,1,<rdkit.Chem.rdchem.Mol object at 0x000001CB2A416AB0>,False,False
TRZ04242,CCC(c1nnc(C)c(C)n1)C(O)c1cc(C(F)(F)F)cc(C(F)(F)F)c1,393.33,4.75,58.9,1,4,4,2,1,<rdkit.Chem.rdchem.Mol object at 0x000001CB2A416B20>,False,False
TRZ04243,Cc1nnc(-c2c(C)[nH]c(=O)c(C(=O)O)c2-c2cccc(C(F)(F)F)c2)nc1C,404.35,3.54,108.83,2,5,3,3,1,<rdkit.Chem.rdchem.Mol object at 0x000001CB2A416B90>,False,False
TRZ04244,Cc1nnc(-c2cn3c4c(c(N5CCN(C)CC5)c(F)cc4c2=O)OCC3C)nc1C,424.48,2.31,76.38,0,7,2,3,1,<rdkit.Chem.rdchem.Mol object at 0x000001CB2A416C00>,False,False
TRZ04245,Cc1nnc(C2CC3CSC(NC(=O)c4ccccc4)=NC3(c3ccc(F)cc3F)CO2)nc1C,495.56,4.27,89.36,1,7,3,3,1,<rdkit.Chem.rdchem.Mol object at 0x000001CB2A416C70>,False,False
TRZ04246,Cc1nnc(C(C)N=Cc2ccc(F)c(C(F)(F)F)c2)nc1C,326.3,3.83,51.03,0,4,3,2,1,<rdkit.Chem.rdchem.Mol object at 0x000001CB2A416CE0>,False,False
TRZ04247,Cc1nnc(C(O)c2ccc(-c3noc(-c4cnn(-c5ccccc5)c4C(F)(F)F)n3)cc2)nc1C,493.45,4.49,115.64,1,8,5,5,1,<rdkit.Chem.rdchem.Mol object at 0x000001CB2A416D50>,False,False
TRZ04248,Cc1ccc(Nc2c(-c3nnc(C)c(C)n3)c3c(c(=O)n2C)CCC3)c(F)c1,379.44,3.53,72.7,1,5,3,3,1,<rdkit.Chem.rdchem.Mol object at 0x000001CB2A416DC0>,False,False
TRZ04249,Cc1nnc(C(F)(F)c2ccc3nc(N)n(S)c3c2)nc1C,322.34,2.25,82.51,2,6,2,3,1,<rdkit.Chem.rdchem.Mol object at 0x000001CB2A416E30>,False,False
TRZ04250,CCCCC(OC(N)=O)(c1cccc(C(F)(F)F)c1)c1nnc(C)c(C)n1,382.39,4.04,90.99,1,5,6,2,1,<rdkit.Chem.rdchem.Mol object at 0x000001CB2A416EA0>,False,False
TRZ04254,Cc1nnc(-c2ccccc2CCc2ccc(F)c(C(=O)N3CC4OCCN(C)C4C3)c2)nc1C,475.57,3.23,71.45,0,6,5,3,1,<rdkit.Chem.rdchem.Mol object at 0x000001CB2A416F10>,False,False
TRZ04255,CCNC(=O)NC1=NCC2=C(C1)c1cc(C(F)(F)F)nn1C1C2=CN=CC1c1nnc(C)c(C)n1,485.47,2.89,122.34,2,7,2,2,1,<rdkit.Chem.rdchem.Mol object at 0x000001CB2A416F80>,False,False
TRZ04256,Cc1nnc(Cc2ccc(OCCC3CC3C3CCN(c4ncc(Cl)cn4)CC3)cc2F)nc1C,497.02,4.98,76.92,0,7,8,3,1,<rdkit.Chem.rdchem.Mol object at 0x000001CB2A416FF0>,False,False
TRZ04257,Cc1nnc(-c2ccn3c4c(nc3c2)CC(c2cc(F)c(F)cc2F)CC4)nc1C,409.42,4.49,55.97,0,4,2,4,1,<rdkit.Chem.rdchem.Mol object at 0x000001CB2A417060>,False,False
TRZ04258,Cc1nnc(Cc2ccc(OCCC3CC3C3CCNCC3)cc2F)nc1C,384.5,3.62,59.93,1,5,7,2,1,<rdkit.Chem.rdchem.Mol object at 0x000001CB2A4170D0>,False,False
TRZ04259,CCOC(=O)CC(Cc1ccc(-c2cc(F)ccc2OC)cc1)NC(=O)c1nnc(C)c(C)n1,466.51,3.6,103.3,1,7,9,3,1,<rdkit.Chem.rdchem.Mol object at 0x000001CB2A417140>,False,False
TRZ04260,Cc1nnc(C2OCCN(c3ccc(C#N)cc3F)C2=N)nc1C,326.34,2.05,98.78,1,6,2,2,1,<rdkit.Chem.rdchem.Mol object at 0x000001CB2A4171B0>,False,False
TRZ04261,CCc1ccc(F)c(-c2nnc(C)c(C)n2)c1,231.27,2.86,38.67,0,3,2,2,1,<rdkit.Chem.rdchem.Mol object at 0x000001CB2A417220>,False,False
TRZ04264,CCOc1ccc(Cc2nnc(C)c(C)n2)c(F)c1,261.3,2.62,47.9,0,4,4,2,1,<rdkit.Chem.rdchem.Mol object at 0x000001CB2A417290>,False,False
TRZ04265,Cc1nnc(Cc2ccc(OCCN(C)C)cc2F)nc1C,304.37,2.16,51.14,0,5,6,2,1,<rdkit.Chem.rdchem.Mol object at 0x000001CB2A417300>,False,False
TRZ04266,CN[C@@H](C)COc1ccc(Cc2nnc(C)c(C)n2)c(F)c1,304.37,2.21,59.93,1,5,6,2,1,<rdkit.Chem.rdchem.Mol object at 0x000001CB2A417370>,False,False
TRZ04267,CN[C@H](C)COc1ccc(Cc2nnc(C)c(C)n2)c(F)c1,304.37,2.21,59.93,1,5,6,2,1,<rdkit.Chem.rdchem.Mol object at 0x000001CB2A4173E0>,False,False
TRZ04268,CN[C@@H](COc1ccc(Cc2nnc(C)c(C)n2)c(F)c1)C(C)C,332.42,2.84,59.93,1,5,7,2,1,<rdkit.Chem.rdchem.Mol object at 0x000001CB2A417450>,False,False
TRZ04269,Cc1nnc(Cc2ccc(O[C@@H]3CCN(C)C3)cc2F)nc1C,316.38,2.3,51.14,0,5,4,2,1,<rdkit.Chem.rdchem.Mol object at 0x000001CB2A4174C0>,False,False
TRZ04270,Cc1nnc(Cc2ccc(OC[C@H]3CCCN3C)cc2F)nc1C,330.41,2.69,51.14,0,5,5,2,1,<rdkit.Chem.rdchem.Mol object at 0x000001CB2A417530>,False,False
TRZ04271,Cc1nnc(Cc2ccc(OC[C@@H](C)NC(=O)OC(C)(C)C)cc2F)nc1C,390.46,3.51,86.23,1,6,6,2,1,<rdkit.Chem.rdchem.Mol object at 0x000001CB2A4175A0>,False,False
TRZ04272,Cc1nnc(Cc2ccc(OC[C@H](C)NC(=O)OC(C)(C)C)cc2F)nc1C,390.46,3.51,86.23,1,6,6,2,1,<rdkit.Chem.rdchem.Mol object at 0x000001CB2A417610>,False,False
TRZ04273,Cc1nnc(Cc2ccc(OC[C@H]3CCCN3C(=O)OC(C)(C)C)cc2F)nc1C,416.5,4.0,77.44,0,6,5,2,1,<rdkit.Chem.rdchem.Mol object at 0x000001CB2A417680>,False,False
TRZ04274,Cc1nnc(Cc2ccc(OC[C@H](NC(=O)OC(C)(C)C)C(C)C)cc2F)nc1C,418.51,4.15,86.23,1,6,7,2,1,<rdkit.Chem.rdchem.Mol object at 0x000001CB2A4176F0>,False,False
TRZ04275,Cc1nnc(Cc2ccc(O[C@@H]3CCN(C(=O)OC(C)(C)C)C3)cc2F)nc1C,402.47,3.61,77.44,0,6,4,2,1,<rdkit.Chem.rdchem.Mol object at 0x000001CB2A417760>,False,False
TRZ04276,Cc1nnc(Cc2ccc(OCCN(C)C(=O)OC(C)(C)C)cc2F)nc1C,390.46,3.46,77.44,0,6,6,2,1,<rdkit.Chem.rdchem.Mol object at 0x000001CB2A4177D0>,False,False
TRZ04278,Cc1cc(OC[C@H]2COC(C)(C)N2C(=O)OC(C)(C)C)c(F)cc1-c1nnc(C)c(C)n1,446.52,4.35,86.67,0,7,4,2,1,<rdkit.Chem.rdchem.Mol object at 0x000001CB2A417840>,False,False
TRZ04279,Cc1nnc(-c2cc(F)c3c(c2Cl)C(C)(C)OC(=O)N2[C@H](CCO3)COC2(C)C)nc1C,464.93,4.54,86.67,0,7,1,2,1,<rdkit.Chem.rdchem.Mol object at 0x000001CB2A4178B0>,False,False
TRZ04280,Cc1nnc(-c2ncc(F)cc2N2CCOCC2)nc1C,289.31,1.53,64.03,0,6,2,2,1,<rdkit.Chem.rdchem.Mol object at 0x000001CB2A417920>,False,False
TRZ04281,Cc1nnc(-c2cccc(F)c2N2CCOCC2)nc1C,288.33,2.13,51.14,0,5,2,2,1,<rdkit.Chem.rdchem.Mol object at 0x000001CB2A417990>,False,False
TRZ04282,Cc1nnc(-c2ccc(C(F)(F)F)cc2N2CCOCC2)nc1C,338.33,3.01,51.14,0,5,2,2,1,<rdkit.Chem.rdchem.Mol object at 0x000001CB2A417A00>,False,False
TRZ04283,Cc1nnc(-c2ncc(C(F)(F)F)cc2N2CCOCC2)nc1C,339.32,2.41,64.03,0,6,2,2,1,<rdkit.Chem.rdchem.Mol object at 0x000001CB2A417A70>,False,False
TRZ04284,Cc1nnc(-c2ncc(C(F)(F)F)cc2CCO)nc1C,298.27,2.1,71.79,1,5,3,2,1,<rdkit.Chem.rdchem.Mol object at 0x000001CB2A417AE0>,False,False
TRZ04285,Cc1nnc(-c2ccc(F)nc2N2CCOCC2)nc1C,289.31,1.53,64.03,0,6,2,2,1,<rdkit.Chem.rdchem.Mol object at 0x000001CB2A417B50>,False,False
TRZ04286,COC/C=C/c1cc(C(F)(F)F)cnc1-c1nnc(C)c(C)n1,324.31,3.23,60.79,0,5,4,2,1,<rdkit.Chem.rdchem.Mol object at 0x000001CB2A417BC0>,False,False
TRZ04287,COCC(C)(C)Nc1cc(C(F)(F)F)cnc1-c1nnc(C)c(C)n1,355.36,3.41,72.82,1,6,5,2,1,<rdkit.Chem.rdchem.Mol object at 0x000001CB2A417C30>,False,False
TRZ04288,Cc1nnc(-c2cn(CC(F)(F)F)nc2N2CCOCC2)nc1C,342.33,1.75,68.96,0,6,3,2,1,<rdkit.Chem.rdchem.Mol object at 0x000001CB2A417CA0>,False,False
TRZ04289,Cc1nnc(-c2nc(C(F)(F)F)sc2N2CCOCC2=O)nc1C,359.33,1.99,81.1,0,7,2,2,1,<rdkit.Chem.rdchem.Mol object at 0x000001CB2A417D10>,False,False
TRZ04290,CC/C=C/c1cc(C(F)(F)F)cnc1-c1nnc(C)c(C)n1,308.31,3.99,51.56,0,4,3,2,1,<rdkit.Chem.rdchem.Mol object at 0x000001CB2A417D80>,False,False
TRZ04291,CCCCc1cc(C(F)(F)F)cnc1-c1nnc(C)c(C)n1,310.32,3.91,51.56,0,4,4,2,1,<rdkit.Chem.rdchem.Mol object at 0x000001CB2A417DF0>,False,False
TRZ04292,CCC(C)(C)Nc1cc(C(F)(F)F)cnc1-c1nnc(C)c(C)n1,339.37,4.17,63.59,1,5,4,2,1,<rdkit.Chem.rdchem.Mol object at 0x000001CB2A417E60>,False,False
TRZ04293,CC[C@@H]1C[C@H]1c1cc(C(F)(F)F)cnc1-c1nnc(C)c(C)n1,322.33,4.08,51.56,0,4,3,2,1,<rdkit.Chem.rdchem.Mol object at 0x000001CB2A417ED0>,False,False
TRZ04294,CC[C@H]1C[C@@H]1c1cc(C(F)(F)F)cnc1-c1nnc(C)c(C)n1,322.33,4.08,51.56,0,4,3,2,1,<rdkit.Chem.rdchem.Mol object at 0x000001CB2A417F40>,False,False
TRZ04296,Cc1nnc(-c2ccc(CN(c3ccccc3F)S(C)(=O)=O)c(F)c2)nc1C,404.44,3.4,76.05,0,5,5,3,1,<rdkit.Chem.rdchem.Mol object at 0x000001CB2A418040>,False,False
TRZ04297,Cc1nnc(-c2ccc(CN(c3ccc(Br)cc3)S(C)(=O)=O)c(F)c2)nc1C,465.35,4.02,76.05,0,5,5,3,1,<rdkit.Chem.rdchem.Mol object at 0x000001CB2A4180B0>,False,False
TRZ04298,Cc1nnc(-c2ccc(CN(c3ccccc3Cl)S(C)(=O)=O)c(F)c2)nc1C,420.9,3.91,76.05,0,5,5,3,1,<rdkit.Chem.rdchem.Mol object at 0x000001CB2A418120>,False,False
TRZ04300,Cc1nnc(-c2ccc(CN(c3ccccc3C(F)(F)F)S(C)(=O)=O)c(F)c2)nc1C,454.45,4.28,76.05,0,5,5,3,1,<rdkit.Chem.rdchem.Mol object at 0x000001CB2A418190>,False,False
TRZ04304,Cc1nnc(-c2ccc(CN(c3ccc(Cl)cc3)S(C)(=O)=O)c(F)c2)nc1C,420.9,3.91,76.05,0,5,5,3,1,<rdkit.Chem.rdchem.Mol object at 0x000001CB2A418200>,False,False
TRZ04305,Cc1nnc(-c2ccc(CN(c3cncnc3)S(C)(=O)=O)c(F)c2)nc1C,388.43,2.05,101.83,0,7,5,3,1,<rdkit.Chem.rdchem.Mol object at 0x000001CB2A418270>,False,False
TRZ04308,CCS(=O)(=O)N(Cc1ccc(-c2nnc(C)c(C)n2)cc1F)c1ccccc1,400.48,3.65,76.05,0,5,6,3,1,<rdkit.Chem.rdchem.Mol object at 0x000001CB2A4182E0>,False,False
TRZ04309,CCS(=O)(=O)N(Cc1ccc(-c2nnc(C)c(C)n2)cn1)c1cc(F)cc(F)c1,419.46,3.18,88.94,0,6,6,3,1,<rdkit.Chem.rdchem.Mol object at 0x000001CB2A418350>,False,False
TRZ04311,Cc1nnc(-c2ccc(CN(c3ccccc3)S(=O)(=O)CCCN3CC[C@@H](F)C3)cc2)nc1C,483.61,3.93,79.29,0,6,9,3,1,<rdkit.Chem.rdchem.Mol object at 0x000001CB2A4183C0>,False,False
TRZ04312,Cc1nnc(-c2ccc(CN(c3ccccc3)S(=O)(=O)CCCN3CCC(F)C3)cc2)nc1C,483.61,3.93,79.29,0,6,9,3,1,<rdkit.Chem.rdchem.Mol object at 0x000001CB2A418430>,False,False
TRZ04314,Cc1nnc(-c2ccc(CN(c3cccc(F)c3)S(=O)(=O)c3cccnc3)c(F)c2)nc1C,467.5,4.22,88.94,0,6,6,4,1,<rdkit.Chem.rdchem.Mol object at 0x000001CB2A4184A0>,False,False
TRZ04315,Cc1nnc(-c2ccc(CN(c3ccccc3)S(C)(=O)=O)c(F)c2)nc1C,386.45,3.26,76.05,0,5,5,3,1,<rdkit.Chem.rdchem.Mol object at 0x000001CB2A418510>,False,False
TRZ04316,Cc1nnc(-c2ccc(CN(c3cccc(F)c3)S(=O)(=O)c3cccnc3)cc2)nc1C,449.51,4.09,88.94,0,6,6,4,1,<rdkit.Chem.rdchem.Mol object at 0x000001CB2A418580>,False,False
TRZ04318,Cc1nnc(-c2ccc(CN(c3cccc(C(F)(F)F)c3)S(C)(=O)=O)nc2)nc1C,437.45,3.54,88.94,0,6,5,3,1,<rdkit.Chem.rdchem.Mol object at 0x000001CB2A4185F0>,False,False
TRZ04319,CCS(=O)(=O)N(Cc1ccc(-c2nnc(C)c(C)n2)cc1F)c1ccc2cnn(C)c2c1,454.53,3.54,93.87,0,6,6,4,1,<rdkit.Chem.rdchem.Mol object at 0x000001CB2A418660>,False,False
TRZ04320,Cc1nnc(-c2ccc(CCS(=O)(=O)NC3CCN(C(=O)OC(C)(C)C)CC3)c(F)c2)nc1C,493.61,3.16,114.38,1,7,6,2,1,<rdkit.Chem.rdchem.Mol object at 0x000001CB2A4186D0>,False,False
TRZ04321,Cc1nnc(-c2ccc(CN(C3CCN(C(=O)OC(C)(C)C)CC3)S(C)(=O)=O)c(F)c2)nc1C,493.61,3.46,105.59,0,7,5,2,1,<rdkit.Chem.rdchem.Mol object at 0x000001CB2A418740>,False,False
TRZ04323,Cc1nnc(-c2ccc(CN(c3cccnc3)S(C)(=O)=O)c(F)c2)nc1C,387.44,2.66,88.94,0,6,5,3,1,<rdkit.Chem.rdchem.Mol object at 0x000001CB2A4187B0>,False,False
TRZ04324,Cc1ccc(N(Cc2ccc(-c3nnc(C)c(C)n3)cc2F)S(C)(=O)=O)cc1,400.48,3.57,76.05,0,5,5,3,1,<rdkit.Chem.rdchem.Mol object at 0x000001CB2A418820>,False,False
TRZ04326,Cc1nnc(-c2ccc(CN(c3ccc(F)cc3)S(=O)(=O)N3CCOCC3)cc2)nc1C,457.53,2.88,88.52,0,6,6,3,1,<rdkit.Chem.rdchem.Mol object at 0x000001CB2A418890>,False,False
TRZ04328,Cc1nnc(-c2ccc(CN(c3cccc(F)c3)S(C)(=O)=O)nc2)nc1C,387.44,2.66,88.94,0,6,5,3,1,<rdkit.Chem.rdchem.Mol object at 0x000001CB2A418900>,False,False
TRZ04331,COc1ccccc1N(Cc1ccc(-c2nnc(C)c(C)n2)cc1F)S(C)(=O)=O,416.48,3.27,85.28,0,6,6,3,1,<rdkit.Chem.rdchem.Mol object at 0x000001CB2A418970>,False,False
TRZ04332,CCS(=O)(=O)N(Cc1ccc(-c2nnc(C)c(C)n2)cc1F)c1cccc(C2CCN(C)CC2)c1,497.64,4.46,79.29,0,6,7,3,1,<rdkit.Chem.rdchem.Mol object at 0x000001CB2A4189E0>,False,False
TRZ04334,Cc1nnc(-c2ccc(CN(c3ccccc3)S(=O)(=O)CCCN3CCOCC3)c(F)c2)nc1C,499.61,3.35,88.52,0,7,9,3,1,<rdkit.Chem.rdchem.Mol object at 0x000001CB2A418A50>,False,False
TRZ04335,Cc1nnc(-c2ccc(CN(c3cccnc3)S(C)(=O)=O)cc2F)nc1C,387.44,2.66,88.94,0,6,5,3,1,<rdkit.Chem.rdchem.Mol object at 0x000001CB2A418AC0>,False,False
TRZ04336,Cc1nnc(-c2ccc(CN(c3ccc(F)cc3)S(C)(=O)=O)c(F)c2)nc1C,404.44,3.4,76.05,0,5,5,3,1,<rdkit.Chem.rdchem.Mol object at 0x000001CB2A418B30>,False,False
TRZ04337,COc1cccc(N(Cc2ccc(-c3nnc(C)c(C)n3)cc2F)S(C)(=O)=O)c1,416.48,3.27,85.28,0,6,6,3,1,<rdkit.Chem.rdchem.Mol object at 0x000001CB2A418BA0>,False,False
TRZ04338,Cc1ccccc1N(Cc1ccc(-c2nnc(C)c(C)n2)cc1F)S(C)(=O)=O,400.48,3.57,76.05,0,5,5,3,1,<rdkit.Chem.rdchem.Mol object at 0x000001CB2A418C10>,False,False
TRZ04339,CCN1CCC(S(=O)(=O)N(Cc2ccc(-c3nnc(C)c(C)n3)cc2F)c2ccccc2)CC1,483.61,4.12,79.29,0,6,7,3,1,<rdkit.Chem.rdchem.Mol object at 0x000001CB2A418C80>,False,False
TRZ04340,CCS(=O)(=O)N(Cc1ccc(-c2nnc(C)c(C)n2)cc1F)c1cccc2c1cnn2C,454.53,3.54,93.87,0,6,6,4,1,<rdkit.Chem.rdchem.Mol object at 0x000001CB2A418CF0>,False,False
TRZ04341,Cc1nnc(-c2ccc(CN(Cc3ccccn3)S(C)(=O)=O)c(F)c2)nc1C,401.47,2.65,88.94,0,6,6,3,1,<rdkit.Chem.rdchem.Mol object at 0x000001CB2A418D60>,False,False
TRZ04342,CCS(=O)(=O)N(Cc1ccc(-c2nnc(C)c(C)n2)cn1)c1ccc(F)c(F)c1,419.46,3.18,88.94,0,6,6,3,1,<rdkit.Chem.rdchem.Mol object at 0x000001CB2A418DD0>,False,False
TRZ04343,Cc1cccc(N(Cc2ccc(-c3nnc(C)c(C)n3)cc2F)S(C)(=O)=O)c1,400.48,3.57,76.05,0,5,5,3,1,<rdkit.Chem.rdchem.Mol object at 0x000001CB2A418E40>,False,False
TRZ04344,CCS(=O)(=O)N(Cc1ccc(-c2nnc(C)c(C)n2)cn1)c1ccc(C)c(F)c1,415.49,3.35,88.94,0,6,6,3,1,<rdkit.Chem.rdchem.Mol object at 0x000001CB2A418EB0>,False,False
TRZ04345,CCS(=O)(=O)N(Cc1ccc(-c2nnc(C)c(C)n2)cn1)c1ccc(F)c(Cl)c1,435.91,3.7,88.94,0,6,6,3,1,<rdkit.Chem.rdchem.Mol object at 0x000001CB2A418F20>,False,False
TRZ04346,Cc1nnc(-c2ccc(CN(c3ccc(F)c(Cl)c3)S(C)(=O)=O)nc2)nc1C,421.89,3.31,88.94,0,6,5,3,1,<rdkit.Chem.rdchem.Mol object at 0x000001CB2A418F90>,False,False
TRZ04348,Cc1nnc(-c2ccc(CN(c3cncc(F)c3)S(C)(=O)=O)c(F)c2)nc1C,405.43,2.79,88.94,0,6,5,3,1,<rdkit.Chem.rdchem.Mol object at 0x000001CB2A419000>,False,False
TRZ04349,Cc1nnc(-c2ccc(CN(c3ccccc3)S(=O)(=O)C3CCN(C)CC3)c(F)c2)nc1C,469.59,3.73,79.29,0,6,6,3,1,<rdkit.Chem.rdchem.Mol object at 0x000001CB2A419070>,False,False
TRZ04351,Cc1nnc(-c2ccc(CN(c3ccccc3)S(=O)(=O)CCCN3CC[C@H](F)C3)cc2)nc1C,483.61,3.93,79.29,0,6,9,3,1,<rdkit.Chem.rdchem.Mol object at 0x000001CB2A4190E0>,False,False
TRZ04353,CCS(=O)(=O)N(Cc1ccc(-c2nnc(C)c(C)n2)cn1)c1ccc(F)c(C)c1,415.49,3.35,88.94,0,6,6,3,1,<rdkit.Chem.rdchem.Mol object at 0x000001CB2A419150>,False,False
TRZ04354,Cc1nnc(-c2ccc(CN(c3cccc(C(F)(F)F)c3)S(C)(=O)=O)c(F)c2)nc1C,454.45,4.28,76.05,0,5,5,3,1,<rdkit.Chem.rdchem.Mol object at 0x000001CB2A4191C0>,False,False
TRZ04355,COc1ccc(N(Cc2ccc(-c3nnc(C)c(C)n3)cc2F)S(C)(=O)=O)cc1,416.48,3.27,85.28,0,6,6,3,1,<rdkit.Chem.rdchem.Mol object at 0x000001CB2A419230>,False,False
TRZ04356,Cc1nnc(-c2ccc(CN(c3cccc(F)c3)S(C)(=O)=O)c(F)c2)nc1C,404.44,3.4,76.05,0,5,5,3,1,<rdkit.Chem.rdchem.Mol object at 0x000001CB2A4192A0>,False,False
TRZ04357,Cc1nnc(-c2ccc(CN(c3ccccc3)S(C)(=O)=O)cc2F)nc1C,386.45,3.26,76.05,0,5,5,3,1,<rdkit.Chem.rdchem.Mol object at 0x000001CB2A419310>,False,False
TRZ04358,Cc1nnc(-c2ccc(CN(c3ccc4c(c3)OCO4)S(C)(=O)=O)c(F)c2)nc1C,430.46,2.99,94.51,0,7,5,3,1,<rdkit.Chem.rdchem.Mol object at 0x000001CB2A419380>,False,False
TRZ04361,Cc1nnc(-c2ccc(CN(c3ccc(C(F)(F)F)cc3)S(C)(=O)=O)c(F)c2)nc1C,454.45,4.28,76.05,0,5,5,3,1,<rdkit.Chem.rdchem.Mol object at 0x000001CB2A4193F0>,False,False
TRZ04362,CCS(=O)(=O)N(Cc1ccc(-c2nnc(C)c(C)n2)cc1F)c1cccc2cnn(C)c12,454.53,3.54,93.87,0,6,6,4,1,<rdkit.Chem.rdchem.Mol object at 0x000001CB2A419460>,False,False
TRZ04363,Cc1nnc(-c2ccc(CN(c3cccc(Br)c3)S(C)(=O)=O)c(F)c2)nc1C,465.35,4.02,76.05,0,5,5,3,1,<rdkit.Chem.rdchem.Mol object at 0x000001CB2A4194D0>,False,False
TRZ04369,Cc1nnc(-c2cccc(OC(F)(F)F)n2)nc1C,270.21,2.45,60.79,0,5,2,2,1,<rdkit.Chem.rdchem.Mol object at 0x000001CB2A419540>,False,False
TRZ04370,C=NC=N/C=C(\C)N(Cc1ccc(-c2nnc(C)c(C)n2)cc1F)S(C)(=O)=O,404.47,2.65,100.77,0,6,7,2,1,<rdkit.Chem.rdchem.Mol object at 0x000001CB2A4195B0>,False,False
TRZ04371,Cc1nnc(-c2ccc(CN(C(=O)c3ccncc3)c3ccccc3)c(F)c2)nc1C,413.46,4.54,71.87,0,5,5,4,1,<rdkit.Chem.rdchem.Mol object at 0x000001CB2A419620>,False,False
TRZ04372,Cc1nnc(-c2ccc(CN(C(=O)C3CN(C(=O)OC(C)(C)C)C3)c3ccccc3)c(F)c2)nc1C,491.57,4.69,88.52,0,6,5,3,1,<rdkit.Chem.rdchem.Mol object at 0x000001CB2A419690>,False,False
TRZ04373,CC(=O)N(Cc1ccc(-c2nnc(C)c(C)n2)cc1F)c1ccccc1,350.4,3.85,58.98,0,4,4,3,1,<rdkit.Chem.rdchem.Mol object at 0x000001CB2A419700>,False,False
TRZ04375,CC(=O)N(Cc1ccc(-c2nnc(C)c(C)n2)cc1F)c1cccc(F)c1,368.39,3.99,58.98,0,4,4,3,1,<rdkit.Chem.rdchem.Mol object at 0x000001CB2A419770>,False,False
TRZ04376,CCC(=O)N(Cc1ccc(-c2nnc(C)c(C)n2)cc1F)c1cccc(F)c1,382.41,4.38,58.98,0,4,5,3,1,<rdkit.Chem.rdchem.Mol object at 0x000001CB2A4197E0>,False,False
TRZ04377,Cc1nnc(-c2ccc(CN(C(=O)c3cccnc3)c3cccc(F)c3)nc2)nc1C,414.44,3.93,84.76,0,6,5,4,1,<rdkit.Chem.rdchem.Mol object at 0x000001CB2A419850>,False,False
TRZ04378,Cc1nnc(-c2ccc(CN(C(=O)c3ccncc3)c3cccc(F)c3)nc2)nc1C,414.44,3.93,84.76,0,6,5,4,1,<rdkit.Chem.rdchem.Mol object at 0x000001CB2A4198C0>,False,False
TRZ04379,CCN1CCC(C(=O)N(Cc2ccc(-c3nnc(C)c(C)n3)cn2)c2cccc(F)c2)CC1,448.55,3.95,75.11,0,6,6,3,1,<rdkit.Chem.rdchem.Mol object at 0x000001CB2A419930>,False,False
TRZ04383,Cc1nnc(-c2ccc(CN(C(=O)C3CCN(C)CC3)c3cccc(F)c3)nc2)nc1C,434.52,3.56,75.11,0,6,5,3,1,<rdkit.Chem.rdchem.Mol object at 0x000001CB2A4199A0>,False,False
TRZ04384,Cc1nnc(-c2ccc(CN(C(=O)c3ccncc3)c3cccc(F)c3)c(F)c2)nc1C,431.45,4.68,71.87,0,5,5,4,1,<rdkit.Chem.rdchem.Mol object at 0x000001CB2A419A10>,False,False
TRZ04385,CCCC(=O)N(Cc1ccc(-c2nnc(C)c(C)n2)cc1F)c1cccc(F)c1,396.44,4.77,58.98,0,4,6,3,1,<rdkit.Chem.rdchem.Mol object at 0x000001CB2A419A80>,False,False
TRZ04388,C=C(C)N(Cc1ccc(-c2nnc(C)c(C)n2)cc1F)c1ccccc1,348.43,4.83,41.91,0,4,5,3,1,<rdkit.Chem.rdchem.Mol object at 0x000001CB2A419AF0>,False,False
TRZ04389,CCc1nc(F)c(-c2nnc(C)c(C)n2)c(F)c1F,268.24,2.53,51.56,0,4,2,2,1,<rdkit.Chem.rdchem.Mol object at 0x000001CB2A419B60>,False,False
TRZ04390,Cc1nnc(-c2ccc(NCc3cccc(OC(F)(F)F)c3)nc2)nc1C,375.35,4.06,72.82,1,6,5,3,1,<rdkit.Chem.rdchem.Mol object at 0x000001CB2A419BD0>,False,False
TRZ04393,Cc1nnc(C(CCCCl)c2ccc(F)cc2Cl)nc1C,328.22,4.43,38.67,0,3,5,2,1,<rdkit.Chem.rdchem.Mol object at 0x000001CB2A419C40>,False,False
TRZ04394,CCS(=O)(=O)c1cc(C(F)(F)F)cnc1-c1nnc(C)c(C)n1,346.33,2.36,85.7,0,6,3,2,1,<rdkit.Chem.rdchem.Mol object at 0x000001CB2A419CB0>,False,False
TRZ04395,CCSc1cc(C(F)(F)F)ccc1-c1nnc(C)c(C)n1,313.35,4.29,38.67,0,4,3,2,1,<rdkit.Chem.rdchem.Mol object at 0x000001CB2A419D20>,False,False
TRZ04396,Cc1nnc(CN(C)CCN(C)Cc2cccc(C(F)(F)F)c2)nc1C,367.42,3.07,45.15,0,5,7,2,1,<rdkit.Chem.rdchem.Mol object at 0x000001CB2A419D90>,False,False
TRZ04397,Cc1nnc(-c2cnc(NC3(c4cccc(C(F)(F)F)c4)CC3)nc2)nc1C,386.38,4.07,76.48,1,6,4,3,1,<rdkit.Chem.rdchem.Mol object at 0x000001CB2A419E00>,False,False
TRZ04398,Cc1nnc(-c2cnc(NC3(c4cc(F)cc(F)c4)CC3)nc2)nc1C,354.36,3.32,76.48,1,6,4,3,1,<rdkit.Chem.rdchem.Mol object at 0x000001CB2A419E70>,False,False
TRZ04399,Cc1nnc(-c2cnc(NC3(c4ccc(F)c(F)c4)CCC3)nc2)nc1C,368.39,3.71,76.48,1,6,4,3,1,<rdkit.Chem.rdchem.Mol object at 0x000001CB2A419EE0>,False,False
TRZ04400,Cc1nnc(-c2cnc(NC3(c4ccc(F)cc4F)CCC3)nc2)nc1C,368.39,3.71,76.48,1,6,4,3,1,<rdkit.Chem.rdchem.Mol object at 0x000001CB2A419F50>,False,False
TRZ04401,Cc1nnc(-c2cnc(NC3(c4cccc(F)c4F)CCC3)nc2)nc1C,368.39,3.71,76.48,1,6,4,3,1,<rdkit.Chem.rdchem.Mol object at 0x000001CB2A419FC0>,False,False
TRZ04402,Cc1nnc(-c2cnc(NC3(c4ccc(C(F)(F)F)cc4)CCC3)nc2)nc1C,400.41,4.46,76.48,1,6,4,3,1,<rdkit.Chem.rdchem.Mol object at 0x000001CB2A41A030>,False,False
TRZ04403,Cc1nnc(-c2cnc(NC3(c4ccc(C(F)(F)F)cc4)CC3)nc2)nc1C,386.38,4.07,76.48,1,6,4,3,1,<rdkit.Chem.rdchem.Mol object at 0x000001CB2A41A0A0>,False,False
TRZ04404,Cc1nnc(-c2cnc(NC3(c4cc(F)ccc4F)CCC3)nc2)nc1C,368.39,3.71,76.48,1,6,4,3,1,<rdkit.Chem.rdchem.Mol object at 0x000001CB2A41A110>,False,False
TRZ04405,Cc1nnc(-c2cnc(NC3(c4ccccc4F)CCC3)nc2)nc1C,350.4,3.58,76.48,1,6,4,3,1,<rdkit.Chem.rdchem.Mol object at 0x000001CB2A41A180>,False,False
TRZ04406,Cc1nnc(-c2cnc(NC3(c4ccccc4OC(F)(F)F)CCC3)nc2)nc1C,416.41,4.34,85.71,1,7,5,3,1,<rdkit.Chem.rdchem.Mol object at 0x000001CB2A41A1F0>,False,False
TRZ04407,Cc1nnc(-c2cnc(NC3(c4cc(F)cc(F)c4)CCC3)nc2)nc1C,368.39,3.71,76.48,1,6,4,3,1,<rdkit.Chem.rdchem.Mol object at 0x000001CB2A41A260>,False,False
TRZ04408,Cc1nnc(-c2cnc(NC3(c4ccc(F)c(N5CCOCC5)c4)CCC3)nc2)nc1C,435.51,3.41,88.95,1,8,5,3,1,<rdkit.Chem.rdchem.Mol object at 0x000001CB2A41A2D0>,False,False
TRZ04409,Cc1nnc(-c2cnc(NC3(c4ccccc4C(F)(F)F)CCC3)nc2)nc1C,400.41,4.46,76.48,1,6,4,3,1,<rdkit.Chem.rdchem.Mol object at 0x000001CB2A41A340>,False,False
TRZ04410,Cc1nnc(-c2cnc(NC3(c4cccc(Cl)c4F)CCC3)nc2)nc1C,384.85,4.23,76.48,1,6,4,3,1,<rdkit.Chem.rdchem.Mol object at 0x000001CB2A41A3B0>,False,False
TRZ04411,Cc1nnc(-c2cnc(NC3(c4cc(Cl)ccc4F)CCC3)nc2)nc1C,384.85,4.23,76.48,1,6,4,3,1,<rdkit.Chem.rdchem.Mol object at 0x000001CB2A41A420>,False,False
TRZ04412,Cc1nnc(-c2cnc(NC3(c4ccc(Cl)cc4F)CC3)nc2)nc1C,370.82,3.84,76.48,1,6,4,3,1,<rdkit.Chem.rdchem.Mol object at 0x000001CB2A41A490>,False,False
TRZ04413,Cc1nnc(-c2cnc(NC3(c4cccc(C(F)(F)F)c4)CCC3)nc2)nc1C,400.41,4.46,76.48,1,6,4,3,1,<rdkit.Chem.rdchem.Mol object at 0x000001CB2A41A500>,False,False
TRZ04414,Cc1nnc(-c2cnc(NC3(c4ccc(F)cc4Cl)CCC3)nc2)nc1C,384.85,4.23,76.48,1,6,4,3,1,<rdkit.Chem.rdchem.Mol object at 0x000001CB2A41A570>,False,False
TRZ04415,Cc1nnc(-c2cnc(NC3(c4ccc(F)c(F)c4)CC3)nc2)nc1C,354.36,3.32,76.48,1,6,4,3,1,<rdkit.Chem.rdchem.Mol object at 0x000001CB2A41A5E0>,False,False
TRZ04416,Cc1nnc(-c2cnc(NC3(c4cccc(F)c4)CC3)nc2)nc1C,336.37,3.19,76.48,1,6,4,3,1,<rdkit.Chem.rdchem.Mol object at 0x000001CB2A41A650>,False,False
TRZ04417,Cc1nnc(-c2cnc(NC3(c4ccc(Cl)c(F)c4)CC3)nc2)nc1C,370.82,3.84,76.48,1,6,4,3,1,<rdkit.Chem.rdchem.Mol object at 0x000001CB2A41A6C0>,False,False
TRZ04418,Cc1nnc(-c2cnc(NC3(c4cccc(F)c4)CCC3)nc2)nc1C,350.4,3.58,76.48,1,6,4,3,1,<rdkit.Chem.rdchem.Mol object at 0x000001CB2A41A730>,False,False
TRZ04419,Cc1nnc(-c2cnc(NC3(c4c(F)cccc4F)CCC3)nc2)nc1C,368.39,3.71,76.48,1,6,4,3,1,<rdkit.Chem.rdchem.Mol object at 0x000001CB2A41A7A0>,False,False
TRZ04420,Cc1nnc(-c2cnc(NC3(c4ccc(F)cc4F)CC3)nc2)nc1C,354.36,3.32,76.48,1,6,4,3,1,<rdkit.Chem.rdchem.Mol object at 0x000001CB2A41A810>,False,False
TRZ04421,Cc1nnc(-c2cnc(NC3(c4ccc(F)cc4)CC3)nc2)nc1C,336.37,3.19,76.48,1,6,4,3,1,<rdkit.Chem.rdchem.Mol object at 0x000001CB2A41A880>,False,False
TRZ04422,Cc1nnc(-c2cnc(NC3(c4ccc(F)cc4)CCC3)nc2)nc1C,350.4,3.58,76.48,1,6,4,3,1,<rdkit.Chem.rdchem.Mol object at 0x000001CB2A41A8F0>,False,False
TRZ04423,Cc1nnc(-c2cnc(NC3(c4ccc(F)c(Cl)c4)CCC3)nc2)nc1C,384.85,4.23,76.48,1,6,4,3,1,<rdkit.Chem.rdchem.Mol object at 0x000001CB2A41A960>,False,False
TRZ04424,Cc1nnc(-c2cnc(NC3(c4cc(F)c(F)cc4F)CCC3)nc2)nc1C,386.38,3.85,76.48,1,6,4,3,1,<rdkit.Chem.rdchem.Mol object at 0x000001CB2A41A9D0>,False,False
TRZ04425,Cc1nnc(-c2cnc(NC3(c4cc(F)ccc4Cl)CCC3)nc2)nc1C,384.85,4.23,76.48,1,6,4,3,1,<rdkit.Chem.rdchem.Mol object at 0x000001CB2A41AA40>,False,False
TRZ04426,Cc1nnc(-c2cnc(NC3(c4ccc(F)c(Cl)c4)CC3)nc2)nc1C,370.82,3.84,76.48,1,6,4,3,1,<rdkit.Chem.rdchem.Mol object at 0x000001CB2A41AAB0>,False,False
TRZ04427,Cc1nnc(-c2cnc(NC3(c4ccc(OC(F)(F)F)cc4)CCC3)nc2)nc1C,416.41,4.34,85.71,1,7,5,3,1,<rdkit.Chem.rdchem.Mol object at 0x000001CB2A41AB20>,False,False
TRZ04428,Cc1nnc(C2C=NC(NC3(c4ccc(Cl)c(F)c4)CC3)=NC2)nc1C,372.84,3.08,75.42,1,6,3,2,1,<rdkit.Chem.rdchem.Mol object at 0x000001CB2A41AB90>,False,False
TRZ04429,Cc1nnc(-c2c(Cl)cccc2C2(C(F)(F)F)CC2)nc1C,327.74,4.4,38.67,0,3,2,2,1,<rdkit.Chem.rdchem.Mol object at 0x000001CB2A41AC00>,False,False
TRZ04430,Cc1nnc(C2CC=C(c3cccc(F)c3C)CC2)nc1C,297.38,4.29,38.67,0,3,2,2,1,<rdkit.Chem.rdchem.Mol object at 0x000001CB2A41AC70>,False,False
TRZ04431,COC(=O)C1CN(CCc2nnc(C)c(C)n2)C[C@H]1c1ccc(F)cc1F,376.41,2.2,68.21,0,6,5,2,1,<rdkit.Chem.rdchem.Mol object at 0x000001CB2A41ACE0>,False,False
TRZ04432,Cc1nnc(-c2cscc2-c2ccc(F)c(Cl)c2)nc1C,319.79,4.68,38.67,0,4,2,3,1,<rdkit.Chem.rdchem.Mol object at 0x000001CB2A41AD50>,False,False
TRZ04433,Cc1nnc(-c2c(-c3ccc(F)c(Cl)c3)csc2N)nc1C,334.81,4.26,64.69,1,5,2,3,1,<rdkit.Chem.rdchem.Mol object at 0x000001CB2A41ADC0>,False,False
TRZ04434,Cc1nnc(C2(C(=O)Nc3ccc(F)cc3)CC2)nc1C,286.31,2.3,67.77,1,4,3,2,1,<rdkit.Chem.rdchem.Mol object at 0x000001CB2A41AE30>,False,False
TRZ04435,Cc1nnc(CC(=O)N(C)c2ccc(F)cc2)nc1C,274.3,1.83,58.98,0,4,3,2,1,<rdkit.Chem.rdchem.Mol object at 0x000001CB2A41AEA0>,False,False
TRZ04436,Cc1nnc(C2(C(=O)N(C)c3ccccc3F)CC2)nc1C,300.34,2.32,58.98,0,4,3,2,1,<rdkit.Chem.rdchem.Mol object at 0x000001CB2A41AF10>,False,False
TRZ04437,Cc1nnc(CC(=O)Nc2cccc(F)c2)nc1C,260.27,1.81,67.77,1,4,3,2,1,<rdkit.Chem.rdchem.Mol object at 0x000001CB2A41AF80>,False,False
TRZ04438,Cc1nnc(-c2ccnc(Cl)c2F)nc1C,238.65,2.34,51.56,0,4,1,2,1,<rdkit.Chem.rdchem.Mol object at 0x000001CB2A41AFF0>,False,False
TRZ04439,Cc1nnc(-c2ccnc(OCC(F)(F)F)c2Cl)nc1C,318.69,3.14,60.79,0,5,3,2,1,<rdkit.Chem.rdchem.Mol object at 0x000001CB2A41B060>,False,False
TRZ04440,Cc1ncc(-c2nnc(C)c(C)n2)cc1F,218.23,2.0,51.56,0,4,1,2,1,<rdkit.Chem.rdchem.Mol object at 0x000001CB2A41B0D0>,False,False
TRZ04441,Cc1nnc(C(O)c2ccc(F)cc2)nc1C,233.25,1.71,58.9,1,4,2,2,1,<rdkit.Chem.rdchem.Mol object at 0x000001CB2A41B140>,False,False
TRZ04442,Cc1nnc(-c2c(F)ccc(O)c2O)nc1C,235.22,1.71,79.13,2,5,1,2,1,<rdkit.Chem.rdchem.Mol object at 0x000001CB2A41B1B0>,False,False
TRZ04443,Cc1nnc(-c2cc(N)c(Cl)cc2F)nc1C,252.68,2.53,64.69,1,4,1,2,1,<rdkit.Chem.rdchem.Mol object at 0x000001CB2A41B220>,False,False
TRZ04444,COc1cccc2c(N3CC=CC4=C3CN(C(Cc3nnc(C)c(C)n3)C(F)F)C4)nc(N)nc12,480.52,2.84,106.18,1,9,6,3,1,<rdkit.Chem.rdchem.Mol object at 0x000001CB2A41B290>,False,False
TRZ04446,Cc1nnc(-c2ccc(C(=O)C(F)(F)C(C)F)cc2C(F)(F)F)nc1C,377.29,4.35,55.74,0,4,4,2,1,<rdkit.Chem.rdchem.Mol object at 0x000001CB2A41B300>,False,False
TRZ04447,Cc1nnc(-c2ccc(C(=O)CCC(F)(F)F)cc2C(F)(F)F)nc1C,377.29,4.7,55.74,0,4,4,2,1,<rdkit.Chem.rdchem.Mol object at 0x000001CB2A41B370>,False,False
TRZ04448,Cc1nnc(-c2ccc(C(=O)C(F)C(F)CF)cc2C(F)(F)F)nc1C,377.29,4.0,55.74,0,4,5,2,1,<rdkit.Chem.rdchem.Mol object at 0x000001CB2A41B3E0>,False,False
TRZ04450,Cc1nnc(Cc2cc(F)cc(C#N)c2)nc1C,242.26,2.09,62.46,0,4,2,2,1,<rdkit.Chem.rdchem.Mol object at 0x000001CB2A41B450>,False,False
TRZ04452,C=C(/C=C\c1ncccc1C)C(F)(F)c1nnc(C)c(C)n1,302.33,3.55,51.56,0,4,4,2,1,<rdkit.Chem.rdchem.Mol object at 0x000001CB2A41B4C0>,False,False
TRZ04454,Cc1nnc(-c2cc(-c3ccc(OC(F)(F)F)cc3)cc(NC(=O)C3CC3)n2)nc1C,429.4,4.46,89.89,1,6,5,3,1,<rdkit.Chem.rdchem.Mol object at 0x000001CB2A41B530>,False,False
TRZ04455,Cc1nnc(-c2ccccc2-c2noc(C(F)(F)F)n2)nc1C,321.26,3.22,77.59,0,6,2,3,1,<rdkit.Chem.rdchem.Mol object at 0x000001CB2A41B5A0>,False,False
TRZ04456,Cc1nnc(C(F)c2ccccc2)nc1C,217.25,2.55,38.67,0,3,2,2,1,<rdkit.Chem.rdchem.Mol object at 0x000001CB2A41B610>,False,False
TRZ04457,Cc1nnc(-c2nc(Cl)ccc2F)nc1C,238.65,2.34,51.56,0,4,1,2,1,<rdkit.Chem.rdchem.Mol object at 0x000001CB2A41B680>,False,False
TRZ04458,Cc1nnc(-c2c(F)cccc2C=O)nc1C,231.23,2.11,55.74,0,4,2,2,1,<rdkit.Chem.rdchem.Mol object at 0x000001CB2A41B6F0>,False,False
TRZ04459,COc1cc(-c2nnc(C)c(C)n2)c(F)cc1Br,312.14,3.07,47.9,0,4,2,2,1,<rdkit.Chem.rdchem.Mol object at 0x000001CB2A41B760>,False,False
TRZ04460,Cc1nnc(C(F)(F)c2ccc(Br)cc2)nc1C,314.13,3.39,38.67,0,3,2,2,1,<rdkit.Chem.rdchem.Mol object at 0x000001CB2A41B7D0>,False,False
TRZ04461,Cc1nnc(-c2cnc(N3CCN(C(=O)Nc4ccc(C(F)(F)F)cn4)CC3)c(Cl)c2)nc1C,492.89,3.97,100.03,1,7,3,3,1,<rdkit.Chem.rdchem.Mol object at 0x000001CB2A41B840>,False,False
TRZ04462,CCSc1cc2c(cc1-c1nnc(C)c(C)n1)nc(C(F)(F)F)n2C,367.4,4.17,56.49,0,5,3,3,1,<rdkit.Chem.rdchem.Mol object at 0x000001CB2A41B8B0>,False,False
TRZ04463,CCSc1cc2c(cc1-c1nnc(C)c(C)n1)nc(C(C)(C)F)n2C,359.47,4.36,56.49,0,5,4,3,1,<rdkit.Chem.rdchem.Mol object at 0x000001CB2A41B920>,False,False
TRZ04469,Cc1nnc(Cn2nc(C3=CCC(Cl)C=C3)n(C[C@H](O)C(F)(F)F)c2=O)nc1C,430.82,1.77,98.72,1,6,5,2,1,<rdkit.Chem.rdchem.Mol object at 0x000001CB2A41B990>,False,False
TRZ04470,Cc1nnc(-c2cc(C)n3ncc(C(=O)NC(C4CC4)C(F)(F)F)c3n2)nc1C,405.38,2.58,97.96,1,6,4,3,1,<rdkit.Chem.rdchem.Mol object at 0x000001CB2A41BA00>,False,False
TRZ04471,Cc1nnc(-c2cc(C)n3ncc(C(=O)N[C@@H](C4CC4)C(F)(F)F)c3n2)nc1C,405.38,2.58,97.96,1,6,4,3,1,<rdkit.Chem.rdchem.Mol object at 0x000001CB2A41BA70>,False,False
TRZ04472,Cc1cnc(N2CCC(C3CC3CCOc3ccc(Cc4nnc(C)c(C)n4)c(F)c3)CC2)nc1,476.6,4.64,76.92,0,7,8,3,1,<rdkit.Chem.rdchem.Mol object at 0x000001CB2A41BAE0>,False,False
TRZ04473,C=N/C(C)=C(F)\C=C(\c1nnc(C)c(C)n1)C(C)Nc1cncc(C2CC2)c1,380.47,4.55,75.95,1,6,7,2,1,<rdkit.Chem.rdchem.Mol object at 0x000001CB2A41BB50>,False,False
TRZ04474,Cc1nnc(-c2c(C)ncn2CC(F)F)nc1C,253.26,1.93,56.49,0,4,3,2,1,<rdkit.Chem.rdchem.Mol object at 0x000001CB2A41BBC0>,False,False
TRZ04475,Cc1nnc(C2CCCN2c2ccc(F)cc2)nc1C,272.33,2.97,41.91,0,4,2,2,1,<rdkit.Chem.rdchem.Mol object at 0x000001CB2A41BC30>,False,False
TRZ04476,Cc1nnc(C2(c3ccc(F)cc3)CCCN2O)nc1C,288.33,2.36,62.14,1,5,2,2,1,<rdkit.Chem.rdchem.Mol object at 0x000001CB2A41BCA0>,False,False
TRZ04477,Cc1nnc(-c2cc(-c3ccc(OC(F)(F)F)cc3)ccc2N)nc1C,360.34,4.3,73.92,1,5,3,3,1,<rdkit.Chem.rdchem.Mol object at 0x000001CB2A41BD10>,False,False
TRZ04478,Cc1nnc(-c2cc(-c3ccc(OCC(F)(F)F)nc3)ccc2N)nc1C,375.35,3.74,86.81,1,6,4,3,1,<rdkit.Chem.rdchem.Mol object at 0x000001CB2A41BD80>,False,False
TRZ04479,Cc1nnc(-c2cc(-c3cnc(C(F)(F)F)nc3)ccc2N)nc1C,346.32,3.21,90.47,1,6,2,3,1,<rdkit.Chem.rdchem.Mol object at 0x000001CB2A41BDF0>,False,False
TRZ04481,CCN1CCN(Cc2ccc(-c3nnc(C)c(C)n3)cc2C(F)(F)F)CC1,379.43,3.31,45.15,0,5,4,2,1,<rdkit.Chem.rdchem.Mol object at 0x000001CB2A41BE60>,False,False
TRZ04482,Cc1nnc(-c2cc(N3CCOCC3)cc3c2nc(C)n3-c2ccnc3cc(F)ccc23)nc1C,469.52,4.33,81.85,0,7,3,5,1,<rdkit.Chem.rdchem.Mol object at 0x000001CB2A41BED0>,False,False
TRZ04483,Cc1nnc(-c2cc(C(F)(F)F)nn2-c2ncccn2)nc1C,321.27,2.15,82.27,0,6,2,3,1,<rdkit.Chem.rdchem.Mol object at 0x000001CB2A41BF40>,False,False
TRZ04484,Cc1nnc(-c2cccc(C(C)(O)C(F)(F)F)c2)nc1C,297.28,2.93,58.9,1,4,2,2,1,<rdkit.Chem.rdchem.Mol object at 0x000001CB2A41C040>,False,False
TRZ04485,Cc1nnc(-c2cccc([C@@](C)(O)C(F)(F)F)c2)nc1C,297.28,2.93,58.9,1,4,2,2,1,<rdkit.Chem.rdchem.Mol object at 0x000001CB2A41C0B0>,False,False
TRZ04486,Cc1ccc(-c2nnc(C)c(C)n2)c(C(F)(F)F)c1C,281.28,3.79,38.67,0,3,1,2,1,<rdkit.Chem.rdchem.Mol object at 0x000001CB2A41C120>,False,False
TRZ04487,Cc1cc(-c2ccccc2)cc(-c2nnc(C)c(C)n2)c1F,293.34,4.27,38.67,0,3,2,3,1,<rdkit.Chem.rdchem.Mol object at 0x000001CB2A41C190>,False,False
TRZ04488,CCC(O)N(Cc1ccc(-c2nnc(C)c(C)n2)cc1F)c1cccc(F)c1,384.43,4.17,62.14,1,5,6,3,1,<rdkit.Chem.rdchem.Mol object at 0x000001CB2A41C200>,False,False
TRZ04489,CCCC(O)N(Cc1ccc(-c2nnc(C)c(C)n2)cc1F)c1cccc(F)c1,398.46,4.56,62.14,1,5,7,3,1,<rdkit.Chem.rdchem.Mol object at 0x000001CB2A41C270>,False,False
TRZ04492,CCN1CCC(C(=O)N(Cc2ccc(-c3nnc(C)c(C)n3)cn2)C2=CC=CC(F)C2C)CC1,464.59,4.04,75.11,0,6,6,2,1,<rdkit.Chem.rdchem.Mol object at 0x000001CB2A41C2E0>,False,False
TRZ04493,Cc1nnc(-c2ccc(CC3CN(C)CCN3c3ccccc3)c(F)c2)nc1C,391.49,3.66,45.15,0,5,4,3,1,<rdkit.Chem.rdchem.Mol object at 0x000001CB2A41C350>,False,False
TRZ04494,Cc1cccc(N2CCN(C)CC2Cc2ccc(-c3nnc(C)c(C)n3)cc2F)c1,405.52,3.97,45.15,0,5,4,3,1,<rdkit.Chem.rdchem.Mol object at 0x000001CB2A41C3C0>,False,False
TRZ04499,Cc1nnc(-c2ccc(CC3CN(C(=O)Nc4ccccc4)CCS3)c(F)c2)nc1C,437.54,4.49,71.01,1,5,4,3,1,<rdkit.Chem.rdchem.Mol object at 0x000001CB2A41C430>,False,False
TRZ04500,Cc1nnc(-c2ccc(CC3CN(C4COC4)CCN3C(=O)Nc3ccc(F)cc3)c(F)c2)nc1C,494.55,3.59,83.48,1,6,5,3,1,<rdkit.Chem.rdchem.Mol object at 0x000001CB2A41C4A0>,False,False
TRZ04501,Cc1ccc(C2CN(C(=O)NCc3ccc(-c4nnc(C)c(C)n4)cc3)CCO2)c(F)c1,435.5,3.89,80.24,1,5,4,3,1,<rdkit.Chem.rdchem.Mol object at 0x000001CB2A41C510>,False,False
TRZ04505,Cc1nnc(-c2ccc(CN3CCN(C)CC3c3ccccc3F)nc2)nc1C,392.48,3.18,58.04,0,6,4,3,1,<rdkit.Chem.rdchem.Mol object at 0x000001CB2A41C580>,False,False
TRZ04506,COc1cccc(N2CCN(C)CC2Cc2ccc(-c3nnc(C)c(C)n3)cc2F)c1,421.52,3.67,54.38,0,6,5,3,1,<rdkit.Chem.rdchem.Mol object at 0x000001CB2A41C5F0>,False,False
TRZ04511,Cc1nnc(-c2ccc(CC3(c4ccc(F)c(Cl)c4)CN(C(N)=O)CCO3)nc2)nc1C,456.91,3.19,107.12,1,6,4,3,1,<rdkit.Chem.rdchem.Mol object at 0x000001CB2A41C660>,False,False
TRZ04515,Cc1nnc(-c2ccc(CC3CN(C)CCN3c3ccc(-c4ccncc4)cc3)c(F)c2)nc1C,468.58,4.72,58.04,0,6,5,4,1,<rdkit.Chem.rdchem.Mol object at 0x000001CB2A41C6D0>,False,False
TRZ04516,Cc1nnc(-c2ccc(CC3CN(C(=O)Nc4cccc(F)c4)CCO3)c(F)c2)nc1C,439.47,3.91,80.24,1,5,4,3,1,<rdkit.Chem.rdchem.Mol object at 0x000001CB2A41C740>,False,False
TRZ04517,Cc1nnc(-c2ccc(CC3CN(C(=O)Nc4ccccc4)CCO3)c(F)c2)nc1C,421.48,3.77,80.24,1,5,4,3,1,<rdkit.Chem.rdchem.Mol object at 0x000001CB2A41C7B0>,False,False
TRZ04518,Cc1nnc(-c2ccc(CN3CCN(C)CC3c3ccc(Cl)cc3)c(F)c2)nc1C,425.94,4.44,45.15,0,5,4,3,1,<rdkit.Chem.rdchem.Mol object at 0x000001CB2A41C820>,False,False
TRZ04519,Cc1nnc(-c2ccc(CC3CN(C)CCN3c3cccc(-c4cccnc4)c3)c(F)c2)nc1C,468.58,4.72,58.04,0,6,5,4,1,<rdkit.Chem.rdchem.Mol object at 0x000001CB2A41C890>,False,False
TRZ04520,Cc1nnc(-c2ccc(CN3CCN(C4COC4)CC3c3cccc(Cl)c3)c(F)c2)nc1C,467.98,4.21,54.38,0,6,5,3,1,<rdkit.Chem.rdchem.Mol object at 0x000001CB2A41C900>,False,False
TRZ04521,Cc1nnc(-c2cc(F)c(CC3CN(C(=O)Nc4ccccc4)CCO3)c(F)c2)nc1C,439.47,3.91,80.24,1,5,4,3,1,<rdkit.Chem.rdchem.Mol object at 0x000001CB2A41C970>,False,False
TRZ04522,Cc1nnc(-c2ccc(CNC(=O)N3CCOC(c4ccc(F)cc4)C3)cc2)nc1C,421.48,3.58,80.24,1,5,4,3,1,<rdkit.Chem.rdchem.Mol object at 0x000001CB2A41C9E0>,False,False
TRZ04523,CCN1CCN(C(=O)N(Cc2ccc(-c3nnc(C)c(C)n3)cn2)c2ccc(F)cc2)CC1,449.53,3.45,78.35,0,6,5,3,1,<rdkit.Chem.rdchem.Mol object at 0x000001CB2A41CA50>,False,False
TRZ04524,Cc1nnc(-c2ccc(CNC(=O)N3CCOC(c4ccc(F)c(Cl)c4)C3)cn2)nc1C,456.91,3.63,93.13,1,6,4,3,1,<rdkit.Chem.rdchem.Mol object at 0x000001CB2A41CAC0>,False,False
TRZ04525,Cc1nnc(-c2ccc(CC3CN(C)CCN3c3cccc(-c4ccncc4)c3)c(F)c2)nc1C,468.58,4.72,58.04,0,6,5,4,1,<rdkit.Chem.rdchem.Mol object at 0x000001CB2A41CB30>,False,False
TRZ04527,CCN1CCN(Cc2ccc(-c3nnc(C)c(C)n3)cc2F)C(c2ccc(F)cc2Cl)C1,457.96,4.97,45.15,0,5,5,3,1,<rdkit.Chem.rdchem.Mol object at 0x000001CB2A41CBA0>,False,False
TRZ04528,Cc1nnc(-c2ccc(CC3CN(C4COC4)CCN3c3ccc(F)cc3)c(F)c2)nc1C,451.52,3.57,54.38,0,6,5,3,1,<rdkit.Chem.rdchem.Mol object at 0x000001CB2A41CC10>,False,False
TRZ04529,Cc1nnc(-c2ccc(CNC(=O)N3CCSC(c4ccc(F)c(Cl)c4)C3)cn2)nc1C,472.98,4.34,83.9,1,6,4,3,1,<rdkit.Chem.rdchem.Mol object at 0x000001CB2A41CC80>,False,False
TRZ04530,Cc1nnc(-c2ccc(CNC(=O)N3CCSC(c4ccc(F)cc4)C3)nc2)nc1C,438.53,3.69,83.9,1,6,4,3,1,<rdkit.Chem.rdchem.Mol object at 0x000001CB2A41CCF0>,False,False
TRZ04531,Cc1cccc(NC(=O)N2CCSC(Cc3ccc(-c4nnc(C)c(C)n4)cc3F)C2)c1,451.57,4.79,71.01,1,5,4,3,1,<rdkit.Chem.rdchem.Mol object at 0x000001CB2A41CD60>,False,False
TRZ04532,CCN1CCN(Cc2ccc(-c3nnc(C)c(C)n3)cc2F)C(c2cccc(F)c2F)C1,441.5,4.45,45.15,0,5,5,3,1,<rdkit.Chem.rdchem.Mol object at 0x000001CB2A41CDD0>,False,False
TRZ04533,CCN1CCN(C(=O)N(Cc2ccc(-c3nnc(C)c(C)n3)cc2)c2ccc(F)cc2)CC1,448.55,4.06,65.46,0,5,5,3,1,<rdkit.Chem.rdchem.Mol object at 0x000001CB2A41CE40>,False,False
TRZ04535,Cc1nnc(-c2ccc(CC3CN(C(=O)NCCc4ccccc4)CCO3)c(F)c2)nc1C,449.53,3.49,80.24,1,5,6,3,1,<rdkit.Chem.rdchem.Mol object at 0x000001CB2A41CEB0>,False,False
TRZ04536,Cc1nnc(-c2ccc(CC3CN(C(=O)Nc4ccc5cnn(C)c5c4)CCS3)c(F)c2)nc1C,491.6,4.37,88.83,1,6,4,4,1,<rdkit.Chem.rdchem.Mol object at 0x000001CB2A41CF20>,False,False
TRZ04537,CCN1CCN(Cc2ccc(-c3nnc(C)c(C)n3)cc2F)C(c2cccc(Cl)c2F)C1,457.96,4.97,45.15,0,5,5,3,1,<rdkit.Chem.rdchem.Mol object at 0x000001CB2A41CF90>,False,False
TRZ04539,Cc1nnc(-c2ccc(CN(C(=O)N3CCNCC3)c3cccc(F)c3)cc2)nc1C,420.49,3.33,74.25,1,5,4,3,1,<rdkit.Chem.rdchem.Mol object at 0x000001CB2A41D000>,False,False
TRZ04540,Cc1nnc(-c2ccc(CNC(=O)N3CCOC(c4ccccc4F)C3)cc2)nc1C,421.48,3.58,80.24,1,5,4,3,1,<rdkit.Chem.rdchem.Mol object at 0x000001CB2A41D070>,False,False
TRZ04541,COc1ccccc1CCNC(=O)N1CCN(C)CC1Cc1ccc(-c2nnc(C)c(C)n2)cc1F,492.6,3.41,83.48,1,6,7,3,1,<rdkit.Chem.rdchem.Mol object at 0x000001CB2A41D0E0>,False,False
TRZ04542,Cc1nnc(-c2ccc(CNC(=O)N3CCOC(c4ccc(F)c(Cl)c4)C3)cc2)nc1C,455.92,4.23,80.24,1,5,4,3,1,<rdkit.Chem.rdchem.Mol object at 0x000001CB2A41D150>,False,False
TRZ04544,Cc1nnc(-c2ccc(CN(C(=O)N3CCOCC3)c3ccc(Cl)cc3)c(F)c2)nc1C,455.92,4.41,71.45,0,5,4,3,1,<rdkit.Chem.rdchem.Mol object at 0x000001CB2A41D1C0>,False,False
TRZ04545,Cc1nnc(-c2ccc(CN3CCN(C)CC3c3ccc(F)cc3)nc2)nc1C,392.48,3.18,58.04,0,6,4,3,1,<rdkit.Chem.rdchem.Mol object at 0x000001CB2A41D230>,False,False
TRZ04547,Cc1nnc(-c2ccc(CN3CCN(C)CC3c3cccc(Br)c3)c(F)c2)nc1C,470.39,4.55,45.15,0,5,4,3,1,<rdkit.Chem.rdchem.Mol object at 0x000001CB2A41D2A0>,False,False
TRZ04548,Cc1nnc(-c2ccc(CNC(=O)N3CCOC(c4cccc(Cl)c4)C3)c(F)c2)nc1C,455.92,4.23,80.24,1,5,4,3,1,<rdkit.Chem.rdchem.Mol object at 0x000001CB2A41D310>,False,False
TRZ04549,Cc1nnc(-c2ccc(CC3CN(C)CCN3CCc3ccccc3)c(F)c2)nc1C,419.55,3.7,45.15,0,5,6,3,1,<rdkit.Chem.rdchem.Mol object at 0x000001CB2A41D380>,False,False
TRZ04550,Cc1nnc(-c2ccc(CC3CN(C4COC4)CCN3c3cccc(F)c3)c(F)c2)nc1C,451.52,3.57,54.38,0,6,5,3,1,<rdkit.Chem.rdchem.Mol object at 0x000001CB2A41D3F0>,False,False
TRZ04552,Cc1nnc(-c2ccc(CN(C(=O)N3CCN(C4COC4)CC3)c3ccc(F)cc3)nc2)nc1C,477.54,2.83,87.58,0,7,5,3,1,<rdkit.Chem.rdchem.Mol object at 0x000001CB2A41D460>,False,False
TRZ04553,Cc1nnc(-c2ccc(CNC(=O)N3CCSC(c4ccccc4F)C3)cc2)nc1C,437.54,4.29,71.01,1,5,4,3,1,<rdkit.Chem.rdchem.Mol object at 0x000001CB2A41D4D0>,False,False
TRZ04554,Cc1nnc(-c2ccc(CN3CCN(C)CC3c3cccc(Cl)c3)c(F)c2)nc1C,425.94,4.44,45.15,0,5,4,3,1,<rdkit.Chem.rdchem.Mol object at 0x000001CB2A41D540>,False,False
TRZ04555,CCN1CCN(C(=O)N(Cc2ccc(-c3nnc(C)c(C)n3)cc2F)c2cccc(OC)c2)CC1,478.57,4.07,74.69,0,6,6,3,1,<rdkit.Chem.rdchem.Mol object at 0x000001CB2A41D5B0>,False,False
TRZ04556,COc1cccc(N(Cc2ccc(-c3nnc(C)c(C)n3)cc2F)C(=O)N2CCN(C)CC2)c1,464.55,3.68,74.69,0,6,5,3,1,<rdkit.Chem.rdchem.Mol object at 0x000001CB2A41D620>,False,False
TRZ04558,CCN1CCN(C(=O)N(Cc2ccc(-c3nnc(C)c(C)n3)cn2)c2cccc(F)c2)CC1,449.53,3.45,78.35,0,6,5,3,1,<rdkit.Chem.rdchem.Mol object at 0x000001CB2A41D690>,False,False
TRZ04559,Cc1nnc(-c2ccc(CNC(=O)N3CCSC(c4ccc(F)cc4)C3)cc2)nc1C,437.54,4.29,71.01,1,5,4,3,1,<rdkit.Chem.rdchem.Mol object at 0x000001CB2A41D700>,False,False
TRZ04560,Cc1nnc(-c2ccc(CNC(=O)N3CCN(C)CC3c3ccc(F)c(Cl)c3)c(F)c2)nc1C,486.95,4.29,74.25,1,5,4,3,1,<rdkit.Chem.rdchem.Mol object at 0x000001CB2A41D770>,False,False
TRZ04561,Cc1nnc(-c2ccc(CN3CCN(CCO)CC3c3ccc(F)c(Cl)c3)c(F)c2)nc1C,473.96,3.94,65.38,1,6,6,3,1,<rdkit.Chem.rdchem.Mol object at 0x000001CB2A41D7E0>,False,False
TRZ04563,Cc1nnc(-c2ccc(CC3CN(C(=O)Nc4cccc5cnn(C)c45)CCS3)c(F)c2)nc1C,491.6,4.37,88.83,1,6,4,4,1,<rdkit.Chem.rdchem.Mol object at 0x000001CB2A41D850>,False,False
TRZ04565,Cc1nnc(-c2ccc(CNC(=O)N3CCN(C)CC3c3ccc(F)c(Cl)c3)nc2)nc1C,469.95,3.54,87.14,1,6,4,3,1,<rdkit.Chem.rdchem.Mol object at 0x000001CB2A41D8C0>,False,False
TRZ04566,Cc1nnc(-c2ccc(CSNC(=O)N3CCOC(c4ccc5c(c4)CCO5)C3)c(F)c2)nc1C,495.58,4.16,89.47,1,7,5,3,1,<rdkit.Chem.rdchem.Mol object at 0x000001CB2A41D930>,False,False
TRZ04567,Cc1nnc(-c2ccc(CNC(=O)N3CCSC(c4ccc5c(c4)CCO5)C3)c(F)c2)nc1C,479.58,4.23,80.24,1,6,4,3,1,<rdkit.Chem.rdchem.Mol object at 0x000001CB2A41D9A0>,False,False
TRZ04568,Cc1nnc(-c2ccc(CN3CCN(C4COC4)CC3c3ccc(Cl)cc3)c(F)c2)nc1C,467.98,4.21,54.38,0,6,5,3,1,<rdkit.Chem.rdchem.Mol object at 0x000001CB2A41DA10>,False,False
TRZ04569,CCN1CCN(Cc2ccc(-c3nnc(C)c(C)n3)cc2F)C(c2ccc(Cl)cc2)C1,439.97,4.83,45.15,0,5,5,3,1,<rdkit.Chem.rdchem.Mol object at 0x000001CB2A41DA80>,False,False
TRZ04570,Cc1nnc(-c2ccc(CN3CCN(C4COC4)CC3c3ccc(F)cc3)cc2)nc1C,433.53,3.55,54.38,0,6,5,3,1,<rdkit.Chem.rdchem.Mol object at 0x000001CB2A41DAF0>,False,False
TRZ04571,Cc1nnc(-c2ccc(CN3CCN(C)CC3c3ccc(Br)cc3)c(F)c2)nc1C,470.39,4.55,45.15,0,5,4,3,1,<rdkit.Chem.rdchem.Mol object at 0x000001CB2A41DB60>,False,False
TRZ04572,Cc1nnc(-c2ccc(CN3CCN(C)CC3c3cccc(F)c3)nc2)nc1C,392.48,3.18,58.04,0,6,4,3,1,<rdkit.Chem.rdchem.Mol object at 0x000001CB2A41DBD0>,False,False
TRZ04574,Cc1nnc(-c2ccc(CC3CN(C(=O)Nc4cccc5c4cnn5C)CCS3)c(F)c2)nc1C,491.6,4.37,88.83,1,6,4,4,1,<rdkit.Chem.rdchem.Mol object at 0x000001CB2A41DC40>,False,False
TRZ04577,Cc1nnc(-c2ccc(CC3CN(C(=O)Nc4ccccc4)CCO3)cc2F)nc1C,421.48,3.77,80.24,1,5,4,3,1,<rdkit.Chem.rdchem.Mol object at 0x000001CB2A41DCB0>,False,False
TRZ04578,Cc1nnc(-c2ccc(CNC(=O)N3CCN(C)CC3c3cccc(F)c3)nc2)nc1C,435.51,2.89,87.14,1,6,4,3,1,<rdkit.Chem.rdchem.Mol object at 0x000001CB2A41DD20>,False,False
TRZ04579,Cc1nnc(-c2ccc(CN(C(=O)N3CCOCC3)c3cccc(F)c3)cc2)nc1C,421.48,3.75,71.45,0,5,4,3,1,<rdkit.Chem.rdchem.Mol object at 0x000001CB2A41DD90>,False,False
TRZ04580,CCN1CCN(Cc2ccc(-c3nnc(C)c(C)n3)cc2F)C(c2cccc(Cl)c2)C1,439.97,4.83,45.15,0,5,5,3,1,<rdkit.Chem.rdchem.Mol object at 0x000001CB2A41DE00>,False,False
TRZ04581,Cc1nnc(-c2ccc(CN(C(=O)N3CCSCC3)c3ccccc3F)nc2)nc1C,438.53,3.86,75.11,0,6,4,3,1,<rdkit.Chem.rdchem.Mol object at 0x000001CB2A41DE70>,False,False
TRZ04582,Cc1nnc(-c2ccc(CN(C(=O)N3CCOCC3)c3ccc(F)c(Cl)c3)nc2)nc1C,456.91,3.8,84.34,0,6,4,3,1,<rdkit.Chem.rdchem.Mol object at 0x000001CB2A41DEE0>,False,False
TRZ04583,Cc1nnc(-c2ccc(CC3CN(C)CCN3c3ccc(-c4cccnc4)cc3)c(F)c2)nc1C,468.58,4.72,58.04,0,6,5,4,1,<rdkit.Chem.rdchem.Mol object at 0x000001CB2A41DF50>,False,False
TRZ04587,Cc1nnc(-c2ccc(CNC(=O)N3CCOC(c4ccc(Cl)cc4)C3)c(F)c2)nc1C,455.92,4.23,80.24,1,5,4,3,1,<rdkit.Chem.rdchem.Mol object at 0x000001CB2A41DFC0>,False,False
TRZ04588,CCN1CCN(Cc2ccc(-c3nnc(C)c(C)n3)cc2F)C(c2ccc(F)c(Cl)c2)C1,457.96,4.97,45.15,0,5,5,3,1,<rdkit.Chem.rdchem.Mol object at 0x000001CB2A41E030>,False,False
TRZ04589,Cc1nnc(-c2ccc(CN(C(=O)N3CCSCC3)c3ccc4cnn(C)c4c3)c(F)c2)nc1C,491.6,4.36,80.04,0,6,4,4,1,<rdkit.Chem.rdchem.Mol object at 0x000001CB2A41E0A0>,False,False
TRZ04591,Cc1nnc(-c2ccc(CN3CCN(C4COC4)CC3c3cccc(F)c3)cc2)nc1C,433.53,3.55,54.38,0,6,5,3,1,<rdkit.Chem.rdchem.Mol object at 0x000001CB2A41E110>,False,False
TRZ04592,Cc1ccccc1NC(=O)N1CCN(C)CC1Cc1ccc(-c2nnc(C)c(C)n2)cc1F,448.55,3.99,74.25,1,5,4,3,1,<rdkit.Chem.rdchem.Mol object at 0x000001CB2A41E180>,False,False
TRZ04593,Cc1nnc(-c2ccc(CC3CN(C4COC4)CCN3c3ccccc3)c(F)c2)nc1C,433.53,3.43,54.38,0,6,5,3,1,<rdkit.Chem.rdchem.Mol object at 0x000001CB2A41E1F0>,False,False
TRZ04594,Cc1nnc(-c2ccc(CN(C(=O)N3CC[C@@H](N(C)C)C3)c3ccc(F)c(Cl)c3)nc2)nc1C,483.98,4.11,78.35,0,6,5,3,1,<rdkit.Chem.rdchem.Mol object at 0x000001CB2A41E260>,False,False
TRZ04595,Cc1nnc(-c2ccc(CN(C(=O)N3CCC(N(C)C)C3)c3ccc(F)c(Cl)c3)nc2)nc1C,483.98,4.11,78.35,0,6,5,3,1,<rdkit.Chem.rdchem.Mol object at 0x000001CB2A41E2D0>,False,False
TRZ04596,Cc1nnc(-c2ccc(CC3OCC34CN(C(=O)Nc3cccc(F)c3)C4)c(F)c2)nc1C,451.48,3.91,80.24,1,5,4,3,1,<rdkit.Chem.rdchem.Mol object at 0x000001CB2A41E340>,False,False
TRZ04597,Cc1nnc(-c2ccc(CC3CN(C)CCN3C(=O)Nc3cccc4c3cnn4C)c(F)c2)nc1C,488.57,3.57,92.07,1,6,4,4,1,<rdkit.Chem.rdchem.Mol object at 0x000001CB2A41E3B0>,False,False
TRZ04600,Cc1nnc(-c2ccc(CC3CN(C)CCN3C(=O)Nc3ccc4cnn(C)c4c3)c(F)c2)nc1C,488.57,3.57,92.07,1,6,4,4,1,<rdkit.Chem.rdchem.Mol object at 0x000001CB2A41E420>,False,False
TRZ04604,Cc1nnc(-c2c(Cl)cccc2C(F)(F)F)nc1C,287.67,3.83,38.67,0,3,1,2,1,<rdkit.Chem.rdchem.Mol object at 0x000001CB2A41E490>,False,False
TRZ04605,Cc1nnc(C2CC(n3c(=O)[nH]c4cc(F)ccc43)C2)nc1C,313.34,2.39,76.46,1,4,2,3,1,<rdkit.Chem.rdchem.Mol object at 0x000001CB2A41E500>,False,False
TRZ04606,C=N/C(=C\C=C(/C)c1nnc(C)c(C)n1)CN(C(=O)c1ccncc1)c1cccc(F)c1,430.49,4.36,84.23,0,6,7,3,1,<rdkit.Chem.rdchem.Mol object at 0x000001CB2A41E570>,False,False
TRZ04607,C=N/C(=C\C=C(/C)c1nnc(C)c(C)n1)CN(C(=O)c1cccnc1)c1cccc(F)c1,430.49,4.36,84.23,0,6,7,3,1,<rdkit.Chem.rdchem.Mol object at 0x000001CB2A41E5E0>,False,False
TRZ04608,Cc1cc(C(F)(F)F)ccc1-c1nnc(C)c(C)n1,267.25,3.48,38.67,0,3,1,2,1,<rdkit.Chem.rdchem.Mol object at 0x000001CB2A41E650>,False,False
TRZ04609,Cc1nnc(CCn2c(=O)oc3ccc(-c4ccc(OC(F)(F)F)cc4)nc32)nc1C,431.37,3.6,95.93,0,7,5,4,1,<rdkit.Chem.rdchem.Mol object at 0x000001CB2A41E6C0>,False,False
TRZ04610,Cc1nnc(C(F)(F)c2cc3c4c(cnc3cc2F)N(C)C(=O)CO4)nc1C,389.34,2.67,81.1,0,6,2,3,1,<rdkit.Chem.rdchem.Mol object at 0x000001CB2A41E730>,False,False
TRZ04611,COCC=Cc1c(-c2nnc(C)c(C)n2)ncc(C(F)(F)F)c1I,450.2,3.83,60.79,0,5,4,2,1,<rdkit.Chem.rdchem.Mol object at 0x000001CB2A41E7A0>,False,False
TRZ04612,Cc1nnc(-c2cc(C(F)(F)F)ccc2CN2CCN(C(=O)O)CC2)nc1C,395.39,2.97,82.45,1,5,3,2,1,<rdkit.Chem.rdchem.Mol object at 0x000001CB2A41E810>,False,False
TRZ04613,Cc1nnc(-c2cc(C(F)(F)F)ccc2CN2CCN(C(=O)OC(C)(C)C)CC2)nc1C,451.49,4.23,71.45,0,6,3,2,1,<rdkit.Chem.rdchem.Mol object at 0x000001CB2A41E880>,False,False
TRZ04614,Cc1nnc(-c2ccc(NC3(c4ccc(F)cc4)CCC3)nc2)nc1C,349.41,4.18,63.59,1,5,4,3,1,<rdkit.Chem.rdchem.Mol object at 0x000001CB2A41E8F0>,False,False
TRZ04615,Cc1nnc(CCCNc2ccccc2-c2ccc(F)cc2)nc1C,336.41,4.34,50.7,1,4,6,3,1,<rdkit.Chem.rdchem.Mol object at 0x000001CB2A41E960>,False,False
TRZ04616,Cc1nnc(CCCNS(=O)(=O)c2ccc(F)cc2)nc1C,324.38,1.54,84.84,1,5,6,2,1,<rdkit.Chem.rdchem.Mol object at 0x000001CB2A41E9D0>,False,False
TRZ04617,CCOc1cc(F)ccc1N(Cc1nnc(C)c(C)n1)c1ccnc(SC)n1,400.48,3.88,76.92,0,8,7,3,1,<rdkit.Chem.rdchem.Mol object at 0x000001CB2A41EA40>,False,False
TRZ04618,Cc1nnc(CCn2nnc3ccc(-c4ccc(OC(F)(F)F)cc4)cc32)nc1C,414.39,4.04,78.61,0,6,5,4,1,<rdkit.Chem.rdchem.Mol object at 0x000001CB2A41EAB0>,False,False
TRZ04619,Cc1nnc(CCn2nnc3ccc(-c4ccc(OC(F)(F)F)cc4)nc32)nc1C,415.38,3.44,91.5,0,7,5,4,1,<rdkit.Chem.rdchem.Mol object at 0x000001CB2A41EB20>,False,False
TRZ04620,Cc1nnc(-c2ccccc2Nc2ccc(C(F)(F)F)cc2)nc1C,344.34,4.92,50.7,1,4,3,3,1,<rdkit.Chem.rdchem.Mol object at 0x000001CB2A41EB90>,False,False
TRZ04621,Cc1nnc(-c2cc(CN3CCN(C(=O)OC(C)(C)C)CC3)ccc2C(F)(F)F)nc1C,451.49,4.23,71.45,0,6,3,2,1,<rdkit.Chem.rdchem.Mol object at 0x000001CB2A41EC00>,False,False
TRZ04622,Cc1nnc(-c2c(OC3CCN(C(=O)OC(C)(C)C)CC3)cccc2C(F)(F)F)nc1C,452.48,4.95,77.44,0,6,3,2,1,<rdkit.Chem.rdchem.Mol object at 0x000001CB2A41EC70>,False,False
TRZ04623,Cc1nnc(-c2cc(OC3CCN(C(=O)OC(C)(C)C)CC3)ccc2C(F)(F)F)nc1C,452.48,4.95,77.44,0,6,3,2,1,<rdkit.Chem.rdchem.Mol object at 0x000001CB2A41ECE0>,False,False
TRZ04624,Cc1nnc(-c2c(OC3CCN(C(=O)O)CC3)cccc2C(F)(F)F)nc1C,396.37,3.7,88.44,1,5,3,2,1,<rdkit.Chem.rdchem.Mol object at 0x000001CB2A41ED50>,False,False
TRZ04625,Cc1nnc(-c2cc(CN3CCN(C(=O)O)CC3)ccc2C(F)(F)F)nc1C,395.38,2.97,82.45,1,5,3,2,1,<rdkit.Chem.rdchem.Mol object at 0x000001CB2A41EDC0>,False,False
TRZ04626,Cc1nnc(-c2cc(OC3CCN(C(=O)O)CC3)ccc2C(F)(F)F)nc1C,396.37,3.7,88.44,1,5,3,2,1,<rdkit.Chem.rdchem.Mol object at 0x000001CB2A41EE30>,False,False
TRZ04628,COc1c(-c2nnc(C)c(C)n2)ccc2n[nH]c(/C=C/c3cccc(F)c3)c12,375.41,4.35,76.58,1,5,4,4,1,<rdkit.Chem.rdchem.Mol object at 0x000001CB2A41EEA0>,False,False
TRZ04629,Cc1nnc(-c2cc(-c3c[nH]c4ccccc34)nn2Cc2cccc(F)c2)nc1C,398.45,4.69,72.28,1,4,4,5,1,<rdkit.Chem.rdchem.Mol object at 0x000001CB2A41EF10>,False,False
TRZ04630,Cc1nnc(-c2cc(-c3ccc(-c4ccc(F)cc4)cc3)nc3cc[n+]([O-])cc23)nc1C,423.45,4.81,78.5,0,5,3,5,1,<rdkit.Chem.rdchem.Mol object at 0x000001CB2A41EF80>,False,False
TRZ04632,Cc1nnc(-c2cn3c(ccc4c(C(F)(F)F)cc(=O)[nH]c43)n2)nc1C,360.3,2.66,88.83,1,5,1,4,1,<rdkit.Chem.rdchem.Mol object at 0x000001CB2A41EFF0>,False,False
TRZ04633,Cc1nnc(-c2cc[n+]([O-])cc2Nc2ccc(I)cc2F)nc1C,437.22,3.28,77.64,1,5,3,3,1,<rdkit.Chem.rdchem.Mol object at 0x000001CB2A41F060>,False,False
TRZ04634,Cc1nnc([C@@H]2CC[C@H]2c2nc3c(cnn3C3CCC(F)(F)CC3)c(=O)[nH]2)nc1C,415.45,3.33,102.24,1,6,3,3,1,<rdkit.Chem.rdchem.Mol object at 0x000001CB2A41F0D0>,False,False
TRZ04636,Cc1nnc(Cc2nc(C(F)(F)F)c(Cc3ccc(Cl)c(Cl)c3)c(=O)[nH]2)nc1C,444.24,4.08,84.42,1,5,4,3,1,<rdkit.Chem.rdchem.Mol object at 0x000001CB2A41F140>,False,False
TRZ04637,Cc1nnc(C2CCC(C(=N)c3ccc(F)cc3O)CC2)nc1C,328.39,3.68,82.75,2,5,3,2,1,<rdkit.Chem.rdchem.Mol object at 0x000001CB2A41F1B0>,False,False
TRZ04638,Cc1nc2c(c(-c3nnc(C)c(C)n3)nn2C(C)c2ccc(C(F)(F)F)cc2)c(=O)[nH]1,429.41,3.52,102.24,1,6,3,4,1,<rdkit.Chem.rdchem.Mol object at 0x000001CB2A41F220>,False,False
TRZ04640,Cc1nnc(C2CCC2c2nc3c(cnn3C3CCC(F)(F)CC3)c(=O)[nH]2)nc1C,415.45,3.33,102.24,1,6,3,3,1,<rdkit.Chem.rdchem.Mol object at 0x000001CB2A41F290>,False,False
TRZ04641,Cc1nnc(C2=CNC(=NC3(c4cc(F)ccc4Cl)CCC3)N(C)C2)nc1C,400.89,3.59,66.3,1,4,3,2,1,<rdkit.Chem.rdchem.Mol object at 0x000001CB2A41F300>,False,False
TRZ04642,Cc1nnc(-c2ccc(N3CCOCC3)cc2F)nc1C,288.33,2.13,51.14,0,5,2,2,1,<rdkit.Chem.rdchem.Mol object at 0x000001CB2A41F370>,False,False
TRZ04643,Cc1nnc(-c2nc(C(F)(F)F)sc2N2CCOCC2)nc1C,345.35,2.47,64.03,0,7,2,2,1,<rdkit.Chem.rdchem.Mol object at 0x000001CB2A41F3E0>,False,False
TRZ04644,COCCNc1cc(C(F)(F)F)cnc1-c1nnc(C)c(C)n1,327.31,2.63,72.82,1,6,5,2,1,<rdkit.Chem.rdchem.Mol object at 0x000001CB2A41F450>,False,False
TRZ04645,Cc1nnc(C2CC3(C2)CN(c2ncc(F)cn2)C3)nc1C,300.34,1.8,67.69,0,6,2,2,1,<rdkit.Chem.rdchem.Mol object at 0x000001CB2A41F4C0>,False,False
TRZ04646,Cc1nnc(C2(C)CCCC2c2ccc(F)cn2)nc1C,286.35,3.25,51.56,0,4,2,2,1,<rdkit.Chem.rdchem.Mol object at 0x000001CB2A41F530>,False,False
TRZ04647,Cc1nnc(-c2ccc(NC(=O)CCCCCN3C(=O)C=CC3=O)cc2F)nc1C,411.44,2.72,105.15,1,6,8,2,1,<rdkit.Chem.rdchem.Mol object at 0x000001CB2A41F5A0>,False,False
TRZ04648,Cc1nnc(C(=O)NCc2ccc(Cl)c(OC(F)(F)F)c2)nc1C,360.72,2.97,77.0,1,5,4,2,1,<rdkit.Chem.rdchem.Mol object at 0x000001CB2A41F610>,False,False
TRZ04649,Cc1nnc(C(=O)NCc2ccc(F)c(OC(F)(F)F)c2)nc1C,344.27,2.46,77.0,1,5,4,2,1,<rdkit.Chem.rdchem.Mol object at 0x000001CB2A41F680>,False,False
TRZ04655,CCn1ncc2c(F)cc(-c3ccc(C(CC)(CC)c4nnc(C)c(C)n4)c(=O)[nH]3)cc21,434.52,4.46,89.35,1,5,6,4,1,<rdkit.Chem.rdchem.Mol object at 0x000001CB2A41F8B0>,False,False
TRZ04656,Cc1nnc(C23CC(NC(=O)COc4ccc(Cl)c(F)c4)(C2)C3)nc1C,376.82,2.65,77.0,1,5,5,2,1,<rdkit.Chem.rdchem.Mol object at 0x000001CB2A41F920>,False,False
TRZ04657,Cc1nnc(-c2ccc(=O)n(CC(=O)Nc3ccc(C(F)(F)F)cc3)c2)nc1C,403.36,2.97,89.77,1,5,4,3,1,<rdkit.Chem.rdchem.Mol object at 0x000001CB2A41F990>,False,False
TRZ04658,Cc1nnc(C2CCN(c3ccc(F)cn3)CC2)nc1C,287.34,2.41,54.8,0,5,2,2,1,<rdkit.Chem.rdchem.Mol object at 0x000001CB2A41FA00>,False,False
TRZ04659,Cc1nnc(C2CC3(C2)CN(c2ccc(F)cn2)C3)nc1C,299.35,2.41,54.8,0,5,2,2,1,<rdkit.Chem.rdchem.Mol object at 0x000001CB2A41FA70>,False,False
TRZ04660,CNS(=O)(=O)c1ccc(Nc2ccc(C(F)(F)F)cc2)c(-c2nnc(C)c(C)n2)c1,437.45,3.83,96.87,2,6,5,3,1,<rdkit.Chem.rdchem.Mol object at 0x000001CB2A41FAE0>,False,False
TRZ04661,CCCC(F)N(CC(c1ccccc1)c1nnc(C)c(C)n1)C(=O)O,346.41,3.7,79.21,1,4,7,2,1,<rdkit.Chem.rdchem.Mol object at 0x000001CB2A41FB50>,False,False
TRZ04662,Cc1nnc(C2CCC(n3cc(C4(F)CCN(C(=O)OC(C)(C)C)CC4)nn3)CC2)nc1C,459.57,4.17,98.92,0,7,3,2,1,<rdkit.Chem.rdchem.Mol object at 0x000001CB2A41FBC0>,False,False
TRZ04663,Cc1nnc(COc2cc(C(F)(F)F)ccn2)nc1C,284.24,2.48,60.79,0,5,3,2,1,<rdkit.Chem.rdchem.Mol object at 0x000001CB2A41FC30>,False,False
TRZ04664,Cc1nnc(C(c2cc(Cl)ccn2)C2CC2(F)F)nc1C,310.74,3.32,51.56,0,4,3,2,1,<rdkit.Chem.rdchem.Mol object at 0x000001CB2A41FCA0>,False,False
TRZ04665,Cc1nnc([C@@H](c2ccccc2)C(F)(F)F)nc1C,267.25,3.18,38.67,0,3,2,2,1,<rdkit.Chem.rdchem.Mol object at 0x000001CB2A41FD10>,False,False
TRZ04669,Cc1nnc(-c2ccc(=O)n(SF)c2Cl)nc1C,286.72,2.35,60.67,0,5,2,2,1,<rdkit.Chem.rdchem.Mol object at 0x000001CB2A41FD80>,False,False
TRZ04670,Cc1nnc(-c2ncc(C(F)(F)F)cc2C2CC2)nc1C,294.28,3.45,51.56,0,4,2,2,1,<rdkit.Chem.rdchem.Mol object at 0x000001CB2A41FDF0>,False,False
TRZ04671,CN=NN(C(C)F)[C@@H]1[C@@H](O)[C@H](c2nnc(C)c(C)n2)O[C@@H]2CO[C@H](c3ccccc3)O[C@H]12,446.48,2.39,114.55,1,9,5,2,1,<rdkit.Chem.rdchem.Mol object at 0x000001CB2A41FE60>,False,False
TRZ04673,Cc1nnc(C2(c3nc4cc(F)ccc4n4cccc34)C=NC=CN2)nc1C,373.4,2.82,80.36,1,6,2,4,1,<rdkit.Chem.rdchem.Mol object at 0x000001CB2A41FED0>,False,False
TRZ04674,Cc1nnc(-c2cnc3c(c2)C(=O)N([C@@H]2CCCC(F)(F)[C@H]2NC(=O)O)C3)nc1C,418.4,2.33,121.2,2,6,3,2,1,<rdkit.Chem.rdchem.Mol object at 0x000001CB2A41FF40>,False,False
TRZ04675,Cc1nnc(-c2ccc3c(c2)C(=O)N(C2CCCN(C(=O)O)C2c2ccc(F)cc2)C3)nc1C,461.5,4.13,99.52,1,5,3,3,1,<rdkit.Chem.rdchem.Mol object at 0x000001CB2A420040>,False,False
TRZ04676,Cc1nnc(-c2ccc3c(c2)C(=O)N([C@@H]2CCCC(F)(F)[C@@H]2NC(=O)O)C3)nc1C,417.42,2.94,108.31,2,5,3,2,1,<rdkit.Chem.rdchem.Mol object at 0x000001CB2A4200B0>,False,False
TRZ04677,Cc1nnc(-c2cnc3c(c2)C(=O)N([C@@H]2COCC[C@H]2Oc2ccc(F)cc2)C3)nc1C,435.46,2.88,90.33,0,7,4,3,1,<rdkit.Chem.rdchem.Mol object at 0x000001CB2A420120>,False,False
TRZ04678,Cc1nnc(-c2cnc3c(c2)C(=O)N(C2COCCC2Oc2ccc(F)cc2)C3)nc1C,435.46,2.88,90.33,0,7,4,3,1,<rdkit.Chem.rdchem.Mol object at 0x000001CB2A420190>,False,False
TRZ04679,Cc1nnc(-c2cc(F)c3c(c2)C(=O)N([C@@H]2CCOC[C@H]2NC(=O)O)C3)nc1C,401.4,1.68,117.54,2,6,3,2,1,<rdkit.Chem.rdchem.Mol object at 0x000001CB2A420200>,False,False
TRZ04680,Cc1nnc(-c2cnc3c(c2)C(=O)N([C@@H]2COCC[C@H]2Oc2ccc(F)c(F)c2)C3)nc1C,453.45,3.02,90.33,0,7,4,3,1,<rdkit.Chem.rdchem.Mol object at 0x000001CB2A420270>,False,False
TRZ04681,Cc1nnc(-c2cnc3c(c2)C(=O)N(C2COCCC2Oc2ccc(F)c(F)c2)C3)nc1C,453.45,3.02,90.33,0,7,4,3,1,<rdkit.Chem.rdchem.Mol object at 0x000001CB2A4202E0>,False,False
TRZ04682,Cc1nnc(-c2cnc3c(c2)C(=O)N(C2CCCCC2Oc2ccc(F)cc2)C3)nc1C,433.49,4.04,81.1,0,6,4,3,1,<rdkit.Chem.rdchem.Mol object at 0x000001CB2A420350>,False,False
TRZ04683,Cc1nnc(-c2cnc3c(c2)C(=O)N([C@@H]2COCC[C@H]2Oc2ccc(F)cc2F)C3)nc1C,453.45,3.02,90.33,0,7,4,3,1,<rdkit.Chem.rdchem.Mol object at 0x000001CB2A4203C0>,False,False
TRZ04684,Cc1nnc(-c2cnc3c(c2)C(=O)N(C2COCCC2Oc2ccc(F)cc2F)C3)nc1C,453.45,3.02,90.33,0,7,4,3,1,<rdkit.Chem.rdchem.Mol object at 0x000001CB2A420430>,False,False
TRZ04685,Cc1nnc(-c2ccc3c(c2)C(=O)N([C@@H]2CCCC(F)(F)[C@H]2NC(=O)O)C3)nc1C,417.42,2.94,108.31,2,5,3,2,1,<rdkit.Chem.rdchem.Mol object at 0x000001CB2A4204A0>,False,False
TRZ04686,Cc1nnc(-c2ccc3c(c2)C(=O)N(C2CCC(F)(F)CC2c2ccccn2)C3)nc1C,435.48,4.48,71.87,0,5,3,3,1,<rdkit.Chem.rdchem.Mol object at 0x000001CB2A420510>,False,False
TRZ04687,Cc1nnc(C23CCC(NC(=O)COc4ccc(Cl)c(F)c4)(CC2)CC3O)nc1C,434.9,2.79,97.23,2,6,5,2,1,<rdkit.Chem.rdchem.Mol object at 0x000001CB2A420580>,False,False
TRZ04688,Cc1nnc(COCC(=O)NC23CC(NC(=O)COc4ccc(Cl)c(F)c4)(C2)C3)nc1C,463.9,1.78,115.33,2,7,9,2,1,<rdkit.Chem.rdchem.Mol object at 0x000001CB2A4205F0>,False,False
TRZ04690,CC1=C(Cc2nnc(C)c(C)n2)c2cc(F)ccc2/C1=C\c1ccc(S(C)=O)cc1,419.53,4.94,55.74,0,4,4,3,1,<rdkit.Chem.rdchem.Mol object at 0x000001CB2A420660>,False,False
TRZ04691,Cc1nnc(/C(=C\c2cccc(O)c2O)N(C)CCN(C)Cc2cccc(C(F)(F)F)c2)nc1C,487.53,4.48,85.61,2,7,8,3,1,<rdkit.Chem.rdchem.Mol object at 0x000001CB2A4206D0>,False,False
TRZ04692,Cc1nnc(-c2ccc(C(C)(C)F)cc2Cl)nc1C,279.75,4.01,38.67,0,3,2,2,1,<rdkit.Chem.rdchem.Mol object at 0x000001CB2A420740>,False,False
TRZ04693,Cc1nnc(-c2nccnc2C(F)(F)F)nc1C,255.2,1.96,64.45,0,5,1,2,1,<rdkit.Chem.rdchem.Mol object at 0x000001CB2A4207B0>,False,False
TRZ04694,Cc1nnc(C(F)(F)C(C)(O)c2cc(Cl)nc(Cl)c2)nc1C,349.17,3.19,71.79,1,5,3,2,1,<rdkit.Chem.rdchem.Mol object at 0x000001CB2A420820>,False,False
TRZ04696,Cc1nnc(CC2(c3cccc(N4Cc5c(cccc5C(F)(F)F)C4=O)c3)COC2)nc1C,454.45,4.18,68.21,0,5,4,3,1,<rdkit.Chem.rdchem.Mol object at 0x000001CB2A420890>,False,False
TRZ04697,Cc1nnc(CC(c2cccc(NC(=O)OC(C)(C)C)c2)C(F)F)nc1C,378.42,4.43,77.0,1,5,5,2,1,<rdkit.Chem.rdchem.Mol object at 0x000001CB2A420900>,False,False
TRZ04699,Cc1nnc(C(F)(F)C(C)(O)c2cccc(NC(=O)O)c2)nc1C,338.31,2.58,108.23,3,5,4,2,1,<rdkit.Chem.rdchem.Mol object at 0x000001CB2A420970>,False,False
TRZ04700,Cc1nnc(CC2(c3cccc(Br)c3)CC(F)(F)C2)nc1C,368.23,4.16,38.67,0,3,3,2,1,<rdkit.Chem.rdchem.Mol object at 0x000001CB2A4209E0>,False,False
TRZ04701,Cc1nnc(CC2(c3cccc(N4Cc5c(cccc5C(F)(F)F)C4=O)c3)CC(CO)C2)nc1C,482.51,4.55,79.21,1,5,5,3,1,<rdkit.Chem.rdchem.Mol object at 0x000001CB2A420A50>,False,False
TRZ04702,Cc1nnc(C(F)(F)C2(c3cccc(NC(=O)O)c3)CC2)nc1C,334.33,3.4,88.0,2,4,4,2,1,<rdkit.Chem.rdchem.Mol object at 0x000001CB2A420AC0>,False,False
TRZ04704,Cc1nnc(C(F)(F)c2cn3cc(C4CC4)ccc3n2)nc1C,315.33,3.15,55.97,0,4,3,3,1,<rdkit.Chem.rdchem.Mol object at 0x000001CB2A420B30>,False,False
TRZ04705,Cc1nnc(Cc2ncccc2F)nc1C,218.23,1.61,51.56,0,4,2,2,1,<rdkit.Chem.rdchem.Mol object at 0x000001CB2A420BA0>,False,False
TRZ04706,Cc1nnc(C(O)c2ccccc2F)nc1C,233.25,1.71,58.9,1,4,2,2,1,<rdkit.Chem.rdchem.Mol object at 0x000001CB2A420C10>,False,False
TRZ04707,Cc1nnc(C2C3CC(NC(=O)COc4ccc(Cl)c(F)c4)CC32)nc1C,390.85,2.97,77.0,1,5,5,2,1,<rdkit.Chem.rdchem.Mol object at 0x000001CB2A420C80>,False,False
TRZ04708,Cc1nnc(-c2ccc(C(C)(C)F)cc2)nc1C,245.3,3.36,38.67,0,3,2,2,1,<rdkit.Chem.rdchem.Mol object at 0x000001CB2A420CF0>,False,False
TRZ04709,Cc1nnc(-c2ccc(OC(F)(F)F)cc2Cl)nc1C,303.67,3.71,47.9,0,4,2,2,1,<rdkit.Chem.rdchem.Mol object at 0x000001CB2A420D60>,False,False
TRZ04710,Cc1nnc(-c2ccc(OCC(F)(F)F)cc2)nc1C,283.25,3.1,47.9,0,4,3,2,1,<rdkit.Chem.rdchem.Mol object at 0x000001CB2A420DD0>,False,False
TRZ04711,Cc1nnc(C2CCN(CCc3ccc(C(F)(F)F)cc3)CC2)nc1C,364.42,3.93,41.91,0,4,4,2,1,<rdkit.Chem.rdchem.Mol object at 0x000001CB2A420E40>,False,False
TRZ04712,Cc1cc(-c2nnc(C)c(C)n2)nc(Oc2cccc(C(F)(F)F)c2)n1,361.33,4.06,73.68,0,6,3,3,1,<rdkit.Chem.rdchem.Mol object at 0x000001CB2A420EB0>,False,False
TRZ04713,Cc1nnc(-c2cccnc2Oc2cccc(C(F)(F)F)c2)nc1C,346.31,4.36,60.79,0,5,3,3,1,<rdkit.Chem.rdchem.Mol object at 0x000001CB2A420F20>,False,False
TRZ04714,Cc1nnc(C(C)(C)c2ccc(C(F)(F)F)cn2)nc1C,296.3,3.23,51.56,0,4,2,2,1,<rdkit.Chem.rdchem.Mol object at 0x000001CB2A420F90>,False,False
TRZ04715,CCn1c(Cn2ccnc2-c2cccc(F)c2)nc2cc(-c3nnc(C)c(C)n3)ccc21,427.49,4.58,74.31,0,5,5,5,1,<rdkit.Chem.rdchem.Mol object at 0x000001CB2A421000>,False,False
TRZ04716,Cc1nnc(C(C)(C)c2ccc(C(F)(F)F)cc2)nc1C,295.31,3.83,38.67,0,3,2,2,1,<rdkit.Chem.rdchem.Mol object at 0x000001CB2A421070>,False,False
TRZ04717,Cc1nnc(-c2ccc(-c3cc(C(=O)NCC4CC4)cc(F)c3C)cc2)nc1C,390.46,4.41,67.77,1,4,5,3,1,<rdkit.Chem.rdchem.Mol object at 0x000001CB2A4210E0>,False,False
TRZ04718,Cc1nnc(-c2cc(C(=O)O)c(O)c3ncc(Cc4ccc(F)cc4)cc23)nc1C,404.4,3.84,109.09,2,6,4,4,1,<rdkit.Chem.rdchem.Mol object at 0x000001CB2A421150>,False,False
TRZ04719,Cc1nnc(-c2cccc(CC(=O)NC[C@H]3CN(Cc4ccc(F)c(F)c4)CCO3)c2)nc1C,467.52,2.99,80.24,1,6,7,3,1,<rdkit.Chem.rdchem.Mol object at 0x000001CB2A4211C0>,False,False
TRZ04720,CCC(C)(CC)C(=O)N(CCc1nnc(C)c(C)n1)Cc1cc2c(cc1F)OCCO2,430.52,3.8,77.44,0,6,8,2,1,<rdkit.Chem.rdchem.Mol object at 0x000001CB2A421230>,False,False
TRZ04721,Cc1nnc(/C=C/c2ccccc2C(F)(F)F)nc1C,279.26,3.68,38.67,0,3,2,2,1,<rdkit.Chem.rdchem.Mol object at 0x000001CB2A4212A0>,False,False
TRZ04722,Cc1nnc(/C=C/c2ccc(F)c(F)c2F)nc1C,265.24,3.08,38.67,0,3,2,2,1,<rdkit.Chem.rdchem.Mol object at 0x000001CB2A421310>,False,False
TRZ04723,Cc1nnc(/C=C/c2ccc(F)cc2F)nc1C,247.25,2.94,38.67,0,3,2,2,1,<rdkit.Chem.rdchem.Mol object at 0x000001CB2A421380>,False,False
TRZ04724,Cc1nnc([C@H](CNC(=O)OC(C)(C)C)Nc2ccc(C(F)(F)F)cc2)nc1C,411.43,4.19,89.03,2,6,5,2,1,<rdkit.Chem.rdchem.Mol object at 0x000001CB2A4213F0>,False,False
TRZ04725,Cc1nnc([C@H](CNC(=O)OC(C)(C)C)Nc2cccc(OC(F)(F)F)c2)nc1C,427.43,4.06,98.26,2,7,6,2,1,<rdkit.Chem.rdchem.Mol object at 0x000001CB2A421460>,False,False
TRZ04727,Cc1nnc(-c2ccc(OC(CF)CF)c(Cl)c2)nc1C,313.73,3.5,47.9,0,4,5,2,1,<rdkit.Chem.rdchem.Mol object at 0x000001CB2A4214D0>,False,False
TRZ04729,COc1ccccc1CCN(Cc1ccc(-c2nnc(C)c(C)n2)cc1F)C(=O)N1CCN(C)CC1,492.6,3.72,74.69,0,6,7,3,1,<rdkit.Chem.rdchem.Mol object at 0x000001CB2A421540>,False,False
TRZ04730,Cc1nnc(-c2ccc(CN(C(=O)N3CCS(=O)(=O)CC3)c3cccc(F)c3)nc2)nc1C,470.53,2.55,109.25,0,7,4,3,1,<rdkit.Chem.rdchem.Mol object at 0x000001CB2A4215B0>,False,False
TRZ04732,CCN1CCN(C(=O)N(Cc2ccc(-c3nnc(C)c(C)n3)cc2F)c2ccc(Cl)cc2)CC1,482.99,4.71,65.46,0,5,5,3,1,<rdkit.Chem.rdchem.Mol object at 0x000001CB2A421620>,False,False
TRZ04734,Cc1ccc(N(Cc2ccc(-c3nnc(C)c(C)n3)cc2F)C(=O)N2CCN(C)CC2)cc1,448.55,3.98,65.46,0,5,4,3,1,<rdkit.Chem.rdchem.Mol object at 0x000001CB2A421690>,False,False
TRZ04736,Cc1nnc(-c2ccc(CN(C(=O)N3CCN(C4COC4)CC3)c3ccccc3)c(F)c2)nc1C,476.56,3.44,74.69,0,6,5,3,1,<rdkit.Chem.rdchem.Mol object at 0x000001CB2A421700>,False,False
TRZ04737,Cc1nnc(-c2ccc(CN(C(=O)N3CCS(=O)(=O)CC3)c3ccc(F)cc3)c(F)c2)nc1C,487.53,3.29,96.36,0,6,4,3,1,<rdkit.Chem.rdchem.Mol object at 0x000001CB2A421770>,False,False
TRZ04738,Cc1nnc(-c2ccc(CN(C(=O)N3CCN(C)CC3)c3ccccc3F)nc2)nc1C,435.51,3.06,78.35,0,6,4,3,1,<rdkit.Chem.rdchem.Mol object at 0x000001CB2A4217E0>,False,False
TRZ04739,COc1ccccc1N(Cc1ccc(-c2nnc(C)c(C)n2)cc1F)C(=O)N1CCS(=O)(=O)CC1,499.57,3.16,105.59,0,7,5,3,1,<rdkit.Chem.rdchem.Mol object at 0x000001CB2A421850>,False,False
TRZ04740,Cc1ccc(N(Cc2ccc(-c3nnc(C)c(C)n3)cc2)C(=O)N2CCOCC2)c(F)c1,435.5,4.06,71.45,0,5,4,3,1,<rdkit.Chem.rdchem.Mol object at 0x000001CB2A4218C0>,False,False
TRZ04742,Cc1nnc(-c2ccc(CN(C(=O)N3CCN(C)CC3)c3ccc(F)cc3)nc2)nc1C,435.51,3.06,78.35,0,6,4,3,1,<rdkit.Chem.rdchem.Mol object at 0x000001CB2A421930>,False,False
TRZ04744,Cc1nnc(-c2ccc(CN(C(=O)N3CCOCC3)c3ccc(C(F)(F)F)cc3)cc2)nc1C,471.48,4.63,71.45,0,5,4,3,1,<rdkit.Chem.rdchem.Mol object at 0x000001CB2A4219A0>,False,False
TRZ04745,Cc1nnc(-c2ccc(CN(C(=O)N3CCOCC3)c3ccccc3)cc2F)nc1C,421.48,3.75,71.45,0,5,4,3,1,<rdkit.Chem.rdchem.Mol object at 0x000001CB2A421A10>,False,False
TRZ04747,Cc1nnc(-c2ccc(CN(C(=O)N3CCS(=O)(=O)CC3)c3ccc(F)cc3)cc2)nc1C,469.54,3.15,96.36,0,6,4,3,1,<rdkit.Chem.rdchem.Mol object at 0x000001CB2A421A80>,False,False
TRZ04748,Cc1nnc(-c2ccc(CN(C(=O)N3CC4(COC4)C3)c3ccc(F)c(Cl)c3)c(F)c2)nc1C,485.92,4.55,71.45,0,5,4,3,1,<rdkit.Chem.rdchem.Mol object at 0x000001CB2A421AF0>,False,False
TRZ04749,Cc1nnc(-c2ccc(CN(C(=O)N3CCC(O)C3)c3ccc(F)c(Cl)c3)c(F)c2)nc1C,473.91,4.28,82.45,1,5,4,3,1,<rdkit.Chem.rdchem.Mol object at 0x000001CB2A421B60>,False,False
TRZ04750,Cc1nnc(-c2ccc(CN(C(=O)N3CCN(C)CC3)c3ccc(Cl)cc3)c(F)c2)nc1C,468.96,4.32,65.46,0,5,4,3,1,<rdkit.Chem.rdchem.Mol object at 0x000001CB2A421BD0>,False,False
TRZ04751,CCN1CCN(C(=O)N(Cc2ccc(-c3nnc(C)c(C)n3)cc2F)c2ccc(OC)cc2)CC1,478.57,4.07,74.69,0,6,6,3,1,<rdkit.Chem.rdchem.Mol object at 0x000001CB2A421C40>,False,False
TRZ04754,Cc1nnc(-c2ccc(CN(C(=O)N3CCOCC3)c3cccc(C(F)(F)F)c3)cc2)nc1C,471.48,4.63,71.45,0,5,4,3,1,<rdkit.Chem.rdchem.Mol object at 0x000001CB2A421CB0>,False,False
TRZ04755,CCN1CCN(C(=O)N(Cc2ccc(-c3nnc(C)c(C)n3)cn2)c2ccc(F)c(Cl)c2)CC1,483.98,4.11,78.35,0,6,5,3,1,<rdkit.Chem.rdchem.Mol object at 0x000001CB2A421D20>,False,False
TRZ04757,Cc1nnc(-c2ccc(CN(C(=O)N3CCN(C)CC3)c3ccc4cnn(C)c4c3)c(F)c2)nc1C,488.57,3.56,83.28,0,6,4,4,1,<rdkit.Chem.rdchem.Mol object at 0x000001CB2A421D90>,False,False
TRZ04758,Cc1nnc(-c2ccc(CN(C(=O)N3CCOCC3)c3ccc(F)c(Cl)c3)cc2)nc1C,455.92,4.41,71.45,0,5,4,3,1,<rdkit.Chem.rdchem.Mol object at 0x000001CB2A421E00>,False,False
TRZ04759,Cc1nnc(-c2ccc(CN(C(=O)N3CCS(=O)(=O)CC3)c3ccc(F)cc3)nc2)nc1C,470.53,2.55,109.25,0,7,4,3,1,<rdkit.Chem.rdchem.Mol object at 0x000001CB2A421E70>,False,False
TRZ04760,Cc1nnc(-c2ccc(CN(C(=O)N3CCN(C)CC3)c3cccc4cnn(C)c34)c(F)c2)nc1C,488.57,3.56,83.28,0,6,4,4,1,<rdkit.Chem.rdchem.Mol object at 0x000001CB2A421EE0>,False,False
TRZ04761,Cc1nnc(-c2ccc(CN(C(=O)N3CCN(C4COC4)CC3)c3cccc(F)c3)cc2)nc1C,476.56,3.44,74.69,0,6,5,3,1,<rdkit.Chem.rdchem.Mol object at 0x000001CB2A421F50>,False,False
TRZ04763,Cc1cc(F)ccc1N(Cc1ccc(-c2nnc(C)c(C)n2)cc1)C(=O)N1CCOCC1,435.5,4.06,71.45,0,5,4,3,1,<rdkit.Chem.rdchem.Mol object at 0x000001CB2A421FC0>,False,False
TRZ04764,Cc1nnc(-c2ccc(CN(C(=O)N3CC4(COC4)C3)c3cccc(F)c3)c(F)c2)nc1C,451.48,3.89,71.45,0,5,4,3,1,<rdkit.Chem.rdchem.Mol object at 0x000001CB2A422030>,False,False
TRZ04765,Cc1nnc(-c2ccc(CN(C(=O)N3CCN(C)CC3)c3cccc(Cl)c3)c(F)c2)nc1C,468.96,4.32,65.46,0,5,4,3,1,<rdkit.Chem.rdchem.Mol object at 0x000001CB2A4220A0>,False,False
TRZ04767,Cc1cccc(N(Cc2ccc(-c3nnc(C)c(C)n3)cc2F)C(=O)N2CC3(COC3)C2)c1,447.51,4.06,71.45,0,5,4,3,1,<rdkit.Chem.rdchem.Mol object at 0x000001CB2A422110>,False,False
TRZ04768,CCN1CCN(C(=O)N(Cc2ccc(-c3nnc(C)c(C)n3)cc2)c2cccc(F)c2)CC1,448.55,4.06,65.46,0,5,5,3,1,<rdkit.Chem.rdchem.Mol object at 0x000001CB2A422180>,False,False
TRZ04769,COc1ccccc1CCN(Cc1ccc(-c2nnc(C)c(C)n2)cc1F)C(=O)N1CCOCC1,479.56,3.8,80.68,0,6,7,3,1,<rdkit.Chem.rdchem.Mol object at 0x000001CB2A4221F0>,False,False
TRZ04771,CCN1CCN(C(=O)N(Cc2ccc(-c3nnc(C)c(C)n3)cc2F)c2ccc(F)cc2)CC1,466.54,4.2,65.46,0,5,5,3,1,<rdkit.Chem.rdchem.Mol object at 0x000001CB2A422260>,False,False
TRZ04772,Cc1ccccc1N(Cc1ccc(-c2nnc(C)c(C)n2)cc1F)C(=O)N1CCN(C)CC1,448.55,3.98,65.46,0,5,4,3,1,<rdkit.Chem.rdchem.Mol object at 0x000001CB2A4222D0>,False,False
TRZ04773,Cc1nnc(-c2ccc(CN(C(=O)N3CCS(=O)(=O)CC3)c3ccccc3F)c(F)c2)nc1C,487.53,3.29,96.36,0,6,4,3,1,<rdkit.Chem.rdchem.Mol object at 0x000001CB2A422340>,False,False
TRZ04774,Cc1nnc(-c2ccc(CN(C(=O)N3CC4(COC4)C3)c3ccccc3)c(F)c2)nc1C,433.49,3.75,71.45,0,5,4,3,1,<rdkit.Chem.rdchem.Mol object at 0x000001CB2A4223B0>,False,False
TRZ04775,Cc1nnc(-c2ccc(CN(C(=O)N3CCN(C(C)(C)C)CC3)c3ccccc3)c(F)c2)nc1C,476.6,4.84,65.46,0,5,4,3,1,<rdkit.Chem.rdchem.Mol object at 0x000001CB2A422420>,False,False
TRZ04776,Cc1nnc(-c2ccc(CN(C(=O)N3CCN(C)CC3)c3ccccc3)c(F)c2)nc1C,434.52,3.67,65.46,0,5,4,3,1,<rdkit.Chem.rdchem.Mol object at 0x000001CB2A422490>,False,False
TRZ04779,Cc1nnc(-c2ccc(CN(C(=O)N3CCOCC3)c3cccc(C(F)(F)F)n3)cc2)nc1C,472.47,4.03,84.34,0,6,4,3,1,<rdkit.Chem.rdchem.Mol object at 0x000001CB2A422500>,False,False
TRZ04780,Cc1nnc(-c2ccc(CN(CCc3ccccc3)C(=O)N3CCOCC3)c(F)c2)nc1C,449.53,3.79,71.45,0,5,6,3,1,<rdkit.Chem.rdchem.Mol object at 0x000001CB2A422570>,False,False
TRZ04781,Cc1nnc(-c2ccc(CN(C(=O)N3CCOCC3)c3ccc(F)cc3)cc2)nc1C,421.48,3.75,71.45,0,5,4,3,1,<rdkit.Chem.rdchem.Mol object at 0x000001CB2A4225E0>,False,False
TRZ04782,Cc1nnc(-c2ccc(CN(C(=O)N3CCS(=O)(=O)CC3)c3ccc(F)cc3F)cc2)nc1C,487.53,3.29,96.36,0,6,4,3,1,<rdkit.Chem.rdchem.Mol object at 0x000001CB2A422650>,False,False
TRZ04783,Cc1cccc(N(Cc2ccc(-c3nnc(C)c(C)n3)cc2F)C(=O)N2CCN(C)CC2)c1,448.55,3.98,65.46,0,5,4,3,1,<rdkit.Chem.rdchem.Mol object at 0x000001CB2A4226C0>,False,False
TRZ04786,CCN1CCN(C(=O)N(Cc2ccc(-c3nnc(C)c(C)n3)cc2F)c2cccc(Cl)c2)CC1,482.99,4.71,65.46,0,5,5,3,1,<rdkit.Chem.rdchem.Mol object at 0x000001CB2A422730>,False,False
TRZ04787,Cc1nnc(-c2ccc(CN(C(=O)N3CCOCC3)c3cccc(F)c3)nc2)nc1C,422.46,3.15,84.34,0,6,4,3,1,<rdkit.Chem.rdchem.Mol object at 0x000001CB2A4227A0>,False,False
TRZ04788,COc1cccc(N(Cc2ccc(-c3nnc(C)c(C)n3)cc2F)C(=O)N2CCS(=O)(=O)CC2)c1,499.57,3.16,105.59,0,7,5,3,1,<rdkit.Chem.rdchem.Mol object at 0x000001CB2A422810>,False,False
TRZ04789,Cc1nnc(-c2ccc(CN(C(=O)N3CCOCC3)c3ccccc3)c(F)c2)nc1C,421.48,3.75,71.45,0,5,4,3,1,<rdkit.Chem.rdchem.Mol object at 0x000001CB2A422880>,False,False
TRZ04790,Cc1ccc(N(Cc2ccc(-c3nnc(C)c(C)n3)cc2)C(=O)N2CCS(=O)(=O)CC2)c(F)c1,483.57,3.46,96.36,0,6,4,3,1,<rdkit.Chem.rdchem.Mol object at 0x000001CB2A4228F0>,False,False
TRZ04791,Cc1nnc(-c2ccc(CN(C(=O)N3CCS(=O)(=O)CC3)c3ccc(F)cn3)c(F)c2)nc1C,488.52,2.69,109.25,0,7,4,3,1,<rdkit.Chem.rdchem.Mol object at 0x000001CB2A422960>,False,False
TRZ04794,Cc1cccc(N(Cc2ccc(-c3nnc(C)c(C)n3)cc2F)C(=O)N2CCS(=O)(=O)CC2)c1,483.57,3.46,96.36,0,6,4,3,1,<rdkit.Chem.rdchem.Mol object at 0x000001CB2A4229D0>,False,False
TRZ04796,Cc1nnc(-c2ccc(CN(C(=O)N3CCS(=O)(=O)CC3)c3ccccc3)c(F)c2)nc1C,469.54,3.15,96.36,0,6,4,3,1,<rdkit.Chem.rdchem.Mol object at 0x000001CB2A422A40>,False,False
TRZ04797,CCN1CCN(C(=O)N(Cc2ccc(-c3nnc(C)c(C)n3)cc2F)c2cccc(F)c2F)CC1,484.53,4.34,65.46,0,5,5,3,1,<rdkit.Chem.rdchem.Mol object at 0x000001CB2A422AB0>,False,False
TRZ04799,Cc1nnc(-c2ccc(CN(C(=O)N3CCOCC3)c3ccc(F)cc3F)nc2)nc1C,440.45,3.29,84.34,0,6,4,3,1,<rdkit.Chem.rdchem.Mol object at 0x000001CB2A422B20>,False,False
TRZ04800,Cc1nnc(-c2ccc(CN(C(=O)N3CCN(C4COC4)CC3)c3ccc(F)cc3)cc2)nc1C,476.56,3.44,74.69,0,6,5,3,1,<rdkit.Chem.rdchem.Mol object at 0x000001CB2A422B90>,False,False
TRZ04804,Cc1nnc(-c2ccc(CN(CCc3ccccc3)C(=O)N3CCN(C)CC3)c(F)c2)nc1C,462.57,3.71,65.46,0,5,6,3,1,<rdkit.Chem.rdchem.Mol object at 0x000001CB2A422C00>,False,False
TRZ04805,Cc1nnc(-c2ccc(CN(C(=O)N3CCN(C)CC3)c3ccc(F)c(Cl)c3)c(F)c2)nc1C,486.95,4.46,65.46,0,5,4,3,1,<rdkit.Chem.rdchem.Mol object at 0x000001CB2A422C70>,False,False
TRZ04807,Cc1nnc(-c2ccc(CN(C(=O)N3CCOCC3)c3ccccc3F)cc2)nc1C,421.48,3.75,71.45,0,5,4,3,1,<rdkit.Chem.rdchem.Mol object at 0x000001CB2A422CE0>,False,False
TRZ04808,Cc1nnc(-c2ccc(CN(C(=O)N3CCN(C)CC3)c3ccc(F)c(Cl)c3)nc2)nc1C,469.95,3.72,78.35,0,6,4,3,1,<rdkit.Chem.rdchem.Mol object at 0x000001CB2A422D50>,False,False
TRZ04809,Cc1nnc(-c2ccc(CN(C(=O)N3CCCN(C)CC3)c3ccccc3)c(F)c2)nc1C,448.55,4.06,65.46,0,5,4,3,1,<rdkit.Chem.rdchem.Mol object at 0x000001CB2A422DC0>,False,False
TRZ04811,Cc1nnc(-c2ccc(CN(C(=O)N3CCOCC3)c3ccc4cnn(C)c4c3)c(F)c2)nc1C,475.53,3.64,89.27,0,6,4,4,1,<rdkit.Chem.rdchem.Mol object at 0x000001CB2A422E30>,False,False
TRZ04812,Cc1nnc(-c2ccc(CN(C(=O)N3CCN(C4COC4)CC3)c3cccc(F)c3)nc2)nc1C,477.54,2.83,87.58,0,7,5,3,1,<rdkit.Chem.rdchem.Mol object at 0x000001CB2A422EA0>,False,False
TRZ04814,Cc1nnc(-c2ccc(CN(C(=O)N3CCOCC3)c3cccc(F)c3)c(F)c2)nc1C,439.47,3.89,71.45,0,5,4,3,1,<rdkit.Chem.rdchem.Mol object at 0x000001CB2A422F10>,False,False
TRZ04815,CCN1CCN(C(=O)N(Cc2ccc(-c3nnc(C)c(C)n3)cc2F)c2cccc(F)c2)CC1,466.54,4.2,65.46,0,5,5,3,1,<rdkit.Chem.rdchem.Mol object at 0x000001CB2A422F80>,False,False
TRZ04817,Cc1nnc(-c2ccc(CN(C(=O)N3CCS(=O)(=O)CC3)c3ccccc3F)cc2)nc1C,469.54,3.15,96.36,0,6,4,3,1,<rdkit.Chem.rdchem.Mol object at 0x000001CB2A422FF0>,False,False
TRZ04820,COc1ccccc1N(Cc1ccc(-c2nnc(C)c(C)n2)cc1F)C(=O)N1CCN(C)CC1,464.55,3.68,74.69,0,6,5,3,1,<rdkit.Chem.rdchem.Mol object at 0x000001CB2A423060>,False,False
TRZ04821,Cc1nnc(-c2ccc(CN(C(=O)N3CCS(=O)(=O)CC3)c3cccc(F)c3)cc2)nc1C,469.54,3.15,96.36,0,6,4,3,1,<rdkit.Chem.rdchem.Mol object at 0x000001CB2A4230D0>,False,False
TRZ04825,Cc1nnc(-c2ccc(CN(C(=O)N3CCOCC3)c3cccc(Cl)c3)c(F)c2)nc1C,455.92,4.41,71.45,0,5,4,3,1,<rdkit.Chem.rdchem.Mol object at 0x000001CB2A423140>,False,False
TRZ04826,CCc1ccc(N(Cc2ccc(-c3nnc(C)c(C)n3)cc2F)C(=O)N2CCS(=O)(=O)CC2)cc1,497.6,3.71,96.36,0,6,5,3,1,<rdkit.Chem.rdchem.Mol object at 0x000001CB2A4231B0>,False,False
TRZ04827,Cc1ccc(N(Cc2ccc(-c3nnc(C)c(C)n3)cn2)C(=O)N2CCOCC2)c(F)c1,436.49,3.46,84.34,0,6,4,3,1,<rdkit.Chem.rdchem.Mol object at 0x000001CB2A423220>,False,False
TRZ04828,COc1ccc(N(Cc2ccc(-c3nnc(C)c(C)n3)cc2F)C(=O)N2CCS(=O)(=O)CC2)cc1,499.57,3.16,105.59,0,7,5,3,1,<rdkit.Chem.rdchem.Mol object at 0x000001CB2A423290>,False,False
TRZ04829,Cc1nnc(-c2ccc(CN(C(=O)N3CCN(C4COC4)CC3)c3ccc(F)cc3)c(F)c2)nc1C,494.55,3.58,74.69,0,6,5,3,1,<rdkit.Chem.rdchem.Mol object at 0x000001CB2A423300>,False,False
TRZ04830,Cc1nnc(-c2cc(F)c(CN(C(=O)N3CCOCC3)c3ccccc3)c(F)c2)nc1C,439.47,3.89,71.45,0,5,4,3,1,<rdkit.Chem.rdchem.Mol object at 0x000001CB2A423370>,False,False
TRZ04831,Cc1nnc(-c2ccc(CN(C(=O)N3CCN(C4COC4)CC3)c3cccc(F)c3)c(F)c2)nc1C,494.55,3.58,74.69,0,6,5,3,1,<rdkit.Chem.rdchem.Mol object at 0x000001CB2A4233E0>,False,False
TRZ04835,Cc1nnc(-c2ccc(CN(C(=O)N3CCOCC3)c3ccc(F)cc3)nc2)nc1C,422.46,3.15,84.34,0,6,4,3,1,<rdkit.Chem.rdchem.Mol object at 0x000001CB2A423450>,False,False
TRZ04836,Cc1nnc(-c2ccc(CN(C(=O)N3CCS(=O)(=O)CC3)c3cccc(F)c3)c(F)c2)nc1C,487.53,3.29,96.36,0,6,4,3,1,<rdkit.Chem.rdchem.Mol object at 0x000001CB2A4234C0>,False,False
TRZ04838,Cc1nnc(-c2ccc(CN(C(=O)N3CCOCC3)c3ccc(F)c(Cl)c3)c(F)c2)nc1C,473.91,4.55,71.45,0,5,4,3,1,<rdkit.Chem.rdchem.Mol object at 0x000001CB2A423530>,False,False
TRZ04841,Cc1nnc(-c2ccc(CN(C(=O)N3CCOCC3)c3ccc(F)c(Cl)c3)cn2)nc1C,456.91,3.8,84.34,0,6,4,3,1,<rdkit.Chem.rdchem.Mol object at 0x000001CB2A4235A0>,False,False
TRZ04842,Cc1nnc(-c2ccc(CN(C(=O)N3CCOCC3)c3ccc(F)cc3)c(F)c2)nc1C,439.47,3.89,71.45,0,5,4,3,1,<rdkit.Chem.rdchem.Mol object at 0x000001CB2A423610>,False,False
TRZ04843,Cc1nnc(-c2ccc(CC3CN(C)CCN3C(=O)Nc3ccccc3)c(F)c2)nc1C,434.52,3.69,74.25,1,5,4,3,1,<rdkit.Chem.rdchem.Mol object at 0x000001CB2A423680>,False,False
TRZ04845,COC(=O)[C@@H]1CN(CCc2nnc(C)c(C)n2)C[C@H]1c1ccc(F)cc1F,376.41,2.2,68.21,0,6,5,2,1,<rdkit.Chem.rdchem.Mol object at 0x000001CB2A4236F0>,False,False
TRZ04846,Cc1nnc(-c2cc(C(F)(F)F)sc2N2CCOCC2=O)nc1C,358.35,2.6,68.21,0,6,2,2,1,<rdkit.Chem.rdchem.Mol object at 0x000001CB2A423760>,False,False
TRZ04848,Cc1nnc(-c2ccccc2C(=O)c2ccc(C(F)(F)F)cc2)nc1C,357.34,4.41,55.74,0,4,3,3,1,<rdkit.Chem.rdchem.Mol object at 0x000001CB2A4237D0>,False,False
TRZ04849,Cc1nnc(-c2ccc(N3C(=O)OCC3C)cc2F)nc1C,302.31,2.64,68.21,0,5,2,2,1,<rdkit.Chem.rdchem.Mol object at 0x000001CB2A423840>,False,False
TRZ04850,Cc1nnc(-c2cc(F)c(N3CCCC3)c(Cl)c2NC2CC2)nc1C,361.85,4.12,53.94,1,5,4,2,1,<rdkit.Chem.rdchem.Mol object at 0x000001CB2A4238B0>,False,False
TRZ04851,Cc1nnc(-c2cc(F)c(F)c(Cl)c2NC2CC2)nc1C,310.74,3.66,50.7,1,4,3,2,1,<rdkit.Chem.rdchem.Mol object at 0x000001CB2A423920>,False,False
TRZ04852,Cc1nnc(CCn2c(=O)n(Cc3ccccc3F)c(=O)c3[nH]cnc32)nc1C,395.4,1.12,111.35,1,6,5,4,1,<rdkit.Chem.rdchem.Mol object at 0x000001CB2A423990>,False,False
TRZ04853,Cc1nnc([C@H](N)Cc2c(F)c(F)c(F)c(F)c2F)nc1C,318.25,2.43,64.69,1,4,3,2,1,<rdkit.Chem.rdchem.Mol object at 0x000001CB2A423A00>,False,False
TRZ04854,Cc1nnc([C@H](N)Cc2ccc(C(F)(F)F)cc2)nc1C,296.3,2.75,64.69,1,4,3,2,1,<rdkit.Chem.rdchem.Mol object at 0x000001CB2A423A70>,False,False
TRZ04855,Cc1nnc(CN2CCc3sc(-c4ccc(F)cc4)cc3C2)nc1C,354.45,3.91,41.91,0,5,3,3,1,<rdkit.Chem.rdchem.Mol object at 0x000001CB2A423AE0>,False,False
TRZ04857,Cc1nnc(CN2CCc3sc(-c4cccc(F)c4)cc3C2)nc1C,354.45,3.91,41.91,0,5,3,3,1,<rdkit.Chem.rdchem.Mol object at 0x000001CB2A423B50>,False,False
TRZ04864,Cc1nnc(C(Br)Nc2ccc(F)cc2)nc1C,311.16,3.13,50.7,1,4,3,2,1,<rdkit.Chem.rdchem.Mol object at 0x000001CB2A423D80>,False,False
TRZ04866,COc1cc(-c2nnc(C)c(C)n2)c(F)cc1-c1ccc(C)[nH]1,312.35,3.61,63.69,1,4,3,3,1,<rdkit.Chem.rdchem.Mol object at 0x000001CB2A423DF0>,False,False
TRZ04867,Cc1nnc(-c2ncc(C(F)(F)F)cc2Br)nc1C,333.11,3.33,51.56,0,4,1,2,1,<rdkit.Chem.rdchem.Mol object at 0x000001CB2A423E60>,False,False
TRZ04868,Cc1nnc(-c2nccnc2F)nc1C,205.2,1.08,64.45,0,5,1,2,1,<rdkit.Chem.rdchem.Mol object at 0x000001CB2A423ED0>,False,False
TRZ04869,Cc1nnc(-c2cc(Oc3ccc(N)c(F)c3)ccn2)nc1C,311.32,3.06,86.81,1,6,3,3,1,<rdkit.Chem.rdchem.Mol object at 0x000001CB2A423F40>,False,False
TRZ04870,Cc1nnc(CN2CCNCC2C(c2ccc(F)cc2)c2ccc(F)cc2)nc1C,409.48,3.37,53.94,1,5,5,3,1,<rdkit.Chem.rdchem.Mol object at 0x000001CB2A424040>,False,False
TRZ04871,Cc1cn(-c2cc(-c3nnc(C)c(C)n3)cc(C(F)(F)F)c2)cn1,333.32,3.67,56.49,0,4,2,3,1,<rdkit.Chem.rdchem.Mol object at 0x000001CB2A4240B0>,False,False
TRZ04872,Cc1nnc(C[C@@H]2C(=O)NC(c3ccc(F)cc3)(c3ccc(F)cc3)C2c2ccccc2F)nc1C,488.51,4.92,67.77,1,4,5,4,1,<rdkit.Chem.rdchem.Mol object at 0x000001CB2A424120>,False,False
TRZ04873,Cc1nnc(-c2cc3c(c(F)c2Nc2ccc(I)cc2F)OCC3)nc1C,480.26,4.72,59.93,1,5,3,3,1,<rdkit.Chem.rdchem.Mol object at 0x000001CB2A424190>,False,False
TRZ04874,Cc1nnc(-c2cc3c(cc2Nc2ccc(I)cc2F)OCC3)nc1C,462.27,4.58,59.93,1,5,3,3,1,<rdkit.Chem.rdchem.Mol object at 0x000001CB2A424200>,False,False
TRZ04875,Cc1nnc(-c2cnn(C)c2C(F)(F)F)nc1C,257.22,1.91,56.49,0,4,1,2,1,<rdkit.Chem.rdchem.Mol object at 0x000001CB2A424270>,False,False
TRZ04876,Cc1nnc(-c2cc(-c3ccc(C(=O)N4CCC(F)(F)CC4)cn3)cc3cc(CN)oc23)nc1C,478.5,4.29,111.03,1,7,4,4,1,<rdkit.Chem.rdchem.Mol object at 0x000001CB2A4242E0>,False,False
TRZ04877,Cc1nnc(-c2cn(C)nc2C(F)F)nc1C,239.23,1.83,56.49,0,4,2,2,1,<rdkit.Chem.rdchem.Mol object at 0x000001CB2A424350>,False,False
TRZ04878,Cc1nnc(-c2cc3c([nH]c4ccccc43)c(-c3ccc(F)cc3)n2)nc1C,369.4,4.99,67.35,1,4,2,5,1,<rdkit.Chem.rdchem.Mol object at 0x000001CB2A4243C0>,False,False
TRZ04879,Cc1nnc(Cc2ccc(OOC(F)(F)F)cc2)nc1C,299.25,2.91,57.13,0,5,4,2,1,<rdkit.Chem.rdchem.Mol object at 0x000001CB2A424430>,False,False
TRZ04880,Cc1nnc(COc2c(F)cc(C#N)cc2F)nc1C,276.25,2.22,71.69,0,5,3,2,1,<rdkit.Chem.rdchem.Mol object at 0x000001CB2A4244A0>,False,False
TRZ04882,Cc1nnc(-c2cc(F)cc3[nH]ccc23)nc1C,242.26,2.78,54.46,1,3,1,3,1,<rdkit.Chem.rdchem.Mol object at 0x000001CB2A424510>,False,False
TRZ04883,Cc1nnc(-c2cc(-c3ccon3)n(Cc3ccccc3F)n2)nc1C,350.36,3.19,82.52,0,6,4,4,1,<rdkit.Chem.rdchem.Mol object at 0x000001CB2A424580>,False,False
TRZ04884,Cc1nnc(CNC(=O)c2cn(C)nc2C(F)(F)F)nc1C,314.27,1.17,85.59,1,5,3,2,1,<rdkit.Chem.rdchem.Mol object at 0x000001CB2A4245F0>,False,False
TRZ04885,Cc1nnc(CS(=O)(=O)c2ccc(F)cc2)nc1C,281.31,1.6,72.81,0,5,3,2,1,<rdkit.Chem.rdchem.Mol object at 0x000001CB2A424660>,False,False
TRZ04886,Cc1nnc(-c2ccc(CN(C(=O)N3CC[C@H](N(C)C)C3)c3ccc(F)c(Cl)c3)nc2)nc1C,483.98,4.11,78.35,0,6,5,3,1,<rdkit.Chem.rdchem.Mol object at 0x000001CB2A4246D0>,False,False
TRZ04888,Cc1nnc(-c2ccc(C(C)C(C)n3[nH]c(=O)nc3-c3ccc(F)cc3F)cn2)nc1C,437.45,3.75,102.24,1,6,5,4,1,<rdkit.Chem.rdchem.Mol object at 0x000001CB2A424740>,False,False
TRZ04893,CCn1nc(C(F)(F)F)cc1CC(=O)Nc1c(C)cc(Cl)cc1-c1nnc(C)c(C)n1,452.87,4.53,85.59,1,5,5,3,1,<rdkit.Chem.rdchem.Mol object at 0x000001CB2A4247B0>,False,False
TRZ04901,Cc1nnc(-c2cc(F)c3c(c2)C(=O)N([C@@H]2CCOC[C@H]2NC(=O)OC(C)(C)C)C3)nc1C,457.51,2.93,106.54,1,7,3,2,1,<rdkit.Chem.rdchem.Mol object at 0x000001CB2A424820>,False,False
TRZ04902,CSc1nccc(-c2cc(F)nc(-c3nnc(C)c(C)n3)c2)n1,328.38,2.87,77.34,0,7,3,3,1,<rdkit.Chem.rdchem.Mol object at 0x000001CB2A424890>,False,False
TRZ04904,Cc1nnc(C(C)N2C3CCC2CC(Oc2ccnc4ccc(F)cc24)C3)nc1C,407.49,4.31,64.03,0,6,4,3,1,<rdkit.Chem.rdchem.Mol object at 0x000001CB2A424900>,False,False
TRZ04905,Cc1nnc([C@H]2CCC[C@@H](N(C)C(=O)c3cccc(C(F)(F)F)c3)C2)nc1C,392.43,4.31,58.98,0,4,3,2,1,<rdkit.Chem.rdchem.Mol object at 0x000001CB2A424970>,False,False
TRZ04906,Cc1nnc(-c2cn3ccnc3c(Cc3ccccc3F)n2)nc1C,334.36,2.93,68.86,0,5,3,4,1,<rdkit.Chem.rdchem.Mol object at 0x000001CB2A4249E0>,False,False
TRZ04907,Cc1ccc(Nc2c(-c3nnc(C)c(C)n3)ccc(F)c2F)c(C)c1,340.38,4.79,50.7,1,4,3,3,1,<rdkit.Chem.rdchem.Mol object at 0x000001CB2A424A50>,False,False
TRZ04908,CC1=C(c2nnc(C)c(C)n2)C(c2ccc(F)cc2Cl)N=C(c2ncccc2F)N1,426.86,4.34,75.95,1,6,3,3,1,<rdkit.Chem.rdchem.Mol object at 0x000001CB2A424AC0>,False,False
TRZ04909,CC1=C(c2nnc(C)c(C)n2)C(c2ccc(F)cc2Cl)N=C(c2ncc(F)cc2F)N1,444.85,4.48,75.95,1,6,3,3,1,<rdkit.Chem.rdchem.Mol object at 0x000001CB2A424B30>,False,False
TRZ04910,Cc1nnc(-c2nn(CC(F)(F)F)c(=O)o2)nc1C,275.19,0.87,86.7,0,6,2,2,1,<rdkit.Chem.rdchem.Mol object at 0x000001CB2A424BA0>,False,False
TRZ04911,Cc1nnc(-c2nc(=O)n(-c3ccccc3F)o2)nc1C,287.25,1.43,86.7,0,6,2,3,1,<rdkit.Chem.rdchem.Mol object at 0x000001CB2A424C10>,False,False
TRZ04914,Cc1ccc(-c2nnc(C)c(C)n2)cc1Nc1nc(=O)c(C)nn1Cc1cc(F)c(F)c(F)c1,467.46,3.93,98.48,1,7,5,4,1,<rdkit.Chem.rdchem.Mol object at 0x000001CB2A424C80>,False,False
TRZ04916,Cc1nnc(CCn2c(=O)oc3ccc(-c4ccc(OC(F)(F)F)cc4)cc32)nc1C,430.39,4.2,83.04,0,6,5,4,1,<rdkit.Chem.rdchem.Mol object at 0x000001CB2A424CF0>,False,False
TRZ04917,Cc1nnc(CCN2C(=O)Cc3ccc(-c4ccc(OC(F)(F)F)cc4)cc32)nc1C,428.41,4.19,68.21,0,5,5,3,1,<rdkit.Chem.rdchem.Mol object at 0x000001CB2A424D60>,False,False
TRZ04918,Cc1nnc(CCCNS(=O)c2ccc(F)cc2)nc1C,308.38,1.87,67.77,1,4,6,2,1,<rdkit.Chem.rdchem.Mol object at 0x000001CB2A424DD0>,False,False
TRZ04921,Cc1nnc(Cc2cccc(OC(F)(F)F)c2)nc1C,283.25,2.98,47.9,0,4,3,2,1,<rdkit.Chem.rdchem.Mol object at 0x000001CB2A424F20>,False,False
TRZ04922,Cc1nnc(-c2cc(CN3CCN(C(=O)n4ccc(C(=O)O)n4)CC3)ccc2C(F)(F)F)nc1C,489.46,2.85,117.34,1,7,4,3,1,<rdkit.Chem.rdchem.Mol object at 0x000001CB2A424F90>,False,False
TRZ04924,Cc1nnc(-c2ncc(CF)cc2Cl)nc1C,252.68,2.67,51.56,0,4,2,2,1,<rdkit.Chem.rdchem.Mol object at 0x000001CB2A425000>,False,False
TRZ04925,Cc1nnc([C@@H]2O[C@@H]3CO[C@H](c4ccccc4)O[C@@H]3[C@H](N3N=NCC3F)[C@H]2O)nc1C,430.44,1.75,114.55,1,10,3,2,1,<rdkit.Chem.rdchem.Mol object at 0x000001CB2A425070>,False,False
TRZ04927,COC[C@@H]1C[C@H]1c1cc(C(F)(F)F)cnc1-c1nnc(C)c(C)n1,338.33,3.32,60.79,0,5,4,2,1,<rdkit.Chem.rdchem.Mol object at 0x000001CB2A4250E0>,False,False
TRZ04928,Cc1nnc(-c2cncc(OCC(F)(F)F)c2F)nc1C,302.23,2.63,60.79,0,5,3,2,1,<rdkit.Chem.rdchem.Mol object at 0x000001CB2A425150>,False,False
TRZ04929,Cc1nnc(-c2cc(F)c(F)cc2Br)nc1C,300.11,3.2,38.67,0,3,1,2,1,<rdkit.Chem.rdchem.Mol object at 0x000001CB2A4251C0>,False,False
TRZ04930,Cc1nnc(-c2nccc(OCC(F)(F)F)c2Br)nc1C,363.14,3.25,60.79,0,5,3,2,1,<rdkit.Chem.rdchem.Mol object at 0x000001CB2A425230>,False,False
TRZ04932,Cc1nnc(C(CCCCOC2CCCCO2)c2ccc(F)c(F)c2F)nc1C,409.45,4.75,57.13,0,5,8,2,1,<rdkit.Chem.rdchem.Mol object at 0x000001CB2A4252A0>,False,False
TRZ04933,Cc1nnc(-c2ccc(-c3ccc(N4CCOC4=O)cc3F)cc2)nc1C,364.38,3.92,68.21,0,5,3,3,1,<rdkit.Chem.rdchem.Mol object at 0x000001CB2A425310>,False,False
TRZ04934,Cc1nnc(-c2cc(Cl)c(F)cc2N(C(C)(C)C)S(=O)(=O)c2ccccc2)nc1C,448.95,4.94,76.05,0,5,4,3,1,<rdkit.Chem.rdchem.Mol object at 0x000001CB2A425380>,False,False
TRZ04935,Cc1nnc(-c2cc(F)c(F)cc2N(C(C)(C)C)S(=O)(=O)c2ccccc2)nc1C,432.5,4.43,76.05,0,5,4,3,1,<rdkit.Chem.rdchem.Mol object at 0x000001CB2A4253F0>,False,False
TRZ04939,Cc1nnc(-c2ccc(F)cc2N(C(C)(C)C)S(=O)(=O)c2ccccc2)nc1C,414.51,4.29,76.05,0,5,4,3,1,<rdkit.Chem.rdchem.Mol object at 0x000001CB2A425460>,False,False
TRZ04940,Cc1nnc(-c2c(N(C(C)(C)C)S(=O)(=O)c3ccccc3)ccc(Cl)c2F)nc1C,448.95,4.94,76.05,0,5,4,3,1,<rdkit.Chem.rdchem.Mol object at 0x000001CB2A4254D0>,False,False
TRZ04941,Cc1nnc(C2CCC(Oc3cccc(C(F)(F)F)c3F)CC2)nc1C,369.36,4.75,47.9,0,4,3,2,1,<rdkit.Chem.rdchem.Mol object at 0x000001CB2A425540>,False,False
TRZ04942,Cc1nnc(-c2ccccc2NC(=O)c2cccc(F)c2)nc1C,322.34,3.55,67.77,1,4,3,3,1,<rdkit.Chem.rdchem.Mol object at 0x000001CB2A4255B0>,False,False
TRZ04946,Cc1nnc(/C=C/c2nn(OF)c3cc(Cc4ccc(F)cc4F)c(OF)c(OF)c23)nc1C,479.37,4.72,84.18,0,7,7,4,1,<rdkit.Chem.rdchem.Mol object at 0x000001CB2A425620>,False,False
TRZ04948,Cc1nnc(-c2ccc(CNC(=O)N3CCOCC3)c(F)c2)nc1C,345.38,1.84,80.24,1,5,3,2,1,<rdkit.Chem.rdchem.Mol object at 0x000001CB2A425690>,False,False
TRZ04949,Cc1cc(C(=O)N[C@H](C(=O)N[C@@H](Cc2ccc(F)cc2)c2nnc(C)c(C)n2)C(C)C)no1,454.51,2.78,122.9,2,7,8,3,1,<rdkit.Chem.rdchem.Mol object at 0x000001CB2A425700>,False,False
TRZ04950,Cc1nnc(-c2ccc(S(=O)(=O)c3ccc(OC(F)(F)F)cc3)cn2)nc1C,410.38,3.28,94.93,0,7,4,3,1,<rdkit.Chem.rdchem.Mol object at 0x000001CB2A425770>,False,False
TRZ04951,Cc1nnc(-c2ccc(Cl)cc2C2(C(F)(F)F)CC(S(N)(=O)=O)=CC=C2Cl)nc1C,479.31,4.31,98.83,1,5,3,2,1,<rdkit.Chem.rdchem.Mol object at 0x000001CB2A4257E0>,False,False
TRZ04952,Cc1nnc(-c2cc(Cl)c(F)cc2-c2cc(S(N)(=O)=O)ccc2C(C)(C)C)nc1C,448.95,4.56,98.83,1,5,3,3,1,<rdkit.Chem.rdchem.Mol object at 0x000001CB2A425850>,False,False
TRZ04954,Cc1nnc(C2CCO[C@H](C(C#N)Cc3ccc(-c4ccc(C(N)=O)c(F)c4)cc3)C2)nc1C,459.53,4.04,114.78,1,6,6,3,1,<rdkit.Chem.rdchem.Mol object at 0x000001CB2A4258C0>,False,False
TRZ04955,Cc1nnc(C2CCO[C@H](C(C#N)Cc3ccc(-c4ccc(F)cc4)cc3)C2)nc1C,416.5,4.94,71.69,0,5,5,3,1,<rdkit.Chem.rdchem.Mol object at 0x000001CB2A425930>,False,False
TRZ04956,COc1nc(-c2nnc(C)c(C)n2)c(CC(C)(N)C(F)(F)F)cc1C(F)(F)F,409.33,3.4,86.81,1,6,4,2,1,<rdkit.Chem.rdchem.Mol object at 0x000001CB2A4259A0>,False,False
TRZ04958,Cc1nnc(C2CCN(c3cccc(F)c3)C2)nc1C,272.33,2.62,41.91,0,4,2,2,1,<rdkit.Chem.rdchem.Mol object at 0x000001CB2A425A10>,False,False
TRZ04959,Cc1nnc(C2CCN(c3ccc(F)cc3)C2)nc1C,272.33,2.62,41.91,0,4,2,2,1,<rdkit.Chem.rdchem.Mol object at 0x000001CB2A425A80>,False,False
TRZ04960,Cc1nnc(-c2cc(F)c3nc[nH]c3c2)nc1C,243.25,2.17,67.35,1,4,1,3,1,<rdkit.Chem.rdchem.Mol object at 0x000001CB2A425AF0>,False,False
TRZ04961,Cc1nnc(-c2cnccc2N2COc3cnc(-c4cc(Cl)ccc4F)nc32)nc1C,435.85,4.29,89.81,0,8,3,4,1,<rdkit.Chem.rdchem.Mol object at 0x000001CB2A425B60>,False,False
TRZ04962,Cc1nnc(-c2ccc(CSF)cc2)nc1C,249.31,3.27,38.67,0,4,3,2,1,<rdkit.Chem.rdchem.Mol object at 0x000001CB2A425BD0>,False,False
TRZ04963,Cc1ccc(Nc2c(-c3nnc(C)c(C)n3)cn3ccnc3c2Cl)c(F)c1,382.83,4.65,68.0,1,5,3,4,1,<rdkit.Chem.rdchem.Mol object at 0x000001CB2A425C40>,False,False
TRZ04966,Cc1cc(CC(CC(F)(F)F)c2nnc(C)c(C)n2)ccc1[N+](=O)[O-],354.33,3.98,81.81,0,5,5,2,1,<rdkit.Chem.rdchem.Mol object at 0x000001CB2A425CB0>,False,False
TRZ04969,Cc1nnc(C(=N)c2ccc(Cl)cc2NCc2ccc(F)cc2Cl)nc1C,404.28,4.96,74.55,2,5,5,3,1,<rdkit.Chem.rdchem.Mol object at 0x000001CB2A425D20>,False,False
TRZ04971,Cc1nnc(C(=N)c2ccc(F)cc2NCc2ccc(Cl)cc2Cl)nc1C,404.28,4.96,74.55,2,5,5,3,1,<rdkit.Chem.rdchem.Mol object at 0x000001CB2A425D90>,False,False
TRZ04973,Cc1nnc(C(=N)c2ccc(C(F)(F)F)cc2NCc2ccc(F)cc2F)nc1C,421.37,4.81,74.55,2,5,5,3,1,<rdkit.Chem.rdchem.Mol object at 0x000001CB2A425E00>,False,False
TRZ04974,Cc1ccc(C(=N)c2nnc(C)c(C)n2)c(NCc2ccc(F)cc2F)c1,367.4,4.1,74.55,2,5,5,3,1,<rdkit.Chem.rdchem.Mol object at 0x000001CB2A425E70>,False,False
TRZ04976,Cc1ccc(Nc2cnccc2-c2nnc(C)c(C)n2)c(F)c1,309.35,3.74,63.59,1,5,3,3,1,<rdkit.Chem.rdchem.Mol object at 0x000001CB2A425EE0>,False,False
TRZ04977,Cc1nnc(-c2cn(-c3ccc(Cl)cc3C(F)(F)F)cn2)nc1C,353.74,4.01,56.49,0,4,2,3,1,<rdkit.Chem.rdchem.Mol object at 0x000001CB2A425F50>,False,False
TRZ04978,Cc1nnc(CN(CC(C)(F)F)c2ccc(C#N)c(C(F)(F)F)c2)nc1C,385.34,4.04,65.7,0,5,5,2,1,<rdkit.Chem.rdchem.Mol object at 0x000001CB2A425FC0>,False,False
TRZ04980,Cc1nc(C(F)(F)F)ccc1Cc1nnc(C)c(C)n1,282.27,2.8,51.56,0,4,2,2,1,<rdkit.Chem.rdchem.Mol object at 0x000001CB2A426030>,False,False
TRZ04985,Cc1c#cc(F)c(-c2nnc(C)c(C)n2)c1,215.23,2.2,38.67,0,3,1,2,1,<rdkit.Chem.rdchem.Mol object at 0x000001CB2A4260A0>,False,False
TRZ04988,Cc1nnc(C2(C)CCN(c3ccc(F)cc3)C2=O)nc1C,300.34,2.32,58.98,0,4,2,2,1,<rdkit.Chem.rdchem.Mol object at 0x000001CB2A426110>,False,False
TRZ04990,Cc1ccc(S(=O)Nc2cc(Cl)cnc2-c2nnc(C)c(C)n2)cc1C(F)(F)F,441.87,4.67,80.66,1,5,4,3,1,<rdkit.Chem.rdchem.Mol object at 0x000001CB2A426180>,False,False
TRZ04996,Cc1nnc(-c2cnn(C(F)(F)F)c2)nc1C,243.19,1.83,56.49,0,4,1,2,1,<rdkit.Chem.rdchem.Mol object at 0x000001CB2A4261F0>,False,False
TRZ04997,Cc1nnc(C2(C(=O)Nc3ccccc3F)CC2)nc1C,286.31,2.3,67.77,1,4,3,2,1,<rdkit.Chem.rdchem.Mol object at 0x000001CB2A426260>,False,False
TRZ04998,Cc1nnc([C@](C)(CCN(C=O)c2ccc(F)cc2)Cc2ccccc2)nc1C,392.48,4.18,58.98,0,4,8,3,1,<rdkit.Chem.rdchem.Mol object at 0x000001CB2A4262D0>,False,False
TRZ04999,Cc1nnc(C2CCCN(c3ccc(F)cc3)C2=O)nc1C,300.34,2.54,58.98,0,4,2,2,1,<rdkit.Chem.rdchem.Mol object at 0x000001CB2A426340>,False,False
TRZ05000,Cc1nnc(-c2ccc(O)c(C(F)(F)F)c2)nc1C,269.23,2.88,58.9,1,4,1,2,1,<rdkit.Chem.rdchem.Mol object at 0x000001CB2A4263B0>,False,False
TRZ05001,Cc1nnc(-c2cccc(O)c2F)nc1C,219.22,2.0,58.9,1,4,1,2,1,<rdkit.Chem.rdchem.Mol object at 0x000001CB2A426420>,False,False
TRZ05002,Cc1cc(F)ccc1OC(C)(C)c1nnc(C)c(C)n1,275.33,3.25,47.9,0,4,3,2,1,<rdkit.Chem.rdchem.Mol object at 0x000001CB2A426490>,False,False
TRZ05003,Cc1nnc(C(C)(C)Oc2ccc(C(C)(F)F)cc2Cl)nc1C,341.79,4.57,47.9,0,4,4,2,1,<rdkit.Chem.rdchem.Mol object at 0x000001CB2A426500>,False,False
TRZ05004,Cc1nnc(C(O)c2cccc(F)c2)nc1C,233.25,1.71,58.9,1,4,2,2,1,<rdkit.Chem.rdchem.Mol object at 0x000001CB2A426570>,False,False
TRZ05005,Cc1cc(F)c(F)cc1Cc1nnc(C)c(C)n1,249.26,2.67,38.67,0,3,2,2,1,<rdkit.Chem.rdchem.Mol object at 0x000001CB2A4265E0>,False,False
TRZ05006,CCCC(c1nnc(C)c(C)n1)c1ccccc1C(F)(F)F,309.33,4.44,38.67,0,3,4,2,1,<rdkit.Chem.rdchem.Mol object at 0x000001CB2A426650>,False,False
TRZ05007,Cc1ccc(S(=O)(=O)N2CCN(Cc3nnc(C)c(C)n3)CC(F)C2)cc1,393.49,1.64,79.29,0,6,4,2,1,<rdkit.Chem.rdchem.Mol object at 0x000001CB2A4266C0>,False,False
TRZ05008,Cc1nnc(-c2cc(F)c(OCC3C(C)OC(C)(C)N3C(=O)OC(C)(C)C)cc2O)nc1C,462.52,4.14,106.9,1,8,4,2,1,<rdkit.Chem.rdchem.Mol object at 0x000001CB2A426730>,False,False
TRZ05009,Cc1nnc(-c2cc(F)c(OCC3COC(C)(C)N3C(=O)OC(C)(C)C)cc2O)nc1C,448.5,3.75,106.9,1,8,4,2,1,<rdkit.Chem.rdchem.Mol object at 0x000001CB2A4267A0>,False,False
TRZ05011,Cc1nnc(C(=N)c2ccc(Cl)cc2NCc2ccc(F)cc2F)nc1C,387.82,4.45,74.55,2,5,5,3,1,<rdkit.Chem.rdchem.Mol object at 0x000001CB2A426810>,False,False
TRZ05012,Cc1nnc(C(=N)c2cc(C(F)(F)F)ccc2NCc2ccc(F)cc2F)nc1C,421.37,4.81,74.55,2,5,5,3,1,<rdkit.Chem.rdchem.Mol object at 0x000001CB2A426880>,False,False
TRZ05014,Cc1nnc(C(C)c2ccnc3c(-c4ccc(C(F)(F)F)cc4)cnn23)nc1C,398.39,4.37,68.86,0,5,3,4,1,<rdkit.Chem.rdchem.Mol object at 0x000001CB2A4268F0>,False,False
TRZ05015,Cc1nnc(-c2cc(F)[nH]c2N)nc1C,207.21,1.2,80.48,2,4,1,2,1,<rdkit.Chem.rdchem.Mol object at 0x000001CB2A426960>,False,False
TRZ05016,Cc1nnc(-c2cc(C)c3cc(OCC(F)(F)F)cc(C(F)(F)F)c3n2)nc1C,416.33,4.97,60.79,0,5,3,3,1,<rdkit.Chem.rdchem.Mol object at 0x000001CB2A4269D0>,False,False
TRZ05017,Cc1nnc(-c2ccc3cc(OCC(F)(F)F)cc(C(C)(C)C)c3n2)nc1C,390.41,4.94,60.79,0,5,3,3,1,<rdkit.Chem.rdchem.Mol object at 0x000001CB2A426A40>,False,False
TRZ05018,Cc1nnc(C(C)Cc2ccc(F)cc2)nc1C,245.3,2.97,38.67,0,3,3,2,1,<rdkit.Chem.rdchem.Mol object at 0x000001CB2A426AB0>,False,False
TRZ05019,Cc1cc(OC(F)(F)F)cc(-c2ncn(/C=C\c3nnc(C)c(C)n3)n2)c1,376.34,3.58,78.61,0,6,4,3,1,<rdkit.Chem.rdchem.Mol object at 0x000001CB2A426B20>,False,False
TRZ05021,Cc1nnc(-c2ncc(C3=CC=C(OC(F)(F)F)CC3)o2)nc1C,338.29,3.74,73.93,0,6,3,2,1,<rdkit.Chem.rdchem.Mol object at 0x000001CB2A426B90>,False,False
TRZ05022,C=C(NCc1ccc(F)c(C(F)(F)F)c1)c1nnc(C)c(C)n1,326.3,3.41,50.7,1,4,4,2,1,<rdkit.Chem.rdchem.Mol object at 0x000001CB2A426C00>,False,False
TRZ05023,Cc1nnc(-c2c(F)c3n(c2C=N)CCCC3)nc1C,273.31,2.43,67.45,1,4,2,2,1,<rdkit.Chem.rdchem.Mol object at 0x000001CB2A426C70>,False,False
TRZ05024,Cc1nnc(-c2cc3c(nn2)N(C)CCN3Cc2c(F)ccc(F)c2C)nc1C,397.43,2.99,70.93,0,7,3,3,1,<rdkit.Chem.rdchem.Mol object at 0x000001CB2A426CE0>,False,False
TRZ05025,Cc1nnc(Cn2nc(-c3ccc(Cl)cc3)n(CCC(C)(F)F)c2=O)nc1C,408.84,3.26,78.49,0,5,6,3,1,<rdkit.Chem.rdchem.Mol object at 0x000001CB2A426D50>,False,False
TRZ05030,Cc1nnc(-c2cc(C(F)(F)F)ccc2N)nc1C,268.24,2.76,64.69,1,4,1,2,1,<rdkit.Chem.rdchem.Mol object at 0x000001CB2A426DC0>,False,False
TRZ05031,Cc1nnc(-c2cccc(C(F)(F)F)c2N)nc1C,268.24,2.76,64.69,1,4,1,2,1,<rdkit.Chem.rdchem.Mol object at 0x000001CB2A426E30>,False,False
TRZ05033,Cc1nnc(-c2ccc(Br)cc2CF)nc1C,296.14,3.39,38.67,0,3,2,2,1,<rdkit.Chem.rdchem.Mol object at 0x000001CB2A426EA0>,False,False
TRZ05034,Cc1nnc(-c2cccc(OCC(O)C(F)(F)F)n2)nc1C,314.27,1.85,81.02,1,6,4,2,1,<rdkit.Chem.rdchem.Mol object at 0x000001CB2A426F10>,False,False
TRZ05035,Cc1nnc(-c2cn(Cc3ccc(C(F)(F)F)cc3C3CC3)nc2CF)nc1C,405.4,4.77,56.49,0,4,5,3,1,<rdkit.Chem.rdchem.Mol object at 0x000001CB2A426F80>,False,False
TRZ05036,COC[C@H]1C[C@@H]1c1cc(C(F)(F)F)cnc1-c1nnc(C)c(C)n1,338.33,3.32,60.79,0,5,4,2,1,<rdkit.Chem.rdchem.Mol object at 0x000001CB2A426FF0>,False,False
TRZ05037,COCC1C[C@H]1c1cc(C(F)(F)F)cnc1-c1nnc(C)c(C)n1,338.33,3.32,60.79,0,5,4,2,1,<rdkit.Chem.rdchem.Mol object at 0x000001CB2A427060>,False,False
TRZ05042,C=S(C)N(Cc1ccc(-c2nnc(C)c(C)n2)cc1F)c1ccccc1,368.48,4.55,41.91,0,4,5,3,1,<rdkit.Chem.rdchem.Mol object at 0x000001CB2A4270D0>,False,False
TRZ05043,C=S(CC)N(Cc1ccc(-c2nnc(C)c(C)n2)cc1F)c1ccccc1,382.51,4.94,41.91,0,4,6,3,1,<rdkit.Chem.rdchem.Mol object at 0x000001CB2A427140>,False,False
TRZ05044,CSN(Cc1ccc(-c2nnc(C)c(C)n2)cc1F)c1cccnc1,355.44,3.97,54.8,0,6,5,3,1,<rdkit.Chem.rdchem.Mol object at 0x000001CB2A4271B0>,False,False
TRZ05045,Cc1nnc(-c2ccc(CN(c3ccccc3)S(C)=O)cc2F)nc1C,370.45,3.59,58.98,0,4,5,3,1,<rdkit.Chem.rdchem.Mol object at 0x000001CB2A427220>,False,False
TRZ05046,CCSN(Cc1ccc(-c2nnc(C)c(C)n2)cc1F)c1cccc2c1cnn2C,422.53,4.86,59.73,0,6,6,4,1,<rdkit.Chem.rdchem.Mol object at 0x000001CB2A427290>,False,False
TRZ05047,C=S(C)(=O)N(Cc1ccc(-c2nnc(C)c(C)n2)cc1F)c1ccc(Br)cc1,463.38,4.32,58.98,0,4,5,3,1,<rdkit.Chem.rdchem.Mol object at 0x000001CB2A427300>,False,False
TRZ05048,CCSN(Cc1ccc(-c2nnc(C)c(C)n2)cc1F)c1ccccc1,368.48,4.97,41.91,0,5,6,3,1,<rdkit.Chem.rdchem.Mol object at 0x000001CB2A427370>,False,False
TRZ05049,C=S(C)(=O)N(Cc1ccc(-c2nnc(C)c(C)n2)cc1F)c1ccc(F)cc1,402.47,3.7,58.98,0,4,5,3,1,<rdkit.Chem.rdchem.Mol object at 0x000001CB2A4273E0>,False,False
TRZ05050,Cc1nnc(-c2ccc(CN(c3ccccc3)S(=O)CCCN3CCC(F)C3)cc2)nc1C,467.61,4.26,62.22,0,5,9,3,1,<rdkit.Chem.rdchem.Mol object at 0x000001CB2A427450>,False,False
TRZ05052,C=S(N1CCN(C)CC1)N(Cc1ccc(-c2nnc(C)c(C)n2)cc1)c1ccc(F)c(Cl)c1,487.05,4.73,48.39,0,6,6,3,1,<rdkit.Chem.rdchem.Mol object at 0x000001CB2A4274C0>,False,False
TRZ05053,Cc1nnc(C2CC(n3nc(-c4ccc(OC(C)C)c(F)c4)c4c(N)ncnc43)C2)nc1C,448.51,3.92,117.52,1,8,5,4,1,<rdkit.Chem.rdchem.Mol object at 0x000001CB2A427530>,False,False
TRZ05058,Cc1cc(-c2nnc(C)c(C)n2)nc2c1C=C(NCC(F)(F)F)CC2C(C)(C)C,405.47,4.89,63.59,1,5,3,2,1,<rdkit.Chem.rdchem.Mol object at 0x000001CB2A4275A0>,False,False
TRZ05059,Cc1nnc(-c2cc(C)c3cc(NCC(F)(F)F)cc(C4(C)OCCO4)c3n2)nc1C,433.43,4.21,82.05,1,7,4,3,1,<rdkit.Chem.rdchem.Mol object at 0x000001CB2A427610>,False,False
TRZ05060,Cc1nnc(-c2cccc3[nH]c4c(c23)CCNC4C(=O)OC(=O)C(F)(F)F)nc1C,419.36,2.46,109.86,2,7,2,3,1,<rdkit.Chem.rdchem.Mol object at 0x000001CB2A427680>,False,False
TRZ05061,Cc1nnc(CC[C@@H](Cc2ccc(C(F)(F)F)nc2)NC(=O)OC(C)(C)C)nc1C,425.46,3.97,89.89,1,6,6,2,1,<rdkit.Chem.rdchem.Mol object at 0x000001CB2A4276F0>,False,False
TRZ05062,Cc1nnc(-c2cc3sc(F)cc3[nH]2)nc1C,248.29,2.84,54.46,1,4,1,3,1,<rdkit.Chem.rdchem.Mol object at 0x000001CB2A427760>,False,False
TRZ05063,Cc1nnc(-c2ccc(C(F)(F)F)c(C3CC3)c2)nc1C,293.29,4.05,38.67,0,3,2,2,1,<rdkit.Chem.rdchem.Mol object at 0x000001CB2A4277D0>,False,False
TRZ05064,Cc1nnc(-c2ccc(N3CCOCC3)c(C(F)(F)F)c2)nc1C,338.33,3.01,51.14,0,5,2,2,1,<rdkit.Chem.rdchem.Mol object at 0x000001CB2A427840>,False,False
TRZ05065,Cc1nnc(C(F)(F)c2ccc3[nH]c(=O)ccc3c2)nc1C,302.28,2.47,71.53,1,4,2,3,1,<rdkit.Chem.rdchem.Mol object at 0x000001CB2A4278B0>,False,False
TRZ05067,Cc1nnc(-c2ccc(Cl)c(C(F)(F)F)c2Cl)nc1C,322.12,4.48,38.67,0,3,1,2,1,<rdkit.Chem.rdchem.Mol object at 0x000001CB2A427920>,False,False
TRZ05068,Cc1nnc(-c2cc(C3CC3)cc(C(F)(F)F)c2)nc1C,293.29,4.05,38.67,0,3,2,2,1,<rdkit.Chem.rdchem.Mol object at 0x000001CB2A427990>,False,False
TRZ05069,Cc1nnc(-c2ccc(N3CC(F)C3)c(C(F)(F)F)c2)nc1C,326.3,3.33,41.91,0,4,2,2,1,<rdkit.Chem.rdchem.Mol object at 0x000001CB2A427A00>,False,False
TRZ05070,Cc1nnc(-c2ccc(N3CC(F)(F)C3)c(C(F)(F)F)c2)nc1C,344.29,3.63,41.91,0,4,2,2,1,<rdkit.Chem.rdchem.Mol object at 0x000001CB2A427A70>,False,False
TRZ05071,Cc1nnc(-c2ccc(C(F)(F)F)c(N3CCCC3)c2)nc1C,322.33,3.77,41.91,0,4,2,2,1,<rdkit.Chem.rdchem.Mol object at 0x000001CB2A427AE0>,False,False
TRZ05072,Cc1nnc(-c2ccc(C(F)(F)F)c(C3COC3)c2)nc1C,309.29,3.29,47.9,0,4,2,2,1,<rdkit.Chem.rdchem.Mol object at 0x000001CB2A427B50>,False,False
TRZ05073,Cc1nnc(-c2cc(C3COC3)cc(C(F)(F)F)c2)nc1C,309.29,3.29,47.9,0,4,2,2,1,<rdkit.Chem.rdchem.Mol object at 0x000001CB2A427BC0>,False,False
TRZ05074,Cc1nnc(C(c2ccc(F)cc2)N2C[C@H](C)N(C(=O)O)C[C@H]2C)nc1C,373.43,2.79,82.45,1,5,3,2,1,<rdkit.Chem.rdchem.Mol object at 0x000001CB2A427C30>,False,False
TRZ05075,Cc1nnc(CC(O)c2cc(-c3ccc(Cl)cc3)ccc2F)nc1C,357.82,4.22,58.9,1,4,4,3,1,<rdkit.Chem.rdchem.Mol object at 0x000001CB2A427CA0>,False,False
TRZ05076,Cc1nnc(CC(O)c2cccc(OCC(F)(F)C(F)F)c2)nc1C,359.32,3.04,68.13,1,5,7,2,1,<rdkit.Chem.rdchem.Mol object at 0x000001CB2A427D10>,False,False
TRZ05077,CCCC(F)c1ccccc1-c1nnc(C)c(C)n1,259.33,3.97,38.67,0,3,4,2,1,<rdkit.Chem.rdchem.Mol object at 0x000001CB2A427D80>,False,False
TRZ05078,Cc1nnc(C(c2ccc(F)cc2)N2C[C@H](C)N(C(=O)OC(C)(C)C)C[C@H]2C)nc1C,429.54,4.05,71.45,0,6,3,2,1,<rdkit.Chem.rdchem.Mol object at 0x000001CB2A427DF0>,False,False
TRZ05079,Cc1nnc(-c2c(C)[nH]c(/C=C3/C(=O)Nc4ccc(F)cc43)c2C)nc1C,363.4,3.73,83.56,2,4,2,3,1,<rdkit.Chem.rdchem.Mol object at 0x000001CB2A427E60>,False,False
TRZ05080,Cc1nnc(-c2ccc(OC(C)C)c(F)c2)nc1C,261.3,3.08,47.9,0,4,3,2,1,<rdkit.Chem.rdchem.Mol object at 0x000001CB2A427ED0>,False,False
TRZ05081,Cc1nnc(-c2ccc(-n3cccn3)c([C@H](C)Oc3cc4cc(F)ccc4nc3N)c2)nc1C,455.5,4.75,104.63,1,7,5,5,1,<rdkit.Chem.rdchem.Mol object at 0x000001CB2A427F40>,False,False
TRZ05082,Cc1nnc(-c2ccc(-n3cccn3)c(C(C)Oc3cc4cc(F)ccc4nc3N)c2)nc1C,455.5,4.75,104.63,1,7,5,5,1,<rdkit.Chem.rdchem.Mol object at 0x000001CB2A428040>,False,False
TRZ05083,COc1ccc(OC(F)(F)F)cc1CNC(=O)c1nnc(C)c(C)n1,356.3,2.33,86.23,1,6,5,2,1,<rdkit.Chem.rdchem.Mol object at 0x000001CB2A4280B0>,False,False
TRZ05084,Cc1nnc(C(=O)NCc2ccc(Cl)cc2C(F)(F)F)nc1C,344.72,3.09,67.77,1,4,3,2,1,<rdkit.Chem.rdchem.Mol object at 0x000001CB2A428120>,False,False
TRZ05085,Cc1ccc(OC(F)(F)F)cc1CNC(=O)c1nnc(C)c(C)n1,340.31,2.63,77.0,1,5,4,2,1,<rdkit.Chem.rdchem.Mol object at 0x000001CB2A428190>,False,False
TRZ05086,Cc1nnc(C(=O)NCc2ccc(F)cc2Cl)nc1C,294.72,2.21,67.77,1,4,3,2,1,<rdkit.Chem.rdchem.Mol object at 0x000001CB2A428200>,False,False
TRZ05087,Cc1nnc(C(=O)NCc2c(F)cccc2F)nc1C,278.26,1.7,67.77,1,4,3,2,1,<rdkit.Chem.rdchem.Mol object at 0x000001CB2A428270>,False,False
TRZ05088,Cc1nnc([C@]2(F)CCCN(C(=O)OCc3ccccc3)C2)nc1C,344.39,3.09,68.21,0,5,3,2,1,<rdkit.Chem.rdchem.Mol object at 0x000001CB2A4282E0>,False,False
TRZ05089,Cc1nnc(Cc2c(C(C)C)cc3c(c2C(C)C)OC(F)(F)O3)nc1C,363.41,4.65,57.13,0,5,4,2,1,<rdkit.Chem.rdchem.Mol object at 0x000001CB2A428350>,False,False
TRZ05091,Cc1nnc(C2(F)CCCN(C(=O)OCc3ccccc3)C2)nc1C,344.39,3.09,68.21,0,5,3,2,1,<rdkit.Chem.rdchem.Mol object at 0x000001CB2A4283C0>,False,False
TRZ05092,Cc1nnc(-c2cnn3ccc(N4CCC[C@@H]4c4cc(F)ccc4F)nc23)nc1C,407.43,3.82,72.1,0,6,3,4,1,<rdkit.Chem.rdchem.Mol object at 0x000001CB2A428430>,False,False
TRZ05093,Cc1nnc(-c2ccc(CN(c3cccc(F)c3)C(C)O)c(F)c2)nc1C,370.4,3.78,62.14,1,5,5,3,1,<rdkit.Chem.rdchem.Mol object at 0x000001CB2A4284A0>,False,False
TRZ05094,Cc1nnc(-c2ccc(CN(c3cccc(F)c3)C(O)c3ccncc3)c(F)c2)nc1C,433.46,4.53,75.03,1,6,6,4,1,<rdkit.Chem.rdchem.Mol object at 0x000001CB2A428510>,False,False
TRZ05097,Cc1cc(F)c(C(=O)Nc2cccc(-c3nnc(C)c(C)n3)n2)cc1-n1cnc(C2CC2)c1,443.49,4.31,98.48,1,6,5,4,1,<rdkit.Chem.rdchem.Mol object at 0x000001CB2A428580>,False,False
TRZ05099,Cc1cccc(N(Cc2ccc(-c3nnc(C)c(C)n3)cc2F)C(=O)N2CCOCC2)c1,435.5,4.06,71.45,0,5,4,3,1,<rdkit.Chem.rdchem.Mol object at 0x000001CB2A4285F0>,False,False
TRZ05100,Cc1nnc(-c2ccc(CN3CCN(C)CC3)c(C(F)(F)F)c2)nc1C,365.4,2.92,45.15,0,5,3,2,1,<rdkit.Chem.rdchem.Mol object at 0x000001CB2A428660>,False,False
TRZ05101,Cc1nnc(-c2ccc(CN(C(=O)N3CCN(C)CC3)c3cccc4c3ccn4C)c(F)c2)nc1C,487.58,4.16,70.39,0,5,4,4,1,<rdkit.Chem.rdchem.Mol object at 0x000001CB2A4286D0>,False,False
TRZ05102,Cc1nnc([C@H](Nc2ccc(C#N)c(C(F)(F)F)c2)[C@H](C)O)nc1C,351.33,2.91,94.72,2,6,4,2,1,<rdkit.Chem.rdchem.Mol object at 0x000001CB2A428740>,False,False
TRZ05103,C=Cc1cccc(F)c1C(O)c1nnc(C)c(C)n1,259.28,2.35,58.9,1,4,3,2,1,<rdkit.Chem.rdchem.Mol object at 0x000001CB2A4287B0>,False,False
TRZ05104,CCn1c(C)c(C(=O)Nc2ccc(F)c(C)c2)c(C)c1C(=O)C(=O)NC(C)(C)c1nnc(C)c(C)n1,494.57,3.86,118.87,2,6,7,3,1,<rdkit.Chem.rdchem.Mol object at 0x000001CB2A428820>,False,False
TRZ05105,Cc1nnc(C2=CNC(NC3(c4cc(F)cc(F)c4)CC3)=NC2)nc1C,356.38,2.35,75.09,2,6,3,2,1,<rdkit.Chem.rdchem.Mol object at 0x000001CB2A428890>,False,False
TRZ05107,Cc1nnc(-c2ccc(CN(c3ccc(F)c(Cl)c3)C(O)N3CC[C@H](F)C3)c(F)c2)nc1C,477.92,4.41,65.38,1,6,6,3,1,<rdkit.Chem.rdchem.Mol object at 0x000001CB2A428900>,False,False
TRZ05108,Cc1cc(N(Cc2ccc(-c3nnc(C)c(C)n3)cc2F)C(=O)N2CC[C@H](N(C)C)C2)ccc1F,480.56,4.5,65.46,0,5,5,3,1,<rdkit.Chem.rdchem.Mol object at 0x000001CB2A428970>,False,False
TRZ05109,Cc1ccc(-c2nn(Cc3nnc(C)c(C)n3)c(=O)n2C[C@H](O)C(C)(F)F)cc1,404.42,1.89,98.72,1,6,6,3,1,<rdkit.Chem.rdchem.Mol object at 0x000001CB2A4289E0>,False,False
TRZ05110,Cc1nnc(-c2cc(-c3ccc(F)c(F)c3)c(=O)n(C)c2)nc1C,328.32,2.8,60.67,0,4,2,3,1,<rdkit.Chem.rdchem.Mol object at 0x000001CB2A428A50>,False,False
TRZ05111,Cc1nnc(-c2cn(C)c(=O)cc2-c2cccc(F)c2)nc1C,310.33,2.66,60.67,0,4,2,3,1,<rdkit.Chem.rdchem.Mol object at 0x000001CB2A428AC0>,False,False
TRZ05113,Cc1nnc(-c2cn(C)c(=O)cc2-c2ccc(F)cc2)nc1C,310.33,2.66,60.67,0,4,2,3,1,<rdkit.Chem.rdchem.Mol object at 0x000001CB2A428B30>,False,False
TRZ05114,Cc1nnc(-c2cc(Cl)cc(OC(F)(F)F)c2)nc1C,303.67,3.71,47.9,0,4,2,2,1,<rdkit.Chem.rdchem.Mol object at 0x000001CB2A428BA0>,False,False
TRZ05115,Cc1nnc(-c2c(N)cccc2-c2ccc(F)cc2)nc1C,294.33,3.54,64.69,1,4,2,3,1,<rdkit.Chem.rdchem.Mol object at 0x000001CB2A428C10>,False,False
TRZ05116,Cc1nnc(-c2ccc(N3CCCC3)c(C(F)(F)F)c2)nc1C,322.33,3.77,41.91,0,4,2,2,1,<rdkit.Chem.rdchem.Mol object at 0x000001CB2A428C80>,False,False
TRZ05117,Cc1nnc(-c2scnc2C(F)(F)F)nc1C,260.24,2.63,51.56,0,5,1,2,1,<rdkit.Chem.rdchem.Mol object at 0x000001CB2A428CF0>,False,False
TRZ05120,CCC(c1cccc(F)c1)c1nnc(C)c(C)n1,245.3,3.17,38.67,0,3,3,2,1,<rdkit.Chem.rdchem.Mol object at 0x000001CB2A428D60>,False,False
TRZ05121,Cc1nnc(-c2c(N)cccc2-c2cccc(F)c2)nc1C,294.33,3.54,64.69,1,4,2,3,1,<rdkit.Chem.rdchem.Mol object at 0x000001CB2A428DD0>,False,False
TRZ05122,Cc1nnc(-c2cc(F)ccc2C(F)(F)F)nc1C,271.22,3.31,38.67,0,3,1,2,1,<rdkit.Chem.rdchem.Mol object at 0x000001CB2A428E40>,False,False
TRZ05123,C=Cc1cccc(F)c1Cc1nnc(C)c(C)n1,243.28,2.86,38.67,0,3,3,2,1,<rdkit.Chem.rdchem.Mol object at 0x000001CB2A428EB0>,False,False
TRZ05124,Cc1nnc(-c2cccnc2-c2ccc(C(F)(F)F)cc2)nc1C,330.31,4.24,51.56,0,4,2,3,1,<rdkit.Chem.rdchem.Mol object at 0x000001CB2A428F20>,False,False
TRZ05125,CCCC(c1ccc(F)cc1)c1nnc(C)c(C)n1,259.33,3.56,38.67,0,3,4,2,1,<rdkit.Chem.rdchem.Mol object at 0x000001CB2A428F90>,False,False
TRZ05126,Cc1nnc(-c2cc3cc(N)nnc3c(F)c2Nc2ccc(Br)cc2F)nc1C,458.27,4.47,102.5,2,7,3,4,1,<rdkit.Chem.rdchem.Mol object at 0x000001CB2A429000>,False,False
TRZ05127,Cc1nnc(-c2ccc(F)c(Cl)n2)nc1C,238.65,2.34,51.56,0,4,1,2,1,<rdkit.Chem.rdchem.Mol object at 0x000001CB2A429070>,False,False
TRZ05128,Cc1nnc(-c2ccc(CNC(=O)COCc3ccccc3)c(F)c2)nc1C,380.42,3.13,77.0,1,5,7,3,1,<rdkit.Chem.rdchem.Mol object at 0x000001CB2A4290E0>,False,False
TRZ05129,Cc1nnc(C(F)c2ccc3ncccc3c2)nc1C,268.3,3.1,51.56,0,4,2,3,1,<rdkit.Chem.rdchem.Mol object at 0x000001CB2A429150>,False,False
TRZ05130,COc1cccc(C2(Nc3ncc(-c4nnc(C)c(C)n4)c(C(=O)C(F)F)n3)CC2)c1,426.43,3.5,102.78,1,8,7,3,1,<rdkit.Chem.rdchem.Mol object at 0x000001CB2A4291C0>,False,False
TRZ05133,COc1cc(-n2cnc3cc(-c4nnc(C)c(C)n4)ccc32)cc(OC)c1C(=O)NCC(F)(F)F,486.45,3.8,104.05,1,7,6,4,1,<rdkit.Chem.rdchem.Mol object at 0x000001CB2A429230>,False,False
TRZ05134,Cc1nnc(-c2occc2-c2ccc(F)cc2)nc1C,269.28,3.55,51.81,0,4,2,3,1,<rdkit.Chem.rdchem.Mol object at 0x000001CB2A4292A0>,False,False
TRZ05135,Cc1nnc(-c2cn(C)c(=O)c(F)c2-c2ccc(Br)cc2F)nc1C,407.22,3.56,60.67,0,4,2,3,1,<rdkit.Chem.rdchem.Mol object at 0x000001CB2A429310>,False,False
TRZ05136,Cc1nnc(-c2ccccc2C(F)F)nc1C,235.24,3.09,38.67,0,3,2,2,1,<rdkit.Chem.rdchem.Mol object at 0x000001CB2A429380>,False,False
TRZ05137,Cc1nnc(C(C)(C)Cc2cc(I)c(F)cn2)nc1C,386.21,3.15,51.56,0,4,3,2,1,<rdkit.Chem.rdchem.Mol object at 0x000001CB2A4293F0>,False,False
TRZ05138,CCc1c(-c2nnc(C)c(C)n2)cc(C(=O)[C@H](O)c2cc(F)cc(F)c2)c(O)c1C,413.42,3.93,96.2,2,6,5,3,1,<rdkit.Chem.rdchem.Mol object at 0x000001CB2A429460>,False,False
TRZ05139,COc1ccc(C(F)(F)F)cc1-c1nnc(C)c(C)n1,283.25,3.18,47.9,0,4,2,2,1,<rdkit.Chem.rdchem.Mol object at 0x000001CB2A4294D0>,False,False
TRZ05140,Cc1nnc(-c2ccccc2CCC(F)=C(F)F)nc1C,293.29,4.17,38.67,0,3,4,2,1,<rdkit.Chem.rdchem.Mol object at 0x000001CB2A429540>,False,False
TRZ05141,Cc1nnc(-c2cc(-c3cccc(F)c3)c(=O)n(C)c2)nc1C,310.33,2.66,60.67,0,4,2,3,1,<rdkit.Chem.rdchem.Mol object at 0x000001CB2A4295B0>,False,False
TRZ05142,Cc1nnc(-c2ccc(OCCCC(F)(F)C(F)(F)F)cc2)nc1C,361.31,4.51,47.9,0,4,6,2,1,<rdkit.Chem.rdchem.Mol object at 0x000001CB2A429620>,False,False
TRZ05143,Cc1nnc(-c2ccc(C3CC3)c(C(F)(F)F)c2)nc1C,293.29,4.05,38.67,0,3,2,2,1,<rdkit.Chem.rdchem.Mol object at 0x000001CB2A429690>,False,False
TRZ05144,Cc1nnc(-c2c(N)cccc2-c2cccc(C(F)(F)F)c2)nc1C,344.34,4.42,64.69,1,4,2,3,1,<rdkit.Chem.rdchem.Mol object at 0x000001CB2A429700>,False,False
TRZ05145,Cc1cccc(-c2nnc(C)c(C)n2)c1C(F)(F)F,267.25,3.48,38.67,0,3,1,2,1,<rdkit.Chem.rdchem.Mol object at 0x000001CB2A429770>,False,False
TRZ05146,Cc1nnc(-c2cc(=O)c3cc(F)ccc3n2C2CCCCC2)nc1C,352.41,4.11,60.67,0,4,2,3,1,<rdkit.Chem.rdchem.Mol object at 0x000001CB2A4297E0>,False,False
TRZ05148,CCC(=O)NN=C(c1cccc(C(F)(F)F)c1)c1nnc(C)c(C)n1,351.33,2.79,80.13,1,5,4,2,1,<rdkit.Chem.rdchem.Mol object at 0x000001CB2A429850>,False,False
TRZ05149,Cc1nnc(-c2ccc(NCc3ccc(F)cc3)cc2)nc1C,308.36,3.91,50.7,1,4,4,3,1,<rdkit.Chem.rdchem.Mol object at 0x000001CB2A4298C0>,False,False
TRZ05150,Cc1nnc(-c2ccc(N(CC(F)(F)F)CC(F)(F)F)cc2)nc1C,364.29,4.09,41.91,0,4,4,2,1,<rdkit.Chem.rdchem.Mol object at 0x000001CB2A429930>,False,False
TRZ05151,CC(=O)NN=C(c1ccc(F)cc1)c1nnc(C)c(C)n1,287.3,1.52,80.13,1,5,3,2,1,<rdkit.Chem.rdchem.Mol object at 0x000001CB2A4299A0>,False,False
TRZ05152,CCC(=O)NN=C(c1ccc(F)cc1)c1nnc(C)c(C)n1,301.33,1.91,80.13,1,5,4,2,1,<rdkit.Chem.rdchem.Mol object at 0x000001CB2A429A10>,False,False
TRZ05153,CCC(=O)NN=C(c1ccc(OC(F)(F)F)cc1)c1nnc(C)c(C)n1,367.33,2.67,89.36,1,6,5,2,1,<rdkit.Chem.rdchem.Mol object at 0x000001CB2A429A80>,False,False
TRZ05154,COc1c(N2CCN(C)C(C)C2)c(F)cc2c(=O)c(-c3nnc(C)c(C)n3)cn(C3CC3)c12,452.53,3.09,76.38,0,7,4,3,1,<rdkit.Chem.rdchem.Mol object at 0x000001CB2A429AF0>,False,False
TRZ05155,Cc1nnc(/C(=C/CCI)c2ccccc2C(F)(F)F)nc1C,433.22,4.76,38.67,0,3,4,2,1,<rdkit.Chem.rdchem.Mol object at 0x000001CB2A429B60>,False,False
TRZ05156,Cc1cc(-c2c(OCc3nnc(C)c(C)n3)nc(N)nc2-c2ccc(F)cc2)cc(C(F)F)n1,467.46,4.55,112.59,1,8,6,4,1,<rdkit.Chem.rdchem.Mol object at 0x000001CB2A429BD0>,False,False
TRZ05157,Cc1nnc(-c2ccc(-c3ccc(OC(F)(F)F)cc3)o2)nc1C,335.29,4.31,61.04,0,5,3,3,1,<rdkit.Chem.rdchem.Mol object at 0x000001CB2A429C40>,False,False
TRZ05158,Cc1nnc(C2CC(C(=O)Nc3ccc(F)c(Cl)c3)N(C)SN2)nc1C,396.88,2.82,83.04,2,7,3,2,1,<rdkit.Chem.rdchem.Mol object at 0x000001CB2A429CB0>,False,False
TRZ05161,Cc1nnc(-c2ccc(C(F)(F)F)c(/C=C/C3OCC(NC(=O)OC(C)(C)C)CO3)c2)nc1C,480.49,4.45,95.46,1,7,4,2,1,<rdkit.Chem.rdchem.Mol object at 0x000001CB2A429D20>,False,False
TRZ05162,Cc1nnc(-c2cc(F)c3c(c2)N([C@@H](C)[C@H]2CCN(C(=O)OC(C)(C)C)C[C@H]2C)CCC3=O)nc1C,497.62,4.97,88.52,0,7,3,2,1,<rdkit.Chem.rdchem.Mol object at 0x000001CB2A429D90>,False,False
TRZ05163,Cc1nnc(-c2ccc(C(F)(F)F)c(NCCCCNC(=O)OC(C)(C)C)c2)nc1C,439.48,4.89,89.03,2,6,7,2,1,<rdkit.Chem.rdchem.Mol object at 0x000001CB2A429E00>,False,False
TRZ05164,Cc1nnc(C(F)(F)c2ccc3nccn3c2)nc1C,275.26,2.28,55.97,0,4,2,3,1,<rdkit.Chem.rdchem.Mol object at 0x000001CB2A429E70>,False,False
TRZ05165,Cc1nnc(-c2cc(-c3ccc4ncnc(C)c4c3)c(-c3ccc(F)cc3)nc2N)nc1C,437.48,4.86,103.36,1,7,3,5,1,<rdkit.Chem.rdchem.Mol object at 0x000001CB2A429EE0>,False,False
TRZ05166,Cc1nnc(-c2ccc(CC3CS(=O)(=O)CCN3C(=O)Nc3ccccc3)c(F)c2)nc1C,469.54,3.17,105.15,1,6,4,3,1,<rdkit.Chem.rdchem.Mol object at 0x000001CB2A429F50>,False,False
TRZ05168,Cc1nnc(-c2c(NS(=O)(=O)c3ccccc3)ccc(Cl)c2F)nc1C,392.84,3.75,84.84,1,5,4,3,1,<rdkit.Chem.rdchem.Mol object at 0x000001CB2A429FC0>,False,False
TRZ05169,Cc1nnc(C(N)c2ccc(F)c(Br)c2)nc1C,311.16,2.44,64.69,1,4,2,2,1,<rdkit.Chem.rdchem.Mol object at 0x000001CB2A42A030>,False,False
TRZ05171,Cc1nnc(C(C)Oc2c(F)cc(F)cc2F)nc1C,283.25,3.05,47.9,0,4,3,2,1,<rdkit.Chem.rdchem.Mol object at 0x000001CB2A42A0A0>,False,False
TRZ05172,Cc1nnc(-c2ccc(CNC(=O)C3CCSCC3)c(F)c2)nc1C,360.46,3.05,67.77,1,5,4,2,1,<rdkit.Chem.rdchem.Mol object at 0x000001CB2A42A110>,False,False
TRZ05173,Cc1nnc(-c2ccc(CNS(C)(=O)=O)c(F)c2)nc1C,310.35,1.34,84.84,1,5,4,2,1,<rdkit.Chem.rdchem.Mol object at 0x000001CB2A42A180>,False,False
TRZ05174,Cc1nnc(-c2ccc(CN(C(=O)N3CCNCC3C(C)(C)C)c3ccccc3)c(F)c2)nc1C,476.6,4.74,74.25,1,5,4,3,1,<rdkit.Chem.rdchem.Mol object at 0x000001CB2A42A1F0>,False,False
TRZ05175,Cc1nnc(-c2ccc(CNC(=O)N3CCS(=O)(=O)CC3)c(F)c2)nc1C,393.44,1.23,105.15,1,6,3,2,1,<rdkit.Chem.rdchem.Mol object at 0x000001CB2A42A260>,False,False
TRZ05176,Cc1nnc(-c2cnc(NC3(c4ccccc4)CC3)nc2C(=O)C(F)F)nc1C,396.4,3.49,93.55,1,7,6,3,1,<rdkit.Chem.rdchem.Mol object at 0x000001CB2A42A2D0>,False,False
TRZ05177,Cc1nnc(-c2cnc(NC3(c4ccccc4)CCC3)nc2C(=O)C(F)F)nc1C,410.43,3.88,93.55,1,7,6,3,1,<rdkit.Chem.rdchem.Mol object at 0x000001CB2A42A340>,False,False
TRZ05178,Cc1nnc(-c2cnc(NC3(c4ccccc4)CCCC3)nc2C(=O)C(F)F)nc1C,424.46,4.27,93.55,1,7,6,3,1,<rdkit.Chem.rdchem.Mol object at 0x000001CB2A42A3B0>,False,False
TRZ05179,Cc1nnc(-c2cnc(NC3(c4ccccc4)CCCCC3)nc2C(=O)C(F)F)nc1C,438.48,4.66,93.55,1,7,6,3,1,<rdkit.Chem.rdchem.Mol object at 0x000001CB2A42A420>,False,False
TRZ05180,COc1ccc(C2(Nc3ncc(-c4nnc(C)c(C)n4)c(C(=O)C(F)F)n3)CCC2)cc1,440.45,3.89,102.78,1,8,7,3,1,<rdkit.Chem.rdchem.Mol object at 0x000001CB2A42A490>,False,False
TRZ05181,Cc1nnc(-c2cnc(NC3(c4ccccc4F)CCC3)nc2C(=O)C(F)F)nc1C,428.42,4.02,93.55,1,7,6,3,1,<rdkit.Chem.rdchem.Mol object at 0x000001CB2A42A500>,False,False
TRZ05182,Cc1nnc(-c2cnc(NC3(c4ccc(F)cc4)CCC3)nc2C(=O)C(F)F)nc1C,428.42,4.02,93.55,1,7,6,3,1,<rdkit.Chem.rdchem.Mol object at 0x000001CB2A42A570>,False,False
TRZ05183,Cc1nnc(-c2cnc(NC3(c4cccc(C(F)(F)F)c4)CCC3)nc2C(=O)C(F)F)nc1C,478.43,4.9,93.55,1,7,6,3,1,<rdkit.Chem.rdchem.Mol object at 0x000001CB2A42A5E0>,False,False
TRZ05184,Cc1ccccc1C1(Nc2ncc(-c3nnc(C)c(C)n3)c(C(=O)C(F)F)n2)CCC1,424.46,4.19,93.55,1,7,6,3,1,<rdkit.Chem.rdchem.Mol object at 0x000001CB2A42A650>,False,False
TRZ05185,Cc1ccc(C2(Nc3ncc(-c4nnc(C)c(C)n4)c(C(=O)C(F)F)n3)CCC2)cc1,424.46,4.19,93.55,1,7,6,3,1,<rdkit.Chem.rdchem.Mol object at 0x000001CB2A42A6C0>,False,False
TRZ05186,CSc1ncc(-c2nnc(C)c(C)n2)c(C(=O)C(F)F)n1,311.32,2.12,81.52,0,7,4,2,1,<rdkit.Chem.rdchem.Mol object at 0x000001CB2A42A730>,False,False
TRZ05187,Cc1nnc(-c2cnc(NC3(c4cccc(C(F)(F)F)c4)CC3)nc2C(=O)C(F)F)nc1C,464.4,4.51,93.55,1,7,6,3,1,<rdkit.Chem.rdchem.Mol object at 0x000001CB2A42A7A0>,False,False
TRZ05188,Cc1nnc(-c2cnc(NC3(c4ccc(F)c(F)c4)CC3)nc2C(=O)C(F)F)nc1C,432.38,3.77,93.55,1,7,6,3,1,<rdkit.Chem.rdchem.Mol object at 0x000001CB2A42A810>,False,False
TRZ05189,Cc1nnc(-c2cnc(NC3(c4cc(F)cc(F)c4)CCC3)nc2C(=O)C(F)F)nc1C,446.41,4.16,93.55,1,7,6,3,1,<rdkit.Chem.rdchem.Mol object at 0x000001CB2A42A880>,False,False
TRZ05190,Cc1nnc(-c2cnc(NC3(c4cc(F)ccc4F)CCC3)nc2C(=O)C(F)F)nc1C,446.41,4.16,93.55,1,7,6,3,1,<rdkit.Chem.rdchem.Mol object at 0x000001CB2A42A8F0>,False,False
TRZ05191,Cc1nnc(-c2cnc(NC3(c4ccc(OC(F)(F)F)cc4)CCC3)nc2C(=O)C(F)F)nc1C,494.42,4.78,102.78,1,8,7,3,1,<rdkit.Chem.rdchem.Mol object at 0x000001CB2A42A960>,False,False
TRZ05192,Cc1nnc(-c2cnc(NC3(c4cccc(F)c4F)CCC3)nc2C(=O)C(F)F)nc1C,446.41,4.16,93.55,1,7,6,3,1,<rdkit.Chem.rdchem.Mol object at 0x000001CB2A42A9D0>,False,False
TRZ05193,Cc1nnc(-c2cnc(NC3(c4c(F)cccc4F)CCC3)nc2C(=O)C(F)F)nc1C,446.41,4.16,93.55,1,7,6,3,1,<rdkit.Chem.rdchem.Mol object at 0x000001CB2A42AA40>,False,False
TRZ05194,Cc1nnc(-c2cnc(NC3(c4cccnc4)CCC3)nc2C(=O)C(F)F)nc1C,411.42,3.28,106.44,1,8,6,3,1,<rdkit.Chem.rdchem.Mol object at 0x000001CB2A42AAB0>,False,False
TRZ05195,Cc1nnc(-c2cnc(NC3(c4ccc(F)cc4F)CCC3)nc2C(=O)C(F)F)nc1C,446.41,4.16,93.55,1,7,6,3,1,<rdkit.Chem.rdchem.Mol object at 0x000001CB2A42AB20>,False,False
TRZ05196,Cc1nnc(-c2cnc(NC3(c4cccs4)CC3)nc2C(=O)C(F)F)nc1C,402.43,3.56,93.55,1,8,6,3,1,<rdkit.Chem.rdchem.Mol object at 0x000001CB2A42AB90>,False,False
TRZ05197,Cc1nnc(-c2cnc(NC3(c4ccccc4C(F)(F)F)CCC3)nc2C(=O)C(F)F)nc1C,478.43,4.9,93.55,1,7,6,3,1,<rdkit.Chem.rdchem.Mol object at 0x000001CB2A42AC00>,False,False
TRZ05198,Cc1nnc(-c2cnc(NC3(c4ccc(F)c(F)c4)CCC3)nc2C(=O)C(F)F)nc1C,446.41,4.16,93.55,1,7,6,3,1,<rdkit.Chem.rdchem.Mol object at 0x000001CB2A42AC70>,False,False
TRZ05199,COc1ccccc1C1(Nc2ncc(-c3nnc(C)c(C)n3)c(C(=O)C(F)F)n2)CC1,426.43,3.5,102.78,1,8,7,3,1,<rdkit.Chem.rdchem.Mol object at 0x000001CB2A42ACE0>,False,False
TRZ05200,Cc1nnc(-c2cnc(NC3(c4cc(F)cc(F)c4)CC3)nc2C(=O)C(F)F)nc1C,432.38,3.77,93.55,1,7,6,3,1,<rdkit.Chem.rdchem.Mol object at 0x000001CB2A42AD50>,False,False
TRZ05201,Cc1nnc(-c2cnc(NC3(c4ccc(F)cc4F)CC3)nc2C(=O)C(F)F)nc1C,432.38,3.77,93.55,1,7,6,3,1,<rdkit.Chem.rdchem.Mol object at 0x000001CB2A42ADC0>,False,False
TRZ05202,Cc1nnc(-c2ccc(N3CCC(S(=O)(=O)N(C)c4ccc(F)c(Cl)c4)CC3)nc2)nc1C,490.99,3.78,92.18,0,7,5,3,1,<rdkit.Chem.rdchem.Mol object at 0x000001CB2A42AE30>,False,False
TRZ05204,Cc1nnc(-c2cc(-c3ccc(F)cc3)c(=O)n(C)c2)nc1C,310.33,2.66,60.67,0,4,2,3,1,<rdkit.Chem.rdchem.Mol object at 0x000001CB2A42AEA0>,False,False
TRZ05205,Cc1nnc(-c2ccc(CN(C(=O)N3CCOCC3)C34CC5CC(CC(C5)C3)C4)c(F)c2)nc1C,479.6,4.52,71.45,0,5,4,2,1,<rdkit.Chem.rdchem.Mol object at 0x000001CB2A42AF10>,False,False
TRZ05206,Cc1nnc(-c2ccc(CN(CC34CC5CC(CC(C5)C3)C4)C(=O)N3CCOCC3)c(F)c2)nc1C,493.63,4.77,71.45,0,5,5,2,1,<rdkit.Chem.rdchem.Mol object at 0x000001CB2A42AF80>,False,False
TRZ05207,Cc1nnc([C@@]23CC(F)(F)[C@@H](C)[C@H](C=Cc4ccc(Br)cn4)[C@@H]2[C@@H](C)OC3=O)nc1C,493.35,4.45,77.86,0,6,3,2,1,<rdkit.Chem.rdchem.Mol object at 0x000001CB2A42AFF0>,False,False
TRZ05210,Cc1nnc(-c2cncc(-c3ccc(F)cc3)n2)nc1C,281.29,2.75,64.45,0,5,2,3,1,<rdkit.Chem.rdchem.Mol object at 0x000001CB2A42B060>,False,False
TRZ05211,Cc1nnc(-c2ccccc2CF)nc1C,217.25,2.62,38.67,0,3,2,2,1,<rdkit.Chem.rdchem.Mol object at 0x000001CB2A42B0D0>,False,False
TRZ05212,Cc1nnc(-c2ncn3c2[C@@H]2CCN2C(=O)c2c-3ccc(F)c2F)nc1C,368.35,2.52,76.8,0,5,1,3,1,<rdkit.Chem.rdchem.Mol object at 0x000001CB2A42B140>,False,False
TRZ05213,Cc1cccc(-c2nnc(C)c(C)n2)c1-n1nc(C(F)(F)F)cc1C(N)=O,376.34,2.77,99.58,1,5,3,3,1,<rdkit.Chem.rdchem.Mol object at 0x000001CB2A42B1B0>,False,False
TRZ05214,Cc1nnc(C2CCC(Oc3cccc(Cl)c3F)CC2)nc1C,335.81,4.39,47.9,0,4,3,2,1,<rdkit.Chem.rdchem.Mol object at 0x000001CB2A42B220>,False,False
TRZ05215,Cc1nnc(-c2cnc(Br)c(F)c2)nc1C,283.1,2.45,51.56,0,4,1,2,1,<rdkit.Chem.rdchem.Mol object at 0x000001CB2A42B290>,False,False
TRZ05216,Cc1nnc(-c2cc(F)c(N3CCC(F)(F)CC3)c(F)c2)nc1C,340.32,3.67,41.91,0,4,2,2,1,<rdkit.Chem.rdchem.Mol object at 0x000001CB2A42B300>,False,False
TRZ05217,Cc1nnc(-c2ccc(N3CCOCC3)c(F)c2)nc1C,288.33,2.13,51.14,0,5,2,2,1,<rdkit.Chem.rdchem.Mol object at 0x000001CB2A42B370>,False,False
TRZ05218,Cc1nnc(-c2cc(F)cc(-n3nccc3OC3CCOCC3)c2)nc1C,369.4,3.04,74.95,0,6,4,3,1,<rdkit.Chem.rdchem.Mol object at 0x000001CB2A42B3E0>,False,False
TRZ05219,Cc1nnc([C@H]2CC[C@H](NC(=O)COc3ccc(C(F)(F)F)cc3)CO2)nc1C,410.4,2.92,86.23,1,6,5,2,1,<rdkit.Chem.rdchem.Mol object at 0x000001CB2A42B450>,False,False
TRZ05225,Cc1cc(-c2cc(-c3nnc(C)c(C)n3)c(N)nc2-c2ccc(F)cc2)cc(Cl)n1,420.88,4.96,90.47,1,6,3,4,1,<rdkit.Chem.rdchem.Mol object at 0x000001CB2A42B4C0>,False,False
TRZ05226,COc1cc2cc(C(F)(F)CCc3nnc(C)c(C)n3)sc2cc1OC,379.43,4.44,57.13,0,6,6,3,1,<rdkit.Chem.rdchem.Mol object at 0x000001CB2A42B530>,False,False
TRZ05228,Cc1nnc(C2CCC(n3cc(C4(F)CCN(C(=O)O)CC4)nn3)CC2)nc1C,403.46,2.92,109.92,1,6,3,2,1,<rdkit.Chem.rdchem.Mol object at 0x000001CB2A42B5A0>,False,False
TRZ05229,Cc1nnc(-c2ccc(CN(c3ccc(F)c(Cl)c3)C(O)N3CCN(C)CC3)c(F)c2)nc1C,488.97,3.62,68.62,1,7,6,3,1,<rdkit.Chem.rdchem.Mol object at 0x000001CB2A42B610>,False,False
TRZ05230,C=N/C(=C\C=C(/C)c1nnc(C)c(C)n1)CN(C(=O)N1CCOCC1)c1ccc(F)c(Cl)c1,472.95,4.23,83.81,0,6,6,2,1,<rdkit.Chem.rdchem.Mol object at 0x000001CB2A42B680>,False,False
TRZ05231,C=N/C(=C\C=C(/C)c1nnc(C)c(C)n1)CN(C(=O)N1CCOCC1)c1ccc(F)cc1F,456.5,3.71,83.81,0,6,6,2,1,<rdkit.Chem.rdchem.Mol object at 0x000001CB2A42B6F0>,False,False
TRZ05232,Cc1nnc(-c2ccc(CN(c3ccccc3)C(O)N3CCN(C4COC4)CC3)c(F)c2)nc1C,478.57,2.59,77.85,1,8,7,3,1,<rdkit.Chem.rdchem.Mol object at 0x000001CB2A42B760>,False,False
TRZ05233,Cc1nnc(C(Oc2cc(-c3cccnc3)c3ncccc3c2)c2ccc(F)cn2)nc1C,438.47,4.8,86.57,0,7,5,5,1,<rdkit.Chem.rdchem.Mol object at 0x000001CB2A42B7D0>,False,False
TRZ05234,Cc1ncc(-c2nc(C(F)(F)F)ccc2-c2nnc(C)c(C)n2)cn1,346.32,3.33,77.34,0,6,2,3,1,<rdkit.Chem.rdchem.Mol object at 0x000001CB2A42B840>,False,False
TRZ05235,Cc1nnc(-c2ncc(CF)cc2-c2cnc(C3CC3)nc2)nc1C,336.37,3.35,77.34,0,6,4,3,1,<rdkit.Chem.rdchem.Mol object at 0x000001CB2A42B8B0>,False,False
TRZ05236,Cc1nnc(-c2ncc(C(F)F)cc2-c2cnc(C3CC3)nc2)nc1C,354.36,3.82,77.34,0,6,4,3,1,<rdkit.Chem.rdchem.Mol object at 0x000001CB2A42B920>,False,False
TRZ05237,Cc1nnc(-c2ccnc(OC(F)(F)F)c2Br)nc1C,349.11,3.21,60.79,0,5,2,2,1,<rdkit.Chem.rdchem.Mol object at 0x000001CB2A42B990>,False,False
TRZ05238,Cc1nnc(C(=O)CNCc2ccc(F)cc2)nc1C,274.3,1.6,67.77,1,5,5,2,1,<rdkit.Chem.rdchem.Mol object at 0x000001CB2A42BA00>,False,False
TRZ05239,Cc1nnc(-c2cc(C(C)C)cc(C(F)(F)F)n2)nc1C,296.3,3.69,51.56,0,4,2,2,1,<rdkit.Chem.rdchem.Mol object at 0x000001CB2A42BA70>,False,False
TRZ05240,Cc1nnc(-c2cc(N)cc(C(F)(F)F)n2)nc1C,269.23,2.15,77.58,1,5,1,2,1,<rdkit.Chem.rdchem.Mol object at 0x000001CB2A42BAE0>,False,False
TRZ05241,C=CC(=O)C1(Nc2ccc(C(F)(F)F)cc2)C=CC=CC1c1nnc(C)c(C)n1,400.4,4.32,67.77,1,5,5,2,1,<rdkit.Chem.rdchem.Mol object at 0x000001CB2A42BB50>,False,False
TRZ05244,Cc1nnc(C2C=CC=CC2(Nc2ccc(C(F)(F)F)cc2)C(=O)CCC#N)nc1C,427.43,4.44,91.56,1,6,6,2,1,<rdkit.Chem.rdchem.Mol object at 0x000001CB2A42BBC0>,False,False
TRZ05246,Cc1nnc(-c2nc(C3(F)CC3)ns2)nc1C,251.29,1.97,64.45,0,6,2,2,1,<rdkit.Chem.rdchem.Mol object at 0x000001CB2A42BC30>,False,False
TRZ05247,Cc1nnc([C@H]2CC[C@H](NC(=O)COc3ccc(Cl)c(F)c3)CN2C(=O)O)nc1C,437.86,2.66,117.54,2,6,5,2,1,<rdkit.Chem.rdchem.Mol object at 0x000001CB2A42BCA0>,False,False
TRZ05248,Cc1nnc([C@H]2CC[C@H](NC(=O)COc3ccc(Cl)c(F)c3)CN2C(=O)OC(C)(C)C)nc1C,493.97,3.92,106.54,1,7,5,2,1,<rdkit.Chem.rdchem.Mol object at 0x000001CB2A42BD10>,False,False
TRZ05253,Cc1nnc(-c2c(Cl)cccc2C2(F)CCC2)nc1C,291.76,4.16,38.67,0,3,2,2,1,<rdkit.Chem.rdchem.Mol object at 0x000001CB2A42BD80>,False,False
TRZ05254,Cc1cc(-c2cnc(NCc3c(F)ccc4c3CCO4)n3cc(-c4nnc(C)c(C)n4)nc23)n(C)n1,485.53,3.59,107.94,1,8,5,5,1,<rdkit.Chem.rdchem.Mol object at 0x000001CB2A42BDF0>,False,False
TRZ05256,Cc1nnc(Cn2ncc3ncc(-c4ccc(F)c(C(F)F)c4)cc32)nc1C,384.37,4.03,69.38,0,5,4,4,1,<rdkit.Chem.rdchem.Mol object at 0x000001CB2A42BE60>,False,False
TRZ05257,Cc1nnc(Cn2ncc3ncc(-c4cccc(C(F)(F)F)c4)cc32)nc1C,384.37,3.97,69.38,0,5,3,4,1,<rdkit.Chem.rdchem.Mol object at 0x000001CB2A42BED0>,False,False
TRZ05258,Cc1nnc(-c2ccc(Nc3ncc(-c4ccc(C(F)(F)F)cc4)o3)cn2)nc1C,412.38,4.97,89.62,1,7,4,4,1,<rdkit.Chem.rdchem.Mol object at 0x000001CB2A42BF40>,False,False
TRZ05259,Cc1nnc(C(F)(F)C(C)(O)c2cccc(NC(=O)OC(C)(C)C)c2)nc1C,394.42,3.83,97.23,2,6,4,2,1,<rdkit.Chem.rdchem.Mol object at 0x000001CB2A42C040>,False,False
TRZ05260,Cc1nnc(-c2cnc3ccc(N4CCC[C@@H]4c4cc(F)cnc4CC[C@@H](C)N)nn23)nc1C,461.55,3.35,111.01,1,8,6,4,1,<rdkit.Chem.rdchem.Mol object at 0x000001CB2A42C0B0>,False,False
TRZ05261,Cc1nnc(-c2cnc3ccc(N4CCCC4c4cc(F)cnc4CC[C@@H](C)N)nn23)nc1C,461.55,3.35,111.01,1,8,6,4,1,<rdkit.Chem.rdchem.Mol object at 0x000001CB2A42C120>,False,False
TRZ05262,Cc1nnc(-c2cnc3ccc(N4CCC[C@@H]4c4cc(F)cnc4C#C[C@@H](C)N)nn23)nc1C,457.52,2.77,111.01,1,8,3,4,1,<rdkit.Chem.rdchem.Mol object at 0x000001CB2A42C190>,False,False
TRZ05263,Cc1nnc(-c2cnc3ccc(N4CCCC4c4cc(F)cnc4C#C[C@@H](C)N)nn23)nc1C,457.52,2.77,111.01,1,8,3,4,1,<rdkit.Chem.rdchem.Mol object at 0x000001CB2A42C200>,False,False
TRZ05264,Cc1nnc(-c2nnsc2C(F)(F)F)nc1C,261.23,2.03,64.45,0,6,1,2,1,<rdkit.Chem.rdchem.Mol object at 0x000001CB2A42C270>,False,False
TRZ05265,Cc1nnc(-c2snnc2C(F)F)nc1C,243.24,1.94,64.45,0,6,2,2,1,<rdkit.Chem.rdchem.Mol object at 0x000001CB2A42C2E0>,False,False
TRZ05266,Cc1nnc([C@H](C)NC(=O)c2cc(Cl)cc(S(=O)(=O)C(F)(F)F)c2)nc1C,422.82,2.93,101.91,1,6,4,2,1,<rdkit.Chem.rdchem.Mol object at 0x000001CB2A42C350>,False,False
TRZ05270,Cc1nnc(-c2ccc(Cn3c(=O)n(CCN4CCOCC4)c4ccccc43)c(F)c2)nc1C,462.53,2.79,78.07,0,6,6,4,1,<rdkit.Chem.rdchem.Mol object at 0x000001CB2A42C3C0>,False,False
TRZ05271,Cc1nnc(C2(c3cccc(Br)c3)CC(F)(F)C2)nc1C,354.2,3.97,38.67,0,3,2,2,1,<rdkit.Chem.rdchem.Mol object at 0x000001CB2A42C430>,False,False
TRZ05272,Cc1nnc(-c2cc(=S)cc(C(F)(F)F)[nH]2)nc1C,286.28,3.23,54.46,1,4,1,2,1,<rdkit.Chem.rdchem.Mol object at 0x000001CB2A42C4A0>,False,False
TRZ05273,COc1ccc(-c2nnc(C)c(C)n2)c(OC(F)(F)F)c1,299.25,3.06,57.13,0,5,3,2,1,<rdkit.Chem.rdchem.Mol object at 0x000001CB2A42C510>,False,False
TRZ05274,Cc1nnc(-c2cn(C3CC3)nc2C(F)F)nc1C,265.27,2.62,56.49,0,4,3,2,1,<rdkit.Chem.rdchem.Mol object at 0x000001CB2A42C580>,False,False
TRZ05275,Cc1nnc(-c2ccc(Br)cc2OC(F)F)nc1C,330.13,3.52,47.9,0,4,3,2,1,<rdkit.Chem.rdchem.Mol object at 0x000001CB2A42C5F0>,False,False
TRZ05276,Cc1nnc(-c2ccc(Br)cc2OC(F)(F)F)nc1C,348.12,3.82,47.9,0,4,2,2,1,<rdkit.Chem.rdchem.Mol object at 0x000001CB2A42C660>,False,False
TRZ05277,Cc1nnc(-c2ccc(Cl)cc2OC(F)F)nc1C,285.68,3.41,47.9,0,4,3,2,1,<rdkit.Chem.rdchem.Mol object at 0x000001CB2A42C6D0>,False,False
TRZ05278,Cc1nnc(-c2cc(F)ccc2OC(F)(F)F)nc1C,287.22,3.19,47.9,0,4,2,2,1,<rdkit.Chem.rdchem.Mol object at 0x000001CB2A42C740>,False,False
TRZ05279,Cc1nnc(-c2cc(Cl)ccc2OC(F)(F)F)nc1C,303.67,3.71,47.9,0,4,2,2,1,<rdkit.Chem.rdchem.Mol object at 0x000001CB2A42C7B0>,False,False
TRZ05281,Cc1nnc(-c2ccccc2OC(F)(F)C(F)F)nc1C,301.24,3.39,47.9,0,4,4,2,1,<rdkit.Chem.rdchem.Mol object at 0x000001CB2A42C820>,False,False
TRZ05282,Cc1nnc([C@@]2(c3cccc(F)c3C)Cc3cnn(C(C)C)c3C2)nc1C,365.46,3.8,56.49,0,4,3,3,1,<rdkit.Chem.rdchem.Mol object at 0x000001CB2A42C890>,False,False
TRZ05283,Cc1nnc(Cc2c(F)cccc2Br)nc1C,296.14,2.98,38.67,0,3,2,2,1,<rdkit.Chem.rdchem.Mol object at 0x000001CB2A42C900>,False,False
TRZ05284,Cc1cc(F)c(C(=O)Nc2cccc(-c3nnc(C)c(C)n3)c2)cc1N(C=O)C1CC1,419.46,3.98,88.08,1,5,6,3,1,<rdkit.Chem.rdchem.Mol object at 0x000001CB2A42C970>,False,False
TRZ05285,Cc1cc(F)c(C(=O)Nc2cccc(-c3nnc(C)c(C)n3)c2)cc1NC(=O)C1CC1,419.46,4.2,96.87,2,5,5,3,1,<rdkit.Chem.rdchem.Mol object at 0x000001CB2A42C9E0>,False,False
TRZ05286,Cc1nnc(-c2nc(F)ccc2F)nc1C,222.2,1.83,51.56,0,4,1,2,1,<rdkit.Chem.rdchem.Mol object at 0x000001CB2A42CA50>,False,False
TRZ05287,Cc1nnc(-c2ccc(O)c(O)c2F)nc1C,235.22,1.71,79.13,2,5,1,2,1,<rdkit.Chem.rdchem.Mol object at 0x000001CB2A42CAC0>,False,False
TRZ05288,Cc1nnc(C2CC(C)CN(c3ccc(C(F)(F)F)c4ncccc34)C2)nc1C,401.44,4.69,54.8,0,5,2,3,1,<rdkit.Chem.rdchem.Mol object at 0x000001CB2A42CB30>,False,False
TRZ05289,Cc1nnc(C2C=CC=CC2(Nc2ccc(C(F)(F)F)cc2)C(=O)CC(=O)CCl)nc1C,464.88,4.33,84.84,1,6,7,2,1,<rdkit.Chem.rdchem.Mol object at 0x000001CB2A42CBA0>,False,False
TRZ05291,Cc1nnc(C2(F)CCCN(C(O)OCc3ccccc3)C2)nc1C,346.41,2.24,71.37,1,6,5,2,1,<rdkit.Chem.rdchem.Mol object at 0x000001CB2A42CC10>,False,False
TRZ05292,COC(=O)c1ccc(CC(=O)Oc2c(F)ccc(-c3nnc(C)c(C)n3)c2F)cc1,413.38,3.37,91.27,0,7,5,3,1,<rdkit.Chem.rdchem.Mol object at 0x000001CB2A42CC80>,False,False
TRZ05293,Cc1nnc(C2[C@H]3CC(NC(=O)COc4ccc(Cl)c(F)c4)C[C@@H]23)nc1C,390.85,2.97,77.0,1,5,5,2,1,<rdkit.Chem.rdchem.Mol object at 0x000001CB2A42CCF0>,False,False
TRZ05294,Cc1nnc(-c2cccc(Oc3ccc(NC(=O)O)c(F)c3)c2)nc1C,354.34,4.18,97.23,2,5,4,3,1,<rdkit.Chem.rdchem.Mol object at 0x000001CB2A42CD60>,False,False
TRZ05296,Cc1nnc(C(C)NC(=O)c2cc(Cl)cc(S(=O)(=O)C(F)(F)F)c2)nc1C,422.82,2.93,101.91,1,6,4,2,1,<rdkit.Chem.rdchem.Mol object at 0x000001CB2A42CDD0>,False,False
TRZ05297,COCOc1ccc(F)cc1C(c1nnc(C)c(C)n1)N1Cc2ccc(Br)cc2C1=O,487.33,4.12,77.44,0,6,6,3,1,<rdkit.Chem.rdchem.Mol object at 0x000001CB2A42CE40>,False,False
TRZ05299,Cc1nnc(-c2nccnc2Nc2ccc(C(F)(F)F)cc2)nc1C,346.32,3.71,76.48,1,6,3,3,1,<rdkit.Chem.rdchem.Mol object at 0x000001CB2A42CEB0>,False,False
TRZ05300,Cc1nnc(-c2cccnc2Nc2ccc(C(F)(F)F)cc2)nc1C,345.33,4.31,63.59,1,5,3,3,1,<rdkit.Chem.rdchem.Mol object at 0x000001CB2A42CF20>,False,False
TRZ05301,Cc1nnc(C2(C)CCCN(C(=O)c3ccccc3Nc3ccc(C(F)(F)F)cc3)C2=O)nc1C,483.49,4.97,88.08,1,6,4,3,1,<rdkit.Chem.rdchem.Mol object at 0x000001CB2A42CF90>,False,False
TRZ05302,Cc1nnc(CNc2nc(N3CCOCC3)nc3c(C(F)(F)F)cnn23)nc1C,409.38,1.39,106.25,1,9,4,3,1,<rdkit.Chem.rdchem.Mol object at 0x000001CB2A42D000>,False,False
TRZ05303,Cc1nnc(-c2cnc(NC3Cc4ccccc4C3)nc2C(F)(F)F)nc1C,386.38,3.54,76.48,1,6,3,3,1,<rdkit.Chem.rdchem.Mol object at 0x000001CB2A42D070>,False,False
TRZ05304,Cc1nnc(-c2ccc3c(F)c(N4CC(=O)NS4(=O)=O)c(OCc4ccccc4)cc3c2)nc1C,493.52,3.21,114.38,1,7,5,4,1,<rdkit.Chem.rdchem.Mol object at 0x000001CB2A42D0E0>,False,False
TRZ05305,Cc1nnc(-c2cnc(NC3(c4c(F)cccc4F)CC3)s2)nc1C,359.41,3.99,63.59,1,6,4,3,1,<rdkit.Chem.rdchem.Mol object at 0x000001CB2A42D150>,False,False
TRZ05306,Cc1nnc(-c2ccc3c(F)c(N4CC(=O)NS4=O)c(OCc4ccccc4)cc3c2)nc1C,477.52,3.54,97.31,1,6,5,4,1,<rdkit.Chem.rdchem.Mol object at 0x000001CB2A42D1C0>,False,False
TRZ05307,Cc1nnc(Cc2cc(F)c(F)cc2Cl)nc1C,269.68,3.01,38.67,0,3,2,2,1,<rdkit.Chem.rdchem.Mol object at 0x000001CB2A42D230>,False,False
TRZ05308,Cc1nnc(Cc2c(-c3ccncc3)cc(F)cc2C(C)C)nc1C,336.41,4.4,51.56,0,4,4,3,1,<rdkit.Chem.rdchem.Mol object at 0x000001CB2A42D2A0>,False,False
TRZ05309,COc1cc(-c2cc(F)cc(C(C)C)c2Cc2nnc(C)c(C)n2)ccn1,366.44,4.41,60.79,0,5,5,3,1,<rdkit.Chem.rdchem.Mol object at 0x000001CB2A42D310>,False,False
TRZ05310,Cc1nnc(Cc2c(C(C)C)cc(F)cc2C(C)C)nc1C,301.41,4.47,38.67,0,3,4,2,1,<rdkit.Chem.rdchem.Mol object at 0x000001CB2A42D380>,False,False
TRZ05311,Cc1nnc(-c2ccc(Cc3c(NS(C)(=O)=O)cccc3C(F)(F)F)nc2)nc1C,437.45,3.53,97.73,1,6,5,3,1,<rdkit.Chem.rdchem.Mol object at 0x000001CB2A42D3F0>,False,False
TRZ05312,CCCS(=O)(=O)Nc1ccc(Cc2ccc(-c3nnc(C)c(C)n3)cc2)c(N2CC[C@H](F)C2)c1,483.61,4.45,88.08,1,6,8,3,1,<rdkit.Chem.rdchem.Mol object at 0x000001CB2A42D460>,False,False
TRZ05313,Cc1nnc(-c2nc(Br)cnc2F)nc1C,284.09,1.85,64.45,0,5,1,2,1,<rdkit.Chem.rdchem.Mol object at 0x000001CB2A42D4D0>,False,False
TRZ05314,CNS(=O)N(CC=O)c1c(OCc2ccccc2)cc2cc(-c3nnc(C)c(C)n3)ccc2c1F,493.56,3.83,97.31,1,6,9,4,1,<rdkit.Chem.rdchem.Mol object at 0x000001CB2A42D540>,False,False
TRZ05315,Cc1nnc(Cc2ccc(C(F)F)cn2)nc1C,250.25,2.41,51.56,0,4,3,2,1,<rdkit.Chem.rdchem.Mol object at 0x000001CB2A42D5B0>,False,False
TRZ05316,COc1cnc(Cc2nnc(C)c(C)n2)c(F)c1,248.26,1.62,60.79,0,5,3,2,1,<rdkit.Chem.rdchem.Mol object at 0x000001CB2A42D620>,False,False
TRZ05317,Cc1nnc(Cc2ncccc2C(F)F)nc1C,250.25,2.41,51.56,0,4,3,2,1,<rdkit.Chem.rdchem.Mol object at 0x000001CB2A42D690>,False,False
TRZ05318,Cc1nnc(Cc2ncncc2F)nc1C,219.22,1.01,64.45,0,5,2,2,1,<rdkit.Chem.rdchem.Mol object at 0x000001CB2A42D700>,False,False
TRZ05319,Cc1nnc(Cc2ccc(F)cn2)nc1C,218.23,1.61,51.56,0,4,2,2,1,<rdkit.Chem.rdchem.Mol object at 0x000001CB2A42D770>,False,False
TRZ05320,Cc1nnc(Cc2ncc(F)cc2Cl)nc1C,252.68,2.27,51.56,0,4,2,2,1,<rdkit.Chem.rdchem.Mol object at 0x000001CB2A42D7E0>,False,False
TRZ05322,Cc1nnc(-c2ccc(F)cc2NC(=O)Nc2cccc(Cl)c2)nc1C,371.8,4.59,79.8,2,4,3,3,1,<rdkit.Chem.rdchem.Mol object at 0x000001CB2A42D850>,False,False
TRZ05324,Cc1nnc(-c2ccccc2NC(=O)Nc2cccc(F)c2)nc1C,337.36,3.94,79.8,2,4,3,3,1,<rdkit.Chem.rdchem.Mol object at 0x000001CB2A42D8C0>,False,False
TRZ05325,Cc1nnc(-c2ccc(Cl)cc2NC(=O)Nc2cccc(F)c2)nc1C,371.8,4.59,79.8,2,4,3,3,1,<rdkit.Chem.rdchem.Mol object at 0x000001CB2A42D930>,False,False
TRZ05326,Cc1nnc(-c2ccccc2NC(=O)Nc2cc(F)cc(Cl)c2)nc1C,371.8,4.59,79.8,2,4,3,3,1,<rdkit.Chem.rdchem.Mol object at 0x000001CB2A42D9A0>,False,False
TRZ05327,Cc1nnc(-c2ccc(Cl)cc2NC(=O)Nc2cc(F)cc(F)c2)nc1C,389.79,4.73,79.8,2,4,3,3,1,<rdkit.Chem.rdchem.Mol object at 0x000001CB2A42DA10>,False,False
TRZ05328,Cc1nnc(-c2ccc(F)cc2NC(=O)Nc2cccc(F)c2)nc1C,355.35,4.08,79.8,2,4,3,3,1,<rdkit.Chem.rdchem.Mol object at 0x000001CB2A42DA80>,False,False
TRZ05330,Cc1nnc(-c2ccc(Br)cc2NC(=O)Nc2cc(F)cc(F)c2)nc1C,434.24,4.84,79.8,2,4,3,3,1,<rdkit.Chem.rdchem.Mol object at 0x000001CB2A42DAF0>,False,False
TRZ05332,Cc1nnc(-c2ccc(F)cc2NC(=O)Nc2cc(F)cc(F)c2)nc1C,373.34,4.22,79.8,2,4,3,3,1,<rdkit.Chem.rdchem.Mol object at 0x000001CB2A42DB60>,False,False
TRZ05333,Cc1nnc(-c2ccc(OC(F)(F)F)cc2NC(=O)Nc2cccc(F)c2)nc1C,421.35,4.84,89.03,2,5,4,3,1,<rdkit.Chem.rdchem.Mol object at 0x000001CB2A42DBD0>,False,False
TRZ05336,Cc1nnc(-c2ccccc2NC(=O)Nc2cc(F)cc(F)c2)nc1C,355.35,4.08,79.8,2,4,3,3,1,<rdkit.Chem.rdchem.Mol object at 0x000001CB2A42DC40>,False,False
TRZ05339,COc1ccc(-c2nnc(C)c(C)n2)c(NC(=O)Nc2cc(F)cc(F)c2)c1,385.37,4.09,89.03,2,5,4,3,1,<rdkit.Chem.rdchem.Mol object at 0x000001CB2A42DCB0>,False,False
TRZ05340,COc1ccc(-c2nnc(C)c(C)n2)c(NC(=O)Nc2cccc(F)c2)c1,367.38,3.95,89.03,2,5,4,3,1,<rdkit.Chem.rdchem.Mol object at 0x000001CB2A42DD20>,False,False
TRZ05342,COc1ccc(-c2nnc(C)c(C)n2)c(NC(=O)Nc2cc(F)cc(Cl)c2)c1,401.83,4.6,89.03,2,5,4,3,1,<rdkit.Chem.rdchem.Mol object at 0x000001CB2A42DD90>,False,False
TRZ05343,Cc1nnc(-c2ccc(F)cc2NC(=O)Nc2cc(F)cc(Cl)c2)nc1C,389.79,4.73,79.8,2,4,3,3,1,<rdkit.Chem.rdchem.Mol object at 0x000001CB2A42DE00>,False,False
TRZ05344,Cc1nnc(-c2ccc(F)cc2NC(=O)Nc2cccc(Br)c2)nc1C,416.25,4.7,79.8,2,4,3,3,1,<rdkit.Chem.rdchem.Mol object at 0x000001CB2A42DE70>,False,False
TRZ05345,Cc1nnc(-c2ccc(Br)cc2NC(=O)Nc2cccc(F)c2)nc1C,416.25,4.7,79.8,2,4,3,3,1,<rdkit.Chem.rdchem.Mol object at 0x000001CB2A42DEE0>,False,False
TRZ05346,Cc1nnc(-c2cc(F)c[nH]2)nc1C,192.2,1.62,54.46,1,3,1,2,1,<rdkit.Chem.rdchem.Mol object at 0x000001CB2A42DF50>,False,False
TRZ05347,COCc1cc(OC(F)(F)F)ccc1-c1cnc(Cc2nnc(C)c(C)n2)cn1,405.38,3.58,82.91,0,7,6,3,1,<rdkit.Chem.rdchem.Mol object at 0x000001CB2A42DFC0>,False,False
TRZ05349,Cc1nnc(-c2csc(Oc3ccc(N)c(F)c3)n2)nc1C,317.35,3.13,86.81,1,7,3,3,1,<rdkit.Chem.rdchem.Mol object at 0x000001CB2A42E030>,False,False
TRZ05350,Cc1nnc(-c2cc3c(N)cccc3n2CC(F)(F)F)nc1C,321.31,3.25,69.62,1,4,2,3,1,<rdkit.Chem.rdchem.Mol object at 0x000001CB2A42E0A0>,False,False
TRZ05351,Cc1nnc(-c2cc3c(N[C@@H]4CCN(C)C[C@H]4F)cccc3n2CC(F)(F)F)nc1C,436.46,4.13,58.87,1,5,4,3,1,<rdkit.Chem.rdchem.Mol object at 0x000001CB2A42E110>,False,False
TRZ05352,Cc1nnc(-c2cc3c(N[C@H]4CCN(C)C[C@@H]4F)cccc3n2CC(F)(F)F)nc1C,436.46,4.13,58.87,1,5,4,3,1,<rdkit.Chem.rdchem.Mol object at 0x000001CB2A42E180>,False,False
TRZ05353,Cc1nnc(-c2cc3c(NC4CCN(C)CC4F)cccc3n2CC(F)(F)F)nc1C,436.46,4.13,58.87,1,5,4,3,1,<rdkit.Chem.rdchem.Mol object at 0x000001CB2A42E1F0>,False,False
TRZ05354,Cc1nnc(-c2cc3c(NC4CCN(C)CC4)cccc3n2CC(F)(F)F)nc1C,418.47,4.18,58.87,1,5,4,3,1,<rdkit.Chem.rdchem.Mol object at 0x000001CB2A42E260>,False,False
TRZ05355,Cc1nnc(-c2cc3c(Br)cccc3n2CC(F)(F)F)nc1C,385.19,4.43,43.6,0,3,2,3,1,<rdkit.Chem.rdchem.Mol object at 0x000001CB2A42E2D0>,False,False
TRZ05356,Cc1nnc(-c2ccccc2Cc2ccc(C(F)(F)F)cc2)nc1C,343.35,4.77,38.67,0,3,3,3,1,<rdkit.Chem.rdchem.Mol object at 0x000001CB2A42E340>,False,False
TRZ05357,CCCCOc1ccc(Cc2nnc(C)c(C)n2)c(F)c1,289.35,3.4,47.9,0,4,6,2,1,<rdkit.Chem.rdchem.Mol object at 0x000001CB2A42E3B0>,False,False
TRZ05360,Cc1nnc(-c2cnc(C(=O)C(F)F)nc2)nc1C,265.22,1.39,81.52,0,6,3,2,1,<rdkit.Chem.rdchem.Mol object at 0x000001CB2A42E420>,False,False
TRZ05361,CCNc1ccc(Oc2cccc(C(F)(F)F)c2)nc1-c1nnc(C)c(C)n1,389.38,4.79,72.82,1,6,5,3,1,<rdkit.Chem.rdchem.Mol object at 0x000001CB2A42E490>,False,False
TRZ05362,Cc1nnc(-c2cc(F)cc(C(F)(F)F)c2)nc1C,271.22,3.31,38.67,0,3,1,2,1,<rdkit.Chem.rdchem.Mol object at 0x000001CB2A42E500>,False,False
TRZ05366,Cc1nnc(-c2cnc(C(=O)C(F)(F)F)nc2)nc1C,283.21,1.69,81.52,0,6,2,2,1,<rdkit.Chem.rdchem.Mol object at 0x000001CB2A42E570>,False,False
TRZ05367,Cc1nnc(-c2cc(CN3CCN(C(C)(C)C)CC3)ccc2C(F)(F)F)nc1C,407.48,4.09,45.15,0,5,3,2,1,<rdkit.Chem.rdchem.Mol object at 0x000001CB2A42E5E0>,False,False
TRZ05369,Cc1nnc(-c2cc(C(F)(F)F)ccc2OC2CC2)nc1C,309.29,3.72,47.9,0,4,3,2,1,<rdkit.Chem.rdchem.Mol object at 0x000001CB2A42E650>,False,False
TRZ05370,Cc1nnc(-c2ccc(F)cc2-c2ccccc2)nc1C,279.32,3.96,38.67,0,3,2,3,1,<rdkit.Chem.rdchem.Mol object at 0x000001CB2A42E6C0>,False,False
TRZ05371,Cc1ccc(-c2nnc(C)c(C)n2)c(-c2ccc(F)cc2)c1,293.35,4.27,38.67,0,3,2,3,1,<rdkit.Chem.rdchem.Mol object at 0x000001CB2A42E730>,False,False
TRZ05372,Cc1nnc(-c2cc(F)ccc2-c2ccccc2)nc1C,279.32,3.96,38.67,0,3,2,3,1,<rdkit.Chem.rdchem.Mol object at 0x000001CB2A42E7A0>,False,False
TRZ05373,Cc1nnc(-c2cc(C(F)(F)F)ccc2-c2ccccc2)nc1C,329.33,4.84,38.67,0,3,2,3,1,<rdkit.Chem.rdchem.Mol object at 0x000001CB2A42E810>,False,False
TRZ05374,Cc1nnc(-c2nn(Cc3ccc(C(F)(F)F)cc3)c3ccccc23)nc1C,383.38,4.57,56.49,0,4,3,4,1,<rdkit.Chem.rdchem.Mol object at 0x000001CB2A42E880>,False,False
TRZ05375,Cc1nnc(-c2cnn(CC(F)(F)F)c2)nc1C,257.22,1.91,56.49,0,4,2,2,1,<rdkit.Chem.rdchem.Mol object at 0x000001CB2A42E8F0>,False,False
TRZ05376,Cc1nnc(-c2ccc(Cn3cc(C4CCN(CC(C)(C)F)CC4)nn3)nc2)nc1C,424.53,3.12,85.51,0,7,6,3,1,<rdkit.Chem.rdchem.Mol object at 0x000001CB2A42E960>,False,False
TRZ05378,CCC(F)(CC)CN1CCC(c2cn(Cc3ccc(-c4nnc(C)c(C)n4)cn3)nn2)CC1,452.58,3.9,85.51,0,7,8,3,1,<rdkit.Chem.rdchem.Mol object at 0x000001CB2A42E9D0>,False,False
TRZ05380,Cc1nnc(-c2cnc(N3CCC(F)(F)CC3)c(F)c2)nc1C,323.32,2.93,54.8,0,5,2,2,1,<rdkit.Chem.rdchem.Mol object at 0x000001CB2A42EA40>,False,False
TRZ05382,Cc1nnc(C2CCC(Oc3ccc(C(F)F)cn3)CC2)nc1C,334.37,3.93,60.79,0,5,4,2,1,<rdkit.Chem.rdchem.Mol object at 0x000001CB2A42EAB0>,False,False
TRZ05383,Cc1nnc(CCC2CCn3c(cnc3C3CC(F)(F)C3)C2)nc1C,347.41,3.39,56.49,0,4,4,2,1,<rdkit.Chem.rdchem.Mol object at 0x000001CB2A42EB20>,False,False
TRZ05384,Cc1nnc(-c2nc3cc(F)c(F)cc3s2)nc1C,278.29,3.04,51.56,0,5,1,3,1,<rdkit.Chem.rdchem.Mol object at 0x000001CB2A42EB90>,False,False
TRZ05385,Cc1nnc(-c2nc3cnc(F)cc3s2)nc1C,261.28,2.3,64.45,0,6,1,3,1,<rdkit.Chem.rdchem.Mol object at 0x000001CB2A42EC00>,False,False
TRZ05388,Cc1nnc(-c2nc(F)c(F)nc2-c2nnc(C)c(C)n2)nc1C,330.3,1.69,103.12,0,8,2,3,2,<rdkit.Chem.rdchem.Mol object at 0x000001CB2A42EC70>,False,False
TRZ05389,Cc1nnc(-c2ccc(C(N)CC(F)(F)F)cc2)nc1C,296.3,3.11,64.69,1,4,3,2,1,<rdkit.Chem.rdchem.Mol object at 0x000001CB2A42ECE0>,False,False
TRZ05391,C=CCCC(OCc1ccccc1)(c1nnc(C)c(C)n1)C(F)(F)F,351.37,4.43,47.9,0,4,7,2,1,<rdkit.Chem.rdchem.Mol object at 0x000001CB2A42ED50>,False,False
TRZ05392,Cc1nnc([C@H](CC(C)C)NC(=O)/C=C/c2ccc(Cl)cc2F)nc1C,376.86,4.2,67.77,1,4,6,2,1,<rdkit.Chem.rdchem.Mol object at 0x000001CB2A42EDC0>,False,False
TRZ05393,Cc1nnc(C(Cc2cc(F)cc(F)c2)NC(=O)OC(C)(C)C)nc1C,364.4,3.58,77.0,1,5,4,2,1,<rdkit.Chem.rdchem.Mol object at 0x000001CB2A42EE30>,False,False
TRZ05394,C=CCC[C@@H](C)Oc1nc(-c2nnc(C)c(C)n2)c([N+](=O)[O-])cc1C(F)(F)F,397.36,4.21,103.93,0,7,7,2,1,<rdkit.Chem.rdchem.Mol object at 0x000001CB2A42EEA0>,False,False
TRZ05395,C=CC[C@@](OCc1ccccc1)(c1nnc(C)c(C)n1)C(F)(F)F,337.34,4.04,47.9,0,4,6,2,1,<rdkit.Chem.rdchem.Mol object at 0x000001CB2A42EF10>,False,False
TRZ05396,C=CC(OC(C)(C)C)C(OCc1ccccc1)(c1nnc(C)c(C)n1)C(F)(F)F,409.45,4.83,57.13,0,5,7,2,1,<rdkit.Chem.rdchem.Mol object at 0x000001CB2A42EF80>,False,False
TRZ05397,C=CCC(OCc1ccccc1)(c1nnc(C)c(C)n1)C(F)(F)F,337.34,4.04,47.9,0,4,6,2,1,<rdkit.Chem.rdchem.Mol object at 0x000001CB2A42EFF0>,False,False
TRZ05399,Cc1nnc(-c2cnn(C3CC3)c2C(F)(F)F)nc1C,283.26,2.71,56.49,0,4,2,2,1,<rdkit.Chem.rdchem.Mol object at 0x000001CB2A42F060>,False,False
TRZ05400,Cc1nnc(-c2ccc(CN3C(=O)CN(c4ccccc4)C3=O)c(F)c2)nc1C,391.41,3.26,79.29,0,5,4,3,1,<rdkit.Chem.rdchem.Mol object at 0x000001CB2A42F0D0>,False,False
TRZ05401,Cc1nnc(-c2ccc(CN3C(=O)N(c4ccccc4)C(=O)C3(C)C)c(F)c2)nc1C,419.46,4.04,79.29,0,5,4,3,1,<rdkit.Chem.rdchem.Mol object at 0x000001CB2A42F140>,False,False
TRZ05403,COc1c(Cl)ccc(-c2cc(N)c(Cl)c(-c3nnc(C)c(C)n3)n2)c1F,394.24,4.25,86.81,1,6,3,3,1,<rdkit.Chem.rdchem.Mol object at 0x000001CB2A42F1B0>,False,False
TRZ05406,C=CCCC(C)(C)Nc1nc(-c2nnc(C)c(C)n2)c([N+](=O)[O-])cc1C(F)(F)F,410.4,4.63,106.73,1,7,7,2,1,<rdkit.Chem.rdchem.Mol object at 0x000001CB2A42F220>,False,False
TRZ05407,C=CC[C@](OCc1ccccc1)(c1nnc(C)c(C)n1)C(F)(F)F,337.34,4.04,47.9,0,4,6,2,1,<rdkit.Chem.rdchem.Mol object at 0x000001CB2A42F290>,False,False
TRZ05408,C=CCCN(C)c1nc(-c2nnc(C)c(C)n2)c([N+](=O)[O-])cc1C(F)(F)F,382.35,3.49,97.94,0,7,6,2,1,<rdkit.Chem.rdchem.Mol object at 0x000001CB2A42F300>,False,False
TRZ05410,C=IC(F)(c1ccc2ncccc2c1)c1nnc(C)c(C)n1,408.22,3.61,51.56,0,4,3,3,1,<rdkit.Chem.rdchem.Mol object at 0x000001CB2A42F370>,False,False
TRZ05412,Cc1nnc(-c2ccc(CN(c3ccccc3)C(O)N3CCCN(C)CC3)c(F)c2)nc1C,450.56,3.21,68.62,1,7,6,3,1,<rdkit.Chem.rdchem.Mol object at 0x000001CB2A42F3E0>,False,False
TRZ05413,Cc1nnc(-c2ccc(CN(c3ccc(F)cc3F)C(O)N3CCOCC3)nc2)nc1C,442.47,2.44,87.5,1,8,6,3,1,<rdkit.Chem.rdchem.Mol object at 0x000001CB2A42F450>,False,False
TRZ05417,Cc1nnc(C(=N)C(=O)/C=C\Nc2cccc(C(F)(F)F)c2)nc1C,349.32,3.07,91.62,2,6,5,2,1,<rdkit.Chem.rdchem.Mol object at 0x000001CB2A42F4C0>,False,False
TRZ05418,Cc1nnc(C2C=Cn3c(-c4cccc(NC(=O)NCC(F)(F)F)c4)cnc3C2)nc1C,443.43,3.85,97.62,2,5,4,3,1,<rdkit.Chem.rdchem.Mol object at 0x000001CB2A42F530>,False,False
TRZ05419,Cc1nnc(-c2cn3c4c(c(N5CCN(C)CC5)c(F)cc4c2=O)OCC32CC2)nc1C,436.49,2.24,76.38,0,7,2,3,1,<rdkit.Chem.rdchem.Mol object at 0x000001CB2A42F5A0>,False,False
TRZ05421,CCn1cc(-c2nnc(C)c(C)n2)c(=O)c2cc(F)c(N3CCNCC3)nc21,383.43,1.43,88.83,1,7,3,3,1,<rdkit.Chem.rdchem.Mol object at 0x000001CB2A42F610>,False,False
TRZ05422,Cc1nnc(-c2ccc(O[C@@H](C)C(C)F)cc2)nc1C,275.33,3.28,47.9,0,4,4,2,1,<rdkit.Chem.rdchem.Mol object at 0x000001CB2A42F680>,False,False
TRZ05424,C=C/C=C(\C[C@H](F)c1nnc(C)c(C)n1)CN(C(=O)N1CCS(=O)(=O)CC1)c1ccccc1,473.57,3.36,96.36,0,6,7,2,1,<rdkit.Chem.rdchem.Mol object at 0x000001CB2A42F6F0>,False,False
TRZ05427,Cc1cccc(N(Cc2ccc(-c3nnc(C)c(C)n3)cc2F)C(=O)c2ccncc2)c1,427.48,4.84,71.87,0,5,5,4,1,<rdkit.Chem.rdchem.Mol object at 0x000001CB2A42F760>,False,False
TRZ05429,Cc1nnc(-c2ccn3c(-c4cccc(NCC(=O)NCC(F)(F)F)c4)cnc3c2)nc1C,455.44,3.56,97.1,2,6,6,4,1,<rdkit.Chem.rdchem.Mol object at 0x000001CB2A42F7D0>,False,False
TRZ05430,Cc1nnc(-c2ccc(-n3cccn3)c(COc3cc4cc(F)ccc4nc3N)c2)nc1C,441.47,4.19,104.63,1,7,5,5,1,<rdkit.Chem.rdchem.Mol object at 0x000001CB2A42F840>,False,False
TRZ05431,Cc1cccc(F)c1C(O)c1nnc(C)c(C)n1,247.27,2.02,58.9,1,4,2,2,1,<rdkit.Chem.rdchem.Mol object at 0x000001CB2A42F8B0>,False,False
TRZ05433,Cc1nnc(-c2cn(C)nc2CF)nc1C,221.24,1.36,56.49,0,4,2,2,1,<rdkit.Chem.rdchem.Mol object at 0x000001CB2A42F920>,False,False
TRZ05434,Cc1nnc(-c2ccc(CN(CC34CC5CC(CC3C5)C4)C(=O)N3CCOCC3)c(F)c2)nc1C,479.6,4.38,71.45,0,5,5,2,1,<rdkit.Chem.rdchem.Mol object at 0x000001CB2A42F990>,False,False
TRZ05435,Cc1nnc(Cc2ccc(-c3nnc(C(F)F)o3)cc2)nc1C,317.3,3.07,77.59,0,6,4,3,1,<rdkit.Chem.rdchem.Mol object at 0x000001CB2A42FA00>,False,False
TRZ05436,Cc1nnc(-c2ccc(F)cc2NS(=O)(=O)C2C=CC(C(C)(C)C)=CC2)nc1C,416.52,4.34,84.84,1,5,4,2,1,<rdkit.Chem.rdchem.Mol object at 0x000001CB2A42FA70>,False,False
TRZ05437,Cc1nnc(CN(c2ccc(C(F)(F)F)cc2)S(C)(=O)=O)nc1C,360.36,2.47,76.05,0,5,4,2,1,<rdkit.Chem.rdchem.Mol object at 0x000001CB2A42FAE0>,False,False
TRZ05439,COc1cc2cc(-c3nnc(C)c(C)n3)n(C)c2c(F)c1Cl,320.75,3.45,52.83,0,4,2,3,1,<rdkit.Chem.rdchem.Mol object at 0x000001CB2A42FB50>,False,False
TRZ05440,CCC(c1nnc(C)c(C)n1)C1(c2cccc([N+](=O)[O-])c2)CC(F)C1,344.39,3.96,81.81,0,5,5,2,1,<rdkit.Chem.rdchem.Mol object at 0x000001CB2A42FBC0>,False,False
TRZ05441,Cc1nnc(CC2(c3cccc([N+](=O)[O-])c3)CC(F)(F)C2)nc1C,334.33,3.31,81.81,0,5,4,2,1,<rdkit.Chem.rdchem.Mol object at 0x000001CB2A42FC30>,False,False
TRZ05442,Cc1nnc(-c2cc(Oc3ccc(NC(=O)OC(C)(C)C)c(F)c3)ccn2)nc1C,411.44,4.83,99.12,1,7,4,3,1,<rdkit.Chem.rdchem.Mol object at 0x000001CB2A42FCA0>,False,False
TRZ05444,Cc1nnc(Cn2c(C)c(-c3ccc(Cl)cc3)n(C[C@H](O)C(F)(F)F)c2=O)nc1C,441.84,3.05,85.83,1,5,5,3,1,<rdkit.Chem.rdchem.Mol object at 0x000001CB2A42FD10>,False,False
TRZ05445,Cc1nnc(Cn2cc(-c3ccc(Cl)cc3)n(C[C@H](O)C(F)(F)F)c2=O)nc1C,427.81,2.74,85.83,1,5,5,3,1,<rdkit.Chem.rdchem.Mol object at 0x000001CB2A42FD80>,False,False
TRZ05446,Cc1nnc(Cn2c(Cl)c(-c3ccc(Cl)cc3)n(C[C@H](O)C(F)(F)F)c2=O)nc1C,462.26,3.4,85.83,1,5,5,3,1,<rdkit.Chem.rdchem.Mol object at 0x000001CB2A42FDF0>,False,False
TRZ05447,CCc1c(F)cc(F)cc1OC(C)C(=O)N(Cc1nnc(C)c(C)n1)Cc1ccc(C#N)cc1F,483.49,4.34,92.0,0,6,8,3,1,<rdkit.Chem.rdchem.Mol object at 0x000001CB2A42FE60>,False,False
TRZ05448,Cc1nnc(CN(Cc2ccc(C#N)nc2)C(=O)COc2cc(F)cc(F)c2Cl)nc1C,458.86,3.29,104.89,0,7,7,3,1,<rdkit.Chem.rdchem.Mol object at 0x000001CB2A42FED0>,False,False
TRZ05449,Cc1nnc(-c2cc(OC3CCCC3)ccc2C(F)(F)F)nc1C,337.34,4.5,47.9,0,4,3,2,1,<rdkit.Chem.rdchem.Mol object at 0x000001CB2A42FF40>,False,False
TRZ05450,Cc1nnc(-c2cnc3c(c2)C(N2C[C@@H](F)C[C@@H]2c2cc(F)ccc2F)=NC3)nc1C,424.43,3.87,67.16,0,6,2,3,1,<rdkit.Chem.rdchem.Mol object at 0x000001CB2A430040>,False,False
TRZ05452,Cc1nnc(-c2ccc(Oc3ccc(F)c(F)c3)cc2[N+](=O)[O-])nc1C,358.3,4.13,91.04,0,6,4,3,1,<rdkit.Chem.rdchem.Mol object at 0x000001CB2A4300B0>,False,False
TRZ05453,Cc1nnc(-c2ccc(Oc3ccc(C(F)(F)F)cc3)cc2[N+](=O)[O-])nc1C,390.32,4.87,91.04,0,6,4,3,1,<rdkit.Chem.rdchem.Mol object at 0x000001CB2A430120>,False,False
TRZ05454,Cc1nnc(-c2ccc(Oc3cccc(C(F)(F)F)c3)cc2[N+](=O)[O-])nc1C,390.32,4.87,91.04,0,6,4,3,1,<rdkit.Chem.rdchem.Mol object at 0x000001CB2A430190>,False,False
TRZ05455,Cc1nnc(C(c2cc(F)cc([N+](=O)[O-])c2)C2COC2)nc1C,318.31,2.31,91.04,0,6,4,2,1,<rdkit.Chem.rdchem.Mol object at 0x000001CB2A430200>,False,False
TRZ05456,Cc1nnc(-c2ccnc(N3C[C@@H]4C(COc5cccnc5C(F)(F)F)[C@@H]4C3)n2)nc1C,443.43,3.12,89.81,0,8,5,3,1,<rdkit.Chem.rdchem.Mol object at 0x000001CB2A430270>,False,False
TRZ05457,Cc1nnc(-c2cnc(C(=O)N3C[C@@H]4C(COc5cccc(C(F)(F)F)n5)[C@@H]4C3)cn2)nc1C,471.44,2.76,106.88,0,8,5,3,1,<rdkit.Chem.rdchem.Mol object at 0x000001CB2A4302E0>,False,False
TRZ05458,Cc1nnc(-c2ccc3c(c2)N(Cc2c(F)cccc2Cl)C(=O)CS3)nc1C,414.89,4.59,58.98,0,5,3,3,1,<rdkit.Chem.rdchem.Mol object at 0x000001CB2A430350>,False,False
TRZ05459,Cc1nnc(-c2[nH]ccc2F)nc1C,192.2,1.62,54.46,1,3,1,2,1,<rdkit.Chem.rdchem.Mol object at 0x000001CB2A4303C0>,False,False
TRZ05460,Cc1nnc(CN2CCOc3c(Cl)cc(-n4ccc5cc(F)ccc54)cc3C2)nc1C,437.91,4.62,56.07,0,5,3,4,1,<rdkit.Chem.rdchem.Mol object at 0x000001CB2A430430>,False,False
TRZ05461,Cc1cc(F)c(F)c2c1N/C(=C/c1nnc(C)c(C)n1)C(C)(C)N2,331.37,3.73,62.73,2,5,1,2,1,<rdkit.Chem.rdchem.Mol object at 0x000001CB2A4304A0>,False,False
TRZ05462,Cc1cc(F)c(F)c2c1NC(=Cc1nnc(C)c(C)n1)C(C)(C)N2,331.37,3.73,62.73,2,5,1,2,1,<rdkit.Chem.rdchem.Mol object at 0x000001CB2A430510>,False,False
TRZ05465,Cc1nnc(-c2ccc(C(F)(F)F)c(NCCCCNC(=O)O)c2)nc1C,383.37,3.63,100.03,3,5,7,2,1,<rdkit.Chem.rdchem.Mol object at 0x000001CB2A430580>,False,False
TRZ05467,Cc1nnc(-c2cc(F)c3c(c2)N([C@@H](C)[C@H]2CCN(C(=O)O)C[C@H]2C)CCC3=O)nc1C,441.51,3.71,99.52,1,6,3,2,1,<rdkit.Chem.rdchem.Mol object at 0x000001CB2A4305F0>,False,False
TRZ05468,Cc1nnc(-c2cc(F)c3c(c2)N(C(C)[C@H]2CCN(C(=O)O)C[C@H]2C)CCC3=O)nc1C,441.51,3.71,99.52,1,6,3,2,1,<rdkit.Chem.rdchem.Mol object at 0x000001CB2A430660>,False,False
TRZ05469,Cc1nnc(-c2ccc(C(F)(F)F)c(NC3CCC(CNC(=O)O)CC3)c2)nc1C,423.44,4.41,100.03,3,5,5,2,1,<rdkit.Chem.rdchem.Mol object at 0x000001CB2A4306D0>,False,False
TRZ05472,CO/N=C1\CCN(C(C)[C@H]2CCN(C(=O)O)C[C@H]2C)c2cc(-c3nnc(C)c(C)n3)cc(F)c21,470.55,3.88,104.04,1,7,4,2,1,<rdkit.Chem.rdchem.Mol object at 0x000001CB2A430740>,False,False
TRZ05473,Cc1nnc(-c2ccc(C(F)(F)F)c(NC3CCC(CCNC(=O)O)CC3)c2)nc1C,437.47,4.8,100.03,3,5,6,2,1,<rdkit.Chem.rdchem.Mol object at 0x000001CB2A4307B0>,False,False
TRZ05474,Cc1nnc(-c2cc(F)c(C(F)(F)F)c(N[C@@H](C)[C@H]3CCN(C(=O)O)C[C@H]3F)c2)nc1C,459.42,4.45,91.24,2,5,4,2,1,<rdkit.Chem.rdchem.Mol object at 0x000001CB2A430820>,False,False
TRZ05475,Cc1nnc(-c2cc(F)c(C(F)(F)F)c(NC(C)[C@H]3CCN(C(=O)O)C[C@H]3F)c2)nc1C,459.42,4.45,91.24,2,5,4,2,1,<rdkit.Chem.rdchem.Mol object at 0x000001CB2A430890>,False,False
TRZ05476,Cc1nnc(-c2ccc(C(F)(F)F)c(/C=C/C3OCC(NC(=O)O)CO3)c2)nc1C,424.38,3.2,106.46,2,6,4,2,1,<rdkit.Chem.rdchem.Mol object at 0x000001CB2A430900>,False,False
TRZ05478,Cc1nnc(-c2cc(F)c3c(c2)N([C@@H](C)C2CCC(NC(=O)O)CC2)CC(C)O3)nc1C,443.52,4.1,100.47,2,6,4,2,1,<rdkit.Chem.rdchem.Mol object at 0x000001CB2A430970>,False,False
TRZ05479,Cc1nnc(-c2ccc(OC(F)(F)F)cc2NC(=O)Nc2cc(F)cc(F)c2)nc1C,439.34,4.98,89.03,2,5,4,3,1,<rdkit.Chem.rdchem.Mol object at 0x000001CB2A4309E0>,False,False
TRZ05481,Cc1nnc(-c2ccc(OC(F)(F)F)cc2NC(N)=O)nc1C,327.27,2.54,103.02,2,5,3,2,1,<rdkit.Chem.rdchem.Mol object at 0x000001CB2A430A50>,False,False
TRZ05482,Cc1nnc([C@@H]2CC[C@@H](NC(=O)COc3ccc(C(F)(F)F)cc3)CO2)nc1C,410.4,2.92,86.23,1,6,5,2,1,<rdkit.Chem.rdchem.Mol object at 0x000001CB2A430AC0>,False,False
TRZ05483,Cc1nnc(-c2cc(C3CC3(F)F)[nH]n2)nc1C,251.24,2.0,67.35,1,4,2,2,1,<rdkit.Chem.rdchem.Mol object at 0x000001CB2A430B30>,False,False
TRZ05484,Cc1nnc(-c2cnc3[nH]nc(N4CC[C@H](F)C4)c3c2)nc1C,313.34,1.97,83.48,1,6,2,3,1,<rdkit.Chem.rdchem.Mol object at 0x000001CB2A430BA0>,False,False
TRZ05485,Cc1nnc(-c2cnn3ccc(N4CCCC4c4cc(F)ccc4F)nc23)nc1C,407.43,3.82,72.1,0,6,3,4,1,<rdkit.Chem.rdchem.Mol object at 0x000001CB2A430C10>,False,False
TRZ05487,CCc1cc(C(F)(F)F)cnc1-c1nnc(C)c(C)n1,282.27,3.13,51.56,0,4,2,2,1,<rdkit.Chem.rdchem.Mol object at 0x000001CB2A430C80>,False,False
TRZ05488,Cc1nnc(-c2nc(C(F)(F)F)sc2N(C)CCOCC=O)nc1C,375.38,2.28,81.1,0,8,7,2,1,<rdkit.Chem.rdchem.Mol object at 0x000001CB2A430CF0>,False,False
TRZ05489,Cc1nnc(-c2c(F)ccc3[nH]c(=O)ccc23)nc1C,270.27,2.14,71.53,1,4,1,3,1,<rdkit.Chem.rdchem.Mol object at 0x000001CB2A430D60>,False,False
TRZ05490,Cc1nnc(-c2cc3[nH]c(=O)ccc3cc2F)nc1C,270.27,2.14,71.53,1,4,1,3,1,<rdkit.Chem.rdchem.Mol object at 0x000001CB2A430DD0>,False,False
TRZ05491,Cc1nnc(-c2nc(N3CCN(C(=O)OC(C)(C)C)CC3)ncc2F)nc1C,389.44,2.14,97.23,0,8,2,2,1,<rdkit.Chem.rdchem.Mol object at 0x000001CB2A430E40>,False,False
TRZ05492,CCOc1ccc(-c2cncc(-c3nnc(C)c(C)n3)n2)c(C(F)(F)F)c1,375.35,4.03,73.68,0,6,4,3,1,<rdkit.Chem.rdchem.Mol object at 0x000001CB2A430EB0>,False,False
TRZ05493,Cc1nnc(-c2cncc(-c3ccc(C(F)F)cc3)n2)nc1C,313.31,3.55,64.45,0,5,3,3,1,<rdkit.Chem.rdchem.Mol object at 0x000001CB2A430F20>,False,False
TRZ05494,Cc1nnc(-c2cncc(N3CCC(F)(F)C(C)C3)n2)nc1C,320.35,2.43,67.69,0,6,2,2,1,<rdkit.Chem.rdchem.Mol object at 0x000001CB2A430F90>,False,False
TRZ05495,COc1ccc(-c2cncc(-c3nnc(C)c(C)n3)n2)c(F)c1,311.32,2.76,73.68,0,6,3,3,1,<rdkit.Chem.rdchem.Mol object at 0x000001CB2A431000>,False,False
TRZ05496,Cc1nnc(-c2cncc(-c3cccc(F)c3)n2)nc1C,281.29,2.75,64.45,0,5,2,3,1,<rdkit.Chem.rdchem.Mol object at 0x000001CB2A431070>,False,False
TRZ05497,CCOc1ccc(-c2cncc(-c3nnc(C)c(C)n3)n2)c(F)c1,325.35,3.15,73.68,0,6,4,3,1,<rdkit.Chem.rdchem.Mol object at 0x000001CB2A4310E0>,False,False
TRZ05498,COc1ccc(-c2cncc(-c3nnc(C)c(C)n3)n2)c(OC(F)(F)F)c1,377.33,3.52,82.91,0,7,4,3,1,<rdkit.Chem.rdchem.Mol object at 0x000001CB2A431150>,False,False
TRZ05499,CCOc1ccc(-c2nc(-c3nnc(C)c(C)n3)cnc2C(F)(F)F)cc1,375.35,4.03,73.68,0,6,4,3,1,<rdkit.Chem.rdchem.Mol object at 0x000001CB2A4311C0>,False,False
TRZ05500,Cc1nnc(-c2cncc(N3CCC(F)(F)CC3)n2)nc1C,306.32,2.18,67.69,0,6,2,2,1,<rdkit.Chem.rdchem.Mol object at 0x000001CB2A431230>,False,False
TRZ05501,Cc1nnc(-c2cncc(-c3ccccc3F)n2)nc1C,281.29,2.75,64.45,0,5,2,3,1,<rdkit.Chem.rdchem.Mol object at 0x000001CB2A4312A0>,False,False
TRZ05502,Cc1nnc(-c2cncc(N3CCCC(F)(F)CC3)n2)nc1C,320.35,2.57,67.69,0,6,2,2,1,<rdkit.Chem.rdchem.Mol object at 0x000001CB2A431310>,False,False
TRZ05503,COc1ccc(-c2cncc(-c3nnc(C)c(C)n3)n2)c(C(F)(F)F)c1,361.33,3.64,73.68,0,6,3,3,1,<rdkit.Chem.rdchem.Mol object at 0x000001CB2A431380>,False,False
TRZ05504,Cc1nnc(-c2nccc(-c3ccc(OC(F)(F)F)cc3)n2)nc1C,347.3,3.51,73.68,0,6,3,3,1,<rdkit.Chem.rdchem.Mol object at 0x000001CB2A4313F0>,False,False
TRZ05505,Cc1nnc(-c2cncc(-c3ccc(OC(F)(F)F)cc3)c2)nc1C,346.31,4.12,60.79,0,5,3,3,1,<rdkit.Chem.rdchem.Mol object at 0x000001CB2A431460>,False,False
TRZ05506,Cc1nnc(-c2cc(-c3ccc(OC(F)(F)F)cc3)ccn2)nc1C,346.31,4.12,60.79,0,5,3,3,1,<rdkit.Chem.rdchem.Mol object at 0x000001CB2A4314D0>,False,False
TRZ05507,Cc1nnc(-c2ccnc(-c3ccc(OC(F)(F)F)cc3)n2)nc1C,347.3,3.51,73.68,0,6,3,3,1,<rdkit.Chem.rdchem.Mol object at 0x000001CB2A431540>,False,False
TRZ05508,CCOc1ccc(-c2cc(C(F)(F)F)cc(-c3nnc(C)c(C)n3)n2)cc1,374.37,4.63,60.79,0,5,4,3,1,<rdkit.Chem.rdchem.Mol object at 0x000001CB2A4315B0>,False,False
TRZ05509,CCOc1ccc(-c2cc(F)cc(-c3nnc(C)c(C)n3)n2)cc1,324.36,3.76,60.79,0,5,4,3,1,<rdkit.Chem.rdchem.Mol object at 0x000001CB2A431620>,False,False
TRZ05510,Cc1nnc(-c2cccc(-c3ccc(OC(F)(F)F)cc3)n2)nc1C,346.31,4.12,60.79,0,5,3,3,1,<rdkit.Chem.rdchem.Mol object at 0x000001CB2A431690>,False,False
TRZ05511,Cc1nnc(-c2ccnc(-c3ccc(OC(F)(F)F)cc3)c2)nc1C,346.31,4.12,60.79,0,5,3,3,1,<rdkit.Chem.rdchem.Mol object at 0x000001CB2A431700>,False,False
TRZ05512,Cc1nnc(C(C)c2cccc(Br)c2F)nc1C,310.17,3.54,38.67,0,3,2,2,1,<rdkit.Chem.rdchem.Mol object at 0x000001CB2A431770>,False,False
TRZ05514,Cc1nnc(-c2cc(-c3cncc(F)c3)cc(C(F)F)n2)nc1C,331.3,3.69,64.45,0,5,3,3,1,<rdkit.Chem.rdchem.Mol object at 0x000001CB2A4317E0>,False,False
TRZ05515,Cc1ccncc1-c1cc(-c2nnc(C)c(C)n2)nc(C)c1F,309.35,3.37,64.45,0,5,2,3,1,<rdkit.Chem.rdchem.Mol object at 0x000001CB2A431850>,False,False
TRZ05516,Cc1nnc(-c2cc(-c3cncc(F)c3)c(F)c(C)n2)nc1C,313.31,3.2,64.45,0,5,2,3,1,<rdkit.Chem.rdchem.Mol object at 0x000001CB2A4318C0>,False,False
TRZ05517,Cc1ccc(F)c(C(C)C(c2nnc(C)c(C)n2)N2CCc3cc(Cl)ccc3S2(=O)=O)c1C,489.02,4.99,76.05,0,5,4,3,1,<rdkit.Chem.rdchem.Mol object at 0x000001CB2A431930>,False,False
TRZ05519,Cc1ccc(F)c(C(C)[C@@H](c2nnc(C)c(C)n2)N2CCc3ccc(Cl)cc3S2(=O)=O)c1C,489.02,4.99,76.05,0,5,4,3,1,<rdkit.Chem.rdchem.Mol object at 0x000001CB2A4319A0>,False,False
TRZ05520,Cc1nnc(-c2ccc(C(CC(F)(F)F)N=[N+]=[N-])cc2)nc1C,322.29,4.46,87.43,0,4,4,2,1,<rdkit.Chem.rdchem.Mol object at 0x000001CB2A431A10>,False,False
TRZ05521,Cc1nnc(CN2CCC(c3cccc(OCc4ccc(Cl)cc4F)n3)CC2)nc1C,441.94,4.63,64.03,0,6,6,3,1,<rdkit.Chem.rdchem.Mol object at 0x000001CB2A431A80>,False,False
TRZ05523,Cc1nnc(-c2nn(C)c3cccc(Nc4ccc(C(F)(F)F)cc4)c23)nc1C,398.39,4.8,68.52,1,5,3,4,1,<rdkit.Chem.rdchem.Mol object at 0x000001CB2A431AF0>,False,False
TRZ05524,Cc1nnc(-c2cn(C(F)(F)F)nc2Nc2ccc(C(F)(F)F)cc2)nc1C,402.3,4.59,68.52,1,5,3,3,1,<rdkit.Chem.rdchem.Mol object at 0x000001CB2A431B60>,False,False
TRZ05525,Cc1nnc(-c2nn(C)c(F)c2Nc2ccc(C(F)(F)F)cc2)nc1C,366.32,3.79,68.52,1,5,3,3,1,<rdkit.Chem.rdchem.Mol object at 0x000001CB2A431BD0>,False,False
TRZ05526,Cc1nnc(-c2c(Nc3ccc(C(F)(F)F)cc3)nn3ccccc23)nc1C,384.37,4.57,68.0,1,5,3,4,1,<rdkit.Chem.rdchem.Mol object at 0x000001CB2A431C40>,False,False
TRZ05527,Cc1nnc(-c2cn(C)nc2Nc2ccc(C(F)(F)F)cc2)nc1C,348.33,3.65,68.52,1,5,3,3,1,<rdkit.Chem.rdchem.Mol object at 0x000001CB2A431CB0>,False,False
TRZ05528,Cc1nnc(-c2nn3c(c2Nc2ccc(C(F)(F)F)cc2)CCC3)nc1C,374.37,4.06,68.52,1,5,3,3,1,<rdkit.Chem.rdchem.Mol object at 0x000001CB2A431D20>,False,False
TRZ05529,Cc1nnc(-c2c(Nc3ccc(C(F)(F)F)cc3)ccn(C)c2=O)nc1C,375.35,3.62,72.7,1,5,3,3,1,<rdkit.Chem.rdchem.Mol object at 0x000001CB2A431D90>,False,False
TRZ05530,Cc1nnc(-c2c(Nc3ccc(C(F)(F)F)cc3)nn3c2CCC3)nc1C,374.37,4.06,68.52,1,5,3,3,1,<rdkit.Chem.rdchem.Mol object at 0x000001CB2A431E00>,False,False
TRZ05531,Cc1nnc(-c2ncccc2Nc2ccc(C(F)(F)F)cc2)nc1C,345.33,4.31,63.59,1,5,3,3,1,<rdkit.Chem.rdchem.Mol object at 0x000001CB2A431E70>,False,False
TRZ05532,Cc1nnc(-c2c(-c3ccccc3F)ccnc2Cl)nc1C,314.75,4.01,51.56,0,4,2,3,1,<rdkit.Chem.rdchem.Mol object at 0x000001CB2A431EE0>,False,False
TRZ05533,Cc1nnc(-c2ccc(C3(C(F)(F)F)N=N3)cc2)nc1C,293.25,3.34,63.39,0,5,2,2,1,<rdkit.Chem.rdchem.Mol object at 0x000001CB2A431F50>,False,False
TRZ05534,Cc1nnc(-c2ccc(OC(F)(F)F)cc2F)nc1C,287.22,3.19,47.9,0,4,2,2,1,<rdkit.Chem.rdchem.Mol object at 0x000001CB2A431FC0>,False,False
TRZ05535,Cc1nc(N2CC3(CCN(c4nccc(-c5nnc(C)c(C)n5)n4)C3)C2)cc(C(F)(F)F)n1,457.46,2.78,96.71,0,9,3,3,1,<rdkit.Chem.rdchem.Mol object at 0x000001CB2A432030>,False,False
TRZ05536,Cc1nnc(-c2ccnc(N3CCC4(CN(c5ccnc(C(F)(F)F)c5)C4)C3)n2)nc1C,442.45,3.08,83.82,0,8,3,3,1,<rdkit.Chem.rdchem.Mol object at 0x000001CB2A4320A0>,False,False
TRZ05538,Cc1nnc(-c2c(F)cnn2C)nc1C,207.21,1.03,56.49,0,4,1,2,1,<rdkit.Chem.rdchem.Mol object at 0x000001CB2A432110>,False,False
TRZ05539,C=CCC[C@@](Cc1ccccc1)(c1nnc(C)c(C)n1)C(F)(F)F,335.37,4.5,38.67,0,3,6,2,1,<rdkit.Chem.rdchem.Mol object at 0x000001CB2A432180>,False,False
TRZ05540,Cc1nnc(-c2cc3cc(F)ccc3o2)nc1C,243.24,3.04,51.81,0,4,1,3,1,<rdkit.Chem.rdchem.Mol object at 0x000001CB2A4321F0>,False,False
TRZ05541,Cc1nnc(-c2nccnc2Nc2ccc(OC(F)(F)Cl)cc2)nc1C,378.77,3.86,85.71,1,7,5,3,1,<rdkit.Chem.rdchem.Mol object at 0x000001CB2A432260>,False,False
TRZ05542,Cc1nnc(-c2cccnc2Nc2ccc(OC(F)(F)Cl)cc2)nc1C,377.78,4.46,72.82,1,6,5,3,1,<rdkit.Chem.rdchem.Mol object at 0x000001CB2A4322D0>,False,False
TRZ05545,Cc1cc(C(=O)c2ccc(F)cc2)c(-c2nnc(C)c(C)n2)nc1C,336.37,3.54,68.63,0,5,3,3,1,<rdkit.Chem.rdchem.Mol object at 0x000001CB2A432340>,False,False
TRZ05546,Cc1nnc(-c2ccncc2C(F)(F)F)nc1C,254.21,2.57,51.56,0,4,1,2,1,<rdkit.Chem.rdchem.Mol object at 0x000001CB2A4323B0>,False,False
TRZ05547,Cc1nnc(-c2cc(OC(F)(F)F)ccc2Br)nc1C,348.12,3.82,47.9,0,4,2,2,1,<rdkit.Chem.rdchem.Mol object at 0x000001CB2A432420>,False,False
TRZ05548,Cc1nnc(-c2cc(OC(F)(F)F)ccc2C2CC2)nc1C,309.29,3.93,47.9,0,4,3,2,1,<rdkit.Chem.rdchem.Mol object at 0x000001CB2A432490>,False,False
TRZ05549,Cc1nnc(-c2cc(OC(F)(F)F)ccc2Cl)nc1C,303.67,3.71,47.9,0,4,2,2,1,<rdkit.Chem.rdchem.Mol object at 0x000001CB2A432500>,False,False
TRZ05550,Cc1nnc(-c2cc(-c3ccc(F)cc3)ncc2CNC(=O)OC(C)(C)C)nc1C,409.47,4.38,89.89,1,6,4,3,1,<rdkit.Chem.rdchem.Mol object at 0x000001CB2A432570>,False,False
TRZ05551,Cc1nnc(/C(=C/n2cnc(-c3cc(C4CC4)nc(C(F)(F)F)c3)n2)c2cncnc2)nc1C,465.44,3.87,108.05,0,8,5,4,1,<rdkit.Chem.rdchem.Mol object at 0x000001CB2A4325E0>,False,False
TRZ05552,Cc1nnc(/C(=C/n2cnc(-c3cc(C(F)(F)F)cc(C(F)(F)F)c3)n2)c2cncnc2)nc1C,492.39,4.62,95.16,0,7,4,4,1,<rdkit.Chem.rdchem.Mol object at 0x000001CB2A432650>,False,False
TRZ05553,Cc1nnc(/C(=C/n2cnc(-c3cc(C(F)(F)F)nc(C(F)(F)F)c3)n2)c2cncnc2)nc1C,493.38,4.02,108.05,0,8,4,4,1,<rdkit.Chem.rdchem.Mol object at 0x000001CB2A4326C0>,False,False
TRZ05554,Cc1nnc(CNC2c3ncc(C(F)(F)F)n3N=C(N3CCOCC3)N2C)nc1C,425.42,0.89,96.59,1,9,3,2,1,<rdkit.Chem.rdchem.Mol object at 0x000001CB2A432730>,False,False
TRZ05555,Cc1nnc(CNc2nc(N3CCOCC3)nn3c(C(F)(F)F)cnc23)nc1C,409.38,1.39,106.25,1,9,4,3,1,<rdkit.Chem.rdchem.Mol object at 0x000001CB2A4327A0>,False,False
TRZ05556,Cc1nnc(-c2cc(OC3CCC(F)(F)CC3)cc([N+](=O)[O-])c2)nc1C,364.35,4.02,91.04,0,6,4,2,1,<rdkit.Chem.rdchem.Mol object at 0x000001CB2A432810>,False,False
TRZ05557,Cc1nnc(-c2ncc(C(F)(F)F)cc2[N+](=O)[O-])nc1C,299.21,2.48,94.7,0,6,2,2,1,<rdkit.Chem.rdchem.Mol object at 0x000001CB2A432880>,False,False
TRZ05558,Cc1nnc(-c2nc3cc(C#N)c(F)cc3s2)nc1C,285.31,2.78,75.35,0,6,1,3,1,<rdkit.Chem.rdchem.Mol object at 0x000001CB2A4328F0>,False,False
TRZ05559,Cc1nnc(-c2ccc(CN=[N+]=[N-])c(F)c2F)nc1C,276.25,3.24,87.43,0,4,3,2,1,<rdkit.Chem.rdchem.Mol object at 0x000001CB2A432960>,False,False
TRZ05560,Cc1nnc(-c2cccnc2OC(F)(F)F)nc1C,270.21,2.45,60.79,0,5,2,2,1,<rdkit.Chem.rdchem.Mol object at 0x000001CB2A4329D0>,False,False
TRZ05561,Cc1nnc(-c2cccc3c2OC(F)(F)O3)nc1C,265.22,2.48,57.13,0,5,1,2,1,<rdkit.Chem.rdchem.Mol object at 0x000001CB2A432A40>,False,False
TRZ05562,Cc1nnc(-c2cc3c(F)cncc3s2)nc1C,260.3,2.9,51.56,0,5,1,3,1,<rdkit.Chem.rdchem.Mol object at 0x000001CB2A432AB0>,False,False
TRZ05563,Cc1nnc(-c2ccc(CN(C(=O)N3CCSCC3)c3ccc(F)cc3)nc2)nc1C,438.53,3.86,75.11,0,6,4,3,1,<rdkit.Chem.rdchem.Mol object at 0x000001CB2A432B20>,False,False
TRZ05564,Cc1nnc(-c2ccc(CN(C(=O)N3CCSCC3)c3cccc(F)c3)nc2)nc1C,438.53,3.86,75.11,0,6,4,3,1,<rdkit.Chem.rdchem.Mol object at 0x000001CB2A432B90>,False,False
TRZ05565,Cc1nnc(-c2ccc(CN(C(=O)N3CCSCC3)c3ccccc3)c(F)c2)nc1C,437.54,4.47,62.22,0,5,4,3,1,<rdkit.Chem.rdchem.Mol object at 0x000001CB2A432C00>,False,False
TRZ05566,CCC(c1ccc(F)cc1)c1nnc(C)c(C)n1,245.3,3.17,38.67,0,3,3,2,1,<rdkit.Chem.rdchem.Mol object at 0x000001CB2A432C70>,False,False
TRZ05567,Cc1nnc(C2(c3cc(F)cc(Br)c3)CC(C)C2)nc1C,350.24,4.11,38.67,0,3,2,2,1,<rdkit.Chem.rdchem.Mol object at 0x000001CB2A432CE0>,False,False
TRZ05568,Cc1nnc(C(CCCC2OCCO2)(OCc2ccccc2)C(F)(F)F)nc1C,411.42,4.01,66.36,0,6,8,2,1,<rdkit.Chem.rdchem.Mol object at 0x000001CB2A432D50>,False,False
TRZ05569,Cc1nnc(C(CCCCC2OCCO2)(OCc2ccccc2)C(F)(F)F)nc1C,425.45,4.4,66.36,0,6,9,2,1,<rdkit.Chem.rdchem.Mol object at 0x000001CB2A432DC0>,False,False
TRZ05570,Cc1nnc(-c2c(F)ccc(F)c2C(=O)O)nc1C,265.22,2.13,75.97,1,4,2,2,1,<rdkit.Chem.rdchem.Mol object at 0x000001CB2A432E30>,False,False
TRZ05571,Cc1nnc(-c2cc(F)c(F)cc2C(=O)O)nc1C,265.22,2.13,75.97,1,4,2,2,1,<rdkit.Chem.rdchem.Mol object at 0x000001CB2A432EA0>,False,False
TRZ05572,Cc1nnc(-c2cccc(F)c2C(=O)O)nc1C,247.23,1.99,75.97,1,4,2,2,1,<rdkit.Chem.rdchem.Mol object at 0x000001CB2A432F10>,False,False
TRZ05573,Cc1nnc(C2(n3cc(N=O)c(F)n3)CC2)nc1C,262.25,1.76,85.92,0,6,3,2,1,<rdkit.Chem.rdchem.Mol object at 0x000001CB2A432F80>,False,False
TRZ05574,COc1nc(OCc2c(-c3ccc(F)cc3)noc2C)ccc1-c1nnc(C)c(C)n1,421.43,4.24,96.05,0,8,6,4,1,<rdkit.Chem.rdchem.Mol object at 0x000001CB2A432FF0>,False,False
TRZ05577,Cc1nnc(-c2ccc(S(F)(F)(F)(F)F)cc2)nc1C,311.28,4.81,38.67,0,3,2,2,1,<rdkit.Chem.rdchem.Mol object at 0x000001CB2A433060>,False,False
TRZ05578,Cc1nnc(-c2cccc(S(F)(F)(F)(F)F)c2)nc1C,311.28,4.81,38.67,0,3,2,2,1,<rdkit.Chem.rdchem.Mol object at 0x000001CB2A4330D0>,False,False
TRZ05579,Cc1nnc(Cc2c(F)cc(F)cc2F)nc1C,253.23,2.5,38.67,0,3,2,2,1,<rdkit.Chem.rdchem.Mol object at 0x000001CB2A433140>,False,False
TRZ05580,Cc1cc(-c2nnc(C)c(C)n2)nc(N2CCC(C(F)(F)F)C2)c1,337.35,3.25,54.8,0,5,2,2,1,<rdkit.Chem.rdchem.Mol object at 0x000001CB2A4331B0>,False,False
TRZ05581,Cc1cc(-c2nnc(C)c(C)n2)nc(N2CCC(F)CC2)n1,302.36,2.19,67.69,0,6,2,2,1,<rdkit.Chem.rdchem.Mol object at 0x000001CB2A433220>,False,False
TRZ05582,Cc1cc(-c2nnc(C)c(C)n2)cc(N2CCC(F)(F)CC2)n1,319.36,3.09,54.8,0,5,2,2,1,<rdkit.Chem.rdchem.Mol object at 0x000001CB2A433290>,False,False
TRZ05583,Cc1cc(-c2nnc(C)c(C)n2)nc(N2CCCC(C(F)(F)F)C2)c1,351.38,3.64,54.8,0,5,2,2,1,<rdkit.Chem.rdchem.Mol object at 0x000001CB2A433300>,False,False
TRZ05584,Cc1cc(-c2nnc(C)c(C)n2)nc(N2CCC(F)(F)CC2)c1,319.36,3.09,54.8,0,5,2,2,1,<rdkit.Chem.rdchem.Mol object at 0x000001CB2A433370>,False,False
TRZ05585,Cc1cc(-c2nnc(C)c(C)n2)nc(N2C[C@@H](F)[C@@H](F)C2)n1,306.32,1.75,67.69,0,6,2,2,1,<rdkit.Chem.rdchem.Mol object at 0x000001CB2A4333E0>,False,False
TRZ05586,Cc1cc(-c2nnc(C)c(C)n2)nc(N2CCCC(C(F)(F)F)C2)n1,352.36,3.03,67.69,0,6,2,2,1,<rdkit.Chem.rdchem.Mol object at 0x000001CB2A433450>,False,False
TRZ05587,Cc1cc(-c2nnc(C)c(C)n2)nc(OCCC(F)(F)F)n1,313.28,2.59,73.68,0,6,4,2,1,<rdkit.Chem.rdchem.Mol object at 0x000001CB2A4334C0>,False,False
TRZ05588,Cc1cc(-c2nnc(C)c(C)n2)nc(N2CCCC(F)C2)n1,302.36,2.19,67.69,0,6,2,2,1,<rdkit.Chem.rdchem.Mol object at 0x000001CB2A433530>,False,False
TRZ05589,Cc1cc(-c2nnc(C)c(C)n2)nc(N2CCCC(F)(F)C2)n1,320.35,2.49,67.69,0,6,2,2,1,<rdkit.Chem.rdchem.Mol object at 0x000001CB2A4335A0>,False,False
TRZ05590,Cc1cc(-c2nnc(C)c(C)n2)c(F)c(N2CCC(F)(F)CC2)n1,337.35,3.23,54.8,0,5,2,2,1,<rdkit.Chem.rdchem.Mol object at 0x000001CB2A433610>,False,False
TRZ05591,Cc1cc(-c2nnc(C)c(C)n2)nc(N2CC3C(C2)C3(F)F)n1,318.33,1.96,67.69,0,6,2,2,1,<rdkit.Chem.rdchem.Mol object at 0x000001CB2A433680>,False,False
TRZ05592,Cc1cc(-c2nnc(C)c(C)n2)nc(N2CCC(F)(F)C2)n1,306.32,2.1,67.69,0,6,2,2,1,<rdkit.Chem.rdchem.Mol object at 0x000001CB2A4336F0>,False,False
TRZ05593,Cc1cc(-c2nnc(C)c(C)n2)nc(N2CCC(C(F)(F)F)CC2)n1,352.36,3.03,67.69,0,6,2,2,1,<rdkit.Chem.rdchem.Mol object at 0x000001CB2A433760>,False,False
TRZ05594,Cc1cc(-c2nnc(C)c(C)n2)nc(N2CC(F)(F)C2)n1,292.29,1.71,67.69,0,6,2,2,1,<rdkit.Chem.rdchem.Mol object at 0x000001CB2A4337D0>,False,False
TRZ05595,Cc1cc(-c2nnc(C)c(C)n2)cc(N2CCC(F)CC2)n1,301.37,2.8,54.8,0,5,2,2,1,<rdkit.Chem.rdchem.Mol object at 0x000001CB2A433840>,False,False
TRZ05596,Cc1cc(-c2nnc(C)c(C)n2)nc(N2CCC(F)(F)CC2)n1,320.35,2.49,67.69,0,6,2,2,1,<rdkit.Chem.rdchem.Mol object at 0x000001CB2A4338B0>,False,False
TRZ05597,Cc1cc(-c2nnc(C)c(C)n2)nc(N2CC(F)(F)CC(F)(F)C2)n1,356.33,2.73,67.69,0,6,2,2,1,<rdkit.Chem.rdchem.Mol object at 0x000001CB2A433920>,False,False
TRZ05598,Cc1cc(-c2nnc(C)c(C)n2)nc(N2CCC(C(F)(F)F)C2)n1,338.34,2.64,67.69,0,6,2,2,1,<rdkit.Chem.rdchem.Mol object at 0x000001CB2A433990>,False,False
TRZ05599,Cc1nnc(-c2cccc(N3CCC(F)(F)CC3)n2)nc1C,305.33,2.79,54.8,0,5,2,2,1,<rdkit.Chem.rdchem.Mol object at 0x000001CB2A433A00>,False,False
TRZ05600,Cc1nnc(-c2cc(F)c(C)c([N+](=O)[O-])c2)nc1C,262.24,2.51,81.81,0,5,2,2,1,<rdkit.Chem.rdchem.Mol object at 0x000001CB2A433A70>,False,False
TRZ05603,Cc1nnc(C2CN(c3nnc(-c4cnc(NC5Cc6cc(F)c(F)cc6C5)nc4)o3)C2)nc1C,477.48,2.79,118.64,1,10,5,4,1,<rdkit.Chem.rdchem.Mol object at 0x000001CB2A433AE0>,False,False
TRZ05604,Cc1nnc(C2CCN(c3nnc(-c4cnc(NC5Cc6cc(F)c(F)cc6C5)nc4)o3)C2)nc1C,491.51,3.18,118.64,1,10,5,4,1,<rdkit.Chem.rdchem.Mol object at 0x000001CB2A433B50>,False,False
TRZ05605,Cc1nc(C)c(-c2nnc(C)c(C)n2)cc1F,232.26,2.31,51.56,0,4,1,2,1,<rdkit.Chem.rdchem.Mol object at 0x000001CB2A433BC0>,False,False
TRZ05606,Cc1nnc(-c2cccc(C(F)F)c2)nc1C,235.24,3.09,38.67,0,3,2,2,1,<rdkit.Chem.rdchem.Mol object at 0x000001CB2A433C30>,False,False
TRZ05607,Cc1nnc(C2CCC(Nc3cnc(N4CCC(C(F)(F)F)CC4)nc3)CC2)nc1C,435.5,4.2,79.72,1,7,4,2,1,<rdkit.Chem.rdchem.Mol object at 0x000001CB2A433CA0>,False,False
TRZ05608,Cc1nnc(C2CC3(CC(Nc4cnc(N5CCC(C(F)(F)F)CC5)nc4)C3)C2)nc1C,447.51,4.2,79.72,1,7,4,2,1,<rdkit.Chem.rdchem.Mol object at 0x000001CB2A433D10>,False,False
TRZ05610,Cc1nnc(C2(c3cccc(Br)c3)CC(F)C2)nc1C,336.21,3.67,38.67,0,3,2,2,1,<rdkit.Chem.rdchem.Mol object at 0x000001CB2A433D80>,False,False
TRZ05613,Cc1nnc(C(CC(C)C)NC(=O)/C=C/c2ccc(Cl)cc2F)nc1C,376.86,4.2,67.77,1,4,6,2,1,<rdkit.Chem.rdchem.Mol object at 0x000001CB2A433DF0>,False,False
TRZ05614,Cc1nnc(-c2cc(-c3ccc(F)cc3)ncc2CNC(=O)O)nc1C,353.36,3.12,100.89,2,5,4,3,1,<rdkit.Chem.rdchem.Mol object at 0x000001CB2A433E60>,False,False
TRZ05615,Cc1nnc(C(c2ccc(F)cc2)N2C[C@H](C)N(C(=O)O)CC2C)nc1C,373.43,2.79,82.45,1,5,3,2,1,<rdkit.Chem.rdchem.Mol object at 0x000001CB2A433ED0>,False,False
TRZ05617,Cc1nnc(CN2CCN(C(=O)c3cc(Cc4n[nH]c(=O)c5ccccc45)ccc3F)CC2)nc1C,487.54,2.41,107.97,1,7,5,4,1,<rdkit.Chem.rdchem.Mol object at 0x000001CB2A433F40>,False,False
TRZ05619,Cc1nnc(-c2cn(Cc3ccc(Cn4cc(F)ccc4=O)cc3)nc2C2(C)COC2)nc1C,460.51,3.04,87.72,0,6,6,4,1,<rdkit.Chem.rdchem.Mol object at 0x000001CB2A434040>,False,False
TRZ05621,Cc1nnc(-c2ccc(-c3c4cc(F)c(=O)cc-4oc4cc(O)c(F)cc34)c(C(=O)O)c2)nc1C,475.41,4.72,126.41,2,7,3,3,1,<rdkit.Chem.rdchem.Mol object at 0x000001CB2A4340B0>,False,False
TRZ05625,Cc1cc(-c2cc(COc3ccc(F)c(P)c3)ccn2)ccc1-c1nnc(C)c(C)n1,432.44,4.74,60.79,0,5,5,4,1,<rdkit.Chem.rdchem.Mol object at 0x000001CB2A434120>,False,False
TRZ05627,Cc1cc(-c2cc(COc3cc(F)c(F)c(P)c3)ccn2)ccc1-c1nnc(C)c(C)n1,450.43,4.88,60.79,0,5,5,4,1,<rdkit.Chem.rdchem.Mol object at 0x000001CB2A434190>,False,False
TRZ05629,Cc1cc(-c2cc(COc3cc(C(C)(F)F)nn3C)ccn2)ccc1-c1nnc(C)c(C)n1,450.49,4.95,78.61,0,6,6,4,1,<rdkit.Chem.rdchem.Mol object at 0x000001CB2A434200>,False,False
TRZ05632,Cc1nnc(-c2cc(F)c(Br)c(Cl)c2F)nc1C,334.55,3.85,38.67,0,3,1,2,1,<rdkit.Chem.rdchem.Mol object at 0x000001CB2A434270>,False,False
TRZ05636,Cc1nnc(-c2cc3cccnc3c(N3CCC(F)(F)CC3)n2)nc1C,356.38,3.33,67.69,0,6,2,3,1,<rdkit.Chem.rdchem.Mol object at 0x000001CB2A4342E0>,False,False
TRZ05637,Cc1nnc(-c2ccc(CN(C(=O)N3CCS(=O)CC3)c3ccc(F)cc3)nc2)nc1C,454.53,2.88,92.18,0,6,4,3,1,<rdkit.Chem.rdchem.Mol object at 0x000001CB2A434350>,False,False
TRZ05638,Cc1nnc(CC2(c3cccc([N+](=O)[O-])c3)CC(F)C2)nc1C,316.34,3.01,81.81,0,5,4,2,1,<rdkit.Chem.rdchem.Mol object at 0x000001CB2A4343C0>,False,False
TRZ05639,Cc1nnc([C@@]23CN(c4ccc(C#N)c5ncccc45)C[C@]2(C(F)(F)F)C3)nc1C,410.4,3.62,78.59,0,6,2,3,1,<rdkit.Chem.rdchem.Mol object at 0x000001CB2A434430>,False,False
TRZ05640,Cc1nnc([C@]23CN(c4ccc(C#N)c5ncccc45)C[C@@]2(C(F)(F)F)C3)nc1C,410.4,3.62,78.59,0,6,2,3,1,<rdkit.Chem.rdchem.Mol object at 0x000001CB2A4344A0>,False,False
TRZ05641,Cc1nnc([C@]23CN(Cc4ccccc4)C[C@@]2(C(F)(F)F)C3)nc1C,348.37,3.19,41.91,0,4,3,2,1,<rdkit.Chem.rdchem.Mol object at 0x000001CB2A434510>,False,False
TRZ05642,Cc1nnc(C23CN(Cc4ccccc4)CC2(C(F)(F)F)C3)nc1C,348.37,3.19,41.91,0,4,3,2,1,<rdkit.Chem.rdchem.Mol object at 0x000001CB2A434580>,False,False
TRZ05643,COCc1c(Br)cc(F)cc1-c1nnc(C)c(C)n1,326.17,3.2,47.9,0,4,3,2,1,<rdkit.Chem.rdchem.Mol object at 0x000001CB2A4345F0>,False,False
TRZ05644,Cc1nc(Oc2ccc(-c3nnc(C)c(C)n3)cc2)cc(C(F)(F)F)n1,361.33,4.06,73.68,0,6,3,3,1,<rdkit.Chem.rdchem.Mol object at 0x000001CB2A434660>,False,False
TRZ05645,Cc1nnc(-c2ccc(Oc3cc(C(F)(F)F)ncn3)cc2)nc1C,347.3,3.76,73.68,0,6,3,3,1,<rdkit.Chem.rdchem.Mol object at 0x000001CB2A4346D0>,False,False
TRZ05646,Cc1nnc(-c2ccc(CN(C(=O)N3CCS(=O)CC3)c3ccc(F)cc3)c(F)c2)nc1C,471.53,3.62,79.29,0,5,4,3,1,<rdkit.Chem.rdchem.Mol object at 0x000001CB2A434740>,False,False
TRZ05647,Cc1nnc(-c2ccc(CN(C(=O)N3CCS(=O)CC3)c3cccc(F)c3)nc2)nc1C,454.53,2.88,92.18,0,6,4,3,1,<rdkit.Chem.rdchem.Mol object at 0x000001CB2A4347B0>,False,False
TRZ05653,Cc1nnc(-c2cc3c4nc(C(F)(F)F)ccc4ccn3n2)nc1C,344.3,3.37,68.86,0,5,1,4,1,<rdkit.Chem.rdchem.Mol object at 0x000001CB2A434820>,False,False
TRZ05654,Cc1nnc(-c2cn3c(ccc4c(-c5ccn(C)n5)cc(C(F)(F)C(F)(F)F)nc43)n2)nc1C,474.4,4.41,86.68,0,6,3,5,1,<rdkit.Chem.rdchem.Mol object at 0x000001CB2A434890>,False,False
TRZ05658,Cc1nnc(-c2cn3c(ccc4c(N(C)C)cc(C(F)(F)C(F)(F)F)nc43)n2)nc1C,437.38,4.07,72.1,0,6,3,4,1,<rdkit.Chem.rdchem.Mol object at 0x000001CB2A434900>,False,False
TRZ05660,Cc1nnc(-c2cn3c(ccc4c(=O)cc(C(F)(F)C(F)(F)F)[nH]c43)n2)nc1C,410.31,3.3,88.83,1,5,2,4,1,<rdkit.Chem.rdchem.Mol object at 0x000001CB2A434970>,False,False
TRZ05666,Cc1nnc(CN2C(=O)CSc3cc(F)ccc32)nc1C,304.35,2.27,58.98,0,5,2,2,1,<rdkit.Chem.rdchem.Mol object at 0x000001CB2A4349E0>,False,False
TRZ05667,Cc1nnc(-c2cc(F)c(Br)c(F)c2)nc1C,300.11,3.2,38.67,0,3,1,2,1,<rdkit.Chem.rdchem.Mol object at 0x000001CB2A434A50>,False,False
TRZ05668,Cc1nnc(C(F)(F)c2ccc(Cl)c(Cl)c2)nc1C,304.13,3.94,38.67,0,3,2,2,1,<rdkit.Chem.rdchem.Mol object at 0x000001CB2A434AC0>,False,False
TRZ05669,Cc1nnc(C(F)(F)c2ccc(C3CC3)cc2)nc1C,275.3,3.51,38.67,0,3,3,2,1,<rdkit.Chem.rdchem.Mol object at 0x000001CB2A434B30>,False,False
TRZ05670,COc1ccccc1C(F)(F)c1nnc(C)c(C)n1,265.26,2.64,47.9,0,4,3,2,1,<rdkit.Chem.rdchem.Mol object at 0x000001CB2A434BA0>,False,False
TRZ05671,Cc1ccc(C(F)(F)c2nnc(C)c(C)n2)cc1C,263.29,3.25,38.67,0,3,2,2,1,<rdkit.Chem.rdchem.Mol object at 0x000001CB2A434C10>,False,False
TRZ05672,Cc1nnc(C(F)(F)c2ccc(C#N)cc2)nc1C,260.25,2.5,62.46,0,4,2,2,1,<rdkit.Chem.rdchem.Mol object at 0x000001CB2A434C80>,False,False
TRZ05673,Cc1nnc(Cc2nc(C3CCOCC3)ccc2F)nc1C,302.35,2.51,60.79,0,5,3,2,1,<rdkit.Chem.rdchem.Mol object at 0x000001CB2A434CF0>,False,False
TRZ05674,Cc1nnc(C(F)(F)c2cccc3ccccc23)nc1C,285.3,3.78,38.67,0,3,2,3,1,<rdkit.Chem.rdchem.Mol object at 0x000001CB2A434D60>,False,False
TRZ05675,COc1ccc(C(F)(F)c2nnc(C)c(C)n2)cc1,265.26,2.64,47.9,0,4,3,2,1,<rdkit.Chem.rdchem.Mol object at 0x000001CB2A434DD0>,False,False
TRZ05676,Cc1cc(C(F)(F)c2nnc(C)c(C)n2)ccc1Cl,283.71,3.59,38.67,0,3,2,2,1,<rdkit.Chem.rdchem.Mol object at 0x000001CB2A434E40>,False,False
TRZ05677,Cc1ccc(C(F)(F)c2nnc(C)c(C)n2)cc1,249.26,2.94,38.67,0,3,2,2,1,<rdkit.Chem.rdchem.Mol object at 0x000001CB2A434EB0>,False,False
TRZ05678,Cc1nnc(C(F)(F)c2ccc(C3CCOCC3)cc2)nc1C,319.36,3.52,47.9,0,4,3,2,1,<rdkit.Chem.rdchem.Mol object at 0x000001CB2A434F20>,False,False
TRZ05679,Cc1nnc(CCC2CCc3c(nnn3C3CC(F)(F)C3)C2)nc1C,348.4,2.79,69.38,0,5,4,2,1,<rdkit.Chem.rdchem.Mol object at 0x000001CB2A434F90>,False,False
TRZ05680,Cc1nc(N2CC3C(C2)C3(F)F)ccc1/C=C/c1nnc(C)c(C)n1,343.38,3.06,54.8,0,5,3,2,1,<rdkit.Chem.rdchem.Mol object at 0x000001CB2A435000>,False,False
TRZ05681,Cc1nnc(CC(C)(C)c2ccc(F)c(Br)c2)nc1C,338.22,3.91,38.67,0,3,3,2,1,<rdkit.Chem.rdchem.Mol object at 0x000001CB2A435070>,False,False
TRZ05683,Cc1nnc(-c2cccc(C3CCN(C(=O)OC(C)(C)C)CC3)c2F)nc1C,386.47,4.41,68.21,0,5,2,2,1,<rdkit.Chem.rdchem.Mol object at 0x000001CB2A4350E0>,False,False
TRZ05684,Cc1nnc(-c2ccc(CN3CCC(C)CC3)cc2F)nc1C,314.41,3.53,41.91,0,4,3,2,1,<rdkit.Chem.rdchem.Mol object at 0x000001CB2A435150>,False,False
TRZ05685,Cc1nnc(Cc2cn3cc(CN(CC45CC(F)(C4)C5)C(=O)OC(C)(C)C)ccc3n2)nc1C,466.56,4.36,85.51,0,6,6,3,1,<rdkit.Chem.rdchem.Mol object at 0x000001CB2A4351C0>,False,False
TRZ05686,Cc1nnc(-c2ncc(F)cc2C2CCN(C(=O)OC(C)(C)C)CC2)nc1C,387.46,3.8,81.1,0,6,2,2,1,<rdkit.Chem.rdchem.Mol object at 0x000001CB2A435230>,False,False
TRZ05687,Cc1ccc(F)c(C(C)[C@@H](c2nnc(C)c(C)n2)N2CNc3cc(Cl)ccc3S2(=O)=O)c1C,490.0,4.82,88.08,1,6,4,3,1,<rdkit.Chem.rdchem.Mol object at 0x000001CB2A4352A0>,False,False
TRZ05689,Cc1nnc(CSc2nnc(-c3ccco3)n2-c2ccc(F)cc2)nc1C,382.42,3.76,82.52,0,7,5,4,1,<rdkit.Chem.rdchem.Mol object at 0x000001CB2A435310>,False,False
TRZ05690,Cc1nnc(-c2ccc(OC(F)(F)F)nc2)nc1C,270.21,2.45,60.79,0,5,2,2,1,<rdkit.Chem.rdchem.Mol object at 0x000001CB2A435380>,False,False
TRZ05691,Cc1nnc(-c2cc(Cl)cnc2OCC(F)(F)F)nc1C,318.69,3.14,60.79,0,5,3,2,1,<rdkit.Chem.rdchem.Mol object at 0x000001CB2A4353F0>,False,False
TRZ05692,Cc1nnc(-c2cccnc2OC(F)F)nc1C,252.22,2.15,60.79,0,5,3,2,1,<rdkit.Chem.rdchem.Mol object at 0x000001CB2A435460>,False,False
TRZ05693,Cc1nnc(-c2cc(Cl)cc(F)c2OC(F)F)nc1C,303.67,3.55,47.9,0,4,3,2,1,<rdkit.Chem.rdchem.Mol object at 0x000001CB2A4354D0>,False,False
TRZ05694,Cc1cnc(OC(F)F)c(-c2nnc(C)c(C)n2)c1,266.25,2.46,60.79,0,5,3,2,1,<rdkit.Chem.rdchem.Mol object at 0x000001CB2A435540>,False,False
TRZ05695,Cc1nnc(-c2c(OC(F)F)cnc3sccc23)nc1C,308.31,3.37,60.79,0,6,3,3,1,<rdkit.Chem.rdchem.Mol object at 0x000001CB2A4355B0>,False,False
TRZ05696,Cc1nnc(-c2cc(Br)cnc2OC(F)F)nc1C,331.12,2.91,60.79,0,5,3,2,1,<rdkit.Chem.rdchem.Mol object at 0x000001CB2A435620>,False,False
TRZ05697,Cc1nnc(-c2cc(Cl)ccc2OC(F)F)nc1C,285.68,3.41,47.9,0,4,3,2,1,<rdkit.Chem.rdchem.Mol object at 0x000001CB2A435690>,False,False
TRZ05698,Cc1nnc(-c2c(F)ccc3c2OCCO3)nc1C,261.26,2.07,57.13,0,5,1,2,1,<rdkit.Chem.rdchem.Mol object at 0x000001CB2A435700>,False,False
TRZ05699,Cc1nnc(-c2cc(Cl)cc(Br)c2OC(F)F)nc1C,364.58,4.17,47.9,0,4,3,2,1,<rdkit.Chem.rdchem.Mol object at 0x000001CB2A435770>,False,False
TRZ05700,Cc1nnc(-c2cc(F)cnc2OC(F)F)nc1C,270.21,2.29,60.79,0,5,3,2,1,<rdkit.Chem.rdchem.Mol object at 0x000001CB2A4357E0>,False,False
TRZ05701,Cc1nnc(-c2cc(Cl)cnc2OC(F)F)nc1C,286.67,2.81,60.79,0,5,3,2,1,<rdkit.Chem.rdchem.Mol object at 0x000001CB2A435850>,False,False
TRZ05702,Cc1nnc(-c2c(F)ccc3c2OCO3)nc1C,247.23,2.02,57.13,0,5,1,2,1,<rdkit.Chem.rdchem.Mol object at 0x000001CB2A4358C0>,False,False
TRZ05703,Cc1nc(OC(F)F)c(-c2nnc(C)c(C)n2)cc1Cl,300.7,3.11,60.79,0,5,3,2,1,<rdkit.Chem.rdchem.Mol object at 0x000001CB2A435930>,False,False
TRZ05704,Cc1nnc(-c2cc3ccncc3cc2F)nc1C,254.27,2.84,51.56,0,4,1,3,1,<rdkit.Chem.rdchem.Mol object at 0x000001CB2A4359A0>,False,False
TRZ05705,Cc1nnc(-c2cc(F)c3cnccc3c2)nc1C,254.27,2.84,51.56,0,4,1,3,1,<rdkit.Chem.rdchem.Mol object at 0x000001CB2A435A10>,False,False
TRZ05706,Cc1nnc(C2=NNC(c3cc(Cl)cc(Cl)c3)(C(F)(F)F)C2)nc1C,390.2,3.95,63.06,1,5,2,2,1,<rdkit.Chem.rdchem.Mol object at 0x000001CB2A435A80>,False,False
TRZ05707,CC(=O)N1N=C(c2nnc(C)c(C)n2)CC1(c1ccccc1)C(F)(F)F,363.34,2.9,71.34,0,5,2,2,1,<rdkit.Chem.rdchem.Mol object at 0x000001CB2A435AF0>,False,False
TRZ05710,Cc1nnc(C(c2cccc(Br)c2)C2CC(C(F)(F)F)C2)nc1C,400.24,4.97,38.67,0,3,3,2,1,<rdkit.Chem.rdchem.Mol object at 0x000001CB2A435BD0>,False,False
TRZ05711,Cc1cc(-c2nnc(C)c(C)n2)c(Oc2cccc(C3CC3)c2F)nn1,351.39,4.06,73.68,0,6,4,3,1,<rdkit.Chem.rdchem.Mol object at 0x000001CB2A435C40>,False,False
TRZ05712,Cc1nnc(-c2cc(C(F)(F)F)cc(C(F)(F)F)c2O)nc1C,337.22,3.9,58.9,1,4,1,2,1,<rdkit.Chem.rdchem.Mol object at 0x000001CB2A435CB0>,False,False
TRZ05714,Cc1nnc(-c2cc(F)cnc2N2CCN(C(=O)OC(C)(C)C)CC2)nc1C,388.45,2.75,84.34,0,7,2,2,1,<rdkit.Chem.rdchem.Mol object at 0x000001CB2A435D20>,False,False
TRZ05716,Cc1nnc(-c2ccc3ncc4c(c3c2)C(Cc2ccc(C(F)(F)F)cn2)OC4)nc1C,437.43,4.93,73.68,0,6,3,4,1,<rdkit.Chem.rdchem.Mol object at 0x000001CB2A435D90>,False,False
TRZ05717,Cc1nnc(-c2ccc3ncc4cnn(Cc5ccc(C(F)(F)F)cn5)c4c3c2)nc1C,435.41,4.52,82.27,0,6,3,5,1,<rdkit.Chem.rdchem.Mol object at 0x000001CB2A435E00>,False,False
TRZ05718,Cc1nnc(-c2cccc(Oc3c(F)cc4[nH]ccc4c3F)c2)nc1C,352.34,4.71,63.69,1,4,3,4,1,<rdkit.Chem.rdchem.Mol object at 0x000001CB2A435E70>,False,False
TRZ05719,COc1ccc(-c2ccc(F)nc2)c(N2CCC(c3nnc(C)c(C)n3)CC2)c1C#N,418.48,3.95,87.82,0,7,4,3,1,<rdkit.Chem.rdchem.Mol object at 0x000001CB2A435EE0>,False,False
TRZ05721,Cc1nnc(-c2nc(N3CCCC(F)(F)CC3)cnc2Cl)nc1C,354.79,3.22,67.69,0,6,2,2,1,<rdkit.Chem.rdchem.Mol object at 0x000001CB2A435F50>,False,False
TRZ05722,Cc1nnc(-c2cncc(-c3ccc(OC(F)(F)F)cc3)n2)nc1C,347.3,3.51,73.68,0,6,3,3,1,<rdkit.Chem.rdchem.Mol object at 0x000001CB2A435FC0>,False,False
TRZ05729,Cc1nnc(-c2cc(F)cc(-c3nnc(C)c(C)n3)c2)nc1C,310.34,2.76,77.34,0,6,2,3,2,<rdkit.Chem.rdchem.Mol object at 0x000001CB2A436030>,False,False
TRZ05730,Cc1ccc(-c2ccccc2F)c(-c2nnc(C)c(C)n2)c1,293.34,4.27,38.67,0,3,2,3,1,<rdkit.Chem.rdchem.Mol object at 0x000001CB2A4360A0>,False,False
TRZ05731,Cc1nnc(CC2(c3ccc4c(c3)C(=O)NC4)CC(F)(F)C2)nc1C,344.37,2.64,67.77,1,4,3,2,1,<rdkit.Chem.rdchem.Mol object at 0x000001CB2A436110>,False,False
TRZ05732,Cc1nnc(-c2cncc(-c3ccc(OC(F)F)cc3)n2)nc1C,329.31,3.21,73.68,0,6,4,3,1,<rdkit.Chem.rdchem.Mol object at 0x000001CB2A436180>,False,False
TRZ05733,Cc1nnc(-c2cncc(-c3ccc(OC(F)F)nc3)n2)nc1C,330.3,2.61,86.57,0,7,4,3,1,<rdkit.Chem.rdchem.Mol object at 0x000001CB2A4361F0>,False,False
TRZ05734,Cc1nnc(-c2cncc(-c3ccc(OC(F)F)[nH]c3=O)n2)nc1C,346.3,1.9,106.54,1,7,4,3,1,<rdkit.Chem.rdchem.Mol object at 0x000001CB2A436260>,False,False
TRZ05735,Cc1nnc(-c2cncc(-c3ccc(OC(F)F)nc3)c2)nc1C,329.31,3.21,73.68,0,6,4,3,1,<rdkit.Chem.rdchem.Mol object at 0x000001CB2A4362D0>,False,False
TRZ05736,Cc1nc(OC(F)F)ccc1-c1cncc(-c2nnc(C)c(C)n2)n1,344.33,2.92,86.57,0,7,4,3,1,<rdkit.Chem.rdchem.Mol object at 0x000001CB2A436340>,False,False
TRZ05737,COc1cc(OC(F)F)ncc1-c1cncc(-c2nnc(C)c(C)n2)n1,360.32,2.62,95.8,0,8,5,3,1,<rdkit.Chem.rdchem.Mol object at 0x000001CB2A4363B0>,False,False
TRZ05738,Cc1nnc(-c2cccc(-c3ccc(OC(F)F)nc3)n2)nc1C,329.31,3.21,73.68,0,6,4,3,1,<rdkit.Chem.rdchem.Mol object at 0x000001CB2A436420>,False,False
TRZ05739,COc1nc(OC(F)F)ccc1-c1cncc(-c2nnc(C)c(C)n2)n1,360.32,2.62,95.8,0,8,5,3,1,<rdkit.Chem.rdchem.Mol object at 0x000001CB2A436490>,False,False
TRZ05740,Cc1nnc(-c2nccc(-c3ccc(OC(F)F)nc3)n2)nc1C,330.3,2.61,86.57,0,7,4,3,1,<rdkit.Chem.rdchem.Mol object at 0x000001CB2A436500>,False,False
TRZ05741,Cc1nnc(-c2ccnc(-c3ccc(OC(F)F)nc3)n2)nc1C,330.3,2.61,86.57,0,7,4,3,1,<rdkit.Chem.rdchem.Mol object at 0x000001CB2A436570>,False,False
TRZ05742,Cc1cc(OC(F)F)ncc1-c1cncc(-c2nnc(C)c(C)n2)n1,344.33,2.92,86.57,0,7,4,3,1,<rdkit.Chem.rdchem.Mol object at 0x000001CB2A4365E0>,False,False
TRZ05743,Cc1nnc(-c2cncc(-c3ccc(OC(F)(F)F)nc3)n2)nc1C,348.29,2.91,86.57,0,7,3,3,1,<rdkit.Chem.rdchem.Mol object at 0x000001CB2A436650>,False,False
TRZ05744,CCOc1ccc(-c2c[nH]c(=O)c(-c3nnc(C)c(C)n3)n2)c(F)c1,341.35,2.44,93.65,1,6,4,3,1,<rdkit.Chem.rdchem.Mol object at 0x000001CB2A4366C0>,False,False
TRZ05745,CCOc1ccc(-c2nc(-c3nnc(C)c(C)n3)c[nH]c2=O)c(F)c1,341.35,2.44,93.65,1,6,4,3,1,<rdkit.Chem.rdchem.Mol object at 0x000001CB2A436730>,False,False
TRZ05747,Cc1nnc(-c2ncc3c(F)cc(S(=O)(=O)NC4(C)CC4)cn23)nc1C,376.42,1.77,102.14,1,6,4,3,1,<rdkit.Chem.rdchem.Mol object at 0x000001CB2A4367A0>,False,False
TRZ05748,Cc1nnc(-c2ncc3c(F)cc(SCc4ccccc4)cn23)nc1C,365.44,4.23,55.97,0,5,4,4,1,<rdkit.Chem.rdchem.Mol object at 0x000001CB2A436810>,False,False
TRZ05752,Cc1nnc(-c2ccc(N3CCC(C#N)CC3c3cc(F)ccc3Cl)nc2)nc1C,422.9,4.82,78.59,0,6,3,3,1,<rdkit.Chem.rdchem.Mol object at 0x000001CB2A436880>,False,False
TRZ05754,Cc1nnc(-c2ccc(N3CCC(C#N)(Oc4cc(F)ccc4Cl)CC3)nn2)nc1C,439.88,3.68,100.71,0,8,4,3,1,<rdkit.Chem.rdchem.Mol object at 0x000001CB2A4368F0>,False,False
TRZ05756,Cc1nnc(-c2ccc(N3CCC(C#N)(c4ccc(C(F)(F)F)cc4)CC3)nn2)nc1C,439.45,4.03,91.48,0,7,3,3,1,<rdkit.Chem.rdchem.Mol object at 0x000001CB2A436960>,False,False
TRZ05757,Cc1nnc(-c2ccc(N3CCC(Oc4ccccc4F)CC3)cc2)nc1C,378.45,4.34,51.14,0,5,4,3,1,<rdkit.Chem.rdchem.Mol object at 0x000001CB2A4369D0>,False,False
TRZ05758,Cc1nnc(-c2ccc(N3CCC(Oc4cc(F)ccc4Cl)CC3)nn2)nc1C,414.87,3.79,76.92,0,7,4,3,1,<rdkit.Chem.rdchem.Mol object at 0x000001CB2A436A40>,False,False
TRZ05759,Cc1nnc(Cc2cccc(Br)c2F)nc1C,296.14,2.98,38.67,0,3,2,2,1,<rdkit.Chem.rdchem.Mol object at 0x000001CB2A436AB0>,False,False
TRZ05760,CCOC(=O)c1cc(CC(F)(F)F)c2n1CCc1cc(OC)c(-c3nnc(C)c(C)n3)cc1-2,460.46,4.47,79.13,0,6,5,3,1,<rdkit.Chem.rdchem.Mol object at 0x000001CB2A436B20>,False,False
TRZ05761,Cc1nnc(-c2cnc(NCCc3cccc(F)c3)nc2)nc1C,324.36,2.74,76.48,1,6,5,3,1,<rdkit.Chem.rdchem.Mol object at 0x000001CB2A436B90>,False,False
TRZ05762,Cc1nnc(-c2cnc(NCc3cc(F)cc(F)c3)nc2)nc1C,328.33,2.84,76.48,1,6,4,3,1,<rdkit.Chem.rdchem.Mol object at 0x000001CB2A436C00>,False,False
TRZ05763,Cc1nnc(-c2cnc(NCc3cccc(C(F)(F)F)c3)nc2)nc1C,360.34,3.58,76.48,1,6,4,3,1,<rdkit.Chem.rdchem.Mol object at 0x000001CB2A436C70>,False,False
TRZ05764,Cc1nnc(-c2cnc(NCc3ccccc3C(F)(F)F)nc2)nc1C,360.34,3.58,76.48,1,6,4,3,1,<rdkit.Chem.rdchem.Mol object at 0x000001CB2A436CE0>,False,False
TRZ05765,Cc1nnc(-c2cnc(NCCc3ccc(C(F)(F)F)cc3)nc2)nc1C,374.37,3.62,76.48,1,6,5,3,1,<rdkit.Chem.rdchem.Mol object at 0x000001CB2A436D50>,False,False
TRZ05766,Cc1nnc(-c2cnc(NCc3ccc(C(F)(F)F)cc3)nc2)nc1C,360.34,3.58,76.48,1,6,4,3,1,<rdkit.Chem.rdchem.Mol object at 0x000001CB2A436DC0>,False,False
TRZ05767,Cc1nnc(-c2cnc(NCc3cc(C(F)(F)F)cc(C(F)(F)F)c3)nc2)nc1C,428.34,4.6,76.48,1,6,4,3,1,<rdkit.Chem.rdchem.Mol object at 0x000001CB2A436E30>,False,False
TRZ05768,Cc1nnc(-c2cnc(NCCc3ccc(F)cc3)nc2)nc1C,324.36,2.74,76.48,1,6,5,3,1,<rdkit.Chem.rdchem.Mol object at 0x000001CB2A436EA0>,False,False
TRZ05769,Cc1nnc(-c2ccc(I)cc2N2CCC(C)(F)CC2)nc1C,426.28,4.09,41.91,0,4,2,2,1,<rdkit.Chem.rdchem.Mol object at 0x000001CB2A436F10>,False,False
TRZ05770,Cc1nnc(-c2ccc(CNC(=O)N3CCS(=O)(=O)CC3c3ccc(F)cc3)c(F)c2)nc1C,487.53,3.11,105.15,1,6,4,3,1,<rdkit.Chem.rdchem.Mol object at 0x000001CB2A436F80>,False,False
TRZ05771,Cc1nnc(-c2nc(-c3ccc(C(F)(F)F)cc3)c3ccccn23)nc1C,369.35,4.49,55.97,0,4,2,4,1,<rdkit.Chem.rdchem.Mol object at 0x000001CB2A436FF0>,False,False
TRZ05773,Cc1nnc(C(CCCC2OC=CO2)(OCc2ccccc2)C(F)(F)F)nc1C,409.41,4.48,66.36,0,6,8,2,1,<rdkit.Chem.rdchem.Mol object at 0x000001CB2A437060>,False,False
TRZ05774,Cc1nnc(C(CCCCC2OC=CO2)(OCc2ccccc2)C(F)(F)F)nc1C,423.44,4.87,66.36,0,6,9,2,1,<rdkit.Chem.rdchem.Mol object at 0x000001CB2A4370D0>,False,False
TRZ05775,Cc1nnc(-c2noc(C)c2F)nc1C,208.2,1.59,64.7,0,5,1,2,1,<rdkit.Chem.rdchem.Mol object at 0x000001CB2A437140>,False,False
TRZ05776,Cc1nnc(-c2cc(C(F)(F)F)on2)nc1C,244.18,2.16,64.7,0,5,1,2,1,<rdkit.Chem.rdchem.Mol object at 0x000001CB2A4371B0>,False,False
TRZ05777,Cc1nnc(-c2cc(C(F)F)on2)nc1C,226.19,2.08,64.7,0,5,2,2,1,<rdkit.Chem.rdchem.Mol object at 0x000001CB2A437220>,False,False
TRZ05778,Cc1nnc(-c2cc3cc(CC(F)(F)F)n(C)c3cc2Br)nc1C,399.21,4.51,43.6,0,3,2,3,1,<rdkit.Chem.rdchem.Mol object at 0x000001CB2A437290>,False,False
TRZ05779,Cc1nnc(-c2nc3ccc(C(F)(F)F)cc3[nH]2)nc1C,293.25,3.05,67.35,1,4,1,3,1,<rdkit.Chem.rdchem.Mol object at 0x000001CB2A437300>,False,False
TRZ05782,Cc1ccnc(-c2[nH]c3c(F)cc(F)cc3c2-c2nnc(C)c(C)n2)c1,351.36,4.29,67.35,1,4,2,4,1,<rdkit.Chem.rdchem.Mol object at 0x000001CB2A437370>,False,False
TRZ05783,Cc1cc(F)c2[nH]c(-c3ccc(F)cc3)c(-c3nnc(C)c(C)n3)c2c1,350.37,4.89,54.46,1,3,2,4,1,<rdkit.Chem.rdchem.Mol object at 0x000001CB2A4373E0>,False,False
TRZ05784,COc1ccc(-c2[nH]c3c(F)cc(F)cc3c2-c2nnc(C)c(C)n2)nc1,367.36,3.99,76.58,1,5,3,4,1,<rdkit.Chem.rdchem.Mol object at 0x000001CB2A437450>,False,False
TRZ05785,Cc1nnc(-c2c(-c3ccc(F)cc3)[nH]c3c(F)cc(F)cc23)nc1C,354.34,4.72,54.46,1,3,2,4,1,<rdkit.Chem.rdchem.Mol object at 0x000001CB2A4374C0>,False,False
TRZ05786,Cc1nnc(-c2c(-c3ccc(F)cc3)[nH]c3ccccc23)nc1C,318.36,4.44,54.46,1,3,2,4,1,<rdkit.Chem.rdchem.Mol object at 0x000001CB2A437530>,False,False
TRZ05787,Cc1nnc(-c2c(-c3ccc(Cl)cn3)[nH]c3c(F)cc(F)cc23)nc1C,371.78,4.63,67.35,1,4,2,4,1,<rdkit.Chem.rdchem.Mol object at 0x000001CB2A4375A0>,False,False
TRZ05788,Cc1nnc(-c2c(-c3ccc(F)cc3)[nH]c3c(F)c(F)ccc23)nc1C,354.34,4.72,54.46,1,3,2,4,1,<rdkit.Chem.rdchem.Mol object at 0x000001CB2A437610>,False,False
TRZ05789,Cc1nnc(-c2c(-c3ccc(F)cc3)[nH]c3c(C)cccc23)nc1C,332.38,4.75,54.46,1,3,2,4,1,<rdkit.Chem.rdchem.Mol object at 0x000001CB2A437680>,False,False
TRZ05790,Cc1nnc(-c2c(-c3ccc(F)cc3)[nH]c3cc(F)c(F)cc23)nc1C,354.34,4.72,54.46,1,3,2,4,1,<rdkit.Chem.rdchem.Mol object at 0x000001CB2A4376F0>,False,False
TRZ05793,Cc1nnc(-c2c(-c3ccc(F)cc3)[nH]c3c(F)cccc23)nc1C,336.35,4.58,54.46,1,3,2,4,1,<rdkit.Chem.rdchem.Mol object at 0x000001CB2A437760>,False,False
TRZ05794,C=CC[C@@H](C)Oc1nc(-c2nnc(C)c(C)n2)c([N+](=O)[O-])cc1C(F)(F)F,383.33,3.82,103.93,0,7,6,2,1,<rdkit.Chem.rdchem.Mol object at 0x000001CB2A4377D0>,False,False
TRZ05795,Cc1nnc(-c2ccc(CN(C(=O)C3CN(C(C)(C)C)C3)c3ccccc3)c(F)c2)nc1C,447.56,4.56,62.22,0,5,5,3,1,<rdkit.Chem.rdchem.Mol object at 0x000001CB2A437840>,False,False
TRZ05796,Cc1nnc(-c2ccc(Cn3c(=O)n(C4CCN(C(=O)O)CC4)c4ccccc43)c(F)c2)nc1C,476.51,3.77,106.14,1,5,4,4,1,<rdkit.Chem.rdchem.Mol object at 0x000001CB2A4378B0>,False,False
TRZ05797,Cc1nnc(C(N)(F)c2ccccc2)nc1C,232.26,1.62,64.69,1,4,2,2,1,<rdkit.Chem.rdchem.Mol object at 0x000001CB2A437920>,False,False
TRZ05798,Cc1nnc(C2CCN(c3ccc(Cl)cc3F)CC2)nc1C,320.8,3.66,41.91,0,4,2,2,1,<rdkit.Chem.rdchem.Mol object at 0x000001CB2A437990>,False,False
TRZ05799,COc1ccc(N(Cc2ccc(-c3nnc(C)c(C)n3)cc2F)C(=O)N2CCSCC2)cc1,467.57,4.48,71.45,0,6,5,3,1,<rdkit.Chem.rdchem.Mol object at 0x000001CB2A437A00>,False,False
TRZ05800,Cc1nnc(-c2cccc(NS(=O)(=O)F)c2)nc1C,282.3,1.78,84.84,1,5,3,2,1,<rdkit.Chem.rdchem.Mol object at 0x000001CB2A437A70>,False,False
TRZ05801,Cc1nnc(C(F)(F)C2(c3cccc(NC(=O)OC(C)(C)C)c3)CC2)nc1C,390.43,4.66,77.0,1,5,4,2,1,<rdkit.Chem.rdchem.Mol object at 0x000001CB2A437AE0>,False,False
TRZ05803,Cc1nnc(C(C)(C=O)S(=O)(=O)c2ccc(F)cc2)nc1C,323.35,1.52,89.88,0,6,4,2,1,<rdkit.Chem.rdchem.Mol object at 0x000001CB2A437B50>,False,False
TRZ05804,Cc1nnc(C(c2cccc(C(F)(F)F)c2)C(C)(C)C)nc1C,323.36,4.69,38.67,0,3,2,2,1,<rdkit.Chem.rdchem.Mol object at 0x000001CB2A437BC0>,False,False
TRZ05805,Cc1nnc(C2=Cc3ccccc3S2=C(C(F)F)C(F)C(=O)c2ccco2)nc1C,431.44,4.88,68.88,0,5,5,3,1,<rdkit.Chem.rdchem.Mol object at 0x000001CB2A437C30>,False,False
TRZ05806,Cc1nnc(C2=Cc3ccc(F)cc3S2=C(CC=O)C(F)(F)F)nc1C,383.37,4.09,55.74,0,4,3,2,1,<rdkit.Chem.rdchem.Mol object at 0x000001CB2A437CA0>,False,False
TRZ05807,Cc1nnc(C2=Cc3ccc(F)cc3S2=C(C(F)F)C(F)C=O)nc1C,383.37,3.74,55.74,0,4,4,2,1,<rdkit.Chem.rdchem.Mol object at 0x000001CB2A437D10>,False,False
TRZ05808,Cc1nnc(C2=Cc3ccc(F)cc3S2=C(CC(=O)F)C(F)F)nc1C,383.37,4.09,55.74,0,4,4,2,1,<rdkit.Chem.rdchem.Mol object at 0x000001CB2A437D80>,False,False
TRZ05809,Cc1nnc(C2=C(Cl)c3ccc(F)cc3S2=C(CC=O)C(F)(F)F)nc1C,417.82,4.66,55.74,0,4,3,2,1,<rdkit.Chem.rdchem.Mol object at 0x000001CB2A437DF0>,False,False
TRZ05810,Cc1nnc(C2=C(Cl)c3ccc(F)cc3S2=C(CC(=O)F)C(F)F)nc1C,417.82,4.66,55.74,0,4,4,2,1,<rdkit.Chem.rdchem.Mol object at 0x000001CB2A437E60>,False,False
TRZ05811,Cc1nnc(C2=CC=CS2=C(C(F)F)C(F)C(=O)c2cccs2)nc1C,397.45,4.35,55.74,0,5,5,2,1,<rdkit.Chem.rdchem.Mol object at 0x000001CB2A437ED0>,False,False
TRZ05813,Cc1nnc(-c2nc(F)ccc2C=O)nc1C,232.22,1.5,68.63,0,5,2,2,1,<rdkit.Chem.rdchem.Mol object at 0x000001CB2A437F40>,False,False
TRZ05814,Cc1nnc(-c2ccnc(F)c2C=O)nc1C,232.22,1.5,68.63,0,5,2,2,1,<rdkit.Chem.rdchem.Mol object at 0x000001CB2A438040>,False,False
TRZ05815,Cc1nnc(-c2cc(F)nc(F)c2C=O)nc1C,250.21,1.64,68.63,0,5,2,2,1,<rdkit.Chem.rdchem.Mol object at 0x000001CB2A4380B0>,False,False
TRZ05816,Cc1nnc(-c2c(F)c(F)nc(F)c2C=O)nc1C,268.2,1.78,68.63,0,5,2,2,1,<rdkit.Chem.rdchem.Mol object at 0x000001CB2A438120>,False,False
TRZ05817,Cc1nnc(-c2cccc(C=O)c2F)nc1C,231.23,2.11,55.74,0,4,2,2,1,<rdkit.Chem.rdchem.Mol object at 0x000001CB2A438190>,False,False
TRZ05818,Cc1nnc(-c2c(C=O)cc(C(F)(F)F)cc2C(F)(F)F)nc1C,349.23,4.01,55.74,0,4,2,2,1,<rdkit.Chem.rdchem.Mol object at 0x000001CB2A438200>,False,False
TRZ05819,Cc1nnc(C2[C@@H](C=O)CCCN2C(=O)c2ccc(F)cc2)nc1C,342.37,2.42,76.05,0,5,3,2,1,<rdkit.Chem.rdchem.Mol object at 0x000001CB2A438270>,False,False
TRZ05820,COc1cc(-c2nnc(C)c(C)n2)c(-c2ccccc2)cc1F,309.34,3.97,47.9,0,4,3,3,1,<rdkit.Chem.rdchem.Mol object at 0x000001CB2A4382E0>,False,False
TRZ05821,Cc1nnc(-c2c(F)cccc2S)nc1C,235.29,2.58,38.67,1,4,1,2,1,<rdkit.Chem.rdchem.Mol object at 0x000001CB2A438350>,False,False
TRZ05822,Cc1nnc(-c2c(S)ccc(F)c2Cl)nc1C,269.73,3.24,38.67,1,4,1,2,1,<rdkit.Chem.rdchem.Mol object at 0x000001CB2A4383C0>,False,False
TRZ05823,Cc1nnc(C(=NOCF)c2nccs2)nc1C,267.29,1.64,73.15,0,7,4,2,1,<rdkit.Chem.rdchem.Mol object at 0x000001CB2A438430>,False,False
TRZ05824,Cc1nnc(C=Cn2cnc(-c3cc(C(F)(F)F)cc(C(F)(F)F)c3)n2)nc1C,414.31,4.41,69.38,0,5,3,3,1,<rdkit.Chem.rdchem.Mol object at 0x000001CB2A4384A0>,False,False
TRZ05825,Cc1nnc(C(=Cn2cnc(-c3cc(C(F)(F)F)cc(C(F)(F)F)c3)n2)c2cnccn2)nc1C,492.39,4.62,95.16,0,7,4,4,1,<rdkit.Chem.rdchem.Mol object at 0x000001CB2A438510>,False,False
TRZ05830,COCC=Cc1cc(C(F)(F)F)cnc1-c1nnc(C)c(C)n1,324.31,3.23,60.79,0,5,4,2,1,<rdkit.Chem.rdchem.Mol object at 0x000001CB2A438580>,False,False
TRZ05833,Cc1nnc(-c2cccc(Oc3cccc(F)c3)c2)nc1C,295.32,4.09,47.9,0,4,3,3,1,<rdkit.Chem.rdchem.Mol object at 0x000001CB2A4385F0>,False,False
TRZ05834,Cc1nnc(-c2cc(OC3CCN(C=O)C(C(C)(C)C)C3)ccc2C(F)(F)F)nc1C,436.48,4.59,68.21,0,5,4,2,1,<rdkit.Chem.rdchem.Mol object at 0x000001CB2A438660>,False,False
TRZ05835,COCC[C@H](C)c1cc(C(F)(F)F)cnc1-c1nnc(C)c(C)n1,340.35,3.71,60.79,0,5,5,2,1,<rdkit.Chem.rdchem.Mol object at 0x000001CB2A4386D0>,False,False
TRZ05836,Cc1nnc(/C=N/NCc2ccc(F)cc2)nc1C,259.29,1.75,63.06,1,5,4,2,1,<rdkit.Chem.rdchem.Mol object at 0x000001CB2A438740>,False,False
TRZ05837,CCCCNc1cc(-c2nnc(C)c(C)n2)ccc1C(F)(F)F,324.35,4.39,50.7,1,4,5,2,1,<rdkit.Chem.rdchem.Mol object at 0x000001CB2A4387B0>,False,False
TRZ05839,Cc1nnc(-c2cc(C3(C)CCNC3=O)ccc2Nc2ccc(C(F)(F)F)cc2)nc1C,441.46,4.7,79.8,2,5,4,3,1,<rdkit.Chem.rdchem.Mol object at 0x000001CB2A438820>,False,False
TRZ05843,Cc1nnc(C(F)(F)C(O)C(C(=O)OCc2ccccc2)C(C)C)nc1C,379.41,2.96,85.2,1,6,7,2,1,<rdkit.Chem.rdchem.Mol object at 0x000001CB2A438890>,False,False
TRZ05844,CCc1c(Cc2nnc(C)c(C)n2)c2cc(F)ccc2n1CCc1ccccc1,388.49,4.98,43.6,0,3,6,4,1,<rdkit.Chem.rdchem.Mol object at 0x000001CB2A438900>,False,False
TRZ05845,Cc1cc(-c2nnc(C)c(C)n2)cc(C)c1F,231.27,2.91,38.67,0,3,1,2,1,<rdkit.Chem.rdchem.Mol object at 0x000001CB2A438970>,False,False
TRZ05846,COc1c(F)cc(-c2nnc(C)c(C)n2)c(F)c1F,269.23,2.58,47.9,0,4,2,2,1,<rdkit.Chem.rdchem.Mol object at 0x000001CB2A4389E0>,False,False
TRZ05847,Cc1cc(I)ccc1Nc1c(F)cccc1-c1nnc(C)c(C)n1,434.26,4.95,50.7,1,4,3,3,1,<rdkit.Chem.rdchem.Mol object at 0x000001CB2A438A50>,False,False
TRZ05848,CCCC(c1nnc(C)c(C)n1)c1ccccc1F,259.33,3.56,38.67,0,3,4,2,1,<rdkit.Chem.rdchem.Mol object at 0x000001CB2A438AC0>,False,False
TRZ05849,Cc1nnc(C(CCC(C)(C)F)CC(O)CCc2ccccc2)nc1C,359.49,4.48,58.9,1,4,9,2,1,<rdkit.Chem.rdchem.Mol object at 0x000001CB2A438B30>,False,False
TRZ05850,Cc1nnc(C=C(CCl)c2ccc(F)cc2)nc1C,277.73,3.41,38.67,0,3,3,2,1,<rdkit.Chem.rdchem.Mol object at 0x000001CB2A438BA0>,False,False
TRZ05851,Cc1nnc(C(=O)Nc2ccc(OCc3cccc(F)c3)cc2)nc1C,352.37,3.46,77.0,1,5,5,3,1,<rdkit.Chem.rdchem.Mol object at 0x000001CB2A438C10>,False,False
TRZ05856,Cc1nnc(C(C)(C)Cc2cc(OCC3CC3(F)F)c(Cl)cc2F)nc1C,399.84,4.84,47.9,0,4,6,2,1,<rdkit.Chem.rdchem.Mol object at 0x000001CB2A438C80>,False,False
TRZ05857,CCn1nc(C(F)(F)F)cc1C(=O)Nc1c(CN)cc(Cl)cc1-c1nnc(C)c(C)n1,453.86,3.76,111.61,2,6,5,3,1,<rdkit.Chem.rdchem.Mol object at 0x000001CB2A438CF0>,False,False
TRZ05859,Cc1nnc(Cc2nc(C(F)(F)F)nc(-c3ccncc3)c2-c2ccc(F)cc2)nc1C,440.4,4.76,77.34,0,6,4,4,1,<rdkit.Chem.rdchem.Mol object at 0x000001CB2A438D60>,False,False
TRZ05861,Cc1nnc(-c2cc(CF)c(CF)nc2CF)nc1C,282.27,2.96,51.56,0,4,4,2,1,<rdkit.Chem.rdchem.Mol object at 0x000001CB2A438DD0>,False,False
TRZ05862,Cc1nnc(C=Cc2ccc(C(F)(F)F)cc2)nc1C,279.26,3.68,38.67,0,3,2,2,1,<rdkit.Chem.rdchem.Mol object at 0x000001CB2A438E40>,False,False
TRZ05868,Cc1nnc(CC2(c3nccc(OCc4ccccc4)c3C(F)(F)F)CC2)nc1C,414.43,4.76,60.79,0,5,6,3,1,<rdkit.Chem.rdchem.Mol object at 0x000001CB2A438F20>,False,False
TRZ05869,Cc1nnc(C(C(N)=O)c2cccc(C(F)(F)F)c2)nc1C,310.28,2.12,81.76,1,4,3,2,1,<rdkit.Chem.rdchem.Mol object at 0x000001CB2A438F90>,False,False
TRZ05870,Cc1nnc(C(C(c2ccc(F)cc2)c2ccc(F)cc2)N2CCNCC2)nc1C,409.48,3.55,53.94,1,5,5,3,1,<rdkit.Chem.rdchem.Mol object at 0x000001CB2A439000>,False,False
TRZ05871,Cc1nnc(-c2nc(C(=O)Cc3ccccc3)c(C(F)(F)F)cc2N)nc1C,387.37,3.58,94.65,1,6,4,3,1,<rdkit.Chem.rdchem.Mol object at 0x000001CB2A439070>,False,False
TRZ05872,Cc1nnc(-c2nc(C(F)(F)F)cnc2N)nc1C,270.22,1.55,90.47,1,6,1,2,1,<rdkit.Chem.rdchem.Mol object at 0x000001CB2A4390E0>,False,False
TRZ05873,Cc1nnc(-c2nc(C(F)(F)F)ccc2N)nc1C,269.23,2.15,77.58,1,5,1,2,1,<rdkit.Chem.rdchem.Mol object at 0x000001CB2A439150>,False,False
TRZ05874,CNc1nc(Nc2ccc(C(C)=O)c(-c3nnc(C)c(C)n3)c2)ncc1C(F)(F)F,417.4,3.95,105.58,2,8,5,3,1,<rdkit.Chem.rdchem.Mol object at 0x000001CB2A4391C0>,False,False
TRZ05875,CCCOc1nccc(C(=O)c2ccccc2F)c1-c1nnc(C)c(C)n1,366.4,3.71,77.86,0,6,6,3,1,<rdkit.Chem.rdchem.Mol object at 0x000001CB2A439230>,False,False
TRZ05876,Cc1nnc(-c2c(C(=O)c3c(F)cccc3F)ccnc2Cl)nc1C,360.75,3.71,68.63,0,5,3,3,1,<rdkit.Chem.rdchem.Mol object at 0x000001CB2A4392A0>,False,False
TRZ05877,CCCCc1cccc(-c2nnc(C)c(C)n2)c1F,259.33,3.64,38.67,0,3,4,2,1,<rdkit.Chem.rdchem.Mol object at 0x000001CB2A439310>,False,False
TRZ05878,CCCOc1nccc(C(=O)c2c(F)cccc2F)c1-c1nnc(C)c(C)n1,384.39,3.85,77.86,0,6,6,3,1,<rdkit.Chem.rdchem.Mol object at 0x000001CB2A439380>,False,False
TRZ05879,Cc1nnc(-c2c(C(=O)c3ccccc3F)ccnc2Cl)nc1C,342.76,3.57,68.63,0,5,3,3,1,<rdkit.Chem.rdchem.Mol object at 0x000001CB2A4393F0>,False,False
TRZ05880,Cc1nnc(-c2ccc(Cl)nc2C(=O)c2ccccc2C(F)(F)F)nc1C,392.77,4.45,68.63,0,5,3,3,1,<rdkit.Chem.rdchem.Mol object at 0x000001CB2A439460>,False,False
TRZ05881,Cc1nnc(-c2c(Cl)ncc(C(F)(F)F)c2C(=O)c2ccccc2F)nc1C,410.76,4.59,68.63,0,5,3,3,1,<rdkit.Chem.rdchem.Mol object at 0x000001CB2A4394D0>,False,False
TRZ05882,CCCCc1ccc(F)c(-c2nnc(C)c(C)n2)c1F,277.32,3.78,38.67,0,3,4,2,1,<rdkit.Chem.rdchem.Mol object at 0x000001CB2A439540>,False,False
TRZ05883,Cc1nnc(-c2ccc(C(F)(F)F)nc2C(=O)c2ccccc2F)nc1C,376.31,3.94,68.63,0,5,3,3,1,<rdkit.Chem.rdchem.Mol object at 0x000001CB2A4395B0>,False,False
TRZ05884,Cc1nnc(-c2ccc(C(F)(F)F)nc2C(=O)c2c(F)cccc2F)nc1C,394.3,4.08,68.63,0,5,3,3,1,<rdkit.Chem.rdchem.Mol object at 0x000001CB2A439620>,False,False
TRZ05885,Cc1nnc(C(=Cc2ccccc2F)O/N=C\C(CC(C)(C)C)n2cncn2)nc1C,423.5,4.4,90.97,0,7,7,3,1,<rdkit.Chem.rdchem.Mol object at 0x000001CB2A439690>,False,False
TRZ05886,Cc1nnc(C(=Cc2cccc(F)c2)O/N=C\C(CC(C)(C)C)n2cncn2)nc1C,423.5,4.4,90.97,0,7,7,3,1,<rdkit.Chem.rdchem.Mol object at 0x000001CB2A439700>,False,False
TRZ05887,Cc1nnc(-c2ccc(Cl)nc2C(=O)c2ccccc2F)nc1C,342.76,3.57,68.63,0,5,3,3,1,<rdkit.Chem.rdchem.Mol object at 0x000001CB2A439770>,False,False
TRZ05888,Cc1nnc(-c2ccc(Cl)nc2C(=O)c2c(F)cccc2F)nc1C,360.75,3.71,68.63,0,5,3,3,1,<rdkit.Chem.rdchem.Mol object at 0x000001CB2A4397E0>,False,False
TRZ05889,Cc1nnc(-c2c(C(=O)c3ccccc3C(F)(F)F)ccnc2Cl)nc1C,392.77,4.45,68.63,0,5,3,3,1,<rdkit.Chem.rdchem.Mol object at 0x000001CB2A439850>,False,False
TRZ05890,Cc1nnc(-c2c(Cl)ncc(C(F)(F)F)c2C(=O)c2c(F)cccc2F)nc1C,428.75,4.73,68.63,0,5,3,3,1,<rdkit.Chem.rdchem.Mol object at 0x000001CB2A4398C0>,False,False
TRZ05891,Cc1nnc(-c2nnn(-c3cccc(F)c3)c2-c2cccc(F)c2F)nc1C,382.35,3.82,69.38,0,5,3,4,1,<rdkit.Chem.rdchem.Mol object at 0x000001CB2A439930>,False,False
TRZ05892,Cc1nnc(-c2nnn(-c3ccc(F)cc3)c2-c2cccc(F)c2F)nc1C,382.35,3.82,69.38,0,5,3,4,1,<rdkit.Chem.rdchem.Mol object at 0x000001CB2A4399A0>,False,False
TRZ05893,Cc1nnc(-c2c(C(F)(F)F)nn(-c3ccccc3)c2Cl)nc1C,353.74,4.01,56.49,0,4,2,3,1,<rdkit.Chem.rdchem.Mol object at 0x000001CB2A439A10>,False,False
TRZ05894,Cc1nnc(-c2c(C(F)(F)F)nn(C)c2Cl)nc1C,291.66,2.56,56.49,0,4,1,2,1,<rdkit.Chem.rdchem.Mol object at 0x000001CB2A439A80>,False,False
TRZ05895,Cc1nnc(Cc2cccc(Cl)c2F)nc1C,251.69,2.87,38.67,0,3,2,2,1,<rdkit.Chem.rdchem.Mol object at 0x000001CB2A439AF0>,False,False
TRZ05896,Cc1nnc(-c2cc(C(=O)c3cc(F)ccc3F)cnc2N)nc1C,341.32,2.64,94.65,1,6,3,3,1,<rdkit.Chem.rdchem.Mol object at 0x000001CB2A439B60>,False,False
TRZ05897,Cc1nnc(-c2nc(C(=O)Cc3ccccc3)c(C(F)(F)F)nc2N)nc1C,388.35,2.97,107.54,1,7,4,3,1,<rdkit.Chem.rdchem.Mol object at 0x000001CB2A439BD0>,False,False
TRZ05898,CNc1nc(Nc2ccc(-c3nnc(C)c(C)n3)cc2)ncc1C(F)(F)F,375.36,3.75,88.51,2,7,4,3,1,<rdkit.Chem.rdchem.Mol object at 0x000001CB2A439C40>,False,False
TRZ05899,Cc1nnc(-c2nc(-c3ccccc3)c3[nH]c4ccccc4c3c2F)nc1C,369.4,4.99,67.35,1,4,2,5,1,<rdkit.Chem.rdchem.Mol object at 0x000001CB2A439CB0>,False,False
TRZ05901,Cc1nnc(-c2c(F)cccc2-c2c(F)cccc2F)nc1C,315.3,4.24,38.67,0,3,2,3,1,<rdkit.Chem.rdchem.Mol object at 0x000001CB2A439D20>,False,False
TRZ05902,Cc1nnc(-c2c(F)cccc2-c2cc(F)cc(F)c2)nc1C,315.3,4.24,38.67,0,3,2,3,1,<rdkit.Chem.rdchem.Mol object at 0x000001CB2A439D90>,False,False
TRZ05903,Cc1nnc(-c2nc(C(=O)c3ccccc3F)cnc2N)nc1C,324.32,1.9,107.54,1,7,3,3,1,<rdkit.Chem.rdchem.Mol object at 0x000001CB2A439E00>,False,False
TRZ05904,Cc1nnc(C2(c3ccc(OC(F)(F)F)cc3)C=CON2)nc1C,338.29,2.68,69.16,1,6,3,2,1,<rdkit.Chem.rdchem.Mol object at 0x000001CB2A439E70>,False,False
TRZ05905,Cc1nnc(C(N)(Cl)c2ccc(F)cc2)nc1C,266.71,2.03,64.69,1,4,2,2,1,<rdkit.Chem.rdchem.Mol object at 0x000001CB2A439EE0>,False,False
TRZ05906,Cc1nnc(C(=O)Oc2c(F)cccc2F)nc1C,265.22,1.99,64.97,0,5,2,2,1,<rdkit.Chem.rdchem.Mol object at 0x000001CB2A439F50>,False,False
TRZ05907,Cc1nnc(C(=O)Oc2cccc(F)c2)nc1C,247.23,1.85,64.97,0,5,2,2,1,<rdkit.Chem.rdchem.Mol object at 0x000001CB2A439FC0>,False,False
TRZ05908,Cc1nnc(C(=O)Oc2cccc(F)c2F)nc1C,265.22,1.99,64.97,0,5,2,2,1,<rdkit.Chem.rdchem.Mol object at 0x000001CB2A43A030>,False,False
TRZ05909,Cc1nnc(-c2ccc(CNS(=O)(=O)CCN3CCCC3)c(F)c2)nc1C,393.49,1.81,88.08,1,6,7,2,1,<rdkit.Chem.rdchem.Mol object at 0x000001CB2A43A0A0>,False,False
TRZ05910,Cc1nnc(-c2ccc(CS(=O)(=O)OCNC3CCN(CC(C)C)CC3)c(F)c2)nc1C,465.6,2.81,97.31,1,8,9,2,1,<rdkit.Chem.rdchem.Mol object at 0x000001CB2A43A110>,False,False
TRZ05911,Cc1nnc(-c2ccc(CC3CN(c4ccc(C(F)(F)F)cc4)CCO3)cc2)nc1C,428.46,4.62,51.14,0,5,4,3,1,<rdkit.Chem.rdchem.Mol object at 0x000001CB2A43A180>,False,False
TRZ05912,Cc1nnc(-c2cc(F)c(CC3CN(c4ccccc4)CCO3)c(F)c2)nc1C,396.44,3.88,51.14,0,5,4,3,1,<rdkit.Chem.rdchem.Mol object at 0x000001CB2A43A1F0>,False,False
TRZ05913,Cc1nnc(-c2ccc(CC3CN(c4cccc(C(F)(F)F)c4)CCO3)cc2)nc1C,428.46,4.62,51.14,0,5,4,3,1,<rdkit.Chem.rdchem.Mol object at 0x000001CB2A43A260>,False,False
TRZ05914,Cc1nnc(-c2ccc(CN3CCSC(c4ccc(F)cc4)C3)cc2)nc1C,394.52,4.58,41.91,0,5,4,3,1,<rdkit.Chem.rdchem.Mol object at 0x000001CB2A43A2D0>,False,False
TRZ05916,Cc1nnc(-c2ccc(CN3CCSC(c4ccccc4F)C3)cc2)nc1C,394.52,4.58,41.91,0,5,4,3,1,<rdkit.Chem.rdchem.Mol object at 0x000001CB2A43A340>,False,False
TRZ05918,Cc1nnc(-c2ccc(CN3CCOC(c4cccc(F)c4)C3)cc2)nc1C,378.45,3.87,51.14,0,5,4,3,1,<rdkit.Chem.rdchem.Mol object at 0x000001CB2A43A3B0>,False,False
TRZ05919,Cc1nnc(-c2cc(C(F)(F)F)ccc2CN2CCN(CC(C)C)CC2)nc1C,407.48,3.95,45.15,0,5,5,2,1,<rdkit.Chem.rdchem.Mol object at 0x000001CB2A43A420>,False,False
TRZ05920,Cc1nnc(-c2cc(C(=O)c3c(Cl)ccc(F)c3Cl)cnc2N)nc1C,392.22,3.81,94.65,1,6,3,3,1,<rdkit.Chem.rdchem.Mol object at 0x000001CB2A43A490>,False,False
TRZ05922,Cc1nnc(-c2nc3cc4c(-c5ccncc5)[nH]n(-c5ccc(F)cc5)c4cc3n2)nc1C,436.45,4.57,98.06,1,6,3,6,1,<rdkit.Chem.rdchem.Mol object at 0x000001CB2A43A500>,False,False
TRZ05923,Cc1nnc(-c2nc3cc4c(-c5ccncc5)[nH]n(-c5cccc(F)c5)c4cc3n2)nc1C,436.45,4.57,98.06,1,6,3,6,1,<rdkit.Chem.rdchem.Mol object at 0x000001CB2A43A570>,False,False
TRZ05924,Cc1nnc(-c2occc2C(=O)c2ccc(F)c([N+](=O)[O-])c2)nc1C,342.29,3.03,112.02,0,7,4,3,1,<rdkit.Chem.rdchem.Mol object at 0x000001CB2A43A5E0>,False,False
TRZ05925,Cc1nnc(C(Cc2ccc(F)cc2)N2CSC(S)N(C)C2)nc1C,379.53,3.02,45.15,1,7,4,2,1,<rdkit.Chem.rdchem.Mol object at 0x000001CB2A43A650>,False,False
TRZ05926,Cc1nnc(-c2ncc(C(F)(F)F)cc2C2CNCCO2)nc1C,339.32,2.23,72.82,1,6,2,2,1,<rdkit.Chem.rdchem.Mol object at 0x000001CB2A43A6C0>,False,False
TRZ05927,Cc1nnc(-c2ncc(C(F)(F)F)cc2C2COCCN2)nc1C,339.32,2.23,72.82,1,6,2,2,1,<rdkit.Chem.rdchem.Mol object at 0x000001CB2A43A730>,False,False
TRZ05928,Cc1nnc(-c2ccc3c(c2)C(=O)N([C@@H]2CCCC(F)(F)[C@@H]2OC(N)=O)C3)nc1C,417.42,2.76,111.3,1,6,3,2,1,<rdkit.Chem.rdchem.Mol object at 0x000001CB2A43A7A0>,False,False
TRZ05929,Cc1nnc(-c2cc(F)c3c(c2)C(=O)N([C@@H]2CCOC[C@H]2OC(N)=O)C3)nc1C,401.4,1.5,120.53,1,7,3,2,1,<rdkit.Chem.rdchem.Mol object at 0x000001CB2A43A810>,False,False
TRZ05931,Cc1nnc(-c2cc3nc(C(=O)c4cccc(F)c4)nc(N4CCOCC4)c3s2)nc1C,450.5,3.37,93.99,0,9,4,4,1,<rdkit.Chem.rdchem.Mol object at 0x000001CB2A43A880>,False,False
TRZ05932,C#CCN1C(=O)C2(CC2)Oc2cc(F)c(CC(C)(C)c3nnc(C)c(C)n3)cc21,394.45,3.04,68.21,0,5,4,2,1,<rdkit.Chem.rdchem.Mol object at 0x000001CB2A43A8F0>,False,False
TRZ05934,Cc1nnc(C(c2nc(N)nc(Cl)c2Br)c2c(F)cccc2F)nc1C,441.67,3.73,90.47,1,6,3,3,1,<rdkit.Chem.rdchem.Mol object at 0x000001CB2A43A960>,False,False
TRZ05935,COC(Cc1nnc(C)c(C)n1)=C1Nc2c(C)cc(F)cc2NC1(C)C,357.43,3.65,71.96,2,6,3,2,1,<rdkit.Chem.rdchem.Mol object at 0x000001CB2A43A9D0>,False,False
TRZ05936,COCC(=C1Nc2c(C)cc(F)cc2NC1(C)C)c1nnc(C)c(C)n1,357.43,3.61,71.96,2,6,3,2,1,<rdkit.Chem.rdchem.Mol object at 0x000001CB2A43AA40>,False,False
TRZ05937,Cc1ccc(-c2nnc(C)c(C)n2)c(C(=O)C(F)F)c1F,295.26,3.05,55.74,0,4,3,2,1,<rdkit.Chem.rdchem.Mol object at 0x000001CB2A43AAB0>,False,False
TRZ05939,Cc1nnc(-c2ccc(CN(C=O)CCC(C)Cc3cccc(F)c3)c(F)c2)nc1C,424.5,4.66,58.98,0,4,9,3,1,<rdkit.Chem.rdchem.Mol object at 0x000001CB2A43AB20>,False,False
