molecule_id,triazine_smiles,metal,cmplx_smiles,Exp LgK1
TRZ05617,Cc1nnc(CN2CCN(C(=O)c3cc(Cc4n[nH]c(=O)c5ccccc45)ccc3F)CC2)nc1C,Zn2+,Cc1nnc(CN2CCN(C(=O)c3cc(Cc4n[nH]c(=O)c5ccccc45)ccc3F)CC2)nc1C.[Zn+2],9.081921
TRZ02808,Cc1nnc(C(=NNc2ccccc2)S(=O)(=O)c2ccc(Cl)cc2)nc1C,Zn2+,Cc1nnc(C(=NNc2ccccc2)S(=O)(=O)c2ccc(Cl)cc2)nc1C.[Zn+2],8.390675
TRZ00235,Cc1nnc(-c2[nH]c3ccc(S(N)(=O)=O)cc3c2-c2ccccc2Br)nc1C,Zn2+,Cc1nnc(-c2[nH]c3ccc(S(N)(=O)=O)cc3c2-c2ccccc2Br)nc1C.[Zn+2],8.271766
TRZ04688,Cc1nnc(COCC(=O)NC23CC(NC(=O)COc4ccc(Cl)c(F)c4)(C2)C3)nc1C,Zn2+,Cc1nnc(COCC(=O)NC23CC(NC(=O)COc4ccc(Cl)c(F)c4)(C2)C3)nc1C.[Zn+2],8.20213
TRZ00950,Cc1nnc(/C(=N/Nc2ccc(Cl)cc2)S(=O)(=O)c2ccc(Cl)cc2)nc1C,Zn2+,Cc1nnc(/C(=N/Nc2ccc(Cl)cc2)S(=O)(=O)c2ccc(Cl)cc2)nc1C.[Zn+2],7.944315
TRZ00522,Cc1nnc(/C(=N/Nc2ccccc2)S(=O)(=O)c2ccc(Cl)cc2)nc1C,Zn2+,Cc1nnc(/C(=N/Nc2ccccc2)S(=O)(=O)c2ccc(Cl)cc2)nc1C.[Zn+2],7.656479
TRZ01165,Cc1nnc(-c2ccccc2Nc2nc(Nc3ccc(N4CCN(C)CC4)cc3)ncc2F)nc1C,Zn2+,Cc1nnc(-c2ccccc2Nc2nc(Nc3ccc(N4CCN(C)CC4)cc3)ncc2F)nc1C.[Zn+2],7.590107
TRZ03962,Cc1nnc(CN2CCN(Cc3c(F)cccc3Cl)CC2)nc1C,Zn2+,Cc1nnc(CN2CCN(Cc3c(F)cccc3Cl)CC2)nc1C.[Zn+2],7.58383
TRZ02164,Cc1ccc(N/N=C(\c2nnc(C)c(C)n2)S(=O)(=O)c2ccc(Cl)cc2)cc1,Zn2+,Cc1ccc(N/N=C(\c2nnc(C)c(C)n2)S(=O)(=O)c2ccc(Cl)cc2)cc1.[Zn+2],7.4993834
TRZ01168,Cc1nnc(-c2ccccc2Nc2nc(Nc3ccc(N4CCOCC4)cc3)ncc2F)nc1C,Zn2+,Cc1nnc(-c2ccccc2Nc2nc(Nc3ccc(N4CCOCC4)cc3)ncc2F)nc1C.[Zn+2],7.385506
TRZ04691,Cc1nnc(/C(=C\c2cccc(O)c2O)N(C)CCN(C)Cc2cccc(C(F)(F)F)c2)nc1C,Zn2+,Cc1nnc(/C(=C\c2cccc(O)c2O)N(C)CCN(C)Cc2cccc(C(F)(F)F)c2)nc1C.[Zn+2],7.359729
TRZ00370,Cc1nnc(CC(=O)NC2(Cc3ccc(O)cc3)CCCCC2)nc1C,Zn2+,Cc1nnc(CC(=O)NC2(Cc3ccc(O)cc3)CCCCC2)nc1C.[Zn+2],7.278683
TRZ03706,COc1nc(NCCc2c(F)cccc2Cl)cc(-c2ccc(=O)n(Cc3nnc(C)c(C)n3)c2)n1,Zn2+,COc1nc(NCCc2c(F)cccc2Cl)cc(-c2ccc(=O)n(Cc3nnc(C)c(C)n3)c2)n1.[Zn+2],7.17662
TRZ02272,Cc1nnc(C(CS)NC(=O)C(Cc2c[nH]c3ccccc23)NC(=O)OC(C)(C)C)nc1C,Zn2+,Cc1nnc(C(CS)NC(=O)C(Cc2c[nH]c3ccccc23)NC(=O)OC(C)(C)C)nc1C.[Zn+2],7.124704
TRZ02171,Cc1nnc(CN2CCN(Cc3ccccc3Cl)CC2)nc1C,Zn2+,Cc1nnc(CN2CCN(Cc3ccccc3Cl)CC2)nc1C.[Zn+2],7.1064568
TRZ00469,Cc1nnc(CN2CCN(Cc3ccccc3)CC2)nc1C,Zn2+,Cc1nnc(CN2CCN(Cc3ccccc3)CC2)nc1C.[Zn+2],7.075453
TRZ01215,Cc1nnc(C(NC(=O)c2ccccc2)c2n[nH]c(=O)c3ccccc23)nc1C,Zn2+,Cc1nnc(C(NC(=O)c2ccccc2)c2n[nH]c(=O)c3ccccc23)nc1C.[Zn+2],7.065173
TRZ01175,CCN1CCN(c2ccc(Nc3ncc(F)c(Nc4ccccc4-c4nnc(C)c(C)n4)n3)cc2)CC1,Zn2+,CCN1CCN(c2ccc(Nc3ncc(F)c(Nc4ccccc4-c4nnc(C)c(C)n4)n3)cc2)CC1.[Zn+2],6.9622283
TRZ00544,Cc1nnc(CN2C(=O)c3ccccc3NC2c2ccco2)nc1C,Zn2+,Cc1nnc(CN2C(=O)c3ccccc3NC2c2ccco2)nc1C.[Zn+2],6.9336166
TRZ03513,Cc1nnc(Cn2nc(-c3c(C)n(CC(=O)O)c4ccc(F)cc34)c3ccccc3c2=O)nc1C,Zn2+,Cc1nnc(Cn2nc(-c3c(C)n(CC(=O)O)c4ccc(F)cc34)c3ccccc3c2=O)nc1C.[Zn+2],6.6973376
TRZ01490,Cc1nnc(-c2ccc(CN(c3cccc(Cl)c3)S(C)(=O)=O)nc2)nc1C,Zn2+,Cc1nnc(-c2ccc(CN(c3cccc(Cl)c3)S(C)(=O)=O)nc2)nc1C.[Zn+2],6.677603
TRZ04545,Cc1nnc(-c2ccc(CN3CCN(C)CC3c3ccc(F)cc3)nc2)nc1C,Zn2+,Cc1nnc(-c2ccc(CN3CCN(C)CC3c3ccc(F)cc3)nc2)nc1C.[Zn+2],6.604425
TRZ01419,Cc1nnc(-c2cc(S(=O)(=O)NCc3ccccc3)ccc2O)nc1C,Zn2+,Cc1nnc(-c2cc(S(=O)(=O)NCc3ccccc3)ccc2O)nc1C.[Zn+2],6.5708375
TRZ04572,Cc1nnc(-c2ccc(CN3CCN(C)CC3c3cccc(F)c3)nc2)nc1C,Zn2+,Cc1nnc(-c2ccc(CN3CCN(C)CC3c3cccc(F)c3)nc2)nc1C.[Zn+2],6.5451083
TRZ00397,COc1cccc(Oc2cn[nH]c2-c2ccc(OCc3nnc(C)c(C)n3)cc2O)c1,Zn2+,COc1cccc(Oc2cn[nH]c2-c2ccc(OCc3nnc(C)c(C)n3)cc2O)c1.[Zn+2],6.5151377
TRZ00229,Cc1nnc(-c2[nH]c3ccc(S(N)(=O)=O)cc3c2-c2ccccc2F)nc1C,Zn2+,Cc1nnc(-c2[nH]c3ccc(S(N)(=O)=O)cc3c2-c2ccccc2F)nc1C.[Zn+2],6.4148684
TRZ00978,Cc1cc(O)ccc1-n1cc(-c2nnc(C)c(C)n2)c(=O)c2ccc(-c3ccncc3)cc21,Zn2+,Cc1cc(O)ccc1-n1cc(-c2nnc(C)c(C)n2)c(=O)c2ccc(-c3ccncc3)cc21.[Zn+2],6.378371
TRZ03963,Cc1nnc(CN2CCN(Cc3ccc(C(F)(F)F)cc3)CC2)nc1C,Zn2+,Cc1nnc(CN2CCN(Cc3ccc(C(F)(F)F)cc3)CC2)nc1C.[Zn+2],6.377061
TRZ00232,Cc1nnc(-c2[nH]c3ccc(S(N)(=O)=O)cc3c2-c2ccccc2Cl)nc1C,Zn2+,Cc1nnc(-c2[nH]c3ccc(S(N)(=O)=O)cc3c2-c2ccccc2Cl)nc1C.[Zn+2],6.373765
TRZ02342,Cc1nnc(CNC(=O)c2ccc(S(=O)(=O)N(C)C)cc2)nc1C,Zn2+,Cc1nnc(CNC(=O)c2ccc(S(=O)(=O)N(C)C)cc2)nc1C.[Zn+2],6.349469
TRZ04505,Cc1nnc(-c2ccc(CN3CCN(C)CC3c3ccccc3F)nc2)nc1C,Zn2+,Cc1nnc(-c2ccc(CN3CCN(C)CC3c3ccccc3F)nc2)nc1C.[Zn+2],6.3097105
TRZ00654,COc1ccc(Oc2cn[nH]c2-c2ccc(OCc3nnc(C)c(C)n3)cc2O)cc1,Zn2+,COc1ccc(Oc2cn[nH]c2-c2ccc(OCc3nnc(C)c(C)n3)cc2O)cc1.[Zn+2],6.3000746
TRZ04318,Cc1nnc(-c2ccc(CN(c3cccc(C(F)(F)F)c3)S(C)(=O)=O)nc2)nc1C,Zn2+,Cc1nnc(-c2ccc(CN(c3cccc(C(F)(F)F)c3)S(C)(=O)=O)nc2)nc1C.[Zn+2],6.2204976
TRZ00547,Cc1nnc(C(C)N2C(=O)c3ccccc3NC2c2ccco2)nc1C,Zn2+,Cc1nnc(C(C)N2C(=O)c3ccccc3NC2c2ccco2)nc1C.[Zn+2],6.2179165
TRZ01140,Cc1nnc(-c2cnc3n(c2=O)C(C)CC/C3=N\Nc2ccccc2)nc1C,Zn2+,Cc1nnc(-c2cnc3n(c2=O)C(C)CC/C3=N\Nc2ccccc2)nc1C.[Zn+2],6.1989517
TRZ01143,Cc1nnc(C2(C)C(=O)Nc3cc4nc(-c5ccncc5)[nH]c4cc32)nc1C,Zn2+,Cc1nnc(C2(C)C(=O)Nc3cc4nc(-c5ccncc5)[nH]c4cc32)nc1C.[Zn+2],6.183326
TRZ02550,Cc1nnc(-c2ccccc2S(=O)(=O)NCC2CC(c3ccc(Cl)cc3)=NO2)nc1C,Zn2+,Cc1nnc(-c2ccccc2S(=O)(=O)NCC2CC(c3ccc(Cl)cc3)=NO2)nc1C.[Zn+2],6.1763806
TRZ04328,Cc1nnc(-c2ccc(CN(c3cccc(F)c3)S(C)(=O)=O)nc2)nc1C,Zn2+,Cc1nnc(-c2ccc(CN(c3cccc(F)c3)S(C)(=O)=O)nc2)nc1C.[Zn+2],6.131913
TRZ00234,Cc1nnc(-c2[nH]c3ccc(S(N)(=O)=O)cc3c2-c2ccc(Cl)cc2)nc1C,Zn2+,Cc1nnc(-c2[nH]c3ccc(S(N)(=O)=O)cc3c2-c2ccc(Cl)cc2)nc1C.[Zn+2],6.075354
TRZ00545,Cc1nnc(CN2C(=O)c3ccccc3NC2c2ccc(Cl)cc2)nc1C,Zn2+,Cc1nnc(CN2C(=O)c3ccccc3NC2c2ccc(Cl)cc2)nc1C.[Zn+2],6.073415
TRZ00137,Cc1nnc(-c2ccc(F)c3c(C(=O)C(=O)N4CCN(C(=O)c5ccccc5)CC4)c[nH]c23)nc1C,Zn2+,Cc1nnc(-c2ccc(F)c3c(C(=O)C(=O)N4CCN(C(=O)c5ccccc5)CC4)c[nH]c23)nc1C.[Zn+2],6.0639763
TRZ02432,Cc1nnc(CN2CCN(Cc3ccc4c(c3)OCO4)CC2)nc1C,Zn2+,Cc1nnc(CN2CCN(Cc3ccc4c(c3)OCO4)CC2)nc1C.[Zn+2],6.0575686
TRZ04077,Cc1nnc(CN2CCN(Cc3ccc(F)cc3)CC2)nc1C,Zn2+,Cc1nnc(CN2CCN(Cc3ccc(F)cc3)CC2)nc1C.[Zn+2],6.0574245
TRZ04678,Cc1nnc(-c2cnc3c(c2)C(=O)N(C2COCCC2Oc2ccc(F)cc2)C3)nc1C,Zn2+,Cc1nnc(-c2cnc3c(c2)C(=O)N(C2COCCC2Oc2ccc(F)cc2)C3)nc1C.[Zn+2],5.9655533
TRZ00226,Cc1ccccc1-c1c(-c2nnc(C)c(C)n2)[nH]c2ccc(S(N)(=O)=O)cc12,Zn2+,Cc1ccccc1-c1c(-c2nnc(C)c(C)n2)[nH]c2ccc(S(N)(=O)=O)cc12.[Zn+2],5.903758
TRZ01713,Cc1nnc(CN2CCN(c3cc4c(cc3F)c(=O)c(C(=O)O)cn4C3CC3)CC2)nc1C,Zn2+,Cc1nnc(CN2CCN(c3cc4c(cc3F)c(=O)c(C(=O)O)cn4C3CC3)CC2)nc1C.[Zn+2],5.8615427
TRZ04682,Cc1nnc(-c2cnc3c(c2)C(=O)N(C2CCCCC2Oc2ccc(F)cc2)C3)nc1C,Zn2+,Cc1nnc(-c2cnc3c(c2)C(=O)N(C2CCCCC2Oc2ccc(F)cc2)C3)nc1C.[Zn+2],5.8583117
TRZ00048,Cc1nnc(-c2[nH]c3ccc(S(N)(=O)=O)cc3c2-c2ccccc2)nc1C,Zn2+,Cc1nnc(-c2[nH]c3ccc(S(N)(=O)=O)cc3c2-c2ccccc2)nc1C.[Zn+2],5.843854
TRZ03540,Cc1nnc(CN(Cc2ccccc2)S(=O)(=O)c2ccccc2C(F)(F)F)nc1C,Zn2+,Cc1nnc(CN(Cc2ccccc2)S(=O)(=O)c2ccccc2C(F)(F)F)nc1C.[Zn+2],5.8335924
TRZ00495,Cc1nnc(CCN2CCN(C(c3ccccc3)c3ccccc3)CC2)nc1C,Zn2+,Cc1nnc(CCN2CCN(C(c3ccccc3)c3ccccc3)CC2)nc1C.[Zn+2],5.8333387
TRZ01407,Cc1nnc(CN(Cc2ccccc2)S(=O)(=O)c2ccc(Cl)cc2)nc1C,Zn2+,Cc1nnc(CN(Cc2ccccc2)S(=O)(=O)c2ccc(Cl)cc2)nc1C.[Zn+2],5.8176374
TRZ04677,Cc1nnc(-c2cnc3c(c2)C(=O)N([C@@H]2COCC[C@H]2Oc2ccc(F)cc2)C3)nc1C,Zn2+,Cc1nnc(-c2cnc3c(c2)C(=O)N([C@@H]2COCC[C@H]2Oc2ccc(F)cc2)C3)nc1C.[Zn+2],5.7885146
TRZ01987,Cc1nnc(COc2c(Br)cc(Br)c3cccnc23)nc1C,Zn2+,Cc1nnc(COc2c(Br)cc(Br)c3cccnc23)nc1C.[Zn+2],5.780718
TRZ00812,Cc1nnc(-c2cccc(Cc3cnc[nH]3)c2O)nc1C,Zn2+,Cc1nnc(-c2cccc(Cc3cnc[nH]3)c2O)nc1C.[Zn+2],5.7781296
TRZ05202,Cc1nnc(-c2ccc(N3CCC(S(=O)(=O)N(C)c4ccc(F)c(Cl)c4)CC3)nc2)nc1C,Zn2+,Cc1nnc(-c2ccc(N3CCC(S(=O)(=O)N(C)c4ccc(F)c(Cl)c4)CC3)nc2)nc1C.[Zn+2],5.718955
TRZ04408,Cc1nnc(-c2cnc(NC3(c4ccc(F)c(N5CCOCC5)c4)CCC3)nc2)nc1C,Zn2+,Cc1nnc(-c2cnc(NC3(c4ccc(F)c(N5CCOCC5)c4)CCC3)nc2)nc1C.[Zn+2],5.6768885
TRZ00306,COc1ccc(-c2cn[nH]c2-c2ccc(OCc3nnc(C)c(C)n3)cc2O)cc1,Zn2+,COc1ccc(-c2cn[nH]c2-c2ccc(OCc3nnc(C)c(C)n3)cc2O)cc1.[Zn+2],5.6675396
TRZ01008,CCN1C(=O)c2cccc3c(S(=O)(=O)N4CCC[C@@H]4c4nnc(C)c(C)n4)ccc1c23,Zn2+,CCN1C(=O)c2cccc3c(S(=O)(=O)N4CCC[C@@H]4c4nnc(C)c(C)n4)ccc1c23.[Zn+2],5.6657143
TRZ00999,CCN1CCN(CCCNc2ccc(Nc3c(-c4nnc(C)c(C)n4)cnc4ccccc34)cc2)CC1,Zn2+,CCN1CCN(CCCNc2ccc(Nc3c(-c4nnc(C)c(C)n4)cnc4ccccc34)cc2)CC1.[Zn+2],5.6614695
TRZ01692,CCN1CCN(CCCOc2ccc(Nc3c(-c4nnc(C)c(C)n4)cnc4ccccc34)cc2)CC1,Zn2+,CCN1CCN(CCCOc2ccc(Nc3c(-c4nnc(C)c(C)n4)cnc4ccccc34)cc2)CC1.[Zn+2],5.6095133
TRZ01878,Cc1nnc(CNc2c(-c3ccsc3)nc3ccccn23)nc1C,Zn2+,Cc1nnc(CNc2c(-c3ccsc3)nc3ccccn23)nc1C.[Zn+2],5.6080704
TRZ01975,CCCc1cc(-c2[nH]ncc2-c2ccc(-c3nnc(C)c(C)n3)o2)c(O)cc1O,Zn2+,CCCc1cc(-c2[nH]ncc2-c2ccc(-c3nnc(C)c(C)n3)o2)c(O)cc1O.[Zn+2],5.5569715
TRZ00231,Cc1nnc(-c2[nH]c3ccc(S(N)(=O)=O)cc3c2-c2ccc(F)cc2)nc1C,Zn2+,Cc1nnc(-c2[nH]c3ccc(S(N)(=O)=O)cc3c2-c2ccc(F)cc2)nc1C.[Zn+2],5.5535603
TRZ02548,Cc1ccc(C2=NOC(CNS(=O)(=O)c3ccccc3-c3nnc(C)c(C)n3)C2)cc1,Zn2+,Cc1ccc(C2=NOC(CNS(=O)(=O)c3ccccc3-c3nnc(C)c(C)n3)C2)cc1.[Zn+2],5.539022
TRZ04378,Cc1nnc(-c2ccc(CN(C(=O)c3ccncc3)c3cccc(F)c3)nc2)nc1C,Zn2+,Cc1nnc(-c2ccc(CN(C(=O)c3ccncc3)c3cccc(F)c3)nc2)nc1C.[Zn+2],5.4867206
TRZ02549,Cc1nnc(-c2ccccc2S(=O)(=O)NCC2CC(c3ccccc3Cl)=NO2)nc1C,Zn2+,Cc1nnc(-c2ccccc2S(=O)(=O)NCC2CC(c3ccccc3Cl)=NO2)nc1C.[Zn+2],5.4669776
TRZ00227,Cc1cccc(-c2c(-c3nnc(C)c(C)n3)[nH]c3ccc(S(N)(=O)=O)cc23)c1,Zn2+,Cc1cccc(-c2c(-c3nnc(C)c(C)n3)[nH]c3ccc(S(N)(=O)=O)cc23)c1.[Zn+2],5.462422
TRZ04870,Cc1nnc(CN2CCNCC2C(c2ccc(F)cc2)c2ccc(F)cc2)nc1C,Zn2+,Cc1nnc(CN2CCNCC2C(c2ccc(F)cc2)c2ccc(F)cc2)nc1C.[Zn+2],5.426404
TRZ00233,Cc1nnc(-c2[nH]c3ccc(S(N)(=O)=O)cc3c2-c2cccc(Cl)c2)nc1C,Zn2+,Cc1nnc(-c2[nH]c3ccc(S(N)(=O)=O)cc3c2-c2cccc(Cl)c2)nc1C.[Zn+2],5.41428
TRZ02551,Cc1nnc(-c2ccccc2S(=O)(=O)NCC2CC(c3ccccc3)=NO2)nc1C,Zn2+,Cc1nnc(-c2ccccc2S(=O)(=O)NCC2CC(c3ccccc3)=NO2)nc1C.[Zn+2],5.4125576
TRZ05747,Cc1nnc(-c2ncc3c(F)cc(S(=O)(=O)NC4(C)CC4)cn23)nc1C,Zn2+,Cc1nnc(-c2ncc3c(F)cc(S(=O)(=O)NC4(C)CC4)cn23)nc1C.[Zn+2],5.412434
TRZ00587,Cc1nnc(CN2CCN(c3ncc(C(F)(F)F)cc3Cl)CC2)nc1C,Zn2+,Cc1nnc(CN2CCN(c3ncc(C(F)(F)F)cc3Cl)CC2)nc1C.[Zn+2],5.3947186
TRZ02172,Cc1ccc(S(=O)(=O)N2CCN(Cc3nnc(C)c(C)n3)CC2)cc1,Zn2+,Cc1ccc(S(=O)(=O)N2CCN(Cc3nnc(C)c(C)n3)CC2)cc1.[Zn+2],5.3901362
TRZ02320,Cc1nnc(Cc2csc(CC(N)=O)n2)nc1C,Zn2+,Cc1nnc(Cc2csc(CC(N)=O)n2)nc1C.[Zn+2],5.380069
TRZ04660,CNS(=O)(=O)c1ccc(Nc2ccc(C(F)(F)F)cc2)c(-c2nnc(C)c(C)n2)c1,Zn2+,CNS(=O)(=O)c1ccc(Nc2ccc(C(F)(F)F)cc2)c(-c2nnc(C)c(C)n2)c1.[Zn+2],5.353612
TRZ01860,COCCOc1ccc(Nc2ncc(F)c(Nc3ccccc3-c3nnc(C)c(C)n3)n2)cc1,Zn2+,COCCOc1ccc(Nc2ncc(F)c(Nc3ccccc3-c3nnc(C)c(C)n3)n2)cc1.[Zn+2],5.344811
TRZ00644,Cc1nnc(C(Cc2ccc(O)cc2)N2Cc3ccccc3C2=O)nc1C,Zn2+,Cc1nnc(C(Cc2ccc(O)cc2)N2Cc3ccccc3C2=O)nc1C.[Zn+2],5.3384886
TRZ04742,Cc1nnc(-c2ccc(CN(C(=O)N3CCN(C)CC3)c3ccc(F)cc3)nc2)nc1C,Zn2+,Cc1nnc(-c2ccc(CN(C(=O)N3CCN(C)CC3)c3ccc(F)cc3)nc2)nc1C.[Zn+2],5.320692
TRZ01594,Cc1nnc([C@H](CCCN)NC(=O)c2cc(C34CC5CC(CC(C5)C3)C4)c3ccccc3n2)nc1C,Zn2+,Cc1nnc([C@H](CCCN)NC(=O)c2cc(C34CC5CC(CC(C5)C3)C4)c3ccccc3n2)nc1C.[Zn+2],5.3163586
TRZ01843,Cc1nnc(CN2CCN(c3ccccc3)CC2)nc1C,Zn2+,Cc1nnc(CN2CCN(c3ccccc3)CC2)nc1C.[Zn+2],5.3069057
TRZ04673,Cc1nnc(C2(c3nc4cc(F)ccc4n4cccc34)C=NC=CN2)nc1C,Zn2+,Cc1nnc(C2(c3nc4cc(F)ccc4n4cccc34)C=NC=CN2)nc1C.[Zn+2],5.290859
TRZ00542,Cc1nnc(CN2C(=O)c3ccccc3NC2c2ccccc2)nc1C,Zn2+,Cc1nnc(CN2C(=O)c3ccccc3NC2c2ccccc2)nc1C.[Zn+2],5.2864113
TRZ00543,Cc1nnc(CN2C(=O)c3ccccc3NC2c2ccc3c(c2)OCO3)nc1C,Zn2+,Cc1nnc(CN2C(=O)c3ccccc3NC2c2ccc3c(c2)OCO3)nc1C.[Zn+2],5.284975
TRZ00228,Cc1ccc(-c2c(-c3nnc(C)c(C)n3)[nH]c3ccc(S(N)(=O)=O)cc23)cc1,Zn2+,Cc1ccc(-c2c(-c3nnc(C)c(C)n3)[nH]c3ccc(S(N)(=O)=O)cc23)cc1.[Zn+2],5.2512546
TRZ01731,COc1ccc(-c2cncn2Cc2nnc(C)c(C)n2)cc1O,Zn2+,COc1ccc(-c2cncn2Cc2nnc(C)c(C)n2)cc1O.[Zn+2],5.23958
TRZ02540,Cc1nnc(COc2ccc(-c3n[nH]c(C)c3-c3ccc(Cl)cc3)c(O)c2)nc1C,Zn2+,Cc1nnc(COc2ccc(-c3n[nH]c(C)c3-c3ccc(Cl)cc3)c(O)c2)nc1C.[Zn+2],5.2354646
TRZ02547,C#CCNS(=O)(=O)c1ccccc1-c1nnc(C)c(C)n1,Zn2+,C#CCNS(=O)(=O)c1ccccc1-c1nnc(C)c(C)n1.[Zn+2],5.2242966
TRZ01005,COc1ccccc1Oc1cn[nH]c1-c1ccc(OCc2nnc(C)c(C)n2)cc1O,Zn2+,COc1ccccc1Oc1cn[nH]c1-c1ccc(OCc2nnc(C)c(C)n2)cc1O.[Zn+2],5.218217
TRZ00237,Cc1nnc(-c2[nH]c3ccc(S(N)(=O)=O)cc3c2-c2ccc(Br)cc2)nc1C,Zn2+,Cc1nnc(-c2[nH]c3ccc(S(N)(=O)=O)cc3c2-c2ccc(Br)cc2)nc1C.[Zn+2],5.2085357
TRZ04383,Cc1nnc(-c2ccc(CN(C(=O)C3CCN(C)CC3)c3cccc(F)c3)nc2)nc1C,Zn2+,Cc1nnc(-c2ccc(CN(C(=O)C3CCN(C)CC3)c3cccc(F)c3)nc2)nc1C.[Zn+2],5.205514
TRZ04674,Cc1nnc(-c2cnc3c(c2)C(=O)N([C@@H]2CCCC(F)(F)[C@H]2NC(=O)O)C3)nc1C,Zn2+,Cc1nnc(-c2cnc3c(c2)C(=O)N([C@@H]2CCCC(F)(F)[C@H]2NC(=O)O)C3)nc1C.[Zn+2],5.1643267
TRZ05563,Cc1nnc(-c2ccc(CN(C(=O)N3CCSCC3)c3ccc(F)cc3)nc2)nc1C,Zn2+,Cc1nnc(-c2ccc(CN(C(=O)N3CCSCC3)c3ccc(F)cc3)nc2)nc1C.[Zn+2],5.1640897
TRZ00548,Cc1nnc(C(Cc2ccccc2)N2C(=O)c3ccccc3NC2c2ccco2)nc1C,Zn2+,Cc1nnc(C(Cc2ccccc2)N2C(=O)c3ccccc3NC2c2ccco2)nc1C.[Zn+2],5.1452317
TRZ00653,CCOc1ccccc1Oc1cn[nH]c1-c1ccc(OCc2nnc(C)c(C)n2)cc1O,Zn2+,CCOc1ccccc1Oc1cn[nH]c1-c1ccc(OCc2nnc(C)c(C)n2)cc1O.[Zn+2],5.1337576
TRZ00763,Cc1nnc(-c2cc(O)ccc2O)nc1C,Zn2+,Cc1nnc(-c2cc(O)ccc2O)nc1C.[Zn+2],5.1035137
TRZ01880,Cc1nnc(-c2[nH]c(=O)c3c(C)nc(-c4ccccc4)cc3c2O)nc1C,Zn2+,Cc1nnc(-c2[nH]c(=O)c3c(C)nc(-c4ccccc4)cc3c2O)nc1C.[Zn+2],5.102975
TRZ02857,Cc1nnc(-c2cnc3c(ccc4[nH]c(Cl)cc(C)c43)c2=O)nc1C,Zn2+,Cc1nnc(-c2cnc3c(ccc4[nH]c(Cl)cc(C)c43)c2=O)nc1C.[Zn+2],5.0920253
TRZ01874,Cc1nnc(-c2cc(=S)nc[nH]2)nc1C,Zn2+,Cc1nnc(-c2cc(=S)nc[nH]2)nc1C.[Zn+2],5.091572
TRZ02489,Cc1ccc2nc(-c3ccsc3)c(NCc3nnc(C)c(C)n3)n2c1,Zn2+,Cc1ccc2nc(-c3ccsc3)c(NCc3nnc(C)c(C)n3)n2c1.[Zn+2],5.0663786
TRZ02839,Cc1nnc(Cn2ncc3c(C)n(Cc4ccccc4F)c(C)c3c2=O)nc1C,Zn2+,Cc1nnc(Cn2ncc3c(C)n(Cc4ccccc4F)c(C)c3c2=O)nc1C.[Zn+2],5.032635
TRZ04428,Cc1nnc(C2C=NC(NC3(c4ccc(Cl)c(F)c4)CC3)=NC2)nc1C,Zn2+,Cc1nnc(C2C=NC(NC3(c4ccc(Cl)c(F)c4)CC3)=NC2)nc1C.[Zn+2],5.02451
TRZ04405,Cc1nnc(-c2cnc(NC3(c4ccccc4F)CCC3)nc2)nc1C,Zn2+,Cc1nnc(-c2cnc(NC3(c4ccccc4F)CCC3)nc2)nc1C.[Zn+2],4.988129
TRZ02928,Cc1nnc(-c2cn(C)c(=O)cc2Nc2ccc(I)cc2F)nc1C,Zn2+,Cc1nnc(-c2cn(C)c(=O)cc2Nc2ccc(I)cc2F)nc1C.[Zn+2],4.9609613
TRZ01593,Cc1nnc(C2=NOC(c3ccc(N4CCN(Cc5ccccc5)CC4)cc3)C2)nc1C,Zn2+,Cc1nnc(C2=NOC(c3ccc(N4CCN(Cc5ccccc5)CC4)cc3)C2)nc1C.[Zn+2],4.959399
TRZ05870,Cc1nnc(C(C(c2ccc(F)cc2)c2ccc(F)cc2)N2CCNCC2)nc1C,Zn2+,Cc1nnc(C(C(c2ccc(F)cc2)c2ccc(F)cc2)N2CCNCC2)nc1C.[Zn+2],4.9377975
TRZ05685,Cc1nnc(Cc2cn3cc(CN(CC45CC(F)(C4)C5)C(=O)OC(C)(C)C)ccc3n2)nc1C,Zn2+,Cc1nnc(Cc2cn3cc(CN(CC45CC(F)(C4)C5)C(=O)OC(C)(C)C)ccc3n2)nc1C.[Zn+2],4.8939004
TRZ02553,Cc1nnc(-c2ccccc2S(=O)(=O)NCC2CC(c3ccc(Cl)cc3Cl)=NO2)nc1C,Zn2+,Cc1nnc(-c2ccccc2S(=O)(=O)NCC2CC(c3ccc(Cl)cc3Cl)=NO2)nc1C.[Zn+2],4.8822384
TRZ00180,Cc1nnc(Cn2nc(-c3ccccc3)c3ccccc3c2=O)nc1C,Zn2+,Cc1nnc(Cn2nc(-c3ccccc3)c3ccccc3c2=O)nc1C.[Zn+2],4.866537
TRZ01512,Cc1nnc(CN(CCc2ccccc2)S(=O)(=O)c2ccc(Cl)cc2)nc1C,Zn2+,Cc1nnc(CN(CCc2ccccc2)S(=O)(=O)c2ccc(Cl)cc2)nc1C.[Zn+2],4.8650346
TRZ04552,Cc1nnc(-c2ccc(CN(C(=O)N3CCN(C4COC4)CC3)c3ccc(F)cc3)nc2)nc1C,Zn2+,Cc1nnc(-c2ccc(CN(C(=O)N3CCN(C4COC4)CC3)c3ccc(F)cc3)nc2)nc1C.[Zn+2],4.85966
TRZ04523,CCN1CCN(C(=O)N(Cc2ccc(-c3nnc(C)c(C)n3)cn2)c2ccc(F)cc2)CC1,Zn2+,CCN1CCN(C(=O)N(Cc2ccc(-c3nnc(C)c(C)n3)cn2)c2ccc(F)cc2)CC1.[Zn+2],4.8553505
TRZ04076,Cc1nnc(CN2CCN(C(=O)c3ccc(F)cc3)CC2)nc1C,Zn2+,Cc1nnc(CN2CCN(C(=O)c3ccc(F)cc3)CC2)nc1C.[Zn+2],4.8511305
TRZ04738,Cc1nnc(-c2ccc(CN(C(=O)N3CCN(C)CC3)c3ccccc3F)nc2)nc1C,Zn2+,Cc1nnc(-c2ccc(CN(C(=O)N3CCN(C)CC3)c3ccccc3F)nc2)nc1C.[Zn+2],4.842844
TRZ00230,Cc1nnc(-c2[nH]c3ccc(S(N)(=O)=O)cc3c2-c2cccc(F)c2)nc1C,Zn2+,Cc1nnc(-c2[nH]c3ccc(S(N)(=O)=O)cc3c2-c2cccc(F)c2)nc1C.[Zn+2],4.8124666
TRZ05564,Cc1nnc(-c2ccc(CN(C(=O)N3CCSCC3)c3cccc(F)c3)nc2)nc1C,Zn2+,Cc1nnc(-c2ccc(CN(C(=O)N3CCSCC3)c3cccc(F)c3)nc2)nc1C.[Zn+2],4.808276
TRZ03776,Cc1nnc(-c2c(-c3ccc(Cl)cc3)[nH]c3c(F)cccc3c2=O)nc1C,Zn2+,Cc1nnc(-c2c(-c3ccc(Cl)cc3)[nH]c3c(F)cccc3c2=O)nc1C.[Zn+2],4.794389
TRZ04379,CCN1CCC(C(=O)N(Cc2ccc(-c3nnc(C)c(C)n3)cn2)c2cccc(F)c2)CC1,Zn2+,CCN1CCC(C(=O)N(Cc2ccc(-c3nnc(C)c(C)n3)cn2)c2cccc(F)c2)CC1.[Zn+2],4.7938533
TRZ04346,Cc1nnc(-c2ccc(CN(c3ccc(F)c(Cl)c3)S(C)(=O)=O)nc2)nc1C,Zn2+,Cc1nnc(-c2ccc(CN(c3ccc(F)c(Cl)c3)S(C)(=O)=O)nc2)nc1C.[Zn+2],4.78668
TRZ04835,Cc1nnc(-c2ccc(CN(C(=O)N3CCOCC3)c3ccc(F)cc3)nc2)nc1C,Zn2+,Cc1nnc(-c2ccc(CN(C(=O)N3CCOCC3)c3ccc(F)cc3)nc2)nc1C.[Zn+2],4.776265
TRZ00546,COc1ccc(C2Nc3ccccc3C(=O)N2Cc2nnc(C)c(C)n2)cc1,Zn2+,COc1ccc(C2Nc3ccccc3C(=O)N2Cc2nnc(C)c(C)n2)cc1.[Zn+2],4.7397575
TRZ05925,Cc1nnc(C(Cc2ccc(F)cc2)N2CSC(S)N(C)C2)nc1C,Zn2+,Cc1nnc(C(Cc2ccc(F)cc2)N2CSC(S)N(C)C2)nc1C.[Zn+2],4.737665
TRZ04058,Cc1nnc(-c2cccn(C[C@@H]3CN(C(=O)O)CCO[C@H]3c3ccc(Cl)c(F)c3)c2=O)nc1C,Zn2+,Cc1nnc(-c2cccn(C[C@@H]3CN(C(=O)O)CCO[C@H]3c3ccc(Cl)c(F)c3)c2=O)nc1C.[Zn+2],4.734684
TRZ02270,Cc1nnc(C2CCN2C(c2ccccc2)c2ccccc2)nc1C,Zn2+,Cc1nnc(C2CCN2C(c2ccccc2)c2ccccc2)nc1C.[Zn+2],4.724435
TRZ02536,Cc1nnc(CN2c3c(-c4ccccc4)n[nH]c3-c3ccccc3S2(=O)=O)nc1C,Zn2+,Cc1nnc(CN2c3c(-c4ccccc4)n[nH]c3-c3ccccc3S2(=O)=O)nc1C.[Zn+2],4.7097654
TRZ00060,Cc1nnc(-c2ccc(O)cc2O)nc1C,Zn2+,Cc1nnc(-c2ccc(O)cc2O)nc1C.[Zn+2],4.703923
TRZ04059,Cc1nnc(-c2cccn(C[C@H]3CN(C(=O)O)CCO[C@H]3c3ccc(Cl)c(F)c3)c2=O)nc1C,Zn2+,Cc1nnc(-c2cccn(C[C@H]3CN(C(=O)O)CCO[C@H]3c3ccc(Cl)c(F)c3)c2=O)nc1C.[Zn+2],4.693893
TRZ00348,Cc1nnc(COc2cccc3c2c(CC(N)=O)c(C)n3Cc2ccccc2)nc1C,Zn2+,Cc1nnc(COc2cccc3c2c(CC(N)=O)c(C)n3Cc2ccccc2)nc1C.[Zn+2],4.6921263
TRZ04422,Cc1nnc(-c2cnc(NC3(c4ccc(F)cc4)CCC3)nc2)nc1C,Zn2+,Cc1nnc(-c2cnc(NC3(c4ccc(F)cc4)CCC3)nc2)nc1C.[Zn+2],4.6802187
TRZ04581,Cc1nnc(-c2ccc(CN(C(=O)N3CCSCC3)c3ccccc3F)nc2)nc1C,Zn2+,Cc1nnc(-c2ccc(CN(C(=O)N3CCSCC3)c3ccccc3F)nc2)nc1C.[Zn+2],4.6737275
TRZ01351,Cc1nnc(C(=O)C=P(c2ccccc2)(c2ccccc2)c2ccccc2)nc1C,Zn2+,Cc1nnc(C(=O)C=P(c2ccccc2)(c2ccccc2)c2ccccc2)nc1C.[Zn+2],4.6666603
TRZ03354,Cc1nnc(CNC(=O)c2cncc3c2cnn3-c2ccc(F)cc2)nc1C,Zn2+,Cc1nnc(CNC(=O)c2cncc3c2cnn3-c2ccc(F)cc2)nc1C.[Zn+2],4.6399584
TRZ05376,Cc1nnc(-c2ccc(Cn3cc(C4CCN(CC(C)(C)F)CC4)nn3)nc2)nc1C,Zn2+,Cc1nnc(-c2ccc(Cn3cc(C4CCN(CC(C)(C)F)CC4)nn3)nc2)nc1C.[Zn+2],4.6340485
TRZ01956,C=CCNS(=O)(=O)c1ccccc1-c1nnc(C)c(C)n1,Zn2+,C=CCNS(=O)(=O)c1ccccc1-c1nnc(C)c(C)n1.[Zn+2],4.6336603
TRZ02778,Cc1nnc(-c2[nH]c3nc2C(O)=CC=C3O)nc1C,Zn2+,Cc1nnc(-c2[nH]c3nc2C(O)=CC=C3O)nc1C.[Zn+2],4.6329308
TRZ04411,Cc1nnc(-c2cnc(NC3(c4cc(Cl)ccc4F)CCC3)nc2)nc1C,Zn2+,Cc1nnc(-c2cnc(NC3(c4cc(Cl)ccc4F)CCC3)nc2)nc1C.[Zn+2],4.6224604
TRZ01144,Cc1nnc(-c2cccc(O)c2O)nc1C,Zn2+,Cc1nnc(-c2cccc(O)c2O)nc1C.[Zn+2],4.6169815
TRZ00556,Cc1nnc(-c2cnc3ccccc3c2Nc2ccc(OCCCN3CCOCC3)cc2)nc1C,Zn2+,Cc1nnc(-c2cnc3ccccc3c2Nc2ccc(OCCCN3CCOCC3)cc2)nc1C.[Zn+2],4.612686
TRZ04075,Cc1nnc(CN2CCN(C(=O)c3ccc(C(F)(F)F)cc3)CC2)nc1C,Zn2+,Cc1nnc(CN2CCN(C(=O)c3ccc(C(F)(F)F)cc3)CC2)nc1C.[Zn+2],4.6103926
TRZ02022,CCOc1nc(-c2ccccc2)cc2c(O)c(-c3nnc(C)c(C)n3)[nH]c(=O)c12,Zn2+,CCOc1nc(-c2ccccc2)cc2c(O)c(-c3nnc(C)c(C)n3)[nH]c(=O)c12.[Zn+2],4.6101007
TRZ01688,Cc1nnc(-c2cnc3ccccc3c2Nc2ccc(NCCCN3CCOCC3)cc2)nc1C,Zn2+,Cc1nnc(-c2cnc3ccccc3c2Nc2ccc(NCCCN3CCOCC3)cc2)nc1C.[Zn+2],4.6100416
TRZ04421,Cc1nnc(-c2cnc(NC3(c4ccc(F)cc4)CC3)nc2)nc1C,Zn2+,Cc1nnc(-c2cnc(NC3(c4ccc(F)cc4)CC3)nc2)nc1C.[Zn+2],4.6065345
TRZ03798,Cc1cc(F)c2[nH]c(-c3ccc(Cl)cc3)c(-c3nnc(C)c(C)n3)c(=O)c2c1,Zn2+,Cc1cc(F)c2[nH]c(-c3ccc(Cl)cc3)c(-c3nnc(C)c(C)n3)c(=O)c2c1.[Zn+2],4.585681
TRZ04425,Cc1nnc(-c2cnc(NC3(c4cc(F)ccc4Cl)CCC3)nc2)nc1C,Zn2+,Cc1nnc(-c2cnc(NC3(c4cc(F)ccc4Cl)CCC3)nc2)nc1C.[Zn+2],4.5603623
TRZ00552,Cc1nnc(CCN2C(=O)c3ccccc3NC2c2ccc(Cl)cc2)nc1C,Zn2+,Cc1nnc(CCN2C(=O)c3ccccc3NC2c2ccc(Cl)cc2)nc1C.[Zn+2],4.560301
TRZ04402,Cc1nnc(-c2cnc(NC3(c4ccc(C(F)(F)F)cc4)CCC3)nc2)nc1C,Zn2+,Cc1nnc(-c2cnc(NC3(c4ccc(C(F)(F)F)cc4)CCC3)nc2)nc1C.[Zn+2],4.5555296
TRZ04237,CCNC(=O)NC1=NCC(C2=CN=CC(c3nnc(C)c(C)n3)C2)=C(n2cc(C(F)(F)F)cn2)C1,Zn2+,CCNC(=O)NC1=NCC(C2=CN=CC(c3nnc(C)c(C)n3)C2)=C(n2cc(C(F)(F)F)cn2)C1.[Zn+2],4.550794
TRZ05521,Cc1nnc(CN2CCC(c3cccc(OCc4ccc(Cl)cc4F)n3)CC2)nc1C,Zn2+,Cc1nnc(CN2CCC(c3cccc(OCc4ccc(Cl)cc4F)n3)CC2)nc1C.[Zn+2],4.540421
TRZ01833,Cc1nnc([C@@H](N)Cc2cc(I)c(O)c(I)c2)nc1C,Zn2+,Cc1nnc([C@@H](N)Cc2cc(I)c(O)c(I)c2)nc1C.[Zn+2],4.539854
TRZ03758,Cc1nnc(C(C)(C)N(C)S(=O)(=O)c2ccc(C(F)(F)F)cc2Cl)nc1C,Zn2+,Cc1nnc(C(C)(C)N(C)S(=O)(=O)c2ccc(C(F)(F)F)cc2Cl)nc1C.[Zn+2],4.5358524
TRZ00291,Cc1nnc(CCN(Cc2ccco2)S(=O)(=O)c2ccc(Cl)cc2)nc1C,Zn2+,Cc1nnc(CCN(Cc2ccco2)S(=O)(=O)c2ccc(Cl)cc2)nc1C.[Zn+2],4.5229893
TRZ02245,Cc1nnc([C@@H]2CCCN2Cc2c(F)cccc2Cl)nc1C,Zn2+,Cc1nnc([C@@H]2CCCN2Cc2c(F)cccc2Cl)nc1C.[Zn+2],4.5183907
TRZ04377,Cc1nnc(-c2ccc(CN(C(=O)c3cccnc3)c3cccc(F)c3)nc2)nc1C,Zn2+,Cc1nnc(-c2ccc(CN(C(=O)c3cccnc3)c3cccc(F)c3)nc2)nc1C.[Zn+2],4.513728
TRZ00525,CCc1c(CC(N)=O)c2c(OCc3nnc(C)c(C)n3)cccc2n1Cc1ccccc1,Zn2+,CCc1c(CC(N)=O)c2c(OCc3nnc(C)c(C)n3)cccc2n1Cc1ccccc1.[Zn+2],4.497261
TRZ04403,Cc1nnc(-c2cnc(NC3(c4ccc(C(F)(F)F)cc4)CC3)nc2)nc1C,Zn2+,Cc1nnc(-c2cnc(NC3(c4ccc(C(F)(F)F)cc4)CC3)nc2)nc1C.[Zn+2],4.494534
TRZ04558,CCN1CCN(C(=O)N(Cc2ccc(-c3nnc(C)c(C)n3)cn2)c2cccc(F)c2)CC1,Zn2+,CCN1CCN(C(=O)N(Cc2ccc(-c3nnc(C)c(C)n3)cn2)c2cccc(F)c2)CC1.[Zn+2],4.48662
TRZ04812,Cc1nnc(-c2ccc(CN(C(=O)N3CCN(C4COC4)CC3)c3cccc(F)c3)nc2)nc1C,Zn2+,Cc1nnc(-c2ccc(CN(C(=O)N3CCN(C4COC4)CC3)c3cccc(F)c3)nc2)nc1C.[Zn+2],4.4860616
TRZ00236,Cc1nnc(-c2[nH]c3ccc(S(N)(=O)=O)cc3c2-c2cccc(Br)c2)nc1C,Zn2+,Cc1nnc(-c2[nH]c3ccc(S(N)(=O)=O)cc3c2-c2cccc(Br)c2)nc1C.[Zn+2],4.484041
TRZ00795,Cc1nnc(-c2ccc3nc(-c4nc[nH]c4C)c(NCCN4CCOCC4)n3c2)nc1C,Zn2+,Cc1nnc(-c2ccc3nc(-c4nc[nH]c4C)c(NCCN4CCOCC4)n3c2)nc1C.[Zn+2],4.48003
TRZ02552,Cc1nnc(-c2ccccc2S(=O)(=O)NCC2CC(c3ccc(Cl)c(Cl)c3)=NO2)nc1C,Zn2+,Cc1nnc(-c2ccccc2S(=O)(=O)NCC2CC(c3ccc(Cl)c(Cl)c3)=NO2)nc1C.[Zn+2],4.4731464
TRZ04427,Cc1nnc(-c2cnc(NC3(c4ccc(OC(F)(F)F)cc4)CCC3)nc2)nc1C,Zn2+,Cc1nnc(-c2cnc(NC3(c4ccc(OC(F)(F)F)cc4)CCC3)nc2)nc1C.[Zn+2],4.4644537
TRZ04353,CCS(=O)(=O)N(Cc1ccc(-c2nnc(C)c(C)n2)cn1)c1ccc(F)c(C)c1,Zn2+,CCS(=O)(=O)N(Cc1ccc(-c2nnc(C)c(C)n2)cn1)c1ccc(F)c(C)c1.[Zn+2],4.457759
TRZ00765,Cc1nnc(Cc2nn(C)c(=O)c3ccccc23)nc1C,Zn2+,Cc1nnc(Cc2nn(C)c(=O)c3ccccc23)nc1C.[Zn+2],4.4543552
TRZ05413,Cc1nnc(-c2ccc(CN(c3ccc(F)cc3F)C(O)N3CCOCC3)nc2)nc1C,Zn2+,Cc1nnc(-c2ccc(CN(c3ccc(F)cc3F)C(O)N3CCOCC3)nc2)nc1C.[Zn+2],4.4542565
TRZ00510,Cc1nnc(-c2noc(C)c2C(=O)N2CCN(C(c3ccccc3)c3ccccc3)CC2)nc1C,Zn2+,Cc1nnc(-c2noc(C)c2C(=O)N2CCN(C(c3ccccc3)c3ccccc3)CC2)nc1C.[Zn+2],4.4530897
TRZ00261,COc1ccc(-c2c(-c3ccc(OCc4nnc(C)c(C)n4)cc3O)n[nH]c2C)cc1,Zn2+,COc1ccc(-c2c(-c3ccc(OCc4nnc(C)c(C)n4)cc3O)n[nH]c2C)cc1.[Zn+2],4.424988
TRZ05637,Cc1nnc(-c2ccc(CN(C(=O)N3CCS(=O)CC3)c3ccc(F)cc3)nc2)nc1C,Zn2+,Cc1nnc(-c2ccc(CN(C(=O)N3CCS(=O)CC3)c3ccc(F)cc3)nc2)nc1C.[Zn+2],4.4214516
TRZ00735,Cc1nnc(-c2ccccc2S)nc1C,Zn2+,Cc1nnc(-c2ccccc2S)nc1C.[Zn+2],4.414257
TRZ05181,Cc1nnc(-c2cnc(NC3(c4ccccc4F)CCC3)nc2C(=O)C(F)F)nc1C,Zn2+,Cc1nnc(-c2cnc(NC3(c4ccccc4F)CCC3)nc2C(=O)C(F)F)nc1C.[Zn+2],4.413844
TRZ04787,Cc1nnc(-c2ccc(CN(C(=O)N3CCOCC3)c3cccc(F)c3)nc2)nc1C,Zn2+,Cc1nnc(-c2ccc(CN(C(=O)N3CCOCC3)c3cccc(F)c3)nc2)nc1C.[Zn+2],4.3969803
TRZ00443,COc1cccc(-c2nnc(C)c(C)n2)c1O,Zn2+,COc1cccc(-c2nnc(C)c(C)n2)c1O.[Zn+2],4.385806
TRZ04309,CCS(=O)(=O)N(Cc1ccc(-c2nnc(C)c(C)n2)cn1)c1cc(F)cc(F)c1,Zn2+,CCS(=O)(=O)N(Cc1ccc(-c2nnc(C)c(C)n2)cn1)c1cc(F)cc(F)c1.[Zn+2],4.382902
TRZ05437,Cc1nnc(CN(c2ccc(C(F)(F)F)cc2)S(C)(=O)=O)nc1C,Zn2+,Cc1nnc(CN(c2ccc(C(F)(F)F)cc2)S(C)(=O)=O)nc1C.[Zn+2],4.3795815
TRZ01141,Cc1nnc(-c2cc(C(O)CNC(C)(C)C)ccc2O)nc1C,Zn2+,Cc1nnc(-c2cc(C(O)CNC(C)(C)C)ccc2O)nc1C.[Zn+2],4.3640256
TRZ05014,Cc1nnc(C(C)c2ccnc3c(-c4ccc(C(F)(F)F)cc4)cnn23)nc1C,Zn2+,Cc1nnc(C(C)c2ccnc3c(-c4ccc(C(F)(F)F)cc4)cnn23)nc1C.[Zn+2],4.3617253
TRZ05297,COCOc1ccc(F)cc1C(c1nnc(C)c(C)n1)N1Cc2ccc(Br)cc2C1=O,Zn2+,COCOc1ccc(F)cc1C(c1nnc(C)c(C)n1)N1Cc2ccc(Br)cc2C1=O.[Zn+2],4.3531923
TRZ04404,Cc1nnc(-c2cnc(NC3(c4cc(F)ccc4F)CCC3)nc2)nc1C,Zn2+,Cc1nnc(-c2cnc(NC3(c4cc(F)ccc4F)CCC3)nc2)nc1C.[Zn+2],4.332083
TRZ04684,Cc1nnc(-c2cnc3c(c2)C(=O)N(C2COCCC2Oc2ccc(F)cc2F)C3)nc1C,Zn2+,Cc1nnc(-c2cnc3c(c2)C(=O)N(C2COCCC2Oc2ccc(F)cc2F)C3)nc1C.[Zn+2],4.3290157
TRZ04406,Cc1nnc(-c2cnc(NC3(c4ccccc4OC(F)(F)F)CCC3)nc2)nc1C,Zn2+,Cc1nnc(-c2cnc(NC3(c4ccccc4OC(F)(F)F)CCC3)nc2)nc1C.[Zn+2],4.3135734
TRZ05839,Cc1nnc(-c2cc(C3(C)CCNC3=O)ccc2Nc2ccc(C(F)(F)F)cc2)nc1C,Zn2+,Cc1nnc(-c2cc(C3(C)CCNC3=O)ccc2Nc2ccc(C(F)(F)F)cc2)nc1C.[Zn+2],4.31295
TRZ01712,Cc1nnc(C2=C(O)c3ccccc3S(=O)(=O)N2Cc2ccccc2)nc1C,Zn2+,Cc1nnc(C2=C(O)c3ccccc3S(=O)(=O)N2Cc2ccccc2)nc1C.[Zn+2],4.2967577
TRZ00673,COc1ccc(-c2cn[nH]c2-c2ccc(OCc3nnc(C)c(C)n3)cc2O)cc1OC,Zn2+,COc1ccc(-c2cn[nH]c2-c2ccc(OCc3nnc(C)c(C)n3)cc2O)cc1OC.[Zn+2],4.2949686
TRZ04827,Cc1ccc(N(Cc2ccc(-c3nnc(C)c(C)n3)cn2)C(=O)N2CCOCC2)c(F)c1,Zn2+,Cc1ccc(N(Cc2ccc(-c3nnc(C)c(C)n3)cn2)C(=O)N2CCOCC2)c(F)c1.[Zn+2],4.2858663
TRZ04396,Cc1nnc(CN(C)CCN(C)Cc2cccc(C(F)(F)F)c2)nc1C,Zn2+,Cc1nnc(CN(C)CCN(C)Cc2cccc(C(F)(F)F)c2)nc1C.[Zn+2],4.276208
TRZ00532,Cc1nnc(CN2CCN(c3nc4cc(F)ccc4n4cccc34)CC2)nc1C,Zn2+,Cc1nnc(CN2CCN(c3nc4cc(F)ccc4n4cccc34)CC2)nc1C.[Zn+2],4.2730684
TRZ04641,Cc1nnc(C2=CNC(=NC3(c4cc(F)ccc4Cl)CCC3)N(C)C2)nc1C,Zn2+,Cc1nnc(C2=CNC(=NC3(c4cc(F)ccc4Cl)CCC3)N(C)C2)nc1C.[Zn+2],4.268957
TRZ02537,Cc1nnc(-c2ccc(-n3cc(-c4ccccc4)nn3)cc2O)nc1C,Zn2+,Cc1nnc(-c2ccc(-n3cc(-c4ccccc4)nn3)cc2O)nc1C.[Zn+2],4.267195
TRZ04409,Cc1nnc(-c2cnc(NC3(c4ccccc4C(F)(F)F)CCC3)nc2)nc1C,Zn2+,Cc1nnc(-c2cnc(NC3(c4ccccc4C(F)(F)F)CCC3)nc2)nc1C.[Zn+2],4.263156
TRZ01946,Cc1nnc(CN2CCN(c3ccc([N+](=O)[O-])cc3)CC2)nc1C,Zn2+,Cc1nnc(CN2CCN(c3ccc([N+](=O)[O-])cc3)CC2)nc1C.[Zn+2],4.2476597
TRZ02401,Cc1nnc(-c2ccc(Oc3ccc(Cl)cc3)nc2)nc1C,Zn2+,Cc1nnc(-c2ccc(Oc3ccc(Cl)cc3)nc2)nc1C.[Zn+2],4.2399626
TRZ04578,Cc1nnc(-c2ccc(CNC(=O)N3CCN(C)CC3c3cccc(F)c3)nc2)nc1C,Zn2+,Cc1nnc(-c2ccc(CNC(=O)N3CCN(C)CC3c3cccc(F)c3)nc2)nc1C.[Zn+2],4.238888
TRZ00927,Cc1nnc(CNC(=O)CNS(=O)(=O)c2ccccc2)nc1C,Zn2+,Cc1nnc(CNC(=O)CNS(=O)(=O)c2ccccc2)nc1C.[Zn+2],4.2234488
TRZ05007,Cc1ccc(S(=O)(=O)N2CCN(Cc3nnc(C)c(C)n3)CC(F)C2)cc1,Zn2+,Cc1ccc(S(=O)(=O)N2CCN(Cc3nnc(C)c(C)n3)CC(F)C2)cc1.[Zn+2],4.2081976
TRZ00915,COc1ccccc1-c1cn[nH]c1-c1ccc(OCc2nnc(C)c(C)n2)cc1O,Zn2+,COc1ccccc1-c1cn[nH]c1-c1ccc(OCc2nnc(C)c(C)n2)cc1O.[Zn+2],4.205247
TRZ03663,Cc1nnc(CNS(=O)(=O)c2ccccc2C(F)(F)F)nc1C,Zn2+,Cc1nnc(CNS(=O)(=O)c2ccccc2C(F)(F)F)nc1C.[Zn+2],4.2051554
TRZ04680,Cc1nnc(-c2cnc3c(c2)C(=O)N([C@@H]2COCC[C@H]2Oc2ccc(F)c(F)c2)C3)nc1C,Zn2+,Cc1nnc(-c2cnc3c(c2)C(=O)N([C@@H]2COCC[C@H]2Oc2ccc(F)c(F)c2)C3)nc1C.[Zn+2],4.1890163
TRZ00143,Cc1nnc(CCN2CCN(Cc3ccccc3)CC2)nc1C,Zn2+,Cc1nnc(CCN2CCN(Cc3ccccc3)CC2)nc1C.[Zn+2],4.1757574
TRZ05182,Cc1nnc(-c2cnc(NC3(c4ccc(F)cc4)CCC3)nc2C(=O)C(F)F)nc1C,Zn2+,Cc1nnc(-c2cnc(NC3(c4ccc(F)cc4)CCC3)nc2C(=O)C(F)F)nc1C.[Zn+2],4.175399
TRZ03847,Cc1cc(Oc2cccc(C(F)(F)F)c2)nc(-c2nnc(C)c(C)n2)c1S,Zn2+,Cc1cc(Oc2cccc(C(F)(F)F)c2)nc(-c2nnc(C)c(C)n2)c1S.[Zn+2],4.169273
TRZ04683,Cc1nnc(-c2cnc3c(c2)C(=O)N([C@@H]2COCC[C@H]2Oc2ccc(F)cc2F)C3)nc1C,Zn2+,Cc1nnc(-c2cnc3c(c2)C(=O)N([C@@H]2COCC[C@H]2Oc2ccc(F)cc2F)C3)nc1C.[Zn+2],4.166165
TRZ04401,Cc1nnc(-c2cnc(NC3(c4cccc(F)c4F)CCC3)nc2)nc1C,Zn2+,Cc1nnc(-c2cnc(NC3(c4cccc(F)c4F)CCC3)nc2)nc1C.[Zn+2],4.159835
TRZ00100,Cc1nnc([C@@H](N)Cc2ccc(O)cc2)nc1C,Zn2+,Cc1nnc([C@@H](N)Cc2ccc(O)cc2)nc1C.[Zn+2],4.1556377
TRZ02343,Cc1nnc(CNC(=O)c2ccc(S(=O)(=O)N3CCOCC3)cc2)nc1C,Zn2+,Cc1nnc(CNC(=O)c2ccc(S(=O)(=O)N3CCOCC3)cc2)nc1C.[Zn+2],4.15018
TRZ00280,Cc1nnc(-c2cccn(Cc3ccc(Cl)cc3Cl)c2=O)nc1C,Zn2+,Cc1nnc(-c2cccn(Cc3ccc(Cl)cc3Cl)c2=O)nc1C.[Zn+2],4.14935
TRZ04413,Cc1nnc(-c2cnc(NC3(c4cccc(C(F)(F)F)c4)CCC3)nc2)nc1C,Zn2+,Cc1nnc(-c2cnc(NC3(c4cccc(C(F)(F)F)c4)CCC3)nc2)nc1C.[Zn+2],4.1415462
TRZ04681,Cc1nnc(-c2cnc3c(c2)C(=O)N(C2COCCC2Oc2ccc(F)c(F)c2)C3)nc1C,Zn2+,Cc1nnc(-c2cnc3c(c2)C(=O)N(C2COCCC2Oc2ccc(F)c(F)c2)C3)nc1C.[Zn+2],4.1397285
TRZ02354,Cc1ccc(S(=O)(=O)N(C)Cc2nnc(C)c(C)n2)cc1,Zn2+,Cc1ccc(S(=O)(=O)N(C)Cc2nnc(C)c(C)n2)cc1.[Zn+2],4.1336737
TRZ01689,COc1ccc2ncc(-c3nnc(C)c(C)n3)c(Nc3ccc(NCCCN4CCOCC4)cc3)c2c1,Zn2+,COc1ccc2ncc(-c3nnc(C)c(C)n3)c(Nc3ccc(NCCCN4CCOCC4)cc3)c2c1.[Zn+2],4.129021
TRZ03854,Cc1nnc(C2CC3(NC(=O)N(c4ccc(Cl)cc4)C3=O)c3cc(F)ccc3O2)nc1C,Zn2+,Cc1nnc(C2CC3(NC(=O)N(c4ccc(Cl)cc4)C3=O)c3cc(F)ccc3O2)nc1C.[Zn+2],4.1194386
TRZ02025,Cc1ccc(O)c(-c2nnc(C)c(C)n2)c1,Zn2+,Cc1ccc(O)c(-c2nnc(C)c(C)n2)c1.[Zn+2],4.1168404
TRZ03327,Cc1nnc(CN2CCN(c3cccc(C(F)(F)F)c3)CC2)nc1C,Zn2+,Cc1nnc(CN2CCN(c3cccc(C(F)(F)F)c3)CC2)nc1C.[Zn+2],4.1044006
TRZ02332,COc1ccc(/C=C(/NC(=O)c2ccc(Br)o2)c2nnc(C)c(C)n2)cc1,Zn2+,COc1ccc(/C=C(/NC(=O)c2ccc(Br)o2)c2nnc(C)c(C)n2)cc1.[Zn+2],4.0967646
TRZ01163,Cc1nnc(-c2cn(C)c3c(cc([N+](=O)[O-])c4cccnc43)c2=O)nc1C,Zn2+,Cc1nnc(-c2cn(C)c3c(cc([N+](=O)[O-])c4cccnc43)c2=O)nc1C.[Zn+2],4.080346
TRZ02487,CCN(CC)S(=O)(=O)c1ccc(C(=O)NCc2nnc(C)c(C)n2)cc1,Zn2+,CCN(CC)S(=O)(=O)c1ccc(C(=O)NCc2nnc(C)c(C)n2)cc1.[Zn+2],4.0762053
TRZ00651,Cc1nnc(-c2cc(S(=O)(=O)N3CCOCC3)c[nH]2)nc1C,Zn2+,Cc1nnc(-c2cc(S(=O)(=O)N3CCOCC3)c[nH]2)nc1C.[Zn+2],4.075118
TRZ01772,COCC(=O)Nc1ccc(-c2cc(-c3ccccc3)nc(-c3nnc(C)c(C)n3)n2)cn1,Zn2+,COCC(=O)Nc1ccc(-c2cc(-c3ccccc3)nc(-c3nnc(C)c(C)n3)n2)cn1.[Zn+2],4.0710344
TRZ05647,Cc1nnc(-c2ccc(CN(C(=O)N3CCS(=O)CC3)c3cccc(F)c3)nc2)nc1C,Zn2+,Cc1nnc(-c2ccc(CN(C(=O)N3CCS(=O)CC3)c3cccc(F)c3)nc2)nc1C.[Zn+2],4.069711
TRZ01448,Cc1nnc(-c2cc(Cl)ccc2O)nc1C,Zn2+,Cc1nnc(-c2cc(Cl)ccc2O)nc1C.[Zn+2],4.068473
TRZ00006,Cc1nnc(-c2ccccc2O)nc1C,Zn2+,Cc1nnc(-c2ccccc2O)nc1C.[Zn+2],4.0611215
TRZ01429,Cc1nnc(-c2ccncc2O)nc1C,Zn2+,Cc1nnc(-c2ccncc2O)nc1C.[Zn+2],4.0589576
TRZ04595,Cc1nnc(-c2ccc(CN(C(=O)N3CCC(N(C)C)C3)c3ccc(F)c(Cl)c3)nc2)nc1C,Zn2+,Cc1nnc(-c2ccc(CN(C(=O)N3CCC(N(C)C)C3)c3ccc(F)c(Cl)c3)nc2)nc1C.[Zn+2],4.054355
TRZ04344,CCS(=O)(=O)N(Cc1ccc(-c2nnc(C)c(C)n2)cn1)c1ccc(C)c(F)c1,Zn2+,CCS(=O)(=O)N(Cc1ccc(-c2nnc(C)c(C)n2)cn1)c1ccc(C)c(F)c1.[Zn+2],4.047815
TRZ02534,Cc1nnc(CN2C(=O)NC(=O)C2(c2ccccc2)c2ccccc2)nc1C,Zn2+,Cc1nnc(CN2C(=O)NC(=O)C2(c2ccccc2)c2ccccc2)nc1C.[Zn+2],4.0425987
TRZ04397,Cc1nnc(-c2cnc(NC3(c4cccc(C(F)(F)F)c4)CC3)nc2)nc1C,Zn2+,Cc1nnc(-c2cnc(NC3(c4cccc(C(F)(F)F)c4)CC3)nc2)nc1C.[Zn+2],4.0350466
TRZ00916,COc1ccc(-c2c(-c3ccc(OCc4nnc(C)c(C)n4)cc3O)n[nH]c2C(F)(F)F)cc1,Zn2+,COc1ccc(-c2c(-c3ccc(OCc4nnc(C)c(C)n4)cc3O)n[nH]c2C(F)(F)F)cc1.[Zn+2],4.0320826
TRZ02582,Cc1ccc2[nH]cc(-c3nnc(C)c(C)n3)c(=O)c2c1,Zn2+,Cc1ccc2[nH]cc(-c3nnc(C)c(C)n3)c(=O)c2c1.[Zn+2],4.0288687
TRZ05619,Cc1nnc(-c2cn(Cc3ccc(Cn4cc(F)ccc4=O)cc3)nc2C2(C)COC2)nc1C,Zn2+,Cc1nnc(-c2cn(Cc3ccc(Cn4cc(F)ccc4=O)cc3)nc2C2(C)COC2)nc1C.[Zn+2],4.017972
TRZ05869,Cc1nnc(C(C(N)=O)c2cccc(C(F)(F)F)c2)nc1C,Zn2+,Cc1nnc(C(C(N)=O)c2cccc(C(F)(F)F)c2)nc1C.[Zn+2],4.0170264
TRZ05529,Cc1nnc(-c2c(Nc3ccc(C(F)(F)F)cc3)ccn(C)c2=O)nc1C,Zn2+,Cc1nnc(-c2c(Nc3ccc(C(F)(F)F)cc3)ccn(C)c2=O)nc1C.[Zn+2],4.016207
TRZ03617,CCC(C)(C)CC[C@H](NC1NC(=O)Oc2cc(F)ccc21)c1nnc(C)c(C)n1,Zn2+,CCC(C)(C)CC[C@H](NC1NC(=O)Oc2cc(F)ccc21)c1nnc(C)c(C)n1.[Zn+2],4.0134673
TRZ01233,Cc1nnc(-c2ccccc2NC(=O)/C(=C/c2ccccc2O)NC(=O)c2ccccc2)nc1C,Zn2+,Cc1nnc(-c2ccccc2NC(=O)/C(=C/c2ccccc2O)NC(=O)c2ccccc2)nc1C.[Zn+2],4.012931
TRZ04461,Cc1nnc(-c2cnc(N3CCN(C(=O)Nc4ccc(C(F)(F)F)cn4)CC3)c(Cl)c2)nc1C,Zn2+,Cc1nnc(-c2cnc(N3CCN(C(=O)Nc4ccc(C(F)(F)F)cn4)CC3)c(Cl)c2)nc1C.[Zn+2],4.0122337
TRZ05554,Cc1nnc(CNC2c3ncc(C(F)(F)F)n3N=C(N3CCOCC3)N2C)nc1C,Zn2+,Cc1nnc(CNC2c3ncc(C(F)(F)F)n3N=C(N3CCOCC3)N2C)nc1C.[Zn+2],4.002111
TRZ00903,Cc1nnc(-c2[nH]cnc2N=NN(C)C2CCCCC2)nc1C,Zn2+,Cc1nnc(-c2[nH]cnc2N=NN(C)C2CCCCC2)nc1C.[Zn+2],3.9996035
TRZ01081,Cc1nnc(-c2c[nH]c(=S)[nH]2)nc1C,Zn2+,Cc1nnc(-c2c[nH]c(=S)[nH]2)nc1C.[Zn+2],3.9850163
TRZ02221,Cc1nnc(Cn2nc(N3CCN(c4ccccc4F)CC3)ccc2=O)nc1C,Zn2+,Cc1nnc(Cn2nc(N3CCN(c4ccccc4F)CC3)ccc2=O)nc1C.[Zn+2],3.9726343
TRZ04418,Cc1nnc(-c2cnc(NC3(c4cccc(F)c4)CCC3)nc2)nc1C,Zn2+,Cc1nnc(-c2cnc(NC3(c4cccc(F)c4)CCC3)nc2)nc1C.[Zn+2],3.9724157
TRZ05191,Cc1nnc(-c2cnc(NC3(c4ccc(OC(F)(F)F)cc4)CCC3)nc2C(=O)C(F)F)nc1C,Zn2+,Cc1nnc(-c2cnc(NC3(c4ccc(OC(F)(F)F)cc4)CCC3)nc2C(=O)C(F)F)nc1C.[Zn+2],3.972409
TRZ01929,Cc1nnc(Cc2nc3ccccc3[nH]c2=O)nc1C,Zn2+,Cc1nnc(Cc2nc3ccccc3[nH]c2=O)nc1C.[Zn+2],3.965561
TRZ04419,Cc1nnc(-c2cnc(NC3(c4c(F)cccc4F)CCC3)nc2)nc1C,Zn2+,Cc1nnc(-c2cnc(NC3(c4c(F)cccc4F)CCC3)nc2)nc1C.[Zn+2],3.9630141
TRZ00751,Cc1nnc(-c2cc(-c3ccc(F)cc3F)ccc2O)nc1C,Zn2+,Cc1nnc(-c2cc(-c3ccc(F)cc3F)ccc2O)nc1C.[Zn+2],3.9539235
TRZ02148,Cc1nnc(-c2cnn(-c3ccc(F)cc3)c2N)nc1C,Zn2+,Cc1nnc(-c2cnn(-c3ccc(F)cc3)c2N)nc1C.[Zn+2],3.9535239
TRZ00204,Cc1cccc(-c2nnc(C)c(C)n2)c1O,Zn2+,Cc1cccc(-c2nnc(C)c(C)n2)c1O.[Zn+2],3.9448102
TRZ05615,Cc1nnc(C(c2ccc(F)cc2)N2C[C@H](C)N(C(=O)O)CC2C)nc1C,Zn2+,Cc1nnc(C(c2ccc(F)cc2)N2C[C@H](C)N(C(=O)O)CC2C)nc1C.[Zn+2],3.9362388
TRZ01674,Cc1nnc(-c2cc(-c3ccccc3)n[nH]c2=O)nc1C,Zn2+,Cc1nnc(-c2cc(-c3ccccc3)n[nH]c2=O)nc1C.[Zn+2],3.9355984
TRZ04400,Cc1nnc(-c2cnc(NC3(c4ccc(F)cc4F)CCC3)nc2)nc1C,Zn2+,Cc1nnc(-c2cnc(NC3(c4ccc(F)cc4F)CCC3)nc2)nc1C.[Zn+2],3.9108977
TRZ04435,Cc1nnc(CC(=O)N(C)c2ccc(F)cc2)nc1C,Zn2+,Cc1nnc(CC(=O)N(C)c2ccc(F)cc2)nc1C.[Zn+2],3.9097733
TRZ02483,COc1ccc(C=C2Oc3cc(OCc4nnc(C)c(C)n4)ccc3C2=O)cc1,Zn2+,COc1ccc(C=C2Oc3cc(OCc4nnc(C)c(C)n4)ccc3C2=O)cc1.[Zn+2],3.9094236
TRZ05184,Cc1ccccc1C1(Nc2ncc(-c3nnc(C)c(C)n3)c(C(=O)C(F)F)n2)CCC1,Zn2+,Cc1ccccc1C1(Nc2ncc(-c3nnc(C)c(C)n3)c(C(=O)C(F)F)n2)CCC1.[Zn+2],3.8978076
TRZ00016,Cc1nnc(-c2ccc(N)cc2O)nc1C,Zn2+,Cc1nnc(-c2ccc(N)cc2O)nc1C.[Zn+2],3.8905423
TRZ01583,Cc1nnc(CNC(=O)c2cc(N)cc(N)c2)nc1C,Zn2+,Cc1nnc(CNC(=O)c2cc(N)cc(N)c2)nc1C.[Zn+2],3.8862274
TRZ05074,Cc1nnc(C(c2ccc(F)cc2)N2C[C@H](C)N(C(=O)O)C[C@H]2C)nc1C,Zn2+,Cc1nnc(C(c2ccc(F)cc2)N2C[C@H](C)N(C(=O)O)C[C@H]2C)nc1C.[Zn+2],3.873197
TRZ01882,Cc1nnc(C(C)c2nc3ncccc3[nH]2)nc1C,Zn2+,Cc1nnc(C(C)c2nc3ncccc3[nH]2)nc1C.[Zn+2],3.8671944
TRZ05756,Cc1nnc(-c2ccc(N3CCC(C#N)(c4ccc(C(F)(F)F)cc4)CC3)nn2)nc1C,Zn2+,Cc1nnc(-c2ccc(N3CCC(C#N)(c4ccc(C(F)(F)F)cc4)CC3)nn2)nc1C.[Zn+2],3.8660634
TRZ04614,Cc1nnc(-c2ccc(NC3(c4ccc(F)cc4)CCC3)nc2)nc1C,Zn2+,Cc1nnc(-c2ccc(NC3(c4ccc(F)cc4)CCC3)nc2)nc1C.[Zn+2],3.8648818
TRZ01523,CSCCC(NS(=O)(=O)c1cc(C(F)(F)F)cc(C(F)(F)F)c1)c1nnc(C)c(C)n1,Zn2+,CSCCC(NS(=O)(=O)c1cc(C(F)(F)F)cc(C(F)(F)F)c1)c1nnc(C)c(C)n1.[Zn+2],3.8615649
TRZ01467,Cc1nnc(-c2ccc(I)cc2O)nc1C,Zn2+,Cc1nnc(-c2ccc(I)cc2O)nc1C.[Zn+2],3.8583505
TRZ02063,Cc1nnc(/C(NC(=O)c2ccccc2)=C(\N)c2ccc(Cl)cc2)nc1C,Zn2+,Cc1nnc(/C(NC(=O)c2ccccc2)=C(\N)c2ccc(Cl)cc2)nc1C.[Zn+2],3.857136
TRZ02141,CCC(c1nnc(C)c(C)n1)n1ncc2ccccc2c1=O,Zn2+,CCC(c1nnc(C)c(C)n1)n1ncc2ccccc2c1=O.[Zn+2],3.8528247
TRZ05190,Cc1nnc(-c2cnc(NC3(c4cc(F)ccc4F)CCC3)nc2C(=O)C(F)F)nc1C,Zn2+,Cc1nnc(-c2cnc(NC3(c4cc(F)ccc4F)CCC3)nc2C(=O)C(F)F)nc1C.[Zn+2],3.851804
TRZ05378,CCC(F)(CC)CN1CCC(c2cn(Cc3ccc(-c4nnc(C)c(C)n4)cn3)nn2)CC1,Zn2+,CCC(F)(CC)CN1CCC(c2cn(Cc3ccc(-c4nnc(C)c(C)n4)cn3)nn2)CC1.[Zn+2],3.849653
TRZ04416,Cc1nnc(-c2cnc(NC3(c4cccc(F)c4)CC3)nc2)nc1C,Zn2+,Cc1nnc(-c2cnc(NC3(c4cccc(F)c4)CC3)nc2)nc1C.[Zn+2],3.8464546
TRZ04245,Cc1nnc(C2CC3CSC(NC(=O)c4ccccc4)=NC3(c3ccc(F)cc3F)CO2)nc1C,Zn2+,Cc1nnc(C2CC3CSC(NC(=O)c4ccccc4)=NC3(c3ccc(F)cc3F)CO2)nc1C.[Zn+2],3.8442807
TRZ05453,Cc1nnc(-c2ccc(Oc3ccc(C(F)(F)F)cc3)cc2[N+](=O)[O-])nc1C,Zn2+,Cc1nnc(-c2ccc(Oc3ccc(C(F)(F)F)cc3)cc2[N+](=O)[O-])nc1C.[Zn+2],3.8434424
TRZ02149,Cc1nnc(-c2cnn(-c3ccc(Br)cc3)c2N)nc1C,Zn2+,Cc1nnc(-c2cnn(-c3ccc(Br)cc3)c2N)nc1C.[Zn+2],3.8404956
TRZ00551,Cc1nnc(CCN2C(=O)c3ccccc3NC2c2ccc3c(c2)OCO3)nc1C,Zn2+,Cc1nnc(CCN2C(=O)c3ccccc3NC2c2ccc3c(c2)OCO3)nc1C.[Zn+2],3.8371131
TRZ04657,Cc1nnc(-c2ccc(=O)n(CC(=O)Nc3ccc(C(F)(F)F)cc3)c2)nc1C,Zn2+,Cc1nnc(-c2ccc(=O)n(CC(=O)Nc3ccc(C(F)(F)F)cc3)c2)nc1C.[Zn+2],3.8227415
TRZ05177,Cc1nnc(-c2cnc(NC3(c4ccccc4)CCC3)nc2C(=O)C(F)F)nc1C,Zn2+,Cc1nnc(-c2cnc(NC3(c4ccccc4)CCC3)nc2C(=O)C(F)F)nc1C.[Zn+2],3.8227293
TRZ00573,Cc1nnc(-c2nc(-c3ccc(O)cc3)cc(N3CCc4ccccc4C3)n2)nc1C,Zn2+,Cc1nnc(-c2nc(-c3ccc(O)cc3)cc(N3CCc4ccccc4C3)n2)nc1C.[Zn+2],3.822368
TRZ04886,Cc1nnc(-c2ccc(CN(C(=O)N3CC[C@H](N(C)C)C3)c3ccc(F)c(Cl)c3)nc2)nc1C,Zn2+,Cc1nnc(-c2ccc(CN(C(=O)N3CC[C@H](N(C)C)C3)c3ccc(F)c(Cl)c3)nc2)nc1C.[Zn+2],3.8196838
TRZ00629,Cc1nnc(-c2cccn(Cc3cccc(C(F)(F)F)c3)c2=O)nc1C,Zn2+,Cc1nnc(-c2cccn(Cc3cccc(C(F)(F)F)c3)c2=O)nc1C.[Zn+2],3.8183427
TRZ01553,Cc1nnc(-c2c[nH]c3ccc(Cl)cc3c2=O)nc1C,Zn2+,Cc1nnc(-c2c[nH]c3ccc(Cl)cc3c2=O)nc1C.[Zn+2],3.8182657
TRZ05105,Cc1nnc(C2=CNC(NC3(c4cc(F)cc(F)c4)CC3)=NC2)nc1C,Zn2+,Cc1nnc(C2=CNC(NC3(c4cc(F)cc(F)c4)CC3)=NC2)nc1C.[Zn+2],3.8181088
TRZ04414,Cc1nnc(-c2cnc(NC3(c4ccc(F)cc4Cl)CCC3)nc2)nc1C,Zn2+,Cc1nnc(-c2cnc(NC3(c4ccc(F)cc4Cl)CCC3)nc2)nc1C.[Zn+2],3.8102918
TRZ00015,Cc1nnc(-c2cc3ccccc3cc2O)nc1C,Zn2+,Cc1nnc(-c2cc3ccccc3cc2O)nc1C.[Zn+2],3.8091161
TRZ05179,Cc1nnc(-c2cnc(NC3(c4ccccc4)CCCCC3)nc2C(=O)C(F)F)nc1C,Zn2+,Cc1nnc(-c2cnc(NC3(c4ccccc4)CCCCC3)nc2C(=O)C(F)F)nc1C.[Zn+2],3.8029308
TRZ04412,Cc1nnc(-c2cnc(NC3(c4ccc(Cl)cc4F)CC3)nc2)nc1C,Zn2+,Cc1nnc(-c2cnc(NC3(c4ccc(Cl)cc4F)CC3)nc2)nc1C.[Zn+2],3.8021235
TRZ04216,Cc1nnc(-c2cc(-c3cccc(-n4ccc5cc(C6CC6)cc(F)c5c4=O)c3CON)c[nH]2)nc1C,Zn2+,Cc1nnc(-c2cc(-c3cccc(-n4ccc5cc(C6CC6)cc(F)c5c4=O)c3CON)c[nH]2)nc1C.[Zn+2],3.786589
TRZ02733,Cc1nnc(-c2cccc(N)c2O)nc1C,Zn2+,Cc1nnc(-c2cccc(N)c2O)nc1C.[Zn+2],3.7846632
TRZ05419,Cc1nnc(-c2cn3c4c(c(N5CCN(C)CC5)c(F)cc4c2=O)OCC32CC2)nc1C,Zn2+,Cc1nnc(-c2cn3c4c(c(N5CCN(C)CC5)c(F)cc4c2=O)OCC32CC2)nc1C.[Zn+2],3.7792652
TRZ00178,CCOC(=O)c1c(-c2ccccc2)oc2ccc(OCc3nnc(C)c(C)n3)cc12,Zn2+,CCOC(=O)c1c(-c2ccccc2)oc2ccc(OCc3nnc(C)c(C)n3)cc12.[Zn+2],3.778376
TRZ05178,Cc1nnc(-c2cnc(NC3(c4ccccc4)CCCC3)nc2C(=O)C(F)F)nc1C,Zn2+,Cc1nnc(-c2cnc(NC3(c4ccccc4)CCCC3)nc2C(=O)C(F)F)nc1C.[Zn+2],3.7704675
TRZ02244,Cc1nnc([C@@H]2CCCN2Cc2ccccc2F)nc1C,Zn2+,Cc1nnc([C@@H]2CCCN2Cc2ccccc2F)nc1C.[Zn+2],3.7703893
TRZ04198,Cc1nnc(CN2CCN(c3cccc4c3cnn4-c3ccccc3F)C2=O)nc1C,Zn2+,Cc1nnc(CN2CCN(c3cccc4c3cnn4-c3ccccc3F)C2=O)nc1C.[Zn+2],3.7689059
TRZ00982,Cc1nnc(C2=C(O)c3ccccc3S(=O)(=O)N2)nc1C,Zn2+,Cc1nnc(C2=C(O)c3ccccc3S(=O)(=O)N2)nc1C.[Zn+2],3.7625759
TRZ00523,Cc1ccc(/C=C2\Oc3cc(OCc4nnc(C)c(C)n4)ccc3C2=O)o1,Zn2+,Cc1ccc(/C=C2\Oc3cc(OCc4nnc(C)c(C)n4)ccc3C2=O)o1.[Zn+2],3.7605424
TRZ02499,CCCOc1ccc(O)c(-c2nnc(C)c(C)n2)c1,Zn2+,CCCOc1ccc(O)c(-c2nnc(C)c(C)n2)c1.[Zn+2],3.7594695
TRZ00550,Cc1nnc(CCN2C(=O)c3ccccc3NC2c2ccccc2)nc1C,Zn2+,Cc1nnc(CCN2C(=O)c3ccccc3NC2c2ccccc2)nc1C.[Zn+2],3.7560468
TRZ00724,CCn1cc(-c2nnc(C)c(C)n2)c(=O)c2cc([N+](=O)[O-])c3cccnc3c21,Zn2+,CCn1cc(-c2nnc(C)c(C)n2)c(=O)c2cc([N+](=O)[O-])c3cccnc3c21.[Zn+2],3.7551284
TRZ01582,Cc1nnc(Cn2nc(-c3ccccc3)c(-c3ccccc3)nc2=O)nc1C,Zn2+,Cc1nnc(Cn2nc(-c3ccccc3)c(-c3ccccc3)nc2=O)nc1C.[Zn+2],3.753971
TRZ05311,Cc1nnc(-c2ccc(Cc3c(NS(C)(=O)=O)cccc3C(F)(F)F)nc2)nc1C,Zn2+,Cc1nnc(-c2ccc(Cc3c(NS(C)(=O)=O)cccc3C(F)(F)F)nc2)nc1C.[Zn+2],3.7497516
TRZ05186,CSc1ncc(-c2nnc(C)c(C)n2)c(C(=O)C(F)F)n1,Zn2+,CSc1ncc(-c2nnc(C)c(C)n2)c(C(=O)C(F)F)n1.[Zn+2],3.7439423
TRZ05176,Cc1nnc(-c2cnc(NC3(c4ccccc4)CC3)nc2C(=O)C(F)F)nc1C,Zn2+,Cc1nnc(-c2cnc(NC3(c4ccccc4)CC3)nc2C(=O)C(F)F)nc1C.[Zn+2],3.7434564
TRZ02278,Cc1nnc(C(=O)C2CC(c3ccc(Cl)cc3)=NNC2=O)nc1C,Zn2+,Cc1nnc(C(=O)C2CC(c3ccc(Cl)cc3)=NNC2=O)nc1C.[Zn+2],3.7387695
TRZ05289,Cc1nnc(C2C=CC=CC2(Nc2ccc(C(F)(F)F)cc2)C(=O)CC(=O)CCl)nc1C,Zn2+,Cc1nnc(C2C=CC=CC2(Nc2ccc(C(F)(F)F)cc2)C(=O)CC(=O)CCl)nc1C.[Zn+2],3.7316015
TRZ02894,Cc1nnc(CNS(=O)(=O)c2ccc(F)cc2)nc1C,Zn2+,Cc1nnc(CNS(=O)(=O)c2ccc(F)cc2)nc1C.[Zn+2],3.7175324
TRZ02271,CC(=O)Nc1ccccc1C(=O)C(=O)Nc1ccccc1-c1nnc(C)c(C)n1,Zn2+,CC(=O)Nc1ccccc1C(=O)C(=O)Nc1ccccc1-c1nnc(C)c(C)n1.[Zn+2],3.7164075
TRZ05194,Cc1nnc(-c2cnc(NC3(c4cccnc4)CCC3)nc2C(=O)C(F)F)nc1C,Zn2+,Cc1nnc(-c2cnc(NC3(c4cccnc4)CCC3)nc2C(=O)C(F)F)nc1C.[Zn+2],3.7158682
TRZ04799,Cc1nnc(-c2ccc(CN(C(=O)N3CCOCC3)c3ccc(F)cc3F)nc2)nc1C,Zn2+,Cc1nnc(-c2ccc(CN(C(=O)N3CCOCC3)c3ccc(F)cc3F)nc2)nc1C.[Zn+2],3.708982
TRZ01343,Cc1nnc(C(CN2CCN(c3ccccc3)CC2)C(CO)c2ccccc2)nc1C,Zn2+,Cc1nnc(C(CN2CCN(c3ccccc3)CC2)C(CO)c2ccccc2)nc1C.[Zn+2],3.6996791
TRZ03241,CCC(CC)C(=O)Nc1ccc(N2CCN(C(c3ccccc3)c3nnc(C)c(C)n3)CC2)c(F)c1,Zn2+,CCC(CC)C(=O)Nc1ccc(N2CCN(C(c3ccccc3)c3nnc(C)c(C)n3)CC2)c(F)c1.[Zn+2],3.6959524
TRZ02055,Cc1ccc(N(C(=O)Cc2nnc(C)c(C)n2)C(=O)c2ccccc2Cl)cc1,Zn2+,Cc1ccc(N(C(=O)Cc2nnc(C)c(C)n2)C(=O)c2ccccc2Cl)cc1.[Zn+2],3.6943614
TRZ03640,Cc1nnc(-c2c[nH]c(=O)c(CF)c2Nc2ccc(Br)cc2F)nc1C,Zn2+,Cc1nnc(-c2c[nH]c(=O)c(CF)c2Nc2ccc(Br)cc2F)nc1C.[Zn+2],3.6941187
TRZ05197,Cc1nnc(-c2cnc(NC3(c4ccccc4C(F)(F)F)CCC3)nc2C(=O)C(F)F)nc1C,Zn2+,Cc1nnc(-c2cnc(NC3(c4ccccc4C(F)(F)F)CCC3)nc2C(=O)C(F)F)nc1C.[Zn+2],3.6887174
TRZ02501,CCCCCOc1ccc(O)c(-c2nnc(C)c(C)n2)c1,Zn2+,CCCCCOc1ccc(O)c(-c2nnc(C)c(C)n2)c1.[Zn+2],3.6789577
TRZ00404,Cc1nnc([C@@H](N)Cc2cnc[nH]2)nc1C,Zn2+,Cc1nnc([C@@H](N)Cc2cnc[nH]2)nc1C.[Zn+2],3.6782994
TRZ01686,Cc1nnc(-c2cnc3ccc(F)cc3c2Nc2ccc(OCCCN3CCOCC3)cc2)nc1C,Zn2+,Cc1nnc(-c2cnc3ccc(F)cc3c2Nc2ccc(OCCCN3CCOCC3)cc2)nc1C.[Zn+2],3.6779246
TRZ04235,Cc1nnc(C(CC2=CC=C(F)CC2)N2CC=C(C3=CC(Cl)=CCC3n3cnnn3)CC2)nc1C,Zn2+,Cc1nnc(C(CC2=CC=C(F)CC2)N2CC=C(C3=CC(Cl)=CCC3n3cnnn3)CC2)nc1C.[Zn+2],3.674131
TRZ02024,Cc1nnc(-c2cc(Br)ccc2O)nc1C,Zn2+,Cc1nnc(-c2cc(Br)ccc2O)nc1C.[Zn+2],3.673434
TRZ05192,Cc1nnc(-c2cnc(NC3(c4cccc(F)c4F)CCC3)nc2C(=O)C(F)F)nc1C,Zn2+,Cc1nnc(-c2cnc(NC3(c4cccc(F)c4F)CCC3)nc2C(=O)C(F)F)nc1C.[Zn+2],3.6678727
TRZ02484,COc1cccc(C=C2Oc3cc(OCc4nnc(C)c(C)n4)ccc3C2=O)c1OC,Zn2+,COc1cccc(C=C2Oc3cc(OCc4nnc(C)c(C)n4)ccc3C2=O)c1OC.[Zn+2],3.6672864
TRZ05360,Cc1nnc(-c2cnc(C(=O)C(F)F)nc2)nc1C,Zn2+,Cc1nnc(-c2cnc(C(=O)C(F)F)nc2)nc1C.[Zn+2],3.6562395
TRZ00800,Cc1nnc(-c2c(O)c3ccccc3n(C)c2=O)nc1C,Zn2+,Cc1nnc(-c2c(O)c3ccccc3n(C)c2=O)nc1C.[Zn+2],3.6524916
TRZ01205,Cc1nnc(CNC(c2ccccc2)(c2ccccc2)c2ccccc2)nc1C,Zn2+,Cc1nnc(CNC(c2ccccc2)(c2ccccc2)c2ccccc2)nc1C.[Zn+2],3.652465
TRZ03741,Cc1cc(I)ccc1NC1=CC2=NCN(C)C2=CC1(F)c1nnc(C)c(C)n1,Zn2+,Cc1cc(I)ccc1NC1=CC2=NCN(C)C2=CC1(F)c1nnc(C)c(C)n1.[Zn+2],3.648227
TRZ02144,Cc1nnc(CCn2nc(-c3ccccc3)c3ccccc3c2=O)nc1C,Zn2+,Cc1nnc(CCn2nc(-c3ccccc3)c3ccccc3c2=O)nc1C.[Zn+2],3.6427639
TRZ01876,Cc1nnc(C(C)C2=NC(C)(C)Cc3ccccc32)nc1C,Zn2+,Cc1nnc(C(C)C2=NC(C)(C)Cc3ccccc32)nc1C.[Zn+2],3.6385038
TRZ05183,Cc1nnc(-c2cnc(NC3(c4cccc(C(F)(F)F)c4)CCC3)nc2C(=O)C(F)F)nc1C,Zn2+,Cc1nnc(-c2cnc(NC3(c4cccc(C(F)(F)F)c4)CCC3)nc2C(=O)C(F)F)nc1C.[Zn+2],3.6351957
TRZ03109,Cc1nnc(-c2ccccc2N2C(=O)N[C@]3(CCOc4ccc(F)cc43)C2=O)nc1C,Zn2+,Cc1nnc(-c2ccccc2N2C(=O)N[C@]3(CCOc4ccc(F)cc43)C2=O)nc1C.[Zn+2],3.6351554
TRZ04759,Cc1nnc(-c2ccc(CN(C(=O)N3CCS(=O)(=O)CC3)c3ccc(F)cc3)nc2)nc1C,Zn2+,Cc1nnc(-c2ccc(CN(C(=O)N3CCS(=O)(=O)CC3)c3ccc(F)cc3)nc2)nc1C.[Zn+2],3.633893
TRZ01690,Cc1nnc(-c2cnc3ccc(F)cc3c2Nc2ccc(NCCCN3CCOCC3)cc2)nc1C,Zn2+,Cc1nnc(-c2cnc3ccc(F)cc3c2Nc2ccc(NCCCN3CCOCC3)cc2)nc1C.[Zn+2],3.6323826
TRZ04420,Cc1nnc(-c2cnc(NC3(c4ccc(F)cc4F)CC3)nc2)nc1C,Zn2+,Cc1nnc(-c2cnc(NC3(c4ccc(F)cc4F)CC3)nc2)nc1C.[Zn+2],3.6318324
TRZ02643,Cc1nnc(-c2ccc(-c3ccc(-c4nnc(C)c(C)n4)cn3)nc2)nc1C,Zn2+,Cc1nnc(-c2ccc(-c3ccc(-c4nnc(C)c(C)n4)cn3)nc2)nc1C.[Zn+2],3.6258307
TRZ02455,Cc1nnc(-c2cnc(C(C)(C)C)[nH]2)nc1C,Zn2+,Cc1nnc(-c2cnc(C(C)(C)C)[nH]2)nc1C.[Zn+2],3.6245847
TRZ00507,Cc1nnc(-c2ccc3nc(-c4ccc(Br)cc4)cn3c2)nc1C,Zn2+,Cc1nnc(-c2ccc3nc(-c4ccc(Br)cc4)cn3c2)nc1C.[Zn+2],3.6182647
TRZ01345,Cc1nnc(Cn2c(=O)c3c(nc4n3CC(c3ccccc3)=NN4c3ccccc3)n(C)c2=O)nc1C,Zn2+,Cc1nnc(Cn2c(=O)c3c(nc4n3CC(c3ccccc3)=NN4c3ccccc3)n(C)c2=O)nc1C.[Zn+2],3.6124163
TRZ00212,Cc1nnc(CSc2nc3ccccc3[nH]2)nc1C,Zn2+,Cc1nnc(CSc2nc3ccccc3[nH]2)nc1C.[Zn+2],3.6114645
TRZ05180,COc1ccc(C2(Nc3ncc(-c4nnc(C)c(C)n4)c(C(=O)C(F)F)n3)CCC2)cc1,Zn2+,COc1ccc(C2(Nc3ncc(-c4nnc(C)c(C)n4)c(C(=O)C(F)F)n3)CCC2)cc1.[Zn+2],3.6042058
TRZ05442,Cc1nnc(-c2cc(Oc3ccc(NC(=O)OC(C)(C)C)c(F)c3)ccn2)nc1C,Zn2+,Cc1nnc(-c2cc(Oc3ccc(NC(=O)OC(C)(C)C)c(F)c3)ccn2)nc1C.[Zn+2],3.6036072
TRZ00901,Cc1nc(C)c(-c2nnc(-c3ccccc3Cl)o2)cc1-c1nnc(C)c(C)n1,Zn2+,Cc1nc(C)c(-c2nnc(-c3ccccc3Cl)o2)cc1-c1nnc(C)c(C)n1.[Zn+2],3.600504
TRZ02989,Cc1nnc(-c2cccc(F)c2O)nc1C,Zn2+,Cc1nnc(-c2cccc(F)c2O)nc1C.[Zn+2],3.5943558
TRZ01531,Cc1nnc(C2SCCN2S(=O)(=O)c2ccc(Cl)cc2)nc1C,Zn2+,Cc1nnc(C2SCCN2S(=O)(=O)c2ccc(Cl)cc2)nc1C.[Zn+2],3.5746377
TRZ05185,Cc1ccc(C2(Nc3ncc(-c4nnc(C)c(C)n4)c(C(=O)C(F)F)n3)CCC2)cc1,Zn2+,Cc1ccc(C2(Nc3ncc(-c4nnc(C)c(C)n4)c(C(=O)C(F)F)n3)CCC2)cc1.[Zn+2],3.5629892
TRZ02047,Cc1nnc([C@H](C)N2C(=O)c3ccccc3C2=O)nc1C,Zn2+,Cc1nnc([C@H](C)N2C(=O)c3ccccc3C2=O)nc1C.[Zn+2],3.5593238
TRZ00509,COc1ccc(-c2cn3cc(-c4nnc(C)c(C)n4)ccc3n2)cc1,Zn2+,COc1ccc(-c2cn3cc(-c4nnc(C)c(C)n4)ccc3n2)cc1.[Zn+2],3.5505745
TRZ05752,Cc1nnc(-c2ccc(N3CCC(C#N)CC3c3cc(F)ccc3Cl)nc2)nc1C,Zn2+,Cc1nnc(-c2ccc(N3CCC(C#N)CC3c3cc(F)ccc3Cl)nc2)nc1C.[Zn+2],3.546389
TRZ01082,Cc1nnc(-c2[nH]nc3c(O)c4ccccc4c(O)c23)nc1C,Zn2+,Cc1nnc(-c2[nH]nc3c(O)c4ccccc4c(O)c23)nc1C.[Zn+2],3.5446787
TRZ04492,CCN1CCC(C(=O)N(Cc2ccc(-c3nnc(C)c(C)n3)cn2)C2=CC=CC(F)C2C)CC1,Zn2+,CCN1CCC(C(=O)N(Cc2ccc(-c3nnc(C)c(C)n3)cn2)C2=CC=CC(F)C2C)CC1.[Zn+2],3.5332186
TRZ04530,Cc1nnc(-c2ccc(CNC(=O)N3CCSC(c4ccc(F)cc4)C3)nc2)nc1C,Zn2+,Cc1nnc(-c2ccc(CNC(=O)N3CCSC(c4ccc(F)cc4)C3)nc2)nc1C.[Zn+2],3.5293663
TRZ04342,CCS(=O)(=O)N(Cc1ccc(-c2nnc(C)c(C)n2)cn1)c1ccc(F)c(F)c1,Zn2+,CCS(=O)(=O)N(Cc1ccc(-c2nnc(C)c(C)n2)cn1)c1ccc(F)c(F)c1.[Zn+2],3.5249798
TRZ01024,Cc1nnc(COc2ccc3c4c(c(=O)oc3c2Br)CCCC4)nc1C,Zn2+,Cc1nnc(COc2ccc3c4c(c(=O)oc3c2Br)CCCC4)nc1C.[Zn+2],3.523793
TRZ02503,CCCCCCOc1ccc(O)c(-c2nnc(C)c(C)n2)c1,Zn2+,CCCCCCOc1ccc(O)c(-c2nnc(C)c(C)n2)c1.[Zn+2],3.522869
TRZ03116,Cc1nnc(-c2cc(Cl)ccc2N2C(=O)N[C@]3(CCOc4ccc(F)cc43)C2=O)nc1C,Zn2+,Cc1nnc(-c2cc(Cl)ccc2N2C(=O)N[C@]3(CCOc4ccc(F)cc43)C2=O)nc1C.[Zn+2],3.5197163
TRZ04244,Cc1nnc(-c2cn3c4c(c(N5CCN(C)CC5)c(F)cc4c2=O)OCC3C)nc1C,Zn2+,Cc1nnc(-c2cn3c4c(c(N5CCN(C)CC5)c(F)cc4c2=O)OCC3C)nc1C.[Zn+2],3.5131693
TRZ03236,Cc1nnc(-c2cc(Cl)ccc2OCC(=O)N2CCC(C(=O)c3ccc(F)cc3)CC2)nc1C,Zn2+,Cc1nnc(-c2cc(Cl)ccc2OCC(=O)N2CCC(C(=O)c3ccc(F)cc3)CC2)nc1C.[Zn+2],3.5078452
TRZ01933,Cc1nnc(-c2ccc(OCC(O)CO)cc2O)nc1C,Zn2+,Cc1nnc(-c2ccc(OCC(O)CO)cc2O)nc1C.[Zn+2],3.5061653
TRZ05187,Cc1nnc(-c2cnc(NC3(c4cccc(C(F)(F)F)c4)CC3)nc2C(=O)C(F)F)nc1C,Zn2+,Cc1nnc(-c2cnc(NC3(c4cccc(C(F)(F)F)c4)CC3)nc2C(=O)C(F)F)nc1C.[Zn+2],3.5020173
TRZ00958,Cc1nnc(-c2cc(-c3ccc(Cl)cc3)nn2CC(O)COc2ccc(Cl)cc2)nc1C,Zn2+,Cc1nnc(-c2cc(-c3ccc(Cl)cc3)nn2CC(O)COc2ccc(Cl)cc2)nc1C.[Zn+2],3.50042
TRZ05196,Cc1nnc(-c2cnc(NC3(c4cccs4)CC3)nc2C(=O)C(F)F)nc1C,Zn2+,Cc1nnc(-c2cnc(NC3(c4cccs4)CC3)nc2C(=O)C(F)F)nc1C.[Zn+2],3.4982173
TRZ05193,Cc1nnc(-c2cnc(NC3(c4c(F)cccc4F)CCC3)nc2C(=O)C(F)F)nc1C,Zn2+,Cc1nnc(-c2cnc(NC3(c4c(F)cccc4F)CCC3)nc2C(=O)C(F)F)nc1C.[Zn+2],3.4904552
TRZ02424,Cc1nnc(CSCCCN2CCN(c3cccc(Cl)c3)CC2)nc1C,Zn2+,Cc1nnc(CSCCCN2CCN(c3cccc(Cl)c3)CC2)nc1C.[Zn+2],3.4874394
TRZ03857,CCC(c1nnc(C)c(C)n1)N1CCN(c2cccc(C(F)(F)F)c2)CC1,Zn2+,CCC(c1nnc(C)c(C)n1)N1CCN(c2cccc(C(F)(F)F)c2)CC1.[Zn+2],3.4844987
TRZ02438,Cc1nnc(C(NS(=O)(=O)c2ccc(Cl)cc2)C(C)C)nc1C,Zn2+,Cc1nnc(C(NS(=O)(=O)c2ccc(Cl)cc2)C(C)C)nc1C.[Zn+2],3.478513
TRZ00574,COCCNc1ccc(-c2cc(N3CCc4ccccc4C3)nc(-c3nnc(C)c(C)n3)n2)cn1,Zn2+,COCCNc1ccc(-c2cc(N3CCc4ccccc4C3)nc(-c3nnc(C)c(C)n3)n2)cn1.[Zn+2],3.4765227
TRZ00358,Cc1nnc(C2=C(O)c3ccccc3S(=O)(=O)N2C)nc1C,Zn2+,Cc1nnc(C2=C(O)c3ccccc3S(=O)(=O)N2C)nc1C.[Zn+2],3.4735498
TRZ00671,Cc1nnc(-c2[nH]c3ccccc3c2N)nc1C,Zn2+,Cc1nnc(-c2[nH]c3ccccc3c2N)nc1C.[Zn+2],3.4629292
TRZ02768,Cc1nnc(C(C(=O)O)C(=O)Nc2ccccc2)nc1C,Zn2+,Cc1nnc(C(C(=O)O)C(=O)Nc2ccccc2)nc1C.[Zn+2],3.460298
TRZ02918,Cc1nnc(-c2ccc3cc4ccccc4cc3c2O)nc1C,Zn2+,Cc1nnc(-c2ccc3cc4ccccc4cc3c2O)nc1C.[Zn+2],3.4600453
TRZ04963,Cc1ccc(Nc2c(-c3nnc(C)c(C)n3)cn3ccnc3c2Cl)c(F)c1,Zn2+,Cc1ccc(Nc2c(-c3nnc(C)c(C)n3)cn3ccnc3c2Cl)c(F)c1.[Zn+2],3.457718
TRZ00470,Cc1nnc(-c2cn3c4c(c(N5CCN(C)CC5)c(F)cc4c2=O)OC[C@@H]3C)nc1C,Zn2+,Cc1nnc(-c2cn3c4c(c(N5CCN(C)CC5)c(F)cc4c2=O)OC[C@@H]3C)nc1C.[Zn+2],3.4566112
TRZ05195,Cc1nnc(-c2cnc(NC3(c4ccc(F)cc4F)CCC3)nc2C(=O)C(F)F)nc1C,Zn2+,Cc1nnc(-c2cnc(NC3(c4ccc(F)cc4F)CCC3)nc2C(=O)C(F)F)nc1C.[Zn+2],3.449353
TRZ05484,Cc1nnc(-c2cnc3[nH]nc(N4CC[C@H](F)C4)c3c2)nc1C,Zn2+,Cc1nnc(-c2cnc3[nH]nc(N4CC[C@H](F)C4)c3c2)nc1C.[Zn+2],3.4488542
TRZ05421,CCn1cc(-c2nnc(C)c(C)n2)c(=O)c2cc(F)c(N3CCNCC3)nc21,Zn2+,CCn1cc(-c2nnc(C)c(C)n2)c(=O)c2cc(F)c(N3CCNCC3)nc21.[Zn+2],3.444105
TRZ03318,COc1cnc(-c2cc(Cl)ccc2F)nc1Nc1ccncc1-c1nnc(C)c(C)n1,Zn2+,COc1cnc(-c2cc(Cl)ccc2F)nc1Nc1ccncc1-c1nnc(C)c(C)n1.[Zn+2],3.4388735
TRZ02541,COc1ccccc1-c1c(-c2ccc(OCc3nnc(C)c(C)n3)cc2O)n[nH]c1C,Zn2+,COc1ccccc1-c1c(-c2ccc(OCc3nnc(C)c(C)n3)cc2O)n[nH]c1C.[Zn+2],3.4351902
TRZ01673,Cc1nnc(CCN2CCN(c3ccnc4cc(Cl)ccc34)CC2)nc1C,Zn2+,Cc1nnc(CCN2CCN(c3ccnc4cc(Cl)ccc34)CC2)nc1C.[Zn+2],3.4345806
TRZ04594,Cc1nnc(-c2ccc(CN(C(=O)N3CC[C@@H](N(C)C)C3)c3ccc(F)c(Cl)c3)nc2)nc1C,Zn2+,Cc1nnc(-c2ccc(CN(C(=O)N3CC[C@@H](N(C)C)C3)c3ccc(F)c(Cl)c3)nc2)nc1C.[Zn+2],3.434116
TRZ03762,Cc1nnc(C(C)CN(C)S(=O)(=O)c2ccc(C(F)(F)F)cc2Cl)nc1C,Zn2+,Cc1nnc(C(C)CN(C)S(=O)(=O)c2ccc(C(F)(F)F)cc2Cl)nc1C.[Zn+2],3.4316523
TRZ00379,Cc1nnc(-c2n[nH]c(=O)c3ccccc23)nc1C,Zn2+,Cc1nnc(-c2n[nH]c(=O)c3ccccc23)nc1C.[Zn+2],3.4274917
TRZ01526,Cc1nnc(-c2ccc(Oc3cccc(C(F)(F)F)c3)nc2)nc1C,Zn2+,Cc1nnc(-c2ccc(Oc3cccc(C(F)(F)F)c3)nc2)nc1C.[Zn+2],3.4255385
TRZ05734,Cc1nnc(-c2cncc(-c3ccc(OC(F)F)[nH]c3=O)n2)nc1C,Zn2+,Cc1nnc(-c2cncc(-c3ccc(OC(F)F)[nH]c3=O)n2)nc1C.[Zn+2],3.4254336
TRZ04407,Cc1nnc(-c2cnc(NC3(c4cc(F)cc(F)c4)CCC3)nc2)nc1C,Zn2+,Cc1nnc(-c2cnc(NC3(c4cc(F)cc(F)c4)CCC3)nc2)nc1C.[Zn+2],3.4206173
TRZ04808,Cc1nnc(-c2ccc(CN(C(=O)N3CCN(C)CC3)c3ccc(F)c(Cl)c3)nc2)nc1C,Zn2+,Cc1nnc(-c2ccc(CN(C(=O)N3CCN(C)CC3)c3ccc(F)c(Cl)c3)nc2)nc1C.[Zn+2],3.418463
TRZ02850,Cc1nnc(Cn2nc(C)n(CCCn3ccnc3)c2=O)nc1C,Zn2+,Cc1nnc(Cn2nc(C)n(CCCn3ccnc3)c2=O)nc1C.[Zn+2],3.415558
TRZ04482,Cc1nnc(-c2cc(N3CCOCC3)cc3c2nc(C)n3-c2ccnc3cc(F)ccc23)nc1C,Zn2+,Cc1nnc(-c2cc(N3CCOCC3)cc3c2nc(C)n3-c2ccnc3cc(F)ccc23)nc1C.[Zn+2],3.4081616
TRZ01984,Cc1nnc(CNS(=O)(=O)c2ccccc2)nc1C,Zn2+,Cc1nnc(CNS(=O)(=O)c2ccccc2)nc1C.[Zn+2],3.4004805
TRZ04345,CCS(=O)(=O)N(Cc1ccc(-c2nnc(C)c(C)n2)cn1)c1ccc(F)c(Cl)c1,Zn2+,CCS(=O)(=O)N(Cc1ccc(-c2nnc(C)c(C)n2)cn1)c1ccc(F)c(Cl)c1.[Zn+2],3.3996742
TRZ01558,Cc1nnc(C2CC(O)CN2S(=O)(=O)c2ccc3ccccc3c2)nc1C,Zn2+,Cc1nnc(C2CC(O)CN2S(=O)(=O)c2ccc3ccccc3c2)nc1C.[Zn+2],3.3990004
TRZ05454,Cc1nnc(-c2ccc(Oc3cccc(C(F)(F)F)c3)cc2[N+](=O)[O-])nc1C,Zn2+,Cc1nnc(-c2ccc(Oc3cccc(C(F)(F)F)c3)cc2[N+](=O)[O-])nc1C.[Zn+2],3.3976676
TRZ00490,Cc1ccnc(N/C=C(/NC(=O)c2ccccc2)c2nnc(C)c(C)n2)n1,Zn2+,Cc1ccnc(N/C=C(/NC(=O)c2ccccc2)c2nnc(C)c(C)n2)n1.[Zn+2],3.3904607
TRZ04000,CC(=O)C(c1nnc(C)c(C)n1)n1nc(-c2ccncc2)cc1Cc1ccc(F)cc1,Zn2+,CC(=O)C(c1nnc(C)c(C)n1)n1nc(-c2ccncc2)cc1Cc1ccc(F)cc1.[Zn+2],3.385415
TRZ02602,Cc1nnc(-c2cnn(-c3ccc(-c4ccccc4)nn3)c2N)nc1C,Zn2+,Cc1nnc(-c2cnn(-c3ccc(-c4ccccc4)nn3)c2N)nc1C.[Zn+2],3.3848097
TRZ00889,Cc1nnc(-c2cn(C3CC3)c3cc(N4CCN(C(=O)c5ccccc5)CC4)c(F)cc3c2=O)nc1C,Zn2+,Cc1nnc(-c2cn(C3CC3)c3cc(N4CCN(C(=O)c5ccccc5)CC4)c(F)cc3c2=O)nc1C.[Zn+2],3.3838878
TRZ00718,Cc1nnc(-c2cc(-c3ccc(OCCC(C)C)c(C#N)c3)n[nH]c2=O)nc1C,Zn2+,Cc1nnc(-c2cc(-c3ccc(OCCC(C)C)c(C#N)c3)n[nH]c2=O)nc1C.[Zn+2],3.3830845
TRZ05366,Cc1nnc(-c2cnc(C(=O)C(F)(F)F)nc2)nc1C,Zn2+,Cc1nnc(-c2cnc(C(=O)C(F)(F)F)nc2)nc1C.[Zn+2],3.3814976
TRZ00305,Cc1nnc(CO/N=C/c2cc(C(C)(C)C)c(O)c(C(C)(C)C)c2)nc1C,Zn2+,Cc1nnc(CO/N=C/c2cc(C(C)(C)C)c(O)c(C(C)(C)C)c2)nc1C.[Zn+2],3.3793173
TRZ05260,Cc1nnc(-c2cnc3ccc(N4CCC[C@@H]4c4cc(F)cnc4CC[C@@H](C)N)nn23)nc1C,Zn2+,Cc1nnc(-c2cnc3ccc(N4CCC[C@@H]4c4cc(F)cnc4CC[C@@H](C)N)nn23)nc1C.[Zn+2],3.3790345
TRZ01959,Cc1nnc(-c2c[nH]c3ccccc3c2=O)nc1C,Zn2+,Cc1nnc(-c2c[nH]c3ccccc3c2=O)nc1C.[Zn+2],3.3730807
TRZ00725,Cc1nnc([C@H](Cc2cnc[nH]2)NC(=O)CCN)nc1C,Zn2+,Cc1nnc([C@H](Cc2cnc[nH]2)NC(=O)CCN)nc1C.[Zn+2],3.3703096
TRZ05744,CCOc1ccc(-c2c[nH]c(=O)c(-c3nnc(C)c(C)n3)n2)c(F)c1,Zn2+,CCOc1ccc(-c2c[nH]c(=O)c(-c3nnc(C)c(C)n3)n2)c(F)c1.[Zn+2],3.3610623
TRZ01019,Cc1nnc(CSc2nc3ccccc3c(=O)n2Cc2ccc3c(c2)OCO3)nc1C,Zn2+,Cc1nnc(CSc2nc3ccccc3c(=O)n2Cc2ccc3c(c2)OCO3)nc1C.[Zn+2],3.3610077
TRZ01653,Cc1nnc(-c2cn(C3CC3)c3cc(N4CCNCC4)c(F)cc3c2=O)nc1C,Zn2+,Cc1nnc(-c2cn(C3CC3)c3cc(N4CCNCC4)c(F)cc3c2=O)nc1C.[Zn+2],3.3581104
TRZ01679,Cc1nnc(Cn2c(-c3ccc(CNCc4ccccc4)o3)nc3ccccc32)nc1C,Zn2+,Cc1nnc(Cn2c(-c3ccc(CNCc4ccccc4)o3)nc3ccccc32)nc1C.[Zn+2],3.3562713
TRZ04730,Cc1nnc(-c2ccc(CN(C(=O)N3CCS(=O)(=O)CC3)c3cccc(F)c3)nc2)nc1C,Zn2+,Cc1nnc(-c2ccc(CN(C(=O)N3CCS(=O)(=O)CC3)c3cccc(F)c3)nc2)nc1C.[Zn+2],3.3539894
TRZ00750,CCn1cc(-c2nnc(C)c(C)n2)c(=O)c2ccc(-c3ccncc3)cc21,Zn2+,CCn1cc(-c2nnc(C)c(C)n2)c(=O)c2ccc(-c3ccncc3)cc21.[Zn+2],3.3454971
TRZ03034,Cc1ccc2c(=O)c(-c3ccc(F)cc3)cn(Cc3nnc(C)c(C)n3)c2c1,Zn2+,Cc1ccc2c(=O)c(-c3ccc(F)cc3)cn(Cc3nnc(C)c(C)n3)c2c1.[Zn+2],3.3389518
TRZ02340,COc1ccc(-c2c(C)oc3cc(OCc4nnc(C)c(C)n4)ccc3c2=O)cc1,Zn2+,COc1ccc(-c2c(C)oc3cc(OCc4nnc(C)c(C)n4)ccc3c2=O)cc1.[Zn+2],3.3355734
TRZ05745,CCOc1ccc(-c2nc(-c3nnc(C)c(C)n3)c[nH]c2=O)c(F)c1,Zn2+,CCOc1ccc(-c2nc(-c3nnc(C)c(C)n3)c[nH]c2=O)c(F)c1.[Zn+2],3.3331773
TRZ00141,CCn1cc(-c2nnc(C)c(C)n2)c(=O)c2cc(F)c(N3CCN(C)CC3)cc21,Zn2+,CCn1cc(-c2nnc(C)c(C)n2)c(=O)c2cc(F)c(N3CCN(C)CC3)cc21.[Zn+2],3.3324275
TRZ04904,Cc1nnc(C(C)N2C3CCC2CC(Oc2ccnc4ccc(F)cc24)C3)nc1C,Zn2+,Cc1nnc(C(C)N2C3CCC2CC(Oc2ccnc4ccc(F)cc24)C3)nc1C.[Zn+2],3.3296492
TRZ00382,COc1ccc2c(N)c(-c3nnc(C)c(C)n3)[nH]c2c1,Zn2+,COc1ccc2c(N)c(-c3nnc(C)c(C)n3)[nH]c2c1.[Zn+2],3.3289506
TRZ02539,Cc1nnc(-c2[nH]cnc2/N=N/N(C)C2CCCCC2)nc1C,Zn2+,Cc1nnc(-c2[nH]cnc2/N=N/N(C)C2CCCCC2)nc1C.[Zn+2],3.3263083
TRZ00768,CCn1cc(-c2nnc(C)c(C)n2)c(=O)c2cc(F)c(N3CCCCCC3)cc21,Zn2+,CCn1cc(-c2nnc(C)c(C)n2)c(=O)c2cc(F)c(N3CCCCCC3)cc21.[Zn+2],3.325297
TRZ00914,COc1ccccc1-c1c(-c2ccc(OCc3nnc(C)c(C)n3)cc2O)n[nH]c1C(F)(F)F,Zn2+,COc1ccccc1-c1c(-c2ccc(OCc3nnc(C)c(C)n3)cc2O)n[nH]c1C(F)(F)F.[Zn+2],3.3182597
TRZ03765,Cc1nnc(-c2cc(C(F)(F)F)nn2-c2cccc(CNC[C@H](C)C(=O)OC(C)(C)C)c2)nc1C,Zn2+,Cc1nnc(-c2cc(C(F)(F)F)nn2-c2cccc(CNC[C@H](C)C(=O)OC(C)(C)C)c2)nc1C.[Zn+2],3.3172047
TRZ00947,Cc1nnc(-c2nn(-c3ccc(Cl)cc3)ccc2=O)nc1C,Zn2+,Cc1nnc(-c2nn(-c3ccc(Cl)cc3)ccc2=O)nc1C.[Zn+2],3.3137114
TRZ01087,Cc1nnc(CSc2ncnc3nc[nH]c23)nc1C,Zn2+,Cc1nnc(CSc2ncnc3nc[nH]c23)nc1C.[Zn+2],3.3130932
TRZ02802,Cc1nnc(-c2ccccc2Nc2ccccc2-c2nnc(C)c(C)n2)nc1C,Zn2+,Cc1nnc(-c2ccccc2Nc2ccccc2-c2nnc(C)c(C)n2)nc1C.[Zn+2],3.305884
TRZ00705,Cc1nnc(-c2nn(-c3ccccc3)c(=O)cc2O)nc1C,Zn2+,Cc1nnc(-c2nn(-c3ccccc3)c(=O)cc2O)nc1C.[Zn+2],3.301355
TRZ02710,Cc1nnc([C@H](N)Cc2ccc(O)cc2)nc1C,Zn2+,Cc1nnc([C@H](N)Cc2ccc(O)cc2)nc1C.[Zn+2],3.2969227
TRZ04398,Cc1nnc(-c2cnc(NC3(c4cc(F)cc(F)c4)CC3)nc2)nc1C,Zn2+,Cc1nnc(-c2cnc(NC3(c4cc(F)cc(F)c4)CC3)nc2)nc1C.[Zn+2],3.2861145
TRZ05261,Cc1nnc(-c2cnc3ccc(N4CCCC4c4cc(F)cnc4CC[C@@H](C)N)nn23)nc1C,Zn2+,Cc1nnc(-c2cnc3ccc(N4CCCC4c4cc(F)cnc4CC[C@@H](C)N)nn23)nc1C.[Zn+2],3.282189
TRZ05931,Cc1nnc(-c2cc3nc(C(=O)c4cccc(F)c4)nc(N4CCOCC4)c3s2)nc1C,Zn2+,Cc1nnc(-c2cc3nc(C(=O)c4cccc(F)c4)nc(N4CCOCC4)c3s2)nc1C.[Zn+2],3.2762473
TRZ00562,Cc1nnc(CNC(=O)c2ccccc2N)nc1C,Zn2+,Cc1nnc(CNC(=O)c2ccccc2N)nc1C.[Zn+2],3.2696211
TRZ00281,Cc1nnc(-c2cnn(-c3ccccc3)c2-n2cccc2)nc1C,Zn2+,Cc1nnc(-c2cnn(-c3ccccc3)c2-n2cccc2)nc1C.[Zn+2],3.266943
TRZ05803,Cc1nnc(C(C)(C=O)S(=O)(=O)c2ccc(F)cc2)nc1C,Zn2+,Cc1nnc(C(C)(C=O)S(=O)(=O)c2ccc(F)cc2)nc1C.[Zn+2],3.2657688
TRZ02314,Cc1nnc(Cn2nnc(-c3ccccc3Cl)n2)nc1C,Zn2+,Cc1nnc(Cn2nnc(-c3ccccc3Cl)n2)nc1C.[Zn+2],3.2619057
TRZ02218,Cc1nnc(Cn2c(C3CC(=O)N(c4ccc(F)cc4)C3)nc3ccccc32)nc1C,Zn2+,Cc1nnc(Cn2c(C3CC(=O)N(c4ccc(F)cc4)C3)nc3ccccc32)nc1C.[Zn+2],3.2575433
TRZ03782,Cc1nnc(C(C(N)=O)c2ccc(OCc3cccc(F)c3)cc2)nc1C,Zn2+,Cc1nnc(C(C(N)=O)c2ccc(OCc3cccc(F)c3)cc2)nc1C.[Zn+2],3.2563639
TRZ05151,CC(=O)NN=C(c1ccc(F)cc1)c1nnc(C)c(C)n1,Zn2+,CC(=O)NN=C(c1ccc(F)cc1)c1nnc(C)c(C)n1.[Zn+2],3.256154
TRZ03796,Cc1nnc(-c2c(-c3ccc(Cl)cc3)[nH]c3c(F)c(F)c(F)cc3c2=O)nc1C,Zn2+,Cc1nnc(-c2c(-c3ccc(Cl)cc3)[nH]c3c(F)c(F)c(F)cc3c2=O)nc1C.[Zn+2],3.2509325
TRZ04112,Cc1nnc(C2=NN(Cc3ccc(Cl)cc3Cl)C3=CN(C(F)(F)F)C=NC32)nc1C,Zn2+,Cc1nnc(C2=NN(Cc3ccc(Cl)cc3Cl)C3=CN(C(F)(F)F)C=NC32)nc1C.[Zn+2],3.245967
TRZ04101,Cc1nnc(-c2cnc(-c3ccc(C(F)(F)F)cc3)[nH]2)nc1C,Zn2+,Cc1nnc(-c2cnc(-c3ccc(C(F)(F)F)cc3)[nH]2)nc1C.[Zn+2],3.245508
TRZ05130,COc1cccc(C2(Nc3ncc(-c4nnc(C)c(C)n4)c(C(=O)C(F)F)n3)CC2)c1,Zn2+,COc1cccc(C2(Nc3ncc(-c4nnc(C)c(C)n4)c(C(=O)C(F)F)n3)CC2)c1.[Zn+2],3.2371585
TRZ02253,CCN(CC)C(c1ccccc1)c1nnc(C)c(C)n1,Zn2+,CCN(CC)C(c1ccccc1)c1nnc(C)c(C)n1.[Zn+2],3.2297325
TRZ05204,Cc1nnc(-c2cc(-c3ccc(F)cc3)c(=O)n(C)c2)nc1C,Zn2+,Cc1nnc(-c2cc(-c3ccc(F)cc3)c(=O)n(C)c2)nc1C.[Zn+2],3.22813
TRZ03268,Cc1nnc(-c2ncc(Cl)cc2NS(=O)(=O)c2ccc(Cl)c(C(F)(F)F)c2)nc1C,Zn2+,Cc1nnc(-c2ncc(Cl)cc2NS(=O)(=O)c2ccc(Cl)c(C(F)(F)F)c2)nc1C.[Zn+2],3.2271576
TRZ00181,Cc1nnc(-c2nn(-c3ccc(Cl)cc3)cc2O)nc1C,Zn2+,Cc1nnc(-c2nn(-c3ccc(Cl)cc3)cc2O)nc1C.[Zn+2],3.2129076
TRZ02879,Cc1nnc(C(S)Cc2csc(-c3ccc(F)cc3)n2)nc1C,Zn2+,Cc1nnc(C(S)Cc2csc(-c3ccc(F)cc3)n2)nc1C.[Zn+2],3.2112784
TRZ05263,Cc1nnc(-c2cnc3ccc(N4CCCC4c4cc(F)cnc4C#C[C@@H](C)N)nn23)nc1C,Zn2+,Cc1nnc(-c2cnc3ccc(N4CCCC4c4cc(F)cnc4C#C[C@@H](C)N)nn23)nc1C.[Zn+2],3.2068632
TRZ01350,Cc1nnc(CSc2cc(Oc3ccc(Cl)cc3)ncn2)nc1C,Zn2+,Cc1nnc(CSc2cc(Oc3ccc(Cl)cc3)ncn2)nc1C.[Zn+2],3.2061408
TRZ01212,Cc1nnc(-c2ccc3ccccc3c2O)nc1C,Zn2+,Cc1nnc(-c2ccc3ccccc3c2O)nc1C.[Zn+2],3.205836
TRZ03799,Cc1nc(C(=O)N2CCCC[C@@H]2Cc2nnc(C)c(C)n2)c(-c2ccc(F)cc2)s1,Zn2+,Cc1nc(C(=O)N2CCCC[C@@H]2Cc2nnc(C)c(C)n2)c(-c2ccc(F)cc2)s1.[Zn+2],3.2045772
TRZ03514,Cc1nc(C(=O)N2CCCCC2Cc2nnc(C)c(C)n2)c(-c2ccc(F)cc2)s1,Zn2+,Cc1nc(C(=O)N2CCCCC2Cc2nnc(C)c(C)n2)c(-c2ccc(F)cc2)s1.[Zn+2],3.2007961
TRZ01708,Cc1nnc(-c2nc3c(c(=O)[nH]2)C2CCCN2C(=O)N3c2ccccc2)nc1C,Zn2+,Cc1nnc(-c2nc3c(c(=O)[nH]2)C2CCCN2C(=O)N3c2ccccc2)nc1C.[Zn+2],3.1901727
TRZ01675,Cc1nnc(-c2cc(-c3ccc(OCC(C)C)cc3)n[nH]c2=O)nc1C,Zn2+,Cc1nnc(-c2cc(-c3ccc(OCC(C)C)cc3)n[nH]c2=O)nc1C.[Zn+2],3.1900058
TRZ05262,Cc1nnc(-c2cnc3ccc(N4CCC[C@@H]4c4cc(F)cnc4C#C[C@@H](C)N)nn23)nc1C,Zn2+,Cc1nnc(-c2cnc3ccc(N4CCC[C@@H]4c4cc(F)cnc4C#C[C@@H](C)N)nn23)nc1C.[Zn+2],3.1891546
TRZ01326,Cc1nnc(Cn2c(C)nc3ccc(I)cc3c2=O)nc1C,Zn2+,Cc1nnc(Cn2c(C)nc3ccc(I)cc3c2=O)nc1C.[Zn+2],3.1872845
TRZ04175,Cc1nnc(Cc2cc(NC(=O)OC(C)(C)C)n(-c3ccc(F)cc3)n2)nc1C,Zn2+,Cc1nnc(Cc2cc(NC(=O)OC(C)(C)C)n(-c3ccc(F)cc3)n2)nc1C.[Zn+2],3.1855597
TRZ02161,Cc1nnc(CCn2ncc3ccccc3c2=O)nc1C,Zn2+,Cc1nnc(CCn2ncc3ccccc3c2=O)nc1C.[Zn+2],3.1807618
TRZ03115,COc1ccc(N2C(=O)N[C@]3(CCOc4ccc(F)cc43)C2=O)c(-c2nnc(C)c(C)n2)c1,Zn2+,COc1ccc(N2C(=O)N[C@]3(CCOc4ccc(F)cc43)C2=O)c(-c2nnc(C)c(C)n2)c1.[Zn+2],3.1803308
TRZ01089,Cc1cc2nc(SCc3nnc(C)c(C)n3)[nH]c2cc1C,Zn2+,Cc1cc2nc(SCc3nnc(C)c(C)n3)[nH]c2cc1C.[Zn+2],3.1759195
TRZ00642,Cc1nnc(-c2cc3cc(Oc4ccccc4)ccc3[nH]2)nc1C,Zn2+,Cc1nnc(-c2cc3cc(Oc4ccccc4)ccc3[nH]2)nc1C.[Zn+2],3.1754313
TRZ01700,Cc1nnc(-c2nn(-c3ccc(Cl)cc3)c(=O)c3c2cnn3-c2ccc(Cl)cc2)nc1C,Zn2+,Cc1nnc(-c2nn(-c3ccc(Cl)cc3)c(=O)c3c2cnn3-c2ccc(Cl)cc2)nc1C.[Zn+2],3.1739745
TRZ05201,Cc1nnc(-c2cnc(NC3(c4ccc(F)cc4F)CC3)nc2C(=O)C(F)F)nc1C,Zn2+,Cc1nnc(-c2cnc(NC3(c4ccc(F)cc4F)CC3)nc2C(=O)C(F)F)nc1C.[Zn+2],3.1695385
TRZ02502,CCCC(C)Oc1ccc(O)c(-c2nnc(C)c(C)n2)c1,Zn2+,CCCC(C)Oc1ccc(O)c(-c2nnc(C)c(C)n2)c1.[Zn+2],3.1625175
TRZ00719,CCCCCOc1ccc(-c2cc(-c3nnc(C)c(C)n3)c(=O)[nH]n2)cc1C#N,Zn2+,CCCCCOc1ccc(-c2cc(-c3nnc(C)c(C)n3)c(=O)[nH]n2)cc1C#N.[Zn+2],3.161147
TRZ02456,Cc1nnc(-c2nc(C(C)(C)C)[nH]c2C(C)(C)C)nc1C,Zn2+,Cc1nnc(-c2nc(C(C)(C)C)[nH]c2C(C)(C)C)nc1C.[Zn+2],3.1605425
TRZ02135,CCCCn1nc(-c2nnc(C)c(C)n2)c2ccccc2c1=O,Zn2+,CCCCn1nc(-c2nnc(C)c(C)n2)c2ccccc2c1=O.[Zn+2],3.1510901
TRZ00539,Cc1nnc(Cn2c(-c3ccc(CNc4ccncc4)o3)nc3ccccc32)nc1C,Zn2+,Cc1nnc(Cn2c(-c3ccc(CNc4ccncc4)o3)nc3ccccc32)nc1C.[Zn+2],3.1453938
TRZ00806,Cc1nnc(C(c2ccccc2)N2CCCCC2)nc1C,Zn2+,Cc1nnc(C(c2ccccc2)N2CCCCC2)nc1C.[Zn+2],3.1440845
TRZ00625,Cc1nnc(-c2csc(CS(=O)(=O)c3ccc(Cl)cc3)n2)nc1C,Zn2+,Cc1nnc(-c2csc(CS(=O)(=O)c3ccc(Cl)cc3)n2)nc1C.[Zn+2],3.1418757
TRZ02468,Cc1ccc(-c2nnc(-c3cc(-c4nnc(C)c(C)n4)c(C)nc3C)o2)cc1,Zn2+,Cc1ccc(-c2nnc(-c3cc(-c4nnc(C)c(C)n4)c(C)nc3C)o2)cc1.[Zn+2],3.139701
TRZ01607,Cc1nnc(C(=O)c2cc3ccccc3n2S(=O)(=O)c2ccccc2)nc1C,Zn2+,Cc1nnc(C(=O)c2cc3ccccc3n2S(=O)(=O)c2ccccc2)nc1C.[Zn+2],3.1386466
TRZ02351,Cc1nnc(CC(=O)Nc2nc3ccccc3s2)nc1C,Zn2+,Cc1nnc(CC(=O)Nc2nc3ccccc3s2)nc1C.[Zn+2],3.1322742
TRZ02666,Cc1cccc(Nc2ccccc2-c2nnc(C)c(C)n2)c1C,Zn2+,Cc1cccc(Nc2ccccc2-c2nnc(C)c(C)n2)c1C.[Zn+2],3.1256728
TRZ00723,CCCCOc1ccc(-c2cc(-c3nnc(C)c(C)n3)c(=O)[nH]n2)cc1C#N,Zn2+,CCCCOc1ccc(-c2cc(-c3nnc(C)c(C)n3)c(=O)[nH]n2)cc1C#N.[Zn+2],3.1252484
TRZ04062,Cc1nnc([C@H]2C[C@H]3CSC(NC(=O)c4ccccc4)=N[C@@]3(c3ccc(F)cc3F)CO2)nc1C,Zn2+,Cc1nnc([C@H]2C[C@H]3CSC(NC(=O)c4ccccc4)=N[C@@]3(c3ccc(F)cc3F)CO2)nc1C.[Zn+2],3.1233573
TRZ01062,Cc1nnc(-c2nc(-c3ccc(O)cc3)cc(-c3ccc(C(F)(F)F)nc3)n2)nc1C,Zn2+,Cc1nnc(-c2nc(-c3ccc(O)cc3)cc(-c3ccc(C(F)(F)F)nc3)n2)nc1C.[Zn+2],3.112225
TRZ01836,COc1ccc(-c2nnc(C)c(C)n2)c(O)c1,Zn2+,COc1ccc(-c2nnc(C)c(C)n2)c(O)c1.[Zn+2],3.109479
TRZ05199,COc1ccccc1C1(Nc2ncc(-c3nnc(C)c(C)n3)c(C(=O)C(F)F)n2)CC1,Zn2+,COc1ccccc1C1(Nc2ncc(-c3nnc(C)c(C)n3)c(C(=O)C(F)F)n2)CC1.[Zn+2],3.1086316
TRZ02072,CCn1cc(-c2nnc(C)c(C)n2)c(=O)c2cc(F)c(N3CCSCC3)cc21,Zn2+,CCn1cc(-c2nnc(C)c(C)n2)c(=O)c2cc(F)c(N3CCSCC3)cc21.[Zn+2],3.1029234
TRZ00089,Cc1nnc(-c2cnc[nH]2)nc1C,Zn2+,Cc1nnc(-c2cnc[nH]2)nc1C.[Zn+2],3.0990014
TRZ01349,Cc1nnc(CSc2cc(Oc3ccc(F)cc3)ncn2)nc1C,Zn2+,Cc1nnc(CSc2cc(Oc3ccc(F)cc3)ncn2)nc1C.[Zn+2],3.0960684
TRZ02575,Cc1nnc(-c2ccccc2Nc2ccc(Cl)cc2)nc1C,Zn2+,Cc1nnc(-c2ccccc2Nc2ccc(Cl)cc2)nc1C.[Zn+2],3.0948014
TRZ02404,Cc1nnc(CNC(=O)c2cccnc2Oc2ccccc2)nc1C,Zn2+,Cc1nnc(CNC(=O)c2cccnc2Oc2ccccc2)nc1C.[Zn+2],3.092884
TRZ05109,Cc1ccc(-c2nn(Cc3nnc(C)c(C)n3)c(=O)n2C[C@H](O)C(C)(F)F)cc1,Zn2+,Cc1ccc(-c2nn(Cc3nnc(C)c(C)n3)c(=O)n2C[C@H](O)C(C)(F)F)cc1.[Zn+2],3.091042
TRZ02771,Cc1nnc(-c2cccc(C(=O)O)n2)nc1C,Zn2+,Cc1nnc(-c2cccc(C(=O)O)n2)nc1C.[Zn+2],3.090167
TRZ00110,CCn1cc(-c2nnc(C)c(C)n2)c(=O)c2cc(F)c(N3CCCCC3)cc21,Zn2+,CCn1cc(-c2nnc(C)c(C)n2)c(=O)c2cc(F)c(N3CCCCC3)cc21.[Zn+2],3.0808363
TRZ02843,Cc1nnc(-c2cnn(-c3ccnc4c(C(F)(F)F)cccc34)c2N)nc1C,Zn2+,Cc1nnc(-c2cnn(-c3ccnc4c(C(F)(F)F)cccc34)c2N)nc1C.[Zn+2],3.0677376
TRZ01828,CC(=O)NN=C(c1ccccc1)c1nnc(C)c(C)n1,Zn2+,CC(=O)NN=C(c1ccccc1)c1nnc(C)c(C)n1.[Zn+2],3.0667996
TRZ00301,COc1ccc2c(c1)CCC/C2=N\Nc1nc(-c2nnc(C)c(C)n2)cs1,Zn2+,COc1ccc2c(c1)CCC/C2=N\Nc1nc(-c2nnc(C)c(C)n2)cs1.[Zn+2],3.0631056
TRZ02426,Cc1nnc(Cn2nnc(-c3ccccc3Oc3ccc(Cl)cc3Cl)n2)nc1C,Zn2+,Cc1nnc(Cn2nnc(-c3ccccc3Oc3ccc(Cl)cc3Cl)n2)nc1C.[Zn+2],3.0624003
TRZ04234,Cc1nnc(-c2c(-c3ccc(F)cc3)oc3cc4c(cc23)CCCCN4S(C)(=O)=O)nc1C,Zn2+,Cc1nnc(-c2c(-c3ccc(F)cc3)oc3cc4c(cc23)CCCCN4S(C)(=O)=O)nc1C.[Zn+2],3.0613112
TRZ05769,Cc1nnc(-c2ccc(I)cc2N2CCC(C)(F)CC2)nc1C,Zn2+,Cc1nnc(-c2ccc(I)cc2N2CCC(C)(F)CC2)nc1C.[Zn+2],3.0575042
TRZ02688,Cc1nnc(-c2cc(C(C)(C)C)cc(C(C)(C)C)c2O)nc1C,Zn2+,Cc1nnc(-c2cc(C(C)(C)C)cc(C(C)(C)C)c2O)nc1C.[Zn+2],3.05585
TRZ01029,Cc1nnc(-c2nc(-c3ccc(C(F)(F)F)nc3)cc(-c3ccc(O)c(F)c3)n2)nc1C,Zn2+,Cc1nnc(-c2nc(-c3ccc(C(F)(F)F)nc3)cc(-c3ccc(O)c(F)c3)n2)nc1C.[Zn+2],3.0557866
TRZ02498,CCOc1ccc(O)c(-c2nnc(C)c(C)n2)c1,Zn2+,CCOc1ccc(O)c(-c2nnc(C)c(C)n2)c1.[Zn+2],3.05091
TRZ04399,Cc1nnc(-c2cnc(NC3(c4ccc(F)c(F)c4)CCC3)nc2)nc1C,Zn2+,Cc1nnc(-c2cnc(NC3(c4ccc(F)c(F)c4)CCC3)nc2)nc1C.[Zn+2],3.0366445
TRZ00721,CCCOc1ccc(-c2cc(-c3nnc(C)c(C)n3)c(=O)[nH]n2)cc1C#N,Zn2+,CCCOc1ccc(-c2cc(-c3nnc(C)c(C)n3)c(=O)[nH]n2)cc1C#N.[Zn+2],3.0288172
TRZ02048,Cc1nnc([C@H](Cc2ccccc2)N2C(=O)c3ccccc3C2=O)nc1C,Zn2+,Cc1nnc([C@H](Cc2ccccc2)N2C(=O)c3ccccc3C2=O)nc1C.[Zn+2],3.027791
TRZ00753,Cc1nnc(CS(=O)(=O)c2ccc(Cl)cc2)nc1C,Zn2+,Cc1nnc(CS(=O)(=O)c2ccc(Cl)cc2)nc1C.[Zn+2],3.0275884
TRZ01058,Cc1nnc(-c2nc(-c3ccc(C(F)(F)F)nc3)cc(-c3cncc(O)c3)n2)nc1C,Zn2+,Cc1nnc(-c2nc(-c3ccc(C(F)(F)F)nc3)cc(-c3cncc(O)c3)n2)nc1C.[Zn+2],3.0228047
TRZ04410,Cc1nnc(-c2cnc(NC3(c4cccc(Cl)c4F)CCC3)nc2)nc1C,Zn2+,Cc1nnc(-c2cnc(NC3(c4cccc(Cl)c4F)CCC3)nc2)nc1C.[Zn+2],3.021924
TRZ02584,Cc1nnc(-c2cnc3c(-c4ccccc4)c(C)nn3c2N)nc1C,Zn2+,Cc1nnc(-c2cnc3c(-c4ccccc4)c(C)nn3c2N)nc1C.[Zn+2],3.020701
TRZ00244,Cc1nnc(Cn2c(=O)c(Cc3ccccc3)nc3ccccc32)nc1C,Zn2+,Cc1nnc(Cn2c(=O)c(Cc3ccccc3)nc3ccccc32)nc1C.[Zn+2],3.0180821
TRZ04055,Cc1nnc(-c2cnc(Nc3ccc(F)cc3)cc2NC(C)C)nc1C,Zn2+,Cc1nnc(-c2cnc(Nc3ccc(F)cc3)cc2NC(C)C)nc1C.[Zn+2],3.0166607
TRZ04617,CCOc1cc(F)ccc1N(Cc1nnc(C)c(C)n1)c1ccnc(SC)n1,Zn2+,CCOc1cc(F)ccc1N(Cc1nnc(C)c(C)n1)c1ccnc(SC)n1.[Zn+2],3.015545
TRZ02611,Cc1nnc(Cn2nnc(-c3ccccc3)n2)nc1C,Zn2+,Cc1nnc(Cn2nnc(-c3ccccc3)n2)nc1C.[Zn+2],3.0121737
TRZ02842,Cc1nnc(C(C(=O)OCc2ccccc2)c2ccccc2)nc1C,Zn2+,Cc1nnc(C(C(=O)OCc2ccccc2)c2ccccc2)nc1C.[Zn+2],3.0020065
TRZ00937,Cc1nnc(C(C)Oc2ccc(-c3nccc(-c4ccccn4)n3)cc2)nc1C,Zn2+,Cc1nnc(C(C)Oc2ccc(-c3nccc(-c4ccccn4)n3)cc2)nc1C.[Zn+2],2.9938164
TRZ04755,CCN1CCN(C(=O)N(Cc2ccc(-c3nnc(C)c(C)n3)cn2)c2ccc(F)c(Cl)c2)CC1,Zn2+,CCN1CCN(C(=O)N(Cc2ccc(-c3nnc(C)c(C)n3)cn2)c2ccc(F)c(Cl)c2)CC1.[Zn+2],2.9910207
TRZ01566,Cc1nnc(-c2[nH]c3ccc(CCN4C(=O)NC(C)(C)C4=O)cc3c2CCN(C)C)nc1C,Zn2+,Cc1nnc(-c2[nH]c3ccc(CCN4C(=O)NC(C)(C)C4=O)cc3c2CCN(C)C)nc1C.[Zn+2],2.984599
TRZ05189,Cc1nnc(-c2cnc(NC3(c4cc(F)cc(F)c4)CCC3)nc2C(=O)C(F)F)nc1C,Zn2+,Cc1nnc(-c2cnc(NC3(c4cc(F)cc(F)c4)CCC3)nc2C(=O)C(F)F)nc1C.[Zn+2],2.9805117
TRZ01802,Cc1nnc(-c2nc(-c3ccccc3)cc(N3CCN(c4ccccc4)CC3)n2)nc1C,Zn2+,Cc1nnc(-c2nc(-c3ccccc3)cc(N3CCN(c4ccccc4)CC3)n2)nc1C.[Zn+2],2.978095
TRZ00576,Cc1nnc(-c2nc(-c3ccc(O)cc3)cc(N3Cc4ccccc4C3)n2)nc1C,Zn2+,Cc1nnc(-c2nc(-c3ccc(O)cc3)cc(N3Cc4ccccc4C3)n2)nc1C.[Zn+2],2.9682732
TRZ05517,Cc1ccc(F)c(C(C)C(c2nnc(C)c(C)n2)N2CCc3cc(Cl)ccc3S2(=O)=O)c1C,Zn2+,Cc1ccc(F)c(C(C)C(c2nnc(C)c(C)n2)N2CCc3cc(Cl)ccc3S2(=O)=O)c1C.[Zn+2],2.9660277
TRZ01220,Cc1nnc(-c2cc(-c3c[nH]c4ccccc34)n[nH]2)nc1C,Zn2+,Cc1nnc(-c2cc(-c3c[nH]c4ccccc34)n[nH]2)nc1C.[Zn+2],2.954739
TRZ01586,Cc1nnc(CNC(=O)c2cc3ccccc3cc2N)nc1C,Zn2+,Cc1nnc(CNC(=O)c2cc3ccccc3cc2N)nc1C.[Zn+2],2.9472985
TRZ05233,Cc1nnc(C(Oc2cc(-c3cccnc3)c3ncccc3c2)c2ccc(F)cn2)nc1C,Zn2+,Cc1nnc(C(Oc2cc(-c3cccnc3)c3ncccc3c2)c2ccc(F)cn2)nc1C.[Zn+2],2.946432
TRZ00356,Cc1nnc(-c2c(N)ncnc2Nc2ccc(OCc3ccccc3)c(Cl)c2)nc1C,Zn2+,Cc1nnc(-c2c(N)ncnc2Nc2ccc(OCc3ccccc3)c(Cl)c2)nc1C.[Zn+2],2.9464278
TRZ05922,Cc1nnc(-c2nc3cc4c(-c5ccncc5)[nH]n(-c5ccc(F)cc5)c4cc3n2)nc1C,Zn2+,Cc1nnc(-c2nc3cc4c(-c5ccncc5)[nH]n(-c5ccc(F)cc5)c4cc3n2)nc1C.[Zn+2],2.9418602
TRZ00970,Cc1nnc(-c2cc(-c3ccccc3)nn2CC(O)COc2ccc(Cl)cc2)nc1C,Zn2+,Cc1nnc(-c2cc(-c3ccccc3)nn2CC(O)COc2ccc(Cl)cc2)nc1C.[Zn+2],2.941083
TRZ01293,Cc1nnc(CSc2cc(N3CCCCC3)ncn2)nc1C,Zn2+,Cc1nnc(CSc2cc(N3CCCCC3)ncn2)nc1C.[Zn+2],2.9397898
TRZ01091,CCn1cc(-c2nnc(C)c(C)n2)c(=O)c2cc(F)c(N3CCCC3)cc21,Zn2+,CCn1cc(-c2nnc(C)c(C)n2)c(=O)c2cc(F)c(N3CCCC3)cc21.[Zn+2],2.936143
TRZ05152,CCC(=O)NN=C(c1ccc(F)cc1)c1nnc(C)c(C)n1,Zn2+,CCC(=O)NN=C(c1ccc(F)cc1)c1nnc(C)c(C)n1.[Zn+2],2.9350991
TRZ00919,COc1cc(Cl)ccc1NC(=O)COc1ccccc1-c1nnc(C)c(C)n1,Zn2+,COc1cc(Cl)ccc1NC(=O)COc1ccccc1-c1nnc(C)c(C)n1.[Zn+2],2.9290118
TRZ05923,Cc1nnc(-c2nc3cc4c(-c5ccncc5)[nH]n(-c5cccc(F)c5)c4cc3n2)nc1C,Zn2+,Cc1nnc(-c2nc3cc4c(-c5ccncc5)[nH]n(-c5cccc(F)c5)c4cc3n2)nc1C.[Zn+2],2.922748
TRZ04582,Cc1nnc(-c2ccc(CN(C(=O)N3CCOCC3)c3ccc(F)c(Cl)c3)nc2)nc1C,Zn2+,Cc1nnc(-c2ccc(CN(C(=O)N3CCOCC3)c3ccc(F)c(Cl)c3)nc2)nc1C.[Zn+2],2.9224224
TRZ05078,Cc1nnc(C(c2ccc(F)cc2)N2C[C@H](C)N(C(=O)OC(C)(C)C)C[C@H]2C)nc1C,Zn2+,Cc1nnc(C(c2ccc(F)cc2)N2C[C@H](C)N(C(=O)OC(C)(C)C)C[C@H]2C)nc1C.[Zn+2],2.9212093
TRZ00863,Cc1nnc(-c2nn(-c3ccccc3)cc2O)nc1C,Zn2+,Cc1nnc(-c2nn(-c3ccccc3)cc2O)nc1C.[Zn+2],2.9196162
TRZ00862,Cc1nnc(-c2nn(CCC(C)C)c(=O)c3ccccc23)nc1C,Zn2+,Cc1nnc(-c2nn(CCC(C)C)c(=O)c3ccccc23)nc1C.[Zn+2],2.9193182
TRZ02495,CCCOc1ccc(-c2nnc(C)c(C)n2)c(O)c1,Zn2+,CCCOc1ccc(-c2nnc(C)c(C)n2)c(O)c1.[Zn+2],2.9179783
TRZ01644,Cc1nnc(CCn2cc(C)c(=O)[nH]c2=O)nc1C,Zn2+,Cc1nnc(CCn2cc(C)c(=O)[nH]c2=O)nc1C.[Zn+2],2.916668
TRZ01701,Cc1nnc(-c2nn(-c3ccc(Cl)cc3)c(=O)c3c2cnn3-c2ccccc2)nc1C,Zn2+,Cc1nnc(-c2nn(-c3ccc(Cl)cc3)c(=O)c3c2cnn3-c2ccccc2)nc1C.[Zn+2],2.9155378
TRZ01415,CCn1nc(-c2nnc(C)c(C)n2)c2ccccc2c1=O,Zn2+,CCn1nc(-c2nnc(C)c(C)n2)c2ccccc2c1=O.[Zn+2],2.9153352
TRZ05880,Cc1nnc(-c2ccc(Cl)nc2C(=O)c2ccccc2C(F)(F)F)nc1C,Zn2+,Cc1nnc(-c2ccc(Cl)nc2C(=O)c2ccccc2C(F)(F)F)nc1C.[Zn+2],2.909707
TRZ04415,Cc1nnc(-c2cnc(NC3(c4ccc(F)c(F)c4)CC3)nc2)nc1C,Zn2+,Cc1nnc(-c2cnc(NC3(c4ccc(F)c(F)c4)CC3)nc2)nc1C.[Zn+2],2.90517
TRZ01036,Cc1nnc(-c2nc(-c3ccccc3)cc(N3CC4CSCC4C3)n2)nc1C,Zn2+,Cc1nnc(-c2nc(-c3ccccc3)cc(N3CC4CSCC4C3)n2)nc1C.[Zn+2],2.9032326
TRZ00416,CCn1c(=O)c(-c2nnc(C)c(C)n2)c(O)c2ccccc21,Zn2+,CCn1c(=O)c(-c2nnc(C)c(C)n2)c(O)c2ccccc21.[Zn+2],2.9008012
TRZ01026,COCCNc1ccc(-c2cc(-c3cc(F)ccc3F)nc(-c3nnc(C)c(C)n3)n2)cn1,Zn2+,COCCNc1ccc(-c2cc(-c3cc(F)ccc3F)nc(-c3nnc(C)c(C)n3)n2)cn1.[Zn+2],2.8983269
TRZ04471,Cc1nnc(-c2cc(C)n3ncc(C(=O)N[C@@H](C4CC4)C(F)(F)F)c3n2)nc1C,Zn2+,Cc1nnc(-c2cc(C)n3ncc(C(=O)N[C@@H](C4CC4)C(F)(F)F)c3n2)nc1C.[Zn+2],2.8975382
TRZ00621,Cc1nnc(Cn2nnc(-c3ccc(C(F)(F)F)cc3)n2)nc1C,Zn2+,Cc1nnc(Cn2nnc(-c3ccc(C(F)(F)F)cc3)n2)nc1C.[Zn+2],2.8938904
TRZ02872,Cc1nnc(-c2[nH]c3ccc(F)cc3c2N)nc1C,Zn2+,Cc1nnc(-c2[nH]c3ccc(F)cc3c2N)nc1C.[Zn+2],2.888619
TRZ00824,Cc1nnc(CCN2CCN(c3ccccc3)CC2)nc1C,Zn2+,Cc1nnc(CCN2CCN(c3ccccc3)CC2)nc1C.[Zn+2],2.8868499
TRZ01134,Cc1nnc(CSc2nc3ccccc3c(=O)n2-c2ccccc2)nc1C,Zn2+,Cc1nnc(CSc2nc3ccccc3c(=O)n2-c2ccccc2)nc1C.[Zn+2],2.8827305
TRZ00109,CCn1cc(-c2nnc(C)c(C)n2)c(=O)c2cc(F)c(N3CCOCC3)cc21,Zn2+,CCn1cc(-c2nnc(C)c(C)n2)c(=O)c2cc(F)c(N3CCOCC3)cc21.[Zn+2],2.8791494
TRZ05527,Cc1nnc(-c2cn(C)nc2Nc2ccc(C(F)(F)F)cc2)nc1C,Zn2+,Cc1nnc(-c2cn(C)nc2Nc2ccc(C(F)(F)F)cc2)nc1C.[Zn+2],2.8742895
TRZ01624,CC(/C=C/c1ccc(Cl)cc1)=N\OCc1nnc(C)c(C)n1,Zn2+,CC(/C=C/c1ccc(Cl)cc1)=N\OCc1nnc(C)c(C)n1.[Zn+2],2.8705745
TRZ01164,Cc1nnc([C@H]2Cc3c([nH]c4ccccc34)[C@H](C)N2)nc1C,Zn2+,Cc1nnc([C@H]2Cc3c([nH]c4ccccc34)[C@H](C)N2)nc1C.[Zn+2],2.8704758
TRZ01038,Cc1nnc(-c2nc(-c3ccc(C(F)(F)F)nc3)cc(-c3cccc(O)c3)n2)nc1C,Zn2+,Cc1nnc(-c2nc(-c3ccc(C(F)(F)F)nc3)cc(-c3cccc(O)c3)n2)nc1C.[Zn+2],2.8697162
TRZ04885,Cc1nnc(CS(=O)(=O)c2ccc(F)cc2)nc1C,Zn2+,Cc1nnc(CS(=O)(=O)c2ccc(F)cc2)nc1C.[Zn+2],2.8674235
TRZ01076,Cc1ncc(-c2nnc(C)c(C)n2)c(=O)[nH]1,Zn2+,Cc1ncc(-c2nnc(C)c(C)n2)c(=O)[nH]1.[Zn+2],2.865593
TRZ02176,Cc1nnc(C2CCN2Cc2ccccc2)nc1C,Zn2+,Cc1nnc(C2CCN2Cc2ccccc2)nc1C.[Zn+2],2.8655143
TRZ01957,CCCn1c(=O)c(-c2nnc(C)c(C)n2)c(O)c2ccccc21,Zn2+,CCCn1c(=O)c(-c2nnc(C)c(C)n2)c(O)c2ccccc21.[Zn+2],2.8632426
TRZ02457,Cc1nnc(-c2cnc(C(C)C)[nH]2)nc1C,Zn2+,Cc1nnc(-c2cnc(C(C)C)[nH]2)nc1C.[Zn+2],2.8620234
TRZ01705,Cc1nnc(-c2nn(-c3ccccc3)c(=O)c3c2cnn3-c2ccc(Cl)cc2)nc1C,Zn2+,Cc1nnc(-c2nn(-c3ccccc3)c(=O)c3c2cnn3-c2ccc(Cl)cc2)nc1C.[Zn+2],2.8618622
TRZ00920,Cc1nnc(COc2ccc(C3SCCS3)cc2)nc1C,Zn2+,Cc1nnc(COc2ccc(C3SCCS3)cc2)nc1C.[Zn+2],2.8570347
TRZ01486,Cc1nnc(-c2ncnc3nc[nH]c23)nc1C,Zn2+,Cc1nnc(-c2ncnc3nc[nH]c23)nc1C.[Zn+2],2.8523655
TRZ01139,CCn1c(=O)c(-c2nnc(C)c(C)n2)c(N)c2cccnc21,Zn2+,CCn1c(=O)c(-c2nnc(C)c(C)n2)c(N)c2cccnc21.[Zn+2],2.851417
TRZ01580,Cc1nnc(Cn2c(=O)c(C)nc3ccccc32)nc1C,Zn2+,Cc1nnc(Cn2c(=O)c(C)nc3ccccc32)nc1C.[Zn+2],2.8505888
TRZ01514,Cc1nnc(Cn2cc(C(F)(F)F)ccc2=O)nc1C,Zn2+,Cc1nnc(Cn2cc(C(F)(F)F)ccc2=O)nc1C.[Zn+2],2.8492594
TRZ01709,Cc1nnc(-c2c(C)nc[nH]c2=O)nc1C,Zn2+,Cc1nnc(-c2c(C)nc[nH]c2=O)nc1C.[Zn+2],2.8482666
TRZ01734,Cc1nnc(C2Cc3c([nH]c4ccccc34)[C@@H](C)N2)nc1C,Zn2+,Cc1nnc(C2Cc3c([nH]c4ccccc34)[C@@H](C)N2)nc1C.[Zn+2],2.8449144
TRZ00985,Cc1nnc(CNc2ccc(N3CCOCC3)nc2)nc1C,Zn2+,Cc1nnc(CNc2ccc(N3CCOCC3)nc2)nc1C.[Zn+2],2.8440218
TRZ00360,Cc1nnc(C(C)(C)NC(=O)c2cc3c(n(CC4CCCCC4)c2=O)CCCCCC3)nc1C,Zn2+,Cc1nnc(C(C)(C)NC(=O)c2cc3c(n(CC4CCCCC4)c2=O)CCCCCC3)nc1C.[Zn+2],2.8438773
TRZ00973,COc1ccc(-c2cc(-c3nnc(C)c(C)n3)n(CC(O)COc3ccc(Cl)cc3)n2)cc1,Zn2+,COc1ccc(-c2cc(-c3nnc(C)c(C)n3)n(CC(O)COc3ccc(Cl)cc3)n2)cc1.[Zn+2],2.8438683
TRZ04417,Cc1nnc(-c2cnc(NC3(c4ccc(Cl)c(F)c4)CC3)nc2)nc1C,Zn2+,Cc1nnc(-c2cnc(NC3(c4ccc(Cl)c(F)c4)CC3)nc2)nc1C.[Zn+2],2.842329
TRZ03807,Cc1nnc(Cn2nc(-c3ccc(Cl)cc3)n(CCC(F)(F)F)c2=O)nc1C,Zn2+,Cc1nnc(Cn2nc(-c3ccc(Cl)cc3)n(CCC(F)(F)F)c2=O)nc1C.[Zn+2],2.8416958
TRZ05200,Cc1nnc(-c2cnc(NC3(c4cc(F)cc(F)c4)CC3)nc2C(=O)C(F)F)nc1C,Zn2+,Cc1nnc(-c2cnc(NC3(c4cc(F)cc(F)c4)CC3)nc2C(=O)C(F)F)nc1C.[Zn+2],2.8413959
TRZ01018,Cc1nnc(-c2nc(-c3ccccc3)cc(-c3ccc(O)cc3)n2)nc1C,Zn2+,Cc1nnc(-c2nc(-c3ccccc3)cc(-c3ccc(O)cc3)n2)nc1C.[Zn+2],2.8376808
TRZ03769,Cc1ccc(S(=O)(=O)N2C(c3ccc(F)cc3)CCC2c2nnc(C)c(C)n2)cc1,Zn2+,Cc1ccc(S(=O)(=O)N2C(c3ccc(F)cc3)CCC2c2nnc(C)c(C)n2)cc1.[Zn+2],2.835792
TRZ01513,COc1ccc(-c2c(-c3ccc(OCc4nnc(C)c(C)n4)cc3O)n[nH]c2C)cc1OC,Zn2+,COc1ccc(-c2c(-c3ccc(OCc4nnc(C)c(C)n4)cc3O)n[nH]c2C)cc1OC.[Zn+2],2.835455
TRZ02750,Cc1ncc(-c2nnc(C)c(C)n2)c(N)n1,Zn2+,Cc1ncc(-c2nnc(C)c(C)n2)c(N)n1.[Zn+2],2.8350115
TRZ04423,Cc1nnc(-c2cnc(NC3(c4ccc(F)c(Cl)c4)CCC3)nc2)nc1C,Zn2+,Cc1nnc(-c2cnc(NC3(c4ccc(F)c(Cl)c4)CCC3)nc2)nc1C.[Zn+2],2.832447
TRZ01855,Cc1nnc(-c2cc3c(F)cccc3[nH]2)nc1C,Zn2+,Cc1nnc(-c2cc3c(F)cccc3[nH]2)nc1C.[Zn+2],2.8301096
TRZ01889,Cc1nnc(-c2cn(Cc3ccc(Cl)cc3)cc2-c2ccncc2)nc1C,Zn2+,Cc1nnc(-c2cn(Cc3ccc(Cl)cc3)cc2-c2ccncc2)nc1C.[Zn+2],2.8295107
TRZ03270,Cc1ccc(S(=O)(=O)Nc2cc(Cl)cnc2-c2nnc(C)c(C)n2)cc1C(F)(F)F,Zn2+,Cc1ccc(S(=O)(=O)Nc2cc(Cl)cnc2-c2nnc(C)c(C)n2)cc1C(F)(F)F.[Zn+2],2.82857
TRZ05712,Cc1nnc(-c2cc(C(F)(F)F)cc(C(F)(F)F)c2O)nc1C,Zn2+,Cc1nnc(-c2cc(C(F)(F)F)cc(C(F)(F)F)c2O)nc1C.[Zn+2],2.8257604
TRZ05141,Cc1nnc(-c2cc(-c3cccc(F)c3)c(=O)n(C)c2)nc1C,Zn2+,Cc1nnc(-c2cc(-c3cccc(F)c3)c(=O)n(C)c2)nc1C.[Zn+2],2.823739
TRZ02588,CCCCCn1c(=O)c(-c2nnc(C)c(C)n2)c(O)c2ccccc21,Zn2+,CCCCCn1c(=O)c(-c2nnc(C)c(C)n2)c(O)c2ccccc21.[Zn+2],2.818273
TRZ00961,Cc1nnc(CNC(=O)c2cc(C34CC5CC(CC(C5)C3)C4)c3ccccc3n2)nc1C,Zn2+,Cc1nnc(CNC(=O)c2cc(C34CC5CC(CC(C5)C3)C4)c3ccccc3n2)nc1C.[Zn+2],2.815061
TRZ01161,Cc1nnc(-c2nc3ccccc3c(=O)[nH]2)nc1C,Zn2+,Cc1nnc(-c2nc3ccccc3c(=O)[nH]2)nc1C.[Zn+2],2.8148117
TRZ00984,Cc1nnc(CCn2ccc(=O)[nH]c2=O)nc1C,Zn2+,Cc1nnc(CCn2ccc(=O)[nH]c2=O)nc1C.[Zn+2],2.8121858
TRZ05153,CCC(=O)NN=C(c1ccc(OC(F)(F)F)cc1)c1nnc(C)c(C)n1,Zn2+,CCC(=O)NN=C(c1ccc(OC(F)(F)F)cc1)c1nnc(C)c(C)n1.[Zn+2],2.812158
TRZ02019,CCCCOc1ccc(-c2nnc(C)c(C)n2)c(O)c1,Zn2+,CCCCOc1ccc(-c2nnc(C)c(C)n2)c(O)c1.[Zn+2],2.8118124
TRZ02587,CC(=O)c1sc(N)c(-c2nnc(C)c(C)n2)c1C,Zn2+,CC(=O)c1sc(N)c(-c2nnc(C)c(C)n2)c1C.[Zn+2],2.8114042
TRZ00954,Cc1nnc(CC(=O)Nc2ccccc2C(=O)O)nc1C,Zn2+,Cc1nnc(CC(=O)Nc2ccccc2C(=O)O)nc1C.[Zn+2],2.8072119
TRZ01663,Cc1nnc(-c2cn(Cc3ccc(C#N)cc3)c3cc(C(F)(F)F)ccc3c2=O)nc1C,Zn2+,Cc1nnc(-c2cn(Cc3ccc(C#N)cc3)c3cc(C(F)(F)F)ccc3c2=O)nc1C.[Zn+2],2.8015928
TRZ03780,Cc1nnc(-c2cnc(-c3ccccc3C(F)(F)F)[nH]2)nc1C,Zn2+,Cc1nnc(-c2cnc(-c3ccccc3C(F)(F)F)[nH]2)nc1C.[Zn+2],2.8009791
TRZ02835,Cc1ccc2nc(SCc3nnc(C)c(C)n3)n(-c3ccccc3)c(=O)c2c1,Zn2+,Cc1ccc2nc(SCc3nnc(C)c(C)n3)n(-c3ccccc3)c(=O)c2c1.[Zn+2],2.798767
TRZ02830,Cc1nnc(C2CCC(=O)N2S(=O)(=O)c2ccc(Cl)cc2)nc1C,Zn2+,Cc1nnc(C2CCC(=O)N2S(=O)(=O)c2ccc(Cl)cc2)nc1C.[Zn+2],2.79781
TRZ00791,Cc1nnc(-c2cnc3ccc(-c4c(-c5ccc(F)cc5)ncn4CC(F)F)nn23)nc1C,Zn2+,Cc1nnc(-c2cnc3ccc(-c4c(-c5ccc(F)cc5)ncn4CC(F)F)nn23)nc1C.[Zn+2],2.7945027
TRZ00122,COc1cccc2[nH]c(-c3nnc(C)c(C)n3)c(N)c12,Zn2+,COc1cccc2[nH]c(-c3nnc(C)c(C)n3)c(N)c12.[Zn+2],2.7901196
TRZ01094,Cc1nnc(C(C)n2nnc(-c3cc(C(F)(F)F)cc(C(F)(F)F)c3)n2)nc1C,Zn2+,Cc1nnc(C(C)n2nnc(-c3cc(C(F)(F)F)cc(C(F)(F)F)c3)n2)nc1C.[Zn+2],2.7891812
TRZ02660,Cc1nnc(-c2cn[nH]c2N)nc1C,Zn2+,Cc1nnc(-c2cn[nH]c2N)nc1C.[Zn+2],2.7871928
TRZ04255,CCNC(=O)NC1=NCC2=C(C1)c1cc(C(F)(F)F)nn1C1C2=CN=CC1c1nnc(C)c(C)n1,Zn2+,CCNC(=O)NC1=NCC2=C(C1)c1cc(C(F)(F)F)nn1C1C2=CN=CC1c1nnc(C)c(C)n1.[Zn+2],2.784576
TRZ00304,Cc1nnc(-c2c(O)c3cccc4c3n(c2=O)CCC4)nc1C,Zn2+,Cc1nnc(-c2c(O)c3cccc4c3n(c2=O)CCC4)nc1C.[Zn+2],2.772582
TRZ02992,Cc1nnc(C2=Nc3cccc(Br)c3C(c3ccccc3F)=NC2)nc1C,Zn2+,Cc1nnc(C2=Nc3cccc(Br)c3C(c3ccccc3F)=NC2)nc1C.[Zn+2],2.761774
TRZ03605,Cc1nnc(-c2cnc(N3C[C@H]4C[C@@]4(c4cccc(C(F)(F)F)c4)C3)nc2)nc1C,Zn2+,Cc1nnc(-c2cnc(N3C[C@H]4C[C@@]4(c4cccc(C(F)(F)F)c4)C3)nc2)nc1C.[Zn+2],2.7533379
TRZ02046,Cc1nnc(CC2CSC(N3N=C(c4ccccc4)CC3c3c(F)cccc3F)=N2)nc1C,Zn2+,Cc1nnc(CC2CSC(N3N=C(c4ccccc4)CC3c3c(F)cccc3F)=N2)nc1C.[Zn+2],2.7500234
TRZ04113,Cc1nnc(C2=CC(C(=O)O)C(=O)N(c3cccc(C(F)(F)F)c3)C2C)nc1C,Zn2+,Cc1nnc(C2=CC(C(=O)O)C(=O)N(c3cccc(C(F)(F)F)c3)C2C)nc1C.[Zn+2],2.7492843
TRZ00904,Cc1nnc(-c2cnn(Cc3ccccc3)c2N)nc1C,Zn2+,Cc1nnc(-c2cnn(Cc3ccccc3)c2N)nc1C.[Zn+2],2.7488694
TRZ01790,Cc1nnc(-c2nc(C(=O)N3Cc4ccccc4C3)cc(-c3ccccc3)n2)nc1C,Zn2+,Cc1nnc(-c2nc(C(=O)N3Cc4ccccc4C3)cc(-c3ccccc3)n2)nc1C.[Zn+2],2.7463045
TRZ00561,Cc1nnc(C(C)NC(=O)c2ccccc2N)nc1C,Zn2+,Cc1nnc(C(C)NC(=O)c2ccccc2N)nc1C.[Zn+2],2.7415767
TRZ02299,C=C(C)Cn1c(SCc2nnc(C)c(C)n2)nc2ccccc2c1=O,Zn2+,C=C(C)Cn1c(SCc2nnc(C)c(C)n2)nc2ccccc2c1=O.[Zn+2],2.7396626
TRZ01605,Cc1nnc(CN2Cc3c(Cl)cccc3NC2=O)nc1C,Zn2+,Cc1nnc(CN2Cc3c(Cl)cccc3NC2=O)nc1C.[Zn+2],2.7372203
TRZ00762,Cc1nnc(C(N)Cc2ccc(O)cc2)nc1C,Zn2+,Cc1nnc(C(N)Cc2ccc(O)cc2)nc1C.[Zn+2],2.7325616
TRZ01627,CC(/C=C/c1ccc(Cl)cc1)=N\OC(C)c1nnc(C)c(C)n1,Zn2+,CC(/C=C/c1ccc(Cl)cc1)=N\OC(C)c1nnc(C)c(C)n1.[Zn+2],2.7296386
TRZ00247,Cc1nnc(-c2[nH]c3ccc(Cl)cc3c2S(=O)(=O)c2cc(Cl)ccc2N)nc1C,Zn2+,Cc1nnc(-c2[nH]c3ccc(Cl)cc3c2S(=O)(=O)c2cc(Cl)ccc2N)nc1C.[Zn+2],2.7217302
TRZ03642,CCNC(=O)Nc1cc2c(cn1)c1cncc(-c3nnc(C)c(C)n3)c1n1nc(C(F)(F)F)cc21,Zn2+,CCNC(=O)Nc1cc2c(cn1)c1cncc(-c3nnc(C)c(C)n3)c1n1nc(C(F)(F)F)cc21.[Zn+2],2.7163734
TRZ02638,Cc1ccc(-c2nnc(C)c(C)n2)cn1,Zn2+,Cc1ccc(-c2nnc(C)c(C)n2)cn1.[Zn+2],2.712624
TRZ02196,Cc1nnc(-c2cc(=O)c3cc(F)ccc3[nH]2)nc1C,Zn2+,Cc1nnc(-c2cc(=O)c3cc(F)ccc3[nH]2)nc1C.[Zn+2],2.7102032
TRZ04090,Cc1nnc(-c2cn(Cc3c(F)cccc3F)nn2)nc1C,Zn2+,Cc1nnc(-c2cn(Cc3c(F)cccc3F)nn2)nc1C.[Zn+2],2.7079864
TRZ02460,CC1=Nc2ccc(Cl)cc2C(c2ccccc2)N1Cc1nnc(C)c(C)n1,Zn2+,CC1=Nc2ccc(Cl)cc2C(c2ccccc2)N1Cc1nnc(C)c(C)n1.[Zn+2],2.7073693
TRZ01214,Cc1ccc(S(=O)(=O)NCc2nnc(C)c(C)n2)cc1,Zn2+,Cc1ccc(S(=O)(=O)NCc2nnc(C)c(C)n2)cc1.[Zn+2],2.705855
TRZ04426,Cc1nnc(-c2cnc(NC3(c4ccc(F)c(Cl)c4)CC3)nc2)nc1C,Zn2+,Cc1nnc(-c2cnc(NC3(c4ccc(F)c(Cl)c4)CC3)nc2)nc1C.[Zn+2],2.7051325
TRZ02462,Cc1nnc(C(Cc2ccccc2)NC(=O)C=[N+]=[N-])nc1C,Zn2+,Cc1nnc(C(Cc2ccccc2)NC(=O)C=[N+]=[N-])nc1C.[Zn+2],2.705037
TRZ04961,Cc1nnc(-c2cnccc2N2COc3cnc(-c4cc(Cl)ccc4F)nc32)nc1C,Zn2+,Cc1nnc(-c2cnccc2N2COc3cnc(-c4cc(Cl)ccc4F)nc32)nc1C.[Zn+2],2.6989317
TRZ00572,Cc1nnc(-c2nc(-c3cccc(O)c3)cc(N3Cc4ccccc4C3)n2)nc1C,Zn2+,Cc1nnc(-c2nc(-c3cccc(O)c3)cc(N3Cc4ccccc4C3)n2)nc1C.[Zn+2],2.6953692
TRZ04146,Cc1nnc(-c2c(C)nc3c(OCc4c(F)cccc4F)cccn23)nc1C,Zn2+,Cc1nnc(-c2c(C)nc3c(OCc4c(F)cccc4F)cccn23)nc1C.[Zn+2],2.6929379
TRZ02441,Cc1ccc(N)c(C(NCc2nnc(C)c(C)n2)c2ccccc2)c1,Zn2+,Cc1ccc(N)c(C(NCc2nnc(C)c(C)n2)c2ccccc2)c1.[Zn+2],2.6925616
TRZ02630,Cc1nnc(-c2cc([N+](=O)[O-])ccc2O)nc1C,Zn2+,Cc1nnc(-c2cc([N+](=O)[O-])ccc2O)nc1C.[Zn+2],2.6925192
TRZ02543,Cc1nnc(-c2ccc(/C=N\O)nc2)nc1C,Zn2+,Cc1nnc(-c2ccc(/C=N\O)nc2)nc1C.[Zn+2],2.691712
TRZ00285,Cc1nnc(-c2oc3nc(-c4ccco4)cc(-c4ccco4)c3c2N)nc1C,Zn2+,Cc1nnc(-c2oc3nc(-c4ccco4)cc(-c4ccco4)c3c2N)nc1C.[Zn+2],2.689005
TRZ02981,Cc1nnc(-c2nc3c(=O)[nH]c4cc(C(F)(F)F)ccc4n3c2Cc2ncc[nH]2)nc1C,Zn2+,Cc1nnc(-c2nc3c(=O)[nH]c4cc(C(F)(F)F)ccc4n3c2Cc2ncc[nH]2)nc1C.[Zn+2],2.687986
TRZ00238,Cc1nnc(-c2[nH]c3ccc(S(N)(=O)=O)cc3c2-c2c(F)c(F)c(F)c(F)c2F)nc1C,Zn2+,Cc1nnc(-c2[nH]c3ccc(S(N)(=O)=O)cc3c2-c2c(F)c(F)c(F)c(F)c2F)nc1C.[Zn+2],2.6862736
TRZ01966,Cc1nnc(-c2c(O)ccc3ccccc23)nc1C,Zn2+,Cc1nnc(-c2c(O)ccc3ccccc23)nc1C.[Zn+2],2.6847606
TRZ00577,COCCNc1ccc(-c2cc(N3Cc4ccccc4C3)nc(-c3nnc(C)c(C)n3)n2)cn1,Zn2+,COCCNc1ccc(-c2cc(N3Cc4ccccc4C3)nc(-c3nnc(C)c(C)n3)n2)cn1.[Zn+2],2.6834087
TRZ00988,Cc1nnc(CC(=O)Nc2cc(Cl)cc(Cl)c2)nc1C,Zn2+,Cc1nnc(CC(=O)Nc2cc(Cl)cc(Cl)c2)nc1C.[Zn+2],2.681858
TRZ02869,Cc1nnc(-c2ccccc2Nc2ccc(F)cc2)nc1C,Zn2+,Cc1nnc(-c2ccccc2Nc2ccc(F)cc2)nc1C.[Zn+2],2.6816025
TRZ01090,Cc1nnc(Cn2c(=S)[nH]c3ccccc32)nc1C,Zn2+,Cc1nnc(Cn2c(=S)[nH]c3ccccc32)nc1C.[Zn+2],2.681594
TRZ05024,Cc1nnc(-c2cc3c(nn2)N(C)CCN3Cc2c(F)ccc(F)c2C)nc1C,Zn2+,Cc1nnc(-c2cc3c(nn2)N(C)CCN3Cc2c(F)ccc(F)c2C)nc1C.[Zn+2],2.6800766
TRZ02191,Cc1nnc(CNCc2ccc(N)cc2[N+](=O)[O-])nc1C,Zn2+,Cc1nnc(CNCc2ccc(N)cc2[N+](=O)[O-])nc1C.[Zn+2],2.6751676
TRZ01449,Cc1nnc(-c2cnn(-c3ccc(Cl)cc3)c2C)nc1C,Zn2+,Cc1nnc(-c2cnn(-c3ccc(Cl)cc3)c2C)nc1C.[Zn+2],2.671485
TRZ05009,Cc1nnc(-c2cc(F)c(OCC3COC(C)(C)N3C(=O)OC(C)(C)C)cc2O)nc1C,Zn2+,Cc1nnc(-c2cc(F)c(OCC3COC(C)(C)N3C(=O)OC(C)(C)C)cc2O)nc1C.[Zn+2],2.6712484
TRZ03162,Cc1nnc(CCN(Cc2cc3c(cc2F)OCCO3)C(=O)OC(C)(C)C)nc1C,Zn2+,Cc1nnc(CCN(Cc2cc3c(cc2F)OCCO3)C(=O)OC(C)(C)C)nc1C.[Zn+2],2.6630583
TRZ00969,Cc1nnc([C@H](Cc2cnc[nH]2)NC(=O)[C@@H](N)CC(C)C)nc1C,Zn2+,Cc1nnc([C@H](Cc2cnc[nH]2)NC(=O)[C@@H](N)CC(C)C)nc1C.[Zn+2],2.6543546
TRZ02500,CCC(C)Oc1ccc(O)c(-c2nnc(C)c(C)n2)c1,Zn2+,CCC(C)Oc1ccc(O)c(-c2nnc(C)c(C)n2)c1.[Zn+2],2.6496487
TRZ02825,Cc1nnc(-c2c(N)n[nH]c2-c2ccc(F)cc2)nc1C,Zn2+,Cc1nnc(-c2c(N)n[nH]c2-c2ccc(F)cc2)nc1C.[Zn+2],2.649344
TRZ04565,Cc1nnc(-c2ccc(CNC(=O)N3CCN(C)CC3c3ccc(F)c(Cl)c3)nc2)nc1C,Zn2+,Cc1nnc(-c2ccc(CNC(=O)N3CCN(C)CC3c3ccc(F)c(Cl)c3)nc2)nc1C.[Zn+2],2.6486888
TRZ02423,Cc1nnc(-c2cncc(C#CCN(C)C)c2)nc1C,Zn2+,Cc1nnc(-c2cncc(C#CCN(C)C)c2)nc1C.[Zn+2],2.6453576
TRZ02814,Cc1nnc(-c2ccccc2OCC(=O)Nc2ccc(SC(F)F)cc2)nc1C,Zn2+,Cc1nnc(-c2ccccc2OCC(=O)Nc2ccc(SC(F)F)cc2)nc1C.[Zn+2],2.6441765
TRZ01365,Cc1nnc(C(O)(c2ccc(Cl)cc2)c2ccc(Cl)cc2)nc1C,Zn2+,Cc1nnc(C(O)(c2ccc(Cl)cc2)c2ccc(Cl)cc2)nc1C.[Zn+2],2.6433792
TRZ04424,Cc1nnc(-c2cnc(NC3(c4cc(F)c(F)cc4F)CCC3)nc2)nc1C,Zn2+,Cc1nnc(-c2cnc(NC3(c4cc(F)c(F)cc4F)CCC3)nc2)nc1C.[Zn+2],2.6431832
TRZ01292,Cc1nnc(CSc2cc(N3CCOCC3)ncn2)nc1C,Zn2+,Cc1nnc(CSc2cc(N3CCOCC3)ncn2)nc1C.[Zn+2],2.6423278
TRZ03809,Cc1nnc(Cn2nc(-c3ccc(Cl)s3)n(Cc3ccccc3F)c2=O)nc1C,Zn2+,Cc1nnc(Cn2nc(-c3ccc(Cl)s3)n(Cc3ccccc3F)c2=O)nc1C.[Zn+2],2.642013
TRZ01694,Cc1nnc(Cn2cnc3c(oc4nc(C(F)(F)F)ccc43)c2=O)nc1C,Zn2+,Cc1nnc(Cn2cnc3c(oc4nc(C(F)(F)F)ccc43)c2=O)nc1C.[Zn+2],2.6355925
TRZ01704,Cc1nnc(-c2nn(-c3ccccc3)c(=O)c3c2cnn3-c2ccccc2)nc1C,Zn2+,Cc1nnc(-c2nn(-c3ccccc3)c(=O)c3c2cnn3-c2ccccc2)nc1C.[Zn+2],2.6311355
TRZ01764,Cc1nnc(-c2nc(-c3ccc(C(F)(F)F)nc3)cc(-c3cc[nH]c(=O)c3)n2)nc1C,Zn2+,Cc1nnc(-c2nc(-c3ccc(C(F)(F)F)nc3)cc(-c3cc[nH]c(=O)c3)n2)nc1C.[Zn+2],2.6295815
TRZ01562,COc1ccc2c(c1)CCC/C2=N/Nc1nc(-c2nnc(C)c(C)n2)cs1,Zn2+,COc1ccc2c(c1)CCC/C2=N/Nc1nc(-c2nnc(C)c(C)n2)cs1.[Zn+2],2.6276126
TRZ05198,Cc1nnc(-c2cnc(NC3(c4ccc(F)c(F)c4)CCC3)nc2C(=O)C(F)F)nc1C,Zn2+,Cc1nnc(-c2cnc(NC3(c4ccc(F)c(F)c4)CCC3)nc2C(=O)C(F)F)nc1C.[Zn+2],2.6255007
TRZ03350,Cc1nnc(-c2cn(C)c(=O)c(C)c2Nc2ccc(Br)cc2F)nc1C,Zn2+,Cc1nnc(-c2cn(C)c(=O)c(C)c2Nc2ccc(Br)cc2F)nc1C.[Zn+2],2.6244931
TRZ03334,Cc1nnc(-c2cnn(-c3ccc(F)cc3)c2)nc1C,Zn2+,Cc1nnc(-c2cnn(-c3ccc(F)cc3)c2)nc1C.[Zn+2],2.6242962
TRZ02822,COc1ccc2c(c1)CCCC2=NNc1nc(-c2nnc(C)c(C)n2)cs1,Zn2+,COc1ccc2c(c1)CCCC2=NNc1nc(-c2nnc(C)c(C)n2)cs1.[Zn+2],2.6226263
TRZ02471,Cc1nnc(-c2cc3sc(Cl)cc3[nH]2)nc1C,Zn2+,Cc1nnc(-c2cc3sc(Cl)cc3[nH]2)nc1C.[Zn+2],2.6218052
TRZ01535,Cc1nnc(CS(=O)(=O)c2ccc(C(F)(F)F)cn2)nc1C,Zn2+,Cc1nnc(CS(=O)(=O)c2ccc(C(F)(F)F)cn2)nc1C.[Zn+2],2.6168694
TRZ03749,Cc1nnc(C2C(=O)Nc3ccc(Br)c(-c4cccc(F)c4)c32)nc1C,Zn2+,Cc1nnc(C2C(=O)Nc3ccc(Br)c(-c4cccc(F)c4)c32)nc1C.[Zn+2],2.6142263
TRZ01621,Cc1nnc(CSc2nnc(-c3ccncc3)n2/N=C/c2ccccc2Cl)nc1C,Zn2+,Cc1nnc(CSc2nnc(-c3ccncc3)n2/N=C/c2ccccc2Cl)nc1C.[Zn+2],2.6127138
TRZ02481,Cc1nnc(CC2=Nn3c(nnc3-c3ccc(Cl)cc3)SC2)nc1C,Zn2+,Cc1nnc(CC2=Nn3c(nnc3-c3ccc(Cl)cc3)SC2)nc1C.[Zn+2],2.6117277
TRZ03810,Cc1nnc(Cn2nc(-c3ccc(Cl)cc3)n(CC(O)C(F)(F)F)c2=O)nc1C,Zn2+,Cc1nnc(Cn2nc(-c3ccc(Cl)cc3)n(CC(O)C(F)(F)F)c2=O)nc1C.[Zn+2],2.6014214
TRZ02453,Cc1nnc(-c2cnc(C3CCCC3)[nH]2)nc1C,Zn2+,Cc1nnc(-c2cnc(C3CCCC3)[nH]2)nc1C.[Zn+2],2.5983415
TRZ01468,Cc1nnc(C(N)c2ccccc2)nc1C,Zn2+,Cc1nnc(C(N)c2ccccc2)nc1C.[Zn+2],2.5976658
TRZ00266,Cc1nnc(C(=O)Nc2ccc(O)cc2)nc1C,Zn2+,Cc1nnc(C(=O)Nc2ccc(O)cc2)nc1C.[Zn+2],2.596274
TRZ02991,Cc1nnc(C2=Nc3c(cccc3C(F)(F)F)C(c3ccccn3)=NC2)nc1C,Zn2+,Cc1nnc(C2=Nc3c(cccc3C(F)(F)F)C(c3ccccn3)=NC2)nc1C.[Zn+2],2.5958233
TRZ01683,CCCc1cc(=O)oc2c1c(OCCN1CCOCC1)cc1oc(-c3nnc(C)c(C)n3)cc12,Zn2+,CCCc1cc(=O)oc2c1c(OCCN1CCOCC1)cc1oc(-c3nnc(C)c(C)n3)cc12.[Zn+2],2.5956283
TRZ03036,Cc1nnc(-c2c(Nc3ccc(I)cc3F)n(C)c(=O)n(C)c2=O)nc1C,Zn2+,Cc1nnc(-c2c(Nc3ccc(I)cc3F)n(C)c(=O)n(C)c2=O)nc1C.[Zn+2],2.5953255
TRZ00606,Cc1nnc(-c2cnn(-c3ccccc3)c2-n2c(C)ccc2C)nc1C,Zn2+,Cc1nnc(-c2cnn(-c3ccccc3)c2-n2c(C)ccc2C)nc1C.[Zn+2],2.594576
TRZ05008,Cc1nnc(-c2cc(F)c(OCC3C(C)OC(C)(C)N3C(=O)OC(C)(C)C)cc2O)nc1C,Zn2+,Cc1nnc(-c2cc(F)c(OCC3C(C)OC(C)(C)N3C(=O)OC(C)(C)C)cc2O)nc1C.[Zn+2],2.5924778
TRZ00571,Cc1nnc(-c2nc(-c3ccc4ccncc4c3)cc(N3Cc4ccccc4C3)n2)nc1C,Zn2+,Cc1nnc(-c2nc(-c3ccc4ccncc4c3)cc(N3Cc4ccccc4C3)n2)nc1C.[Zn+2],2.5906348
TRZ02961,Cc1nnc(-c2cc(F)ccc2O)nc1C,Zn2+,Cc1nnc(-c2cc(F)ccc2O)nc1C.[Zn+2],2.5899744
TRZ00270,Cc1nnc(CSc2ncc(-c3ccccc3)[nH]2)nc1C,Zn2+,Cc1nnc(CSc2ncc(-c3ccccc3)[nH]2)nc1C.[Zn+2],2.5877705
TRZ02021,Cc1nnc(-c2c(O)c3ccccc3[nH]c2=O)nc1C,Zn2+,Cc1nnc(-c2c(O)c3ccccc3[nH]c2=O)nc1C.[Zn+2],2.5846424
TRZ05234,Cc1ncc(-c2nc(C(F)(F)F)ccc2-c2nnc(C)c(C)n2)cn1,Zn2+,Cc1ncc(-c2nc(C(F)(F)F)ccc2-c2nnc(C)c(C)n2)cn1.[Zn+2],2.5841293
TRZ01721,Cc1nnc(COc2ccc(NC(=O)c3cc(Br)c(Br)[nH]3)cc2)nc1C,Zn2+,Cc1nnc(COc2ccc(NC(=O)c3cc(Br)c(Br)[nH]3)cc2)nc1C.[Zn+2],2.5814166
TRZ02449,COc1ccc(C(=O)NC(c2nnc(C)c(C)n2)C23CC4CC(CC(C4)C2)C3)cc1,Zn2+,COc1ccc(C(=O)NC(c2nnc(C)c(C)n2)C23CC4CC(CC(C4)C2)C3)cc1.[Zn+2],2.5797377
TRZ05447,CCc1c(F)cc(F)cc1OC(C)C(=O)N(Cc1nnc(C)c(C)n1)Cc1ccc(C#N)cc1F,Zn2+,CCc1c(F)cc(F)cc1OC(C)C(=O)N(Cc1nnc(C)c(C)n1)Cc1ccc(C#N)cc1F.[Zn+2],2.5780592
TRZ01453,Cc1nnc(-c2cnn(-c3ccccc3)c2C)nc1C,Zn2+,Cc1nnc(-c2cnn(-c3ccccc3)c2C)nc1C.[Zn+2],2.5779543
TRZ00668,Cc1nnc(-c2nnc3n(c2=O)CCN3c2cccc(Cl)c2)nc1C,Zn2+,Cc1nnc(-c2nnc3n(c2=O)CCN3c2cccc(Cl)c2)nc1C.[Zn+2],2.5777168
TRZ04247,Cc1nnc(C(O)c2ccc(-c3noc(-c4cnn(-c5ccccc5)c4C(F)(F)F)n3)cc2)nc1C,Zn2+,Cc1nnc(C(O)c2ccc(-c3noc(-c4cnn(-c5ccccc5)c4C(F)(F)F)n3)cc2)nc1C.[Zn+2],2.577547
TRZ05254,Cc1cc(-c2cnc(NCc3c(F)ccc4c3CCO4)n3cc(-c4nnc(C)c(C)n4)nc23)n(C)n1,Zn2+,Cc1cc(-c2cnc(NCc3c(F)ccc4c3CCO4)n3cc(-c4nnc(C)c(C)n4)nc23)n(C)n1.[Zn+2],2.5775042
TRZ01803,Cc1nnc(-c2nc(-c3ccc(C(F)(F)F)nc3)cc(-c3ccc(=O)[nH]c3)n2)nc1C,Zn2+,Cc1nnc(-c2nc(-c3ccc(C(F)(F)F)nc3)cc(-c3ccc(=O)[nH]c3)n2)nc1C.[Zn+2],2.5763106
TRZ00102,Cc1nnc(-c2ccccc2S(N)(=O)=O)nc1C,Zn2+,Cc1nnc(-c2ccccc2S(N)(=O)=O)nc1C.[Zn+2],2.574028
TRZ01060,Cc1nnc(-c2nc(-c3ccc(C(F)(F)F)nc3)cc(-c3ccnc(N)c3)n2)nc1C,Zn2+,Cc1nnc(-c2nc(-c3ccc(C(F)(F)F)nc3)cc(-c3ccnc(N)c3)n2)nc1C.[Zn+2],2.5729656
TRZ02661,Cc1nnc(-c2cccnc2Nc2ccccc2)nc1C,Zn2+,Cc1nnc(-c2cccnc2Nc2ccccc2)nc1C.[Zn+2],2.571445
TRZ00249,Cc1nnc(/C(=C\c2ccco2)NC(=O)c2ccco2)nc1C,Zn2+,Cc1nnc(/C(=C\c2ccco2)NC(=O)c2ccco2)nc1C.[Zn+2],2.5697784
TRZ04633,Cc1nnc(-c2cc[n+]([O-])cc2Nc2ccc(I)cc2F)nc1C,Zn2+,Cc1nnc(-c2cc[n+]([O-])cc2Nc2ccc(I)cc2F)nc1C.[Zn+2],2.5679903
TRZ03119,Cc1nnc(C(C)(Cc2ccc(F)cc2)N(C(=O)O)C(C)(C)C)nc1C,Zn2+,Cc1nnc(C(C)(Cc2ccc(F)cc2)N(C(=O)O)C(C)(C)C)nc1C.[Zn+2],2.5672321
TRZ03557,Cc1nnc(Cn2cccc(C(F)(F)F)c2=O)nc1C,Zn2+,Cc1nnc(Cn2cccc(C(F)(F)F)c2=O)nc1C.[Zn+2],2.5655189
TRZ03271,Cc1cnc(-c2nnc(C)c(C)n2)c(NS(=O)(=O)c2ccc(Cl)c(C(F)(F)F)c2)c1,Zn2+,Cc1cnc(-c2nnc(C)c(C)n2)c(NS(=O)(=O)c2ccc(Cl)c(C(F)(F)F)c2)c1.[Zn+2],2.5651927
TRZ02153,CCOc1ccc(-c2nnc(C)c(C)n2)c(O)c1,Zn2+,CCOc1ccc(-c2nnc(C)c(C)n2)c(O)c1.[Zn+2],2.5643034
TRZ03844,Cc1nnc(-c2cccc(Oc3ccc(N(C)C)c(C(F)(F)F)c3)n2)nc1C,Zn2+,Cc1nnc(-c2cccc(Oc3ccc(N(C)C)c(C(F)(F)F)c3)n2)nc1C.[Zn+2],2.5634885
TRZ00924,Cc1nnc(-c2csc(-c3cn(C(C)C)c(=O)n(Cc4ccccc4)c3=O)n2)nc1C,Zn2+,Cc1nnc(-c2csc(-c3cn(C(C)C)c(=O)n(Cc4ccccc4)c3=O)n2)nc1C.[Zn+2],2.5626507
TRZ04246,Cc1nnc(C(C)N=Cc2ccc(F)c(C(F)(F)F)c2)nc1C,Zn2+,Cc1nnc(C(C)N=Cc2ccc(F)c(C(F)(F)F)c2)nc1C.[Zn+2],2.557476
TRZ04108,Cc1nnc(-c2c(C=O)nn(-c3ccc(F)cc3)c2-c2ccccn2)nc1C,Zn2+,Cc1nnc(-c2c(C=O)nn(-c3ccc(F)cc3)c2-c2ccccn2)nc1C.[Zn+2],2.5545554
TRZ04476,Cc1nnc(C2(c3ccc(F)cc3)CCCN2O)nc1C,Zn2+,Cc1nnc(C2(c3ccc(F)cc3)CCCN2O)nc1C.[Zn+2],2.5544605
TRZ04145,Cc1cc(OCc2c(F)cccc2F)c2nc(C)c(-c3nnc(C)c(C)n3)n2c1,Zn2+,Cc1cc(OCc2c(F)cccc2F)c2nc(C)c(-c3nnc(C)c(C)n3)n2c1.[Zn+2],2.551847
TRZ00310,CCCn1c(=O)c2[nH]c(-c3ccc(OCc4nnc(C)c(C)n4)cc3)nc2n(CCC)c1=O,Zn2+,CCCn1c(=O)c2[nH]c(-c3ccc(OCc4nnc(C)c(C)n4)cc3)nc2n(CCC)c1=O.[Zn+2],2.548707
TRZ03759,Cc1nnc(CC(C)N(C)S(=O)(=O)c2ccc(C(F)(F)F)cc2Cl)nc1C,Zn2+,Cc1nnc(CC(C)N(C)S(=O)(=O)c2ccc(C(F)(F)F)cc2Cl)nc1C.[Zn+2],2.547687
TRZ05452,Cc1nnc(-c2ccc(Oc3ccc(F)c(F)c3)cc2[N+](=O)[O-])nc1C,Zn2+,Cc1nnc(-c2ccc(Oc3ccc(F)c(F)c3)cc2[N+](=O)[O-])nc1C.[Zn+2],2.5449047
TRZ01778,Cc1nnc(-c2nc(-c3ccc(C(F)(F)F)nc3)cc(-c3cc(F)c(O)c(F)c3)n2)nc1C,Zn2+,Cc1nnc(-c2nc(-c3ccc(C(F)(F)F)nc3)cc(-c3cc(F)c(O)c(F)c3)n2)nc1C.[Zn+2],2.544887
TRZ03209,Cc1nnc(-c2c(Cc3ccc(I)cc3F)n(C)c(=O)n(C)c2=O)nc1C,Zn2+,Cc1nnc(-c2c(Cc3ccc(I)cc3F)n(C)c(=O)n(C)c2=O)nc1C.[Zn+2],2.5441923
TRZ02133,Cc1nnc(COc2ccccc2O)nc1C,Zn2+,Cc1nnc(COc2ccccc2O)nc1C.[Zn+2],2.54244
TRZ03834,Cc1nnc(-c2cccnc2Oc2ccc(F)cc2)nc1C,Zn2+,Cc1nnc(-c2cccnc2Oc2ccc(F)cc2)nc1C.[Zn+2],2.5417018
TRZ04174,Cc1nnc(Cc2cc(NC(=O)O)n(-c3ccc(F)cc3)n2)nc1C,Zn2+,Cc1nnc(Cc2cc(NC(=O)O)n(-c3ccc(F)cc3)n2)nc1C.[Zn+2],2.5413928
TRZ02990,Cc1nnc(-c2ccc(C(F)(F)F)cc2O)nc1C,Zn2+,Cc1nnc(-c2ccc(C(F)(F)F)cc2O)nc1C.[Zn+2],2.5402923
TRZ04869,Cc1nnc(-c2cc(Oc3ccc(N)c(F)c3)ccn2)nc1C,Zn2+,Cc1nnc(-c2cc(Oc3ccc(N)c(F)c3)ccn2)nc1C.[Zn+2],2.5397778
TRZ02658,Cc1nnc(C2C=C3c4cccc5[nH]cc(c45)CC3N(C)C2)nc1C,Zn2+,Cc1nnc(C2C=C3c4cccc5[nH]cc(c45)CC3N(C)C2)nc1C.[Zn+2],2.5383196
TRZ02563,Cc1cccc(-n2c(N3CCOCC3)nc3oc(C)c(-c4nnc(C)c(C)n4)c3c2=O)c1,Zn2+,Cc1cccc(-n2c(N3CCOCC3)nc3oc(C)c(-c4nnc(C)c(C)n4)c3c2=O)c1.[Zn+2],2.5375648
TRZ00183,Cc1nnc(CN2CCCc3ccccc32)nc1C,Zn2+,Cc1nnc(CN2CCCc3ccccc32)nc1C.[Zn+2],2.537465
TRZ01304,Cc1nnc(Cn2c(C)nc3ccccc3c2=O)nc1C,Zn2+,Cc1nnc(Cn2c(C)nc3ccccc3c2=O)nc1C.[Zn+2],2.5296588
TRZ04620,Cc1nnc(-c2ccccc2Nc2ccc(C(F)(F)F)cc2)nc1C,Zn2+,Cc1nnc(-c2ccccc2Nc2ccc(C(F)(F)F)cc2)nc1C.[Zn+2],2.5240402
TRZ02450,Cc1nnc(C(NC(=O)c2ccc([N+](=O)[O-])cc2)C23CC4CC(CC(C4)C2)C3)nc1C,Zn2+,Cc1nnc(C(NC(=O)c2ccc([N+](=O)[O-])cc2)C23CC4CC(CC(C4)C2)C3)nc1C.[Zn+2],2.5211453
TRZ03297,Cc1nnc(-c2nn(-c3cccc(C(F)(F)F)c3)ccc2=O)nc1C,Zn2+,Cc1nnc(-c2nn(-c3cccc(C(F)(F)F)c3)ccc2=O)nc1C.[Zn+2],2.5159492
TRZ01730,Cc1nnc(Cn2cncc2-c2ccc(C(C)(C)C)cc2)nc1C,Zn2+,Cc1nnc(Cn2cncc2-c2ccc(C(C)(C)C)cc2)nc1C.[Zn+2],2.5032482
TRZ01740,Cc1nnc(Cn2cncc2-c2ccc3c(c2)OCO3)nc1C,Zn2+,Cc1nnc(Cn2cncc2-c2ccc3c(c2)OCO3)nc1C.[Zn+2],2.4984856
TRZ01030,COCCNc1ccc(-c2cc(-c3cccc(OC(F)F)c3)nc(-c3nnc(C)c(C)n3)n2)cn1,Zn2+,COCCNc1ccc(-c2cc(-c3cccc(OC(F)F)c3)nc(-c3nnc(C)c(C)n3)n2)cn1.[Zn+2],2.49798
TRZ00854,Cc1nnc(-c2ccc3nccn3c2)nc1C,Zn2+,Cc1nnc(-c2ccc3nccn3c2)nc1C.[Zn+2],2.4942112
TRZ05825,Cc1nnc(C(=Cn2cnc(-c3cc(C(F)(F)F)cc(C(F)(F)F)c3)n2)c2cnccn2)nc1C,Zn2+,Cc1nnc(C(=Cn2cnc(-c3cc(C(F)(F)F)cc(C(F)(F)F)c3)n2)c2cnccn2)nc1C.[Zn+2],2.4893837
TRZ04133,Cc1nnc(C(N)c2ccc(F)cc2)nc1C,Zn2+,Cc1nnc(C(N)c2ccc(F)cc2)nc1C.[Zn+2],2.489307
TRZ01098,Cc1nnc(-c2nnc3n(c2=O)CCN3c2ccccc2)nc1C,Zn2+,Cc1nnc(-c2nnc3n(c2=O)CCN3c2ccccc2)nc1C.[Zn+2],2.4874554
TRZ00783,Cc1nnc(-c2ccccc2Nc2ccccc2)nc1C,Zn2+,Cc1nnc(-c2ccccc2Nc2ccccc2)nc1C.[Zn+2],2.4873185
TRZ05188,Cc1nnc(-c2cnc(NC3(c4ccc(F)c(F)c4)CC3)nc2C(=O)C(F)F)nc1C,Zn2+,Cc1nnc(-c2cnc(NC3(c4ccc(F)c(F)c4)CC3)nc2C(=O)C(F)F)nc1C.[Zn+2],2.4866633
TRZ03120,Cc1nnc(C(C)(Cc2ccc(F)cc2)NC(=O)OC(C)(C)C)nc1C,Zn2+,Cc1nnc(C(C)(Cc2ccc(F)cc2)NC(=O)OC(C)(C)C)nc1C.[Zn+2],2.4836392
TRZ05355,Cc1nnc(-c2cc3c(Br)cccc3n2CC(F)(F)F)nc1C,Zn2+,Cc1nnc(-c2cc3c(Br)cccc3n2CC(F)(F)F)nc1C.[Zn+2],2.4832516
TRZ05417,Cc1nnc(C(=N)C(=O)/C=C\Nc2cccc(C(F)(F)F)c2)nc1C,Zn2+,Cc1nnc(C(=N)C(=O)/C=C\Nc2cccc(C(F)(F)F)c2)nc1C.[Zn+2],2.4822946
TRZ03730,Cc1nnc(-c2nn(Cc3ccc(Cl)cc3F)c3cc(S(C)(=O)=O)ccc23)nc1C,Zn2+,Cc1nnc(-c2nn(Cc3ccc(Cl)cc3F)c3cc(S(C)(=O)=O)ccc23)nc1C.[Zn+2],2.4815927
TRZ02883,Cc1nnc(CN2C(=O)CSC2c2ccc(F)cc2)nc1C,Zn2+,Cc1nnc(CN2C(=O)CSC2c2ccc(F)cc2)nc1C.[Zn+2],2.479641
TRZ04288,Cc1nnc(-c2cn(CC(F)(F)F)nc2N2CCOCC2)nc1C,Zn2+,Cc1nnc(-c2cn(CC(F)(F)F)nc2N2CCOCC2)nc1C.[Zn+2],2.4753742
TRZ04906,Cc1nnc(-c2cn3ccnc3c(Cc3ccccc3F)n2)nc1C,Zn2+,Cc1nnc(-c2cn3ccnc3c(Cc3ccccc3F)n2)nc1C.[Zn+2],2.4743266
TRZ03355,Cc1nnc(Cc2c(-c3ccc(F)cc3)nc3ccc(N4CCCC4)nn23)nc1C,Zn2+,Cc1nnc(Cc2c(-c3ccc(F)cc3)nc3ccc(N4CCCC4)nn23)nc1C.[Zn+2],2.4710174
TRZ02185,Cc1nnc(C2CN(Cc3ccccc3)CC(C)O2)nc1C,Zn2+,Cc1nnc(C2CN(Cc3ccccc3)CC(C)O2)nc1C.[Zn+2],2.4708076
TRZ05793,Cc1nnc(-c2c(-c3ccc(F)cc3)[nH]c3c(F)cccc23)nc1C,Zn2+,Cc1nnc(-c2c(-c3ccc(F)cc3)[nH]c3c(F)cccc23)nc1C.[Zn+2],2.4681544
TRZ00716,Cc1nnc(-c2cc(-c3c[nH]c4ccccc34)nn2Cc2ccc(F)cc2)nc1C,Zn2+,Cc1nnc(-c2cc(-c3c[nH]c4ccccc34)nn2Cc2ccc(F)cc2)nc1C.[Zn+2],2.464665
TRZ03806,Cc1nnc(Cn2nc(-c3ccc(Cl)cc3)n(C[C@H](O)C(F)(F)F)c2=O)nc1C,Zn2+,Cc1nnc(Cn2nc(-c3ccc(Cl)cc3)n(C[C@H](O)C(F)(F)F)c2=O)nc1C.[Zn+2],2.4565606
TRZ01055,COCCNc1ccc(-c2cc(-c3ccccc3)nc(-c3nnc(C)c(C)n3)n2)cn1,Zn2+,COCCNc1ccc(-c2cc(-c3ccccc3)nc(-c3nnc(C)c(C)n3)n2)cn1.[Zn+2],2.4535584
TRZ02972,Cc1nnc(Cc2csc(Nc3ccc(Cl)c(C(F)(F)F)c3)n2)nc1C,Zn2+,Cc1nnc(Cc2csc(Nc3ccc(Cl)c(C(F)(F)F)c3)n2)nc1C.[Zn+2],2.4512434
TRZ02727,Cc1nnc([C@@H](N)Cc2c[nH]c3ccccc23)nc1C,Zn2+,Cc1nnc([C@@H](N)Cc2c[nH]c3ccccc23)nc1C.[Zn+2],2.4503217
TRZ01777,Cc1nnc(-c2nc(-c3ccc(C(F)(F)F)nc3)cc(-c3ccc4[nH]ncc4c3)n2)nc1C,Zn2+,Cc1nnc(-c2nc(-c3ccc(C(F)(F)F)nc3)cc(-c3ccc4[nH]ncc4c3)n2)nc1C.[Zn+2],2.447359
TRZ02844,Cc1nnc(-c2ccccc2Nc2ccnc(C(F)(F)F)c2)nc1C,Zn2+,Cc1nnc(-c2ccccc2Nc2ccnc(C(F)(F)F)c2)nc1C.[Zn+2],2.4453535
TRZ00720,Cc1nnc(-c2cc(-c3ccc(OCC(C)C)c(C#N)c3)n[nH]c2=O)nc1C,Zn2+,Cc1nnc(-c2cc(-c3ccc(OCC(C)C)c(C#N)c3)n[nH]c2=O)nc1C.[Zn+2],2.444458
TRZ02405,Cc1cc(-c2nn(C)c(=O)c3ccccc23)cc(C)c1OCc1nnc(C)c(C)n1,Zn2+,Cc1cc(-c2nn(C)c(=O)c3ccccc23)cc(C)c1OCc1nnc(C)c(C)n1.[Zn+2],2.4417868
TRZ05501,Cc1nnc(-c2cncc(-c3ccccc3F)n2)nc1C,Zn2+,Cc1nnc(-c2cncc(-c3ccccc3F)n2)nc1C.[Zn+2],2.4402347
TRZ02834,Cc1nnc(COc2ccc3c(c2)O/C(=C\c2c(F)cccc2Cl)C3=O)nc1C,Zn2+,Cc1nnc(COc2ccc3c(c2)O/C(=C\c2c(F)cccc2Cl)C3=O)nc1C.[Zn+2],2.4396935
TRZ00369,COc1ccc(-c2c(CN3CCOCC3)nc3scc(-c4nnc(C)c(C)n4)n23)cc1,Zn2+,COc1ccc(-c2c(CN3CCOCC3)nc3scc(-c4nnc(C)c(C)n4)n23)cc1.[Zn+2],2.4310036
TRZ00568,Cc1nnc(-c2csc3nc(CN4CCOCC4)c(-c4ccc(Br)cc4)n23)nc1C,Zn2+,Cc1nnc(-c2csc3nc(CN4CCOCC4)c(-c4ccc(Br)cc4)n23)nc1C.[Zn+2],2.43091
TRZ01364,Cc1nnc(COc2ccc(C(=O)c3cc4cccnc4nc3-c3ccccc3)cc2)nc1C,Zn2+,Cc1nnc(COc2ccc(C(=O)c3cc4cccnc4nc3-c3ccccc3)cc2)nc1C.[Zn+2],2.4303432
TRZ04974,Cc1ccc(C(=N)c2nnc(C)c(C)n2)c(NCc2ccc(F)cc2F)c1,Zn2+,Cc1ccc(C(=N)c2nnc(C)c(C)n2)c(NCc2ccc(F)cc2F)c1.[Zn+2],2.4300437
TRZ05788,Cc1nnc(-c2c(-c3ccc(F)cc3)[nH]c3c(F)c(F)ccc23)nc1C,Zn2+,Cc1nnc(-c2c(-c3ccc(F)cc3)[nH]c3c(F)c(F)ccc23)nc1C.[Zn+2],2.429606
TRZ00619,Cc1nnc(C(C)n2nnc(N3CCOCC3)n2)nc1C,Zn2+,Cc1nnc(C(C)n2nnc(N3CCOCC3)n2)nc1C.[Zn+2],2.4278412
TRZ05687,Cc1ccc(F)c(C(C)[C@@H](c2nnc(C)c(C)n2)N2CNc3cc(Cl)ccc3S2(=O)=O)c1C,Zn2+,Cc1ccc(F)c(C(C)[C@@H](c2nnc(C)c(C)n2)N2CNc3cc(Cl)ccc3S2(=O)=O)c1C.[Zn+2],2.4242449
TRZ02645,Cc1nnc(CS(=O)(=O)c2ccccc2)nc1C,Zn2+,Cc1nnc(CS(=O)(=O)c2ccccc2)nc1C.[Zn+2],2.4225793
TRZ02114,Cc1nnc(-c2[nH]c3ccccc3c2Cl)nc1C,Zn2+,Cc1nnc(-c2[nH]c3ccccc3c2Cl)nc1C.[Zn+2],2.4209766
TRZ05148,CCC(=O)NN=C(c1cccc(C(F)(F)F)c1)c1nnc(C)c(C)n1,Zn2+,CCC(=O)NN=C(c1cccc(C(F)(F)F)c1)c1nnc(C)c(C)n1.[Zn+2],2.4152708
TRZ05087,Cc1nnc(C(=O)NCc2c(F)cccc2F)nc1C,Zn2+,Cc1nnc(C(=O)NCc2c(F)cccc2F)nc1C.[Zn+2],2.4147687
TRZ05754,Cc1nnc(-c2ccc(N3CCC(C#N)(Oc4cc(F)ccc4Cl)CC3)nn2)nc1C,Zn2+,Cc1nnc(-c2ccc(N3CCC(C#N)(Oc4cc(F)ccc4Cl)CC3)nn2)nc1C.[Zn+2],2.4116254
TRZ02613,Cc1nnc(-c2cncc(O)c2)nc1C,Zn2+,Cc1nnc(-c2cncc(O)c2)nc1C.[Zn+2],2.4088569
TRZ00558,Cc1nnc(CSc2nc3ccccc3c(=O)n2CCc2ccccn2)nc1C,Zn2+,Cc1nnc(CSc2nc3ccccc3c(=O)n2CCc2ccccn2)nc1C.[Zn+2],2.405178
TRZ04037,Cc1nnc(/C(=C/n2cnc(-c3cc(C(F)(F)F)cc(C(F)(F)F)c3)n2)c2cnccn2)nc1C,Zn2+,Cc1nnc(/C(=C/n2cnc(-c3cc(C(F)(F)F)cc(C(F)(F)F)c3)n2)c2cnccn2)nc1C.[Zn+2],2.4029841
TRZ02380,COc1cccc(Oc2ccc(OC)cc2-c2nnc(C)c(C)n2)c1,Zn2+,COc1cccc(Oc2ccc(OC)cc2-c2nnc(C)c(C)n2)c1.[Zn+2],2.3995209
TRZ01678,Cc1nnc(Cn2c(-c3ccco3)nc3ccccc32)nc1C,Zn2+,Cc1nnc(Cn2c(-c3ccco3)nc3ccccc32)nc1C.[Zn+2],2.3958893
TRZ00641,Cc1nnc(-c2[nH]c3ccc([N+](=O)[O-])cc3c2C)nc1C,Zn2+,Cc1nnc(-c2[nH]c3ccc([N+](=O)[O-])cc3c2C)nc1C.[Zn+2],2.3938432
TRZ00680,Cc1nnc(-c2cc(-c3ccc(Cl)cc3)n[nH]2)nc1C,Zn2+,Cc1nnc(-c2cc(-c3ccc(Cl)cc3)n[nH]2)nc1C.[Zn+2],2.3915544
TRZ02862,COc1c(N2CC3CCCNC3C2)c(F)cc2c(=O)c(-c3nnc(C)c(C)n3)cn(C3CC3)c12,Zn2+,COc1c(N2CC3CCCNC3C2)c(F)cc2c(=O)c(-c3nnc(C)c(C)n3)cn(C3CC3)c12.[Zn+2],2.390777
TRZ01760,Cc1nnc(-c2nc(-c3ccccc3F)cc(-c3ccccc3F)n2)nc1C,Zn2+,Cc1nnc(-c2nc(-c3ccccc3F)cc(-c3ccccc3F)n2)nc1C.[Zn+2],2.3903418
TRZ01001,Cc1nnc(-c2nc(N)nc(Nc3ccc(Cl)cc3)n2)nc1C,Zn2+,Cc1nnc(-c2nc(N)nc(Nc3ccc(Cl)cc3)n2)nc1C.[Zn+2],2.3876033
TRZ01347,Cc1ccc(Oc2cc(SCc3nnc(C)c(C)n3)ncn2)cc1,Zn2+,Cc1ccc(Oc2cc(SCc3nnc(C)c(C)n3)ncn2)cc1.[Zn+2],2.3851886
TRZ02986,Cc1nnc(C2CC3(NC(=O)NC3=O)c3cc(F)ccc3O2)nc1C,Zn2+,Cc1nnc(C2CC3(NC(=O)NC3=O)c3cc(F)ccc3O2)nc1C.[Zn+2],2.3831754
TRZ05154,COc1c(N2CCN(C)C(C)C2)c(F)cc2c(=O)c(-c3nnc(C)c(C)n3)cn(C3CC3)c12,Zn2+,COc1c(N2CCN(C)C(C)C2)c(F)cc2c(=O)c(-c3nnc(C)c(C)n3)cn(C3CC3)c12.[Zn+2],2.3819351
TRZ01305,Cc1nnc(CN2Cc3ccccc3OC2=O)nc1C,Zn2+,Cc1nnc(CN2Cc3ccccc3OC2=O)nc1C.[Zn+2],2.3795114
TRZ02258,Cc1nnc(-c2nn(C)c(=O)[nH]c2=O)nc1C,Zn2+,Cc1nnc(-c2nn(C)c(=O)[nH]c2=O)nc1C.[Zn+2],2.3770094
TRZ01324,Cc1nnc(Cn2c(C)nc3ccc(Cl)cc3c2=O)nc1C,Zn2+,Cc1nnc(Cn2c(C)nc3ccc(Cl)cc3c2=O)nc1C.[Zn+2],2.3765264
TRZ00594,Cc1nnc(Cc2c(Sc3ccccc3)c3ccccc3n2C)nc1C,Zn2+,Cc1nnc(Cc2c(Sc3ccccc3)c3ccccc3n2C)nc1C.[Zn+2],2.3757272
TRZ00833,Cc1nnc(-c2ccc(CS(=O)(=O)c3ccccc3)o2)nc1C,Zn2+,Cc1nnc(-c2ccc(CS(=O)(=O)c3ccccc3)o2)nc1C.[Zn+2],2.375207
TRZ04939,Cc1nnc(-c2ccc(F)cc2N(C(C)(C)C)S(=O)(=O)c2ccccc2)nc1C,Zn2+,Cc1nnc(-c2ccc(F)cc2N(C(C)(C)C)S(=O)(=O)c2ccccc2)nc1C.[Zn+2],2.375205
TRZ05542,Cc1nnc(-c2cccnc2Nc2ccc(OC(F)(F)Cl)cc2)nc1C,Zn2+,Cc1nnc(-c2cccnc2Nc2ccc(OC(F)(F)Cl)cc2)nc1C.[Zn+2],2.374339
TRZ00412,Cc1nnc(-c2cc3c([nH]c4ccccc43)c(-c3ccccc3)n2)nc1C,Zn2+,Cc1nnc(-c2cc3c([nH]c4ccccc43)c(-c3ccccc3)n2)nc1C.[Zn+2],2.3663893
TRZ00670,Cc1nnc([C@H](Cc2cnc[nH]2)NC(=O)OCc2ccccc2)nc1C,Zn2+,Cc1nnc([C@H](Cc2cnc[nH]2)NC(=O)OCc2ccccc2)nc1C.[Zn+2],2.3657775
TRZ00472,Cc1nnc(COc2nc(-c3cccs3)nc3ccc(I)cc23)nc1C,Zn2+,Cc1nnc(COc2nc(-c3cccs3)nc3ccc(I)cc23)nc1C.[Zn+2],2.3651562
TRZ00759,Cc1nnc(-c2cc(=O)[nH]c(=O)[nH]2)nc1C,Zn2+,Cc1nnc(-c2cc(=O)[nH]c(=O)[nH]2)nc1C.[Zn+2],2.3640113
TRZ00774,Cc1nnc(C2Cc3c([nH]c4ccccc34)CN2)nc1C,Zn2+,Cc1nnc(C2Cc3c([nH]c4ccccc34)CN2)nc1C.[Zn+2],2.3610387
TRZ03808,Cc1nnc(Cn2nc(-c3ccc(Cl)cc3)n(C[C@@H](O)C(F)(F)F)c2=O)nc1C,Zn2+,Cc1nnc(Cn2nc(-c3ccc(Cl)cc3)n(C[C@@H](O)C(F)(F)F)c2=O)nc1C.[Zn+2],2.3599386
TRZ02006,COc1cccn(Cc2nnc(C)c(C)n2)c1=O,Zn2+,COc1cccn(Cc2nnc(C)c(C)n2)c1=O.[Zn+2],2.3593946
TRZ02497,Cc1nnc(-c2ccc(OCc3ccccc3)cc2O)nc1C,Zn2+,Cc1nnc(-c2ccc(OCc3ccccc3)cc2O)nc1C.[Zn+2],2.358747
TRZ05551,Cc1nnc(/C(=C/n2cnc(-c3cc(C4CC4)nc(C(F)(F)F)c3)n2)c2cncnc2)nc1C,Zn2+,Cc1nnc(/C(=C/n2cnc(-c3cc(C4CC4)nc(C(F)(F)F)c3)n2)c2cncnc2)nc1C.[Zn+2],2.355331
TRZ01661,C#CCn1cc(-c2nnc(C)c(C)n2)c(=O)c2ccc(C(F)(F)F)cc21,Zn2+,C#CCn1cc(-c2nnc(C)c(C)n2)c(=O)c2ccc(C(F)(F)F)cc21.[Zn+2],2.3431616
TRZ00977,Cc1nnc(-c2cn(COCCO)c3ccc(Cl)cc3c2=O)nc1C,Zn2+,Cc1nnc(-c2cn(COCCO)c3ccc(Cl)cc3c2=O)nc1C.[Zn+2],2.3423834
TRZ01189,Cc1nnc(Cn2cc(F)c(=O)[nH]c2=O)nc1C,Zn2+,Cc1nnc(Cn2cc(F)c(=O)[nH]c2=O)nc1C.[Zn+2],2.341063
TRZ01808,Cc1nnc(-c2sc3c(c2N)c(=O)oc2ccccc23)nc1C,Zn2+,Cc1nnc(-c2sc3c(c2N)c(=O)oc2ccccc23)nc1C.[Zn+2],2.3405433
TRZ00026,Cc1nnc(-c2ccccc2N)nc1C,Zn2+,Cc1nnc(-c2ccccc2N)nc1C.[Zn+2],2.3399596
TRZ01697,Cc1nnc(-c2n[nH]c(=O)c3nc(-c4ccccc4)ncc23)nc1C,Zn2+,Cc1nnc(-c2n[nH]c(=O)c3nc(-c4ccccc4)ncc23)nc1C.[Zn+2],2.33431
TRZ03488,Cc1nnc(-c2ncnn2Cc2c(-c3ccc(F)cc3)nc3ccc(F)cn23)nc1C,Zn2+,Cc1nnc(-c2ncnn2Cc2c(-c3ccc(F)cc3)nc3ccc(F)cn23)nc1C.[Zn+2],2.3339682
TRZ00794,Cc1ncccc1-c1cnc(NCc2c(F)ccc3c2CCO3)n2cnc(-c3nnc(C)c(C)n3)c12,Zn2+,Cc1ncccc1-c1cnc(NCc2c(F)ccc3c2CCO3)n2cnc(-c3nnc(C)c(C)n3)c12.[Zn+2],2.3326488
TRZ02790,Cc1nnc(COc2ccc(Br)cc2CN2CCOCC2)nc1C,Zn2+,Cc1nnc(COc2ccc(Br)cc2CN2CCOCC2)nc1C.[Zn+2],2.3311758
TRZ01403,Cc1nnc(-c2c[nH]c3c(C(F)(F)F)cccc3c2=O)nc1C,Zn2+,Cc1nnc(-c2c[nH]c3c(C(F)(F)F)cccc3c2=O)nc1C.[Zn+2],2.3267112
TRZ04852,Cc1nnc(CCn2c(=O)n(Cc3ccccc3F)c(=O)c3[nH]cnc32)nc1C,Zn2+,Cc1nnc(CCn2c(=O)n(Cc3ccccc3F)c(=O)c3[nH]cnc32)nc1C.[Zn+2],2.3266454
TRZ05436,Cc1nnc(-c2ccc(F)cc2NS(=O)(=O)C2C=CC(C(C)(C)C)=CC2)nc1C,Zn2+,Cc1nnc(-c2ccc(F)cc2NS(=O)(=O)C2C=CC(C(C)(C)C)=CC2)nc1C.[Zn+2],2.3260145
TRZ01054,COCCNc1ccc(-c2cc(-c3cccc(F)c3)nc(-c3nnc(C)c(C)n3)n2)cn1,Zn2+,COCCNc1ccc(-c2cc(-c3cccc(F)c3)nc(-c3nnc(C)c(C)n3)n2)cn1.[Zn+2],2.3228264
TRZ04874,Cc1nnc(-c2cc3c(cc2Nc2ccc(I)cc2F)OCC3)nc1C,Zn2+,Cc1nnc(-c2cc3c(cc2Nc2ccc(I)cc2F)OCC3)nc1C.[Zn+2],2.3223839
TRZ05743,Cc1nnc(-c2cncc(-c3ccc(OC(F)(F)F)nc3)n2)nc1C,Zn2+,Cc1nnc(-c2cncc(-c3ccc(OC(F)(F)F)nc3)n2)nc1C.[Zn+2],2.321272
TRZ05011,Cc1nnc(C(=N)c2ccc(Cl)cc2NCc2ccc(F)cc2F)nc1C,Zn2+,Cc1nnc(C(=N)c2ccc(Cl)cc2NCc2ccc(F)cc2F)nc1C.[Zn+2],2.3172832
TRZ00570,Cc1ccc(-c2c(CN3CCOCC3)nc3scc(-c4nnc(C)c(C)n4)n23)cc1,Zn2+,Cc1ccc(-c2c(CN3CCOCC3)nc3scc(-c4nnc(C)c(C)n4)n23)cc1.[Zn+2],2.3154721
TRZ00465,CC(=O)N1CCN(c2cc3c(cc2F)c(=O)c(-c2nnc(C)c(C)n2)cn3C2CC2)CC1,Zn2+,CC(=O)N1CCN(c2cc3c(cc2F)c(=O)c(-c2nnc(C)c(C)n2)cn3C2CC2)CC1.[Zn+2],2.3142734
TRZ01742,CCCOc1ccc2cc(-c3nnc(C)c(C)n3)c(=O)oc2c1,Zn2+,CCCOc1ccc2cc(-c3nnc(C)c(C)n3)c(=O)oc2c1.[Zn+2],2.3120718
TRZ01007,Cc1nnc(C(Cc2ccccc2)NC(=O)c2ccccc2N)nc1C,Zn2+,Cc1nnc(C(Cc2ccccc2)NC(=O)c2ccccc2N)nc1C.[Zn+2],2.308869
TRZ01845,Cc1nnc(-c2ccccc2Nc2cccc(C(F)(F)F)c2)nc1C,Zn2+,Cc1nnc(-c2ccccc2Nc2cccc(C(F)(F)F)c2)nc1C.[Zn+2],2.3043313
TRZ00464,Cc1nnc(Cn2c(Cc3ccc(Cl)cc3Cl)nc3ccc([N+](=O)[O-])cc32)nc1C,Zn2+,Cc1nnc(Cn2c(Cc3ccc(Cl)cc3Cl)nc3ccc([N+](=O)[O-])cc32)nc1C.[Zn+2],2.3028693
TRZ01192,Cc1ccc2c(c1)C1(OCCCO1)C(=O)N2Cc1nnc(C)c(C)n1,Zn2+,Cc1ccc2c(c1)C1(OCCCO1)C(=O)N2Cc1nnc(C)c(C)n1.[Zn+2],2.2948627
TRZ05300,Cc1nnc(-c2cccnc2Nc2ccc(C(F)(F)F)cc2)nc1C,Zn2+,Cc1nnc(-c2cccnc2Nc2ccc(C(F)(F)F)cc2)nc1C.[Zn+2],2.2923074
TRZ01542,Cc1nnc(CSc2nnc(-c3ccncc3)n2-c2ccccc2)nc1C,Zn2+,Cc1nnc(CSc2nnc(-c3ccncc3)n2-c2ccccc2)nc1C.[Zn+2],2.292008
TRZ02848,Cc1ccc2nc(SCc3nnc(C)c(C)n3)n(Cc3ccccc3)c(=O)c2c1,Zn2+,Cc1ccc2nc(SCc3nnc(C)c(C)n3)n(Cc3ccccc3)c(=O)c2c1.[Zn+2],2.2911963
TRZ01986,COc1ccccc1N1CCN(CCc2nnc(C)c(C)n2)CC1,Zn2+,COc1ccccc1N1CCN(CCc2nnc(C)c(C)n2)CC1.[Zn+2],2.2870579
TRZ01671,Cc1nnc(-c2cc(-c3ccc(Cl)cc3)n(-c3ccccc3)n2)nc1C,Zn2+,Cc1nnc(-c2cc(-c3ccc(Cl)cc3)n(-c3ccccc3)n2)nc1C.[Zn+2],2.284298
TRZ05847,Cc1cc(I)ccc1Nc1c(F)cccc1-c1nnc(C)c(C)n1,Zn2+,Cc1cc(I)ccc1Nc1c(F)cccc1-c1nnc(C)c(C)n1.[Zn+2],2.281969
TRZ02601,Cc1ccc(Nc2n[nH]nc2-c2nnc(C)c(C)n2)cc1,Zn2+,Cc1ccc(Nc2n[nH]nc2-c2nnc(C)c(C)n2)cc1.[Zn+2],2.2799902
TRZ00634,Cc1nnc(CSc2nc(-c3ccccc3)cn2-c2ccccc2)nc1C,Zn2+,Cc1nnc(CSc2nc(-c3ccccc3)cn2-c2ccccc2)nc1C.[Zn+2],2.2777343
TRZ02853,Cc1nnc(Cn2nc(C)n(/N=C/c3ccncc3)c2=O)nc1C,Zn2+,Cc1nnc(Cn2nc(C)n(/N=C/c3ccncc3)c2=O)nc1C.[Zn+2],2.2766695
TRZ01099,Cc1ccc(N2CCn3c2nnc(-c2nnc(C)c(C)n2)c3=O)cc1,Zn2+,Cc1ccc(N2CCn3c2nnc(-c2nnc(C)c(C)n2)c3=O)cc1.[Zn+2],2.2762647
TRZ04156,Cc1nnc(-c2cccc(O)c2-n2cc(C(F)(F)F)cn2)nc1C,Zn2+,Cc1nnc(-c2cccc(O)c2-n2cc(C(F)(F)F)cn2)nc1C.[Zn+2],2.2759156
TRZ05735,Cc1nnc(-c2cncc(-c3ccc(OC(F)F)nc3)c2)nc1C,Zn2+,Cc1nnc(-c2cncc(-c3ccc(OC(F)F)nc3)c2)nc1C.[Zn+2],2.274385
TRZ01234,COc1cc2[nH]c(-c3nnc(C)c(C)n3)c(N)c2cc1OC,Zn2+,COc1cc2[nH]c(-c3nnc(C)c(C)n3)c(N)c2cc1OC.[Zn+2],2.2738595
TRZ05025,Cc1nnc(Cn2nc(-c3ccc(Cl)cc3)n(CCC(C)(F)F)c2=O)nc1C,Zn2+,Cc1nnc(Cn2nc(-c3ccc(Cl)cc3)n(CCC(C)(F)F)c2=O)nc1C.[Zn+2],2.2677045
TRZ03238,Cc1nnc(-c2cc3c(ncn3C)c(F)c2Nc2ccc(I)cc2F)nc1C,Zn2+,Cc1nnc(-c2cc3c(ncn3C)c(F)c2Nc2ccc(I)cc2F)nc1C.[Zn+2],2.2617579
TRZ01578,Cc1nnc(CC(=O)Nc2cccc([N+](=O)[O-])c2)nc1C,Zn2+,Cc1nnc(CC(=O)Nc2cccc([N+](=O)[O-])c2)nc1C.[Zn+2],2.2599592
TRZ00066,Cc1nnc(CC2Sc3ccccc3NC2=O)nc1C,Zn2+,Cc1nnc(CC2Sc3ccccc3NC2=O)nc1C.[Zn+2],2.2599206
TRZ05886,Cc1nnc(C(=Cc2cccc(F)c2)O/N=C\C(CC(C)(C)C)n2cncn2)nc1C,Zn2+,Cc1nnc(C(=Cc2cccc(F)c2)O/N=C\C(CC(C)(C)C)n2cncn2)nc1C.[Zn+2],2.256919
TRZ03351,Cc1nnc(-c2cnc3ccc(N4CCC[C@@H]4c4cccc(F)c4)nn23)nc1C,Zn2+,Cc1nnc(-c2cnc3ccc(N4CCC[C@@H]4c4cccc(F)c4)nn23)nc1C.[Zn+2],2.2565079
TRZ02037,CC(=O)Oc1ccccc1-c1nnc(C)c(C)n1,Zn2+,CC(=O)Oc1ccccc1-c1nnc(C)c(C)n1.[Zn+2],2.2547255
TRZ04999,Cc1nnc(C2CCCN(c3ccc(F)cc3)C2=O)nc1C,Zn2+,Cc1nnc(C2CCCN(c3ccc(F)cc3)C2=O)nc1C.[Zn+2],2.2545533
TRZ00599,Cc1nnc(Cn2c(-c3ccccn3)nc3ccccc32)nc1C,Zn2+,Cc1nnc(Cn2c(-c3ccccn3)nc3ccccc32)nc1C.[Zn+2],2.2542787
TRZ01199,Cc1nnc(-c2cc3c(cn2)[nH]c2ccccc23)nc1C,Zn2+,Cc1nnc(-c2cc3c(cn2)[nH]c2ccccc23)nc1C.[Zn+2],2.2536778
TRZ01348,Cc1nnc(CSc2cc(Oc3ccccc3)ncn2)nc1C,Zn2+,Cc1nnc(CSc2cc(Oc3ccccc3)ncn2)nc1C.[Zn+2],2.2480192
TRZ00776,Cc1nnc(-c2ccc[n+]([O-])c2)nc1C,Zn2+,Cc1nnc(-c2ccc[n+]([O-])c2)nc1C.[Zn+2],2.2473783
TRZ01570,Cc1nnc(-c2cc3c([nH]c4ccccc43)c(-c3ccsc3)n2)nc1C,Zn2+,Cc1nnc(-c2cc3c([nH]c4ccccc43)c(-c3ccsc3)n2)nc1C.[Zn+2],2.2466655
TRZ05887,Cc1nnc(-c2ccc(Cl)nc2C(=O)c2ccccc2F)nc1C,Zn2+,Cc1nnc(-c2ccc(Cl)nc2C(=O)c2ccccc2F)nc1C.[Zn+2],2.2459445
TRZ03367,Cc1ccc(-c2nnc(C)c(C)n2)c(NC(=O)c2cc(C(F)(F)F)nn2-c2ncccc2Cl)c1,Zn2+,Cc1ccc(-c2nnc(C)c(C)n2)c(NC(=O)c2cc(C(F)(F)F)nn2-c2ncccc2Cl)c1.[Zn+2],2.2409654
TRZ01102,CCn1cc(-c2nnc(C)c(C)n2)c(=O)c2cc(Cl)ccc21,Zn2+,CCn1cc(-c2nnc(C)c(C)n2)c(=O)c2cc(Cl)ccc21.[Zn+2],2.2381058
TRZ02533,Cc1nnc(-c2c(O)c3c([nH]c2=O)CCCC3)nc1C,Zn2+,Cc1nnc(-c2c(O)c3c([nH]c2=O)CCCC3)nc1C.[Zn+2],2.237361
TRZ03925,Cc1nnc(-c2cnc3ccc(N4CCCC4c4cccc(F)c4)nn23)nc1C,Zn2+,Cc1nnc(-c2cnc3ccc(N4CCCC4c4cccc(F)c4)nn23)nc1C.[Zn+2],2.2354069
TRZ02259,Cc1nnc(C(Cc2ccc(O)cc2)NC(=O)OCc2ccccc2)nc1C,Zn2+,Cc1nnc(C(Cc2ccc(O)cc2)NC(=O)OCc2ccccc2)nc1C.[Zn+2],2.2327046
TRZ00008,Cc1nnc(CN2C(=O)CN=C(c3ccccc3)c3cc(Br)ccc32)nc1C,Zn2+,Cc1nnc(CN2C(=O)CN=C(c3ccccc3)c3cc(Br)ccc32)nc1C.[Zn+2],2.2316628
TRZ01684,Cc1nnc(Cn2c(=O)c(C)nc3cc(Br)ccc32)nc1C,Zn2+,Cc1nnc(Cn2c(=O)c(C)nc3cc(Br)ccc32)nc1C.[Zn+2],2.2312164
TRZ00939,Cc1nnc(C2CCCn3c2nc2sc4c(c2c3=O)CCCC4)nc1C,Zn2+,Cc1nnc(C2CCCn3c2nc2sc4c(c2c3=O)CCCC4)nc1C.[Zn+2],2.2288575
TRZ01821,Cc1nnc(-c2c[nH]c3c([N+](=O)[O-])cc(C(F)(F)F)cc3c2=O)nc1C,Zn2+,Cc1nnc(-c2c[nH]c3c([N+](=O)[O-])cc(C(F)(F)F)cc3c2=O)nc1C.[Zn+2],2.2264137
TRZ05113,Cc1nnc(-c2cn(C)c(=O)cc2-c2ccc(F)cc2)nc1C,Zn2+,Cc1nnc(-c2cn(C)c(=O)cc2-c2ccc(F)cc2)nc1C.[Zn+2],2.225264
TRZ05836,Cc1nnc(/C=N/NCc2ccc(F)cc2)nc1C,Zn2+,Cc1nnc(/C=N/NCc2ccc(F)cc2)nc1C.[Zn+2],2.2246585
TRZ00248,Cc1ccc(-c2cc(-c3nnc(C)c(C)n3)n[nH]2)o1,Zn2+,Cc1ccc(-c2cc(-c3nnc(C)c(C)n3)n[nH]2)o1.[Zn+2],2.2243514
TRZ02625,Cc1nnc(Cn2cncn2)nc1C,Zn2+,Cc1nnc(Cn2cncn2)nc1C.[Zn+2],2.2237134
TRZ02772,Cc1nnc(-c2cnc3ncccc3c2)nc1C,Zn2+,Cc1nnc(-c2cnc3ncccc3c2)nc1C.[Zn+2],2.2217126
TRZ00243,Cc1cc(O)cc(C)c1C[C@H](N)C(=O)N1Cc2ccccc2C[C@H]1c1nnc(C)c(C)n1,Zn2+,Cc1cc(O)cc(C)c1C[C@H](N)C(=O)N1Cc2ccccc2C[C@H]1c1nnc(C)c(C)n1.[Zn+2],2.2189875
TRZ01298,Cc1nnc(CNc2ccc([N+](=O)[O-])cc2C(=O)c2ccccc2)nc1C,Zn2+,Cc1nnc(CNc2ccc([N+](=O)[O-])cc2C(=O)c2ccccc2)nc1C.[Zn+2],2.2160392
TRZ02132,Cc1nnc(-c2cc(-c3ccc(OCc4ccccc4Cl)cc3)n[nH]2)nc1C,Zn2+,Cc1nnc(-c2cc(-c3ccc(OCc4ccccc4Cl)cc3)n[nH]2)nc1C.[Zn+2],2.2113643
TRZ01392,CC(=O)Nc1ccc(C(=O)N/C(=C\c2ccc3c(c2)OCO3)c2nnc(C)c(C)n2)cc1,Zn2+,CC(=O)Nc1ccc(C(=O)N/C(=C\c2ccc3c(c2)OCO3)c2nnc(C)c(C)n2)cc1.[Zn+2],2.2025728
TRZ01044,COc1ccc(/C(=C(\C#N)c2nnc(C)c(C)n2)n2c(=O)c(=O)[nH]c3ccccc32)cc1,Zn2+,COc1ccc(/C(=C(\C#N)c2nnc(C)c(C)n2)n2c(=O)c(=O)[nH]c3ccccc32)cc1.[Zn+2],2.1968923
TRZ01344,CCN1N=C(c2ccccc2)Cn2c1nc1c2c(=O)n(Cc2nnc(C)c(C)n2)c(=O)n1C,Zn2+,CCN1N=C(c2ccccc2)Cn2c1nc1c2c(=O)n(Cc2nnc(C)c(C)n2)c(=O)n1C.[Zn+2],2.1951785
TRZ00784,Cc1nnc(-c2cnc3ccccc3c2)nc1C,Zn2+,Cc1nnc(-c2cnc3ccccc3c2)nc1C.[Zn+2],2.1879725
TRZ02934,Cc1nnc(-c2ccncc2Nc2ccc(I)cc2F)nc1C,Zn2+,Cc1nnc(-c2ccncc2Nc2ccc(I)cc2F)nc1C.[Zn+2],2.184682
TRZ02580,Cc1nnc(-c2cnn(-c3ccccc3)n2)nc1C,Zn2+,Cc1nnc(-c2cnn(-c3ccccc3)n2)nc1C.[Zn+2],2.183971
TRZ05555,Cc1nnc(CNc2nc(N3CCOCC3)nn3c(C(F)(F)F)cnc23)nc1C,Zn2+,Cc1nnc(CNc2nc(N3CCOCC3)nn3c(C(F)(F)F)cnc23)nc1C.[Zn+2],2.181581
TRZ01327,Cc1nnc(Cn2c(C)nc3c(Cl)cc(Cl)cc3c2=O)nc1C,Zn2+,Cc1nnc(Cn2c(C)nc3c(Cl)cc(Cl)cc3c2=O)nc1C.[Zn+2],2.1801395
TRZ00658,Cc1nnc(CSc2c(-c3cccs3)[nH]c3ccccc23)nc1C,Zn2+,Cc1nnc(CSc2c(-c3cccs3)[nH]c3ccccc23)nc1C.[Zn+2],2.1767697
TRZ00388,Cc1nnc(C(Cc2cnc[nH]2)NC(=O)OCc2ccccc2)nc1C,Zn2+,Cc1nnc(C(Cc2cnc[nH]2)NC(=O)OCc2ccccc2)nc1C.[Zn+2],2.1722584
TRZ04152,Cc1nnc(C2NC=CN2c2ccc(F)nc2)nc1C,Zn2+,Cc1nnc(C2NC=CN2c2ccc(F)nc2)nc1C.[Zn+2],2.1683736
TRZ02863,Cc1nnc(CSc2nc3ccc(F)cc3c(=O)n2-c2ccccc2)nc1C,Zn2+,Cc1nnc(CSc2nc3ccc(F)cc3c(=O)n2-c2ccccc2)nc1C.[Zn+2],2.1681275
TRZ02061,COc1cccc(NC(=O)Cc2nnc(C)c(C)n2)c1,Zn2+,COc1cccc(NC(=O)Cc2nnc(C)c(C)n2)c1.[Zn+2],2.1619015
TRZ05821,Cc1nnc(-c2c(F)cccc2S)nc1C,Zn2+,Cc1nnc(-c2c(F)cccc2S)nc1C.[Zn+2],2.1597934
TRZ05302,Cc1nnc(CNc2nc(N3CCOCC3)nc3c(C(F)(F)F)cnn23)nc1C,Zn2+,Cc1nnc(CNc2nc(N3CCOCC3)nc3c(C(F)(F)F)cnn23)nc1C.[Zn+2],2.159761
TRZ02882,Cc1nnc(-c2cnc3c(F)cccc3c2N)nc1C,Zn2+,Cc1nnc(-c2cnc3c(F)cccc3c2N)nc1C.[Zn+2],2.1577487
TRZ00873,CCc1nc2ccccc2n1Cc1nnc(C)c(C)n1,Zn2+,CCc1nc2ccccc2n1Cc1nnc(C)c(C)n1.[Zn+2],2.1576247
TRZ02108,Cc1nnc(-c2cnc3[nH]nc(N4C[C@@H](F)C[C@@H]4c4cc(F)ccc4F)c3c2)nc1C,Zn2+,Cc1nnc(-c2cnc3[nH]nc(N4C[C@@H](F)C[C@@H]4c4cc(F)ccc4F)c3c2)nc1C.[Zn+2],2.1573982
TRZ01065,Cc1nnc(-c2nc(-c3ccccc3)cc(N3CCc4cccnc4C3)n2)nc1C,Zn2+,Cc1nnc(-c2nc(-c3ccccc3)cc(N3CCc4cccnc4C3)n2)nc1C.[Zn+2],2.1510148
TRZ02186,Cc1cccc(O)c1-c1nnc(C)c(C)n1,Zn2+,Cc1cccc(O)c1-c1nnc(C)c(C)n1.[Zn+2],2.1500578
TRZ00308,Cc1nnc(-c2nc(N(C)C)nc(N(C)C)n2)nc1C,Zn2+,Cc1nnc(-c2nc(N(C)C)nc(N(C)C)n2)nc1C.[Zn+2],2.149922
TRZ01328,Cc1nnc(-c2cc(C)c(=O)[nH]n2)nc1C,Zn2+,Cc1nnc(-c2cc(C)c(=O)[nH]n2)nc1C.[Zn+2],2.1497583
TRZ00717,CCOc1ccc(-c2cc(-c3nnc(C)c(C)n3)c(=O)[nH]n2)cc1C#N,Zn2+,CCOc1ccc(-c2cc(-c3nnc(C)c(C)n3)c(=O)[nH]n2)cc1C#N.[Zn+2],2.148059
TRZ03781,Cc1nnc([C@@](C)(Cc2ccc(F)cc2)NC(=O)OC(C)(C)C)nc1C,Zn2+,Cc1nnc([C@@](C)(Cc2ccc(F)cc2)NC(=O)OC(C)(C)C)nc1C.[Zn+2],2.1456742
TRZ02112,Cc1nnc(Cn2cnc3c2c(=O)[nH]c(=O)n3C)nc1C,Zn2+,Cc1nnc(Cn2cnc3c2c(=O)[nH]c(=O)n3C)nc1C.[Zn+2],2.143353
TRZ05259,Cc1nnc(C(F)(F)C(C)(O)c2cccc(NC(=O)OC(C)(C)C)c2)nc1C,Zn2+,Cc1nnc(C(F)(F)C(C)(O)c2cccc(NC(=O)OC(C)(C)C)c2)nc1C.[Zn+2],2.1426687
TRZ01041,Cc1nnc(-c2nc(-c3ccc(N)nc3)cc(-c3ccc(C(F)(F)F)nc3)n2)nc1C,Zn2+,Cc1nnc(-c2nc(-c3ccc(N)nc3)cc(-c3ccc(C(F)(F)F)nc3)n2)nc1C.[Zn+2],2.139915
TRZ01623,CC(/C=C/c1ccccc1)=N\OCc1nnc(C)c(C)n1,Zn2+,CC(/C=C/c1ccccc1)=N\OCc1nnc(C)c(C)n1.[Zn+2],2.137673
TRZ02226,Cc1nnc(-c2ccc(-n3nc(-c4ccccc4)cc3C(F)(F)F)nc2)nc1C,Zn2+,Cc1nnc(-c2ccc(-n3nc(-c4ccccc4)cc3C(F)(F)F)nc2)nc1C.[Zn+2],2.1365585
TRZ02060,Cc1nnc(CC(=O)Nc2ccc(Cl)cc2)nc1C,Zn2+,Cc1nnc(CC(=O)Nc2ccc(Cl)cc2)nc1C.[Zn+2],2.13379
TRZ01875,Cc1nnc(COc2ccc3c(c2Br)CCCC3)nc1C,Zn2+,Cc1nnc(COc2ccc3c(c2Br)CCCC3)nc1C.[Zn+2],2.127255
TRZ03996,Cc1nnc(C2=CC=CS2=C(CC(=O)c2cccs2)C(F)(F)F)nc1C,Zn2+,Cc1nnc(C2=CC=CS2=C(CC(=O)c2cccs2)C(F)(F)F)nc1C.[Zn+2],2.121903
TRZ01546,Cc1ccc(S(=O)(=O)NC(Cc2ccccc2)c2nnc(C)c(C)n2)cc1,Zn2+,Cc1ccc(S(=O)(=O)NC(Cc2ccccc2)c2nnc(C)c(C)n2)cc1.[Zn+2],2.1169958
TRZ05742,Cc1cc(OC(F)F)ncc1-c1cncc(-c2nnc(C)c(C)n2)n1,Zn2+,Cc1cc(OC(F)F)ncc1-c1cncc(-c2nnc(C)c(C)n2)n1.[Zn+2],2.116634
TRZ02054,CC(=O)c1cccc(NC(=O)C(=O)C(c2ccccc2)c2nnc(C)c(C)n2)c1,Zn2+,CC(=O)c1cccc(NC(=O)C(=O)C(c2ccccc2)c2nnc(C)c(C)n2)c1.[Zn+2],2.1112556
TRZ00569,Cc1nnc(-c2nc(-c3ccc4cccnc4c3)cc(N3Cc4ccccc4C3)n2)nc1C,Zn2+,Cc1nnc(-c2nc(-c3ccc4cccnc4c3)cc(N3Cc4ccccc4C3)n2)nc1C.[Zn+2],2.1103072
TRZ03733,Cc1nnc(-c2nn(Cc3ccc(F)cc3F)c3cc(S(C)(=O)=O)ccc23)nc1C,Zn2+,Cc1nnc(-c2nn(Cc3ccc(F)cc3F)c3cc(S(C)(=O)=O)ccc23)nc1C.[Zn+2],2.108119
TRZ05519,Cc1ccc(F)c(C(C)[C@@H](c2nnc(C)c(C)n2)N2CCc3ccc(Cl)cc3S2(=O)=O)c1C,Zn2+,Cc1ccc(F)c(C(C)[C@@H](c2nnc(C)c(C)n2)N2CCc3ccc(Cl)cc3S2(=O)=O)c1C.[Zn+2],2.1038322
TRZ00888,Cc1nnc(CS(=O)(=O)Nc2ncccn2)nc1C,Zn2+,Cc1nnc(CS(=O)(=O)Nc2ncccn2)nc1C.[Zn+2],2.102635
TRZ01733,Cc1nnc(Cn2cncc2-c2ccc(F)cc2)nc1C,Zn2+,Cc1nnc(Cn2cncc2-c2ccc(F)cc2)nc1C.[Zn+2],2.1010785
TRZ01702,Cc1nnc(-c2n[nH]c(=O)c3c2cnn3-c2ccccc2)nc1C,Zn2+,Cc1nnc(-c2n[nH]c(=O)c3c2cnn3-c2ccccc2)nc1C.[Zn+2],2.100048
TRZ01335,COc1ccc(Nc2ncccc2-c2nnc(C)c(C)n2)cc1,Zn2+,COc1ccc(Nc2ncccc2-c2nnc(C)c(C)n2)cc1.[Zn+2],2.0978737
TRZ00699,Cc1nnc(CNc2nc3scc(-c4ccccc4)c3c(=O)n2-c2ccccc2)nc1C,Zn2+,Cc1nnc(CNc2nc3scc(-c4ccccc4)c3c(=O)n2-c2ccccc2)nc1C.[Zn+2],2.0967674
TRZ02195,CC(=O)N/N=C(/c1ccccc1)c1nnc(C)c(C)n1,Zn2+,CC(=O)N/N=C(/c1ccccc1)c1nnc(C)c(C)n1.[Zn+2],2.0951867
TRZ03239,Cc1cc(I)ccc1Nc1c(-c2nnc(C)c(C)n2)cc2c(ncn2C)c1F,Zn2+,Cc1cc(I)ccc1Nc1c(-c2nnc(C)c(C)n2)cc2c(ncn2C)c1F.[Zn+2],2.0945382
TRZ00913,Cc1nnc(CSc2c(-c3ccccc3)c3cc(Cl)ccc3[nH]c2=O)nc1C,Zn2+,Cc1nnc(CSc2c(-c3ccccc3)c3cc(Cl)ccc3[nH]c2=O)nc1C.[Zn+2],2.0938787
TRZ04878,Cc1nnc(-c2cc3c([nH]c4ccccc43)c(-c3ccc(F)cc3)n2)nc1C,Zn2+,Cc1nnc(-c2cc3c([nH]c4ccccc43)c(-c3ccc(F)cc3)n2)nc1C.[Zn+2],2.0930367
TRZ01666,Cc1nnc(-c2cn(Cc3ccc(C#N)cc3)c3c(C(F)(F)F)cccc3c2=O)nc1C,Zn2+,Cc1nnc(-c2cn(Cc3ccc(C#N)cc3)c3c(C(F)(F)F)cccc3c2=O)nc1C.[Zn+2],2.0913782
TRZ02458,CCCCOc1ccccc1C(=O)NCc1nnc(C)c(C)n1,Zn2+,CCCCOc1ccccc1C(=O)NCc1nnc(C)c(C)n1.[Zn+2],2.0894618
TRZ01614,Cc1nnc(-c2cc(-c3ccc(Cl)cc3)nn2Cc2ccc(Cl)nc2)nc1C,Zn2+,Cc1nnc(-c2cc(-c3ccc(Cl)cc3)nn2Cc2ccc(Cl)nc2)nc1C.[Zn+2],2.0880208
TRZ01897,CC(=O)c1c(C)nc2ccc(I)cc2c1OCc1nnc(C)c(C)n1,Zn2+,CC(=O)c1c(C)nc2ccc(I)cc2c1OCc1nnc(C)c(C)n1.[Zn+2],2.0852747
TRZ04161,Cc1cc(Nc2cc(C(F)(F)F)ccn2)nc(-c2nnc(C)c(C)n2)c1,Zn2+,Cc1cc(Nc2cc(C(F)(F)F)ccn2)nc(-c2nnc(C)c(C)n2)c1.[Zn+2],2.084909
TRZ02382,Cc1nnc(-c2cc(C)n(-c3c(Cl)cc(Cl)cc3Cl)n2)nc1C,Zn2+,Cc1nnc(-c2cc(C)n(-c3c(Cl)cc(Cl)cc3Cl)n2)nc1C.[Zn+2],2.0833654
TRZ04973,Cc1nnc(C(=N)c2ccc(C(F)(F)F)cc2NCc2ccc(F)cc2F)nc1C,Zn2+,Cc1nnc(C(=N)c2ccc(C(F)(F)F)cc2NCc2ccc(F)cc2F)nc1C.[Zn+2],2.0744433
TRZ02339,COc1ccc(-c2c(C)oc3cc(OCc4nnc(C)c(C)n4)ccc3c2=O)cc1OC,Zn2+,COc1ccc(-c2c(C)oc3cc(OCc4nnc(C)c(C)n4)ccc3c2=O)cc1OC.[Zn+2],2.0738583
TRZ01456,Cc1nnc(-c2cnn(-c3ccc(F)cc3)c2C)nc1C,Zn2+,Cc1nnc(-c2cnn(-c3ccc(F)cc3)c2C)nc1C.[Zn+2],2.070016
TRZ00852,Cc1nnc(-c2cn[nH]c2)nc1C,Zn2+,Cc1nnc(-c2cn[nH]c2)nc1C.[Zn+2],2.0641785
TRZ05552,Cc1nnc(/C(=C/n2cnc(-c3cc(C(F)(F)F)cc(C(F)(F)F)c3)n2)c2cncnc2)nc1C,Zn2+,Cc1nnc(/C(=C/n2cnc(-c3cc(C(F)(F)F)cc(C(F)(F)F)c3)n2)c2cncnc2)nc1C.[Zn+2],2.064034
TRZ01368,Cc1nnc(C(CC(O)c2ccc(Cl)cc2)CN2CCCC2)nc1C,Zn2+,Cc1nnc(C(CC(O)c2ccc(Cl)cc2)CN2CCCC2)nc1C.[Zn+2],2.0614367
TRZ04104,Cc1nnc(C2=NN(Cc3ccc(F)cc3F)C3=CN(C(F)(F)F)C=CC32)nc1C,Zn2+,Cc1nnc(C2=NN(Cc3ccc(F)cc3F)C3=CN(C(F)(F)F)C=CC32)nc1C.[Zn+2],2.0596151
TRZ02459,Cc1nnc(C2(C)NC3(CCCCC3)Cc3ccccc32)nc1C,Zn2+,Cc1nnc(C2(C)NC3(CCCCC3)Cc3ccccc32)nc1C.[Zn+2],2.0587845
TRZ00591,Cc1nnc(CC(=O)Nc2ccc(C(=O)O)cc2)nc1C,Zn2+,Cc1nnc(CC(=O)Nc2ccc(C(=O)O)cc2)nc1C.[Zn+2],2.0586987
TRZ02858,Cc1nnc(C(Cc2ccc(F)cc2)=NC(=O)c2ccccc2)nc1C,Zn2+,Cc1nnc(C(Cc2ccc(F)cc2)=NC(=O)c2ccccc2)nc1C.[Zn+2],2.058547
TRZ01898,Cc1nnc(-c2cccn2S(=O)(=O)c2cc(Cl)ccc2N)nc1C,Zn2+,Cc1nnc(-c2cccn2S(=O)(=O)c2cc(Cl)ccc2N)nc1C.[Zn+2],2.0581932
TRZ00327,Cc1nnc(-c2cc(-c3ccc(Cl)cc3Cl)n[nH]2)nc1C,Zn2+,Cc1nnc(-c2cc(-c3ccc(Cl)cc3Cl)n[nH]2)nc1C.[Zn+2],2.057571
TRZ02650,Cc1nnc(-c2ccc(C(=O)O)cc2N)nc1C,Zn2+,Cc1nnc(-c2ccc(C(=O)O)cc2N)nc1C.[Zn+2],2.0538359
TRZ01000,Cc1nnc(-c2nc(N)nc(Nc3ccccc3)n2)nc1C,Zn2+,Cc1nnc(-c2nc(N)nc(Nc3ccccc3)n2)nc1C.[Zn+2],2.0526896
TRZ02437,Cc1nnc(C(C)Oc2cccc3cccnc23)nc1C,Zn2+,Cc1nnc(C(C)Oc2cccc3cccnc23)nc1C.[Zn+2],2.0525274
TRZ04053,Cc1nnc(-c2cc(C)c3c(n2)=C(C(C)(C)C)CC(NCC(F)(F)F)C=3)nc1C,Zn2+,Cc1nnc(-c2cc(C)c3c(n2)=C(C(C)(C)C)CC(NCC(F)(F)F)C=3)nc1C.[Zn+2],2.052196
TRZ00429,Cc1nnc(Cc2nc3ccccc3[nH]2)nc1C,Zn2+,Cc1nnc(Cc2nc3ccccc3[nH]2)nc1C.[Zn+2],2.050681
TRZ03089,Cc1nnc(CN(C(N)=O)c2ccc(F)cc2)nc1C,Zn2+,Cc1nnc(CN(C(N)=O)c2ccc(F)cc2)nc1C.[Zn+2],2.0489311
TRZ00637,Cc1nnc(CNC(c2ccccc2)c2cc(Br)ccc2N)nc1C,Zn2+,Cc1nnc(CNC(c2ccccc2)c2cc(Br)ccc2N)nc1C.[Zn+2],2.0481195
TRZ01133,Cc1nnc(CN(C)c2nc3scc(-c4ccccc4)c3c(=O)n2-c2ccccc2)nc1C,Zn2+,Cc1nnc(CN(C)c2nc3scc(-c4ccccc4)c3c(=O)n2-c2ccccc2)nc1C.[Zn+2],2.0476089
TRZ02428,Cc1nnc(CSCC(=O)Nc2ccc(C(C)(C)C)cc2)nc1C,Zn2+,Cc1nnc(CSCC(=O)Nc2ccc(C(C)(C)C)cc2)nc1C.[Zn+2],2.046299
TRZ04478,Cc1nnc(-c2cc(-c3ccc(OCC(F)(F)F)nc3)ccc2N)nc1C,Zn2+,Cc1nnc(-c2cc(-c3ccc(OCC(F)(F)F)nc3)ccc2N)nc1C.[Zn+2],2.0462933
TRZ05786,Cc1nnc(-c2c(-c3ccc(F)cc3)[nH]c3ccccc23)nc1C,Zn2+,Cc1nnc(-c2c(-c3ccc(F)cc3)[nH]c3ccccc23)nc1C.[Zn+2],2.0461164
TRZ00848,Cc1nnc(-c2ccn[nH]2)nc1C,Zn2+,Cc1nnc(-c2ccn[nH]2)nc1C.[Zn+2],2.0444598
TRZ01811,Cc1nnc(-c2csc(N/N=C/c3cccc(Br)c3)n2)nc1C,Zn2+,Cc1nnc(-c2csc(N/N=C/c3cccc(Br)c3)n2)nc1C.[Zn+2],2.0436883
TRZ02987,Cc1nnc(C(F)(F)C(O)(Cn2cncn2)c2ccc(F)cc2F)nc1C,Zn2+,Cc1nnc(C(F)(F)C(O)(Cn2cncn2)c2ccc(F)cc2F)nc1C.[Zn+2],2.0432653
TRZ05885,Cc1nnc(C(=Cc2ccccc2F)O/N=C\C(CC(C)(C)C)n2cncn2)nc1C,Zn2+,Cc1nnc(C(=Cc2ccccc2F)O/N=C\C(CC(C)(C)C)n2cncn2)nc1C.[Zn+2],2.0427966
TRZ05301,Cc1nnc(C2(C)CCCN(C(=O)c3ccccc3Nc3ccc(C(F)(F)F)cc3)C2=O)nc1C,Zn2+,Cc1nnc(C2(C)CCCN(C(=O)c3ccccc3Nc3ccc(C(F)(F)F)cc3)C2=O)nc1C.[Zn+2],2.0427036
TRZ01720,Cc1nnc(/C=C2/Nc3ccccc3NC2=O)nc1C,Zn2+,Cc1nnc(/C=C2/Nc3ccccc3NC2=O)nc1C.[Zn+2],2.0391536
TRZ02118,CCn1cc(-c2nnc(C)c(C)n2)c(=O)c2ccc(-c3ccccc3)cc21,Zn2+,CCn1cc(-c2nnc(C)c(C)n2)c(=O)c2ccc(-c3ccccc3)cc21.[Zn+2],2.036602
TRZ00254,Cc1nnc(-c2cc3ccccc3cc2NS(=O)(=O)c2ccccc2)nc1C,Zn2+,Cc1nnc(-c2cc3ccccc3cc2NS(=O)(=O)c2ccccc2)nc1C.[Zn+2],2.0347185
TRZ03702,Cc1nnc(C[C@@H](Cc2cc(F)ccc2F)N(C(=O)O)C(C)(C)C)nc1C,Zn2+,Cc1nnc(C[C@@H](Cc2cc(F)ccc2F)N(C(=O)O)C(C)(C)C)nc1C.[Zn+2],2.0308242
TRZ00242,Cc1nnc(Cc2nn[nH]n2)nc1C,Zn2+,Cc1nnc(Cc2nn[nH]n2)nc1C.[Zn+2],2.030343
TRZ02059,Cc1nnc(CC(=O)Nc2cccc(Cl)c2)nc1C,Zn2+,Cc1nnc(CC(=O)Nc2cccc(Cl)c2)nc1C.[Zn+2],2.0261912
TRZ00108,Cc1nnc(-c2nc[nH]c2C(=O)Nc2ccccn2)nc1C,Zn2+,Cc1nnc(-c2nc[nH]c2C(=O)Nc2ccccn2)nc1C.[Zn+2],2.0259314
TRZ01930,Cc1nnc(-c2n[nH]nc2N)nc1C,Zn2+,Cc1nnc(-c2n[nH]nc2N)nc1C.[Zn+2],2.0257215
TRZ03349,Cc1nnc(-c2cn(C)c(=O)c(F)c2Nc2ccc(Br)cc2F)nc1C,Zn2+,Cc1nnc(-c2cn(C)c(=O)c(F)c2Nc2ccc(Br)cc2F)nc1C.[Zn+2],2.0234933
TRZ02174,Cc1ccc(C)c(-c2cc(-c3nnc(C)c(C)n3)[nH]n2)c1,Zn2+,Cc1ccc(C)c(-c2cc(-c3nnc(C)c(C)n3)[nH]n2)c1.[Zn+2],2.0221958
TRZ03757,Cc1nnc(-c2cc(C(=O)O)c(=O)n(-c3cccc(C(F)(F)F)c3)c2C)nc1C,Zn2+,Cc1nnc(-c2cc(C(=O)O)c(=O)n(-c3cccc(C(F)(F)F)c3)c2C)nc1C.[Zn+2],2.022109
TRZ03347,Cc1nnc(C(C)(C)S(=O)(=O)c2ccc(F)cc2)nc1C,Zn2+,Cc1nnc(C(C)(C)S(=O)(=O)c2ccc(F)cc2)nc1C.[Zn+2],2.021606
TRZ05736,Cc1nc(OC(F)F)ccc1-c1cncc(-c2nnc(C)c(C)n2)n1,Zn2+,Cc1nc(OC(F)F)ccc1-c1cncc(-c2nnc(C)c(C)n2)n1.[Zn+2],2.021594
TRZ03382,Cc1cccc(NC(=O)c2cc(C(F)(F)F)nn2-c2ncccc2Cl)c1-c1nnc(C)c(C)n1,Zn2+,Cc1cccc(NC(=O)c2cc(C(F)(F)F)nn2-c2ncccc2Cl)c1-c1nnc(C)c(C)n1.[Zn+2],2.0199404
TRZ02163,Cc1cc(-c2nnc(C)c(C)n2)n(Cc2ccc(Cl)cc2)n1,Zn2+,Cc1cc(-c2nnc(C)c(C)n2)n(Cc2ccc(Cl)cc2)n1.[Zn+2],2.019833
TRZ00633,Cc1nnc(Cn2nc3n(c2=O)-c2ccccc2SC3)nc1C,Zn2+,Cc1nnc(Cn2nc3n(c2=O)-c2ccccc2SC3)nc1C.[Zn+2],2.018982
TRZ00821,Cc1nnc(CSc2nnc(-c3ccc(Cl)cc3)n2-c2ccccc2)nc1C,Zn2+,Cc1nnc(CSc2nnc(-c3ccc(Cl)cc3)n2-c2ccccc2)nc1C.[Zn+2],2.0187287
TRZ01297,COc1ccc2nc(NC(=O)c3nnc(C)c(C)n3)sc2c1,Zn2+,COc1ccc2nc(NC(=O)c3nnc(C)c(C)n3)sc2c1.[Zn+2],2.0181913
TRZ02165,Cc1nnc(-c2[nH]ncc2Br)nc1C,Zn2+,Cc1nnc(-c2[nH]ncc2Br)nc1C.[Zn+2],2.0164309
TRZ01626,CC(/C=C/c1ccccc1)=N\OC(C)c1nnc(C)c(C)n1,Zn2+,CC(/C=C/c1ccccc1)=N\OC(C)c1nnc(C)c(C)n1.[Zn+2],2.0149684
TRZ00444,Cc1nnc(-c2ccccc2Oc2ccccc2)nc1C,Zn2+,Cc1nnc(-c2ccccc2Oc2ccccc2)nc1C.[Zn+2],2.012908
TRZ05733,Cc1nnc(-c2cncc(-c3ccc(OC(F)F)nc3)n2)nc1C,Zn2+,Cc1nnc(-c2cncc(-c3ccc(OC(F)F)nc3)n2)nc1C.[Zn+2],2.0128932
TRZ02189,COc1ccc(NC(=O)C(=O)O)cc1-c1nnc(C)c(C)n1,Zn2+,COc1ccc(NC(=O)C(=O)O)cc1-c1nnc(C)c(C)n1.[Zn+2],2.0122952
TRZ01489,CC(=O)N[C@@H](Cc1ccc(O)cc1)c1nnc(C)c(C)n1,Zn2+,CC(=O)N[C@@H](Cc1ccc(O)cc1)c1nnc(C)c(C)n1.[Zn+2],2.0095272
TRZ03112,Cc1cc(I)ccc1Nc1cc(F)ccc1-c1nnc(C)c(C)n1,Zn2+,Cc1cc(I)ccc1Nc1cc(F)ccc1-c1nnc(C)c(C)n1.[Zn+2],2.0090232
TRZ00657,Cc1nnc(-c2nc[nH]c2C(=O)Nc2ccc(Cl)cc2C(=O)c2ccccc2)nc1C,Zn2+,Cc1nnc(-c2nc[nH]c2C(=O)Nc2ccc(Cl)cc2C(=O)c2ccccc2)nc1C.[Zn+2],2.0072808
TRZ05526,Cc1nnc(-c2c(Nc3ccc(C(F)(F)F)cc3)nn3ccccc23)nc1C,Zn2+,Cc1nnc(-c2c(Nc3ccc(C(F)(F)F)cc3)nn3ccccc23)nc1C.[Zn+2],2.0064206
TRZ00135,Cc1nnc(-c2[nH]c3ccc(Cl)cc3c2S(=O)(=O)c2ccc(Cl)cc2)nc1C,Zn2+,Cc1nnc(-c2[nH]c3ccc(Cl)cc3c2S(=O)(=O)c2ccc(Cl)cc2)nc1C.[Zn+2],2.0028005
TRZ01154,CCCn1cc(-c2cc(-c3nnc(C)c(C)n3)[nH]n2)c2ccccc21,Zn2+,CCCn1cc(-c2cc(-c3nnc(C)c(C)n3)[nH]n2)c2ccccc21.[Zn+2],2.0016456
TRZ00799,CC(=O)N1CCN(c2ccc(CCc3ccc(Cc4nnc(C)c(C)n4)s3)nc2)CC1,Zn2+,CC(=O)N1CCN(c2ccc(CCc3ccc(Cc4nnc(C)c(C)n4)s3)nc2)CC1.[Zn+2],2.0006328
TRZ05905,Cc1nnc(C(N)(Cl)c2ccc(F)cc2)nc1C,Zn2+,Cc1nnc(C(N)(Cl)c2ccc(F)cc2)nc1C.[Zn+2],1.99686
TRZ01495,Cc1nnc(-c2ccccc2N=NN(C)C2CCCCC2)nc1C,Zn2+,Cc1nnc(-c2ccccc2N=NN(C)C2CCCCC2)nc1C.[Zn+2],1.9953332
TRZ02057,Cc1nnc(C2CCC(=O)N2S(=O)(=O)c2ccccc2)nc1C,Zn2+,Cc1nnc(C2CCC(=O)N2S(=O)(=O)c2ccccc2)nc1C.[Zn+2],1.9885406
TRZ03672,Cc1nnc(C(C(N)=O)c2ccc(-c3ccc(F)c(Cl)c3)cc2)nc1C,Zn2+,Cc1nnc(C(C(N)=O)c2ccc(-c3ccc(F)c(Cl)c3)cc2)nc1C.[Zn+2],1.9875593
TRZ03554,Cc1nnc([C@@](C)(Cc2ccc(F)cc2)N(C(=O)O)C(C)(C)C)nc1C,Zn2+,Cc1nnc([C@@](C)(Cc2ccc(F)cc2)N(C(=O)O)C(C)(C)C)nc1C.[Zn+2],1.9857821
TRZ02726,Cc1nnc(-c2cn(C3CCNCC3)nn2)nc1C,Zn2+,Cc1nnc(-c2cn(C3CCNCC3)nn2)nc1C.[Zn+2],1.9847927
TRZ01162,CC1=C(c2nnc(C)c(C)n2)C(c2ccc(F)cc2Cl)N=C(c2nccs2)N1,Zn2+,CC1=C(c2nnc(C)c(C)n2)C(c2ccc(F)cc2Cl)N=C(c2nccs2)N1.[Zn+2],1.9844427
TRZ02062,Cc1nnc(CSc2nc3ccccc3c(=O)n2N)nc1C,Zn2+,Cc1nnc(CSc2nc3ccccc3c(=O)n2N)nc1C.[Zn+2],1.9834714
TRZ02131,Cc1nnc(-c2cc(-c3ccc4c(c3)OCO4)n[nH]2)nc1C,Zn2+,Cc1nnc(-c2cc(-c3ccc4c(c3)OCO4)n[nH]2)nc1C.[Zn+2],1.9809442
TRZ02162,Cc1nnc(-c2cnn(-c3cccc(Cl)c3)c2C)nc1C,Zn2+,Cc1nnc(-c2cnn(-c3cccc(Cl)c3)c2C)nc1C.[Zn+2],1.9777479
TRZ05485,Cc1nnc(-c2cnn3ccc(N4CCCC4c4cc(F)ccc4F)nc23)nc1C,Zn2+,Cc1nnc(-c2cnn3ccc(N4CCCC4c4cc(F)ccc4F)nc23)nc1C.[Zn+2],1.9763618
TRZ00258,Cc1nnc(-c2sc3nc(N4CCOCC4)c4c(c3c2N)CCCC4)nc1C,Zn2+,Cc1nnc(-c2sc3nc(N4CCOCC4)c4c(c3c2N)CCCC4)nc1C.[Zn+2],1.9755177
TRZ05258,Cc1nnc(-c2ccc(Nc3ncc(-c4ccc(C(F)(F)F)cc4)o3)cn2)nc1C,Zn2+,Cc1nnc(-c2ccc(Nc3ncc(-c4ccc(C(F)(F)F)cc4)o3)cn2)nc1C.[Zn+2],1.9736061
TRZ00282,Cc1nnc(-c2cc(C(C)(C)C)nn2Cc2ccc(F)cc2)nc1C,Zn2+,Cc1nnc(-c2cc(C(C)(C)C)nn2Cc2ccc(F)cc2)nc1C.[Zn+2],1.9709806
TRZ02167,Cc1nnc(Cn2c(C)csc2=O)nc1C,Zn2+,Cc1nnc(Cn2c(C)csc2=O)nc1C.[Zn+2],1.970715
TRZ00968,Cc1nnc([C@H](Cc2cnc[nH]2)NC(=O)[C@@H](N)Cc2ccccc2)nc1C,Zn2+,Cc1nnc([C@H](Cc2cnc[nH]2)NC(=O)[C@@H](N)Cc2ccccc2)nc1C.[Zn+2],1.9699054
TRZ02297,Cc1nnc(-c2nsnc2-c2ccccc2O)nc1C,Zn2+,Cc1nnc(-c2nsnc2-c2ccccc2O)nc1C.[Zn+2],1.9681005
TRZ03575,Cc1nnc(C(C)C(O)(Cn2cncn2)c2ccccc2F)nc1C,Zn2+,Cc1nnc(C(C)C(O)(Cn2cncn2)c2ccccc2F)nc1C.[Zn+2],1.9645042
TRZ03244,Cc1cc(Cl)ccc1Nc1c(-c2nnc(C)c(C)n2)cc2[nH]cnc2c1F,Zn2+,Cc1cc(Cl)ccc1Nc1c(-c2nnc(C)c(C)n2)cc2[nH]cnc2c1F.[Zn+2],1.959938
TRZ00103,COc1ccc(-n2[nH]c(-c3nnc(C)c(C)n3)c3ccc4nncc4c32)cc1,Zn2+,COc1ccc(-n2[nH]c(-c3nnc(C)c(C)n3)c3ccc4nncc4c32)cc1.[Zn+2],1.9574575
TRZ05111,Cc1nnc(-c2cn(C)c(=O)cc2-c2cccc(F)c2)nc1C,Zn2+,Cc1nnc(-c2cn(C)c(=O)cc2-c2cccc(F)c2)nc1C.[Zn+2],1.9563332
TRZ00535,Cc1nnc(COc2ccc(-c3cc4ccccc4[nH]3)cc2)nc1C,Zn2+,Cc1nnc(COc2ccc(-c3cc4ccccc4[nH]3)cc2)nc1C.[Zn+2],1.952692
TRZ00607,Cc1ccc(Cn2cc(-c3nnc(C)c(C)n3)c(=O)c3ccc(F)cc32)cc1,Zn2+,Cc1ccc(Cn2cc(-c3nnc(C)c(C)n3)c(=O)c3ccc(F)cc32)cc1.[Zn+2],1.9522314
TRZ00511,Cc1nnc(Cn2c(COc3ccc(Cl)cc3)nc3ccccc32)nc1C,Zn2+,Cc1nnc(Cn2c(COc3ccc(Cl)cc3)nc3ccccc32)nc1C.[Zn+2],1.9520879
TRZ02569,Cc1ccc(-n2c(N3CCOCC3)nc3oc(C)c(-c4nnc(C)c(C)n4)c3c2=O)cc1,Zn2+,Cc1ccc(-n2c(N3CCOCC3)nc3oc(C)c(-c4nnc(C)c(C)n4)c3c2=O)cc1.[Zn+2],1.9494328
TRZ02765,Cc1nnc(Cn2c(=O)cc(C)n(C3CSC3)c2=O)nc1C,Zn2+,Cc1nnc(Cn2c(=O)cc(C)n(C3CSC3)c2=O)nc1C.[Zn+2],1.948556
TRZ05450,Cc1nnc(-c2cnc3c(c2)C(N2C[C@@H](F)C[C@@H]2c2cc(F)ccc2F)=NC3)nc1C,Zn2+,Cc1nnc(-c2cnc3c(c2)C(N2C[C@@H](F)C[C@@H]2c2cc(F)ccc2F)=NC3)nc1C.[Zn+2],1.9459443
TRZ05445,Cc1nnc(Cn2cc(-c3ccc(Cl)cc3)n(C[C@H](O)C(F)(F)F)c2=O)nc1C,Zn2+,Cc1nnc(Cn2cc(-c3ccc(Cl)cc3)n(C[C@H](O)C(F)(F)F)c2=O)nc1C.[Zn+2],1.9428687
TRZ03099,Cc1nnc(-c2ccc(F)cc2O)nc1C,Zn2+,Cc1nnc(-c2ccc(F)cc2O)nc1C.[Zn+2],1.9406066
TRZ01934,Cc1nnc(Cn2c3ccccc3c(=O)c3ccccc32)nc1C,Zn2+,Cc1nnc(Cn2c3ccccc3c(=O)c3ccccc32)nc1C.[Zn+2],1.9385467
TRZ02154,Cc1ccccc1-n1c(SCc2nnc(C)c(C)n2)nc2ccccc2c1=O,Zn2+,Cc1ccccc1-n1c(SCc2nnc(C)c(C)n2)nc2ccccc2c1=O.[Zn+2],1.9379234
TRZ05244,Cc1nnc(C2C=CC=CC2(Nc2ccc(C(F)(F)F)cc2)C(=O)CCC#N)nc1C,Zn2+,Cc1nnc(C2C=CC=CC2(Nc2ccc(C(F)(F)F)cc2)C(=O)CCC#N)nc1C.[Zn+2],1.9358735
TRZ01813,Cc1nnc(C2C(=O)N(C)c3ccccc3N2C)nc1C,Zn2+,Cc1nnc(C2C(=O)N(C)c3ccccc3N2C)nc1C.[Zn+2],1.93576
TRZ00320,Cc1nnc(/C(=C\c2cccs2)NC(=O)c2ccccc2)nc1C,Zn2+,Cc1nnc(/C(=C\c2cccs2)NC(=O)c2ccccc2)nc1C.[Zn+2],1.9345717
TRZ00989,COc1ccc(OC)c(NC(=O)Cc2nnc(C)c(C)n2)c1,Zn2+,COc1ccc(OC)c(NC(=O)Cc2nnc(C)c(C)n2)c1.[Zn+2],1.9332204
TRZ01289,Cc1nnc(CNC(C)Cc2cccc(C(F)(F)F)c2)nc1C,Zn2+,Cc1nnc(CNC(C)Cc2cccc(C(F)(F)F)c2)nc1C.[Zn+2],1.9281297
TRZ02854,Cc1nnc(CNn2c(C)nc3ccccc3c2=O)nc1C,Zn2+,Cc1nnc(CNn2c(C)nc3ccccc3c2=O)nc1C.[Zn+2],1.9268193
TRZ05673,Cc1nnc(Cc2nc(C3CCOCC3)ccc2F)nc1C,Zn2+,Cc1nnc(Cc2nc(C3CCOCC3)ccc2F)nc1C.[Zn+2],1.9261155
TRZ01783,Cc1nnc(-c2nc(NCc3ccc(O)cc3)cc(-c3ccccc3)n2)nc1C,Zn2+,Cc1nnc(-c2nc(NCc3ccc(O)cc3)cc(-c3ccccc3)n2)nc1C.[Zn+2],1.9248962
TRZ04883,Cc1nnc(-c2cc(-c3ccon3)n(Cc3ccccc3F)n2)nc1C,Zn2+,Cc1nnc(-c2cc(-c3ccon3)n(Cc3ccccc3F)n2)nc1C.[Zn+2],1.9226689
TRZ03088,COC=C(c1nnc(C)c(C)n1)c1ccccc1C(=NOC(C)=O)c1cccc(C(F)(F)F)c1,Zn2+,COC=C(c1nnc(C)c(C)n1)c1ccccc1C(=NOC(C)=O)c1cccc(C(F)(F)F)c1.[Zn+2],1.9187937
TRZ02225,Cc1cc(C(F)(F)F)n(-c2ccc(-c3nnc(C)c(C)n3)cn2)n1,Zn2+,Cc1cc(C(F)(F)F)n(-c2ccc(-c3nnc(C)c(C)n3)cn2)n1.[Zn+2],1.9171715
TRZ03604,Cc1ccc(Nc2c(-c3nnc(C)c(C)n3)cc3[nH]cnc3c2F)c(C)c1,Zn2+,Cc1ccc(Nc2c(-c3nnc(C)c(C)n3)cc3[nH]cnc3c2F)c(C)c1.[Zn+2],1.9161644
TRZ02510,COc1cccc2c(=O)c(-c3nnc(C)c(C)n3)c[nH]c12,Zn2+,COc1cccc2c(=O)c(-c3nnc(C)c(C)n3)c[nH]c12.[Zn+2],1.9133716
TRZ01625,COc1ccc(/C=C/C(C)=N/OCc2nnc(C)c(C)n2)cc1,Zn2+,COc1ccc(/C=C/C(C)=N/OCc2nnc(C)c(C)n2)cc1.[Zn+2],1.9130354
TRZ04138,Cc1nnc(-c2cnc3c(c2)c2ccccc2n3CCCF)nc1C,Zn2+,Cc1nnc(-c2cnc3c(c2)c2ccccc2n3CCCF)nc1C.[Zn+2],1.9100528
TRZ01603,Cc1nnc(-c2nnn(Nc3ccc(Cl)cc3)c2C)nc1C,Zn2+,Cc1nnc(-c2nnn(Nc3ccc(Cl)cc3)c2C)nc1C.[Zn+2],1.9090881
TRZ02160,Cc1ccccc1-n1ncc(-c2nnc(C)c(C)n2)c1C,Zn2+,Cc1ccccc1-n1ncc(-c2nnc(C)c(C)n2)c1C.[Zn+2],1.9081717
TRZ00493,Cc1nnc(/C(=C\c2ccc(Br)cc2)NC(=O)c2cccs2)nc1C,Zn2+,Cc1nnc(/C(=C\c2ccc(Br)cc2)NC(=O)c2cccs2)nc1C.[Zn+2],1.9047437
TRZ02566,CCCN(CCC)c1nc2oc(C)c(-c3nnc(C)c(C)n3)c2c(=O)n1-c1ccccc1,Zn2+,CCCN(CCC)c1nc2oc(C)c(-c3nnc(C)c(C)n3)c2c(=O)n1-c1ccccc1.[Zn+2],1.9044857
TRZ02977,Cc1nnc(-c2ccccc2N(C(N)=O)c2cccc(C(F)(F)F)c2)nc1C,Zn2+,Cc1nnc(-c2ccccc2N(C(N)=O)c2cccc(C(F)(F)F)c2)nc1C.[Zn+2],1.9043794
TRZ04713,Cc1nnc(-c2cccnc2Oc2cccc(C(F)(F)F)c2)nc1C,Zn2+,Cc1nnc(-c2cccnc2Oc2cccc(C(F)(F)F)c2)nc1C.[Zn+2],1.9042225
TRZ01460,Cc1nnc(-c2cnn(C)c2)nc1C,Zn2+,Cc1nnc(-c2cnn(C)c2)nc1C.[Zn+2],1.9019656
TRZ02117,Cc1nnc(-c2nc(N3CCC(C)(N)CC3)nc(N)c2-c2cccc(Cl)c2Cl)nc1C,Zn2+,Cc1nnc(-c2nc(N3CCC(C)(N)CC3)nc(N)c2-c2cccc(Cl)c2Cl)nc1C.[Zn+2],1.8972864
TRZ02236,Cc1nnc(Cn2c(C(F)(F)F)nc3nc(-c4cccs4)cc(C(F)(F)F)c3c2=O)nc1C,Zn2+,Cc1nnc(Cn2c(C(F)(F)F)nc3nc(-c4cccs4)cc(C(F)(F)F)c3c2=O)nc1C.[Zn+2],1.8971543
TRZ00321,CC1=Nc2ccc(Br)cc2C(c2ccccc2)N1Cc1nnc(C)c(C)n1,Zn2+,CC1=Nc2ccc(Br)cc2C(c2ccccc2)N1Cc1nnc(C)c(C)n1.[Zn+2],1.8950267
TRZ01122,CSCCC(NC(=O)c1ccc(C(F)(F)F)cc1)c1nnc(C)c(C)n1,Zn2+,CSCCC(NC(=O)c1ccc(C(F)(F)F)cc1)c1nnc(C)c(C)n1.[Zn+2],1.8913112
TRZ01190,Cc1nnc(CN2CC(c3ccccc3)CC2=O)nc1C,Zn2+,Cc1nnc(CN2CC(c3ccccc3)CC2=O)nc1C.[Zn+2],1.8902283
TRZ05739,COc1nc(OC(F)F)ccc1-c1cncc(-c2nnc(C)c(C)n2)n1,Zn2+,COc1nc(OC(F)F)ccc1-c1cncc(-c2nnc(C)c(C)n2)n1.[Zn+2],1.8891644
TRZ01658,Cc1nnc(Cn2nc(N)c3c(C(F)(F)F)cc(-c4ccccc4)nc32)nc1C,Zn2+,Cc1nnc(Cn2nc(N)c3c(C(F)(F)F)cc(-c4ccccc4)nc32)nc1C.[Zn+2],1.8887353
TRZ04629,Cc1nnc(-c2cc(-c3c[nH]c4ccccc34)nn2Cc2cccc(F)c2)nc1C,Zn2+,Cc1nnc(-c2cc(-c3c[nH]c4ccccc34)nn2Cc2cccc(F)c2)nc1C.[Zn+2],1.8854156
TRZ00682,Cc1nnc(-c2[nH]c3ccc([N+](=O)[O-])cc3c2-c2ccccc2)nc1C,Zn2+,Cc1nnc(-c2[nH]c3ccc([N+](=O)[O-])cc3c2-c2ccccc2)nc1C.[Zn+2],1.8806105
TRZ03819,Cc1nnc(-c2nc3c(=O)[nH]c4cc(C(F)(F)F)ccc4n3c2Cn2ccnc2)nc1C,Zn2+,Cc1nnc(-c2nc3c(=O)[nH]c4cc(C(F)(F)F)ccc4n3c2Cn2ccnc2)nc1C.[Zn+2],1.880012
TRZ02444,Cc1nnc(CNC(c2cc(Br)ccc2N)c2ccccc2Cl)nc1C,Zn2+,Cc1nnc(CNC(c2cc(Br)ccc2N)c2ccccc2Cl)nc1C.[Zn+2],1.8772101
TRZ03705,Cc1nnc(C(=O)Nc2ccc(N3CCOCC3)c(F)c2)nc1C,Zn2+,Cc1nnc(C(=O)Nc2ccc(N3CCOCC3)c(F)c2)nc1C.[Zn+2],1.8769937
TRZ02213,Cc1nnc(Cn2c(Cc3ccc(F)cc3)nc3ccccc32)nc1C,Zn2+,Cc1nnc(Cn2c(Cc3ccc(F)cc3)nc3ccccc32)nc1C.[Zn+2],1.8767042
TRZ05169,Cc1nnc(C(N)c2ccc(F)c(Br)c2)nc1C,Zn2+,Cc1nnc(C(N)c2ccc(F)c(Br)c2)nc1C.[Zn+2],1.875597
TRZ02069,Cc1nnc(C2(NC(=O)c3ccccc3)CC2c2cccc(O)c2)nc1C,Zn2+,Cc1nnc(C2(NC(=O)c3ccccc3)CC2c2cccc(O)c2)nc1C.[Zn+2],1.8721523
TRZ05541,Cc1nnc(-c2nccnc2Nc2ccc(OC(F)(F)Cl)cc2)nc1C,Zn2+,Cc1nnc(-c2nccnc2Nc2ccc(OC(F)(F)Cl)cc2)nc1C.[Zn+2],1.8676949
TRZ04089,Cc1nnc([C@@H](CCC(F)(F)F)N[C@H](C)c2ccccc2)nc1C,Zn2+,Cc1nnc([C@@H](CCC(F)(F)F)N[C@H](C)c2ccccc2)nc1C.[Zn+2],1.8662562
TRZ02166,Cc1nnc([C@@H](C)Oc2ccc(O)cc2)nc1C,Zn2+,Cc1nnc([C@@H](C)Oc2ccc(O)cc2)nc1C.[Zn+2],1.863924
TRZ00648,Cc1nnc(-c2cc3cc(Oc4ccccc4)ccc3n2C)nc1C,Zn2+,Cc1nnc(-c2cc3cc(Oc4ccccc4)ccc3n2C)nc1C.[Zn+2],1.8613291
TRZ05505,Cc1nnc(-c2cncc(-c3ccc(OC(F)(F)F)cc3)c2)nc1C,Zn2+,Cc1nnc(-c2cncc(-c3ccc(OC(F)(F)F)cc3)c2)nc1C.[Zn+2],1.8610964
TRZ05375,Cc1nnc(-c2cnn(CC(F)(F)F)c2)nc1C,Zn2+,Cc1nnc(-c2cnn(CC(F)(F)F)c2)nc1C.[Zn+2],1.861063
TRZ02026,Cc1nnc(Cn2ccnc2)nc1C,Zn2+,Cc1nnc(Cn2ccnc2)nc1C.[Zn+2],1.8605223
TRZ03928,Cc1nnc(-c2ccc(N3CCC(Oc4ccccc4C(F)(F)F)C3)nn2)nc1C,Zn2+,Cc1nnc(-c2ccc(N3CCC(Oc4ccccc4C(F)(F)F)C3)nn2)nc1C.[Zn+2],1.8597498
TRZ00649,Cc1nnc(-c2[nH]c(-c3ccccc3)cc2-c2ccccc2)nc1C,Zn2+,Cc1nnc(-c2[nH]c(-c3ccccc3)cc2-c2ccccc2)nc1C.[Zn+2],1.8583899
TRZ00652,CSc1ccc(/C=C(\NC(=O)c2ccc(C)cc2)c2nnc(C)c(C)n2)cc1,Zn2+,CSc1ccc(/C=C(\NC(=O)c2ccc(C)cc2)c2nnc(C)c(C)n2)cc1.[Zn+2],1.8540912
TRZ03734,Cc1nnc(-c2nn(Cc3ccc(F)cc3Cl)c3cc(S(C)(=O)=O)ccc23)nc1C,Zn2+,Cc1nnc(-c2nn(Cc3ccc(F)cc3Cl)c3cc(S(C)(=O)=O)ccc23)nc1C.[Zn+2],1.8534374
TRZ01069,Cc1nc2c(cc1-c1nnc(C)c(C)n1)c(=O)n(C)c(=O)n2C,Zn2+,Cc1nc2c(cc1-c1nnc(C)c(C)n1)c(=O)n(C)c(=O)n2C.[Zn+2],1.8527808
TRZ02708,Cc1nnc(-c2cn[nH]n2)nc1C,Zn2+,Cc1nnc(-c2cn[nH]n2)nc1C.[Zn+2],1.8522992
TRZ05092,Cc1nnc(-c2cnn3ccc(N4CCC[C@@H]4c4cc(F)ccc4F)nc23)nc1C,Zn2+,Cc1nnc(-c2cnn3ccc(N4CCC[C@@H]4c4cc(F)ccc4F)nc23)nc1C.[Zn+2],1.8517742
TRZ02966,Cc1nnc(-c2cccnc2Nc2cccc(C(F)(F)F)c2)nc1C,Zn2+,Cc1nnc(-c2cccnc2Nc2cccc(C(F)(F)F)c2)nc1C.[Zn+2],1.8489113
TRZ05030,Cc1nnc(-c2cc(C(F)(F)F)ccc2N)nc1C,Zn2+,Cc1nnc(-c2cc(C(F)(F)F)ccc2N)nc1C.[Zn+2],1.848393
TRZ05797,Cc1nnc(C(N)(F)c2ccccc2)nc1C,Zn2+,Cc1nnc(C(N)(F)c2ccccc2)nc1C.[Zn+2],1.8483014
TRZ00729,Cc1nnc(-c2cnc3ccccc3n2)nc1C,Zn2+,Cc1nnc(-c2cnc3ccccc3n2)nc1C.[Zn+2],1.8473287
TRZ01496,Cc1cc(N)c(-c2nnc(C)c(C)n2)cc1C,Zn2+,Cc1cc(N)c(-c2nnc(C)c(C)n2)cc1C.[Zn+2],1.8470821
TRZ00046,Cc1nnc(-c2cn3ccc4ccccc4c3n2)nc1C,Zn2+,Cc1nnc(-c2cn3ccc4ccccc4c3n2)nc1C.[Zn+2],1.8463616
TRZ01457,Cc1ccc(-n2ncc(-c3nnc(C)c(C)n3)c2C)cc1,Zn2+,Cc1ccc(-n2ncc(-c3nnc(C)c(C)n3)c2C)cc1.[Zn+2],1.8433042
TRZ01744,Cc1nnc(COc2ccncc2-c2ccc3ccccc3c2)nc1C,Zn2+,Cc1nnc(COc2ccncc2-c2ccc3ccccc3c2)nc1C.[Zn+2],1.8424344
TRZ00638,Cc1nnc(COc2ccc3oc4c(c3c2)CCCC4)nc1C,Zn2+,Cc1nnc(COc2ccc3oc4c(c3c2)CCCC4)nc1C.[Zn+2],1.8418117
TRZ01931,Cc1nnc(-c2cc(C(C)(C)C)nn2Cc2ccccc2)nc1C,Zn2+,Cc1nnc(-c2cc(C(C)(C)C)nn2Cc2ccccc2)nc1C.[Zn+2],1.8411307
TRZ04855,Cc1nnc(CN2CCc3sc(-c4ccc(F)cc4)cc3C2)nc1C,Zn2+,Cc1nnc(CN2CCc3sc(-c4ccc(F)cc4)cc3C2)nc1C.[Zn+2],1.8397293
TRZ05146,Cc1nnc(-c2cc(=O)c3cc(F)ccc3n2C2CCCCC2)nc1C,Zn2+,Cc1nnc(-c2cc(=O)c3cc(F)ccc3n2C2CCCCC2)nc1C.[Zn+2],1.8396549
TRZ01628,COc1ccc(/C=C/C(C)=N/OC(C)c2nnc(C)c(C)n2)cc1,Zn2+,COc1ccc(/C=C/C(C)=N/OC(C)c2nnc(C)c(C)n2)cc1.[Zn+2],1.8387666
TRZ00922,Cc1nnc(CNC(=O)c2ccccc2[N+](=O)[O-])nc1C,Zn2+,Cc1nnc(CNC(=O)c2ccccc2[N+](=O)[O-])nc1C.[Zn+2],1.8370805
TRZ00580,Cc1nnc(-c2nc(-c3ccc4[nH]ccc4c3)cc(N3Cc4ccccc4C3)n2)nc1C,Zn2+,Cc1nnc(-c2nc(-c3ccc4[nH]ccc4c3)cc(N3Cc4ccccc4C3)n2)nc1C.[Zn+2],1.8356366
TRZ01737,CCOc1ccc2cc(-c3nnc(C)c(C)n3)c(=O)oc2c1,Zn2+,CCOc1ccc2cc(-c3nnc(C)c(C)n3)c(=O)oc2c1.[Zn+2],1.8301425
TRZ05110,Cc1nnc(-c2cc(-c3ccc(F)c(F)c3)c(=O)n(C)c2)nc1C,Zn2+,Cc1nnc(-c2cc(-c3ccc(F)c(F)c3)c(=O)n(C)c2)nc1C.[Zn+2],1.829926
TRZ03571,Cc1nnc([C@H]2C[C@]3(NC(=O)NC3=O)c3cc(F)ccc3O2)nc1C,Zn2+,Cc1nnc([C@H]2C[C@]3(NC(=O)NC3=O)c3cc(F)ccc3O2)nc1C.[Zn+2],1.8276892
TRZ04971,Cc1nnc(C(=N)c2ccc(F)cc2NCc2ccc(Cl)cc2Cl)nc1C,Zn2+,Cc1nnc(C(=N)c2ccc(F)cc2NCc2ccc(Cl)cc2Cl)nc1C.[Zn+2],1.8267493
TRZ02461,Cc1nnc(CNC(C)c2ccccc2)nc1C,Zn2+,Cc1nnc(CNC(C)c2ccccc2)nc1C.[Zn+2],1.822609
TRZ04454,Cc1nnc(-c2cc(-c3ccc(OC(F)(F)F)cc3)cc(NC(=O)C3CC3)n2)nc1C,Zn2+,Cc1nnc(-c2cc(-c3ccc(OC(F)(F)F)cc3)cc(NC(=O)C3CC3)n2)nc1C.[Zn+2],1.8210564
TRZ03280,Cc1nnc(Cn2c(=O)c3cc(F)c(NC4CCCCC4)cc3n(C3CCCC3)c2=O)nc1C,Zn2+,Cc1nnc(Cn2c(=O)c3cc(F)c(NC4CCCCC4)cc3n(C3CCCC3)c2=O)nc1C.[Zn+2],1.8210535
TRZ02659,Cc1nnc([C@@H]2C=C3c4cccc5[nH]cc(c45)C[C@H]3N(C)C2)nc1C,Zn2+,Cc1nnc([C@@H]2C=C3c4cccc5[nH]cc(c45)C[C@H]3N(C)C2)nc1C.[Zn+2],1.8189058
TRZ00949,Cc1nnc(/C(=C/c2cccs2)NC(=O)c2ccccc2Cl)nc1C,Zn2+,Cc1nnc(/C(=C/c2cccs2)NC(=O)c2ccccc2Cl)nc1C.[Zn+2],1.8178601
TRZ05012,Cc1nnc(C(=N)c2cc(C(F)(F)F)ccc2NCc2ccc(F)cc2F)nc1C,Zn2+,Cc1nnc(C(=N)c2cc(C(F)(F)F)ccc2NCc2ccc(F)cc2F)nc1C.[Zn+2],1.8174286
TRZ02173,Cc1ccc(-n2c(SCc3nnc(C)c(C)n3)nnc2-c2ccncc2)cc1,Zn2+,Cc1ccc(-n2c(SCc3nnc(C)c(C)n3)nnc2-c2ccncc2)cc1.[Zn+2],1.8132377
TRZ04136,Cc1nnc(C(N)c2ccccc2F)nc1C,Zn2+,Cc1nnc(C(N)c2ccccc2F)nc1C.[Zn+2],1.8090835
TRZ00187,Cc1nnc(-c2ccc[nH]2)nc1C,Zn2+,Cc1nnc(-c2ccc[nH]2)nc1C.[Zn+2],1.8074241
TRZ00218,Cc1nnc(-c2cc(-c3ccccc3)n[nH]2)nc1C,Zn2+,Cc1nnc(-c2cc(-c3ccccc3)n[nH]2)nc1C.[Zn+2],1.8071575
TRZ02377,Cc1nnc(CSc2ccnc3cc(Cl)ccc23)nc1C,Zn2+,Cc1nnc(CSc2ccnc3cc(Cl)ccc23)nc1C.[Zn+2],1.8071351
TRZ01002,Cc1ccc(Nc2nc(N)nc(-c3nnc(C)c(C)n3)n2)cc1,Zn2+,Cc1ccc(Nc2nc(N)nc(-c3nnc(C)c(C)n3)n2)cc1.[Zn+2],1.8038507
TRZ05765,Cc1nnc(-c2cnc(NCCc3ccc(C(F)(F)F)cc3)nc2)nc1C,Zn2+,Cc1nnc(-c2cnc(NCCc3ccc(C(F)(F)F)cc3)nc2)nc1C.[Zn+2],1.802957
TRZ04282,Cc1nnc(-c2ccc(C(F)(F)F)cc2N2CCOCC2)nc1C,Zn2+,Cc1nnc(-c2ccc(C(F)(F)F)cc2N2CCOCC2)nc1C.[Zn+2],1.8028746
TRZ02187,Cc1nnc(-c2ncsc2Br)nc1C,Zn2+,Cc1nnc(-c2ncsc2Br)nc1C.[Zn+2],1.8012495
TRZ02375,Cc1ccc(-c2nnn(Cc3nnc(C)c(C)n3)n2)cc1Cl,Zn2+,Cc1ccc(-c2nnn(Cc3nnc(C)c(C)n3)n2)cc1Cl.[Zn+2],1.8008852
TRZ04240,Cc1nnc(C(=O)Nc2ccc(N3CCCC(F)(F)CCC3)nc2)nc1C,Zn2+,Cc1nnc(C(=O)Nc2ccc(N3CCCC(F)(F)CCC3)nc2)nc1C.[Zn+2],1.8001409
TRZ05536,Cc1nnc(-c2ccnc(N3CCC4(CN(c5ccnc(C(F)(F)F)c5)C4)C3)n2)nc1C,Zn2+,Cc1nnc(-c2ccnc(N3CCC4(CN(c5ccnc(C(F)(F)F)c5)C4)C3)n2)nc1C.[Zn+2],1.7971869
TRZ02300,Cc1nnc(-c2cc(-c3ccc(Br)cc3)n[nH]2)nc1C,Zn2+,Cc1nnc(-c2cc(-c3ccc(Br)cc3)n[nH]2)nc1C.[Zn+2],1.7957535
TRZ01660,CCn1cc(-c2nnc(C)c(C)n2)c(=O)c2ccc(Cl)cc21,Zn2+,CCn1cc(-c2nnc(C)c(C)n2)c(=O)c2ccc(Cl)cc21.[Zn+2],1.7948751
TRZ00152,Cc1nnc(-c2cc3ccccc3oc2=O)nc1C,Zn2+,Cc1nnc(-c2cc3ccccc3oc2=O)nc1C.[Zn+2],1.7917118
TRZ02753,Cc1nnc(C(C)c2ccn[nH]2)nc1C,Zn2+,Cc1nnc(C(C)c2ccn[nH]2)nc1C.[Zn+2],1.7907219
TRZ05460,Cc1nnc(CN2CCOc3c(Cl)cc(-n4ccc5cc(F)ccc54)cc3C2)nc1C,Zn2+,Cc1nnc(CN2CCOc3c(Cl)cc(-n4ccc5cc(F)ccc54)cc3C2)nc1C.[Zn+2],1.7891479
TRZ04165,Cc1nnc(C(=O)Nc2ccc(N3CCC4(CC3)CC(F)(F)C4)nc2)nc1C,Zn2+,Cc1nnc(C(=O)Nc2ccc(N3CCC4(CC3)CC(F)(F)C4)nc2)nc1C.[Zn+2],1.7876883
TRZ05768,Cc1nnc(-c2cnc(NCCc3ccc(F)cc3)nc2)nc1C,Zn2+,Cc1nnc(-c2cnc(NCCc3ccc(F)cc3)nc2)nc1C.[Zn+2],1.7866445
TRZ00278,Cc1nnc(-c2ccc(Oc3cc(Cl)cc(Cl)c3)o2)nc1C,Zn2+,Cc1nnc(-c2ccc(Oc3cc(Cl)cc(Cl)c3)o2)nc1C.[Zn+2],1.7863541
TRZ04437,Cc1nnc(CC(=O)Nc2cccc(F)c2)nc1C,Zn2+,Cc1nnc(CC(=O)Nc2cccc(F)c2)nc1C.[Zn+2],1.7858634
TRZ00864,Cc1ccc(-c2cc(-c3nnc(C)c(C)n3)[nH]n2)cc1,Zn2+,Cc1ccc(-c2cc(-c3nnc(C)c(C)n3)[nH]n2)cc1.[Zn+2],1.7837763
TRZ01057,Cc1nnc(-c2nc(-c3ccccc3)cc(N3CCc4cnccc4C3)n2)nc1C,Zn2+,Cc1nnc(-c2nc(-c3ccccc3)cc(N3CCc4cnccc4C3)n2)nc1C.[Zn+2],1.774857
TRZ02227,Cc1nnc(-c2[nH]c3cc(F)ccc3c2C)nc1C,Zn2+,Cc1nnc(-c2[nH]c3cc(F)ccc3c2C)nc1C.[Zn+2],1.774446
TRZ03570,Cc1nnc([C@H]2C[C@@]3(NC(=O)NC3=O)c3cc(F)ccc3O2)nc1C,Zn2+,Cc1nnc([C@H]2C[C@@]3(NC(=O)NC3=O)c3cc(F)ccc3O2)nc1C.[Zn+2],1.772747
TRZ01157,CCn1cc(-c2nnc(C)c(C)n2)c(=O)c2ccccc21,Zn2+,CCn1cc(-c2nnc(C)c(C)n2)c(=O)c2ccccc21.[Zn+2],1.7686853
TRZ03820,CCCN(C(=O)OC(C)(C)C)n1cc(-c2nnc(C)c(C)n2)c2cc(F)ccc21,Zn2+,CCCN(C(=O)OC(C)(C)C)n1cc(-c2nnc(C)c(C)n2)c2cc(F)ccc21.[Zn+2],1.7665758
TRZ04661,CCCC(F)N(CC(c1ccccc1)c1nnc(C)c(C)n1)C(=O)O,Zn2+,CCCC(F)N(CC(c1ccccc1)c1nnc(C)c(C)n1)C(=O)O.[Zn+2],1.7654748
TRZ02649,Cc1nnc(COc2ccc3ccc(=O)oc3c2)nc1C,Zn2+,Cc1nnc(COc2ccc3ccc(=O)oc3c2)nc1C.[Zn+2],1.7642136
TRZ01938,Cc1nnc(CNC(=O)c2ccco2)nc1C,Zn2+,Cc1nnc(CNC(=O)c2ccco2)nc1C.[Zn+2],1.7639308
TRZ04099,Cc1nnc(-c2cnc(OC(=O)C(F)(F)F)[nH]2)nc1C,Zn2+,Cc1nnc(-c2cnc(OC(=O)C(F)(F)F)[nH]2)nc1C.[Zn+2],1.762538
TRZ00640,Cc1nnc(CN2C(=O)Nc3ccc(Cl)cc3C2c2ccccc2)nc1C,Zn2+,Cc1nnc(CN2C(=O)Nc3ccc(Cl)cc3C2c2ccccc2)nc1C.[Zn+2],1.7554622
TRZ04442,Cc1nnc(-c2c(F)ccc(O)c2O)nc1C,Zn2+,Cc1nnc(-c2c(F)ccc(O)c2O)nc1C.[Zn+2],1.7546539
TRZ02816,Cc1nnc(Cn2nnc(-c3ccccc3C(F)(F)F)n2)nc1C,Zn2+,Cc1nnc(Cn2nnc(-c3ccccc3C(F)(F)F)n2)nc1C.[Zn+2],1.7528629
TRZ02156,Cc1cc(-c2nnc(C)c(C)n2)n(Cc2cc(Cl)ccc2Cl)n1,Zn2+,Cc1cc(-c2nnc(C)c(C)n2)n(Cc2cc(Cl)ccc2Cl)n1.[Zn+2],1.749093
TRZ01990,Cc1nnc(-c2cc(N)c(=O)[nH]n2)nc1C,Zn2+,Cc1nnc(-c2cc(N)c(=O)[nH]n2)nc1C.[Zn+2],1.7486749
TRZ05783,Cc1cc(F)c2[nH]c(-c3ccc(F)cc3)c(-c3nnc(C)c(C)n3)c2c1,Zn2+,Cc1cc(F)c2[nH]c(-c3ccc(F)cc3)c(-c3nnc(C)c(C)n3)c2c1.[Zn+2],1.7444396
TRZ00722,Cc1nnc(-c2cc(-c3ccc(OC(C)C)c(C#N)c3)n[nH]c2=O)nc1C,Zn2+,Cc1nnc(-c2cc(-c3ccc(OC(C)C)c(C#N)c3)n[nH]c2=O)nc1C.[Zn+2],1.743937
TRZ05553,Cc1nnc(/C(=C/n2cnc(-c3cc(C(F)(F)F)nc(C(F)(F)F)c3)n2)c2cncnc2)nc1C,Zn2+,Cc1nnc(/C(=C/n2cnc(-c3cc(C(F)(F)F)nc(C(F)(F)F)c3)n2)c2cncnc2)nc1C.[Zn+2],1.7429352
TRZ04969,Cc1nnc(C(=N)c2ccc(Cl)cc2NCc2ccc(F)cc2Cl)nc1C,Zn2+,Cc1nnc(C(=N)c2ccc(Cl)cc2NCc2ccc(F)cc2Cl)nc1C.[Zn+2],1.7428074
TRZ00766,CCn1cc(-c2nnc(C)c(C)n2)c(=O)c2ccc(C)nc21,Zn2+,CCn1cc(-c2nnc(C)c(C)n2)c(=O)c2ccc(C)nc21.[Zn+2],1.742506
TRZ03055,Cc1nnc(-c2nc(Cc3c(-c4ccc(Cl)cc4)nc4ccc(F)cn34)no2)nc1C,Zn2+,Cc1nnc(-c2nc(Cc3c(-c4ccc(Cl)cc4)nc4ccc(F)cn34)no2)nc1C.[Zn+2],1.7417889
TRZ04876,Cc1nnc(-c2cc(-c3ccc(C(=O)N4CCC(F)(F)CC4)cn3)cc3cc(CN)oc23)nc1C,Zn2+,Cc1nnc(-c2cc(-c3ccc(C(=O)N4CCC(F)(F)CC4)cn3)cc3cc(CN)oc23)nc1C.[Zn+2],1.7412648
TRZ00769,Cc1nnc(-c2cc(C(C)(C)C)[nH]n2)nc1C,Zn2+,Cc1nnc(-c2cc(C(C)(C)C)[nH]n2)nc1C.[Zn+2],1.739214
TRZ05766,Cc1nnc(-c2cnc(NCc3ccc(C(F)(F)F)cc3)nc2)nc1C,Zn2+,Cc1nnc(-c2cnc(NCc3ccc(C(F)(F)F)cc3)nc2)nc1C.[Zn+2],1.7373171
TRZ05531,Cc1nnc(-c2ncccc2Nc2ccc(C(F)(F)F)cc2)nc1C,Zn2+,Cc1nnc(-c2ncccc2Nc2ccc(C(F)(F)F)cc2)nc1C.[Zn+2],1.7372794
TRZ04477,Cc1nnc(-c2cc(-c3ccc(OC(F)(F)F)cc3)ccc2N)nc1C,Zn2+,Cc1nnc(-c2cc(-c3ccc(OC(F)(F)F)cc3)ccc2N)nc1C.[Zn+2],1.7355833
TRZ05767,Cc1nnc(-c2cnc(NCc3cc(C(F)(F)F)cc(C(F)(F)F)c3)nc2)nc1C,Zn2+,Cc1nnc(-c2cnc(NCc3cc(C(F)(F)F)cc(C(F)(F)F)c3)nc2)nc1C.[Zn+2],1.7348714
TRZ00951,Cc1nnc(CSc2nn(C)c(=O)n(C)c2=O)nc1C,Zn2+,Cc1nnc(CSc2nn(C)c(=O)n(C)c2=O)nc1C.[Zn+2],1.7300997
TRZ01108,Cc1nnc(CNc2cccc(I)c2)nc1C,Zn2+,Cc1nnc(CNc2cccc(I)c2)nc1C.[Zn+2],1.7288251
TRZ00134,Cc1nnc(-c2[nH]c3ccc(Cl)cc3c2S(=O)(=O)c2ccc(F)cc2)nc1C,Zn2+,Cc1nnc(-c2[nH]c3ccc(Cl)cc3c2S(=O)(=O)c2ccc(F)cc2)nc1C.[Zn+2],1.7274504
TRZ05782,Cc1ccnc(-c2[nH]c3c(F)cc(F)cc3c2-c2nnc(C)c(C)n2)c1,Zn2+,Cc1ccnc(-c2[nH]c3c(F)cc(F)cc3c2-c2nnc(C)c(C)n2)c1.[Zn+2],1.7251267
TRZ05299,Cc1nnc(-c2nccnc2Nc2ccc(C(F)(F)F)cc2)nc1C,Zn2+,Cc1nnc(-c2nccnc2Nc2ccc(C(F)(F)F)cc2)nc1C.[Zn+2],1.7217989
TRZ05097,Cc1cc(F)c(C(=O)Nc2cccc(-c3nnc(C)c(C)n3)n2)cc1-n1cnc(C2CC2)c1,Zn2+,Cc1cc(F)c(C(=O)Nc2cccc(-c3nnc(C)c(C)n3)n2)cc1-n1cnc(C2CC2)c1.[Zn+2],1.7204533
TRZ01807,Cc1nnc(-c2nc(-c3ccccc3)cc(N3CCC(O)C3)n2)nc1C,Zn2+,Cc1nnc(-c2nc(-c3ccccc3)cc(N3CCC(O)C3)n2)nc1C.[Zn+2],1.717751
TRZ04714,Cc1nnc(C(C)(C)c2ccc(C(F)(F)F)cn2)nc1C,Zn2+,Cc1nnc(C(C)(C)c2ccc(C(F)(F)F)cn2)nc1C.[Zn+2],1.7173781
TRZ01545,CSc1ncc(-c2nnc(C)c(C)n2)n1C,Zn2+,CSc1ncc(-c2nnc(C)c(C)n2)n1C.[Zn+2],1.7173047
TRZ03709,Cc1nnc(-c2nc(-c3ccccn3)nn2Cc2ccccc2F)nc1C,Zn2+,Cc1nnc(-c2nc(-c3ccccn3)nn2Cc2ccccc2F)nc1C.[Zn+2],1.7171478
TRZ03839,Cc1ccc(Oc2cccc(-c3nnc(C)c(C)n3)n2)cc1C(F)(F)F,Zn2+,Cc1ccc(Oc2cccc(-c3nnc(C)c(C)n3)n2)cc1C(F)(F)F.[Zn+2],1.7165813
TRZ02604,Cc1nnc(-c2c(-n3cccc3)no[n+]2[O-])nc1C,Zn2+,Cc1nnc(-c2c(-n3cccc3)no[n+]2[O-])nc1C.[Zn+2],1.7165232
TRZ02335,Cc1ccc(S(=O)(=O)Nc2ccccc2-c2nnc(C)c(C)n2)cc1,Zn2+,Cc1ccc(S(=O)(=O)Nc2ccccc2-c2nnc(C)c(C)n2)cc1.[Zn+2],1.7158465
TRZ04624,Cc1nnc(-c2c(OC3CCN(C(=O)O)CC3)cccc2C(F)(F)F)nc1C,Zn2+,Cc1nnc(-c2c(OC3CCN(C(=O)O)CC3)cccc2C(F)(F)F)nc1C.[Zn+2],1.7156577
TRZ00154,Cc1nnc(-c2c(C)nc3ccccn23)nc1C,Zn2+,Cc1nnc(-c2c(C)nc3ccccn23)nc1C.[Zn+2],1.7146358
TRZ01797,Cc1nnc(-c2nc(-c3ccc(C(F)(F)F)nc3)cc(N3CCc4ccccc4C3)n2)nc1C,Zn2+,Cc1nnc(-c2nc(-c3ccc(C(F)(F)F)nc3)cc(N3CCc4ccccc4C3)n2)nc1C.[Zn+2],1.714457
TRZ01522,Cc1nnc(Cn2nnc(-c3cc(C(F)(F)F)cc(C(F)(F)F)c3)n2)nc1C,Zn2+,Cc1nnc(Cn2nnc(-c3cc(C(F)(F)F)cc(C(F)(F)F)c3)n2)nc1C.[Zn+2],1.7137508
TRZ02012,Cc1nnc(C(O)c2ccc(Cl)cc2)nc1C,Zn2+,Cc1nnc(C(O)c2ccc(Cl)cc2)nc1C.[Zn+2],1.7113457
TRZ00792,Cc1nnc(-c2cc(F)cnc2N2CCOCC2)nc1C,Zn2+,Cc1nnc(-c2cc(F)cnc2N2CCOCC2)nc1C.[Zn+2],1.7089972
TRZ01325,Cc1nnc(Cn2c(C)nc3ccc(Br)cc3c2=O)nc1C,Zn2+,Cc1nnc(Cn2c(C)nc3ccc(Br)cc3c2=O)nc1C.[Zn+2],1.7074184
TRZ01367,Cc1nnc(C(CC(O)c2ccc(Cl)cc2)CN2CCCCC2)nc1C,Zn2+,Cc1nnc(C(CC(O)c2ccc(Cl)cc2)CN2CCCCC2)nc1C.[Zn+2],1.7060676
TRZ00053,Cc1nnc(-c2cccnc2Oc2ccccc2)nc1C,Zn2+,Cc1nnc(-c2cccnc2Oc2ccccc2)nc1C.[Zn+2],1.705812
TRZ02662,Cc1nnc(-c2[nH]c3ccccc3c2C)nc1C,Zn2+,Cc1nnc(-c2[nH]c3ccccc3c2C)nc1C.[Zn+2],1.7036471
TRZ02138,Cc1nnc(Cc2csc(C(C)(C)C)n2)nc1C,Zn2+,Cc1nnc(Cc2csc(C(C)(C)C)n2)nc1C.[Zn+2],1.7025876
TRZ05236,Cc1nnc(-c2ncc(C(F)F)cc2-c2cnc(C3CC3)nc2)nc1C,Zn2+,Cc1nnc(-c2ncc(C(F)F)cc2-c2cnc(C3CC3)nc2)nc1C.[Zn+2],1.7021813
TRZ02723,Cc1nnc(Cn2nccn2)nc1C,Zn2+,Cc1nnc(Cn2nccn2)nc1C.[Zn+2],1.7020054
TRZ04888,Cc1nnc(-c2ccc(C(C)C(C)n3[nH]c(=O)nc3-c3ccc(F)cc3F)cn2)nc1C,Zn2+,Cc1nnc(-c2ccc(C(C)C(C)n3[nH]c(=O)nc3-c3ccc(F)cc3F)cn2)nc1C.[Zn+2],1.7009888
TRZ02157,Cc1nnc(-c2cc(-c3ccc(F)cc3)n[nH]2)nc1C,Zn2+,Cc1nnc(-c2cc(-c3ccc(F)cc3)n[nH]2)nc1C.[Zn+2],1.7002659
TRZ01031,Cc1nnc(-c2nc(-c3ccccc3)cc(N3CCC(c4ccccc4)C3)n2)nc1C,Zn2+,Cc1nnc(-c2nc(-c3ccccc3)cc(N3CCC(c4ccccc4)C3)n2)nc1C.[Zn+2],1.7002048
TRZ01150,Cc1nnc(-c2cc(-c3ccc(Cl)cc3)nn2Cc2ccccc2)nc1C,Zn2+,Cc1nnc(-c2cc(-c3ccc(Cl)cc3)nn2Cc2ccccc2)nc1C.[Zn+2],1.698904
TRZ00313,COc1ccc(-c2cc(-c3nnc(C)c(C)n3)[nH]n2)cc1,Zn2+,COc1ccc(-c2cc(-c3nnc(C)c(C)n3)[nH]n2)cc1.[Zn+2],1.6983471
TRZ02159,Cc1nnc(-c2cc(-c3ccc(OCc4ccc(Cl)cc4)cc3)n[nH]2)nc1C,Zn2+,Cc1nnc(-c2cc(-c3ccc(OCc4ccc(Cl)cc4)cc3)n[nH]2)nc1C.[Zn+2],1.6964898
TRZ01759,C#CCOCCOc1ccc(-c2cc(-c3ccccc3)nc(-c3nnc(C)c(C)n3)n2)cc1,Zn2+,C#CCOCCOc1ccc(-c2cc(-c3ccccc3)nc(-c3nnc(C)c(C)n3)n2)cc1.[Zn+2],1.6962276
TRZ01936,Cc1ccc(NC(=O)Cc2nnc(C)c(C)n2)cc1,Zn2+,Cc1ccc(NC(=O)Cc2nnc(C)c(C)n2)cc1.[Zn+2],1.6958518
TRZ03369,Cc1ccc(NC(=O)c2cc(C(F)(F)F)nn2-c2ncccc2Cl)c(-c2nnc(C)c(C)n2)c1,Zn2+,Cc1ccc(NC(=O)c2cc(C(F)(F)F)nn2-c2ncccc2Cl)c(-c2nnc(C)c(C)n2)c1.[Zn+2],1.695497
TRZ02434,CCCOc1ccc(-c2cn(Cc3nnc(C)c(C)n3)cn2)cc1,Zn2+,CCCOc1ccc(-c2cn(Cc3nnc(C)c(C)n3)cn2)cc1.[Zn+2],1.694396
TRZ03639,Cc1nnc(-c2cc3c(N)cnnc3c(F)c2Nc2ccc(Br)cc2F)nc1C,Zn2+,Cc1nnc(-c2cc3c(N)cnnc3c(F)c2Nc2ccc(Br)cc2F)nc1C.[Zn+2],1.6905189
TRZ01401,COc1ccccc1-n1ncc(-c2nnc(C)c(C)n2)c1C,Zn2+,COc1ccccc1-n1ncc(-c2nnc(C)c(C)n2)c1C.[Zn+2],1.6900835
TRZ00857,Cc1nnc(CSc2ccccc2O)nc1C,Zn2+,Cc1nnc(CSc2ccccc2O)nc1C.[Zn+2],1.6892185
TRZ02279,Cc1nnc(CNC(=O)C(Cc2c[nH]c3ccccc23)NC(=O)OCc2ccccc2)nc1C,Zn2+,Cc1nnc(CNC(=O)C(Cc2c[nH]c3ccccc23)NC(=O)OCc2ccccc2)nc1C.[Zn+2],1.6886358
TRZ03502,COc1ccc(-c2nc3n[nH]c(-c4nnc(C)c(C)n4)c3c(C)c2C#N)c(F)c1,Zn2+,COc1ccc(-c2nc3n[nH]c(-c4nnc(C)c(C)n4)c3c(C)c2C#N)c(F)c1.[Zn+2],1.6861138
TRZ00273,Cc1nnc(-c2ccccc2OCCOc2ccccc2)nc1C,Zn2+,Cc1nnc(-c2ccccc2OCCOc2ccccc2)nc1C.[Zn+2],1.6847253
TRZ03008,Cc1nnc(CCNS(=O)(=O)c2ccccc2)nc1C,Zn2+,Cc1nnc(CCNS(=O)(=O)c2ccccc2)nc1C.[Zn+2],1.6832304
TRZ01997,Cc1nnc(-c2cc(Br)c[nH]2)nc1C,Zn2+,Cc1nnc(-c2cc(Br)c[nH]2)nc1C.[Zn+2],1.6767774
TRZ02976,Cc1nnc(-c2cncc(-c3c(F)cccc3F)c2)nc1C,Zn2+,Cc1nnc(-c2cncc(-c3c(F)cccc3F)c2)nc1C.[Zn+2],1.676034
TRZ01027,Cc1nnc(-c2nc(-c3ccccc3)cc(-c3ccc(N)nc3)n2)nc1C,Zn2+,Cc1nnc(-c2nc(-c3ccccc3)cc(-c3ccc(N)nc3)n2)nc1C.[Zn+2],1.6755099
TRZ02193,Cc1nnc(-c2cc3oc(-c4cccc(C(F)(F)F)c4)cc3[nH]2)nc1C,Zn2+,Cc1nnc(-c2cc3oc(-c4cccc(C(F)(F)F)c4)cc3[nH]2)nc1C.[Zn+2],1.6740375
TRZ03563,Cc1nnc(-c2ncn3c2CN(C)C(=O)c2cc(F)ccc2-3)nc1C,Zn2+,Cc1nnc(-c2ncn3c2CN(C)C(=O)c2cc(F)ccc2-3)nc1C.[Zn+2],1.6724491
TRZ04976,Cc1ccc(Nc2cnccc2-c2nnc(C)c(C)n2)c(F)c1,Zn2+,Cc1ccc(Nc2cnccc2-c2nnc(C)c(C)n2)c(F)c1.[Zn+2],1.669054
TRZ03853,CC(=O)N1C(=O)NC2(CC(c3nnc(C)c(C)n3)Oc3ccc(F)cc32)C1=O,Zn2+,CC(=O)N1C(=O)NC2(CC(c3nnc(C)c(C)n3)Oc3ccc(F)cc32)C1=O.[Zn+2],1.6672692
TRZ03800,CC1=CSC(c2nnc(C)c(C)n2)(c2cnccc2C(F)(F)F)N1,Zn2+,CC1=CSC(c2nnc(C)c(C)n2)(c2cnccc2C(F)(F)F)N1.[Zn+2],1.6662393
TRZ02325,Cc1nnc(COc2ccc(Oc3ccccc3)cc2)nc1C,Zn2+,Cc1nnc(COc2ccc(Oc3ccccc3)cc2)nc1C.[Zn+2],1.6652646
TRZ00832,COCCn1cnc2c1c(=O)n(Cc1nnc(C)c(C)n1)c(=O)n2Cc1ccccc1,Zn2+,COCCn1cnc2c1c(=O)n(Cc1nnc(C)c(C)n1)c(=O)n2Cc1ccccc1.[Zn+2],1.664752
TRZ00672,Cc1nnc(COc2cccc3cccnc23)nc1C,Zn2+,Cc1nnc(COc2cccc3cccnc23)nc1C.[Zn+2],1.6646953
TRZ04436,Cc1nnc(C2(C(=O)N(C)c3ccccc3F)CC2)nc1C,Zn2+,Cc1nnc(C2(C(=O)N(C)c3ccccc3F)CC2)nc1C.[Zn+2],1.6563797
TRZ05524,Cc1nnc(-c2cn(C(F)(F)F)nc2Nc2ccc(C(F)(F)F)cc2)nc1C,Zn2+,Cc1nnc(-c2cn(C(F)(F)F)nc2Nc2ccc(C(F)(F)F)cc2)nc1C.[Zn+2],1.6561189
TRZ03723,Cc1nnc(Cc2nc(C(F)(F)F)nc(-c3ccncc3)c2-c2ccccc2)nc1C,Zn2+,Cc1nnc(Cc2nc(C(F)(F)F)nc(-c3ccncc3)c2-c2ccccc2)nc1C.[Zn+2],1.6560764
TRZ02995,Cc1nnc(C2=Nc3ccccc3C(c3ccccc3F)=NC2)nc1C,Zn2+,Cc1nnc(C2=Nc3ccccc3C(c3ccccc3F)=NC2)nc1C.[Zn+2],1.6553717
TRZ05031,Cc1nnc(-c2cccc(C(F)(F)F)c2N)nc1C,Zn2+,Cc1nnc(-c2cccc(C(F)(F)F)c2N)nc1C.[Zn+2],1.6527104
TRZ04241,Cc1ccc(-c2nnc(C)c(C)n2)c(NC(=O)c2cn(-c3ncccc3Cl)nc2C(F)(F)F)c1,Zn2+,Cc1ccc(-c2nnc(C)c(C)n2)c(NC(=O)c2cn(-c3ncccc3Cl)nc2C(F)(F)F)c1.[Zn+2],1.6525164
TRZ02980,Cc1nnc(-c2cccc(Oc3cccc(C(F)(F)F)c3)n2)nc1C,Zn2+,Cc1nnc(-c2cccc(Oc3cccc(C(F)(F)F)c3)n2)nc1C.[Zn+2],1.6524987
TRZ01715,Cc1nnc(C2=C(N)Nc3n[nH]c(C)c3C2c2ccc(N(C)C)cc2)nc1C,Zn2+,Cc1nnc(C2=C(N)Nc3n[nH]c(C)c3C2c2ccc(N(C)C)cc2)nc1C.[Zn+2],1.6513777
TRZ02614,Cc1nnc(-c2cc3sccc3[nH]2)nc1C,Zn2+,Cc1nnc(-c2cc3sccc3[nH]2)nc1C.[Zn+2],1.6513367
TRZ01767,Cc1nnc(-c2nc(NCc3ccccc3)cc(N3CCc4ccccc4C3)n2)nc1C,Zn2+,Cc1nnc(-c2nc(NCc3ccccc3)cc(N3CCc4ccccc4C3)n2)nc1C.[Zn+2],1.6511002
TRZ02273,Cc1nnc(C(C)NC(=O)C(Cc2c[nH]c3ccccc23)NC(=O)OC(C)(C)C)nc1C,Zn2+,Cc1nnc(C(C)NC(=O)C(Cc2c[nH]c3ccccc23)NC(=O)OC(C)(C)C)nc1C.[Zn+2],1.646071
TRZ01770,Cc1nnc(-c2nc(C(=O)N3CCc4ccccc4C3)cc(-c3ccccc3)n2)nc1C,Zn2+,Cc1nnc(-c2nc(C(=O)N3CCc4ccccc4C3)cc(-c3ccccc3)n2)nc1C.[Zn+2],1.6456466
TRZ03473,Cc1nnc(-c2nn(Cc3ccc(Cl)cc3F)c3cc(N(C)C)ccc23)nc1C,Zn2+,Cc1nnc(-c2nn(Cc3ccc(Cl)cc3F)c3cc(N(C)C)ccc23)nc1C.[Zn+2],1.6448369
TRZ00475,Cc1nnc(-c2cc(-c3ccccc3)sc2N)nc1C,Zn2+,Cc1nnc(-c2cc(-c3ccccc3)sc2N)nc1C.[Zn+2],1.644239
TRZ02330,Cc1nnc(CSc2nnc(-c3ccc(Br)cc3)n2-c2ccccc2)nc1C,Zn2+,Cc1nnc(CSc2nnc(-c3ccc(Br)cc3)n2-c2ccccc2)nc1C.[Zn+2],1.6431241
TRZ00373,CCOC(=O)c1cc(-c2nnc(C)c(C)n2)c(=O)[nH]c1C,Zn2+,CCOC(=O)c1cc(-c2nnc(C)c(C)n2)c(=O)[nH]c1C.[Zn+2],1.6373243
TRZ02152,COc1ccc(-n2ncc(-c3nnc(C)c(C)n3)c2C)cc1,Zn2+,COc1ccc(-n2ncc(-c3nnc(C)c(C)n3)c2C)cc1.[Zn+2],1.6371179
TRZ03735,Cc1nnc(-c2nn(Cc3ccc(Cl)cc3F)c3cc(N)ccc23)nc1C,Zn2+,Cc1nnc(-c2nn(Cc3ccc(Cl)cc3F)c3cc(N)ccc23)nc1C.[Zn+2],1.6349673
TRZ00972,COc1ccccc1OCC(O)Cn1nc(-c2ccc(Cl)cc2)cc1-c1nnc(C)c(C)n1,Zn2+,COc1ccccc1OCC(O)Cn1nc(-c2ccc(Cl)cc2)cc1-c1nnc(C)c(C)n1.[Zn+2],1.6346159
TRZ03572,Cc1nnc([C@@H]2C[C@@]3(NC(=O)NC3=O)c3cc(F)ccc3O2)nc1C,Zn2+,Cc1nnc([C@@H]2C[C@@]3(NC(=O)NC3=O)c3cc(F)ccc3O2)nc1C.[Zn+2],1.633501
TRZ00948,Cc1nnc(COc2cccc(Oc3ccccc3)c2)nc1C,Zn2+,Cc1nnc(COc2cccc(Oc3ccccc3)c2)nc1C.[Zn+2],1.632194
TRZ01992,Cc1nnc(CNC(=O)c2cccc3ccccc23)nc1C,Zn2+,Cc1nnc(CNC(=O)c2cccc3ccccc23)nc1C.[Zn+2],1.626648
TRZ01820,CCN(CC)c1nc2oc(C)c(-c3nnc(C)c(C)n3)c2c(=O)n1-c1ccccc1,Zn2+,CCN(CC)c1nc2oc(C)c(-c3nnc(C)c(C)n3)c2c(=O)n1-c1ccccc1.[Zn+2],1.6195407
TRZ05859,Cc1nnc(Cc2nc(C(F)(F)F)nc(-c3ccncc3)c2-c2ccc(F)cc2)nc1C,Zn2+,Cc1nnc(Cc2nc(C(F)(F)F)nc(-c3ccncc3)c2-c2ccc(F)cc2)nc1C.[Zn+2],1.6188655
TRZ01275,COc1ccccc1-c1cc(Nc2ccc(OC)c(-c3nnc(C)c(C)n3)c2)ncn1,Zn2+,COc1ccccc1-c1cc(Nc2ccc(OC)c(-c3nnc(C)c(C)n3)c2)ncn1.[Zn+2],1.6169715
TRZ02560,Cc1nnc(-c2ncn(-c3cccc(Cl)c3)c2-c2ccccc2)nc1C,Zn2+,Cc1nnc(-c2ncn(-c3cccc(Cl)c3)c2-c2ccccc2)nc1C.[Zn+2],1.61618
TRZ03001,Cc1nnc(C2=Nc3ccc(C(F)(F)F)cc3C(c3ccccc3)=NC2)nc1C,Zn2+,Cc1nnc(C2=Nc3ccc(C(F)(F)F)cc3C(c3ccccc3)=NC2)nc1C.[Zn+2],1.6156521
TRZ05763,Cc1nnc(-c2cnc(NCc3cccc(C(F)(F)F)c3)nc2)nc1C,Zn2+,Cc1nnc(-c2cnc(NCc3cccc(C(F)(F)F)c3)nc2)nc1C.[Zn+2],1.6141801
TRZ02884,Cc1nnc(-c2ccccc2Oc2ccccc2F)nc1C,Zn2+,Cc1nnc(-c2ccccc2Oc2ccccc2F)nc1C.[Zn+2],1.6139278
TRZ01822,CCN(CC)c1nc2oc(C)c(-c3nnc(C)c(C)n3)c2c(=O)n1-c1cccc(C)c1,Zn2+,CCN(CC)c1nc2oc(C)c(-c3nnc(C)c(C)n3)c2c(=O)n1-c1cccc(C)c1.[Zn+2],1.6123056
TRZ05272,Cc1nnc(-c2cc(=S)cc(C(F)(F)F)[nH]2)nc1C,Zn2+,Cc1nnc(-c2cc(=S)cc(C(F)(F)F)[nH]2)nc1C.[Zn+2],1.6112862
TRZ01049,Cc1nnc(-c2nc(-c3ccc(C(F)(F)F)nc3)cc(-c3cc[nH]c3)n2)nc1C,Zn2+,Cc1nnc(-c2nc(-c3ccc(C(F)(F)F)nc3)cc(-c3cc[nH]c3)n2)nc1C.[Zn+2],1.6101522
TRZ01638,Cc1ccccc1-n1c(C)nc2c(OCc3nnc(C)c(C)n3)cccc2c1=O,Zn2+,Cc1ccccc1-n1c(C)nc2c(OCc3nnc(C)c(C)n3)cccc2c1=O.[Zn+2],1.6099463
TRZ01552,Cc1nnc(Cn2c(=O)c3c(ncn3CC(C)C)n(Cc3ccccc3)c2=O)nc1C,Zn2+,Cc1nnc(Cn2c(=O)c3c(ncn3CC(C)C)n(Cc3ccccc3)c2=O)nc1C.[Zn+2],1.6094794
TRZ01732,COc1cccc(-c2cncn2Cc2nnc(C)c(C)n2)c1,Zn2+,COc1cccc(-c2cncn2Cc2nnc(C)c(C)n2)c1.[Zn+2],1.608356
TRZ00386,COc1ccc2c3c([nH]c2c1)C(C)N(CCc1nnc(C)c(C)n1)CC3,Zn2+,COc1ccc2c3c([nH]c2c1)C(C)N(CCc1nnc(C)c(C)n1)CC3.[Zn+2],1.6076694
TRZ05444,Cc1nnc(Cn2c(C)c(-c3ccc(Cl)cc3)n(C[C@H](O)C(F)(F)F)c2=O)nc1C,Zn2+,Cc1nnc(Cn2c(C)c(-c3ccc(Cl)cc3)n(C[C@H](O)C(F)(F)F)c2=O)nc1C.[Zn+2],1.6069665
TRZ00292,Cc1nnc(-c2cc(C34CC5CC(CC(C5)C3)C4)[nH]n2)nc1C,Zn2+,Cc1nnc(-c2cc(C34CC5CC(CC(C5)C3)C4)[nH]n2)nc1C.[Zn+2],1.6057291
TRZ05764,Cc1nnc(-c2cnc(NCc3ccccc3C(F)(F)F)nc2)nc1C,Zn2+,Cc1nnc(-c2cnc(NCc3ccccc3C(F)(F)F)nc2)nc1C.[Zn+2],1.6055326
TRZ05787,Cc1nnc(-c2c(-c3ccc(Cl)cn3)[nH]c3c(F)cc(F)cc23)nc1C,Zn2+,Cc1nnc(-c2c(-c3ccc(Cl)cn3)[nH]c3c(F)cc(F)cc23)nc1C.[Zn+2],1.6052446
TRZ00935,CCOC(=O)c1cc(-c2nnc(C)c(C)n2)c(C)nc1C,Zn2+,CCOC(=O)c1cc(-c2nnc(C)c(C)n2)c(C)nc1C.[Zn+2],1.6040583
TRZ02393,Cc1nnc(Cn2nnc(-c3cccs3)n2)nc1C,Zn2+,Cc1nnc(Cn2nnc(-c3cccs3)n2)nc1C.[Zn+2],1.6027203
TRZ02913,Cc1nnc([C@H](CO)NC(=O)OCc2ccccc2)nc1C,Zn2+,Cc1nnc([C@H](CO)NC(=O)OCc2ccccc2)nc1C.[Zn+2],1.6024294
TRZ02827,Cc1nnc(C(NC(=O)c2ccc(F)cc2)C(C)C)nc1C,Zn2+,Cc1nnc(C(NC(=O)c2ccc(F)cc2)C(C)C)nc1C.[Zn+2],1.6000624
TRZ00267,CSc1ccc(/C=C(\NC(=O)c2ccccc2)c2nnc(C)c(C)n2)cc1,Zn2+,CSc1ccc(/C=C(\NC(=O)c2ccccc2)c2nnc(C)c(C)n2)cc1.[Zn+2],1.5999699
TRZ00479,Cc1nnc(CNC(=O)c2ccccc2F)nc1C,Zn2+,Cc1nnc(CNC(=O)c2ccccc2F)nc1C.[Zn+2],1.599278
TRZ05690,Cc1nnc(-c2ccc(OC(F)(F)F)nc2)nc1C,Zn2+,Cc1nnc(-c2ccc(OC(F)(F)F)nc2)nc1C.[Zn+2],1.5972462
TRZ01158,Cc1nnc(C(=O)Nc2cccccc2=O)nc1C,Zn2+,Cc1nnc(C(=O)Nc2cccccc2=O)nc1C.[Zn+2],1.5905285
TRZ00578,Cc1nnc(/C=C2/Nc3ccc(Br)cc3NC2=O)nc1C,Zn2+,Cc1nnc(/C=C2/Nc3ccc(Br)cc3NC2=O)nc1C.[Zn+2],1.590384
TRZ02838,Cc1nnc(C(NC(=O)c2ccccc2F)C(C)C)nc1C,Zn2+,Cc1nnc(C(NC(=O)c2ccccc2F)C(C)C)nc1C.[Zn+2],1.5891666
TRZ00886,Cc1nnc(-c2cc(F)ccc2N)nc1C,Zn2+,Cc1nnc(-c2cc(F)ccc2N)nc1C.[Zn+2],1.5886035
TRZ05361,CCNc1ccc(Oc2cccc(C(F)(F)F)c2)nc1-c1nnc(C)c(C)n1,Zn2+,CCNc1ccc(Oc2cccc(C(F)(F)F)c2)nc1-c1nnc(C)c(C)n1.[Zn+2],1.5885515
TRZ01505,Cc1nnc(-c2cc(-c3ccccc3)n(-c3ccccc3)n2)nc1C,Zn2+,Cc1nnc(-c2cc(-c3ccccc3)n(-c3ccccc3)n2)nc1C.[Zn+2],1.5866094
TRZ01393,CC(=O)Nc1ccc(C(=O)N/C(=C\c2ccc(N(C)C)cc2)c2nnc(C)c(C)n2)cc1,Zn2+,CC(=O)Nc1ccc(C(=O)N/C(=C\c2ccc(N(C)C)cc2)c2nnc(C)c(C)n2)cc1.[Zn+2],1.5863299
TRZ01203,Cc1nnc(-c2cccnc2N)nc1C,Zn2+,Cc1nnc(-c2cccnc2N)nc1C.[Zn+2],1.5846028
TRZ01711,Cc1nnc([C@H](NC(=O)CCCCc2ccccc2)c2nn[nH]n2)nc1C,Zn2+,Cc1nnc([C@H](NC(=O)CCCCc2ccccc2)c2nn[nH]n2)nc1C.[Zn+2],1.5842452
TRZ02004,Cc1nnc(CN2c3ccccc3Sc3ccccc32)nc1C,Zn2+,Cc1nnc(CN2c3ccccc3Sc3ccccc32)nc1C.[Zn+2],1.5831871
TRZ01888,Cc1nnc(-c2cncc(N3CC(C)OC(C)C3)n2)nc1C,Zn2+,Cc1nnc(-c2cncc(N3CC(C)OC(C)C3)n2)nc1C.[Zn+2],1.5831552
TRZ05498,COc1ccc(-c2cncc(-c3nnc(C)c(C)n3)n2)c(OC(F)(F)F)c1,Zn2+,COc1ccc(-c2cncc(-c3nnc(C)c(C)n3)n2)c(OC(F)(F)F)c1.[Zn+2],1.5819607
TRZ05741,Cc1nnc(-c2ccnc(-c3ccc(OC(F)F)nc3)n2)nc1C,Zn2+,Cc1nnc(-c2ccnc(-c3ccc(OC(F)F)nc3)n2)nc1C.[Zn+2],1.579752
TRZ01064,Cc1nnc(-c2cc3c(cc2Nc2ccc4c(c2)OCO4)OCCO3)nc1C,Zn2+,Cc1nnc(-c2cc3c(cc2Nc2ccc4c(c2)OCO4)OCCO3)nc1C.[Zn+2],1.5768394
TRZ02169,Cc1ccc(-n2c(SCc3nnc(C)c(C)n3)nnc2-c2ccc(Cl)cc2)cc1,Zn2+,Cc1ccc(-n2c(SCc3nnc(C)c(C)n3)nnc2-c2ccc(Cl)cc2)cc1.[Zn+2],1.5763979
TRZ05495,COc1ccc(-c2cncc(-c3nnc(C)c(C)n3)n2)c(F)c1,Zn2+,COc1ccc(-c2cncc(-c3nnc(C)c(C)n3)n2)c(F)c1.[Zn+2],1.5756769
TRZ01093,Cc1nc2ccccc2cc1-c1nnc(C)c(C)n1,Zn2+,Cc1nc2ccccc2cc1-c1nnc(C)c(C)n1.[Zn+2],1.572783
TRZ00828,COc1cccc(-n2c(Cc3nnc(C)c(C)n3)csc2=NCc2ccco2)c1,Zn2+,COc1cccc(-n2c(Cc3nnc(C)c(C)n3)csc2=NCc2ccco2)c1.[Zn+2],1.5722928
TRZ01786,Cc1nnc(-c2nccc(N3CCc4ccccc4C3)n2)nc1C,Zn2+,Cc1nnc(-c2nccc(N3CCc4ccccc4C3)n2)nc1C.[Zn+2],1.570961
TRZ02416,Cc1nnc(-c2cnn(C)c2-n2cccc2)nc1C,Zn2+,Cc1nnc(-c2cnn(C)c2-n2cccc2)nc1C.[Zn+2],1.5707264
TRZ00156,Cc1nnc(-c2ccccc2-n2cccc2)nc1C,Zn2+,Cc1nnc(-c2ccccc2-n2cccc2)nc1C.[Zn+2],1.5694242
TRZ01602,Cc1nnc(-c2nnn(Nc3ccc(Br)cc3)c2C)nc1C,Zn2+,Cc1nnc(-c2nnn(Nc3ccc(Br)cc3)c2C)nc1C.[Zn+2],1.5663586
TRZ00492,Cc1nnc(CNC(=O)c2ccccc2C(F)(F)F)nc1C,Zn2+,Cc1nnc(CNC(=O)c2ccccc2C(F)(F)F)nc1C.[Zn+2],1.5650101
TRZ04725,Cc1nnc([C@H](CNC(=O)OC(C)(C)C)Nc2cccc(OC(F)(F)F)c2)nc1C,Zn2+,Cc1nnc([C@H](CNC(=O)OC(C)(C)C)Nc2cccc(OC(F)(F)F)c2)nc1C.[Zn+2],1.564867
TRZ01406,COc1ccc2ccccc2c1-c1cc(-c2nnc(C)c(C)n2)[nH]n1,Zn2+,COc1ccc2ccccc2c1-c1cc(-c2nnc(C)c(C)n2)[nH]n1.[Zn+2],1.5624037
TRZ03261,Cc1nnc(-c2nn(Cc3ccccc3F)c3ncccc23)nc1C,Zn2+,Cc1nnc(-c2nn(Cc3ccccc3F)c3ncccc23)nc1C.[Zn+2],1.5609303
TRZ01048,Cc1nnc(-c2nc(-c3ccccc3)cc(N3CCc4ccncc4C3)n2)nc1C,Zn2+,Cc1nnc(-c2nc(-c3ccccc3)cc(N3CCc4ccncc4C3)n2)nc1C.[Zn+2],1.5555906
TRZ01766,Cc1nnc(-c2nc(-c3ccccc3)cc(N3CCc4ccccc4CC3)n2)nc1C,Zn2+,Cc1nnc(-c2nc(-c3ccccc3)cc(N3CCc4ccccc4CC3)n2)nc1C.[Zn+2],1.5555344
TRZ03035,Cc1nnc(C(c2ccc(F)cc2)N2CCc3sccc3C2)nc1C,Zn2+,Cc1nnc(C(c2ccc(F)cc2)N2CCc3sccc3C2)nc1C.[Zn+2],1.5536656
TRZ02840,Cc1ccc(S(=O)(=O)N2C(=O)CCC2c2nnc(C)c(C)n2)cc1,Zn2+,Cc1ccc(S(=O)(=O)N2C(=O)CCC2c2nnc(C)c(C)n2)cc1.[Zn+2],1.5514245
TRZ02994,Cc1nnc(C2=Nc3cc(Cl)ccc3C(c3ccccc3F)=NC2)nc1C,Zn2+,Cc1nnc(C2=Nc3cc(Cl)ccc3C(c3ccccc3F)=NC2)nc1C.[Zn+2],1.550767
TRZ00478,Cc1nnc(CSc2cccc3cccnc23)nc1C,Zn2+,Cc1nnc(CSc2cccc3cccnc23)nc1C.[Zn+2],1.5486164
TRZ03815,Cc1nnc(-c2ccc(C(C)C(O)(Cn3cncn3)c3ccc(F)cc3F)cn2)nc1C,Zn2+,Cc1nnc(-c2ccc(C(C)C(O)(Cn3cncn3)c3ccc(F)cc3F)cn2)nc1C.[Zn+2],1.5471692
TRZ05530,Cc1nnc(-c2c(Nc3ccc(C(F)(F)F)cc3)nn3c2CCC3)nc1C,Zn2+,Cc1nnc(-c2c(Nc3ccc(C(F)(F)F)cc3)nn3c2CCC3)nc1C.[Zn+2],1.5444627
TRZ04909,CC1=C(c2nnc(C)c(C)n2)C(c2ccc(F)cc2Cl)N=C(c2ncc(F)cc2F)N1,Zn2+,CC1=C(c2nnc(C)c(C)n2)C(c2ccc(F)cc2Cl)N=C(c2ncc(F)cc2F)N1.[Zn+2],1.5425658
TRZ04978,Cc1nnc(CN(CC(C)(F)F)c2ccc(C#N)c(C(F)(F)F)c2)nc1C,Zn2+,Cc1nnc(CN(CC(C)(F)F)c2ccc(C#N)c(C(F)(F)F)c2)nc1C.[Zn+2],1.5393105
TRZ02997,Cc1nnc(C2=Nc3cc(F)ccc3C(c3ccccc3Cl)=NC2C)nc1C,Zn2+,Cc1nnc(C2=Nc3cc(F)ccc3C(c3ccccc3Cl)=NC2C)nc1C.[Zn+2],1.5332446
TRZ03505,COC(=O)C1CCC(Oc2ccc(NC(=O)c3nnc(C)c(C)n3)c(F)n2)CC1,Zn2+,COC(=O)C1CCC(Oc2ccc(NC(=O)c3nnc(C)c(C)n3)c(F)n2)CC1.[Zn+2],1.5326004
TRZ01613,Cc1nnc(-c2cc(-c3ccccc3)nn2Cc2ccc(Cl)nc2)nc1C,Zn2+,Cc1nnc(-c2cc(-c3ccccc3)nn2Cc2ccc(Cl)nc2)nc1C.[Zn+2],1.5322046
TRZ05493,Cc1nnc(-c2cncc(-c3ccc(C(F)F)cc3)n2)nc1C,Zn2+,Cc1nnc(-c2cncc(-c3ccc(C(F)F)cc3)n2)nc1C.[Zn+2],1.531609
TRZ03843,Cc1nnc(-c2cc(N(C)C)cc(Oc3cccc(C(F)(F)F)c3)n2)nc1C,Zn2+,Cc1nnc(-c2cc(N(C)C)cc(Oc3cccc(C(F)(F)F)c3)n2)nc1C.[Zn+2],1.5278788
TRZ01221,CCn1cc(-c2nnc(C)c(C)n2)c(=O)c2cc(Br)ccc21,Zn2+,CCn1cc(-c2nnc(C)c(C)n2)c(=O)c2cc(Br)ccc21.[Zn+2],1.5278077
TRZ04068,Cc1nnc(C2ON=C(c3ccc(OC(F)(F)F)cc3)N2Cc2ccccc2)nc1C,Zn2+,Cc1nnc(C2ON=C(c3ccc(OC(F)(F)F)cc3)N2Cc2ccccc2)nc1C.[Zn+2],1.5275698
TRZ01183,Cc1nnc(-c2cnc(NCc3ccccc3)nc2)nc1C,Zn2+,Cc1nnc(-c2cnc(NCc3ccccc3)nc2)nc1C.[Zn+2],1.525835
TRZ00107,Cc1nnc(COc2ccc3c(C)c(C)c(=O)oc3c2)nc1C,Zn2+,Cc1nnc(COc2ccc3c(C)c(C)c(=O)oc3c2)nc1C.[Zn+2],1.5251708
TRZ00700,Cc1nnc(COc2nc3scc(-c4ccccc4)c3c(=O)n2-c2ccccc2)nc1C,Zn2+,Cc1nnc(COc2nc3scc(-c4ccccc4)c3c(=O)n2-c2ccccc2)nc1C.[Zn+2],1.5244775
TRZ02373,Cc1ccc(OCc2nnc(C)c(C)n2)c2c1CCC2,Zn2+,Cc1ccc(OCc2nnc(C)c(C)n2)c2c1CCC2.[Zn+2],1.5240245
TRZ03149,Cc1nnc(-c2cn3ccnc3c(F)c2Nc2ccc(Br)cc2F)nc1C,Zn2+,Cc1nnc(-c2cn3ccnc3c(F)c2Nc2ccc(Br)cc2F)nc1C.[Zn+2],1.5240002
TRZ00734,Cc1nnc(CNc2ccc3ncccc3c2)nc1C,Zn2+,Cc1nnc(CNc2ccc3ncccc3c2)nc1C.[Zn+2],1.5233636
TRZ03155,Cc1nnc(-c2ccc(N3CC(OCc4ccccc4C(F)(F)F)C3)nn2)nc1C,Zn2+,Cc1nnc(-c2ccc(N3CC(OCc4ccccc4C(F)(F)F)C3)nn2)nc1C.[Zn+2],1.5223675
TRZ04390,Cc1nnc(-c2ccc(NCc3cccc(OC(F)(F)F)c3)nc2)nc1C,Zn2+,Cc1nnc(-c2ccc(NCc3cccc(OC(F)(F)F)c3)nc2)nc1C.[Zn+2],1.5221014
TRZ03868,Cc1nnc(C=Cn2cnc(-c3cc(C(F)(F)F)cc(S(C)(=O)=O)c3)n2)nc1C,Zn2+,Cc1nnc(C=Cn2cnc(-c3cc(C(F)(F)F)cc(S(C)(=O)=O)c3)n2)nc1C.[Zn+2],1.5208149
TRZ01601,Cc1nnc(-c2nnn(Nc3ccccc3)c2C)nc1C,Zn2+,Cc1nnc(-c2nnn(Nc3ccccc3)c2C)nc1C.[Zn+2],1.5206552
TRZ01741,Cc1nnc(-c2cc3ccc(OCc4ccccc4)cc3oc2=O)nc1C,Zn2+,Cc1nnc(-c2cc3ccc(OCc4ccccc4)cc3oc2=O)nc1C.[Zn+2],1.5202622
TRZ04248,Cc1ccc(Nc2c(-c3nnc(C)c(C)n3)c3c(c(=O)n2C)CCC3)c(F)c1,Zn2+,Cc1ccc(Nc2c(-c3nnc(C)c(C)n3)c3c(c(=O)n2C)CCC3)c(F)c1.[Zn+2],1.5194259
TRZ00290,Cc1nnc(-c2cc3cc(OC(F)(F)F)ccc3[nH]2)nc1C,Zn2+,Cc1nnc(-c2cc3cc(OC(F)(F)F)ccc3[nH]2)nc1C.[Zn+2],1.5191541
TRZ03621,Cc1nnc(CCN(Cc2cc3c(cc2F)OCCO3)C(=O)C(C)(C)C)nc1C,Zn2+,Cc1nnc(CCN(Cc2cc3c(cc2F)OCCO3)C(=O)C(C)(C)C)nc1C.[Zn+2],1.518465
TRZ01506,Cc1nnc(Cn2cnc(-c3ccc(F)cc3)c2)nc1C,Zn2+,Cc1nnc(Cn2cnc(-c3ccc(F)cc3)c2)nc1C.[Zn+2],1.5176225
TRZ02632,Cc1nnc(CNc2cccc3ccccc23)nc1C,Zn2+,Cc1nnc(CNc2cccc3ccccc23)nc1C.[Zn+2],1.5174961
TRZ00959,Cc1nnc(CC(=O)Nc2ccc(Cl)c(Cl)c2)nc1C,Zn2+,Cc1nnc(CC(=O)Nc2ccc(Cl)c(Cl)c2)nc1C.[Zn+2],1.5174704
TRZ05714,Cc1nnc(-c2cc(F)cnc2N2CCN(C(=O)OC(C)(C)C)CC2)nc1C,Zn2+,Cc1nnc(-c2cc(F)cnc2N2CCN(C(=O)OC(C)(C)C)CC2)nc1C.[Zn+2],1.5153208
TRZ01817,Cc1nnc(-c2ncn(-c3cccc(Cl)c3)c2-c2ccc(F)cc2)nc1C,Zn2+,Cc1nnc(-c2ncn(-c3cccc(Cl)c3)c2-c2ccc(F)cc2)nc1C.[Zn+2],1.5148029
TRZ01106,Cc1nnc(-c2ccccc2N=NN(C)C)nc1C,Zn2+,Cc1nnc(-c2ccccc2N=NN(C)C)nc1C.[Zn+2],1.5141392
TRZ00489,CCC(CC)C(=O)c1c[nH]c(-c2nnc(C)c(C)n2)c1,Zn2+,CCC(CC)C(=O)c1c[nH]c(-c2nnc(C)c(C)n2)c1.[Zn+2],1.5130711
TRZ05210,Cc1nnc(-c2cncc(-c3ccc(F)cc3)n2)nc1C,Zn2+,Cc1nnc(-c2cncc(-c3ccc(F)cc3)n2)nc1C.[Zn+2],1.5124631
TRZ00434,Cc1nnc(-c2cccn2C)nc1C,Zn2+,Cc1nnc(-c2cccn2C)nc1C.[Zn+2],1.5093217
TRZ01771,Cc1nnc(-c2nc(-c3ccccc3)cc(-c3cccnc3)n2)nc1C,Zn2+,Cc1nnc(-c2nc(-c3ccccc3)cc(-c3cccnc3)n2)nc1C.[Zn+2],1.5092793
TRZ01034,COc1cc(-c2cc(-c3ccc(C(F)(F)F)nc3)nc(-c3nnc(C)c(C)n3)n2)ccn1,Zn2+,COc1cc(-c2cc(-c3ccc(C(F)(F)F)nc3)nc(-c3nnc(C)c(C)n3)n2)ccn1.[Zn+2],1.5074139
TRZ02565,CCCNc1nc2oc(C)c(-c3nnc(C)c(C)n3)c2c(=O)n1-c1cccc(C)c1,Zn2+,CCCNc1nc2oc(C)c(-c3nnc(C)c(C)n3)c2c(=O)n1-c1cccc(C)c1.[Zn+2],1.5070167
TRZ05926,Cc1nnc(-c2ncc(C(F)(F)F)cc2C2CNCCO2)nc1C,Zn2+,Cc1nnc(-c2ncc(C(F)(F)F)cc2C2CNCCO2)nc1C.[Zn+2],1.5067515
TRZ02760,Cc1nnc(CNC(=O)OCC2c3ccccc3-c3ccccc32)nc1C,Zn2+,Cc1nnc(CNC(=O)OCC2c3ccccc3-c3ccccc32)nc1C.[Zn+2],1.5060563
TRZ04694,Cc1nnc(C(F)(F)C(C)(O)c2cc(Cl)nc(Cl)c2)nc1C,Zn2+,Cc1nnc(C(F)(F)C(C)(O)c2cc(Cl)nc(Cl)c2)nc1C.[Zn+2],1.5055337
TRZ00380,Cc1nnc(-c2ccc(Cn3cc(Cl)cn3)o2)nc1C,Zn2+,Cc1nnc(-c2ccc(Cn3cc(Cl)cn3)o2)nc1C.[Zn+2],1.5050454
TRZ02920,Cc1nnc([C@@H]2C[C@]3(NC(=O)NC3=O)c3cc(F)ccc3O2)nc1C,Zn2+,Cc1nnc([C@@H]2C[C@]3(NC(=O)NC3=O)c3cc(F)ccc3O2)nc1C.[Zn+2],1.504211
TRZ02296,Cc1nnc(CNc2ccc(I)cc2)nc1C,Zn2+,Cc1nnc(CNc2ccc(I)cc2)nc1C.[Zn+2],1.4971771
TRZ05212,Cc1nnc(-c2ncn3c2[C@@H]2CCN2C(=O)c2c-3ccc(F)c2F)nc1C,Zn2+,Cc1nnc(-c2ncn3c2[C@@H]2CCN2C(=O)c2c-3ccc(F)c2F)nc1C.[Zn+2],1.4966283
TRZ00879,Cc1nnc(C(NC(=O)OC(C)(C)C)c2ccccc2)nc1C,Zn2+,Cc1nnc(C(NC(=O)OC(C)(C)C)c2ccccc2)nc1C.[Zn+2],1.4951358
TRZ02336,Cc1nnc(C(=O)Nc2nc(-c3ccc(Cl)cc3)cs2)nc1C,Zn2+,Cc1nnc(C(=O)Nc2nc(-c3ccc(Cl)cc3)cs2)nc1C.[Zn+2],1.4944577
TRZ02702,Cc1nnc(CN2CCc3ccccc3C2)nc1C,Zn2+,Cc1nnc(CN2CCc3ccccc3C2)nc1C.[Zn+2],1.4941025
TRZ01736,Cc1nnc(-c2cc3ccc(OCc4ccc([N+](=O)[O-])cc4)cc3oc2=O)nc1C,Zn2+,Cc1nnc(-c2cc3ccc(OCc4ccc([N+](=O)[O-])cc4)cc3oc2=O)nc1C.[Zn+2],1.4926772
TRZ02089,Cc1nnc(C(=O)NCc2ccccc2F)nc1C,Zn2+,Cc1nnc(C(=O)NCc2ccccc2F)nc1C.[Zn+2],1.4925199
TRZ02627,Cc1cc(SCc2nnc(C)c(C)n2)c2ccccc2n1,Zn2+,Cc1cc(SCc2nnc(C)c(C)n2)c2ccccc2n1.[Zn+2],1.4906588
TRZ05461,Cc1cc(F)c(F)c2c1N/C(=C/c1nnc(C)c(C)n1)C(C)(C)N2,Zn2+,Cc1cc(F)c(F)c2c1N/C(=C/c1nnc(C)c(C)n1)C(C)(C)N2.[Zn+2],1.4902802
TRZ02719,Cc1nnc(-c2cc3cc([N+](=O)[O-])ccc3[nH]2)nc1C,Zn2+,Cc1nnc(-c2cc3cc([N+](=O)[O-])ccc3[nH]2)nc1C.[Zn+2],1.486762
TRZ02828,Cc1nnc(C(=O)C=C2NC3(CCCC3)Cc3ccccc32)nc1C,Zn2+,Cc1nnc(C(=O)C=C2NC3(CCCC3)Cc3ccccc32)nc1C.[Zn+2],1.4831471
TRZ00017,Cc1nnc(-c2cccnc2)nc1C,Zn2+,Cc1nnc(-c2cccnc2)nc1C.[Zn+2],1.4827728
TRZ04260,Cc1nnc(C2OCCN(c3ccc(C#N)cc3F)C2=N)nc1C,Zn2+,Cc1nnc(C2OCCN(c3ccc(C#N)cc3F)C2=N)nc1C.[Zn+2],1.4820504
TRZ02369,Cc1nnc(-c2[nH]ncc2-c2ccc(Cl)cc2Cl)nc1C,Zn2+,Cc1nnc(-c2[nH]ncc2-c2ccc(Cl)cc2Cl)nc1C.[Zn+2],1.4820185
TRZ02546,Cc1nnc(Cn2cncc2-c2ccc(OCO)c(OCO)c2)nc1C,Zn2+,Cc1nnc(Cn2cncc2-c2ccc(OCO)c(OCO)c2)nc1C.[Zn+2],1.4787512
TRZ01703,Cc1nnc(-c2n[nH]c(=O)c3[nH]ncc23)nc1C,Zn2+,Cc1nnc(-c2n[nH]c(=O)c3[nH]ncc23)nc1C.[Zn+2],1.4783311
TRZ05722,Cc1nnc(-c2cncc(-c3ccc(OC(F)(F)F)cc3)n2)nc1C,Zn2+,Cc1nnc(-c2cncc(-c3ccc(OC(F)(F)F)cc3)n2)nc1C.[Zn+2],1.4783282
TRZ04005,Cc1nnc(-c2ncccc2C(=O)CN(CC(F)(F)F)c2ccc(C#N)c(C(F)(F)F)c2)nc1C,Zn2+,Cc1nnc(-c2ncccc2C(=O)CN(CC(F)(F)F)c2ccc(C#N)c(C(F)(F)F)c2)nc1C.[Zn+2],1.4780288
TRZ02511,Cc1nnc(-c2sc3nc4n(c(=N)c3c2C)CCC4)nc1C,Zn2+,Cc1nnc(-c2sc3nc4n(c(=N)c3c2C)CCC4)nc1C.[Zn+2],1.4778595
TRZ05380,Cc1nnc(-c2cnc(N3CCC(F)(F)CC3)c(F)c2)nc1C,Zn2+,Cc1nnc(-c2cnc(N3CCC(F)(F)CC3)c(F)c2)nc1C.[Zn+2],1.4767461
TRZ03472,Cc1nnc(-c2nn(Cc3ccc(Cl)cc3F)c3cccnc23)nc1C,Zn2+,Cc1nnc(-c2nn(Cc3ccc(Cl)cc3F)c3cccnc23)nc1C.[Zn+2],1.4759693
TRZ01590,Cc1ccc2oc(=O)n(Cc3nnc(C)c(C)n3)c2c1,Zn2+,Cc1ccc2oc(=O)n(Cc3nnc(C)c(C)n3)c2c1.[Zn+2],1.4751587
TRZ01067,Cc1nnc(-c2nc(-c3ccc(C4CC4)nc3)cc(-c3ccc(C(F)(F)F)nc3)n2)nc1C,Zn2+,Cc1nnc(-c2nc(-c3ccc(C4CC4)nc3)cc(-c3ccc(C(F)(F)F)nc3)n2)nc1C.[Zn+2],1.474638
TRZ03717,CC(=O)c1cc(N2CCC(Oc3ccccc3C(F)(F)F)CC2)nnc1-c1nnc(C)c(C)n1,Zn2+,CC(=O)c1cc(N2CCC(Oc3ccccc3C(F)(F)F)CC2)nnc1-c1nnc(C)c(C)n1.[Zn+2],1.4700246
TRZ01871,Cc1nnc(Cc2csc(-c3cccc(-n4cccc4)c3)n2)nc1C,Zn2+,Cc1nnc(Cc2csc(-c3cccc(-n4cccc4)c3)n2)nc1C.[Zn+2],1.4693103
TRZ05738,Cc1nnc(-c2cccc(-c3ccc(OC(F)F)nc3)n2)nc1C,Zn2+,Cc1nnc(-c2cccc(-c3ccc(OC(F)F)nc3)n2)nc1C.[Zn+2],1.468823
TRZ02700,Cc1nnc(-c2cccc(Br)n2)nc1C,Zn2+,Cc1nnc(-c2cccc(Br)n2)nc1C.[Zn+2],1.4674935
TRZ00907,COc1ccc2oc(C)c(-c3nnc(C)c(C)n3)c2c1,Zn2+,COc1ccc2oc(C)c(-c3nnc(C)c(C)n3)c2c1.[Zn+2],1.4652524
TRZ01753,Cc1nnc(Cc2nc(-c3ccccc3)cc(-c3ccccc3)n2)nc1C,Zn2+,Cc1nnc(Cc2nc(-c3ccccc3)cc(-c3ccccc3)n2)nc1C.[Zn+2],1.4637141
TRZ05350,Cc1nnc(-c2cc3c(N)cccc3n2CC(F)(F)F)nc1C,Zn2+,Cc1nnc(-c2cc3c(N)cccc3n2CC(F)(F)F)nc1C.[Zn+2],1.4634137
TRZ00661,Cc1nnc(-c2[nH]c3ccc(Cl)cc3c2-c2ccccc2)nc1C,Zn2+,Cc1nnc(-c2[nH]c3ccc(Cl)cc3c2-c2ccccc2)nc1C.[Zn+2],1.4619255
TRZ02496,Cc1nnc(-c2ccc(OC(C)C)cc2O)nc1C,Zn2+,Cc1nnc(-c2ccc(OC(C)C)cc2O)nc1C.[Zn+2],1.4613595
TRZ01954,Cc1nnc(Cc2nc3n(n2)CCCCC3)nc1C,Zn2+,Cc1nnc(Cc2nc3n(n2)CCCCC3)nc1C.[Zn+2],1.4597626
TRZ01939,Cc1nnc(Cn2cnc(-c3ccc([N+](=O)[O-])cc3)c2)nc1C,Zn2+,Cc1nnc(Cn2cnc(-c3ccc([N+](=O)[O-])cc3)c2)nc1C.[Zn+2],1.4593797
TRZ04283,Cc1nnc(-c2ncc(C(F)(F)F)cc2N2CCOCC2)nc1C,Zn2+,Cc1nnc(-c2ncc(C(F)(F)F)cc2N2CCOCC2)nc1C.[Zn+2],1.4585376
TRZ05462,Cc1cc(F)c(F)c2c1NC(=Cc1nnc(C)c(C)n1)C(C)(C)N2,Zn2+,Cc1cc(F)c(F)c2c1NC(=Cc1nnc(C)c(C)n1)C(C)(C)N2.[Zn+2],1.457459
TRZ04990,Cc1ccc(S(=O)Nc2cc(Cl)cnc2-c2nnc(C)c(C)n2)cc1C(F)(F)F,Zn2+,Cc1ccc(S(=O)Nc2cc(Cl)cnc2-c2nnc(C)c(C)n2)cc1C(F)(F)F.[Zn+2],1.4567852
TRZ01405,CCOC(=O)c1c(C)oc2ccc(OCc3nnc(C)c(C)n3)cc12,Zn2+,CCOC(=O)c1c(C)oc2ccc(OCc3nnc(C)c(C)n3)cc12.[Zn+2],1.4564118
TRZ00439,Cc1cncc(-c2nnc(C)c(C)n2)c1,Zn2+,Cc1cncc(-c2nnc(C)c(C)n2)c1.[Zn+2],1.4544196
TRZ05737,COc1cc(OC(F)F)ncc1-c1cncc(-c2nnc(C)c(C)n2)n1,Zn2+,COc1cc(OC(F)F)ncc1-c1cncc(-c2nnc(C)c(C)n2)n1.[Zn+2],1.4541779
TRZ01303,CCC(c1nnc(C)c(C)n1)n1nc(C)ccc1=O,Zn2+,CCC(c1nnc(C)c(C)n1)n1nc(C)ccc1=O.[Zn+2],1.4541554
TRZ03187,CC(=O)NC[C@H]1CN(c2ccc(-c3ccc4nc(-c5nnc(C)c(C)n5)cn4c3)c(F)c2)C(=O)O1,Zn2+,CC(=O)NC[C@H]1CN(c2ccc(-c3ccc4nc(-c5nnc(C)c(C)n5)cn4c3)c(F)c2)C(=O)O1.[Zn+2],1.4523253
TRZ01330,Cc1nnc(CSc2cc(N(C)C)ncn2)nc1C,Zn2+,Cc1nnc(CSc2cc(N(C)C)ncn2)nc1C.[Zn+2],1.4505687
TRZ01793,Cc1nnc(-c2nc(-c3ccccc3)cc(N3CCCC3c3ccccc3)n2)nc1C,Zn2+,Cc1nnc(-c2nc(-c3ccccc3)cc(N3CCCC3c3ccccc3)n2)nc1C.[Zn+2],1.4502192
TRZ00521,Cc1nnc(/C(C#N)=N/Nc2c(Cl)cccc2Cl)nc1C,Zn2+,Cc1nnc(/C(C#N)=N/Nc2c(Cl)cccc2Cl)nc1C.[Zn+2],1.4490352
TRZ05823,Cc1nnc(C(=NOCF)c2nccs2)nc1C,Zn2+,Cc1nnc(C(=NOCF)c2nccs2)nc1C.[Zn+2],1.4459877
TRZ03689,Cc1nnc(-c2ccc(N3CCC(Oc4ccccc4C(F)(F)F)CC3)nn2)nc1C,Zn2+,Cc1nnc(-c2ccc(N3CCC(Oc4ccccc4C(F)(F)F)CC3)nn2)nc1C.[Zn+2],1.4441519
TRZ01664,C#CCn1cc(-c2nnc(C)c(C)n2)c(=O)c2cccc(C(F)(F)F)c21,Zn2+,C#CCn1cc(-c2nnc(C)c(C)n2)c(=O)c2cccc(C(F)(F)F)c21.[Zn+2],1.4428687
TRZ02150,Cc1cc(-c2nnc(C)c(C)n2)n(Cc2ccc(F)cc2)n1,Zn2+,Cc1cc(-c2nnc(C)c(C)n2)n(Cc2ccc(F)cc2)n1.[Zn+2],1.4395247
TRZ03033,Cc1nnc(-c2ccc(N3CC(Oc4ccccc4C(F)(F)F)C3)nn2)nc1C,Zn2+,Cc1nnc(-c2ccc(N3CC(Oc4ccccc4C(F)(F)F)C3)nn2)nc1C.[Zn+2],1.4381051
TRZ03911,Cc1nnc(-c2c(-c3ccc(F)cc3)nn3cnccc23)nc1C,Zn2+,Cc1nnc(-c2c(-c3ccc(F)cc3)nn3cnccc23)nc1C.[Zn+2],1.4362345
TRZ04183,Cc1nnc([C@@H](NC(=O)c2cocn2)c2ccc(F)cc2F)nc1C,Zn2+,Cc1nnc([C@@H](NC(=O)c2cocn2)c2ccc(F)cc2F)nc1C.[Zn+2],1.435235
TRZ00136,Cc1cc(C)cc(S(=O)(=O)c2c(-c3nnc(C)c(C)n3)[nH]c3ccc(Cl)cc23)c1,Zn2+,Cc1cc(C)cc(S(=O)(=O)c2c(-c3nnc(C)c(C)n3)[nH]c3ccc(Cl)cc23)c1.[Zn+2],1.4343605
TRZ05354,Cc1nnc(-c2cc3c(NC4CCN(C)CC4)cccc3n2CC(F)(F)F)nc1C,Zn2+,Cc1nnc(-c2cc3c(NC4CCN(C)CC4)cccc3n2CC(F)(F)F)nc1C.[Zn+2],1.4314146
TRZ05811,Cc1nnc(C2=CC=CS2=C(C(F)F)C(F)C(=O)c2cccs2)nc1C,Zn2+,Cc1nnc(C2=CC=CS2=C(C(F)F)C(F)C(=O)c2cccs2)nc1C.[Zn+2],1.4306898
TRZ02557,COc1ccc(-c2c(-c3nnc(C)c(C)n3)ncn2-c2cccc(Cl)c2)cc1,Zn2+,COc1ccc(-c2c(-c3nnc(C)c(C)n3)ncn2-c2cccc(Cl)c2)cc1.[Zn+2],1.4300299
TRZ03619,Cc1cc(C(F)(F)F)cnc1NCc1nnc(C)c(C)n1,Zn2+,Cc1cc(C(F)(F)F)cnc1NCc1nnc(C)c(C)n1.[Zn+2],1.42944
TRZ01336,Cc1cc(N2CCCCC2)nc(SCc2nnc(C)c(C)n2)n1,Zn2+,Cc1cc(N2CCCCC2)nc(SCc2nnc(C)c(C)n2)n1.[Zn+2],1.4287753
TRZ05896,Cc1nnc(-c2cc(C(=O)c3cc(F)ccc3F)cnc2N)nc1C,Zn2+,Cc1nnc(-c2cc(C(=O)c3cc(F)ccc3F)cnc2N)nc1C.[Zn+2],1.427083
TRZ02051,Cc1nnc(CNC(=O)c2ccc(Cl)cc2Cl)nc1C,Zn2+,Cc1nnc(CNC(=O)c2ccc(Cl)cc2Cl)nc1C.[Zn+2],1.4253459
TRZ02556,Cc1cccc(-c2c(-c3nnc(C)c(C)n3)ncn2-c2cccc(Cl)c2)c1,Zn2+,Cc1cccc(-c2c(-c3nnc(C)c(C)n3)ncn2-c2cccc(Cl)c2)c1.[Zn+2],1.4249182
TRZ03822,Cc1nnc(-c2[nH]c3c(F)cccc3c2-c2ccccc2)nc1C,Zn2+,Cc1nnc(-c2[nH]c3c(F)cccc3c2-c2ccccc2)nc1C.[Zn+2],1.4236131
TRZ02235,Cc1nnc(-c2ccc(Cl)cc2Oc2ccccc2F)nc1C,Zn2+,Cc1nnc(-c2ccc(Cl)cc2Oc2ccccc2F)nc1C.[Zn+2],1.4228692
TRZ05535,Cc1nc(N2CC3(CCN(c4nccc(-c5nnc(C)c(C)n5)n4)C3)C2)cc(C(F)(F)F)n1,Zn2+,Cc1nc(N2CC3(CCN(c4nccc(-c5nnc(C)c(C)n5)n4)C3)C2)cc(C(F)(F)F)n1.[Zn+2],1.4224339
TRZ02571,CCCNc1nc2oc(C)c(-c3nnc(C)c(C)n3)c2c(=O)n1-c1ccccc1,Zn2+,CCCNc1nc2oc(C)c(-c3nnc(C)c(C)n3)c2c(=O)n1-c1ccccc1.[Zn+2],1.421773
TRZ04854,Cc1nnc([C@H](N)Cc2ccc(C(F)(F)F)cc2)nc1C,Zn2+,Cc1nnc([C@H](N)Cc2ccc(C(F)(F)F)cc2)nc1C.[Zn+2],1.4198742
TRZ02389,Cc1nnc(-c2csc(Cc3c(Cl)cccc3Cl)n2)nc1C,Zn2+,Cc1nnc(-c2csc(Cc3c(Cl)cccc3Cl)n2)nc1C.[Zn+2],1.4194989
TRZ02230,Cc1nnc(Cn2cc(C(=O)O)c(=O)c3cc(F)c(Cl)cc32)nc1C,Zn2+,Cc1nnc(Cn2cc(C(=O)O)c(=O)c3cc(F)c(Cl)cc32)nc1C.[Zn+2],1.4193316
TRZ02567,CCCCNc1nc2oc(C)c(-c3nnc(C)c(C)n3)c2c(=O)n1-c1cccc(C)c1,Zn2+,CCCCNc1nc2oc(C)c(-c3nnc(C)c(C)n3)c2c(=O)n1-c1cccc(C)c1.[Zn+2],1.4185953
TRZ00473,Cc1nnc(-c2cc3nc(-c4cccs4)cc(C(F)(F)F)n3n2)nc1C,Zn2+,Cc1nnc(-c2cc3nc(-c4cccs4)cc(C(F)(F)F)n3n2)nc1C.[Zn+2],1.417717
TRZ01239,COc1ccc(NC(=O)Cc2nnc(C)c(C)n2)cc1,Zn2+,COc1ccc(NC(=O)Cc2nnc(C)c(C)n2)cc1.[Zn+2],1.4173341
TRZ01337,Cc1cc(N2CCOCC2)nc(SCc2nnc(C)c(C)n2)n1,Zn2+,Cc1cc(N2CCOCC2)nc(SCc2nnc(C)c(C)n2)n1.[Zn+2],1.4155874
TRZ02568,CCCN(CCC)c1nc2oc(C)c(-c3nnc(C)c(C)n3)c2c(=O)n1-c1ccc(C)cc1,Zn2+,CCCN(CCC)c1nc2oc(C)c(-c3nnc(C)c(C)n3)c2c(=O)n1-c1ccc(C)cc1.[Zn+2],1.4137635
TRZ01577,Cc1nnc(CC(=O)Nc2ccccc2[N+](=O)[O-])nc1C,Zn2+,Cc1nnc(CC(=O)Nc2ccccc2[N+](=O)[O-])nc1C.[Zn+2],1.4130039
TRZ01652,Cc1nnc(CCn2nc3sc4ccccc4n3c2=S)nc1C,Zn2+,Cc1nnc(CCn2nc3sc4ccccc4n3c2=S)nc1C.[Zn+2],1.4126749
TRZ02452,Cc1nnc(-c2nc(C3CCCCC3)[nH]c2C2CCCCC2)nc1C,Zn2+,Cc1nnc(-c2nc(C3CCCCC3)[nH]c2C2CCCCC2)nc1C.[Zn+2],1.4123473
TRZ04078,Cc1nnc(C2=NC(C)(c3ccc(OC(F)(F)F)cc3)NO2)nc1C,Zn2+,Cc1nnc(C2=NC(C)(c3ccc(OC(F)(F)F)cc3)NO2)nc1C.[Zn+2],1.4114165
TRZ05257,Cc1nnc(Cn2ncc3ncc(-c4cccc(C(F)(F)F)c4)cc32)nc1C,Zn2+,Cc1nnc(Cn2ncc3ncc(-c4cccc(C(F)(F)F)c4)cc32)nc1C.[Zn+2],1.409697
TRZ02836,Cc1nnc(C2CCCN(Cc3ccccc3F)C2)nc1C,Zn2+,Cc1nnc(C2CCCN(Cc3ccccc3F)C2)nc1C.[Zn+2],1.4096742
TRZ01056,Cc1nnc(-c2nc(-c3ccc(C(F)(F)F)nc3)cc(-c3ccsc3)n2)nc1C,Zn2+,Cc1nnc(-c2nc(-c3ccc(C(F)(F)F)nc3)cc(-c3ccsc3)n2)nc1C.[Zn+2],1.4084978
TRZ03000,Cc1nnc(C2=Nc3cccc([N+](=O)[O-])c3C(c3ccccc3F)=NC2)nc1C,Zn2+,Cc1nnc(C2=Nc3cccc([N+](=O)[O-])c3C(c3ccccc3F)=NC2)nc1C.[Zn+2],1.4069638
TRZ05288,Cc1nnc(C2CC(C)CN(c3ccc(C(F)(F)F)c4ncccc34)C2)nc1C,Zn2+,Cc1nnc(C2CC(C)CN(c3ccc(C(F)(F)F)c4ncccc34)C2)nc1C.[Zn+2],1.4047341
TRZ00987,Cc1nnc(Cc2nc3sc4c(c3c(=O)[nH]2)CCCC4)nc1C,Zn2+,Cc1nnc(Cc2nc3sc4c(c3c(=O)[nH]2)CCCC4)nc1C.[Zn+2],1.4046578
TRZ03378,Cc1cccc(-c2nnc(C)c(C)n2)c1NC(=O)c1cc(C(F)(F)F)nn1-c1ncccc1Cl,Zn2+,Cc1cccc(-c2nnc(C)c(C)n2)c1NC(=O)c1cc(C(F)(F)F)nn1-c1ncccc1Cl.[Zn+2],1.4045663
TRZ02306,CC(=O)Nc1ccc(-c2cn(Cc3nnc(C)c(C)n3)cn2)cc1,Zn2+,CC(=O)Nc1ccc(-c2cn(Cc3nnc(C)c(C)n3)cn2)cc1.[Zn+2],1.4042125
TRZ04292,CCC(C)(C)Nc1cc(C(F)(F)F)cnc1-c1nnc(C)c(C)n1,Zn2+,CCC(C)(C)Nc1cc(C(F)(F)F)cnc1-c1nnc(C)c(C)n1.[Zn+2],1.4034386
TRZ05771,Cc1nnc(-c2nc(-c3ccc(C(F)(F)F)cc3)c3ccccn23)nc1C,Zn2+,Cc1nnc(-c2nc(-c3ccc(C(F)(F)F)cc3)c3ccccn23)nc1C.[Zn+2],1.4025764
TRZ02261,Cc1nnc(C(C#N)C2c3ccccc3Oc3ccccc32)nc1C,Zn2+,Cc1nnc(C(C#N)C2c3ccccc3Oc3ccccc32)nc1C.[Zn+2],1.4003654
TRZ00132,Cc1nnc(-c2[nH]c3ccc(Cl)cc3c2S(=O)(=O)c2ccccc2)nc1C,Zn2+,Cc1nnc(-c2[nH]c3ccc(Cl)cc3c2S(=O)(=O)c2ccccc2)nc1C.[Zn+2],1.3986735
TRZ01050,Cc1nnc(-c2nc(-c3ccccc3)cc(N3Cc4cccnc4C3)n2)nc1C,Zn2+,Cc1nnc(-c2nc(-c3ccccc3)cc(N3Cc4cccnc4C3)n2)nc1C.[Zn+2],1.3980579
TRZ03691,Cc1nnc(-c2ccc(N3CC[C@H](Oc4ccccc4C(F)(F)F)C3)nn2)nc1C,Zn2+,Cc1nnc(-c2ccc(N3CC[C@H](Oc4ccccc4C(F)(F)F)C3)nn2)nc1C.[Zn+2],1.393743
TRZ02841,Cc1nnc(C2CCC(=O)N2S(=O)(=O)c2ccc(Cl)c(Cl)c2)nc1C,Zn2+,Cc1nnc(C2CCC(=O)N2S(=O)(=O)c2ccc(Cl)c(Cl)c2)nc1C.[Zn+2],1.3904138
TRZ00686,Cc1nnc(-c2ccc3ccc4ccc(-c5nnc(C)c(C)n5)nc4c3n2)nc1C,Zn2+,Cc1nnc(-c2ccc3ccc4ccc(-c5nnc(C)c(C)n5)nc4c3n2)nc1C.[Zn+2],1.3903632
TRZ00526,CCCOc1ccc2[nH]c3cnc(-c4nnc(C)c(C)n4)c(COC)c3c2c1,Zn2+,CCCOc1ccc2[nH]c3cnc(-c4nnc(C)c(C)n4)c(COC)c3c2c1.[Zn+2],1.389955
TRZ04285,Cc1nnc(-c2ccc(F)nc2N2CCOCC2)nc1C,Zn2+,Cc1nnc(-c2ccc(F)nc2N2CCOCC2)nc1C.[Zn+2],1.3895464
TRZ03690,Cc1nnc(-c2ccc(N3CCC(Cc4ccccc4C(F)(F)F)CC3)nn2)nc1C,Zn2+,Cc1nnc(-c2ccc(N3CCC(Cc4ccccc4C(F)(F)F)CC3)nn2)nc1C.[Zn+2],1.3894758
TRZ00286,Cc1nnc(-c2oc3nc(-c4ccccc4)cc(-c4ccco4)c3c2N)nc1C,Zn2+,Cc1nnc(-c2oc3nc(-c4ccccc4)cc(-c4ccco4)c3c2N)nc1C.[Zn+2],1.3890109
TRZ02064,Cc1nnc(-c2ccccc2NC(=O)/C(=C/c2ccccc2)NC(=O)c2ccccc2)nc1C,Zn2+,Cc1nnc(-c2ccccc2NC(=O)/C(=C/c2ccccc2)NC(=O)c2ccccc2)nc1C.[Zn+2],1.3877459
TRZ03156,[C-]#[N+]c1ccc(N(Cc2nnc(C)c(C)n2)CC(F)(F)F)cc1C(F)(F)F,Zn2+,[C-]#[N+]c1ccc(N(Cc2nnc(C)c(C)n2)CC(F)(F)F)cc1C(F)(F)F.[Zn+2],1.3874097
TRZ03805,Cc1nnc(C(NC(=O)OC(C)(C)C)c2cccc(C(F)(F)F)c2)nc1C,Zn2+,Cc1nnc(C(NC(=O)OC(C)(C)C)c2cccc(C(F)(F)F)c2)nc1C.[Zn+2],1.3871245
TRZ01358,Cc1nnc(CSc2c3ccccc3nc3cc([N+](=O)[O-])ccc23)nc1C,Zn2+,Cc1nnc(CSc2c3ccccc3nc3cc([N+](=O)[O-])ccc23)nc1C.[Zn+2],1.3857207
TRZ05927,Cc1nnc(-c2ncc(C(F)(F)F)cc2C2COCCN2)nc1C,Zn2+,Cc1nnc(-c2ncc(C(F)(F)F)cc2C2COCCN2)nc1C.[Zn+2],1.3854156
TRZ00775,Cc1nnc(-c2cn(Cc3ccccc3)c3ccccc23)nc1C,Zn2+,Cc1nnc(-c2cn(Cc3ccccc3)c3ccccc23)nc1C.[Zn+2],1.3841953
TRZ01994,Cc1nnc(Cn2nnc(N3CCOCC3)n2)nc1C,Zn2+,Cc1nnc(Cn2nnc(N3CCOCC3)n2)nc1C.[Zn+2],1.3790927
TRZ02308,Cc1nnc(-c2c(C)n(C)c3ccc(O)cc23)nc1C,Zn2+,Cc1nnc(-c2c(C)n(C)c3ccc(O)cc23)nc1C.[Zn+2],1.3790402
TRZ02737,Cc1nnc(-c2ccc(C(=O)O)cn2)nc1C,Zn2+,Cc1nnc(-c2ccc(C(=O)O)cn2)nc1C.[Zn+2],1.3788524
TRZ00263,CCOC(=O)c1c2ccc(OCc3nnc(C)c(C)n3)cc2n2ccccc12,Zn2+,CCOC(=O)c1c2ccc(OCc3nnc(C)c(C)n3)cc2n2ccccc12.[Zn+2],1.3779945
TRZ04047,Cc1nnc(-c2cc(C)c3cc(NCC(F)F)cc(C(C)(C)C)c3n2)nc1C,Zn2+,Cc1nnc(-c2cc(C)c3cc(NCC(F)F)cc(C(C)(C)C)c3n2)nc1C.[Zn+2],1.3772244
TRZ01242,Cc1nnc(CC(=O)Nc2ccccc2F)nc1C,Zn2+,Cc1nnc(CC(=O)Nc2ccccc2F)nc1C.[Zn+2],1.3749475
TRZ01568,COc1cccc(OC)c1C(=O)NCc1nnc(C)c(C)n1,Zn2+,COc1cccc(OC)c1C(=O)NCc1nnc(C)c(C)n1.[Zn+2],1.3749437
TRZ03866,Cc1nnc(C=Cn2cnc(-c3cc(Cl)cc(OC(F)(F)F)c3)n2)nc1C,Zn2+,Cc1nnc(C=Cn2cnc(-c3cc(Cl)cc(OC(F)(F)F)c3)n2)nc1C.[Zn+2],1.3726468
TRZ04124,Cc1nnc(-c2cn3cc(C(C)(F)F)cc(Cl)c3n2)nc1C,Zn2+,Cc1nnc(-c2cn3cc(C(C)(F)F)cc(Cl)c3n2)nc1C.[Zn+2],1.3710675
TRZ01126,Cc1nnc(-c2cc3c([nH]c4ccccc43)c(C)n2)nc1C,Zn2+,Cc1nnc(-c2cc3c([nH]c4ccccc43)c(C)n2)nc1C.[Zn+2],1.370646
TRZ05523,Cc1nnc(-c2nn(C)c3cccc(Nc4ccc(C(F)(F)F)cc4)c23)nc1C,Zn2+,Cc1nnc(-c2nn(C)c3cccc(Nc4ccc(C(F)(F)F)cc4)c23)nc1C.[Zn+2],1.3677607
TRZ03299,Cc1nnc([C@@H](Cc2ccc(F)cc2)NC(=O)OC(C)(C)C)nc1C,Zn2+,Cc1nnc([C@@H](Cc2ccc(F)cc2)NC(=O)OC(C)(C)C)nc1C.[Zn+2],1.3636689
TRZ02558,Cc1ccc(-c2c(-c3nnc(C)c(C)n3)ncn2-c2cccc(Cl)c2)cc1,Zn2+,Cc1ccc(-c2c(-c3nnc(C)c(C)n3)ncn2-c2cccc(Cl)c2)cc1.[Zn+2],1.360064
TRZ02639,Cc1nnc([C@H](Cc2c[nH]c3ccccc23)NC(=O)OC(C)(C)C)nc1C,Zn2+,Cc1nnc([C@H](Cc2c[nH]c3ccccc23)NC(=O)OC(C)(C)C)nc1C.[Zn+2],1.3582296
TRZ04475,Cc1nnc(C2CCCN2c2ccc(F)cc2)nc1C,Zn2+,Cc1nnc(C2CCCN2c2ccc(F)cc2)nc1C.[Zn+2],1.3580551
TRZ04473,C=N/C(C)=C(F)\C=C(\c1nnc(C)c(C)n1)C(C)Nc1cncc(C2CC2)c1,Zn2+,C=N/C(C)=C(F)\C=C(\c1nnc(C)c(C)n1)C(C)Nc1cncc(C2CC2)c1.[Zn+2],1.3567095
TRZ03848,COc1cc(Oc2cccc(OC(F)(F)F)c2)nc(-c2nnc(C)c(C)n2)c1,Zn2+,COc1cc(Oc2cccc(OC(F)(F)F)c2)nc(-c2nnc(C)c(C)n2)c1.[Zn+2],1.3561864
TRZ02506,Cc1ccccc1-c1nnc(SCc2nnc(C)c(C)n2)n1-c1ccccc1,Zn2+,Cc1ccccc1-c1nnc(SCc2nnc(C)c(C)n2)n1-c1ccccc1.[Zn+2],1.3542695
TRZ04873,Cc1nnc(-c2cc3c(c(F)c2Nc2ccc(I)cc2F)OCC3)nc1C,Zn2+,Cc1nnc(-c2cc3c(c(F)c2Nc2ccc(I)cc2F)OCC3)nc1C.[Zn+2],1.3531232
TRZ02101,Cc1nnc(C(=O)NCc2ccc(Cl)cc2F)nc1C,Zn2+,Cc1nnc(C(=O)NCc2ccc(Cl)cc2F)nc1C.[Zn+2],1.3525796
TRZ02454,Cc1nnc(-c2nc(C3CCCC3)[nH]c2C2CCCC2)nc1C,Zn2+,Cc1nnc(-c2nc(C3CCCC3)[nH]c2C2CCCC2)nc1C.[Zn+2],1.3501763
TRZ03732,Cc1nnc(-c2nn(Cc3ccc(Cl)cc3F)c3cc([N+](=O)[O-])ccc23)nc1C,Zn2+,Cc1nnc(-c2nn(Cc3ccc(Cl)cc3F)c3cc([N+](=O)[O-])ccc23)nc1C.[Zn+2],1.3497472
TRZ03840,CCNc1cc(Oc2cccc(C(F)(F)F)c2)nc(-c2nnc(C)c(C)n2)c1,Zn2+,CCNc1cc(Oc2cccc(C(F)(F)F)c2)nc(-c2nnc(C)c(C)n2)c1.[Zn+2],1.3485403
TRZ01356,Cc1nnc(CSc2c3ccccc3nc3ccccc23)nc1C,Zn2+,Cc1nnc(CSc2c3ccccc3nc3ccccc23)nc1C.[Zn+2],1.3483849
TRZ01510,Cc1nnc(Cn2nc(Cc3ccccc3)n(N)c2=O)nc1C,Zn2+,Cc1nnc(Cn2nc(Cc3ccccc3)n(N)c2=O)nc1C.[Zn+2],1.3443637
TRZ00056,Cc1nnc(-c2c[nH]c3ccccc23)nc1C,Zn2+,Cc1nnc(-c2c[nH]c3ccccc23)nc1C.[Zn+2],1.3428826
TRZ05653,Cc1nnc(-c2cc3c4nc(C(F)(F)F)ccc4ccn3n2)nc1C,Zn2+,Cc1nnc(-c2cc3c4nc(C(F)(F)F)ccc4ccn3n2)nc1C.[Zn+2],1.3424973
TRZ03536,Cc1nnc(C(=O)Nc2ccc(C3(C(C)(C)C)CCC(C(=O)O)CC3)cc2F)nc1C,Zn2+,Cc1nnc(C(=O)Nc2ccc(C3(C(C)(C)C)CCC(C(=O)O)CC3)cc2F)nc1C.[Zn+2],1.3422613
TRZ01240,Cc1nnc(-c2cc(=O)[nH][nH]2)nc1C,Zn2+,Cc1nnc(-c2cc(=O)[nH][nH]2)nc1C.[Zn+2],1.3410277
TRZ04988,Cc1nnc(C2(C)CCN(c3ccc(F)cc3)C2=O)nc1C,Zn2+,Cc1nnc(C2(C)CCN(c3ccc(F)cc3)C2=O)nc1C.[Zn+2],1.3408885
TRZ00610,Cc1nnc(COc2ccc(-c3nccc(-c4ccc(F)cc4)n3)cc2)nc1C,Zn2+,Cc1nnc(COc2ccc(-c3nccc(-c4ccc(F)cc4)n3)cc2)nc1C.[Zn+2],1.3401799
TRZ02266,Cc1nnc(CNc2cc(Cl)cc(Cl)c2)nc1C,Zn2+,Cc1nnc(CNc2cc(Cl)cc(Cl)c2)nc1C.[Zn+2],1.3392811
TRZ00538,Cc1nnc(-c2sc(-c3ccncc3)nc2-c2ccccc2)nc1C,Zn2+,Cc1nnc(-c2sc(-c3ccncc3)nc2-c2ccccc2)nc1C.[Zn+2],1.3388886
TRZ03423,Cc1nnc(-c2nn(Cc3ccc(Cl)cc3F)c3cc(CO)ccc23)nc1C,Zn2+,Cc1nnc(-c2nn(Cc3ccc(Cl)cc3F)c3cc(CO)ccc23)nc1C.[Zn+2],1.3378038
TRZ02058,Cc1nnc(C(Cc2ccccc2)NC(=O)C(C)(C)NC(=O)OCc2ccccc2)nc1C,Zn2+,Cc1nnc(C(Cc2ccccc2)NC(=O)C(C)(C)NC(=O)OCc2ccccc2)nc1C.[Zn+2],1.3378029
TRZ02328,Cc1nnc(-c2cc3c4c(c(N5CCOCC5)nc3s2)COC(C)(C)C4)nc1C,Zn2+,Cc1nnc(-c2cc3c4c(c(N5CCOCC5)nc3s2)COC(C)(C)C4)nc1C.[Zn+2],1.335866
TRZ03400,Cc1nnc(-c2nn(Cc3ccc(F)cc3F)c3cc(N(C)C)ccc23)nc1C,Zn2+,Cc1nnc(-c2nn(Cc3ccc(F)cc3F)c3cc(N(C)C)ccc23)nc1C.[Zn+2],1.335216
TRZ02531,CCOC(=O)c1cc(-c2ccc(Cl)cc2)n(Cc2nnc(C)c(C)n2)c1C,Zn2+,CCOC(=O)c1cc(-c2ccc(Cl)cc2)n(Cc2nnc(C)c(C)n2)c1C.[Zn+2],1.3341317
TRZ02570,CCCCNc1nc2oc(C)c(-c3nnc(C)c(C)n3)c2c(=O)n1-c1ccccc1,Zn2+,CCCCNc1nc2oc(C)c(-c3nnc(C)c(C)n3)c2c(=O)n1-c1ccccc1.[Zn+2],1.3333502
TRZ02590,Cc1nnc(-c2cc3ccccc3nc2N)nc1C,Zn2+,Cc1nnc(-c2cc3ccccc3nc2N)nc1C.[Zn+2],1.3331003
TRZ01587,Cc1nnc(-c2nnn(-c3cccc(C(F)(F)F)c3)c2N)nc1C,Zn2+,Cc1nnc(-c2nnn(-c3cccc(C(F)(F)F)c3)c2N)nc1C.[Zn+2],1.3318286
TRZ02703,Cc1nnc(-c2c(C)[nH]c3ccccc23)nc1C,Zn2+,Cc1nnc(-c2c(C)[nH]c3ccccc23)nc1C.[Zn+2],1.3316035
TRZ01773,Cc1nnc(-c2nc(-c3ccccc3)cc(N3CCC(O)CC3)n2)nc1C,Zn2+,Cc1nnc(-c2nc(-c3ccccc3)cc(N3CCC(O)CC3)n2)nc1C.[Zn+2],1.329123
TRZ02677,Cc1nnc(-c2cc3cccc([N+](=O)[O-])c3[nH]2)nc1C,Zn2+,Cc1nnc(-c2cc3cccc([N+](=O)[O-])c3[nH]2)nc1C.[Zn+2],1.3258781
TRZ02015,Cc1nnc(CN2C(=O)COc3ccccc32)nc1C,Zn2+,Cc1nnc(CN2C(=O)COc3ccccc32)nc1C.[Zn+2],1.3253036
TRZ02044,COc1ccc(Cl)cc1Nc1nc(C(F)(F)F)ccc1-c1nnc(C)c(C)n1,Zn2+,COc1ccc(Cl)cc1Nc1nc(C(F)(F)F)ccc1-c1nnc(C)c(C)n1.[Zn+2],1.3245788
TRZ05892,Cc1nnc(-c2nnn(-c3ccc(F)cc3)c2-c2cccc(F)c2F)nc1C,Zn2+,Cc1nnc(-c2nnn(-c3ccc(F)cc3)c2-c2cccc(F)c2F)nc1C.[Zn+2],1.3245425
TRZ02532,Cc1nc(-c2ccc(Cl)cc2)ccc1-c1nnc(C)c(C)n1,Zn2+,Cc1nc(-c2ccc(Cl)cc2)ccc1-c1nnc(C)c(C)n1.[Zn+2],1.3245225
TRZ00615,Cc1ccccc1-n1nc(-c2cccnc2)cc1-c1nnc(C)c(C)n1,Zn2+,Cc1ccccc1-n1nc(-c2cccnc2)cc1-c1nnc(C)c(C)n1.[Zn+2],1.322288
TRZ01812,Cc1nnc(CNc2nc(-c3ccccc3)nc3sc4c(c23)CCCC4)nc1C,Zn2+,Cc1nnc(CNc2nc(-c3ccccc3)nc3sc4c(c23)CCCC4)nc1C.[Zn+2],1.3220272
TRZ02288,Cc1nnc(Cn2c3ccccc3c3nc4ccccc4nc32)nc1C,Zn2+,Cc1nnc(Cn2c3ccccc3c3nc4ccccc4nc32)nc1C.[Zn+2],1.3209853
TRZ00664,COc1ccc(N2CCSC2c2nnc(C)c(C)n2)cc1,Zn2+,COc1ccc(N2CCSC2c2nnc(C)c(C)n2)cc1.[Zn+2],1.3198195
TRZ04699,Cc1nnc(C(F)(F)C(C)(O)c2cccc(NC(=O)O)c2)nc1C,Zn2+,Cc1nnc(C(F)(F)C(C)(O)c2cccc(NC(=O)O)c2)nc1C.[Zn+2],1.3193021
TRZ00893,Cc1nnc(CNC(=O)c2ccc(F)cc2)nc1C,Zn2+,Cc1nnc(CNC(=O)c2ccc(F)cc2)nc1C.[Zn+2],1.3188066
TRZ04857,Cc1nnc(CN2CCc3sc(-c4cccc(F)c4)cc3C2)nc1C,Zn2+,Cc1nnc(CN2CCc3sc(-c4cccc(F)c4)cc3C2)nc1C.[Zn+2],1.3168483
TRZ00045,COc1ccccc1-c1cc(-c2nnc(C)c(C)n2)[nH]n1,Zn2+,COc1ccccc1-c1cc(-c2nnc(C)c(C)n2)[nH]n1.[Zn+2],1.3132944
TRZ00681,Cc1nnc(CC(=O)Nc2nccs2)nc1C,Zn2+,Cc1nnc(CC(=O)Nc2nccs2)nc1C.[Zn+2],1.3123336
TRZ01579,Cc1nnc(CC(=O)Nc2ccc([N+](=O)[O-])cc2)nc1C,Zn2+,Cc1nnc(CC(=O)Nc2ccc([N+](=O)[O-])cc2)nc1C.[Zn+2],1.3122287
TRZ04181,Cc1nnc(C2CC(C)(S(=O)(=O)c3cccc(C(F)(F)F)c3)CCO2)nc1C,Zn2+,Cc1nnc(C2CC(C)(S(=O)(=O)c3cccc(C(F)(F)F)c3)CCO2)nc1C.[Zn+2],1.309567
TRZ01617,CCOC(=O)c1sc(N)c(-c2nnc(C)c(C)n2)c1C,Zn2+,CCOC(=O)c1sc(N)c(-c2nnc(C)c(C)n2)c1C.[Zn+2],1.3090367
TRZ05660,Cc1nnc(-c2cn3c(ccc4c(=O)cc(C(F)(F)C(F)(F)F)[nH]c43)n2)nc1C,Zn2+,Cc1nnc(-c2cn3c(ccc4c(=O)cc(C(F)(F)C(F)(F)F)[nH]c43)n2)nc1C.[Zn+2],1.3080006
TRZ02786,Cc1nnc(Cc2ccc(Cl)cn2)nc1C,Zn2+,Cc1nnc(Cc2ccc(Cl)cn2)nc1C.[Zn+2],1.3073936
TRZ00990,COc1ccc(NC(=O)Cc2nnc(C)c(C)n2)c(OC)c1,Zn2+,COc1ccc(NC(=O)Cc2nnc(C)c(C)n2)c(OC)c1.[Zn+2],1.3042326
TRZ03694,Cc1nnc(-c2nn3ccnc3cc2Nc2ccc(Br)cc2F)nc1C,Zn2+,Cc1nnc(-c2nn3ccnc3cc2Nc2ccc(Br)cc2F)nc1C.[Zn+2],1.3005095
TRZ00482,Cc1nnc(-c2c(C)nc3ccc(Cl)cn23)nc1C,Zn2+,Cc1nnc(-c2c(C)nc3ccc(Cl)cn23)nc1C.[Zn+2],1.298657
TRZ00592,Cc1nnc(-c2ccncc2N)nc1C,Zn2+,Cc1nnc(-c2ccncc2N)nc1C.[Zn+2],1.2986207
TRZ02250,Cc1nnc(C2=CN(Cc3ccccc3)C=CC2)nc1C,Zn2+,Cc1nnc(C2=CN(Cc3ccccc3)C=CC2)nc1C.[Zn+2],1.2983661
TRZ02289,Cc1nnc(-c2ccccc2NC(=O)c2ccco2)nc1C,Zn2+,Cc1nnc(-c2ccccc2NC(=O)c2ccco2)nc1C.[Zn+2],1.2937207
TRZ02978,Cc1nnc(C[C@@H]2C[C@]3(NC(=O)NC3=O)c3cc(F)ccc3O2)nc1C,Zn2+,Cc1nnc(C[C@@H]2C[C@]3(NC(=O)NC3=O)c3cc(F)ccc3O2)nc1C.[Zn+2],1.2934346
TRZ05256,Cc1nnc(Cn2ncc3ncc(-c4ccc(F)c(C(F)F)c4)cc32)nc1C,Zn2+,Cc1nnc(Cn2ncc3ncc(-c4ccc(F)c(C(F)F)c4)cc32)nc1C.[Zn+2],1.2919497
TRZ01844,Cc1nnc(-c2ncc[nH]2)nc1C,Zn2+,Cc1nnc(-c2ncc[nH]2)nc1C.[Zn+2],1.2912345
TRZ02274,Cc1nnc(C(=O)n2ccnc2)nc1C,Zn2+,Cc1nnc(C(=O)n2ccnc2)nc1C.[Zn+2],1.2912021
TRZ02641,Cc1nnc(Cc2csc3nc(-c4ccc(Cl)cc4)cn23)nc1C,Zn2+,Cc1nnc(Cc2csc3nc(-c4ccc(Cl)cc4)cn23)nc1C.[Zn+2],1.290626
TRZ05507,Cc1nnc(-c2ccnc(-c3ccc(OC(F)(F)F)cc3)n2)nc1C,Zn2+,Cc1nnc(-c2ccnc(-c3ccc(OC(F)(F)F)cc3)n2)nc1C.[Zn+2],1.2901187
TRZ04024,Cc1nnc(-c2ccccc2Nc2cc(F)c(F)c(C)c2F)nc1C,Zn2+,Cc1nnc(-c2ccccc2Nc2cc(F)c(F)c(C)c2F)nc1C.[Zn+2],1.2882752
TRZ02422,Cc1nnc(CSCCS(=O)(=O)c2ccccc2)nc1C,Zn2+,Cc1nnc(CSCCS(=O)(=O)c2ccccc2)nc1C.[Zn+2],1.2858315
TRZ01481,Cc1nnc(-c2cn[nH]c2C)nc1C,Zn2+,Cc1nnc(-c2cn[nH]c2C)nc1C.[Zn+2],1.2838292
TRZ01739,Cc1nnc(-c2cc3ccc(OCc4cccc(Br)c4)cc3oc2=O)nc1C,Zn2+,Cc1nnc(-c2cc3ccc(OCc4cccc(Br)c4)cc3oc2=O)nc1C.[Zn+2],1.2833767
TRZ02136,Cc1nnc(-c2nc(-c3ccccc3)n(-c3ccccc3)n2)nc1C,Zn2+,Cc1nnc(-c2nc(-c3ccccc3)n(-c3ccccc3)n2)nc1C.[Zn+2],1.2831826
TRZ03475,Cc1cc(Br)ccc1Nc1c(-c2nnc(C)c(C)n2)cc2[nH]cnc2c1F,Zn2+,Cc1cc(Br)ccc1Nc1c(-c2nnc(C)c(C)n2)cc2[nH]cnc2c1F.[Zn+2],1.2820506
TRZ05503,COc1ccc(-c2cncc(-c3nnc(C)c(C)n3)n2)c(C(F)(F)F)c1,Zn2+,COc1ccc(-c2cncc(-c3nnc(C)c(C)n3)n2)c(C(F)(F)F)c1.[Zn+2],1.2798333
TRZ00910,Cc1nnc(-c2cc3c(N4CCC(Cc5ccccc5)CC4)ncnc3s2)nc1C,Zn2+,Cc1nnc(-c2cc3c(N4CCC(Cc5ccccc5)CC4)ncnc3s2)nc1C.[Zn+2],1.2769828
TRZ01244,COc1ccccc1NC(=O)Cc1nnc(C)c(C)n1,Zn2+,COc1ccccc1NC(=O)Cc1nnc(C)c(C)n1.[Zn+2],1.2742691
TRZ02451,Cc1nnc(C2(C)NC(C)(C)Cc3ccccc32)nc1C,Zn2+,Cc1nnc(C2(C)NC(C)(C)Cc3ccccc32)nc1C.[Zn+2],1.2742548
TRZ03168,Cc1nnc(C[C@@H](Cc2cc(F)ccc2F)NC(=O)OC(C)(C)C)nc1C,Zn2+,Cc1nnc(C[C@@H](Cc2cc(F)ccc2F)NC(=O)OC(C)(C)C)nc1C.[Zn+2],1.2734165
TRZ03503,COC(=O)C1CCC(Oc2ncc(NC(=O)c3nnc(C)c(C)n3)cc2F)CC1,Zn2+,COC(=O)C1CCC(Oc2ncc(NC(=O)c3nnc(C)c(C)n3)cc2F)CC1.[Zn+2],1.2678165
TRZ03167,Cc1nnc(-c2c(Nc3ccc(Br)cc3F)c(F)c(=O)n3c2CCC3)nc1C,Zn2+,Cc1nnc(-c2c(Nc3ccc(Br)cc3F)c(F)c(=O)n3c2CCC3)nc1C.[Zn+2],1.2672596
TRZ01472,Cc1nnc(C(=O)NCc2ccc(Cl)cc2)nc1C,Zn2+,Cc1nnc(C(=O)NCc2ccc(Cl)cc2)nc1C.[Zn+2],1.2669334
TRZ01977,Cc1ccn2c(-c3nnc(C)c(C)n3)c(C)nc2c1,Zn2+,Cc1ccn2c(-c3nnc(C)c(C)n3)c(C)nc2c1.[Zn+2],1.266931
TRZ04431,COC(=O)C1CN(CCc2nnc(C)c(C)n2)C[C@H]1c1ccc(F)cc1F,Zn2+,COC(=O)C1CN(CCc2nnc(C)c(C)n2)C[C@H]1c1ccc(F)cc1F.[Zn+2],1.2659569
TRZ02194,Cc1nnc(C2CC(=O)N(c3ccc(F)cc3)C2)nc1C,Zn2+,Cc1nnc(C2CC(=O)N(c3ccc(F)cc3)C2)nc1C.[Zn+2],1.2648382
TRZ01872,Cc1nnc(-c2csc(-c3cccc(-n4cccc4)c3)n2)nc1C,Zn2+,Cc1nnc(-c2csc(-c3cccc(-n4cccc4)c3)n2)nc1C.[Zn+2],1.2642503
TRZ05935,COC(Cc1nnc(C)c(C)n1)=C1Nc2c(C)cc(F)cc2NC1(C)C,Zn2+,COC(Cc1nnc(C)c(C)n1)=C1Nc2c(C)cc(F)cc2NC1(C)C.[Zn+2],1.2581444
TRZ00964,Cc1nnc(-c2nnn(Nc3ccc(F)cc3)c2C)nc1C,Zn2+,Cc1nnc(-c2nnn(Nc3ccc(F)cc3)c2C)nc1C.[Zn+2],1.2578168
TRZ03813,COc1cc(OCCNCc2ccc(C(F)(F)F)cc2)ccc1-c1nnc(C)c(C)n1,Zn2+,COc1cc(OCCNCc2ccc(C(F)(F)F)cc2)ccc1-c1nnc(C)c(C)n1.[Zn+2],1.2568846
TRZ05785,Cc1nnc(-c2c(-c3ccc(F)cc3)[nH]c3c(F)cc(F)cc23)nc1C,Zn2+,Cc1nnc(-c2c(-c3ccc(F)cc3)[nH]c3c(F)cc(F)cc23)nc1C.[Zn+2],1.256288
TRZ00114,Cc1ccc(NC(=O)c2[nH]cnc2-c2nnc(C)c(C)n2)cc1,Zn2+,Cc1ccc(NC(=O)c2[nH]cnc2-c2nnc(C)c(C)n2)cc1.[Zn+2],1.2555108
TRZ02359,Cc1nnc(-c2cc(C)n(-c3ccccc3)c2C)nc1C,Zn2+,Cc1nnc(-c2cc(C)n(-c3ccccc3)c2C)nc1C.[Zn+2],1.2548137
TRZ04233,Cc1nnc(C(C)N=Cc2cc(F)cc(F)c2)nc1C,Zn2+,Cc1nnc(C(C)N=Cc2cc(F)cc(F)c2)nc1C.[Zn+2],1.2508788
TRZ00319,COc1ccc2nc(SCc3nnc(C)c(C)n3)cc(C)c2c1,Zn2+,COc1ccc2nc(SCc3nnc(C)c(C)n3)cc(C)c2c1.[Zn+2],1.250133
TRZ01427,Cc1nnc([C@H](Cc2ccc(O)cc2)NC(=O)c2ccccc2)nc1C,Zn2+,Cc1nnc([C@H](Cc2ccc(O)cc2)NC(=O)c2ccccc2)nc1C.[Zn+2],1.2491808
TRZ01059,Cc1nnc(-c2nc(-c3ccccc3)cc(N3CCc4ccccc4C3)n2)nc1C,Zn2+,Cc1nnc(-c2nc(-c3ccccc3)cc(N3CCc4ccccc4C3)n2)nc1C.[Zn+2],1.2481966
TRZ04511,Cc1nnc(-c2ccc(CC3(c4ccc(F)c(Cl)c4)CN(C(N)=O)CCO3)nc2)nc1C,Zn2+,Cc1nnc(-c2ccc(CC3(c4ccc(F)c(Cl)c4)CN(C(N)=O)CCO3)nc2)nc1C.[Zn+2],1.2467198
TRZ03266,Cc1nnc(-c2nc(Cc3ccccc3F)n3ccccc23)nc1C,Zn2+,Cc1nnc(-c2nc(Cc3ccccc3F)n3ccccc23)nc1C.[Zn+2],1.2458892
TRZ04845,COC(=O)[C@@H]1CN(CCc2nnc(C)c(C)n2)C[C@H]1c1ccc(F)cc1F,Zn2+,COC(=O)[C@@H]1CN(CCc2nnc(C)c(C)n2)C[C@H]1c1ccc(F)cc1F.[Zn+2],1.2453375
TRZ04030,C=C(C)OC(=O)C1CCC(c2ccc(NC(=O)c3nnc(C)c(C)n3)c(F)c2)CC1,Zn2+,C=C(C)OC(=O)C1CCC(c2ccc(NC(=O)c3nnc(C)c(C)n3)c(F)c2)CC1.[Zn+2],1.2450485
TRZ05124,Cc1nnc(-c2cccnc2-c2ccc(C(F)(F)F)cc2)nc1C,Zn2+,Cc1nnc(-c2cccnc2-c2ccc(C(F)(F)F)cc2)nc1C.[Zn+2],1.2437143
TRZ02316,Cc1nnc(-c2c(NC(=O)c3ccc(Cl)cc3)sc(C)c2C)nc1C,Zn2+,Cc1nnc(-c2c(NC(=O)c3ccc(Cl)cc3)sc(C)c2C)nc1C.[Zn+2],1.2426243
TRZ00106,Cc1nnc(COc2ccc3c(C)cc(=O)oc3c2)nc1C,Zn2+,Cc1nnc(COc2ccc3c(C)cc(=O)oc3c2)nc1C.[Zn+2],1.2423697
TRZ03021,CO/C=C(/c1nnc(C)c(C)n1)c1ccccc1/C(=N/OC(C)=O)c1cccc(C(F)(F)F)c1,Zn2+,CO/C=C(/c1nnc(C)c(C)n1)c1ccccc1/C(=N/OC(C)=O)c1cccc(C(F)(F)F)c1.[Zn+2],1.2421765
TRZ02042,Cc1nnc(/C(=C/c2cccc([N+](=O)[O-])c2)NC(=O)c2ccccc2)nc1C,Zn2+,Cc1nnc(/C(=C/c2cccc([N+](=O)[O-])c2)NC(=O)c2ccccc2)nc1C.[Zn+2],1.2401958
TRZ00098,Cc1nnc(-c2cncn2C)nc1C,Zn2+,Cc1nnc(-c2cncn2C)nc1C.[Zn+2],1.2392244
TRZ02589,Cc1nnc(Cn2ncc3ccccc32)nc1C,Zn2+,Cc1nnc(Cn2ncc3ccccc32)nc1C.[Zn+2],1.2391391
TRZ05353,Cc1nnc(-c2cc3c(NC4CCN(C)CC4F)cccc3n2CC(F)(F)F)nc1C,Zn2+,Cc1nnc(-c2cc3c(NC4CCN(C)CC4F)cccc3n2CC(F)(F)F)nc1C.[Zn+2],1.2348504
TRZ02151,Cc1nnc(-c2cnn(-c3ccccc3F)c2C)nc1C,Zn2+,Cc1nnc(-c2cnn(-c3ccccc3F)c2C)nc1C.[Zn+2],1.2341361
TRZ00934,Cc1nnc(-c2ccc(CN3CCCCC3)o2)nc1C,Zn2+,Cc1nnc(-c2ccc(CN3CCCCC3)o2)nc1C.[Zn+2],1.2340093
TRZ00067,Cc1nnc(-c2cn3ccccc3n2)nc1C,Zn2+,Cc1nnc(-c2cn3ccccc3n2)nc1C.[Zn+2],1.232698
TRZ01206,Cc1cc2ncn(Cc3nnc(C)c(C)n3)c2cc1C,Zn2+,Cc1cc2ncn(Cc3nnc(C)c(C)n3)c2cc1C.[Zn+2],1.2323728
TRZ01561,Cc1nnc(/C(=C/c2ccc([N+](=O)[O-])cc2)NC(=O)c2ccc(Br)cc2)nc1C,Zn2+,Cc1nnc(/C(=C/c2ccc([N+](=O)[O-])cc2)NC(=O)c2ccc(Br)cc2)nc1C.[Zn+2],1.2307725
TRZ05761,Cc1nnc(-c2cnc(NCCc3cccc(F)c3)nc2)nc1C,Zn2+,Cc1nnc(-c2cnc(NCCc3cccc(F)c3)nc2)nc1C.[Zn+2],1.2289133
TRZ03816,Cc1nnc(-c2cc(C(C)C(O)(Cn3cncn3)c3ccc(F)cc3F)ccn2)nc1C,Zn2+,Cc1nnc(-c2cc(C(C)C(O)(Cn3cncn3)c3ccc(F)cc3F)ccn2)nc1C.[Zn+2],1.2278028
TRZ03842,COc1ccc(Oc2cccc(-c3nnc(C)c(C)n3)n2)cc1C(F)(F)F,Zn2+,COc1ccc(Oc2cccc(-c3nnc(C)c(C)n3)n2)cc1C(F)(F)F.[Zn+2],1.2270875
TRZ05347,COCc1cc(OC(F)(F)F)ccc1-c1cnc(Cc2nnc(C)c(C)n2)cn1,Zn2+,COCc1cc(OC(F)(F)F)ccc1-c1cnc(Cc2nnc(C)c(C)n2)cn1.[Zn+2],1.2223186
TRZ04287,COCC(C)(C)Nc1cc(C(F)(F)F)cnc1-c1nnc(C)c(C)n1,Zn2+,COCC(C)(C)Nc1cc(C(F)(F)F)cnc1-c1nnc(C)c(C)n1.[Zn+2],1.2180362
TRZ03497,COC(CCO)(c1ccc(F)cc1)c1nnc(C)c(C)n1,Zn2+,COC(CCO)(c1ccc(F)cc1)c1nnc(C)c(C)n1.[Zn+2],1.21772
TRZ05165,Cc1nnc(-c2cc(-c3ccc4ncnc(C)c4c3)c(-c3ccc(F)cc3)nc2N)nc1C,Zn2+,Cc1nnc(-c2cc(-c3ccc4ncnc(C)c4c3)c(-c3ccc(F)cc3)nc2N)nc1C.[Zn+2],1.2173481
TRZ00071,Cc1nnc(CSc2nnc(-c3ccccc3)n2-c2ccccc2)nc1C,Zn2+,Cc1nnc(CSc2nnc(-c3ccccc3)n2-c2ccccc2)nc1C.[Zn+2],1.2152467
TRZ00149,Cc1nnc(-c2[nH]c3ccccc3c2-c2ccccc2)nc1C,Zn2+,Cc1nnc(-c2[nH]c3ccccc3c2-c2ccccc2)nc1C.[Zn+2],1.2147126
TRZ01565,COc1cc(/C=C(/NC(=O)c2ccc(Cl)cc2)c2nnc(C)c(C)n2)cc(OC)c1OC,Zn2+,COc1cc(/C=C(/NC(=O)c2ccc(Cl)cc2)c2nnc(C)c(C)n2)cc(OC)c1OC.[Zn+2],1.2127423
TRZ04908,CC1=C(c2nnc(C)c(C)n2)C(c2ccc(F)cc2Cl)N=C(c2ncccc2F)N1,Zn2+,CC1=C(c2nnc(C)c(C)n2)C(c2ccc(F)cc2Cl)N=C(c2ncccc2F)N1.[Zn+2],1.2126031
TRZ00367,COc1ccc(N(C)c2nc(C)nc3ccccc23)cc1OC(C)(C)c1nnc(C)c(C)n1,Zn2+,COc1ccc(N(C)c2nc(C)nc3ccccc23)cc1OC(C)(C)c1nnc(C)c(C)n1.[Zn+2],1.2123613
TRZ02720,Cc1nnc(-c2ccccc2NS(C)(=O)=O)nc1C,Zn2+,Cc1nnc(-c2ccccc2NS(C)(=O)=O)nc1C.[Zn+2],1.2120886
TRZ01639,Cc1nnc(-c2c(N)sc3c2CCCCCC3)nc1C,Zn2+,Cc1nnc(-c2c(N)sc3c2CCCCCC3)nc1C.[Zn+2],1.2112222
TRZ00843,CSc1ncccc1-c1nnc(C)c(C)n1,Zn2+,CSc1ncccc1-c1nnc(C)c(C)n1.[Zn+2],1.2083015
TRZ01396,CC(=O)Nc1ccc(C(=O)N/C(=C\C=C\c2ccccc2)c2nnc(C)c(C)n2)cc1,Zn2+,CC(=O)Nc1ccc(C(=O)N/C(=C\C=C\c2ccccc2)c2nnc(C)c(C)n2)cc1.[Zn+2],1.2053599
TRZ05497,CCOc1ccc(-c2cncc(-c3nnc(C)c(C)n3)n2)c(F)c1,Zn2+,CCOc1ccc(-c2cncc(-c3nnc(C)c(C)n3)n2)c(F)c1.[Zn+2],1.2046523
TRZ01193,Cc1nnc(C(=O)/C=C2\NC3(CCCC3)Cc3ccccc32)nc1C,Zn2+,Cc1nnc(C(=O)/C=C2\NC3(CCCC3)Cc3ccccc32)nc1C.[Zn+2],1.2033839
TRZ01810,Cc1ccc(-c2nn(-c3ccccc3)cc2C(O)C(F)(F)c2nnc(C)c(C)n2)cc1,Zn2+,Cc1ccc(-c2nn(-c3ccccc3)cc2C(O)C(F)(F)c2nnc(C)c(C)n2)cc1.[Zn+2],1.2028975
TRZ00844,Cc1nnc(-c2ncn[nH]2)nc1C,Zn2+,Cc1nnc(-c2ncn[nH]2)nc1C.[Zn+2],1.2017794
TRZ02996,Cc1nnc(C2=Nc3ccc(F)cc3C(c3ccccc3)=NC2)nc1C,Zn2+,Cc1nnc(C2=Nc3ccc(F)cc3C(c3ccccc3)=NC2)nc1C.[Zn+2],1.2008309
TRZ03731,Cc1nnc(-c2nn(Cc3ccc(F)cc3F)c3cc(N)ccc23)nc1C,Zn2+,Cc1nnc(-c2nn(Cc3ccc(F)cc3F)c3cc(N)ccc23)nc1C.[Zn+2],1.1959596
TRZ00219,Cc1nnc(-c2cn(C)c3ccccc23)nc1C,Zn2+,Cc1nnc(-c2cn(C)c3ccccc23)nc1C.[Zn+2],1.194727
TRZ00976,Cc1nnc(-c2cn(COCCO)c3ccc(F)cc3c2=O)nc1C,Zn2+,Cc1nnc(-c2cn(COCCO)c3ccc(F)cc3c2=O)nc1C.[Zn+2],1.1943326
TRZ05215,Cc1nnc(-c2cnc(Br)c(F)c2)nc1C,Zn2+,Cc1nnc(-c2cnc(Br)c(F)c2)nc1C.[Zn+2],1.1943269
TRZ00733,Cc1nnc(Cn2ccnn2)nc1C,Zn2+,Cc1nnc(Cn2ccnn2)nc1C.[Zn+2],1.1938787
TRZ01804,COC1CCN(c2cc(-c3ccccc3)nc(-c3nnc(C)c(C)n3)n2)C1,Zn2+,COC1CCN(c2cc(-c3ccccc3)nc(-c3nnc(C)c(C)n3)n2)C1.[Zn+2],1.1934619
TRZ02345,Cc1nnc(CNC(=O)c2cc(Cl)ccc2Cl)nc1C,Zn2+,Cc1nnc(CNC(=O)c2cc(Cl)ccc2Cl)nc1C.[Zn+2],1.1923513
TRZ03873,Cc1nnc(-c2cc(Oc3ccc(F)cc3Cl)ccc2[N+](=O)[O-])nc1C,Zn2+,Cc1nnc(-c2cc(Oc3ccc(F)cc3Cl)ccc2[N+](=O)[O-])nc1C.[Zn+2],1.1908393
TRZ02197,Cc1nnc(-c2c(O)c3cc(F)cc4c3n(c2=O)C(C)CC4)nc1C,Zn2+,Cc1nnc(-c2c(O)c3cc(F)cc4c3n(c2=O)C(C)CC4)nc1C.[Zn+2],1.1884618
TRZ00583,COc1ccc2nc(C)c(-c3nnc(C)c(C)n3)cc2c1,Zn2+,COc1ccc2nc(C)c(-c3nnc(C)c(C)n3)cc2c1.[Zn+2],1.1874633
TRZ01148,Cc1nnc(-c2cc(-c3ccccc3)nn2Cc2ccccc2)nc1C,Zn2+,Cc1nnc(-c2cc(-c3ccccc3)nn2Cc2ccccc2)nc1C.[Zn+2],1.186707
TRZ01879,Cc1nnc(-c2cncn2-c2ccccc2)nc1C,Zn2+,Cc1nnc(-c2cncn2-c2ccccc2)nc1C.[Zn+2],1.1858048
TRZ02813,Cc1nnc(-c2cc(C)n(-c3ccc(F)cc3)c2C)nc1C,Zn2+,Cc1nnc(-c2cc(C)n(-c3ccc(F)cc3)c2C)nc1C.[Zn+2],1.1857038
TRZ00589,Cc1nnc(C2C(O)CCC3CN4CCc5c([nH]c6ccccc56)C4CC32)nc1C,Zn2+,Cc1nnc(C2C(O)CCC3CN4CCc5c([nH]c6ccccc56)C4CC32)nc1C.[Zn+2],1.185318
TRZ03838,Cc1cc(Oc2cccc(C(F)(F)F)c2)nc(-c2nnc(C)c(C)n2)c1,Zn2+,Cc1cc(Oc2cccc(C(F)(F)F)c2)nc(-c2nnc(C)c(C)n2)c1.[Zn+2],1.1821055
TRZ01873,Cc1nnc(Cn2c(C)cc(=O)n3ncnc23)nc1C,Zn2+,Cc1nnc(Cn2c(C)cc(=O)n3ncnc23)nc1C.[Zn+2],1.1801906
TRZ05732,Cc1nnc(-c2cncc(-c3ccc(OC(F)F)cc3)n2)nc1C,Zn2+,Cc1nnc(-c2cncc(-c3ccc(OC(F)F)cc3)n2)nc1C.[Zn+2],1.1768932
TRZ01431,Cc1ccc(-c2nnc(SCc3nnc(C)c(C)n3)n2-c2ccccc2)cc1,Zn2+,Cc1ccc(-c2nnc(SCc3nnc(C)c(C)n3)n2-c2ccccc2)cc1.[Zn+2],1.1766214
TRZ03126,Cc1nnc(-c2cccnc2NCc2ccc(F)cc2)nc1C,Zn2+,Cc1nnc(-c2cccnc2NCc2ccc(F)cc2)nc1C.[Zn+2],1.1760621
TRZ02472,Cc1nnc(C(C)Oc2ccc3c(C)cc(=O)oc3c2)nc1C,Zn2+,Cc1nnc(C(C)Oc2ccc3c(C)cc(=O)oc3c2)nc1C.[Zn+2],1.1757569
TRZ01815,Cc1nnc(CNc2ncnc3sc4c(c23)CCCC4)nc1C,Zn2+,Cc1nnc(CNc2ncnc3sc4c(c23)CCCC4)nc1C.[Zn+2],1.1756635
TRZ02709,Cc1nnc(-c2cn(C3CCN(C(=O)OC(C)(C)C)CC3)nn2)nc1C,Zn2+,Cc1nnc(-c2cn(C3CCN(C(=O)OC(C)(C)C)CC3)nn2)nc1C.[Zn+2],1.1745081
TRZ01774,Cc1nnc(-c2nc(-c3ccccc3)cc(N3CCCc4ccccc4C3)n2)nc1C,Zn2+,Cc1nnc(-c2nc(-c3ccccc3)cc(N3CCCc4ccccc4C3)n2)nc1C.[Zn+2],1.17448
TRZ02334,COc1ccc(-c2nnc(SCc3nnc(C)c(C)n3)n2-c2ccccc2)cc1,Zn2+,COc1ccc(-c2nnc(SCc3nnc(C)c(C)n3)n2-c2ccccc2)cc1.[Zn+2],1.174336
TRZ01581,Cc1nnc(-c2cc3c(cn2)sc2ccccc23)nc1C,Zn2+,Cc1nnc(-c2cc3c(cn2)sc2ccccc23)nc1C.[Zn+2],1.1737084
TRZ03597,Cc1nnc(C(NC(=O)O)c2cccc(C(F)(F)F)c2)nc1C,Zn2+,Cc1nnc(C(NC(=O)O)c2cccc(C(F)(F)F)c2)nc1C.[Zn+2],1.1713686
TRZ01982,Cc1nnc(COc2ccc(I)cc2)nc1C,Zn2+,Cc1nnc(COc2ccc(I)cc2)nc1C.[Zn+2],1.1709857
TRZ02070,Cc1nnc(C2(C#N)C(C#N)C2c2ccc(F)cc2)nc1C,Zn2+,Cc1nnc(C2(C#N)C(C#N)C2c2ccc(F)cc2)nc1C.[Zn+2],1.1683803
TRZ05492,CCOc1ccc(-c2cncc(-c3nnc(C)c(C)n3)n2)c(C(F)(F)F)c1,Zn2+,CCOc1ccc(-c2cncc(-c3nnc(C)c(C)n3)n2)c(C(F)(F)F)c1.[Zn+2],1.1665087
TRZ04632,Cc1nnc(-c2cn3c(ccc4c(C(F)(F)F)cc(=O)[nH]c43)n2)nc1C,Zn2+,Cc1nnc(-c2cn3c(ccc4c(C(F)(F)F)cc(=O)[nH]c43)n2)nc1C.[Zn+2],1.1659489
TRZ00655,Cc1nnc(-c2nc[nH]c2C(=O)Nc2ccccc2)nc1C,Zn2+,Cc1nnc(-c2nc[nH]c2C(=O)Nc2ccccc2)nc1C.[Zn+2],1.1644559
TRZ02033,COc1ccc2[nH]c(-c3nnc(C)c(C)n3)cc2c1,Zn2+,COc1ccc2[nH]c(-c3nnc(C)c(C)n3)cc2c1.[Zn+2],1.1607418
TRZ02779,Cc1nnc(CN2C(=O)CSc3ccccc32)nc1C,Zn2+,Cc1nnc(CN2C(=O)CSc3ccccc32)nc1C.[Zn+2],1.1579232
TRZ00299,Cc1nnc(Cn2c(-c3ccccc3)cc3ccccc32)nc1C,Zn2+,Cc1nnc(Cn2c(-c3ccccc3)cc3ccccc32)nc1C.[Zn+2],1.1576033
TRZ05296,Cc1nnc(C(C)NC(=O)c2cc(Cl)cc(S(=O)(=O)C(F)(F)F)c2)nc1C,Zn2+,Cc1nnc(C(C)NC(=O)c2cc(Cl)cc(S(=O)(=O)C(F)(F)F)c2)nc1C.[Zn+2],1.1575947
TRZ05315,Cc1nnc(Cc2ccc(C(F)F)cn2)nc1C,Zn2+,Cc1nnc(Cc2ccc(C(F)F)cn2)nc1C.[Zn+2],1.1564994
TRZ02653,Cc1nnc(Cc2nc3ccccc3s2)nc1C,Zn2+,Cc1nnc(Cc2nc3ccccc3s2)nc1C.[Zn+2],1.156208
TRZ05225,Cc1cc(-c2cc(-c3nnc(C)c(C)n3)c(N)nc2-c2ccc(F)cc2)cc(Cl)n1,Zn2+,Cc1cc(-c2cc(-c3nnc(C)c(C)n3)c(N)nc2-c2ccc(F)cc2)cc(Cl)n1.[Zn+2],1.1519294
TRZ01153,Cc1nnc(-c2c(N)sc3c2CCCCC3)nc1C,Zn2+,Cc1nnc(-c2c(N)sc3c2CCCCC3)nc1C.[Zn+2],1.1513138
TRZ01641,Cc1nnc(-c2c(N)cccc2F)nc1C,Zn2+,Cc1nnc(-c2c(N)cccc2F)nc1C.[Zn+2],1.1512017
TRZ01020,COCCOc1ccc(-c2cc(-c3ccccc3)nc(-c3nnc(C)c(C)n3)n2)cc1,Zn2+,COCCOc1ccc(-c2cc(-c3ccccc3)nc(-c3nnc(C)c(C)n3)n2)cc1.[Zn+2],1.1510468
TRZ01824,CCN(CC)c1nc2oc(C)c(-c3nnc(C)c(C)n3)c2c(=O)n1-c1ccc(C)cc1,Zn2+,CCN(CC)c1nc2oc(C)c(-c3nnc(C)c(C)n3)c2c(=O)n1-c1ccc(C)cc1.[Zn+2],1.1468015
TRZ01332,Cc1nnc(C2=CO[C@@H](C)[C@@H]3CN4CCc5c(n(C)c6ccccc56)[C@@H]4C[C@H]23)nc1C,Zn2+,Cc1nnc(C2=CO[C@@H](C)[C@@H]3CN4CCc5c(n(C)c6ccccc56)[C@@H]4C[C@H]23)nc1C.[Zn+2],1.1448321
TRZ03323,Cc1nnc(C(=O)NCc2ccc(F)cc2F)nc1C,Zn2+,Cc1nnc(C(=O)NCc2ccc(F)cc2F)nc1C.[Zn+2],1.1440859
TRZ00239,Cc1nnc(-c2nn(Cc3ccc(Cl)cc3Cl)c3ccccc23)nc1C,Zn2+,Cc1nnc(-c2nn(Cc3ccc(Cl)cc3Cl)c3ccccc23)nc1C.[Zn+2],1.1425419
TRZ02178,Cc1nnc([C@H](N)Cc2ccccc2)nc1C,Zn2+,Cc1nnc([C@H](N)Cc2ccccc2)nc1C.[Zn+2],1.1413579
TRZ02751,Cc1nnc(C2Oc3ccccc3NC2=O)nc1C,Zn2+,Cc1nnc(C2Oc3ccccc3NC2=O)nc1C.[Zn+2],1.14084
TRZ00665,Cc1nnc(-c2[nH]nc(-c3ccccc3)c2C)nc1C,Zn2+,Cc1nnc(-c2[nH]nc(-c3ccccc3)c2C)nc1C.[Zn+2],1.1400251
TRZ04959,Cc1nnc(C2CCN(c3ccc(F)cc3)C2)nc1C,Zn2+,Cc1nnc(C2CCN(c3ccc(F)cc3)C2)nc1C.[Zn+2],1.1397018
TRZ03025,Cc1nnc(-c2c(N=COS(C)(=O)=O)ccc(F)c2F)nc1C,Zn2+,Cc1nnc(-c2c(N=COS(C)(=O)=O)ccc(F)c2F)nc1C.[Zn+2],1.1384935
TRZ04182,CCC1(S(=O)(=O)c2cccc(C(F)(F)F)c2)CCOC(c2nnc(C)c(C)n2)C1,Zn2+,CCC1(S(=O)(=O)c2cccc(C(F)(F)F)c2)CCOC(c2nnc(C)c(C)n2)C1.[Zn+2],1.1353946
TRZ00486,Cc1nnc(-c2cc(-c3ccc(OCC(C)C)cc3)n[nH]2)nc1C,Zn2+,Cc1nnc(-c2cc(-c3ccc(OCC(C)C)cc3)n[nH]2)nc1C.[Zn+2],1.1350503
TRZ03058,Cc1nnc(-c2cn(C)cn2)nc1C,Zn2+,Cc1nnc(-c2cn(C)cn2)nc1C.[Zn+2],1.1344614
TRZ01960,Cc1ccncc1-c1nnc(C)c(C)n1,Zn2+,Cc1ccncc1-c1nnc(C)c(C)n1.[Zn+2],1.1318545
TRZ01222,Cc1nnc(/C(=C/c2ccccc2)NC(=O)c2ccccc2)nc1C,Zn2+,Cc1nnc(/C(=C/c2ccccc2)NC(=O)c2ccccc2)nc1C.[Zn+2],1.129436
TRZ05904,Cc1nnc(C2(c3ccc(OC(F)(F)F)cc3)C=CON2)nc1C,Zn2+,Cc1nnc(C2(c3ccc(OC(F)(F)F)cc3)C=CON2)nc1C.[Zn+2],1.1287284
TRZ04902,CSc1nccc(-c2cc(F)nc(-c3nnc(C)c(C)n3)c2)n1,Zn2+,CSc1nccc(-c2cc(F)nc(-c3nnc(C)c(C)n3)c2)n1.[Zn+2],1.127883
TRZ01754,Cc1nnc(-c2cc(-c3ccccc3)nc(-c3ccccc3)n2)nc1C,Zn2+,Cc1nnc(-c2cc(-c3ccccc3)nc(-c3ccccc3)n2)nc1C.[Zn+2],1.1263437
TRZ02356,Cc1nc(C)c(-c2nnco2)cc1-c1nnc(C)c(C)n1,Zn2+,Cc1nc(C)c(-c2nnco2)cc1-c1nnc(C)c(C)n1.[Zn+2],1.1226006
TRZ04687,Cc1nnc(C23CCC(NC(=O)COc4ccc(Cl)c(F)c4)(CC2)CC3O)nc1C,Zn2+,Cc1nnc(C23CCC(NC(=O)COc4ccc(Cl)c(F)c4)(CC2)CC3O)nc1C.[Zn+2],1.12148
TRZ05085,Cc1ccc(OC(F)(F)F)cc1CNC(=O)c1nnc(C)c(C)n1,Zn2+,Cc1ccc(OC(F)(F)F)cc1CNC(=O)c1nnc(C)c(C)n1.[Zn+2],1.1211996
TRZ00810,COc1ccc2[nH]c3c(c2c1)CCN1C[C@@H]2[C@H](C)OC=C(c4nnc(C)c(C)n4)[C@H]2C[C@@H]31,Zn2+,COc1ccc2[nH]c3c(c2c1)CCN1C[C@@H]2[C@H](C)OC=C(c4nnc(C)c(C)n4)[C@H]2C[C@@H]31.[Zn+2],1.1207585
TRZ01078,Cc1nnc(-c2cc3ccccc3n2S(=O)(=O)c2ccccc2)nc1C,Zn2+,Cc1nnc(-c2cc3ccccc3n2S(=O)(=O)c2ccccc2)nc1C.[Zn+2],1.1188879
TRZ03103,Cc1nnc(-c2ccc(F)cc2N)nc1C,Zn2+,Cc1nnc(-c2ccc(F)cc2N)nc1C.[Zn+2],1.1182618
TRZ00029,Cc1nnc(C(O)c2ccccc2)nc1C,Zn2+,Cc1nnc(C(O)c2ccccc2)nc1C.[Zn+2],1.1172838
TRZ04958,Cc1nnc(C2CCN(c3cccc(F)c3)C2)nc1C,Zn2+,Cc1nnc(C2CCN(c3cccc(F)c3)C2)nc1C.[Zn+2],1.1128168
TRZ05899,Cc1nnc(-c2nc(-c3ccccc3)c3[nH]c4ccccc4c3c2F)nc1C,Zn2+,Cc1nnc(-c2nc(-c3ccccc3)c3[nH]c4ccccc4c3c2F)nc1C.[Zn+2],1.1128144
TRZ04441,Cc1nnc(C(O)c2ccc(F)cc2)nc1C,Zn2+,Cc1nnc(C(O)c2ccc(F)cc2)nc1C.[Zn+2],1.1127739
TRZ02086,Cc1nnc(-c2c(C)noc2-c2ccc(C(F)(F)F)cc2)nc1C,Zn2+,Cc1nnc(-c2c(C)noc2-c2ccc(C(F)(F)F)cc2)nc1C.[Zn+2],1.1110902
TRZ01040,Cc1nnc(-c2nc(-c3ccccc3)cc(N3Cc4ccccc4CC3C)n2)nc1C,Zn2+,Cc1nnc(-c2nc(-c3ccccc3)cc(N3Cc4ccccc4CC3C)n2)nc1C.[Zn+2],1.1096759
TRZ04281,Cc1nnc(-c2cccc(F)c2N2CCOCC2)nc1C,Zn2+,Cc1nnc(-c2cccc(F)c2N2CCOCC2)nc1C.[Zn+2],1.108314
TRZ03332,Cc1nnc(CN2CCn3c(nnc3C(F)(F)F)C2)nc1C,Zn2+,Cc1nnc(CN2CCn3c(nnc3C(F)(F)F)C2)nc1C.[Zn+2],1.1072793
TRZ03448,COc1ccc2c(-c3nnc(C)c(C)n3)nn(Cc3ccc(Cl)cc3F)c2c1,Zn2+,COc1ccc2c(-c3nnc(C)c(C)n3)nn(Cc3ccc(Cl)cc3F)c2c1.[Zn+2],1.1053324
TRZ02224,Cc1nnc(C2=NCC(=O)Nc3ccc(F)cc32)nc1C,Zn2+,Cc1nnc(C2=NCC(=O)Nc3ccc(F)cc32)nc1C.[Zn+2],1.103169
TRZ01037,Cc1nnc(-c2nc(-c3ccccc3)cc(N3CCc4ccccc43)n2)nc1C,Zn2+,Cc1nnc(-c2nc(-c3ccccc3)cc(N3CCc4ccccc43)n2)nc1C.[Zn+2],1.1019616
TRZ00394,Cc1nnc(CSc2nnnn2-c2ccccc2)nc1C,Zn2+,Cc1nnc(CSc2nnnn2-c2ccccc2)nc1C.[Zn+2],1.1016798
TRZ00971,COc1ccccc1OCC(O)Cn1nc(-c2ccccc2)cc1-c1nnc(C)c(C)n1,Zn2+,COc1ccccc1OCC(O)Cn1nc(-c2ccccc2)cc1-c1nnc(C)c(C)n1.[Zn+2],1.1008306
TRZ03007,Cc1nnc(C2=Nc3ccc(Cl)c(-c4c(F)cccc4F)c3C=NC2)nc1C,Zn2+,Cc1nnc(C2=Nc3ccc(Cl)c(-c4c(F)cccc4F)c3C=NC2)nc1C.[Zn+2],1.0998135
TRZ04172,Cc1nnc(C(CC(F)(F)F)C2(O)CCN(Cc3ccccc3)CC2)nc1C,Zn2+,Cc1nnc(C(CC(F)(F)F)C2(O)CCN(Cc3ccccc3)CC2)nc1C.[Zn+2],1.0971279
TRZ00675,Cc1nnc(-c2cn3cc(C(F)(F)F)cc(Cl)c3n2)nc1C,Zn2+,Cc1nnc(-c2cn3cc(C(F)(F)F)cc(Cl)c3n2)nc1C.[Zn+2],1.0960836
TRZ01659,CCn1cc(-c2nnc(C)c(C)n2)c(=O)c2cc(F)ccc21,Zn2+,CCn1cc(-c2nnc(C)c(C)n2)c(=O)c2cc(F)ccc21.[Zn+2],1.0951624
TRZ04160,Cc1nnc(COc2ccc(CC=NOCc3ccc(C(F)(F)F)cc3)cc2)nc1C,Zn2+,Cc1nnc(COc2ccc(CC=NOCc3ccc(C(F)(F)F)cc3)cc2)nc1C.[Zn+2],1.0946021
TRZ03519,Cc1nnc(-c2cccn2CCF)nc1C,Zn2+,Cc1nnc(-c2cccn2CCF)nc1C.[Zn+2],1.0935054
TRZ02442,CC(=O)Nc1ccc(Br)cc1C(NCc1nnc(C)c(C)n1)c1ccccc1,Zn2+,CC(=O)Nc1ccc(Br)cc1C(NCc1nnc(C)c(C)n1)c1ccccc1.[Zn+2],1.092413
TRZ02301,Cc1cc(I)ccc1NCc1nnc(C)c(C)n1,Zn2+,Cc1cc(I)ccc1NCc1nnc(C)c(C)n1.[Zn+2],1.0918407
TRZ03186,COC(=O)C1CCC(Oc2ncc(CC(=O)c3nnc(C)c(C)n3)cc2F)CC1,Zn2+,COC(=O)C1CCC(Oc2ncc(CC(=O)c3nnc(C)c(C)n3)cc2F)CC1.[Zn+2],1.0870242
TRZ01083,Cc1nnc(C2=NN(c3ccccc3)C(=O)C2)nc1C,Zn2+,Cc1nnc(C2=NN(c3ccccc3)C(=O)C2)nc1C.[Zn+2],1.0864863
TRZ02427,Cc1nnc(Cc2sc3ccc(Cl)cc3c2C)nc1C,Zn2+,Cc1nnc(Cc2sc3ccc(Cl)cc3c2C)nc1C.[Zn+2],1.0832434
TRZ01585,Cc1nnc(CNC(=O)c2ccc(C(F)(F)F)cc2)nc1C,Zn2+,Cc1nnc(CNC(=O)c2ccc(C(F)(F)F)cc2)nc1C.[Zn+2],1.0832381
TRZ00678,Cc1nnc(-c2noc(C)c2C(=O)Nc2ncc(C(F)(F)F)cc2Cl)nc1C,Zn2+,Cc1nnc(-c2noc(C)c2C(=O)Nc2ncc(C(F)(F)F)cc2Cl)nc1C.[Zn+2],1.0832276
TRZ02008,Cc1nnc(CNc2ccc3c(c2)OCO3)nc1C,Zn2+,Cc1nnc(CNc2ccc3c(c2)OCO3)nc1C.[Zn+2],1.0815587
TRZ00036,Cc1nnc(Cn2cnc3ccccc32)nc1C,Zn2+,Cc1nnc(Cn2cnc3ccccc32)nc1C.[Zn+2],1.079577
TRZ05135,Cc1nnc(-c2cn(C)c(=O)c(F)c2-c2ccc(Br)cc2F)nc1C,Zn2+,Cc1nnc(-c2cn(C)c(=O)c(F)c2-c2ccc(Br)cc2F)nc1C.[Zn+2],1.0795765
TRZ00144,Cc1nnc(Cn2c3ccccc3c3ccccc32)nc1C,Zn2+,Cc1nnc(Cn2c3ccccc3c3ccccc32)nc1C.[Zn+2],1.0795159
TRZ04250,CCCCC(OC(N)=O)(c1cccc(C(F)(F)F)c1)c1nnc(C)c(C)n1,Zn2+,CCCCC(OC(N)=O)(c1cccc(C(F)(F)F)c1)c1nnc(C)c(C)n1.[Zn+2],1.0784373
TRZ00131,Cc1nnc(-c2[nH]c3ccccc3c2S(=O)(=O)c2ccccc2)nc1C,Zn2+,Cc1nnc(-c2[nH]c3ccccc3c2S(=O)(=O)c2ccccc2)nc1C.[Zn+2],1.0783644
TRZ01487,Cc1nnc(-c2cnc3ccc(F)cc3c2N)nc1C,Zn2+,Cc1nnc(-c2cnc3ccc(F)cc3c2N)nc1C.[Zn+2],1.0770912
TRZ00586,Cc1nnc(C2=NOC(CNc3ncc(C(F)(F)F)cc3Cl)C2)nc1C,Zn2+,Cc1nnc(C2=NOC(CNc3ncc(C(F)(F)F)cc3Cl)C2)nc1C.[Zn+2],1.0760074
TRZ01937,Cc1nnc(/C(=C\c2ccccc2)NC(=O)c2ccccc2)nc1C,Zn2+,Cc1nnc(/C(=C\c2ccccc2)NC(=O)c2ccccc2)nc1C.[Zn+2],1.0752692
TRZ03298,Cc1nnc([C@@H](Cc2ccc(F)cn2)NC(=O)OC(C)(C)C)nc1C,Zn2+,Cc1nnc([C@@H](Cc2ccc(F)cn2)NC(=O)OC(C)(C)C)nc1C.[Zn+2],1.0748372
TRZ04280,Cc1nnc(-c2ncc(F)cc2N2CCOCC2)nc1C,Zn2+,Cc1nnc(-c2ncc(F)cc2N2CCOCC2)nc1C.[Zn+2],1.0734949
TRZ01077,Cc1nnc(-c2c[nH]cc2-c2ccc(Cl)cc2)nc1C,Zn2+,Cc1nnc(-c2c[nH]cc2-c2ccc(Cl)cc2)nc1C.[Zn+2],1.0731683
TRZ02210,Cc1nnc(C2CC(=O)N(c3cccc(C(F)(F)F)c3)C2)nc1C,Zn2+,Cc1nnc(C2CC(=O)N(c3cccc(C(F)(F)F)c3)C2)nc1C.[Zn+2],1.0725741
TRZ02592,Cc1nnc(-c2c(N)[nH]n3c(=O)c(C(C)(C)C)nnc23)nc1C,Zn2+,Cc1nnc(-c2c(N)[nH]n3c(=O)c(C(C)(C)C)nnc23)nc1C.[Zn+2],1.0701509
TRZ04479,Cc1nnc(-c2cc(-c3cnc(C(F)(F)F)nc3)ccc2N)nc1C,Zn2+,Cc1nnc(-c2cc(-c3cnc(C(F)(F)F)nc3)ccc2N)nc1C.[Zn+2],1.0693278
TRZ05779,Cc1nnc(-c2nc3ccc(C(F)(F)F)cc3[nH]2)nc1C,Zn2+,Cc1nnc(-c2nc3ccc(C(F)(F)F)cc3[nH]2)nc1C.[Zn+2],1.0691361
TRZ02223,Cc1nnc([C@@H](C)Oc2ccc(Oc3ncc(Cl)cc3F)cc2)nc1C,Zn2+,Cc1nnc([C@@H](C)Oc2ccc(Oc3ncc(Cl)cc3F)cc2)nc1C.[Zn+2],1.0686746
TRZ05584,Cc1cc(-c2nnc(C)c(C)n2)nc(N2CCC(F)(F)CC2)c1,Zn2+,Cc1cc(-c2nnc(C)c(C)n2)nc(N2CCC(F)(F)CC2)c1.[Zn+2],1.0681038
TRZ01785,Cc1cc(N2CCc3ccccc3C2)nc(-c2nnc(C)c(C)n2)n1,Zn2+,Cc1cc(N2CCc3ccccc3C2)nc(-c2nnc(C)c(C)n2)n1.[Zn+2],1.0677242
TRZ01395,COc1ccc(/C=C(\NC(=O)c2ccc(NC(C)=O)cc2)c2nnc(C)c(C)n2)cc1,Zn2+,COc1ccc(/C=C(\NC(=O)c2ccc(NC(C)=O)cc2)c2nnc(C)c(C)n2)cc1.[Zn+2],1.0672336
TRZ00283,Cc1nnc(CC2NCCN(Cc3ccccc3)C2=O)nc1C,Zn2+,Cc1nnc(CC2NCCN(Cc3ccccc3)C2=O)nc1C.[Zn+2],1.0669274
TRZ05583,Cc1cc(-c2nnc(C)c(C)n2)nc(N2CCCC(C(F)(F)F)C2)c1,Zn2+,Cc1cc(-c2nnc(C)c(C)n2)nc(N2CCCC(C(F)(F)F)C2)c1.[Zn+2],1.0629454
TRZ00322,Cc1nnc(CN2C(=O)Nc3ccc(Br)cc3C2c2ccccc2)nc1C,Zn2+,Cc1nnc(CN2C(=O)Nc3ccc(Br)cc3C2c2ccccc2)nc1C.[Zn+2],1.062829
TRZ03682,Cc1nnc(-c2nn(Cc3ccc(Cl)cc3Cl)c3c2N=CN(C(F)(F)F)C3)nc1C,Zn2+,Cc1nnc(-c2nn(Cc3ccc(Cl)cc3Cl)c3c2N=CN(C(F)(F)F)C3)nc1C.[Zn+2],1.0621867
TRZ03668,COc1ccc(Nc2cnccc2-c2nnc(C)c(C)n2)c(F)c1,Zn2+,COc1ccc(Nc2cnccc2-c2nnc(C)c(C)n2)c(F)c1.[Zn+2],1.0607991
TRZ01151,COc1ccc(-c2cc(-c3nnc(C)c(C)n3)n(Cc3ccccc3)n2)cc1,Zn2+,COc1ccc(-c2cc(-c3nnc(C)c(C)n3)n(Cc3ccccc3)n2)cc1.[Zn+2],1.0580654
TRZ02668,Cc1nnc(Cn2c(=O)oc3ccccc32)nc1C,Zn2+,Cc1nnc(Cn2c(=O)oc3ccccc32)nc1C.[Zn+2],1.0579748
TRZ03704,Cc1nnc(C[C@@H](Cc2cc(F)c(F)cc2F)N(C(=O)O)C(C)(C)C)nc1C,Zn2+,Cc1nnc(C[C@@H](Cc2cc(F)c(F)cc2F)N(C(=O)O)C(C)(C)C)nc1C.[Zn+2],1.0578232
TRZ04134,Cc1nnc(C(N)c2ccc(F)cc2F)nc1C,Zn2+,Cc1nnc(C(N)c2ccc(F)cc2F)nc1C.[Zn+2],1.0558405
TRZ04935,Cc1nnc(-c2cc(F)c(F)cc2N(C(C)(C)C)S(=O)(=O)c2ccccc2)nc1C,Zn2+,Cc1nnc(-c2cc(F)c(F)cc2N(C(C)(C)C)S(=O)(=O)c2ccccc2)nc1C.[Zn+2],1.0558267
TRZ02315,Cc1nnc(-c2sc3nc4c(cc3c2N)COC(C)(C)C4)nc1C,Zn2+,Cc1nnc(-c2sc3nc4c(cc3c2N)COC(C)(C)C4)nc1C.[Zn+2],1.0549512
TRZ03615,COc1ccc(-c2nc3n[nH]c(-c4nnc(C)c(C)n4)c3c(C)c2C)c(F)c1,Zn2+,COc1ccc(-c2nc3n[nH]c(-c4nnc(C)c(C)n4)c3c(C)c2C)c(F)c1.[Zn+2],1.0528693
TRZ01883,Cc1nnc(-c2cncc(N3CCCCC3C)n2)nc1C,Zn2+,Cc1nnc(-c2cncc(N3CCCCC3C)n2)nc1C.[Zn+2],1.0525246
TRZ03407,Cc1ccc2c(-c3nnc(C)c(C)n3)nn(Cc3ccc(Cl)cc3F)c2c1,Zn2+,Cc1ccc2c(-c3nnc(C)c(C)n3)nn(Cc3ccc(Cl)cc3F)c2c1.[Zn+2],1.0508432
TRZ03538,COc1ccc(C(=O)C2CC(C)(C)Cc3c2c(-c2nnc(C)c(C)n2)nn3C)cc1C(F)(F)F,Zn2+,COc1ccc(C(=O)C2CC(C)(C)Cc3c2c(-c2nnc(C)c(C)n2)nn3C)cc1C(F)(F)F.[Zn+2],1.0505881
TRZ03246,Cc1cc(F)ccc1-c1cnc(-c2nnc(C)c(C)n2)cn1,Zn2+,Cc1cc(F)ccc1-c1cnc(-c2nnc(C)c(C)n2)cn1.[Zn+2],1.0496368
TRZ01805,Cc1nnc(-c2nc(-c3ccccc3)cc(N3CCCc4ccccc43)n2)nc1C,Zn2+,Cc1nnc(-c2nc(-c3ccccc3)cc(N3CCCc4ccccc43)n2)nc1C.[Zn+2],1.0493217
TRZ01722,Cc1nnc(/C=C2/Nc3ccc(C#N)cc3NC2=O)nc1C,Zn2+,Cc1nnc(/C=C2/Nc3ccc(C#N)cc3NC2=O)nc1C.[Zn+2],1.0493045
TRZ03258,COc1cc(O)c(F)cc1-c1nnc(C)c(C)n1,Zn2+,COc1cc(O)c(F)cc1-c1nnc(C)c(C)n1.[Zn+2],1.0482817
TRZ00520,Cc1nnc(-c2sc3cc(C(F)(F)F)cnc3c2-c2cccnc2)nc1C,Zn2+,Cc1nnc(-c2sc3cc(C(F)(F)F)cnc3c2-c2cccnc2)nc1C.[Zn+2],1.0480452
TRZ00645,Cc1nnc(C(Cc2c[nH]c3ccccc23)NC(=O)c2ccccc2)nc1C,Zn2+,Cc1nnc(C(Cc2c[nH]c3ccccc23)NC(=O)c2ccccc2)nc1C.[Zn+2],1.0476317
TRZ00524,COc1ccc(/C=C(\NC(=O)c2cccs2)c2nnc(C)c(C)n2)cc1OC,Zn2+,COc1ccc(/C=C(\NC(=O)c2cccs2)c2nnc(C)c(C)n2)cc1OC.[Zn+2],1.0471854
TRZ03728,Cc1nnc(-c2nn(Cc3ccc(F)cc3Cl)c3cc(N)ccc23)nc1C,Zn2+,Cc1nnc(-c2nn(Cc3ccc(F)cc3Cl)c3cc(N)ccc23)nc1C.[Zn+2],1.0464034
TRZ00030,Cc1nnc(C(O)(c2ccccc2)c2ccccc2)nc1C,Zn2+,Cc1nnc(C(O)(c2ccccc2)c2ccccc2)nc1C.[Zn+2],1.0463371
TRZ01390,CC(=O)Nc1ccc(C(=O)N/C(=C\c2ccccc2)c2nnc(C)c(C)n2)cc1,Zn2+,CC(=O)Nc1ccc(C(=O)N/C(=C\c2ccccc2)c2nnc(C)c(C)n2)cc1.[Zn+2],1.0459232
TRZ04622,Cc1nnc(-c2c(OC3CCN(C(=O)OC(C)(C)C)CC3)cccc2C(F)(F)F)nc1C,Zn2+,Cc1nnc(-c2c(OC3CCN(C(=O)OC(C)(C)C)CC3)cccc2C(F)(F)F)nc1C.[Zn+2],1.0455885
TRZ04463,CCSc1cc2c(cc1-c1nnc(C)c(C)n1)nc(C(C)(C)F)n2C,Zn2+,CCSc1cc2c(cc1-c1nnc(C)c(C)n1)nc(C(C)(C)F)n2C.[Zn+2],1.043644
TRZ03315,Cc1nnc(-c2ccc(F)c(F)c2Nc2ccc(I)cc2F)nc1C,Zn2+,Cc1nnc(-c2ccc(F)c(F)c2Nc2ccc(I)cc2F)nc1C.[Zn+2],1.0419602
TRZ02209,Cc1nnc(C2CC(=O)N(c3cccc(F)c3)C2)nc1C,Zn2+,Cc1nnc(C2CC(=O)N(c3cccc(F)c3)C2)nc1C.[Zn+2],1.0412049
TRZ02439,Cc1ccc(N2CC(c3nnc(C)c(C)n3)CC2=O)cc1,Zn2+,Cc1ccc(N2CC(c3nnc(C)c(C)n3)CC2=O)cc1.[Zn+2],1.0409508
TRZ04638,Cc1nc2c(c(-c3nnc(C)c(C)n3)nn2C(C)c2ccc(C(F)(F)F)cc2)c(=O)[nH]1,Zn2+,Cc1nc2c(c(-c3nnc(C)c(C)n3)nn2C(C)c2ccc(C(F)(F)F)cc2)c(=O)[nH]1.[Zn+2],1.0402107
TRZ01075,Cc1nnc(CC(C)Nc2ccc3ncccc3c2)nc1C,Zn2+,Cc1nnc(CC(C)Nc2ccc3ncccc3c2)nc1C.[Zn+2],1.039947
TRZ02817,Cc1nnc(-c2cccn2-c2ccc(F)cc2)nc1C,Zn2+,Cc1nnc(-c2cccn2-c2ccc(F)cc2)nc1C.[Zn+2],1.0390182
TRZ04071,Cc1nnc(C(C)(C)C(=O)c2cc(C(F)(F)F)n(-c3ccc(Br)cn3)n2)nc1C,Zn2+,Cc1nnc(C(C)(C)C(=O)c2cc(C(F)(F)F)n(-c3ccc(Br)cn3)n2)nc1C.[Zn+2],1.0361524
TRZ05235,Cc1nnc(-c2ncc(CF)cc2-c2cnc(C3CC3)nc2)nc1C,Zn2+,Cc1nnc(-c2ncc(CF)cc2-c2cnc(C3CC3)nc2)nc1C.[Zn+2],1.0353184
TRZ00656,Cc1nnc(-c2nc(-c3ccccc3)nc(-c3ccccc3)n2)nc1C,Zn2+,Cc1nnc(-c2nc(-c3ccccc3)nc(-c3ccccc3)n2)nc1C.[Zn+2],1.0346789
TRZ03976,COc1nc(-c2nnc(C)c(C)n2)c(NC(=O)OC(C)(C)C)cc1C(F)(F)F,Zn2+,COc1nc(-c2nnc(C)c(C)n2)c(NC(=O)OC(C)(C)C)cc1C(F)(F)F.[Zn+2],1.0337796
TRZ03276,Cc1nnc(-c2ccc(F)cc2NS(=O)(=O)c2ccc(C(C)(C)C)cc2)nc1C,Zn2+,Cc1nnc(-c2ccc(F)cc2NS(=O)(=O)c2ccc(C(C)(C)C)cc2)nc1C.[Zn+2],1.033176
TRZ02998,Cc1nnc(C2=Nc3ccc(F)cc3C(c3ccccc3Cl)=NC2)nc1C,Zn2+,Cc1nnc(C2=Nc3ccc(F)cc3C(c3ccccc3Cl)=NC2)nc1C.[Zn+2],1.0312462
TRZ02010,Cc1nnc(C(C)Oc2cccc3ccccc23)nc1C,Zn2+,Cc1nnc(C(C)Oc2cccc3ccccc23)nc1C.[Zn+2],1.0311503
TRZ01787,Cc1nnc(-c2nc(-c3ccccc3)cc(N3CC4CS(=O)(=O)CC4C3)n2)nc1C,Zn2+,Cc1nnc(-c2nc(-c3ccccc3)cc(N3CC4CS(=O)(=O)CC4C3)n2)nc1C.[Zn+2],1.0300307
TRZ03446,Cc1nnc(-c2nn(Cc3ccc(F)cc3F)c3cccnc23)nc1C,Zn2+,Cc1nnc(-c2nn(Cc3ccc(F)cc3F)c3cccnc23)nc1C.[Zn+2],1.0291877
TRZ00414,Cc1nnc(-c2nc3ccccc3[nH]2)nc1C,Zn2+,Cc1nnc(-c2nc3ccccc3[nH]2)nc1C.[Zn+2],1.0286231
TRZ03686,Cc1nnc(-c2ccc(N3CN(Oc4ccccc4C(F)(F)F)C3)nn2)nc1C,Zn2+,Cc1nnc(-c2ccc(N3CN(Oc4ccccc4C(F)(F)F)C3)nn2)nc1C.[Zn+2],1.0282583
TRZ05219,Cc1nnc([C@H]2CC[C@H](NC(=O)COc3ccc(C(F)(F)F)cc3)CO2)nc1C,Zn2+,Cc1nnc([C@H]2CC[C@H](NC(=O)COc3ccc(C(F)(F)F)cc3)CO2)nc1C.[Zn+2],1.0282054
TRZ01887,Cc1nnc(Cc2nc3cccn(C)c-3n2)nc1C,Zn2+,Cc1nnc(Cc2nc3cccn(C)c-3n2)nc1C.[Zn+2],1.0273137
TRZ05496,Cc1nnc(-c2cncc(-c3cccc(F)c3)n2)nc1C,Zn2+,Cc1nnc(-c2cncc(-c3cccc(F)c3)n2)nc1C.[Zn+2],1.025527
TRZ00189,Cc1nnc(C(N)Cc2ccccc2)nc1C,Zn2+,Cc1nnc(C(N)Cc2ccccc2)nc1C.[Zn+2],1.0247822
TRZ01680,CCN(CC)c1ccc(NC(=O)Cc2nnc(C)c(C)n2)cc1,Zn2+,CCN(CC)c1ccc(NC(=O)Cc2nnc(C)c(C)n2)cc1.[Zn+2],1.0228643
TRZ01634,Cc1nnc(C(NC(=O)COc2ccc3ccccc3c2)C(C)C)nc1C,Zn2+,Cc1nnc(C(NC(=O)COc2ccc3ccccc3c2)C(C)C)nc1C.[Zn+2],1.0217371
TRZ05599,Cc1nnc(-c2cccc(N3CCC(F)(F)CC3)n2)nc1C,Zn2+,Cc1nnc(-c2cccc(N3CCC(F)(F)CC3)n2)nc1C.[Zn+2],1.020565
TRZ05740,Cc1nnc(-c2nccc(-c3ccc(OC(F)F)nc3)n2)nc1C,Zn2+,Cc1nnc(-c2nccc(-c3ccc(OC(F)F)nc3)n2)nc1C.[Zn+2],1.0187101
TRZ01333,Cc1nnc(C2=CO[C@@H](C)[C@H]3CN4CCc5c(n(C)c6ccccc56)[C@@H]4C[C@H]23)nc1C,Zn2+,Cc1nnc(C2=CO[C@@H](C)[C@H]3CN4CCc5c(n(C)c6ccccc56)[C@@H]4C[C@H]23)nc1C.[Zn+2],1.0178919
TRZ01061,Cc1nnc(-c2nc(-c3ccc(C(F)(F)F)nc3)cc(N3Cc4ccccc4C3)n2)nc1C,Zn2+,Cc1nnc(-c2nc(-c3ccc(C(F)(F)F)nc3)cc(N3Cc4ccccc4C3)n2)nc1C.[Zn+2],1.0144296
TRZ00288,Cc1nnc(CSCc2nc(-c3ccc(Cl)cc3)cs2)nc1C,Zn2+,Cc1nnc(CSCc2nc(-c3ccc(Cl)cc3)cs2)nc1C.[Zn+2],1.010757
TRZ05084,Cc1nnc(C(=O)NCc2ccc(Cl)cc2C(F)(F)F)nc1C,Zn2+,Cc1nnc(C(=O)NCc2ccc(Cl)cc2C(F)(F)F)nc1C.[Zn+2],1.0090294
TRZ01391,CC(=O)Nc1ccc(C(=O)N/C(=C\c2ccccc2Cl)c2nnc(C)c(C)n2)cc1,Zn2+,CC(=O)Nc1ccc(C(=O)N/C(=C\c2ccccc2Cl)c2nnc(C)c(C)n2)cc1.[Zn+2],1.0082655
TRZ01384,Cc1nnc(/C(=C\c2ccc3ccccc3c2)N(C)C)nc1C,Zn2+,Cc1nnc(/C(=C\c2ccc3ccccc3c2)N(C)C)nc1C.[Zn+2],1.007895
TRZ00811,Cc1nnc(C2=CO[C@@H](C)[C@H]3CN4CCc5c([nH]c6ccccc56)[C@@H]4C[C@H]23)nc1C,Zn2+,Cc1nnc(C2=CO[C@@H](C)[C@H]3CN4CCc5c([nH]c6ccccc56)[C@@H]4C[C@H]23)nc1C.[Zn+2],1.007525
TRZ01961,Cc1nnc(C(CC(C)C)NC(=O)OCc2ccccc2)nc1C,Zn2+,Cc1nnc(C(CC(C)C)NC(=O)OCc2ccccc2)nc1C.[Zn+2],1.0066218
TRZ03408,Cc1nnc(-c2nn(Cc3ccc(F)cc3Cl)c3cc(N(C)C)ccc23)nc1C,Zn2+,Cc1nnc(-c2nn(Cc3ccc(F)cc3Cl)c3cc(N(C)C)ccc23)nc1C.[Zn+2],1.0017638
TRZ02832,Cc1nnc(/C(=C/c2ccc(Cl)c(Cl)c2)NC(=O)c2ccccc2)nc1C,Zn2+,Cc1nnc(/C(=C/c2ccc(Cl)c(Cl)c2)NC(=O)c2ccccc2)nc1C.[Zn+2],1.00139
TRZ00635,Cc1nnc(Cn2c(-c3ccccc3)cc(=O)n3ncnc23)nc1C,Zn2+,Cc1nnc(Cn2c(-c3ccccc3)cc(=O)n3ncnc23)nc1C.[Zn+2],0.9999652
TRZ03849,Cc1nnc([C@@H]2OC(C)(C)O[C@H]2C(=O)NCC2CCN(c3ccc(F)cc3C#N)CC2)nc1C,Zn2+,Cc1nnc([C@@H]2OC(C)(C)O[C@H]2C(=O)NCC2CCN(c3ccc(F)cc3C#N)CC2)nc1C.[Zn+2],0.9984536
TRZ01282,Cc1nnc(C(=O)c2c[nH]c3ccccc23)nc1C,Zn2+,Cc1nnc(C(=O)c2c[nH]c3ccccc23)nc1C.[Zn+2],0.99786854
TRZ00325,CCn1cc(-c2nnc(C)c(C)n2)c(=O)c2cc(F)c(NC3CCCCC3)cc21,Zn2+,CCn1cc(-c2nnc(C)c(C)n2)c(=O)c2cc(F)c(NC3CCCCC3)cc21.[Zn+2],0.99772024
TRZ05762,Cc1nnc(-c2cnc(NCc3cc(F)cc(F)c3)nc2)nc1C,Zn2+,Cc1nnc(-c2cnc(NCc3cc(F)cc(F)c3)nc2)nc1C.[Zn+2],0.9973273
TRZ02145,Cc1nnc(Cc2csc(N3CCOCC3)n2)nc1C,Zn2+,Cc1nnc(Cc2csc(N3CCOCC3)n2)nc1C.[Zn+2],0.9970665
TRZ00050,Cc1nnc(-c2ccc3ccccc3n2)nc1C,Zn2+,Cc1nnc(-c2ccc3ccccc3n2)nc1C.[Zn+2],0.9959779
TRZ05446,Cc1nnc(Cn2c(Cl)c(-c3ccc(Cl)cc3)n(C[C@H](O)C(F)(F)F)c2=O)nc1C,Zn2+,Cc1nnc(Cn2c(Cl)c(-c3ccc(Cl)cc3)n(C[C@H](O)C(F)(F)F)c2=O)nc1C.[Zn+2],0.9946089
TRZ00974,COc1ccc(-c2cc(-c3nnc(C)c(C)n3)n(CC(O)COc3ccccc3OC)n2)cc1,Zn2+,COc1ccc(-c2cc(-c3nnc(C)c(C)n3)n(CC(O)COc3ccccc3OC)n2)cc1.[Zn+2],0.99415684
TRZ00133,Cc1ccc(S(=O)(=O)c2c(-c3nnc(C)c(C)n3)[nH]c3ccc(Cl)cc23)cc1,Zn2+,Cc1ccc(S(=O)(=O)c2c(-c3nnc(C)c(C)n3)[nH]c3ccc(Cl)cc23)cc1.[Zn+2],0.99409866
TRZ01776,Cc1nnc(-c2nc(-c3ccc(C(F)(F)F)nc3)cc(-c3ncco3)n2)nc1C,Zn2+,Cc1nnc(-c2nc(-c3ccc(C(F)(F)F)nc3)cc(-c3ncco3)n2)nc1C.[Zn+2],0.99393034
TRZ02395,Cc1nnc(-c2c(C)noc2-c2cccs2)nc1C,Zn2+,Cc1nnc(-c2c(C)noc2-c2cccs2)nc1C.[Zn+2],0.99210024
TRZ01818,Cc1nnc(-c2ncn(-c3cccc(Cl)c3)c2-c2cccc(F)c2)nc1C,Zn2+,Cc1nnc(-c2ncn(-c3cccc(Cl)c3)c2-c2cccc(F)c2)nc1C.[Zn+2],0.9919157
TRZ05889,Cc1nnc(-c2c(C(=O)c3ccccc3C(F)(F)F)ccnc2Cl)nc1C,Zn2+,Cc1nnc(-c2c(C(=O)c3ccccc3C(F)(F)F)ccnc2Cl)nc1C.[Zn+2],0.98990774
TRZ03665,Cc1nnc(CCn2c3c(c4cc(F)ccc42)CN(C)CC3)nc1C,Zn2+,Cc1nnc(CCn2c3c(c4cc(F)ccc42)CN(C)CC3)nc1C.[Zn+2],0.9896054
TRZ03010,Cc1nnc(CC(=O)Nc2ccc(OCc3cccc(F)c3)cc2)nc1C,Zn2+,Cc1nnc(CC(=O)Nc2ccc(OCc3cccc(F)c3)cc2)nc1C.[Zn+2],0.98826075
TRZ02573,Cc1nnc(Cc2csc(-c3ccc(Cl)cc3)n2)nc1C,Zn2+,Cc1nnc(Cc2csc(-c3ccc(Cl)cc3)n2)nc1C.[Zn+2],0.9871855
TRZ04934,Cc1nnc(-c2cc(Cl)c(F)cc2N(C(C)(C)C)S(=O)(=O)c2ccccc2)nc1C,Zn2+,Cc1nnc(-c2cc(Cl)c(F)cc2N(C(C)(C)C)S(=O)(=O)c2ccccc2)nc1C.[Zn+2],0.98681927
TRZ00515,CCCCN(CCCC)Cc1ccc(-c2nnc(C)c(C)n2)o1,Zn2+,CCCCN(CCCC)Cc1ccc(-c2nnc(C)c(C)n2)o1.[Zn+2],0.98660135
TRZ03851,Cc1nnc(-c2ccc(C3=CC=C(F)CC3C)nn2)nc1C,Zn2+,Cc1nnc(-c2ccc(C3=CC=C(F)CC3C)nn2)nc1C.[Zn+2],0.98650503
TRZ03208,Cc1ccc(-c2nc3ccc(F)cn3c2Cc2noc(-c3nnc(C)c(C)n3)n2)cc1,Zn2+,Cc1ccc(-c2nc3ccc(F)cn3c2Cc2noc(-c3nnc(C)c(C)n3)n2)cc1.[Zn+2],0.98594284
TRZ03356,Cc1ccc2nc(-c3ccc(F)cc3)c(Cc3nnc(C)c(C)n3)n2n1,Zn2+,Cc1ccc2nc(-c3ccc(F)cc3)c(Cc3nnc(C)c(C)n3)n2n1.[Zn+2],0.9859419
TRZ02383,Cc1nnc(-c2c(-c3cccs3)n[nH]c2C)nc1C,Zn2+,Cc1nnc(-c2c(-c3cccs3)n[nH]c2C)nc1C.[Zn+2],0.9852061
TRZ00646,Cc1nnc(-c2sc(=S)n(C)c2C)nc1C,Zn2+,Cc1nnc(-c2sc(=S)n(C)c2C)nc1C.[Zn+2],0.98282003
TRZ00809,Cc1nnc(C2=CO[C@@H](C)[C@@H]3CN4CCc5c([nH]c6ccccc56)[C@@H]4C[C@H]23)nc1C,Zn2+,Cc1nnc(C2=CO[C@@H](C)[C@@H]3CN4CCc5c([nH]c6ccccc56)[C@@H]4C[C@H]23)nc1C.[Zn+2],0.98184586
TRZ03330,Cc1nnc(C(=O)NCc2cc(F)ccc2F)nc1C,Zn2+,Cc1nnc(C(=O)NCc2cc(F)ccc2F)nc1C.[Zn+2],0.98147345
TRZ01435,Cc1nnc(Cc2cccn2C)nc1C,Zn2+,Cc1nnc(Cc2cccn2C)nc1C.[Zn+2],0.98039913
TRZ02081,Cc1nnc(CNc2ccc(F)c(C(F)(F)F)c2)nc1C,Zn2+,Cc1nnc(CNc2ccc(F)c(C(F)(F)F)c2)nc1C.[Zn+2],0.97609806
TRZ01529,Cc1nnc(CNC(=O)c2ccc([N+](=O)[O-])cc2)nc1C,Zn2+,Cc1nnc(CNC(=O)c2ccc([N+](=O)[O-])cc2)nc1C.[Zn+2],0.9756527
TRZ01389,CC(=O)Nc1ccc(C(=O)N/C(=C\c2ccco2)c2nnc(C)c(C)n2)cc1,Zn2+,CC(=O)Nc1ccc(C(=O)N/C(=C\c2ccco2)c2nnc(C)c(C)n2)cc1.[Zn+2],0.9719548
TRZ02431,Cc1nnc(C(=O)Nc2nc(-c3ccc(Br)cc3)cs2)nc1C,Zn2+,Cc1nnc(C(=O)Nc2nc(-c3ccc(Br)cc3)cs2)nc1C.[Zn+2],0.9718156
TRZ02360,COc1ccc(-c2cc(-c3nnc(C)c(C)n3)n(CCC#N)n2)cc1,Zn2+,COc1ccc(-c2cc(-c3nnc(C)c(C)n3)n(CCC#N)n2)cc1.[Zn+2],0.9716029
TRZ05758,Cc1nnc(-c2ccc(N3CCC(Oc4cc(F)ccc4Cl)CC3)nn2)nc1C,Zn2+,Cc1nnc(-c2ccc(N3CCC(Oc4cc(F)ccc4Cl)CC3)nn2)nc1C.[Zn+2],0.9670868
TRZ01604,Cc1nnc(-c2nnn(Nc3cc(Cl)ccc3Cl)c2C)nc1C,Zn2+,Cc1nnc(-c2nnn(Nc3cc(Cl)ccc3Cl)c2C)nc1C.[Zn+2],0.9666643
TRZ00818,Cc1nnc(CNC(=O)c2cccs2)nc1C,Zn2+,Cc1nnc(CNC(=O)c2cccs2)nc1C.[Zn+2],0.9659467
TRZ00025,Cc1nnc(-c2cc3ccccc3[nH]2)nc1C,Zn2+,Cc1nnc(-c2cc3ccccc3[nH]2)nc1C.[Zn+2],0.9649286
TRZ02969,Cc1nnc(Cc2nc3cc(F)c(N4CCN(C(=O)OC(C)(C)C)CC4)cc3n2C2CC2)nc1C,Zn2+,Cc1nnc(Cc2nc3cc(F)c(N4CCN(C(=O)OC(C)(C)C)CC4)cc3n2C2CC2)nc1C.[Zn+2],0.9642253
TRZ02955,Cc1nnc(-c2cn3c4c(cc(F)cc4c2=O)C2CCCCC23)nc1C,Zn2+,Cc1nnc(-c2cn3c4c(cc(F)cc4c2=O)C2CCCCC23)nc1C.[Zn+2],0.96195364
TRZ02237,Cc1nnc(-c2cc(=O)c3cc(F)ccc3o2)nc1C,Zn2+,Cc1nnc(-c2cc(=O)c3cc(F)ccc3o2)nc1C.[Zn+2],0.9619112
TRZ00457,Cc1nnc(CNC(=O)c2ccc(Br)cc2)nc1C,Zn2+,Cc1nnc(CNC(=O)c2ccc(Br)cc2)nc1C.[Zn+2],0.9618945
TRZ01269,CC(=O)N1CCN(c2ccc(CCc3ccc(-c4nnc(C)c(C)n4)s3)nc2)CC1,Zn2+,CC(=O)N1CCN(c2ccc(CCc3ccc(-c4nnc(C)c(C)n4)s3)nc2)CC1.[Zn+2],0.9611378
TRZ00566,CCOc1cccc(Nc2nn(C)c3c2Cc2cc(OCC)c(OCc4nnc(C)c(C)n4)cc2-3)c1,Zn2+,CCOc1cccc(Nc2nn(C)c3c2Cc2cc(OCC)c(OCc4nnc(C)c(C)n4)cc2-3)c1.[Zn+2],0.9595094
TRZ04940,Cc1nnc(-c2c(N(C(C)(C)C)S(=O)(=O)c3ccccc3)ccc(Cl)c2F)nc1C,Zn2+,Cc1nnc(-c2c(N(C(C)(C)C)S(=O)(=O)c3ccccc3)ccc(Cl)c2F)nc1C.[Zn+2],0.95843077
TRZ00505,Cc1nnc(CN2C(=O)C3(OCCO3)c3ccccc32)nc1C,Zn2+,Cc1nnc(CN2C(=O)C3(OCCO3)c3ccccc32)nc1C.[Zn+2],0.95836544
TRZ03445,Cc1nnc(-c2nn(Cc3ccc(F)cc3F)c3cc(CO)ccc23)nc1C,Zn2+,Cc1nnc(-c2nn(Cc3ccc(F)cc3F)c3cc(CO)ccc23)nc1C.[Zn+2],0.9574394
TRZ02890,Cc1nnc(-c2cncc(F)c2)nc1C,Zn2+,Cc1nnc(-c2cncc(F)c2)nc1C.[Zn+2],0.95726776
TRZ02509,Cc1nnc(CSc2nnc(CNc3ccccc3)n2-c2ccccc2)nc1C,Zn2+,Cc1nnc(CSc2nnc(CNc3ccccc3)n2-c2ccccc2)nc1C.[Zn+2],0.95699644
TRZ04440,Cc1ncc(-c2nnc(C)c(C)n2)cc1F,Zn2+,Cc1ncc(-c2nnc(C)c(C)n2)cc1F.[Zn+2],0.95653963
TRZ00898,CCn1cnc2c1c(=O)n(Cc1nnc(C)c(C)n1)c(=O)n2Cc1ccccc1,Zn2+,CCn1cnc2c1c(=O)n(Cc1nnc(C)c(C)n1)c(=O)n2Cc1ccccc1.[Zn+2],0.95597124
TRZ00709,CCCn1nc(-c2cn(CCC)c3ccccc23)cc1-c1nnc(C)c(C)n1,Zn2+,CCCn1nc(-c2cn(CCC)c3ccccc23)cc1-c1nnc(C)c(C)n1.[Zn+2],0.95576096
TRZ05241,C=CC(=O)C1(Nc2ccc(C(F)(F)F)cc2)C=CC=CC1c1nnc(C)c(C)n1,Zn2+,C=CC(=O)C1(Nc2ccc(C(F)(F)F)cc2)C=CC=CC1c1nnc(C)c(C)n1.[Zn+2],0.9531379
TRZ01707,Cc1nc2cc(-c3nnc(C)c(C)n3)c([N+](=O)[O-])cc2[nH]1,Zn2+,Cc1nc2cc(-c3nnc(C)c(C)n3)c([N+](=O)[O-])cc2[nH]1.[Zn+2],0.94987774
TRZ02951,Cc1nnc(-c2c(N)cccc2C(F)(F)F)nc1C,Zn2+,Cc1nnc(-c2c(N)cccc2C(F)(F)F)nc1C.[Zn+2],0.9497652
TRZ05871,Cc1nnc(-c2nc(C(=O)Cc3ccccc3)c(C(F)(F)F)cc2N)nc1C,Zn2+,Cc1nnc(-c2nc(C(=O)Cc3ccccc3)c(C(F)(F)F)cc2N)nc1C.[Zn+2],0.9471798
TRZ00160,Cc1nnc(CNC(=O)c2ccccc2)nc1C,Zn2+,Cc1nnc(CNC(=O)c2ccccc2)nc1C.[Zn+2],0.94450426
TRZ01816,Cc1nnc(-c2ncn(-c3cccc(Br)c3)c2-c2ccc(F)cc2)nc1C,Zn2+,Cc1nnc(-c2ncn(-c3cccc(Br)c3)c2-c2ccc(F)cc2)nc1C.[Zn+2],0.9434333
TRZ00906,CCn1cc(Br)c(-c2nnc(C)c(C)n2)n1,Zn2+,CCn1cc(Br)c(-c2nnc(C)c(C)n2)n1.[Zn+2],0.94021225
TRZ02811,Cc1ccc(C(=O)N/C(=C/c2ccccc2F)c2nnc(C)c(C)n2)cc1,Zn2+,Cc1ccc(C(=O)N/C(=C/c2ccccc2F)c2nnc(C)c(C)n2)cc1.[Zn+2],0.9399438
TRZ04046,Cc1nnc(-c2cnn(C)c2COc2ccc(C(F)(F)F)cc2)nc1C,Zn2+,Cc1nnc(-c2cnn(C)c2COc2ccc(C(F)(F)F)cc2)nc1C.[Zn+2],0.9391899
TRZ01334,CCN1c2ccccc2Sc2c(-c3nnc(C)c(C)n3)cccc21,Zn2+,CCN1c2ccccc2Sc2c(-c3nnc(C)c(C)n3)cccc21.[Zn+2],0.93856144
TRZ03498,Cc1nnc(C(C#N)(CCCCl)c2ccc(F)cc2)nc1C,Zn2+,Cc1nnc(C(C#N)(CCCCl)c2ccc(F)cc2)nc1C.[Zn+2],0.93706465
TRZ03504,COC(=O)C1CCC(Oc2cc(F)c(NC(=O)c3nnc(C)c(C)n3)cn2)CC1,Zn2+,COC(=O)C1CCC(Oc2cc(F)c(NC(=O)c3nnc(C)c(C)n3)cn2)CC1.[Zn+2],0.93249273
TRZ02562,CCCNc1nc2oc(C)c(-c3nnc(C)c(C)n3)c2c(=O)n1-c1ccc(C)cc1,Zn2+,CCCNc1nc2oc(C)c(-c3nnc(C)c(C)n3)c2c(=O)n1-c1ccc(C)cc1.[Zn+2],0.9324002
TRZ03121,Cc1nnc(-c2c(O)cccc2F)nc1C,Zn2+,Cc1nnc(-c2c(O)cccc2F)nc1C.[Zn+2],0.9297571
TRZ05459,Cc1nnc(-c2[nH]ccc2F)nc1C,Zn2+,Cc1nnc(-c2[nH]ccc2F)nc1C.[Zn+2],0.9277892
TRZ03622,Cc1nnc(-c2cccc(-c3ccc(F)cc3)n2)nc1C,Zn2+,Cc1nnc(-c2cccc(-c3ccc(F)cc3)n2)nc1C.[Zn+2],0.92311954
TRZ00624,Cc1nnc(-c2nc(-c3cccc(-n4cccc4)c3)no2)nc1C,Zn2+,Cc1nnc(-c2nc(-c3cccc(-n4cccc4)c3)no2)nc1C.[Zn+2],0.9213724
TRZ01895,Cc1nnc(-c2csc(C3CCCN3C(=O)OC(C)(C)C)n2)nc1C,Zn2+,Cc1nnc(-c2csc(C3CCCN3C(=O)OC(C)(C)C)n2)nc1C.[Zn+2],0.9202657
TRZ01995,Cc1nnc(Cn2nnc(N3CCCC3)n2)nc1C,Zn2+,Cc1nnc(Cn2nnc(N3CCCC3)n2)nc1C.[Zn+2],0.9184494
TRZ04015,Cc1nnc(C2CC3(CN(C(=O)C(F)(F)F)C=N3)c3ccccc3O2)nc1C,Zn2+,Cc1nnc(C2CC3(CN(C(=O)C(F)(F)F)C=N3)c3ccccc3O2)nc1C.[Zn+2],0.91378975
TRZ02937,Cc1nnc(-c2nn(Cc3ccc(F)cc3F)c3cc(Cl)ccc23)nc1C,Zn2+,Cc1nnc(-c2nn(Cc3ccc(F)cc3F)c3cc(Cl)ccc23)nc1C.[Zn+2],0.913362
TRZ04469,Cc1nnc(Cn2nc(C3=CCC(Cl)C=C3)n(C[C@H](O)C(F)(F)F)c2=O)nc1C,Zn2+,Cc1nnc(Cn2nc(C3=CCC(Cl)C=C3)n(C[C@H](O)C(F)(F)F)c2=O)nc1C.[Zn+2],0.9130988
TRZ02730,Cc1nnc(-c2cnccc2C(=O)O)nc1C,Zn2+,Cc1nnc(-c2cnccc2C(=O)O)nc1C.[Zn+2],0.91183853
TRZ00853,Cc1nnc(-c2cn3ccsc3n2)nc1C,Zn2+,Cc1nnc(-c2cn3ccsc3n2)nc1C.[Zn+2],0.9096842
TRZ05238,Cc1nnc(C(=O)CNCc2ccc(F)cc2)nc1C,Zn2+,Cc1nnc(C(=O)CNCc2ccc(F)cc2)nc1C.[Zn+2],0.90895414
TRZ02796,Cc1nnc(CNc2cccc(F)c2C)nc1C,Zn2+,Cc1nnc(CNc2cccc(F)c2C)nc1C.[Zn+2],0.90836525
TRZ03154,Cc1nnc(-c2ccc(N3CC(Cc4ccccc4C(F)(F)F)C3)nn2)nc1C,Zn2+,Cc1nnc(-c2ccc(N3CC(Cc4ccccc4C(F)(F)F)C3)nn2)nc1C.[Zn+2],0.9078388
TRZ05691,Cc1nnc(-c2cc(Cl)cnc2OCC(F)(F)F)nc1C,Zn2+,Cc1nnc(-c2cc(Cl)cnc2OCC(F)(F)F)nc1C.[Zn+2],0.90601873
TRZ02158,Cc1nnc(-c2cc(-c3ccc(OCc4ccccc4)cc3)n[nH]2)nc1C,Zn2+,Cc1nnc(-c2cc(-c3ccc(OCc4ccccc4)cc3)n[nH]2)nc1C.[Zn+2],0.90250206
TRZ03441,Cc1nnc(-c2nn(Cc3ccc(F)cc3Cl)c3cccnc23)nc1C,Zn2+,Cc1nnc(-c2nn(Cc3ccc(F)cc3Cl)c3cccnc23)nc1C.[Zn+2],0.9008336
TRZ00896,COc1ccccc1NC(=O)N[C@@H](Cc1c[nH]c2ccccc12)c1nnc(C)c(C)n1,Zn2+,COc1ccccc1NC(=O)N[C@@H](Cc1c[nH]c2ccccc12)c1nnc(C)c(C)n1.[Zn+2],0.9007945
TRZ05510,Cc1nnc(-c2cccc(-c3ccc(OC(F)(F)F)cc3)n2)nc1C,Zn2+,Cc1nnc(-c2cccc(-c3ccc(OC(F)(F)F)cc3)n2)nc1C.[Zn+2],0.8998351
TRZ01137,Cc1nnc(-c2ccc(NCc3ccc(F)cc3)cn2)nc1C,Zn2+,Cc1nnc(-c2ccc(NCc3ccc(F)cc3)cn2)nc1C.[Zn+2],0.8978877
TRZ03771,Cc1nnc(-c2csc(-c3ccc(F)cc3)c2)nc1C,Zn2+,Cc1nnc(-c2csc(-c3ccc(F)cc3)c2)nc1C.[Zn+2],0.8962374
TRZ01374,CCCN(CCC)/C(=C\c1ccc([N+](=O)[O-])o1)c1nnc(C)c(C)n1,Zn2+,CCCN(CCC)/C(=C\c1ccc([N+](=O)[O-])o1)c1nnc(C)c(C)n1.[Zn+2],0.89574385
TRZ00419,Cc1nnc(Cc2nc3ccccc3n2C)nc1C,Zn2+,Cc1nnc(Cc2nc3ccccc3n2C)nc1C.[Zn+2],0.895473
TRZ05528,Cc1nnc(-c2nn3c(c2Nc2ccc(C(F)(F)F)cc2)CCC3)nc1C,Zn2+,Cc1nnc(-c2nn3c(c2Nc2ccc(C(F)(F)F)cc2)CCC3)nc1C.[Zn+2],0.89475775
TRZ03912,Cc1nnc(-c2c(-c3ccc(F)cc3)nn3ccccc23)nc1C,Zn2+,Cc1nnc(-c2c(-c3ccc(F)cc3)nn3ccccc23)nc1C.[Zn+2],0.89190435
TRZ01958,C/C(=N\N)c1cc(-c2nnc(C)c(C)n2)c(=O)[nH]c1C,Zn2+,C/C(=N\N)c1cc(-c2nnc(C)c(C)n2)c(=O)[nH]c1C.[Zn+2],0.89029217
TRZ03574,Cc1nnc(C(C)C(O)(Cn2cncn2)c2ccc(F)cc2F)nc1C,Zn2+,Cc1nnc(C(C)C(O)(Cn2cncn2)c2ccc(F)cc2F)nc1C.[Zn+2],0.8899584
TRZ04867,Cc1nnc(-c2ncc(C(F)(F)F)cc2Br)nc1C,Zn2+,Cc1nnc(-c2ncc(C(F)(F)F)cc2Br)nc1C.[Zn+2],0.8871112
TRZ00368,COc1ccc(N(C)c2nc(C)nc3ccccc23)cc1OC(C)c1nnc(C)c(C)n1,Zn2+,COc1ccc(N(C)c2nc(C)nc3ccccc23)cc1OC(C)c1nnc(C)c(C)n1.[Zn+2],0.8853235
TRZ01974,Cc1nnc(-c2cc(-c3ccccc3)nn2-c2ccccc2)nc1C,Zn2+,Cc1nnc(-c2cc(-c3ccccc3)nn2-c2ccccc2)nc1C.[Zn+2],0.88313484
TRZ00761,Cc1nnc(CNc2ccc(Cl)cc2)nc1C,Zn2+,Cc1nnc(CNc2ccc(Cl)cc2)nc1C.[Zn+2],0.8830476
TRZ04029,[C-]#[N+]c1cc(-c2ncn(/C=C\c3nnc(C)c(C)n3)n2)cc(C(F)(F)F)c1,Zn2+,[C-]#[N+]c1cc(-c2ncn(/C=C\c3nnc(C)c(C)n3)n2)cc(C(F)(F)F)c1.[Zn+2],0.88231325
TRZ02183,Cc1nnc([C@@H](C)NC(=O)OCc2ccccc2)nc1C,Zn2+,Cc1nnc([C@@H](C)NC(=O)OCc2ccccc2)nc1C.[Zn+2],0.88157463
TRZ03288,Cc1nnc(-c2[nH]ncc2NC(=O)c2c(F)cccc2F)nc1C,Zn2+,Cc1nnc(-c2[nH]ncc2NC(=O)c2c(F)cccc2F)nc1C.[Zn+2],0.8801074
TRZ03957,Cc1nnc(CN(CC(F)(F)F)c2ccc(C#N)c(C(F)(F)F)c2)nc1C,Zn2+,Cc1nnc(CN(CC(F)(F)F)c2ccc(C#N)c(C(F)(F)F)c2)nc1C.[Zn+2],0.87954426
TRZ05406,C=CCCC(C)(C)Nc1nc(-c2nnc(C)c(C)n2)c([N+](=O)[O-])cc1C(F)(F)F,Zn2+,C=CCCC(C)(C)Nc1nc(-c2nnc(C)c(C)n2)c([N+](=O)[O-])cc1C(F)(F)F.[Zn+2],0.87886953
TRZ02480,Cc1nnc(-c2ccccc2NC(=O)C23CC4CC(CC(C4)C2)C3)nc1C,Zn2+,Cc1nnc(-c2ccccc2NC(=O)C23CC4CC(CC(C4)C2)C3)nc1C.[Zn+2],0.8786855
TRZ00159,Cc1nnc(CNC(=O)OCc2ccccc2)nc1C,Zn2+,Cc1nnc(CNC(=O)OCc2ccccc2)nc1C.[Zn+2],0.87849283
TRZ02071,Cc1nnc(-c2cc3ccccc3n2Cc2ccccc2)nc1C,Zn2+,Cc1nnc(-c2cc3ccccc3n2Cc2ccccc2)nc1C.[Zn+2],0.8778858
TRZ05015,Cc1nnc(-c2cc(F)[nH]c2N)nc1C,Zn2+,Cc1nnc(-c2cc(F)[nH]c2N)nc1C.[Zn+2],0.87715435
TRZ00850,Cc1nnc(Cc2ccccn2)nc1C,Zn2+,Cc1nnc(Cc2ccccn2)nc1C.[Zn+2],0.8769126
TRZ00826,Cc1nnc(-c2cn(-c3ccccc3)nc2-c2ccccc2)nc1C,Zn2+,Cc1nnc(-c2cn(-c3ccccc3)nc2-c2ccccc2)nc1C.[Zn+2],0.8764849
TRZ03927,Cc1nnc(C=Cn2cnc(-c3cc(OC(=O)OCC(C)C)cc(C(F)(F)F)c3)n2)nc1C,Zn2+,Cc1nnc(C=Cn2cnc(-c3cc(OC(=O)OCC(C)C)cc(C(F)(F)F)c3)n2)nc1C.[Zn+2],0.8756614
TRZ04724,Cc1nnc([C@H](CNC(=O)OC(C)(C)C)Nc2ccc(C(F)(F)F)cc2)nc1C,Zn2+,Cc1nnc([C@H](CNC(=O)OC(C)(C)C)Nc2ccc(C(F)(F)F)cc2)nc1C.[Zn+2],0.8724375
TRZ03727,Cc1nnc(-c2nn(Cc3ccc(F)cc3F)c3cc([N+](=O)[O-])ccc23)nc1C,Zn2+,Cc1nnc(-c2nn(Cc3ccc(F)cc3F)c3cc([N+](=O)[O-])ccc23)nc1C.[Zn+2],0.8716917
TRZ04056,Cc1nnc(-c2cnc(N)c3nc(-c4cccc(F)c4)ccc23)nc1C,Zn2+,Cc1nnc(-c2cnc(N)c3nc(-c4cccc(F)c4)ccc23)nc1C.[Zn+2],0.8714633
TRZ02341,Cc1cccc(C(=O)NCc2nnc(C)c(C)n2)c1,Zn2+,Cc1cccc(C(=O)NCc2nnc(C)c(C)n2)c1.[Zn+2],0.87064123
TRZ00401,CC(=O)NC(Cc1ccc(O)cc1)c1nnc(C)c(C)n1,Zn2+,CC(=O)NC(Cc1ccc(O)cc1)c1nnc(C)c(C)n1.[Zn+2],0.86856604
TRZ02583,Cc1nnc(-c2cn(-c3ccccc3)nn2)nc1C,Zn2+,Cc1nnc(-c2cn(-c3ccccc3)nn2)nc1C.[Zn+2],0.86765814
TRZ02408,Cc1nnc(Cn2cnc3c2c(=O)n(C)c(=O)n3C)nc1C,Zn2+,Cc1nnc(Cn2cnc3c2c(=O)n(C)c(=O)n3C)nc1C.[Zn+2],0.8652158
TRZ02204,CCOC(=O)c1cn(Cc2nnc(C)c(C)n2)c2cc(Cl)c(F)cc2c1=O,Zn2+,CCOC(=O)c1cn(Cc2nnc(C)c(C)n2)c2cc(Cl)c(F)cc2c1=O.[Zn+2],0.86440706
TRZ04243,Cc1nnc(-c2c(C)[nH]c(=O)c(C(=O)O)c2-c2cccc(C(F)(F)F)c2)nc1C,Zn2+,Cc1nnc(-c2c(C)[nH]c(=O)c(C(=O)O)c2-c2cccc(C(F)(F)F)c2)nc1C.[Zn+2],0.86301374
TRZ01925,CC(=O)c1c(C)[nH]c(-c2nnc(C)c(C)n2)c1C,Zn2+,CC(=O)c1c(C)[nH]c(-c2nnc(C)c(C)n2)c1C.[Zn+2],0.86275434
TRZ01856,Cc1nnc(-c2cc3ccc(F)cc3[nH]2)nc1C,Zn2+,Cc1nnc(-c2cc3ccc(F)cc3[nH]2)nc1C.[Zn+2],0.86170244
TRZ01432,Cc1nnc(-c2ccn(C)n2)nc1C,Zn2+,Cc1nnc(-c2ccn(C)n2)nc1C.[Zn+2],0.86141205
TRZ01633,Cc1nnc(Cn2ncc3cc([N+](=O)[O-])ccc32)nc1C,Zn2+,Cc1nnc(Cn2ncc3cc([N+](=O)[O-])ccc32)nc1C.[Zn+2],0.8609772
TRZ03978,Cc1nnc(-c2ncc(C(F)(F)F)cc2N)nc1C,Zn2+,Cc1nnc(-c2ncc(C(F)(F)F)cc2N)nc1C.[Zn+2],0.85926247
TRZ04394,CCS(=O)(=O)c1cc(C(F)(F)F)cnc1-c1nnc(C)c(C)n1,Zn2+,CCS(=O)(=O)c1cc(C(F)(F)F)cnc1-c1nnc(C)c(C)n1.[Zn+2],0.8576565
TRZ04070,Cc1nnc(-c2cc(C(F)(F)F)n(-c3ccc([N+](=O)[O-])nc3)n2)nc1C,Zn2+,Cc1nnc(-c2cc(C(F)(F)F)n(-c3ccc([N+](=O)[O-])nc3)n2)nc1C.[Zn+2],0.8574748
TRZ03867,Cc1nnc(/C=C\n2cnc(-c3cc(C(F)(F)F)cc(S(C)(=O)=O)c3)n2)nc1C,Zn2+,Cc1nnc(/C=C\n2cnc(-c3cc(C(F)(F)F)cc(S(C)(=O)=O)c3)n2)nc1C.[Zn+2],0.8573661
TRZ00602,Cc1nnc(C(C#N)(Cc2ccccc2)Cc2ccccc2)nc1C,Zn2+,Cc1nnc(C(C#N)(Cc2ccccc2)Cc2ccccc2)nc1C.[Zn+2],0.8561158
TRZ01884,Cc1nnc(-c2nc3ncccc3n2C)nc1C,Zn2+,Cc1nnc(-c2nc3ncccc3n2C)nc1C.[Zn+2],0.8557272
TRZ03999,C#Cc1cc(-c2nnc(C)c(C)n2)c(Nc2ccc(I)cc2F)cn1,Zn2+,C#Cc1cc(-c2nnc(C)c(C)n2)c(Nc2ccc(I)cc2F)cn1.[Zn+2],0.85554886
TRZ02007,Cc1nnc(-c2csc(-c3ccncc3)n2)nc1C,Zn2+,Cc1nnc(-c2csc(-c3ccncc3)n2)nc1C.[Zn+2],0.85406923
TRZ02043,Cc1nnc(/C(=C/c2ccc(Cl)cc2Cl)NC(=O)c2ccccc2)nc1C,Zn2+,Cc1nnc(/C(=C/c2ccc(Cl)cc2Cl)NC(=O)c2ccccc2)nc1C.[Zn+2],0.85190296
TRZ03518,Cc1nnc(-c2ccncc2Nc2ccc(Br)cc2F)nc1C,Zn2+,Cc1nnc(-c2ccncc2Nc2ccc(Br)cc2F)nc1C.[Zn+2],0.8492241
TRZ00275,Cc1cc(Br)c(OCc2nnc(C)c(C)n2)c2c1CCC2,Zn2+,Cc1cc(Br)c(OCc2nnc(C)c(C)n2)c2c1CCC2.[Zn+2],0.8471298
TRZ01386,Cc1nnc(/C(=C/c2ccc3ccccc3c2)N(C)C)nc1C,Zn2+,Cc1nnc(/C(=C/c2ccc3ccccc3c2)N(C)C)nc1C.[Zn+2],0.8454032
TRZ05936,COCC(=C1Nc2c(C)cc(F)cc2NC1(C)C)c1nnc(C)c(C)n1,Zn2+,COCC(=C1Nc2c(C)cc(F)cc2NC1(C)C)c1nnc(C)c(C)n1.[Zn+2],0.8450041
TRZ01068,Cc1nnc(CN(C)c2ccc3ccccc3c2)nc1C,Zn2+,Cc1nnc(CN(C)c2ccc3ccccc3c2)nc1C.[Zn+2],0.8449383
TRZ04841,Cc1nnc(-c2ccc(CN(C(=O)N3CCOCC3)c3ccc(F)c(Cl)c3)cn2)nc1C,Zn2+,Cc1nnc(-c2ccc(CN(C(=O)N3CCOCC3)c3ccc(F)c(Cl)c3)cn2)nc1C.[Zn+2],0.8444538
TRZ02859,Cc1nnc(-c2c(C)[nH]c3ccc(OCc4ccccc4)cc23)nc1C,Zn2+,Cc1nnc(-c2c(C)[nH]c3ccc(OCc4ccccc4)cc23)nc1C.[Zn+2],0.84373045
TRZ00042,Cc1nnc(-c2cnccn2)nc1C,Zn2+,Cc1nnc(-c2cnccn2)nc1C.[Zn+2],0.84297895
TRZ05580,Cc1cc(-c2nnc(C)c(C)n2)nc(N2CCC(C(F)(F)F)C2)c1,Zn2+,Cc1cc(-c2nnc(C)c(C)n2)nc(N2CCC(C(F)(F)F)C2)c1.[Zn+2],0.8406615
TRZ01360,Cc1ccc2nc3ccccc3c(SCc3nnc(C)c(C)n3)c2c1,Zn2+,Cc1ccc2nc3ccccc3c(SCc3nnc(C)c(C)n3)c2c1.[Zn+2],0.8395028
TRZ04644,COCCNc1cc(C(F)(F)F)cnc1-c1nnc(C)c(C)n1,Zn2+,COCCNc1cc(C(F)(F)F)cnc1-c1nnc(C)c(C)n1.[Zn+2],0.8391781
TRZ00406,Cc1nnc(Cn2c(C)nc3ccccc32)nc1C,Zn2+,Cc1nnc(Cn2c(C)nc3ccccc32)nc1C.[Zn+2],0.83812237
TRZ02526,CCOC(=O)c1c(C)c(-c2ccccc2)n(Cc2nnc(C)c(C)n2)c1C,Zn2+,CCOC(=O)c1c(C)c(-c2ccccc2)n(Cc2nnc(C)c(C)n2)c1C.[Zn+2],0.8371911
TRZ00312,CCOc1ccc(-c2cc(-c3nnc(C)c(C)n3)[nH]n2)cc1,Zn2+,CCOc1ccc(-c2cc(-c3nnc(C)c(C)n3)[nH]n2)cc1.[Zn+2],0.83611727
TRZ01003,Cc1nnc(-c2nc([N+](=O)[O-])cn2Cc2ccc(OC(F)(F)F)cc2)nc1C,Zn2+,Cc1nnc(-c2nc([N+](=O)[O-])cn2Cc2ccc(OC(F)(F)F)cc2)nc1C.[Zn+2],0.8343115
TRZ00830,Cc1nc(-c2ccccc2)ccc1-c1nnc(C)c(C)n1,Zn2+,Cc1nc(-c2ccccc2)ccc1-c1nnc(C)c(C)n1.[Zn+2],0.8339863
TRZ00945,Cc1nnc(C(C)Oc2ccc3c(C(F)(F)F)cc(=O)oc3c2)nc1C,Zn2+,Cc1nnc(C(C)Oc2ccc3c(C(F)(F)F)cc(=O)oc3c2)nc1C.[Zn+2],0.83281374
TRZ00946,Cc1nnc(-c2cncn2-c2ccc(F)cc2)nc1C,Zn2+,Cc1nnc(-c2cncn2-c2ccc(F)cc2)nc1C.[Zn+2],0.8320632
TRZ02104,Cc1ccc(F)cc1CNC(=O)c1nnc(C)c(C)n1,Zn2+,Cc1ccc(F)cc1CNC(=O)c1nnc(C)c(C)n1.[Zn+2],0.83054066
TRZ00039,Cc1nnc(CCn2c3ccccc3c3ccccc32)nc1C,Zn2+,Cc1nnc(CCn2c3ccccc3c3ccccc32)nc1C.[Zn+2],0.82967615
TRZ05104,CCn1c(C)c(C(=O)Nc2ccc(F)c(C)c2)c(C)c1C(=O)C(=O)NC(C)(C)c1nnc(C)c(C)n1,Zn2+,CCn1c(C)c(C(=O)Nc2ccc(F)c(C)c2)c(C)c1C(=O)C(=O)NC(C)(C)c1nnc(C)c(C)n1.[Zn+2],0.8287034
TRZ02734,Cc1nnc(-c2ccccc2ON)nc1C,Zn2+,Cc1nnc(-c2ccccc2ON)nc1C.[Zn+2],0.82837963
TRZ03629,Cc1nnc(C[C@@H](Cc2cc(F)ccc2F)NC(=O)O)nc1C,Zn2+,Cc1nnc(C[C@@H](Cc2cc(F)ccc2F)NC(=O)O)nc1C.[Zn+2],0.8278971
TRZ01676,Cc1nnc(COc2ccc3c(-c4ccccc4)cc(=O)oc3c2)nc1C,Zn2+,Cc1nnc(COc2ccc3c(-c4ccccc4)cc(=O)oc3c2)nc1C.[Zn+2],0.82774687
TRZ00442,Cc1nnc(Cn2nnc3ccccc32)nc1C,Zn2+,Cc1nnc(Cn2nnc3ccccc32)nc1C.[Zn+2],0.8275447
TRZ00450,Cc1nnc(Cc2csc(N)n2)nc1C,Zn2+,Cc1nnc(Cc2csc(N)n2)nc1C.[Zn+2],0.82633543
TRZ05352,Cc1nnc(-c2cc3c(N[C@H]4CCN(C)C[C@@H]4F)cccc3n2CC(F)(F)F)nc1C,Zn2+,Cc1nnc(-c2cc3c(N[C@H]4CCN(C)C[C@@H]4F)cccc3n2CC(F)(F)F)nc1C.[Zn+2],0.8248043
TRZ03865,Cc1nnc(/C=C\n2cnc(-c3cc(Cl)cc(OC(F)(F)F)c3)n2)nc1C,Zn2+,Cc1nnc(/C=C\n2cnc(-c3cc(Cl)cc(OC(F)(F)F)c3)n2)nc1C.[Zn+2],0.822196
TRZ03294,Cc1nnc(C(=O)Nc2ccc(C3CCC(C(=O)OC(C)(C)C)CC3)cc2F)nc1C,Zn2+,Cc1nnc(C(=O)Nc2ccc(C3CCC(C(=O)OC(C)(C)C)CC3)cc2F)nc1C.[Zn+2],0.82218313
TRZ00617,Cc1nnc(Cc2nc3sc(C)c(C)c3c(=O)[nH]2)nc1C,Zn2+,Cc1nnc(Cc2nc3sc(C)c(C)c3c(=O)[nH]2)nc1C.[Zn+2],0.8217039
TRZ03420,Cc1nnc(-c2nn(Cc3ccc(F)cc3F)c3cc(OC(F)(F)F)ccc23)nc1C,Zn2+,Cc1nnc(-c2nn(Cc3ccc(F)cc3F)c3cc(OC(F)(F)F)ccc23)nc1C.[Zn+2],0.82075024
TRZ03841,COc1cc(Oc2cccc(C(F)(F)F)c2)nc(-c2nnc(C)c(C)n2)c1,Zn2+,COc1cc(Oc2cccc(C(F)(F)F)c2)nc(-c2nnc(C)c(C)n2)c1.[Zn+2],0.8203988
TRZ02579,Cc1nnc(CS(=O)(=O)Cc2ccccc2)nc1C,Zn2+,Cc1nnc(CS(=O)(=O)Cc2ccccc2)nc1C.[Zn+2],0.81698465
TRZ05266,Cc1nnc([C@H](C)NC(=O)c2cc(Cl)cc(S(=O)(=O)C(F)(F)F)c2)nc1C,Zn2+,Cc1nnc([C@H](C)NC(=O)c2cc(Cl)cc(S(=O)(=O)C(F)(F)F)c2)nc1C.[Zn+2],0.8152108
TRZ05822,Cc1nnc(-c2c(S)ccc(F)c2Cl)nc1C,Zn2+,Cc1nnc(-c2c(S)ccc(F)c2Cl)nc1C.[Zn+2],0.81442404
TRZ04063,Cc1nnc(Cc2nc3ccc(-c4ccc(F)cc4)cc3s2)nc1C,Zn2+,Cc1nnc(Cc2nc3ccc(-c4ccc(F)cc4)cc3s2)nc1C.[Zn+2],0.8123379
TRZ00933,Cc1nnc(C(Cc2c[nH]c3ccccc23)NC(=O)c2ccc(OCC(C)C)cc2)nc1C,Zn2+,Cc1nnc(C(Cc2c[nH]c3ccccc23)NC(=O)c2ccc(OCC(C)C)cc2)nc1C.[Zn+2],0.8118601
TRZ05374,Cc1nnc(-c2nn(Cc3ccc(C(F)(F)F)cc3)c3ccccc23)nc1C,Zn2+,Cc1nnc(-c2nn(Cc3ccc(C(F)(F)F)cc3)c3ccccc23)nc1C.[Zn+2],0.8109369
TRZ00770,Cc1nnc(-c2oc3ccccc3c2C)nc1C,Zn2+,Cc1nnc(-c2oc3ccccc3c2C)nc1C.[Zn+2],0.8087487
TRZ02282,Cc1nnc(C(=O)Nc2nccs2)nc1C,Zn2+,Cc1nnc(C(=O)Nc2nccs2)nc1C.[Zn+2],0.8065381
TRZ01521,Cc1nnc(Cn2c3ccc(F)cc3c3nc4ccccc4nc32)nc1C,Zn2+,Cc1nnc(Cn2c3ccc(F)cc3c3nc4ccccc4nc32)nc1C.[Zn+2],0.8064594
TRZ00601,Cc1nnc(-c2c[nH]c3ccc(OCc4ccccc4)cc23)nc1C,Zn2+,Cc1nnc(-c2c[nH]c3ccc(OCc4ccccc4)cc23)nc1C.[Zn+2],0.8038626
TRZ00953,Cc1nnc(-c2nc3c(=O)[nH]c4cc(Cl)ccc4n3n2)nc1C,Zn2+,Cc1nnc(-c2nc3c(=O)[nH]c4cc(Cl)ccc4n3n2)nc1C.[Zn+2],0.79900503
TRZ03752,Cc1nnc(C2C(=O)Nc3ccc(OC(F)(F)F)cc32)nc1C,Zn2+,Cc1nnc(C2C(=O)Nc3ccc(OC(F)(F)F)cc32)nc1C.[Zn+2],0.79750586
TRZ01719,Cc1nnc(/C=C2/Nc3cc(Cl)c(Cl)cc3NC2=O)nc1C,Zn2+,Cc1nnc(/C=C2/Nc3cc(Cl)c(Cl)cc3NC2=O)nc1C.[Zn+2],0.79500103
TRZ05248,Cc1nnc([C@H]2CC[C@H](NC(=O)COc3ccc(Cl)c(F)c3)CN2C(=O)OC(C)(C)C)nc1C,Zn2+,Cc1nnc([C@H]2CC[C@H](NC(=O)COc3ccc(Cl)c(F)c3)CN2C(=O)OC(C)(C)C)nc1C.[Zn+2],0.79354715
TRZ05079,Cc1nnc(-c2c(C)[nH]c(/C=C3/C(=O)Nc4ccc(F)cc43)c2C)nc1C,Zn2+,Cc1nnc(-c2c(C)[nH]c(/C=C3/C(=O)Nc4ccc(F)cc43)c2C)nc1C.[Zn+2],0.7935271
TRZ00032,Cc1nnc(COc2cccc3ccccc23)nc1C,Zn2+,Cc1nnc(COc2cccc3ccccc23)nc1C.[Zn+2],0.79340935
TRZ00276,Cc1nnc(-c2ncoc2-c2ccc(Cl)cc2)nc1C,Zn2+,Cc1nnc(-c2ncoc2-c2ccc(Cl)cc2)nc1C.[Zn+2],0.79252625
TRZ03012,Cc1nnc(-c2cn(-c3ccccc3C(F)(F)F)cn2)nc1C,Zn2+,Cc1nnc(-c2cn(-c3ccccc3C(F)(F)F)cn2)nc1C.[Zn+2],0.79088306
TRZ05891,Cc1nnc(-c2nnn(-c3cccc(F)c3)c2-c2cccc(F)c2F)nc1C,Zn2+,Cc1nnc(-c2nnn(-c3cccc(F)c3)c2-c2cccc(F)c2F)nc1C.[Zn+2],0.7900758
TRZ02681,Cc1nnc(-c2cnoc2)nc1C,Zn2+,Cc1nnc(-c2cnoc2)nc1C.[Zn+2],0.78895473
TRZ01763,Cc1nnc(-c2cnc(-c3ccccc3)cc2-c2ccccc2)nc1C,Zn2+,Cc1nnc(-c2cnc(-c3ccccc3)cc2-c2ccccc2)nc1C.[Zn+2],0.78880787
TRZ00925,Cc1nnc(CN2C(=O)CSc3ccc(C(F)(F)F)cc32)nc1C,Zn2+,Cc1nnc(CN2C(=O)CSc3ccc(C(F)(F)F)cc32)nc1C.[Zn+2],0.7882304
TRZ03736,Cc1nnc(-c2nn(Cc3ccc(F)cc3F)c3cc(C(F)(F)F)cnc23)nc1C,Zn2+,Cc1nnc(-c2nn(Cc3ccc(F)cc3F)c3cc(C(F)(F)F)cnc23)nc1C.[Zn+2],0.78733397
TRZ02337,COc1ccc(OC)c(NC(=O)c2nnc(C)c(C)n2)c1,Zn2+,COc1ccc(OC)c(NC(=O)c2nnc(C)c(C)n2)c1.[Zn+2],0.78717184
TRZ04977,Cc1nnc(-c2cn(-c3ccc(Cl)cc3C(F)(F)F)cn2)nc1C,Zn2+,Cc1nnc(-c2cn(-c3ccc(Cl)cc3C(F)(F)F)cn2)nc1C.[Zn+2],0.7852526
TRZ05247,Cc1nnc([C@H]2CC[C@H](NC(=O)COc3ccc(Cl)c(F)c3)CN2C(=O)O)nc1C,Zn2+,Cc1nnc([C@H]2CC[C@H](NC(=O)COc3ccc(Cl)c(F)c3)CN2C(=O)O)nc1C.[Zn+2],0.7817378
TRZ03737,Cc1nnc(-c2nn(Cc3ccc(F)cc3Cl)c3cc([N+](=O)[O-])ccc23)nc1C,Zn2+,Cc1nnc(-c2nn(Cc3ccc(F)cc3Cl)c3cc([N+](=O)[O-])ccc23)nc1C.[Zn+2],0.7802315
TRZ04925,Cc1nnc([C@@H]2O[C@@H]3CO[C@H](c4ccccc4)O[C@@H]3[C@H](N3N=NCC3F)[C@H]2O)nc1C,Zn2+,Cc1nnc([C@@H]2O[C@@H]3CO[C@H](c4ccccc4)O[C@@H]3[C@H](N3N=NCC3F)[C@H]2O)nc1C.[Zn+2],0.77951384
TRZ00626,Cc1nnc(-c2noc(C)c2-c2csc(COc3ccc(Cl)cc3)n2)nc1C,Zn2+,Cc1nnc(-c2noc(C)c2-c2csc(COc3ccc(Cl)cc3)n2)nc1C.[Zn+2],0.7789154
TRZ05115,Cc1nnc(-c2c(N)cccc2-c2ccc(F)cc2)nc1C,Zn2+,Cc1nnc(-c2c(N)cccc2-c2ccc(F)cc2)nc1C.[Zn+2],0.77556133
TRZ05636,Cc1nnc(-c2cc3cccnc3c(N3CCC(F)(F)CC3)n2)nc1C,Zn2+,Cc1nnc(-c2cc3cccnc3c(N3CCC(F)(F)CC3)n2)nc1C.[Zn+2],0.772851
TRZ01669,Cc1nnc(-c2c(-c3ccccc3)nn(-c3ccccc3)c2C)nc1C,Zn2+,Cc1nnc(-c2c(-c3ccccc3)nn(-c3ccccc3)c2C)nc1C.[Zn+2],0.7720375
TRZ05875,CCCOc1nccc(C(=O)c2ccccc2F)c1-c1nnc(C)c(C)n1,Zn2+,CCCOc1nccc(C(=O)c2ccccc2F)c1-c1nnc(C)c(C)n1.[Zn+2],0.77132845
TRZ03795,Cc1nnc(-c2cn(C)c3cccc(F)c23)nc1C,Zn2+,Cc1nnc(-c2cn(C)c3cccc(F)c23)nc1C.[Zn+2],0.77044773
TRZ02155,CCc1ccc(-c2cc(-c3nnc(C)c(C)n3)[nH]n2)cc1,Zn2+,CCc1ccc(-c2cc(-c3nnc(C)c(C)n3)[nH]n2)cc1.[Zn+2],0.76964235
TRZ01528,Cc1nnc(C2=NOC3COC4(CCN(c5ncccn5)CC4)OCC23)nc1C,Zn2+,Cc1nnc(C2=NOC3COC4(CCN(c5ncccn5)CC4)OCC23)nc1C.[Zn+2],0.76933146
TRZ00069,Cc1nnc(-c2cccnn2)nc1C,Zn2+,Cc1nnc(-c2cccnn2)nc1C.[Zn+2],0.7691593
TRZ00839,Cc1nnc(CCn2ccnc2)nc1C,Zn2+,Cc1nnc(CCn2ccnc2)nc1C.[Zn+2],0.76899004
TRZ05059,Cc1nnc(-c2cc(C)c3cc(NCC(F)(F)F)cc(C4(C)OCCO4)c3n2)nc1C,Zn2+,Cc1nnc(-c2cc(C)c3cc(NCC(F)(F)F)cc(C4(C)OCCO4)c3n2)nc1C.[Zn+2],0.7660022
TRZ00496,COc1ccc(-c2cc(-c3nnc(C)c(C)n3)n(-c3ccccc3)n2)cc1,Zn2+,COc1ccc(-c2cc(-c3nnc(C)c(C)n3)n(-c3ccccc3)n2)cc1.[Zn+2],0.7653928
TRZ00512,Cc1nnc(-c2sc3cc(C(F)(F)F)cnc3c2-c2ccccn2)nc1C,Zn2+,Cc1nnc(-c2sc3cc(C(F)(F)F)cnc3c2-c2ccccn2)nc1C.[Zn+2],0.7629514
TRZ01504,Cc1nnc(CNC(=O)c2cccc(F)c2)nc1C,Zn2+,Cc1nnc(CNC(=O)c2cccc(F)c2)nc1C.[Zn+2],0.76290846
TRZ01202,Cc1nnc(CNC(=O)CNC(=O)OCc2ccccc2)nc1C,Zn2+,Cc1nnc(CNC(=O)CNC(=O)OCc2ccccc2)nc1C.[Zn+2],0.7557597
TRZ01042,COc1cccc(-c2cc(-c3ccc(C(F)(F)F)nc3)nc(-c3nnc(C)c(C)n3)n2)c1,Zn2+,COc1cccc(-c2cc(-c3ccc(C(F)(F)F)nc3)nc(-c3nnc(C)c(C)n3)n2)c1.[Zn+2],0.75369215
TRZ03170,[C-]#[N+]c1cc(F)ccc1N1CCC(CNC(=O)[C@@H]2OC(C)(C)O[C@H]2c2nnc(C)c(C)n2)CC1,Zn2+,[C-]#[N+]c1cc(F)ccc1N1CCC(CNC(=O)[C@@H]2OC(C)(C)O[C@H]2c2nnc(C)c(C)n2)CC1.[Zn+2],0.7516532
TRZ05888,Cc1nnc(-c2ccc(Cl)nc2C(=O)c2c(F)cccc2F)nc1C,Zn2+,Cc1nnc(-c2ccc(Cl)nc2C(=O)c2c(F)cccc2F)nc1C.[Zn+2],0.7505107
TRZ01370,COc1ccc2nc3ccccc3c(SCc3nnc(C)c(C)n3)c2c1,Zn2+,COc1ccc2nc3ccccc3c(SCc3nnc(C)c(C)n3)c2c1.[Zn+2],0.7501707
TRZ02095,Cc1nnc(C(=O)NCc2ccc(Cl)c(C(F)(F)F)c2)nc1C,Zn2+,Cc1nnc(C(=O)NCc2ccc(Cl)c(C(F)(F)F)c2)nc1C.[Zn+2],0.7497692
TRZ01033,COc1ccc(-c2cc(-c3ccc(C(F)(F)F)nc3)nc(-c3nnc(C)c(C)n3)n2)cc1,Zn2+,COc1ccc(-c2cc(-c3ccc(C(F)(F)F)nc3)nc(-c3nnc(C)c(C)n3)n2)cc1.[Zn+2],0.7432718
TRZ00091,Cc1nnc(-c2ccccn2)nc1C,Zn2+,Cc1nnc(-c2ccccn2)nc1C.[Zn+2],0.74262
TRZ01619,COc1c2occc2c(OC)c2c(C)c(-c3nnc(C)c(C)n3)c(=O)oc12,Zn2+,COc1c2occc2c(OC)c2c(C)c(-c3nnc(C)c(C)n3)c(=O)oc12.[Zn+2],0.74210167
TRZ02229,Cc1nnc(-c2oc3nc(C(F)(F)F)ccc3c2N)nc1C,Zn2+,Cc1nnc(-c2oc3nc(C(F)(F)F)ccc3c2N)nc1C.[Zn+2],0.74202013
TRZ01414,Cc1ccc(-n2c(SCc3nnc(C)c(C)n3)nnc2-c2ccccc2)cc1,Zn2+,Cc1ccc(-n2c(SCc3nnc(C)c(C)n3)nnc2-c2ccccc2)cc1.[Zn+2],0.74098206
TRZ00608,Cc1nnc(-c2oc3ccccc3c2-n2cccc2)nc1C,Zn2+,Cc1nnc(-c2oc3ccccc3c2-n2cccc2)nc1C.[Zn+2],0.7407036
TRZ04119,COc1cc(OC)c(-c2nnc(C)c(C)n2)c(OC(=O)c2ccc(C(F)(F)F)cc2)c1,Zn2+,COc1cc(OC)c(-c2nnc(C)c(C)n2)c(OC(=O)c2ccc(C(F)(F)F)cc2)c1.[Zn+2],0.74056864
TRZ00847,Cc1nn(C)cc1-c1nnc(C)c(C)n1,Zn2+,Cc1nn(C)cc1-c1nnc(C)c(C)n1.[Zn+2],0.74028254
TRZ00932,Cc1nnc(-c2nc(-c3ccccc3)n3c2CCCCC3)nc1C,Zn2+,Cc1nnc(-c2nc(-c3ccccc3)n3c2CCCCC3)nc1C.[Zn+2],0.739326
TRZ01043,Cc1nnc(-c2nc(-c3ccc(C(F)(F)F)nc3)cc(-c3ccco3)n2)nc1C,Zn2+,Cc1nnc(-c2nc(-c3ccc(C(F)(F)F)nc3)cc(-c3ccco3)n2)nc1C.[Zn+2],0.7389493
TRZ02035,COc1cc(N)c(-c2nnc(C)c(C)n2)cc1OC,Zn2+,COc1cc(N)c(-c2nnc(C)c(C)n2)cc1OC.[Zn+2],0.73888016
TRZ00897,CCCCc1nc2ccccc2n1Cc1nnc(C)c(C)n1,Zn2+,CCCCc1nc2ccccc2n1Cc1nnc(C)c(C)n1.[Zn+2],0.7365999
TRZ00630,Cc1nnc(-c2oc3nc(-c4ccccc4)cc(C)c3c2N)nc1C,Zn2+,Cc1nnc(-c2oc3nc(-c4ccccc4)cc(C)c3c2N)nc1C.[Zn+2],0.73447037
TRZ00260,Cc1nnc(Cc2nnc(N)s2)nc1C,Zn2+,Cc1nnc(Cc2nnc(N)s2)nc1C.[Zn+2],0.73328924
TRZ03772,Cc1nnc(C2C(=O)Nc3cccc(-c4ccc(F)cc4)c32)nc1C,Zn2+,Cc1nnc(C2C(=O)Nc3cccc(-c4ccc(F)cc4)c32)nc1C.[Zn+2],0.7317486
TRZ02486,Cc1nnc(Cc2cc(=O)n(CC(C)C)[nH]2)nc1C,Zn2+,Cc1nnc(Cc2cc(=O)n(CC(C)C)[nH]2)nc1C.[Zn+2],0.7302089
TRZ05023,Cc1nnc(-c2c(F)c3n(c2C=N)CCCC3)nc1C,Zn2+,Cc1nnc(-c2c(F)c3n(c2C=N)CCCC3)nc1C.[Zn+2],0.7291212
TRZ03476,Cc1nnc(-c2nn(Cc3ccc(F)cc3Cl)c3cc(CO)ccc23)nc1C,Zn2+,Cc1nnc(-c2nn(Cc3ccc(F)cc3Cl)c3cc(CO)ccc23)nc1C.[Zn+2],0.7288065
TRZ01113,Cc1nnc(CSc2nc3ccccc3n2Cc2ccccc2)nc1C,Zn2+,Cc1nnc(CSc2nc3ccccc3n2Cc2ccccc2)nc1C.[Zn+2],0.7283139
TRZ01729,COc1ccc(-c2cncn2Cc2nnc(C)c(C)n2)cc1OC,Zn2+,COc1ccc(-c2cncn2Cc2nnc(C)c(C)n2)cc1OC.[Zn+2],0.7279
TRZ01534,Cc1nnc(CNC(=O)c2c(F)cccc2F)nc1C,Zn2+,Cc1nnc(CNC(=O)c2c(F)cccc2F)nc1C.[Zn+2],0.72715664
TRZ05482,Cc1nnc([C@@H]2CC[C@@H](NC(=O)COc3ccc(C(F)(F)F)cc3)CO2)nc1C,Zn2+,Cc1nnc([C@@H]2CC[C@@H](NC(=O)COc3ccc(C(F)(F)F)cc3)CO2)nc1C.[Zn+2],0.7264495
TRZ01584,Cc1nnc(CNC(=O)Cc2cccc3ccccc23)nc1C,Zn2+,Cc1nnc(CNC(=O)Cc2cccc3ccccc23)nc1C.[Zn+2],0.7254553
TRZ02525,CCOC(=O)c1cc(-c2ccccc2)n(Cc2nnc(C)c(C)n2)c1C,Zn2+,CCOC(=O)c1cc(-c2ccccc2)n(Cc2nnc(C)c(C)n2)c1C.[Zn+2],0.72398996
TRZ03577,Cc1nnc(-c2cnn(CC(F)(F)F)c2C)nc1C,Zn2+,Cc1nnc(-c2cnn(CC(F)(F)F)c2C)nc1C.[Zn+2],0.7232051
TRZ01950,Cc1nnc(C(C)NC(=O)c2ccccc2)nc1C,Zn2+,Cc1nnc(C(C)NC(=O)c2ccccc2)nc1C.[Zn+2],0.7184906
TRZ01402,Cc1nnc(CC2Oc3ccccc3NC2=O)nc1C,Zn2+,Cc1nnc(CC2Oc3ccccc3NC2=O)nc1C.[Zn+2],0.7183385
TRZ02713,Cc1nnc([C@@H]2CCCN2C(=O)OCc2ccccc2)nc1C,Zn2+,Cc1nnc([C@@H]2CCCN2C(=O)OCc2ccccc2)nc1C.[Zn+2],0.71707916
TRZ03593,Cc1nnc(-c2cn3c4c(cc(F)cc4c2=O)CCC3C)nc1C,Zn2+,Cc1nnc(-c2cn3c4c(cc(F)cc4c2=O)CCC3C)nc1C.[Zn+2],0.71640253
TRZ04470,Cc1nnc(-c2cc(C)n3ncc(C(=O)NC(C4CC4)C(F)(F)F)c3n2)nc1C,Zn2+,Cc1nnc(-c2cc(C)n3ncc(C(=O)NC(C4CC4)C(F)(F)F)c3n2)nc1C.[Zn+2],0.7127471
TRZ02508,Cc1ccc(NCc2nnc(SCc3nnc(C)c(C)n3)n2-c2ccccc2)cc1,Zn2+,Cc1ccc(NCc2nnc(SCc3nnc(C)c(C)n3)n2-c2ccccc2)cc1.[Zn+2],0.7099223
TRZ02264,Cc1nnc(CNc2ccccc2Br)nc1C,Zn2+,Cc1nnc(CNc2ccccc2Br)nc1C.[Zn+2],0.7083483
TRZ03181,Cc1ccc2c(-c3nnc(C)c(C)n3)nn(Cc3ccc(F)cc3F)c2c1,Zn2+,Cc1ccc2c(-c3nnc(C)c(C)n3)nn(Cc3ccc(F)cc3F)c2c1.[Zn+2],0.7066436
TRZ05346,Cc1nnc(-c2cc(F)c[nH]2)nc1C,Zn2+,Cc1nnc(-c2cc(F)c[nH]2)nc1C.[Zn+2],0.7062321
TRZ02366,Cc1nnc(-c2ccc(CN(C)C)o2)nc1C,Zn2+,Cc1nnc(-c2ccc(CN(C)C)o2)nc1C.[Zn+2],0.70438147
TRZ04369,Cc1nnc(-c2cccc(OC(F)(F)F)n2)nc1C,Zn2+,Cc1nnc(-c2cccc(OC(F)(F)F)n2)nc1C.[Zn+2],0.70032454
TRZ00074,Cc1cc(-c2nnc(C)c(C)n2)n[nH]1,Zn2+,Cc1cc(-c2nnc(C)c(C)n2)n[nH]1.[Zn+2],0.69946814
TRZ03991,Cc1nnc([C@]23CCC(c4ncccc4F)C[C@@H]2NC3=S)nc1C,Zn2+,Cc1nnc([C@]23CCC(c4ncccc4F)C[C@@H]2NC3=S)nc1C.[Zn+2],0.6992955
TRZ02180,Cc1ccc(OCc2nnc(C)c(C)n2)cn1,Zn2+,Cc1ccc(OCc2nnc(C)c(C)n2)cn1.[Zn+2],0.698277
TRZ00150,Cc1nnc(-c2nn(-c3ccccc3)nc2C)nc1C,Zn2+,Cc1nnc(-c2nn(-c3ccccc3)nc2C)nc1C.[Zn+2],0.696208
TRZ00943,Cc1nnc(CSc2nc(-c3ccccc3)nc3c2CCCC3)nc1C,Zn2+,Cc1nnc(CSc2nc(-c3ccccc3)nc3c2CCCC3)nc1C.[Zn+2],0.69478416
TRZ04019,Cc1nnc(C(F)(F)C(=O)c2ccccn2)nc1C,Zn2+,Cc1nnc(C(F)(F)C(=O)c2ccccn2)nc1C.[Zn+2],0.6946387
TRZ01066,Cc1nnc(-c2nc(-c3ccccc3)cc(-c3ccc(C#N)nc3)n2)nc1C,Zn2+,Cc1nnc(-c2nc(-c3ccccc3)cc(-c3ccc(C#N)nc3)n2)nc1C.[Zn+2],0.6945591
TRZ00129,Cc1nnc(-c2ccncn2)nc1C,Zn2+,Cc1nnc(-c2ccncn2)nc1C.[Zn+2],0.69210243
TRZ01119,Cc1nnc(CSc2cc(C(F)(F)F)nc3ccccc23)nc1C,Zn2+,Cc1nnc(CSc2cc(C(F)(F)F)nc3ccccc23)nc1C.[Zn+2],0.6919489
TRZ00253,Cc1ccc([N+](=O)[O-])cc1NCc1nnc(C)c(C)n1,Zn2+,Cc1ccc([N+](=O)[O-])cc1NCc1nnc(C)c(C)n1.[Zn+2],0.689548
TRZ02467,COc1ccc(CN2CCCC(c3nnc(C)c(C)n3)C2)cc1,Zn2+,COc1ccc(CN2CCCC(c3nnc(C)c(C)n3)C2)cc1.[Zn+2],0.68757296
TRZ01096,Cc1nnc(C(Cc2ccccc2)NC(=O)OCc2ccccc2)nc1C,Zn2+,Cc1nnc(C(Cc2ccccc2)NC(=O)OCc2ccccc2)nc1C.[Zn+2],0.6858835
TRZ05502,Cc1nnc(-c2cncc(N3CCCC(F)(F)CC3)n2)nc1C,Zn2+,Cc1nnc(-c2cncc(N3CCCC(F)(F)CC3)n2)nc1C.[Zn+2],0.68426275
TRZ04042,COc1nc(-c2nnc(C)c(C)n2)c(OC(N)=O)cc1C(F)(F)F,Zn2+,COc1nc(-c2nnc(C)c(C)n2)c(OC(N)=O)cc1C(F)(F)F.[Zn+2],0.67906046
TRZ01208,Cc1nnc(-c2nc(N)n[nH]2)nc1C,Zn2+,Cc1nnc(-c2nc(N)n[nH]2)nc1C.[Zn+2],0.6769948
TRZ01104,Cc1nnc(-c2nc[nH]c2-c2nnc(C)c(C)n2)nc1C,Zn2+,Cc1nnc(-c2nc[nH]c2-c2nnc(C)c(C)n2)nc1C.[Zn+2],0.6764226
TRZ02023,Cc1ccc(-c2ccc(-c3nnc(C)c(C)n3)c(C)n2)cc1,Zn2+,Cc1ccc(-c2ccc(-c3nnc(C)c(C)n3)c(C)n2)cc1.[Zn+2],0.6751113
TRZ05666,Cc1nnc(CN2C(=O)CSc3cc(F)ccc32)nc1C,Zn2+,Cc1nnc(CN2C(=O)CSc3cc(F)ccc32)nc1C.[Zn+2],0.6737876
TRZ00899,Cc1nnc(C2CN(S(C)(=O)=O)c3cc(Cl)ccc3O2)nc1C,Zn2+,Cc1nnc(C2CN(S(C)(=O)=O)c3cc(Cl)ccc3O2)nc1C.[Zn+2],0.67207
TRZ02631,Cc1nnc(Cc2ccn[nH]2)nc1C,Zn2+,Cc1nnc(Cc2ccn[nH]2)nc1C.[Zn+2],0.6718402
TRZ05058,Cc1cc(-c2nnc(C)c(C)n2)nc2c1C=C(NCC(F)(F)F)CC2C(C)(C)C,Zn2+,Cc1cc(-c2nnc(C)c(C)n2)nc2c1C=C(NCC(F)(F)F)CC2C(C)(C)C.[Zn+2],0.67110157
TRZ00355,CCc1c(-c2nnc(C)c(C)n2)ncc2[nH]c3cc(OC)c(OC)cc3c12,Zn2+,CCc1c(-c2nnc(C)c(C)n2)ncc2[nH]c3cc(OC)c(OC)cc3c12.[Zn+2],0.66795874
TRZ05784,COc1ccc(-c2[nH]c3c(F)cc(F)cc3c2-c2nnc(C)c(C)n2)nc1,Zn2+,COc1ccc(-c2[nH]c3c(F)cc(F)cc3c2-c2nnc(C)c(C)n2)nc1.[Zn+2],0.66764545
TRZ02528,CCOC(=O)c1cc(-c2ccc([N+](=O)[O-])cc2)n(Cc2nnc(C)c(C)n2)c1C,Zn2+,CCOC(=O)c1cc(-c2ccc([N+](=O)[O-])cc2)n(Cc2nnc(C)c(C)n2)c1C.[Zn+2],0.6661825
TRZ01806,Cc1nnc(-c2nc(-c3ccc(C(F)(F)F)nc3)cc(-c3cccc(F)c3)n2)nc1C,Zn2+,Cc1nnc(-c2nc(-c3ccc(C(F)(F)F)nc3)cc(-c3cccc(F)c3)n2)nc1C.[Zn+2],0.6649108
TRZ02488,Cc1nnc(C(C)Oc2ccc(C(=O)c3ccccc3)cc2)nc1C,Zn2+,Cc1nnc(C(C)Oc2ccc(C(=O)c3ccccc3)cc2)nc1C.[Zn+2],0.6641617
TRZ01989,Cc1nnc(C2(O)c3ccccc3-c3ccccc32)nc1C,Zn2+,Cc1nnc(C2(O)c3ccccc3-c3ccccc32)nc1C.[Zn+2],0.6636672
TRZ02782,Cc1nnc(C(c2ccccc2)(c2ccccc2)c2nnc(C)c(C)n2)nc1C,Zn2+,Cc1nnc(C(c2ccccc2)(c2ccccc2)c2nnc(C)c(C)n2)nc1C.[Zn+2],0.6597209
TRZ00876,COc1ccc(-c2ccc(-c3nnc(C)c(C)n3)c(C)n2)cc1,Zn2+,COc1ccc(-c2ccc(-c3nnc(C)c(C)n3)c(C)n2)cc1.[Zn+2],0.6594777
TRZ00222,Cc1nnc(-c2cc3cc(F)ccc3[nH]2)nc1C,Zn2+,Cc1nnc(-c2cc3cc(F)ccc3[nH]2)nc1C.[Zn+2],0.6584239
TRZ05689,Cc1nnc(CSc2nnc(-c3ccco3)n2-c2ccc(F)cc2)nc1C,Zn2+,Cc1nnc(CSc2nnc(-c3ccco3)n2-c2ccc(F)cc2)nc1C.[Zn+2],0.6572838
TRZ00825,CCN(CC)Cc1ccc(-c2nnc(C)c(C)n2)o1,Zn2+,CCN(CC)Cc1ccc(-c2nnc(C)c(C)n2)o1.[Zn+2],0.65656376
TRZ02311,COc1cccc(C(=O)NCc2nnc(C)c(C)n2)c1,Zn2+,COc1cccc(C(=O)NCc2nnc(C)c(C)n2)c1.[Zn+2],0.65544796
TRZ01046,Cc1nnc(-c2nc(-c3ccccc3)cc(-c3ccc(C(F)(F)F)nc3)n2)nc1C,Zn2+,Cc1nnc(-c2nc(-c3ccccc3)cc(-c3ccc(C(F)(F)F)nc3)n2)nc1C.[Zn+2],0.6545944
TRZ05789,Cc1nnc(-c2c(-c3ccc(F)cc3)[nH]c3c(C)cccc23)nc1C,Zn2+,Cc1nnc(-c2c(-c3ccc(F)cc3)[nH]c3c(C)cccc23)nc1C.[Zn+2],0.6509199
TRZ00068,Cc1nnc(-c2ncccn2)nc1C,Zn2+,Cc1nnc(-c2ncccn2)nc1C.[Zn+2],0.64762783
TRZ01993,Cc1nnc(C(=O)Nc2ccc(Cl)cc2)nc1C,Zn2+,Cc1nnc(C(=O)Nc2ccc(Cl)cc2)nc1C.[Zn+2],0.6459193
TRZ03431,COc1ccc2c(-c3nnc(C)c(C)n3)nn(Cc3ccc(F)cc3F)c2c1,Zn2+,COc1ccc2c(-c3nnc(C)c(C)n3)nn(Cc3ccc(F)cc3F)c2c1.[Zn+2],0.64567375
TRZ00941,Cc1nnc(CSc2nnc(-c3ccncc3)o2)nc1C,Zn2+,Cc1nnc(CSc2nnc(-c3ccncc3)o2)nc1C.[Zn+2],0.6453767
TRZ01921,CCOC(=O)c1cc(-c2ccc(OC)cc2)n(Cc2nnc(C)c(C)n2)c1C,Zn2+,CCOC(=O)c1cc(-c2ccc(OC)cc2)n(Cc2nnc(C)c(C)n2)c1C.[Zn+2],0.64478827
TRZ00835,Cc1nnc(C(C)Nc2nc3ccccc3s2)nc1C,Zn2+,Cc1nnc(C(C)Nc2nc3ccccc3s2)nc1C.[Zn+2],0.6443844
TRZ03987,Cc1nnc(-c2cc3cc(Cl)ncc3n2OC(=O)C(F)(F)F)nc1C,Zn2+,Cc1nnc(-c2cc3cc(Cl)ncc3n2OC(=O)C(F)(F)F)nc1C.[Zn+2],0.64275265
TRZ01896,Cc1nnc(-c2csc(C(CC(C)C)NC(=O)OC(C)(C)C)n2)nc1C,Zn2+,Cc1nnc(-c2csc(C(CC(C)C)NC(=O)OC(C)(C)C)n2)nc1C.[Zn+2],0.64177084
TRZ02747,CCSc1ccccc1-c1nnc(C)c(C)n1,Zn2+,CCSc1ccccc1-c1nnc(C)c(C)n1.[Zn+2],0.6414809
TRZ00829,Cc1nnc(Cc2nc(-c3cnccn3)no2)nc1C,Zn2+,Cc1nnc(Cc2nc(-c3cnccn3)no2)nc1C.[Zn+2],0.6413951
TRZ03678,Cc1nnc(-c2nn(Cc3ccc(Cl)cc3Cl)c3nc(C(F)(F)F)cnc23)nc1C,Zn2+,Cc1nnc(-c2nn(Cc3ccc(Cl)cc3Cl)c3nc(C(F)(F)F)cnc23)nc1C.[Zn+2],0.64081144
TRZ02524,Cc1cc(C)c(-c2nnc(C)c(C)n2)[nH]1,Zn2+,Cc1cc(C)c(-c2nnc(C)c(C)n2)[nH]1.[Zn+2],0.6401696
TRZ00126,Cc1nnc(-c2ccc(Cn3cccn3)o2)nc1C,Zn2+,Cc1nnc(-c2ccc(Cn3cccn3)o2)nc1C.[Zn+2],0.63790655
TRZ01516,Cc1nnc(Cn2ccc(C(F)(F)F)n2)nc1C,Zn2+,Cc1nnc(Cn2ccc(C(F)(F)F)n2)nc1C.[Zn+2],0.6364598
TRZ03833,CCC(O)(c1ccc(F)cc1)c1nnc(C)c(C)n1,Zn2+,CCC(O)(c1ccc(F)cc1)c1nnc(C)c(C)n1.[Zn+2],0.63575506
TRZ05144,Cc1nnc(-c2c(N)cccc2-c2cccc(C(F)(F)F)c2)nc1C,Zn2+,Cc1nnc(-c2c(N)cccc2-c2cccc(C(F)(F)F)c2)nc1C.[Zn+2],0.6332669
TRZ00216,Cc1nnc(-c2cccc3cc[nH]c23)nc1C,Zn2+,Cc1nnc(-c2cccc3cc[nH]c23)nc1C.[Zn+2],0.63131666
TRZ01615,Cc1nnc(-c2sc(Br)c(Br)c2OCC(=O)O)nc1C,Zn2+,Cc1nnc(-c2sc(Br)c(Br)c2OCC(=O)O)nc1C.[Zn+2],0.63067293
TRZ01640,Cc1nnc(C(=O)CC(=O)Nc2c(C)n(C)n(-c3ccccc3)c2=O)nc1C,Zn2+,Cc1nnc(C(=O)CC(=O)Nc2c(C)n(C)n(-c3ccccc3)c2=O)nc1C.[Zn+2],0.63002396
TRZ03526,Cc1nnc(C(F)Nc2ccccc2)nc1C,Zn2+,Cc1nnc(C(F)Nc2ccccc2)nc1C.[Zn+2],0.62798214
TRZ02846,Cc1nc(-c2ccc(F)cc2)ccc1-c1nnc(C)c(C)n1,Zn2+,Cc1nc(-c2ccc(F)cc2)ccc1-c1nnc(C)c(C)n1.[Zn+2],0.627409
TRZ01136,Cc1nnc(-c2nc(Cl)c(N)nc2N)nc1C,Zn2+,Cc1nnc(-c2nc(Cl)c(N)nc2N)nc1C.[Zn+2],0.626081
TRZ02885,Cc1nnc(-c2cn(-c3ccc(F)cc3)nn2)nc1C,Zn2+,Cc1nnc(-c2cn(-c3ccc(F)cc3)nn2)nc1C.[Zn+2],0.6260195
TRZ02529,CCOC(=O)c1cc(-c2ccc(C)cc2)n(Cc2nnc(C)c(C)n2)c1C,Zn2+,CCOC(=O)c1cc(-c2ccc(C)cc2)n(Cc2nnc(C)c(C)n2)c1C.[Zn+2],0.6228399
TRZ04671,CN=NN(C(C)F)[C@@H]1[C@@H](O)[C@H](c2nnc(C)c(C)n2)O[C@@H]2CO[C@H](c3ccccc3)O[C@H]12,Zn2+,CN=NN(C(C)F)[C@@H]1[C@@H](O)[C@H](c2nnc(C)c(C)n2)O[C@@H]2CO[C@H](c3ccccc3)O[C@H]12.[Zn+2],0.62116575
TRZ02880,Cc1nnc(-c2cc3cccnc3nc2C(F)(F)F)nc1C,Zn2+,Cc1nnc(-c2cc3cccnc3nc2C(F)(F)F)nc1C.[Zn+2],0.6179433
TRZ02999,Cc1nnc(C2=Nc3c(F)cccc3C(c3ccccc3Cl)=NC2)nc1C,Zn2+,Cc1nnc(C2=Nc3c(F)cccc3C(c3ccccc3Cl)=NC2)nc1C.[Zn+2],0.6170926
TRZ05019,Cc1cc(OC(F)(F)F)cc(-c2ncn(/C=C\c3nnc(C)c(C)n3)n2)c1,Zn2+,Cc1cc(OC(F)(F)F)cc(-c2ncn(/C=C\c3nnc(C)c(C)n3)n2)c1.[Zn+2],0.6144843
TRZ02394,Cc1nnc(Cc2csc(-c3cccs3)n2)nc1C,Zn2+,Cc1nnc(Cc2csc(-c3cccs3)n2)nc1C.[Zn+2],0.6141014
TRZ00598,Cc1ccccc1NC(=O)c1[nH]cnc1-c1nnc(C)c(C)n1,Zn2+,Cc1ccccc1NC(=O)c1[nH]cnc1-c1nnc(C)c(C)n1.[Zn+2],0.61381197
TRZ05351,Cc1nnc(-c2cc3c(N[C@@H]4CCN(C)C[C@H]4F)cccc3n2CC(F)(F)F)nc1C,Zn2+,Cc1nnc(-c2cc3c(N[C@@H]4CCN(C)C[C@H]4F)cccc3n2CC(F)(F)F)nc1C.[Zn+2],0.6131339
TRZ02079,Cc1nnc(CNc2cccc(F)c2)nc1C,Zn2+,Cc1nnc(CNc2cccc(F)c2)nc1C.[Zn+2],0.61286926
TRZ03667,Cc1nnc(-c2c(F)cncc2Nc2ccc(I)cc2F)nc1C,Zn2+,Cc1nnc(-c2c(F)cncc2Nc2ccc(I)cc2F)nc1C.[Zn+2],0.61283016
TRZ02874,Cc1nnc(-c2cnn3c2NC(c2ccccc2)CC3C(F)F)nc1C,Zn2+,Cc1nnc(-c2cnn3c2NC(c2ccccc2)CC3C(F)F)nc1C.[Zn+2],0.6090536
TRZ02124,Cc1nnc(CCn2cnc3ccccc32)nc1C,Zn2+,Cc1nnc(CCn2cnc3ccccc32)nc1C.[Zn+2],0.6073046
TRZ02545,Cc1nnc(Cc2nnc3nnc4c(n23)Nc2ccccc2C4)nc1C,Zn2+,Cc1nnc(Cc2nnc3nnc4c(n23)Nc2ccccc2C4)nc1C.[Zn+2],0.6067457
TRZ03729,Cc1nnc(-c2nn(Cc3ccc(F)cc3Cl)c3cc(C(F)(F)F)cnc23)nc1C,Zn2+,Cc1nnc(-c2nn(Cc3ccc(F)cc3Cl)c3cc(C(F)(F)F)cnc23)nc1C.[Zn+2],0.6059375
TRZ02923,Cc1nnc(Cc2csc3nc(-c4ccc(F)cc4)cn23)nc1C,Zn2+,Cc1nnc(Cc2csc3nc(-c4ccc(F)cc4)cn23)nc1C.[Zn+2],0.6051812
TRZ05824,Cc1nnc(C=Cn2cnc(-c3cc(C(F)(F)F)cc(C(F)(F)F)c3)n2)nc1C,Zn2+,Cc1nnc(C=Cn2cnc(-c3cc(C(F)(F)F)cc(C(F)(F)F)c3)n2)nc1C.[Zn+2],0.6046157
TRZ03461,Cc1nnc(-c2nn(Cc3ccc(F)cc3F)c3cc(C(F)F)ccc23)nc1C,Zn2+,Cc1nnc(-c2nn(Cc3ccc(F)cc3F)c3cc(C(F)F)ccc23)nc1C.[Zn+2],0.60411596
TRZ01012,Cc1nnc(-c2nc(-c3ccccc3)cc(-c3ccc(CO)cc3)n2)nc1C,Zn2+,Cc1nnc(-c2nc(-c3ccccc3)cc(-c3ccc(CO)cc3)n2)nc1C.[Zn+2],0.60236025
TRZ01747,Cc1nnc(-c2nc(Oc3ccccc3)cc(-c3ccccc3)n2)nc1C,Zn2+,Cc1nnc(-c2nc(Oc3ccccc3)cc(-c3ccccc3)n2)nc1C.[Zn+2],0.59814787
TRZ00596,CCOc1cccc(-c2cc(-c3nnc(C)c(C)n3)[nH]n2)c1,Zn2+,CCOc1cccc(-c2cc(-c3nnc(C)c(C)n3)[nH]n2)c1.[Zn+2],0.5979061
TRZ05515,Cc1ccncc1-c1cc(-c2nnc(C)c(C)n2)nc(C)c1F,Zn2+,Cc1ccncc1-c1cc(-c2nnc(C)c(C)n2)nc(C)c1F.[Zn+2],0.5957813
TRZ00618,COC(=O)c1c(-c2c(Cl)cccc2Cl)noc1-c1nnc(C)c(C)n1,Zn2+,COC(=O)c1c(-c2c(Cl)cccc2Cl)noc1-c1nnc(C)c(C)n1.[Zn+2],0.59490013
TRZ01698,Cc1ccc(S(=O)(=O)n2c(-c3nnc(C)c(C)n3)cc3ccccc32)cc1,Zn2+,Cc1ccc(S(=O)(=O)n2c(-c3nnc(C)c(C)n3)cc3ccccc32)cc1.[Zn+2],0.592361
TRZ02900,Cc1nnc(-c2cn3c(ccc4c(C(F)(F)F)cc(C(F)(F)F)nc43)n2)nc1C,Zn2+,Cc1nnc(-c2cn3c(ccc4c(C(F)(F)F)cc(C(F)(F)F)nc43)n2)nc1C.[Zn+2],0.59140396
TRZ04020,Cc1nnc(-c2cc(C)c3cc(OCC(F)F)cc(C(C)(C)C)c3n2)nc1C,Zn2+,Cc1nnc(-c2cc(C)c3cc(OCC(F)F)cc(C(C)(C)C)c3n2)nc1C.[Zn+2],0.59129
TRZ01865,Cc1nnc(-c2c(NC(=O)c3ccccc3)sc3c2CCC3)nc1C,Zn2+,Cc1nnc(-c2c(NC(=O)c3ccccc3)sc3c2CCC3)nc1C.[Zn+2],0.5894861
TRZ05333,Cc1nnc(-c2ccc(OC(F)(F)F)cc2NC(=O)Nc2cccc(F)c2)nc1C,Zn2+,Cc1nnc(-c2ccc(OC(F)(F)F)cc2NC(=O)Nc2cccc(F)c2)nc1C.[Zn+2],0.588737
TRZ05340,COc1ccc(-c2nnc(C)c(C)n2)c(NC(=O)Nc2cccc(F)c2)c1,Zn2+,COc1ccc(-c2nnc(C)c(C)n2)c(NC(=O)Nc2cccc(F)c2)c1.[Zn+2],0.587585
TRZ01070,Cc1nnc(Cn2c3ccc(Br)cc3c3nc4ccccc4nc32)nc1C,Zn2+,Cc1nnc(Cn2c3ccc(Br)cc3c3nc4ccccc4nc32)nc1C.[Zn+2],0.5870347
TRZ01527,Cc1nnc(-c2csc(-c3ccc(C(F)(F)F)cn3)n2)nc1C,Zn2+,Cc1nnc(-c2csc(-c3ccc(C(F)(F)F)cn3)n2)nc1C.[Zn+2],0.5855689
TRZ02092,Cc1nnc(C(=O)NCc2ccc(C(F)(F)F)cc2)nc1C,Zn2+,Cc1nnc(C(=O)NCc2ccc(C(F)(F)F)cc2)nc1C.[Zn+2],0.5846486
TRZ01916,Cc1nnc(/C=C2/N(C)c3cccnc3N2C)nc1C,Zn2+,Cc1nnc(/C=C2/N(C)c3cccnc3N2C)nc1C.[Zn+2],0.5843849
TRZ02265,Cc1cccc(NCc2nnc(C)c(C)n2)c1C,Zn2+,Cc1cccc(NCc2nnc(C)c(C)n2)c1C.[Zn+2],0.58414316
TRZ01726,Cc1nnc(Cn2nnc(/C=C/c3ccccc3)n2)nc1C,Zn2+,Cc1nnc(Cn2nnc(/C=C/c3ccccc3)n2)nc1C.[Zn+2],0.5835886
TRZ05516,Cc1nnc(-c2cc(-c3cncc(F)c3)c(F)c(C)n2)nc1C,Zn2+,Cc1nnc(-c2cc(-c3cncc(F)c3)c(F)c(C)n2)nc1C.[Zn+2],0.58190536
TRZ03524,Cc1nnc(CNc2ccc(F)c(Br)c2)nc1C,Zn2+,Cc1nnc(CNc2ccc(F)c(Br)c2)nc1C.[Zn+2],0.58141184
TRZ01323,CCCC[C@H](NC(=O)c1cccs1)c1nnc(C)c(C)n1,Zn2+,CCCC[C@H](NC(=O)c1cccs1)c1nnc(C)c(C)n1.[Zn+2],0.5813613
TRZ00892,Cc1nnc(-c2n[nH]c3ccccc23)nc1C,Zn2+,Cc1nnc(-c2n[nH]c3ccccc23)nc1C.[Zn+2],0.5809641
TRZ03479,Cc1cc(-c2nnc(C)c(C)n2)c(NS(=O)(=O)c2ccc(C(C)(C)C)cc2)cc1F,Zn2+,Cc1cc(-c2nnc(C)c(C)n2)c(NS(=O)(=O)c2ccc(C(C)(C)C)cc2)cc1F.[Zn+2],0.578814
TRZ01296,Cc1nnc(-c2nnc3ccccc3n2)nc1C,Zn2+,Cc1nnc(-c2nnc3ccccc3n2)nc1C.[Zn+2],0.5783725
TRZ04114,COc1cc(OC)c(-c2nnc(C)c(C)n2)c(OC(=O)c2c(F)cccc2F)c1,Zn2+,COc1cc(OC)c(-c2nnc(C)c(C)n2)c(OC(=O)c2c(F)cccc2F)c1.[Zn+2],0.5783143
TRZ01935,Cc1nnc(CSc2nc3ccccc3n2C)nc1C,Zn2+,Cc1nnc(CSc2nc3ccccc3n2C)nc1C.[Zn+2],0.5780344
TRZ01357,CCOc1ccc2nc3ccccc3c(SCc3nnc(C)c(C)n3)c2c1,Zn2+,CCOc1ccc2nc3ccccc3c(SCc3nnc(C)c(C)n3)c2c1.[Zn+2],0.5778451
TRZ02912,Cc1nnc(CNC(=O)Nc2ccc(F)cc2)nc1C,Zn2+,Cc1nnc(CNC(=O)Nc2ccc(F)cc2)nc1C.[Zn+2],0.5771208
TRZ04229,Cc1nnc(-c2cncc(C(F)(F)F)c2)nc1C,Zn2+,Cc1nnc(-c2cncc(C(F)(F)F)c2)nc1C.[Zn+2],0.5767355
TRZ05706,Cc1nnc(C2=NNC(c3cc(Cl)cc(Cl)c3)(C(F)(F)F)C2)nc1C,Zn2+,Cc1nnc(C2=NNC(c3cc(Cl)cc(Cl)c3)(C(F)(F)F)C2)nc1C.[Zn+2],0.5765114
TRZ01307,Cc1nnc(Cc2ccc(-c3ccccc3)[nH]2)nc1C,Zn2+,Cc1nnc(Cc2ccc(-c3ccccc3)[nH]2)nc1C.[Zn+2],0.5742407
TRZ03104,Cc1nnc(-c2cnn(C(F)F)c2)nc1C,Zn2+,Cc1nnc(-c2cnn(C(F)F)c2)nc1C.[Zn+2],0.5734105
TRZ03612,Cc1nnc(Cc2nc3ccc(Br)c(F)c3s2)nc1C,Zn2+,Cc1nnc(Cc2nc3ccc(Br)c(F)c3s2)nc1C.[Zn+2],0.5719929
TRZ05819,Cc1nnc(C2[C@@H](C=O)CCCN2C(=O)c2ccc(F)cc2)nc1C,Zn2+,Cc1nnc(C2[C@@H](C=O)CCCN2C(=O)c2ccc(F)cc2)nc1C.[Zn+2],0.5695381
TRZ01394,CCN(CC)c1ccc(/C=C(\NC(=O)c2ccc(NC(C)=O)cc2)c2nnc(C)c(C)n2)cc1,Zn2+,CCN(CC)c1ccc(/C=C(\NC(=O)c2ccc(NC(C)=O)cc2)c2nnc(C)c(C)n2)cc1.[Zn+2],0.56949234
TRZ00685,Cc1nnc(-c2nc3ccccn3c2C)nc1C,Zn2+,Cc1nnc(-c2nc3ccccn3c2C)nc1C.[Zn+2],0.5678344
TRZ00057,Cc1nnc(-c2cc(Cl)ccn2)nc1C,Zn2+,Cc1nnc(-c2cc(Cl)ccn2)nc1C.[Zn+2],0.5676904
TRZ05805,Cc1nnc(C2=Cc3ccccc3S2=C(C(F)F)C(F)C(=O)c2ccco2)nc1C,Zn2+,Cc1nnc(C2=Cc3ccccc3S2=C(C(F)F)C(F)C(=O)c2ccco2)nc1C.[Zn+2],0.56628466
TRZ02715,Cc1nnc(-c2cc3ccccc3cn2)nc1C,Zn2+,Cc1nnc(-c2cc3ccccc3cn2)nc1C.[Zn+2],0.56433296
TRZ03061,Cc1nnc(-c2c(NC(=O)c3ccc(F)cc3)ncn2C)nc1C,Zn2+,Cc1nnc(-c2c(NC(=O)c3ccc(F)cc3)ncn2C)nc1C.[Zn+2],0.5606432
TRZ01681,CCCCc1ccc(NC(=O)Cc2nnc(C)c(C)n2)cc1,Zn2+,CCCCc1ccc(NC(=O)Cc2nnc(C)c(C)n2)cc1.[Zn+2],0.55790234
TRZ03384,Cc1cc(Cl)cc(-c2nnc(C)c(C)n2)c1NC(=O)c1cc(C(F)(F)F)nn1-c1ccccn1,Zn2+,Cc1cc(Cl)cc(-c2nnc(C)c(C)n2)c1NC(=O)c1cc(C(F)(F)F)nn1-c1ccccn1.[Zn+2],0.5567508
TRZ04643,Cc1nnc(-c2nc(C(F)(F)F)sc2N2CCOCC2)nc1C,Zn2+,Cc1nnc(-c2nc(C(F)(F)F)sc2N2CCOCC2)nc1C.[Zn+2],0.5565982
TRZ01359,COc1cccc2c(SCc3nnc(C)c(C)n3)c3ccccc3nc12,Zn2+,COc1cccc2c(SCc3nnc(C)c(C)n3)c3ccccc3nc12.[Zn+2],0.5550847
TRZ01110,Cc1nnc(C(C)(C)Oc2ccc(Cl)cc2)nc1C,Zn2+,Cc1nnc(C(C)(C)Oc2ccc(Cl)cc2)nc1C.[Zn+2],0.5550442
TRZ04893,CCn1nc(C(F)(F)F)cc1CC(=O)Nc1c(C)cc(Cl)cc1-c1nnc(C)c(C)n1,Zn2+,CCn1nc(C(F)(F)F)cc1CC(=O)Nc1c(C)cc(Cl)cc1-c1nnc(C)c(C)n1.[Zn+2],0.5540695
TRZ03916,Cc1nnc(-c2ccc(C(F)(F)F)cn2)nc1C,Zn2+,Cc1nnc(-c2ccc(C(F)(F)F)cn2)nc1C.[Zn+2],0.5540643
TRZ01114,Cc1nnc(-c2nccnc2N)nc1C,Zn2+,Cc1nnc(-c2nccnc2N)nc1C.[Zn+2],0.5527468
TRZ05345,Cc1nnc(-c2ccc(Br)cc2NC(=O)Nc2cccc(F)c2)nc1C,Zn2+,Cc1nnc(-c2ccc(Br)cc2NC(=O)Nc2cccc(F)c2)nc1C.[Zn+2],0.5521598
TRZ01881,Cc1nnc(CNc2cccc([N+](=O)[O-])c2)nc1C,Zn2+,Cc1nnc(CNc2cccc([N+](=O)[O-])c2)nc1C.[Zn+2],0.55213404
TRZ02871,Cc1nnc(-c2cc3nc(-c4ccccc4)cc(C(F)(F)F)n3n2)nc1C,Zn2+,Cc1nnc(-c2cc3nc(-c4ccccc4)cc(C(F)(F)F)n3n2)nc1C.[Zn+2],0.55047655
TRZ02321,Cc1nnc(-c2n[nH]c3c2CCCCCCCCCC3)nc1C,Zn2+,Cc1nnc(-c2n[nH]c3c2CCCCCCCCCC3)nc1C.[Zn+2],0.54842377
TRZ01204,COc1ccccc1NCc1nnc(C)c(C)n1,Zn2+,COc1ccccc1NCc1nnc(C)c(C)n1.[Zn+2],0.54723835
TRZ02435,Cc1nnc(C(C)Oc2ccccc2Br)nc1C,Zn2+,Cc1nnc(C(C)Oc2ccccc2Br)nc1C.[Zn+2],0.54596996
TRZ05903,Cc1nnc(-c2nc(C(=O)c3ccccc3F)cnc2N)nc1C,Zn2+,Cc1nnc(-c2nc(C(=O)c3ccccc3F)cnc2N)nc1C.[Zn+2],0.5446439
TRZ02694,Cc1ccc2[nH]nc(-c3nnc(C)c(C)n3)c2c1,Zn2+,Cc1ccc2[nH]nc(-c3nnc(C)c(C)n3)c2c1.[Zn+2],0.5439639
TRZ02254,Cc1nnc(C2=CN(CCc3ccccc3)C=CC2)nc1C,Zn2+,Cc1nnc(C2=CN(CCc3ccccc3)C=CC2)nc1C.[Zn+2],0.543447
TRZ02349,Cc1nnc(-c2csc(N3CCOCC3)n2)nc1C,Zn2+,Cc1nnc(-c2csc(N3CCOCC3)n2)nc1C.[Zn+2],0.543241
TRZ04050,Cc1nnc(-c2cc(C)c3cc(N4CC(F)(F)C4)cc(C(C)(C)C)c3n2)nc1C,Zn2+,Cc1nnc(-c2cc(C)c3cc(N4CC(F)(F)C4)cc(C(C)(C)C)c3n2)nc1C.[Zn+2],0.54270935
TRZ01968,Cc1ccc(C)c(NCc2nnc(C)c(C)n2)c1,Zn2+,Cc1ccc(C)c(NCc2nnc(C)c(C)n2)c1.[Zn+2],0.5413966
TRZ04187,Cc1nnc(C(=O)NCc2ccc(Cl)c(CF)c2)nc1C,Zn2+,Cc1nnc(C(=O)NCc2ccc(Cl)c(CF)c2)nc1C.[Zn+2],0.5402937
TRZ02812,Cc1nnc(-c2cn(-c3ccccc3)nc2-c2ccc(F)cc2)nc1C,Zn2+,Cc1nnc(-c2cn(-c3ccccc3)nc2-c2ccc(F)cc2)nc1C.[Zn+2],0.5394821
TRZ02940,Cc1nnc(-c2nn(Cc3ccc(F)cc3F)c3cc(C(F)(F)F)ccc23)nc1C,Zn2+,Cc1nnc(-c2nn(Cc3ccc(F)cc3F)c3cc(C(F)(F)F)ccc23)nc1C.[Zn+2],0.53912735
TRZ05500,Cc1nnc(-c2cncc(N3CCC(F)(F)CC3)n2)nc1C,Zn2+,Cc1nnc(-c2cncc(N3CCC(F)(F)CC3)n2)nc1C.[Zn+2],0.53888893
TRZ05325,Cc1nnc(-c2ccc(Cl)cc2NC(=O)Nc2cccc(F)c2)nc1C,Zn2+,Cc1nnc(-c2ccc(Cl)cc2NC(=O)Nc2cccc(F)c2)nc1C.[Zn+2],0.5380287
TRZ00840,Cc1nnc(-c2ccc(Br)s2)nc1C,Zn2+,Cc1nnc(-c2ccc(Br)s2)nc1C.[Zn+2],0.53356695
TRZ01775,Cc1nnc(-c2nc(NCC3CC3)cc(-c3ccccc3)n2)nc1C,Zn2+,Cc1nnc(-c2nc(NCC3CC3)cc(-c3ccccc3)n2)nc1C.[Zn+2],0.5331912
TRZ02740,Cc1nnc(-c2ncccc2C(=O)O)nc1C,Zn2+,Cc1nnc(-c2ncccc2C(=O)O)nc1C.[Zn+2],0.53231525
TRZ03818,Cc1nnc(-c2c[nH]c3ccc(CF)cc23)nc1C,Zn2+,Cc1nnc(-c2c[nH]c3ccc(CF)cc23)nc1C.[Zn+2],0.53090334
TRZ00269,Cc1nnc(-c2sc(-c3ccc(Cl)cc3)cc2N)nc1C,Zn2+,Cc1nnc(-c2sc(-c3ccc(Cl)cc3)cc2N)nc1C.[Zn+2],0.52873707
TRZ01525,Cc1nnc(-c2c(C)noc2-c2ccc(Cl)cc2)nc1C,Zn2+,Cc1nnc(-c2c(C)noc2-c2ccc(Cl)cc2)nc1C.[Zn+2],0.5273628
TRZ05121,Cc1nnc(-c2c(N)cccc2-c2cccc(F)c2)nc1C,Zn2+,Cc1nnc(-c2c(N)cccc2-c2cccc(F)c2)nc1C.[Zn+2],0.5265713
TRZ03471,Cc1nnc(-c2nn(Cc3ccc(Cl)cc3F)c3cc(F)ccc23)nc1C,Zn2+,Cc1nnc(-c2nn(Cc3ccc(Cl)cc3F)c3cc(F)ccc23)nc1C.[Zn+2],0.52478886
TRZ02376,CCCc1cc(=O)oc2cc(OCc3nnc(C)c(C)n3)ccc12,Zn2+,CCCc1cc(=O)oc2cc(OCc3nnc(C)c(C)n3)ccc12.[Zn+2],0.52261925
TRZ00145,CCCCC#Cc1cncc(-c2nnc(C)c(C)n2)c1,Zn2+,CCCCC#Cc1cncc(-c2nnc(C)c(C)n2)c1.[Zn+2],0.52130747
TRZ01025,COc1ccc(-c2cc(N3Cc4ccccc4C3)nc(-c3nnc(C)c(C)n3)n2)cc1,Zn2+,COc1ccc(-c2cc(N3Cc4ccccc4C3)nc(-c3nnc(C)c(C)n3)n2)cc1.[Zn+2],0.51974535
TRZ04706,Cc1nnc(C(O)c2ccccc2F)nc1C,Zn2+,Cc1nnc(C(O)c2ccccc2F)nc1C.[Zn+2],0.5184488
TRZ03675,COc1ccc2c(-c3nnc(C)c(C)n3)nn(Cc3ccc(F)cc3Cl)c2c1,Zn2+,COc1ccc2c(-c3nnc(C)c(C)n3)nn(Cc3ccc(F)cc3Cl)c2c1.[Zn+2],0.51696634
TRZ01127,Cc1nnc([C@H](Cc2ccccc2)NC(=O)OC(C)(C)C)nc1C,Zn2+,Cc1nnc([C@H](Cc2ccccc2)NC(=O)OC(C)(C)C)nc1C.[Zn+2],0.51238537
TRZ05158,Cc1nnc(C2CC(C(=O)Nc3ccc(F)c(Cl)c3)N(C)SN2)nc1C,Zn2+,Cc1nnc(C2CC(C(=O)Nc3ccc(F)c(Cl)c3)N(C)SN2)nc1C.[Zn+2],0.5104022
TRZ02318,CSc1c(Cc2nnc(C)c(C)n2)n(C)c2ccccc12,Zn2+,CSc1c(Cc2nnc(C)c(C)n2)n(C)c2ccccc12.[Zn+2],0.50956345
TRZ00300,Cc1nnc(C(C)Nc2ccc(Cl)cc2)nc1C,Zn2+,Cc1nnc(C(C)Nc2ccc(Cl)cc2)nc1C.[Zn+2],0.50890017
TRZ02530,CCOC(=O)c1c(C)[nH]c(-c2nnc(C)c(C)n2)c1C,Zn2+,CCOC(=O)c1c(C)[nH]c(-c2nnc(C)c(C)n2)c1C.[Zn+2],0.5080309
TRZ00096,Cc1nnc(-c2ccsc2)nc1C,Zn2+,Cc1nnc(-c2ccsc2)nc1C.[Zn+2],0.5071244
TRZ01969,Cc1cccc(NCc2nnc(C)c(C)n2)c1,Zn2+,Cc1cccc(NCc2nnc(C)c(C)n2)c1.[Zn+2],0.5061569
TRZ05491,Cc1nnc(-c2nc(N3CCN(C(=O)OC(C)(C)C)CC3)ncc2F)nc1C,Zn2+,Cc1nnc(-c2nc(N3CCN(C(=O)OC(C)(C)C)CC3)ncc2F)nc1C.[Zn+2],0.5056219
TRZ03544,Cc1nnc(-c2ccc3cccc(F)c3n2)nc1C,Zn2+,Cc1nnc(-c2ccc3cccc(F)c3n2)nc1C.[Zn+2],0.5028639
TRZ01965,Cc1nnc(-c2ccc(-c3nnc(C)c(C)n3)nc2)nc1C,Zn2+,Cc1nnc(-c2ccc(-c3nnc(C)c(C)n3)nc2)nc1C.[Zn+2],0.5027175
TRZ01893,Cc1nnc(-c2csc(C(C)NC(=O)OC(C)(C)C)n2)nc1C,Zn2+,Cc1nnc(-c2csc(C(C)NC(=O)OC(C)(C)C)n2)nc1C.[Zn+2],0.49974203
TRZ00389,Cc1nnc(CNc2cccc(Cl)c2)nc1C,Zn2+,Cc1nnc(CNc2cccc(Cl)c2)nc1C.[Zn+2],0.4976468
TRZ04705,Cc1nnc(Cc2ncccc2F)nc1C,Zn2+,Cc1nnc(Cc2ncccc2F)nc1C.[Zn+2],0.49671555
TRZ00480,CCNc1nc(NCC)nc(-c2nnc(C)c(C)n2)n1,Zn2+,CCNc1nc(NCC)nc(-c2nnc(C)c(C)n2)n1.[Zn+2],0.49505234
TRZ02514,Cc1nnc(-c2[nH]c(C)c(C(=O)NC3CCCCC3)c2C)nc1C,Zn2+,Cc1nnc(-c2[nH]c(C)c(C(=O)NC3CCCCC3)c2C)nc1C.[Zn+2],0.49458313
TRZ05857,CCn1nc(C(F)(F)F)cc1C(=O)Nc1c(CN)cc(Cl)cc1-c1nnc(C)c(C)n1,Zn2+,CCn1nc(C(F)(F)F)cc1C(=O)Nc1c(CN)cc(Cl)cc1-c1nnc(C)c(C)n1.[Zn+2],0.49157286
TRZ05319,Cc1nnc(Cc2ccc(F)cn2)nc1C,Zn2+,Cc1nnc(Cc2ccc(F)cn2)nc1C.[Zn+2],0.49056244
TRZ02600,CSc1cc(C)n(Cc2nnc(C)c(C)n2)c(=O)n1,Zn2+,CSc1cc(C)n(Cc2nnc(C)c(C)n2)c(=O)n1.[Zn+2],0.4891863
TRZ01498,Cc1cc(NCc2nnc(C)c(C)n2)ccc1Cl,Zn2+,Cc1cc(NCc2nnc(C)c(C)n2)ccc1Cl.[Zn+2],0.48710966
TRZ02993,CCC1N=C(c2ccccc2F)c2cc(F)ccc2N=C1c1nnc(C)c(C)n1,Zn2+,CCC1N=C(c2ccccc2F)c2cc(F)ccc2N=C1c1nnc(C)c(C)n1.[Zn+2],0.48674917
TRZ04201,Cc1nnc(/C=C\n2cnc(-c3cc(Cl)cc(OCF)c3)n2)nc1C,Zn2+,Cc1nnc(/C=C\n2cnc(-c3cc(Cl)cc(OCF)c3)n2)nc1C.[Zn+2],0.4866352
TRZ01117,Cc1nnc(Cc2nc(-c3ccccc3)sc2C)nc1C,Zn2+,Cc1nnc(Cc2nc(-c3ccccc3)sc2C)nc1C.[Zn+2],0.4833703
TRZ04433,Cc1nnc(-c2c(-c3ccc(F)c(Cl)c3)csc2N)nc1C,Zn2+,Cc1nnc(-c2c(-c3ccc(F)c(Cl)c3)csc2N)nc1C.[Zn+2],0.48203564
TRZ04231,Cc1nnc(-c2cccc(OCC(F)(F)F)n2)nc1C,Zn2+,Cc1nnc(-c2cccc(OCC(F)(F)F)n2)nc1C.[Zn+2],0.481884
TRZ04016,Cc1nnc(C2CC3(CN(C(=O)C(F)(F)F)CN3)c3ccccc3O2)nc1C,Zn2+,Cc1nnc(C2CC3(CN(C(=O)C(F)(F)F)CN3)c3ccccc3O2)nc1C.[Zn+2],0.48131704
TRZ05022,C=C(NCc1ccc(F)c(C(F)(F)F)c1)c1nnc(C)c(C)n1,Zn2+,C=C(NCc1ccc(F)c(C(F)(F)F)c1)c1nnc(C)c(C)n1.[Zn+2],0.48131514
TRZ00605,Cc1cc(C(F)(F)F)n(-c2nc(-c3ccccc3)c(Cc3nnc(C)c(C)n3)s2)n1,Zn2+,Cc1cc(C(F)(F)F)n(-c2nc(-c3ccccc3)c(Cc3nnc(C)c(C)n3)s2)n1.[Zn+2],0.4809003
TRZ03059,Cc1nnc(C(F)(F)c2ccccn2)nc1C,Zn2+,Cc1nnc(C(F)(F)c2ccccn2)nc1C.[Zn+2],0.48001766
TRZ00038,Cc1nnc(-c2cnn(-c3ccccc3)c2C(F)(F)F)nc1C,Zn2+,Cc1nnc(-c2cnn(-c3ccccc3)c2C(F)(F)F)nc1C.[Zn+2],0.4780054
TRZ01781,Cc1nnc(-c2nc(NCCc3ccccc3)cc(-c3ccccc3)n2)nc1C,Zn2+,Cc1nnc(-c2nc(NCCc3ccccc3)cc(-c3ccccc3)n2)nc1C.[Zn+2],0.47702694
TRZ00195,Cc1nnc(-c2ccc(Br)o2)nc1C,Zn2+,Cc1nnc(-c2ccc(Br)o2)nc1C.[Zn+2],0.47517014
TRZ00428,Cc1nnc(C(Cc2ccccc2)NC(=O)OC(C)(C)C)nc1C,Zn2+,Cc1nnc(C(Cc2ccccc2)NC(=O)OC(C)(C)C)nc1C.[Zn+2],0.47463322
TRZ01290,Cc1cc(N(C)C)nc(SCc2nnc(C)c(C)n2)n1,Zn2+,Cc1cc(N(C)C)nc(SCc2nnc(C)c(C)n2)n1.[Zn+2],0.47460365
TRZ02494,Cc1nnc(CSc2nnc3c(n2)[nH]c2ccccc23)nc1C,Zn2+,Cc1nnc(CSc2nnc3c(n2)[nH]c2ccccc23)nc1C.[Zn+2],0.4711771
TRZ04950,Cc1nnc(-c2ccc(S(=O)(=O)c3ccc(OC(F)(F)F)cc3)cn2)nc1C,Zn2+,Cc1nnc(-c2ccc(S(=O)(=O)c3ccc(OC(F)(F)F)cc3)cn2)nc1C.[Zn+2],0.47049809
TRZ02107,Cc1nnc(C(=O)NCc2ccc(OC(F)(F)F)cc2)nc1C,Zn2+,Cc1nnc(C(=O)NCc2ccc(OC(F)(F)F)cc2)nc1C.[Zn+2],0.4698882
TRZ03555,Cc1nnc(C(C)(Cc2ccc(F)cc2)NC(=O)O)nc1C,Zn2+,Cc1nnc(C(C)(Cc2ccc(F)cc2)NC(=O)O)nc1C.[Zn+2],0.46842194
TRZ02096,Cc1nnc(C(=O)NCc2ccc(F)c(C(F)(F)F)c2)nc1C,Zn2+,Cc1nnc(C(=O)NCc2ccc(F)c(C(F)(F)F)c2)nc1C.[Zn+2],0.4683361
TRZ02392,Cc1nnc(-c2csc(-c3cccs3)n2)nc1C,Zn2+,Cc1nnc(-c2csc(-c3cccs3)n2)nc1C.[Zn+2],0.4676795
TRZ01420,Cc1ccc(NC(=O)c2nnc(C)c(C)n2)cc1C,Zn2+,Cc1ccc(NC(=O)c2nnc(C)c(C)n2)cc1C.[Zn+2],0.46687555
TRZ04648,Cc1nnc(C(=O)NCc2ccc(Cl)c(OC(F)(F)F)c2)nc1C,Zn2+,Cc1nnc(C(=O)NCc2ccc(Cl)c(OC(F)(F)F)c2)nc1C.[Zn+2],0.4653945
TRZ04434,Cc1nnc(C2(C(=O)Nc3ccc(F)cc3)CC2)nc1C,Zn2+,Cc1nnc(C2(C(=O)Nc3ccc(F)cc3)CC2)nc1C.[Zn+2],0.46271515
TRZ02477,Cc1nnc(-c2n[nH]c(C)c2[N+](=O)[O-])nc1C,Zn2+,Cc1nnc(-c2n[nH]c(C)c2[N+](=O)[O-])nc1C.[Zn+2],0.46183443
TRZ00011,Cc1nnc(-c2ccccc2[N+](=O)[O-])nc1C,Zn2+,Cc1nnc(-c2ccccc2[N+](=O)[O-])nc1C.[Zn+2],0.45915413
TRZ00815,Cc1nnc(C(=O)NCc2ccco2)nc1C,Zn2+,Cc1nnc(C(=O)NCc2ccco2)nc1C.[Zn+2],0.4588871
TRZ01943,CCCc1cc(=O)oc2cc(OC(C)c3nnc(C)c(C)n3)ccc12,Zn2+,CCCc1cc(=O)oc2cc(OC(C)c3nnc(C)c(C)n3)ccc12.[Zn+2],0.45714188
TRZ00113,COc1ccc(-c2cc(-c3nnc(C)c(C)n3)[nH]n2)cc1OC,Zn2+,COc1ccc(-c2cc(-c3nnc(C)c(C)n3)[nH]n2)cc1OC.[Zn+2],0.4550624
TRZ05342,COc1ccc(-c2nnc(C)c(C)n2)c(NC(=O)Nc2cc(F)cc(Cl)c2)c1,Zn2+,COc1ccc(-c2nnc(C)c(C)n2)c(NC(=O)Nc2cc(F)cc(Cl)c2)c1.[Zn+2],0.45342588
TRZ04022,Cc1nnc(-c2cc(C)c3cc(C(=O)C(F)(F)F)cc(C(F)(F)F)c3n2)nc1C,Zn2+,Cc1nnc(-c2cc(C)c3cc(C(=O)C(F)(F)F)cc(C(F)(F)F)c3n2)nc1C.[Zn+2],0.4524517
TRZ03792,Cc1nnc(-c2cn(Cc3cccc(C#N)c3)c3ccc(F)cc23)nc1C,Zn2+,Cc1nnc(-c2cn(Cc3cccc(C#N)c3)c3ccc(F)cc23)nc1C.[Zn+2],0.45145988
TRZ04111,Cc1nnc(C2CCc3ccc(C(F)(F)F)cc3N2C)nc1C,Zn2+,Cc1nnc(C2CCc3ccc(C(F)(F)F)cc3N2C)nc1C.[Zn+2],0.45123434
TRZ00378,Cc1nnc(-c2ccc(Cn3cc(Br)cn3)o2)nc1C,Zn2+,Cc1nnc(-c2ccc(Cn3cc(Br)cn3)o2)nc1C.[Zn+2],0.45123148
TRZ03200,Cc1nnc(C(C)(C)Oc2ccccc2C(F)(F)F)nc1C,Zn2+,Cc1nnc(C(C)(C)Oc2ccccc2C(F)(F)F)nc1C.[Zn+2],0.45115185
TRZ02618,Cc1nnc(-c2cc3ccccc3n2C)nc1C,Zn2+,Cc1nnc(-c2cc3ccccc3n2C)nc1C.[Zn+2],0.45070744
TRZ02624,Cc1nnc(Cc2ccc[nH]2)nc1C,Zn2+,Cc1nnc(Cc2ccc[nH]2)nc1C.[Zn+2],0.4494033
TRZ01917,CCOC(=O)c1cc(-c2ccc(Cl)cc2)n(CCc2nnc(C)c(C)n2)c1C,Zn2+,CCOC(=O)c1cc(-c2ccc(Cl)cc2)n(CCc2nnc(C)c(C)n2)c1C.[Zn+2],0.449183
TRZ00991,CCCc1ccc(NC(=O)Cc2nnc(C)c(C)n2)cc1,Zn2+,CCCc1ccc(NC(=O)Cc2nnc(C)c(C)n2)cc1.[Zn+2],0.44833708
TRZ05017,Cc1nnc(-c2ccc3cc(OCC(F)(F)F)cc(C(C)(C)C)c3n2)nc1C,Zn2+,Cc1nnc(-c2ccc3cc(OCC(F)(F)F)cc(C(C)(C)C)c3n2)nc1C.[Zn+2],0.4476514
TRZ00421,CC1=C(c2nnc(C)c(C)n2)Sc2ccccc2N1,Zn2+,CC1=C(c2nnc(C)c(C)n2)Sc2ccccc2N1.[Zn+2],0.4458356
TRZ02833,Cc1nnc(-c2cc([N+](=O)[O-])ccc2NC(=O)C23CC4CC(CC(C4)C2)C3)nc1C,Zn2+,Cc1nnc(-c2cc([N+](=O)[O-])ccc2NC(=O)C23CC4CC(CC(C4)C2)C3)nc1C.[Zn+2],0.4449973
TRZ02595,CSc1ccn(Cc2nnc(C)c(C)n2)c(=O)n1,Zn2+,CSc1ccn(Cc2nnc(C)c(C)n2)c(=O)n1.[Zn+2],0.44367123
TRZ01382,Cc1nnc(/C(=C\c2cc3ccccc3o2)NCCc2ccccc2)nc1C,Zn2+,Cc1nnc(/C(=C\c2cc3ccccc3o2)NCCc2ccccc2)nc1C.[Zn+2],0.442811
TRZ01080,Cc1nnc(-c2csc(COc3cc(Cl)cc(Cl)c3)n2)nc1C,Zn2+,Cc1nnc(-c2csc(COc3cc(Cl)cc(Cl)c3)n2)nc1C.[Zn+2],0.44184923
TRZ00158,Cc1nnc(CNc2ccc3ccccc3c2)nc1C,Zn2+,Cc1nnc(CNc2ccc3ccccc3c2)nc1C.[Zn+2],0.44001293
TRZ01039,Cc1nnc(-c2nc(-c3ccccc3)cc(N3Cc4ccccc4C3)n2)nc1C,Zn2+,Cc1nnc(-c2nc(-c3ccccc3)cc(N3Cc4ccccc4C3)n2)nc1C.[Zn+2],0.4374051
TRZ04663,Cc1nnc(COc2cc(C(F)(F)F)ccn2)nc1C,Zn2+,Cc1nnc(COc2cc(C(F)(F)F)ccn2)nc1C.[Zn+2],0.43607616
TRZ04720,CCC(C)(CC)C(=O)N(CCc1nnc(C)c(C)n1)Cc1cc2c(cc1F)OCCO2,Zn2+,CCC(C)(CC)C(=O)N(CCc1nnc(C)c(C)n1)Cc1cc2c(cc1F)OCCO2.[Zn+2],0.4359808
TRZ01606,Cc1nnc(C2(NC(=O)CCCOc3ccc(Cl)cc3Cl)Cc3ccccc3C2)nc1C,Zn2+,Cc1nnc(C2(NC(=O)CCCOc3ccc(Cl)cc3Cl)Cc3ccccc3C2)nc1C.[Zn+2],0.43594694
TRZ01440,COc1cccc(NCc2nnc(C)c(C)n2)c1,Zn2+,COc1cccc(NCc2nnc(C)c(C)n2)c1.[Zn+2],0.43580723
TRZ01791,COc1ccc(Nc2cc3c(cc2-c2nnc(C)c(C)n2)OCCO3)cc1,Zn2+,COc1ccc(Nc2cc3c(cc2-c2nnc(C)c(C)n2)OCCO3)cc1.[Zn+2],0.43291187
TRZ02922,Cc1nnc(-c2ccccc2NC(=O)Nc2cccc(C(F)(F)F)c2)nc1C,Zn2+,Cc1nnc(-c2ccccc2NC(=O)Nc2cccc(C(F)(F)F)c2)nc1C.[Zn+2],0.4318967
TRZ03032,Cc1cc(F)ccc1-c1ccc(-c2nnc(C)c(C)n2)nn1,Zn2+,Cc1cc(F)ccc1-c1ccc(-c2nnc(C)c(C)n2)nn1.[Zn+2],0.4291463
TRZ02504,Cc1nnc(CNc2nc3ccccc3s2)nc1C,Zn2+,Cc1nnc(CNc2nc3ccccc3s2)nc1C.[Zn+2],0.42758322
TRZ02799,Cc1nnc(CNC(=O)Nc2cccc(C(F)(F)F)c2)nc1C,Zn2+,Cc1nnc(CNC(=O)Nc2cccc(C(F)(F)F)c2)nc1C.[Zn+2],0.42728853
TRZ03180,Cc1ccc2c(-c3nnc(C)c(C)n3)nn(Cc3ccc(F)cc3Cl)c2c1,Zn2+,Cc1ccc2c(-c3nnc(C)c(C)n3)nn(Cc3ccc(F)cc3Cl)c2c1.[Zn+2],0.42546415
TRZ05062,Cc1nnc(-c2cc3sc(F)cc3[nH]2)nc1C,Zn2+,Cc1nnc(-c2cc3sc(F)cc3[nH]2)nc1C.[Zn+2],0.4229226
TRZ02358,Cc1nnc(-c2ccccc2OCc2ccc(Cl)cc2)nc1C,Zn2+,Cc1nnc(-c2ccccc2OCc2ccc(Cl)cc2)nc1C.[Zn+2],0.42147207
TRZ02076,CCCCS(=O)(=O)Nc1ccccc1-c1nnc(C)c(C)n1,Zn2+,CCCCS(=O)(=O)Nc1ccccc1-c1nnc(C)c(C)n1.[Zn+2],0.41875315
TRZ00760,Cc1nnc(CNc2ccc(F)cc2)nc1C,Zn2+,Cc1nnc(CNc2ccc(F)cc2)nc1C.[Zn+2],0.4166603
TRZ02093,Cc1nnc(C(=O)NCc2cccc(OC(F)(F)F)c2)nc1C,Zn2+,Cc1nnc(C(=O)NCc2cccc(OC(F)(F)F)c2)nc1C.[Zn+2],0.41482592
TRZ05701,Cc1nnc(-c2cc(Cl)cnc2OC(F)F)nc1C,Zn2+,Cc1nnc(-c2cc(Cl)cnc2OC(F)F)nc1C.[Zn+2],0.414721
TRZ01236,Cc1nnc(-c2ncc(C(F)(F)F)cc2Cl)nc1C,Zn2+,Cc1nnc(-c2ncc(C(F)(F)F)cc2Cl)nc1C.[Zn+2],0.413661
TRZ01564,Cc1nnc(Cc2csc(-c3ccc(F)cc3)n2)nc1C,Zn2+,Cc1nnc(Cc2csc(-c3ccc(F)cc3)n2)nc1C.[Zn+2],0.41263485
TRZ00960,Cc1nnc(CC(=O)Nc2ccc(F)c(Cl)c2)nc1C,Zn2+,Cc1nnc(CC(=O)Nc2ccc(F)c(Cl)c2)nc1C.[Zn+2],0.41153765
TRZ01544,Cc1nnc(-c2ccc(CSc3ccc(C(F)(F)F)cn3)o2)nc1C,Zn2+,Cc1nnc(-c2ccc(CSc3ccc(C(F)(F)F)cn3)o2)nc1C.[Zn+2],0.41147804
TRZ02384,Cc1nnc(-c2cc(COc3cc(Cl)cc(Cl)c3)on2)nc1C,Zn2+,Cc1nnc(-c2cc(COc3cc(Cl)cc(Cl)c3)on2)nc1C.[Zn+2],0.41103983
TRZ02260,Cc1c[nH]c(C)c1-c1nnc(C)c(C)n1,Zn2+,Cc1c[nH]c(C)c1-c1nnc(C)c(C)n1.[Zn+2],0.41066265
TRZ05504,Cc1nnc(-c2nccc(-c3ccc(OC(F)(F)F)cc3)n2)nc1C,Zn2+,Cc1nnc(-c2nccc(-c3ccc(OC(F)(F)F)cc3)n2)nc1C.[Zn+2],0.41052437
TRZ00820,Cc1nnc(CCn2c3c(c4ccccc42)CCCC3)nc1C,Zn2+,Cc1nnc(CCn2c3c(c4ccccc42)CCCC3)nc1C.[Zn+2],0.40780497
TRZ03864,COc1cc(-c2ncn(C=Cc3nnc(C)c(C)n3)n2)cc(C(F)(F)F)c1,Zn2+,COc1cc(-c2ncn(C=Cc3nnc(C)c(C)n3)n2)cc(C(F)(F)F)c1.[Zn+2],0.4076991
TRZ01891,Cc1ccc(NC(=O)C23CC4CC(CC(C4)C2)C3)c(-c2nnc(C)c(C)n2)c1,Zn2+,Cc1ccc(NC(=O)C23CC4CC(CC(C4)C2)C3)c(-c2nnc(C)c(C)n2)c1.[Zn+2],0.40748882
TRZ02716,COc1nn(C)cc1-c1nnc(C)c(C)n1,Zn2+,COc1nn(C)cc1-c1nnc(C)c(C)n1.[Zn+2],0.40744495
TRZ01932,Cc1cc(-c2nnc(C)c(C)n2)n(C(C)(C)C)n1,Zn2+,Cc1cc(-c2nnc(C)c(C)n2)n(C(C)(C)C)n1.[Zn+2],0.40562677
TRZ00240,Cc1nnc(-c2nc(-c3ccc(C(C)(C)C)cc3)no2)nc1C,Zn2+,Cc1nnc(-c2nc(-c3ccc(C(C)(C)C)cc3)no2)nc1C.[Zn+2],0.40433598
TRZ03097,Cc1nnc(C2CCCN(C(=O)c3ccc(F)cc3)C2)nc1C,Zn2+,Cc1nnc(C2CCCN(C(=O)c3ccc(F)cc3)C2)nc1C.[Zn+2],0.40391064
TRZ01227,Cc1nnc(-c2cc(-c3cc(F)c(F)cc3F)n[nH]2)nc1C,Zn2+,Cc1nnc(-c2cc(-c3cc(F)c(F)cc3F)n[nH]2)nc1C.[Zn+2],0.4033928
TRZ02329,Cc1nnc(CSc2nnc(-c3cccc(Br)c3)n2-c2ccccc2)nc1C,Zn2+,Cc1nnc(CSc2nnc(-c3cccc(Br)c3)n2-c2ccccc2)nc1C.[Zn+2],0.40199375
TRZ01063,Cc1nnc(-c2nc(-c3ccccc3)cc(-c3ccc(C(F)F)nc3)n2)nc1C,Zn2+,Cc1nnc(-c2nc(-c3ccccc3)cc(-c3ccc(C(F)F)nc3)n2)nc1C.[Zn+2],0.4012537
TRZ05431,Cc1cccc(F)c1C(O)c1nnc(C)c(C)n1,Zn2+,Cc1cccc(F)c1C(O)c1nnc(C)c(C)n1.[Zn+2],0.40036297
TRZ02891,Cc1nnc(CNc2cccc(C(F)(F)F)c2)nc1C,Zn2+,Cc1nnc(CNc2cccc(C(F)(F)F)c2)nc1C.[Zn+2],0.40005255
TRZ04483,Cc1nnc(-c2cc(C(F)(F)F)nn2-c2ncccn2)nc1C,Zn2+,Cc1nnc(-c2cc(C(F)(F)F)nn2-c2ncccn2)nc1C.[Zn+2],0.39569044
TRZ02577,Cc1nnc(-c2nscc2N)nc1C,Zn2+,Cc1nnc(-c2nscc2N)nc1C.[Zn+2],0.3953414
TRZ03871,Cc1nnc(C=Cn2cnc(-c3cc(C#N)cc(C(F)(F)F)c3)n2)nc1C,Zn2+,Cc1nnc(C=Cn2cnc(-c3cc(C#N)cc(C(F)(F)F)c3)n2)nc1C.[Zn+2],0.3935542
TRZ02965,Cc1nnc(C(F)(F)C(O)c2ccncc2)nc1C,Zn2+,Cc1nnc(C(F)(F)C(O)c2ccncc2)nc1C.[Zn+2],0.3929267
TRZ01477,Cc1nnc(-c2ccc(Br)cn2)nc1C,Zn2+,Cc1nnc(-c2ccc(Br)cn2)nc1C.[Zn+2],0.3919754
TRZ03433,Cc1nnc(-c2nn(Cc3ccc(F)cc3F)c3ccc(Cl)cc23)nc1C,Zn2+,Cc1nnc(-c2nn(Cc3ccc(F)cc3F)c3ccc(Cl)cc23)nc1C.[Zn+2],0.39010763
TRZ00881,Cc1ccc(C(=O)Nc2ccccc2-c2nnc(C)c(C)n2)cc1,Zn2+,Cc1ccc(C(=O)Nc2ccccc2-c2nnc(C)c(C)n2)cc1.[Zn+2],0.38789034
TRZ01507,Cc1nnc(CCS(=O)(=O)c2ccc3ccccc3c2)nc1C,Zn2+,Cc1nnc(CCS(=O)(=O)c2ccc3ccccc3c2)nc1C.[Zn+2],0.38685656
TRZ05907,Cc1nnc(C(=O)Oc2cccc(F)c2)nc1C,Zn2+,Cc1nnc(C(=O)Oc2cccc(F)c2)nc1C.[Zn+2],0.385983
TRZ05560,Cc1nnc(-c2cccnc2OC(F)(F)F)nc1C,Zn2+,Cc1nnc(-c2cccnc2OC(F)(F)F)nc1C.[Zn+2],0.3853798
TRZ04395,CCSc1cc(C(F)(F)F)ccc1-c1nnc(C)c(C)n1,Zn2+,CCSc1cc(C(F)(F)F)ccc1-c1nnc(C)c(C)n1.[Zn+2],0.38500166
TRZ00105,Cc1nnc(-c2ccc(-c3ccccc3Cl)o2)nc1C,Zn2+,Cc1nnc(-c2ccc(-c3ccccc3Cl)o2)nc1C.[Zn+2],0.38365316
TRZ05034,Cc1nnc(-c2cccc(OCC(O)C(F)(F)F)n2)nc1C,Zn2+,Cc1nnc(-c2cccc(OCC(O)C(F)(F)F)n2)nc1C.[Zn+2],0.38234043
TRZ03688,Cc1nnc(-c2ccccc2NC(=O)c2ccc(F)cc2)nc1C,Zn2+,Cc1nnc(-c2ccccc2NC(=O)c2ccc(F)cc2)nc1C.[Zn+2],0.38117456
TRZ01132,Cc1nnc(Cc2cc3ccccc3[nH]2)nc1C,Zn2+,Cc1nnc(Cc2cc3ccccc3[nH]2)nc1C.[Zn+2],0.37874794
TRZ04230,Cc1nnc(-c2cccc(OC(F)F)n2)nc1C,Zn2+,Cc1nnc(-c2cccc(OC(F)F)n2)nc1C.[Zn+2],0.37759304
TRZ00628,Cc1nnc(-c2csc(-c3ncc(C(F)(F)F)cc3Cl)n2)nc1C,Zn2+,Cc1nnc(-c2csc(-c3ncc(C(F)(F)F)cc3Cl)n2)nc1C.[Zn+2],0.37727594
TRZ00073,Cc1nnc(-c2cncc(Br)c2)nc1C,Zn2+,Cc1nnc(-c2cncc(Br)c2)nc1C.[Zn+2],0.37695646
TRZ02199,Cc1nnc(Cn2ccc3ccc(F)cc32)nc1C,Zn2+,Cc1nnc(Cn2ccc3ccc(F)cc32)nc1C.[Zn+2],0.376791
TRZ03982,Cc1nnc(-c2cn3c(ccc4c(C(F)(F)F)cc(C(F)(F)F)cc43)n2)nc1C,Zn2+,Cc1nnc(-c2cn3c(ccc4c(C(F)(F)F)cc(C(F)(F)F)cc43)n2)nc1C.[Zn+2],0.37620497
TRZ02011,Cc1nnc(C2C(=O)NCC2c2ccccc2)nc1C,Zn2+,Cc1nnc(C2C(=O)NCC2c2ccccc2)nc1C.[Zn+2],0.3761568
TRZ03836,Cc1nnc(C(C)(C)Oc2ccc(N)c(F)c2)nc1C,Zn2+,Cc1nnc(C(C)(C)Oc2ccc(N)c(F)c2)nc1C.[Zn+2],0.37354183
TRZ03525,Cc1nnc(C(F)Nc2ccc(F)cc2)nc1C,Zn2+,Cc1nnc(C(F)Nc2ccc(F)cc2)nc1C.[Zn+2],0.36722708
TRZ02333,Cc1nnc(-c2c(Br)cnn2C)nc1C,Zn2+,Cc1nnc(-c2c(Br)cnn2C)nc1C.[Zn+2],0.36543703
TRZ03049,Cc1nnc(C(C)(C)Oc2ccc(F)cc2)nc1C,Zn2+,Cc1nnc(C(C)(C)Oc2ccc(F)cc2)nc1C.[Zn+2],0.36345768
TRZ01826,Cc1nnc([C@@H](O)Cc2csc(-c3ccc(F)cc3)n2)nc1C,Zn2+,Cc1nnc([C@@H](O)Cc2csc(-c3ccc(F)cc3)n2)nc1C.[Zn+2],0.36331797
TRZ01387,CCCN/C(=C\c1ccc2ccccc2c1)c1nnc(C)c(C)n1,Zn2+,CCCN/C(=C\c1ccc2ccccc2c1)c1nnc(C)c(C)n1.[Zn+2],0.36240196
TRZ03131,Cc1nnc(-c2c(NC(=O)c3ccc(F)cc3)cnn2C)nc1C,Zn2+,Cc1nnc(-c2c(NC(=O)c3ccc(F)cc3)cnn2C)nc1C.[Zn+2],0.36190176
TRZ00171,CC(=O)Nc1ccccc1-c1nnc(C)c(C)n1,Zn2+,CC(=O)Nc1ccccc1-c1nnc(C)c(C)n1.[Zn+2],0.36186075
TRZ05883,Cc1nnc(-c2ccc(C(F)(F)F)nc2C(=O)c2ccccc2F)nc1C,Zn2+,Cc1nnc(-c2ccc(C(F)(F)F)nc2C(=O)c2ccccc2F)nc1C.[Zn+2],0.36074352
TRZ02963,Cc1nnc(C(F)(F)C(O)c2ccccn2)nc1C,Zn2+,Cc1nnc(C(F)(F)C(O)c2ccccn2)nc1C.[Zn+2],0.36065912
TRZ01280,CC(=O)NC(c1nnc(C)c(C)n1)C(C)Cc1ccccc1,Zn2+,CC(=O)NC(c1nnc(C)c(C)n1)C(C)Cc1ccccc1.[Zn+2],0.36025143
TRZ04917,Cc1nnc(CCN2C(=O)Cc3ccc(-c4ccc(OC(F)(F)F)cc4)cc32)nc1C,Zn2+,Cc1nnc(CCN2C(=O)Cc3ccc(-c4ccc(OC(F)(F)F)cc4)cc32)nc1C.[Zn+2],0.3591566
TRZ01198,Cc1nnc(-c2nnn(Cc3ccccc3)c2N)nc1C,Zn2+,Cc1nnc(-c2nnn(Cc3ccccc3)c2N)nc1C.[Zn+2],0.35899687
TRZ00506,Cc1nnc(CNC(=O)c2cccc(Br)c2)nc1C,Zn2+,Cc1nnc(CNC(=O)c2cccc(Br)c2)nc1C.[Zn+2],0.35730124
TRZ04884,Cc1nnc(CNC(=O)c2cn(C)nc2C(F)(F)F)nc1C,Zn2+,Cc1nnc(CNC(=O)c2cn(C)nc2C(F)(F)F)nc1C.[Zn+2],0.35676003
TRZ01509,Cc1ccc2nc(NCc3nnc(C)c(C)n3)nc(-c3ccccc3)c2c1,Zn2+,Cc1ccc2nc(NCc3nnc(C)c(C)n3)nc(-c3ccccc3)c2c1.[Zn+2],0.35634947
TRZ01023,COc1ccc(-c2cc(-c3ccc(OC)cc3)nc(-c3nnc(C)c(C)n3)n2)cc1,Zn2+,COc1ccc(-c2cc(-c3ccc(OC)cc3)nc(-c3nnc(C)c(C)n3)n2)cc1.[Zn+2],0.35365105
TRZ03169,Cc1nnc(C[C@@H](Cc2cc(F)c(F)cc2F)NC(=O)OC(C)(C)C)nc1C,Zn2+,Cc1nnc(C[C@@H](Cc2cc(F)c(F)cc2F)NC(=O)OC(C)(C)C)nc1C.[Zn+2],0.353518
TRZ00921,Cc1nnc(-c2cc3ncc(C(F)(F)F)cc3s2)nc1C,Zn2+,Cc1nnc(-c2cc3ncc(C(F)(F)F)cc3s2)nc1C.[Zn+2],0.34807968
TRZ02866,Cc1nnc(-c2nc[nH]c2F)nc1C,Zn2+,Cc1nnc(-c2nc[nH]c2F)nc1C.[Zn+2],0.34681034
TRZ03988,CONC(=O)c1cc(Nc2ncnn3cc(-c4nnc(C)c(C)n4)c(C(C)C)c23)c(F)cc1F,Zn2+,CONC(=O)c1cc(Nc2ncnn3cc(-c4nnc(C)c(C)n4)c(C(C)C)c23)c(F)cc1F.[Zn+2],0.3454609
TRZ01400,Cc1nnc(-c2cc3oc(C)c(C)c3[nH]2)nc1C,Zn2+,Cc1nnc(-c2cc3oc(C)c(C)c3[nH]2)nc1C.[Zn+2],0.34429312
TRZ03783,Cc1nnc(C2=CNC(C3CC3)N2c2ccc(C(F)(F)F)cc2)nc1C,Zn2+,Cc1nnc(C2=CNC(C3CC3)N2c2ccc(C(F)(F)F)cc2)nc1C.[Zn+2],0.34362602
TRZ00381,Cc1cc(SCc2nnc(C)c(C)n2)c2cc(Br)ccc2n1,Zn2+,Cc1cc(SCc2nnc(C)c(C)n2)c2cc(Br)ccc2n1.[Zn+2],0.34313154
TRZ04173,CCSc1cc(C(F)(F)F)cnc1-c1nnc(C)c(C)n1,Zn2+,CCSc1cc(C(F)(F)F)cnc1-c1nnc(C)c(C)n1.[Zn+2],0.34191608
TRZ04021,Cc1nnc(-c2cc(C)c3cc(OCC(F)(F)F)cc(OCC(F)(F)F)c3n2)nc1C,Zn2+,Cc1nnc(-c2cc(C)c3cc(OCC(F)(F)F)cc(OCC(F)(F)F)c3n2)nc1C.[Zn+2],0.34122086
TRZ04072,Cc1nnc(-c2cc(C(F)(F)F)n(-c3ccc(Br)cn3)n2)nc1C,Zn2+,Cc1nnc(-c2cc(C(F)(F)F)n(-c3ccc(Br)cn3)n2)nc1C.[Zn+2],0.34109735
TRZ02192,Cc1nnc(CNC(=O)c2ccccc2N=[N+]=[N-])nc1C,Zn2+,Cc1nnc(CNC(=O)c2ccccc2N=[N+]=[N-])nc1C.[Zn+2],0.33830214
TRZ00021,Cc1nnc(-c2sc3cccc(Cl)c3c2Cl)nc1C,Zn2+,Cc1nnc(-c2sc3cccc(Cl)c3c2Cl)nc1C.[Zn+2],0.3382306
TRZ03411,Cc1nnc(-c2nn(Cc3ccc(F)cc3F)c3c2C=CN(C(F)(F)F)C3)nc1C,Zn2+,Cc1nnc(-c2nn(Cc3ccc(F)cc3F)c3c2C=CN(C(F)(F)F)C3)nc1C.[Zn+2],0.33617592
TRZ05320,Cc1nnc(Cc2ncc(F)cc2Cl)nc1C,Zn2+,Cc1nnc(Cc2ncc(F)cc2Cl)nc1C.[Zn+2],0.33527756
TRZ05003,Cc1nnc(C(C)(C)Oc2ccc(C(C)(F)F)cc2Cl)nc1C,Zn2+,Cc1nnc(C(C)(C)Oc2ccc(C(C)(F)F)cc2Cl)nc1C.[Zn+2],0.3352747
TRZ00289,Cc1nnc(CSCc2nc(-c3ccccc3)cs2)nc1C,Zn2+,Cc1nnc(CSCc2nc(-c3ccccc3)cs2)nc1C.[Zn+2],0.33431768
TRZ01795,Cc1nnc(-c2nc(NCc3ccccc3)cc(-c3ccccc3)n2)nc1C,Zn2+,Cc1nnc(-c2nc(NCc3ccccc3)cc(-c3ccccc3)n2)nc1C.[Zn+2],0.33303118
TRZ02689,Cc1nnc(C(=O)c2ccccc2)nc1C,Zn2+,Cc1nnc(C(=O)c2ccccc2)nc1C.[Zn+2],0.33044338
TRZ03600,Cc1nnc(/C=C\n2cnc(-c3cc(OC(=O)OCC(C)C)cc(C(F)(F)F)c3)n2)nc1C,Zn2+,Cc1nnc(/C=C\n2cnc(-c3cc(OC(=O)OCC(C)C)cc(C(F)(F)F)c3)n2)nc1C.[Zn+2],0.3303175
TRZ05457,Cc1nnc(-c2cnc(C(=O)N3C[C@@H]4C(COc5cccc(C(F)(F)F)n5)[C@@H]4C3)cn2)nc1C,Zn2+,Cc1nnc(-c2cnc(C(=O)N3C[C@@H]4C(COc5cccc(C(F)(F)F)n5)[C@@H]4C3)cn2)nc1C.[Zn+2],0.3299818
TRZ02305,CCOc1ccc(-c2ncn(Cc3nnc(C)c(C)n3)c2[N+](=O)[O-])cc1,Zn2+,CCOc1ccc(-c2ncn(Cc3nnc(C)c(C)n3)c2[N+](=O)[O-])cc1.[Zn+2],0.32862854
TRZ05774,Cc1nnc(C(CCCCC2OC=CO2)(OCc2ccccc2)C(F)(F)F)nc1C,Zn2+,Cc1nnc(C(CCCCC2OC=CO2)(OCc2ccccc2)C(F)(F)F)nc1C.[Zn+2],0.32750893
TRZ05324,Cc1nnc(-c2ccccc2NC(=O)Nc2cccc(F)c2)nc1C,Zn2+,Cc1nnc(-c2ccccc2NC(=O)Nc2cccc(F)c2)nc1C.[Zn+2],0.32745886
TRZ01006,Cc1nnc(Cn2c(C3CC3)nc3cc(Cl)c(Cl)cc32)nc1C,Zn2+,Cc1nnc(Cn2c(C3CC3)nc3cc(Cl)c(Cl)cc32)nc1C.[Zn+2],0.32598734
TRZ00099,Cc1nnc(COc2ccc(Cl)cc2)nc1C,Zn2+,Cc1nnc(COc2ccc(Cl)cc2)nc1C.[Zn+2],0.32174206
TRZ00402,Cc1nnc(-c2cc(C(=O)c3ccc(Cl)cc3Cl)cn2C)nc1C,Zn2+,Cc1nnc(-c2cc(C(=O)c3ccc(Cl)cc3Cl)cn2C)nc1C.[Zn+2],0.32146883
TRZ01226,Cc1cc(Cc2nnc(C)c(C)n2)n[nH]1,Zn2+,Cc1cc(Cc2nnc(C)c(C)n2)n[nH]1.[Zn+2],0.31759453
TRZ03832,Cc1nnc(CC(C)(O)c2ccc(F)cc2)nc1C,Zn2+,Cc1nnc(CC(C)(O)c2ccc(F)cc2)nc1C.[Zn+2],0.31653118
TRZ01072,COc1ccc2cc(NCc3nnc(C)c(C)n3)ccc2c1,Zn2+,COc1ccc2cc(NCc3nnc(C)c(C)n3)ccc2c1.[Zn+2],0.31625414
TRZ00295,Cc1nnc(-c2ccc(Cn3nc([N+](=O)[O-])c(Cl)c3C)o2)nc1C,Zn2+,Cc1nnc(-c2ccc(Cn3nc([N+](=O)[O-])c(Cl)c3C)o2)nc1C.[Zn+2],0.31622887
TRZ00441,Cc1nnc(-c2cc(OCC(F)(F)F)ccc2OCC(F)(F)F)nc1C,Zn2+,Cc1nnc(-c2cc(OCC(F)(F)F)ccc2OCC(F)(F)F)nc1C.[Zn+2],0.31496668
TRZ05494,Cc1nnc(-c2cncc(N3CCC(F)(F)C(C)C3)n2)nc1C,Zn2+,Cc1nnc(-c2cncc(N3CCC(F)(F)C(C)C3)n2)nc1C.[Zn+2],0.31428432
TRZ00078,Cc1nnc(COc2ccc(F)cc2)nc1C,Zn2+,Cc1nnc(COc2ccc(F)cc2)nc1C.[Zn+2],0.31388378
TRZ00307,Cc1nnc(CNc2ccccc2Cl)nc1C,Zn2+,Cc1nnc(CNc2ccccc2Cl)nc1C.[Zn+2],0.31288815
TRZ00834,Cc1nnc(Cc2nc(-c3ccccc3)cs2)nc1C,Zn2+,Cc1nnc(Cc2nc(-c3ccccc3)cs2)nc1C.[Zn+2],0.31259203
TRZ04085,Cc1nnc(C(=O)NCc2ccccc2OC(F)(F)F)nc1C,Zn2+,Cc1nnc(C(=O)NCc2ccccc2OC(F)(F)F)nc1C.[Zn+2],0.31258297
TRZ02418,Cc1nnc(-c2c(-c3ccccc3)c(-c3ccccc3)nn3nnnc23)nc1C,Zn2+,Cc1nnc(-c2c(-c3ccccc3)c(-c3ccccc3)nn3nnnc23)nc1C.[Zn+2],0.31237555
TRZ04996,Cc1nnc(-c2cnn(C(F)(F)F)c2)nc1C,Zn2+,Cc1nnc(-c2cnn(C(F)(F)F)c2)nc1C.[Zn+2],0.3100276
TRZ00430,Cc1nnc(COc2ccccc2-c2ccccc2)nc1C,Zn2+,Cc1nnc(COc2ccccc2-c2ccccc2)nc1C.[Zn+2],0.30946636
TRZ02385,Cc1nnc(-c2cc(CSc3ccc(Cl)cc3)on2)nc1C,Zn2+,Cc1nnc(-c2cc(CSc3ccc(Cl)cc3)on2)nc1C.[Zn+2],0.30847168
TRZ05303,Cc1nnc(-c2cnc(NC3Cc4ccccc4C3)nc2C(F)(F)F)nc1C,Zn2+,Cc1nnc(-c2cnc(NC3Cc4ccccc4C3)nc2C(F)(F)F)nc1C.[Zn+2],0.30816746
TRZ02319,Cc1nnc(-c2cc3c(C)nn(-c4ccccc4)c3s2)nc1C,Zn2+,Cc1nnc(-c2cc3c(C)nn(-c4ccccc4)c3s2)nc1C.[Zn+2],0.3081193
TRZ05861,Cc1nnc(-c2cc(CF)c(CF)nc2CF)nc1C,Zn2+,Cc1nnc(-c2cc(CF)c(CF)nc2CF)nc1C.[Zn+2],0.30662775
TRZ01015,COc1cccc(-c2cc(-c3cccc(OC)c3)nc(-c3nnc(C)c(C)n3)n2)c1,Zn2+,COc1cccc(-c2cc(-c3cccc(OC)c3)nc(-c3nnc(C)c(C)n3)n2)c1.[Zn+2],0.30631638
TRZ03634,C=CCOc1ncc(F)c(C2(c3nnc(C)c(C)n3)C=CC=C(C)C2)n1,Zn2+,C=CCOc1ncc(F)c(C2(c3nnc(C)c(C)n3)C=CC=C(C)C2)n1.[Zn+2],0.3059616
TRZ00603,COc1ccc(NC(=O)N[C@@H](Cc2ccccc2)c2nnc(C)c(C)n2)cc1,Zn2+,COc1ccc(NC(=O)N[C@@H](Cc2ccccc2)c2nnc(C)c(C)n2)cc1.[Zn+2],0.30585575
TRZ04910,Cc1nnc(-c2nn(CC(F)(F)F)c(=O)o2)nc1C,Zn2+,Cc1nnc(-c2nn(CC(F)(F)F)c(=O)o2)nc1C.[Zn+2],0.30354452
TRZ02130,Cc1ccc(NCc2nnc(C)c(C)n2)c(C)c1,Zn2+,Cc1ccc(NCc2nnc(C)c(C)n2)c(C)c1.[Zn+2],0.30162
TRZ02640,Cc1nnc(-c2ccc(Cl)nn2)nc1C,Zn2+,Cc1nnc(-c2ccc(Cl)nn2)nc1C.[Zn+2],0.3011732
TRZ01017,COc1ccc(-c2cc(-c3ccccc3)nc(-c3nnc(C)c(C)n3)n2)cc1,Zn2+,COc1ccc(-c2cc(-c3ccccc3)nc(-c3nnc(C)c(C)n3)n2)cc1.[Zn+2],0.30062294
TRZ05532,Cc1nnc(-c2c(-c3ccccc3F)ccnc2Cl)nc1C,Zn2+,Cc1nnc(-c2c(-c3ccccc3F)ccnc2Cl)nc1C.[Zn+2],0.29722452
TRZ03182,Cc1ccc2c(c1)c(-c1nnc(C)c(C)n1)nn2Cc1ccc(F)cc1F,Zn2+,Cc1ccc2c(c1)c(-c1nnc(C)c(C)n1)nn2Cc1ccc(F)cc1F.[Zn+2],0.2955842
TRZ00426,Cc1nnc(CNc2ccccc2F)nc1C,Zn2+,Cc1nnc(CNc2ccccc2F)nc1C.[Zn+2],0.29477692
TRZ01473,Cc1nnc(-c2nccn2C)nc1C,Zn2+,Cc1nnc(-c2nccn2C)nc1C.[Zn+2],0.29362822
TRZ00287,Cc1nnc(-c2scc(S(=O)(=O)C(C)C)c2Cl)nc1C,Zn2+,Cc1nnc(-c2scc(S(=O)(=O)C(C)C)c2Cl)nc1C.[Zn+2],0.2931404
TRZ00466,Cc1nnc(-c2ccc(-c3ccc(Cl)cc3)o2)nc1C,Zn2+,Cc1nnc(-c2ccc(-c3ccc(Cl)cc3)o2)nc1C.[Zn+2],0.29130936
TRZ02896,Cc1nnc(C(=O)N[C@H](C)c2ccccc2)nc1C,Zn2+,Cc1nnc(C(=O)N[C@H](C)c2ccccc2)nc1C.[Zn+2],0.28846693
TRZ05605,Cc1nc(C)c(-c2nnc(C)c(C)n2)cc1F,Zn2+,Cc1nc(C)c(-c2nnc(C)c(C)n2)cc1F.[Zn+2],0.28843355
TRZ02371,Cc1nnc(COc2ccc(C(C)(C)C)cc2C(C)(C)C)nc1C,Zn2+,Cc1nnc(COc2ccc(C(C)(C)C)cc2C(C)(C)C)nc1C.[Zn+2],0.2871318
TRZ02128,Cc1ncc([N+](=O)[O-])cc1-c1nnc(C)c(C)n1,Zn2+,Cc1ncc([N+](=O)[O-])cc1-c1nnc(C)c(C)n1.[Zn+2],0.2860279
TRZ02690,Cc1nnc(-c2c(C)c3ccccc3n2C)nc1C,Zn2+,Cc1nnc(-c2c(C)c3ccccc3n2C)nc1C.[Zn+2],0.2855835
TRZ03583,Cc1nnc(-c2cc(C)c3cc(C4CC4)cc(OC(F)(F)F)c3n2)nc1C,Zn2+,Cc1nnc(-c2cc(C)c3cc(C4CC4)cc(OC(F)(F)F)c3n2)nc1C.[Zn+2],0.28449535
TRZ03582,Cc1cc(C(F)(F)F)c2nc(-c3nnc(C)c(C)n3)cc(C)c2c1,Zn2+,Cc1cc(C(F)(F)F)c2nc(-c3nnc(C)c(C)n3)cc(C)c2c1.[Zn+2],0.2828889
TRZ01976,Cc1ccccc1NCc1nnc(C)c(C)n1,Zn2+,Cc1ccccc1NCc1nnc(C)c(C)n1.[Zn+2],0.28166914
TRZ00427,Cc1ccc(NCc2nnc(C)c(C)n2)cc1,Zn2+,Cc1ccc(NCc2nnc(C)c(C)n2)cc1.[Zn+2],0.28077412
TRZ03060,Cc1nnc(CNc2ccc(C(F)(F)F)cc2)nc1C,Zn2+,Cc1nnc(CNc2ccc(C(F)(F)F)cc2)nc1C.[Zn+2],0.27899218
TRZ00483,CCOc1ccc(-c2n[nH]c(-c3nnc(C)c(C)n3)c2C)cc1,Zn2+,CCOc1ccc(-c2n[nH]c(-c3nnc(C)c(C)n3)c2C)cc1.[Zn+2],0.27143908
TRZ01857,Cc1nnc(-c2c[nH]c3ccc(F)cc23)nc1C,Zn2+,Cc1nnc(-c2c[nH]c3ccc(F)cc23)nc1C.[Zn+2],0.27067423
TRZ02837,Cc1nnc(-c2nnn(-c3ccnc4c(C(F)(F)F)cccc34)c2C)nc1C,Zn2+,Cc1nnc(-c2nnn(-c3ccnc4c(C(F)(F)F)cccc34)c2C)nc1C.[Zn+2],0.26234245
TRZ02143,Cc1nnc(-c2sc3cc([N+](=O)[O-])ccc3c2Cl)nc1C,Zn2+,Cc1nnc(-c2sc3cc([N+](=O)[O-])ccc3c2Cl)nc1C.[Zn+2],0.26111603
TRZ00164,Cc1nnc(Cn2c(C)nc3c(Br)cc(Br)cc3c2=O)nc1C,Zn2+,Cc1nnc(Cn2c(C)nc3c(Br)cc(Br)cc3c2=O)nc1C.[Zn+2],0.26033878
TRZ01209,Cc1nnc(CNc2ccc(Br)cc2)nc1C,Zn2+,Cc1nnc(CNc2ccc(Br)cc2)nc1C.[Zn+2],0.26022196
TRZ01549,COc1ccc(C2=NOC(c3nnc(C)c(C)n3)C2)cc1,Zn2+,COc1ccc(C2=NOC(c3nnc(C)c(C)n3)C2)cc1.[Zn+2],0.2597022
TRZ03069,Cc1nnc(-c2cc(C(F)(F)F)c3ccccc3n2)nc1C,Zn2+,Cc1nnc(-c2cc(C(F)(F)F)c3ccccc3n2)nc1C.[Zn+2],0.25881863
TRZ04997,Cc1nnc(C2(C(=O)Nc3ccccc3F)CC2)nc1C,Zn2+,Cc1nnc(C2(C(=O)Nc3ccccc3F)CC2)nc1C.[Zn+2],0.2584114
TRZ05156,Cc1cc(-c2c(OCc3nnc(C)c(C)n3)nc(N)nc2-c2ccc(F)cc2)cc(C(F)F)n1,Zn2+,Cc1cc(-c2c(OCc3nnc(C)c(C)n3)nc(N)nc2-c2ccc(F)cc2)cc(C(F)F)n1.[Zn+2],0.25829744
TRZ03537,Cc1nnc(C(=O)Nc2ccc(C3CCC(C(=O)O)CC3)cc2F)nc1C,Zn2+,Cc1nnc(C(=O)Nc2ccc(C3CCC(C(=O)O)CC3)cc2F)nc1C.[Zn+2],0.25327206
TRZ05004,Cc1nnc(C(O)c2cccc(F)c2)nc1C,Zn2+,Cc1nnc(C(O)c2cccc(F)c2)nc1C.[Zn+2],0.2523694
TRZ05016,Cc1nnc(-c2cc(C)c3cc(OCC(F)(F)F)cc(C(F)(F)F)c3n2)nc1C,Zn2+,Cc1nnc(-c2cc(C)c3cc(OCC(F)(F)F)cc(C(F)(F)F)c3n2)nc1C.[Zn+2],0.2513795
TRZ00139,Cc1nnc(-c2nc(-c3ccccc3)cc(-c3ccccc3)n2)nc1C,Zn2+,Cc1nnc(-c2nc(-c3ccccc3)cc(-c3ccccc3)n2)nc1C.[Zn+2],0.25117254
TRZ00293,CCC(C)(C)C1CCc2[nH]nc(-c3nnc(C)c(C)n3)c2C1,Zn2+,CCC(C)(C)C1CCc2[nH]nc(-c3nnc(C)c(C)n3)c2C1.[Zn+2],0.24946976
TRZ01757,Cc1nnc(-c2cc(-c3ccccc3)cc(-c3ccccc3)n2)nc1C,Zn2+,Cc1nnc(-c2cc(-c3ccccc3)cc(-c3ccccc3)n2)nc1C.[Zn+2],0.24618578
TRZ03360,Cc1nnc(C(=O)Nc2cccc(C(F)(F)F)c2F)nc1C,Zn2+,Cc1nnc(C(=O)Nc2cccc(C(F)(F)F)c2F)nc1C.[Zn+2],0.24370193
TRZ01654,Cc1nnc(-c2cccnc2SCc2ccccc2)nc1C,Zn2+,Cc1nnc(-c2cccnc2SCc2ccccc2)nc1C.[Zn+2],0.24293852
TRZ05721,Cc1nnc(-c2nc(N3CCCC(F)(F)CC3)cnc2Cl)nc1C,Zn2+,Cc1nnc(-c2nc(N3CCCC(F)(F)CC3)cnc2Cl)nc1C.[Zn+2],0.24128914
TRZ01696,Cc1nnc(CCn2ccc(N)nc2=O)nc1C,Zn2+,Cc1nnc(CCn2ccc(N)nc2=O)nc1C.[Zn+2],0.2403965
TRZ02184,Cc1nnc([C@@H]2CCCO[C@H]2c2nccn2C)nc1C,Zn2+,Cc1nnc([C@@H]2CCCO[C@H]2c2nccn2C)nc1C.[Zn+2],0.23943377
TRZ03320,Cc1nnc(COc2ccccc2C(F)(F)F)nc1C,Zn2+,Cc1nnc(COc2ccccc2C(F)(F)F)nc1C.[Zn+2],0.23730707
TRZ01801,Cc1nnc(-c2nc(-c3ccccc3)cc(N3CCc4ccccc4C3C)n2)nc1C,Zn2+,Cc1nnc(-c2nc(-c3ccccc3)cc(N3CCc4ccccc4C3C)n2)nc1C.[Zn+2],0.23716497
TRZ03127,Cc1nnc(-c2ccc(C(F)(F)F)cc2[N+](=O)[O-])nc1C,Zn2+,Cc1nnc(-c2ccc(C(F)(F)F)cc2[N+](=O)[O-])nc1C.[Zn+2],0.23707151
TRZ04096,Cc1nnc(-c2cc(C(F)(F)F)ccn2)nc1C,Zn2+,Cc1nnc(-c2cc(C(F)(F)F)ccn2)nc1C.[Zn+2],0.23680115
TRZ01618,COc1ccc(C(=O)N/C(=C/c2cc(OC)c(OC)c(OC)c2)c2nnc(C)c(C)n2)cc1,Zn2+,COc1ccc(C(=O)N/C(=C/c2cc(OC)c(OC)c(OC)c2)c2nnc(C)c(C)n2)cc1.[Zn+2],0.23638678
TRZ02701,Cc1nnc(-c2cc(-c3ccccc3)nn2C)nc1C,Zn2+,Cc1nnc(-c2cc(-c3ccccc3)nn2C)nc1C.[Zn+2],0.23368073
TRZ01945,Cc1nnc(CC2CC(c3cccc([N+](=O)[O-])c3)=NN2)nc1C,Zn2+,Cc1nnc(CC2CC(c3cccc([N+](=O)[O-])c3)=NN2)nc1C.[Zn+2],0.23344564
TRZ00858,Cc1nnc(-c2cc(Br)ccn2)nc1C,Zn2+,Cc1nnc(-c2cc(Br)ccn2)nc1C.[Zn+2],0.22812986
TRZ05126,Cc1nnc(-c2cc3cc(N)nnc3c(F)c2Nc2ccc(Br)cc2F)nc1C,Zn2+,Cc1nnc(-c2cc3cc(N)nnc3c(F)c2Nc2ccc(Br)cc2F)nc1C.[Zn+2],0.22763872
TRZ04091,Cc1nnc(CC(C(F)F)N2Cc3cccnc3C2)nc1C,Zn2+,Cc1nnc(CC(C(F)F)N2Cc3cccnc3C2)nc1C.[Zn+2],0.22582865
TRZ05506,Cc1nnc(-c2cc(-c3ccc(OC(F)(F)F)cc3)ccn2)nc1C,Zn2+,Cc1nnc(-c2cc(-c3ccc(OC(F)(F)F)cc3)ccn2)nc1C.[Zn+2],0.22495556
TRZ03885,Cc1cc(-c2ncn(/C=C\c3nnc(C)c(C)n3)n2)cc(C(F)(F)F)c1,Zn2+,Cc1cc(-c2ncn(/C=C\c3nnc(C)c(C)n3)n2)cc(C(F)(F)F)c1.[Zn+2],0.22470093
TRZ02931,Cc1nnc(-c2nn(Cc3ccc(F)cc3F)c3ccc(C(F)(F)F)cc23)nc1C,Zn2+,Cc1nnc(-c2nn(Cc3ccc(F)cc3F)c3ccc(C(F)(F)F)cc23)nc1C.[Zn+2],0.22416401
TRZ04529,Cc1nnc(-c2ccc(CNC(=O)N3CCSC(c4ccc(F)c(Cl)c4)C3)cn2)nc1C,Zn2+,Cc1nnc(-c2ccc(CNC(=O)N3CCSC(c4ccc(F)c(Cl)c4)C3)cn2)nc1C.[Zn+2],0.22168732
TRZ02198,Cc1nnc(-c2cc(-c3ccc(C(F)(F)F)cc3)n(C)n2)nc1C,Zn2+,Cc1nnc(-c2cc(-c3ccc(C(F)(F)F)cc3)n(C)n2)nc1C.[Zn+2],0.22115707
TRZ05897,Cc1nnc(-c2nc(C(=O)Cc3ccccc3)c(C(F)(F)F)nc2N)nc1C,Zn2+,Cc1nnc(-c2nc(C(=O)Cc3ccccc3)c(C(F)(F)F)nc2N)nc1C.[Zn+2],0.22013712
TRZ03460,Cc1nnc(-c2nn(Cc3ccc(Cl)cc3F)c3cc(CF)ccc23)nc1C,Zn2+,Cc1nnc(-c2nn(Cc3ccc(Cl)cc3F)c3cc(CF)ccc23)nc1C.[Zn+2],0.21993971
TRZ01085,Cc1nnc(C(=O)Nc2ccc(F)cc2)nc1C,Zn2+,Cc1nnc(C(=O)Nc2ccc(F)cc2)nc1C.[Zn+2],0.21774721
TRZ01128,Cc1nnc(-c2sc3ncccc3c2N)nc1C,Zn2+,Cc1nnc(-c2sc3ncccc3c2N)nc1C.[Zn+2],0.21770716
TRZ00609,Cc1nnc(-c2cc3cc4ccccc4nc3s2)nc1C,Zn2+,Cc1nnc(-c2cc3cc4ccccc4nc3s2)nc1C.[Zn+2],0.21313524
TRZ02324,Cc1nnc(COc2cc(Cl)ccc2Cl)nc1C,Zn2+,Cc1nnc(COc2cc(Cl)ccc2Cl)nc1C.[Zn+2],0.21079016
TRZ01455,Cc1nnc(-c2cnn(-c3ccc(F)cc3)c2C(F)(F)F)nc1C,Zn2+,Cc1nnc(-c2cnn(-c3ccc(F)cc3)c2C(F)(F)F)nc1C.[Zn+2],0.20464325
TRZ02517,Cc1nnc(-c2cc(SCc3ccc(Cl)cc3)ccn2)nc1C,Zn2+,Cc1nnc(-c2cc(SCc3ccc(Cl)cc3)ccn2)nc1C.[Zn+2],0.204288
TRZ03968,Cc1nnc(-c2cccn2C(F)(F)F)nc1C,Zn2+,Cc1nnc(-c2cccn2C(F)(F)F)nc1C.[Zn+2],0.20151758
TRZ02904,Cc1nnc(-c2cnccc2C(F)(F)F)nc1C,Zn2+,Cc1nnc(-c2cnccc2C(F)(F)F)nc1C.[Zn+2],0.20117807
TRZ04043,COc1nc(-c2nnc(C)c(C)n2)c(NC(=O)O)cc1C(F)(F)F,Zn2+,COc1nc(-c2nnc(C)c(C)n2)c(NC(=O)O)cc1C(F)(F)F.[Zn+2],0.20076561
TRZ03206,Cc1nnc(C(C)(C)Oc2ccc(OC(F)(F)F)cc2)nc1C,Zn2+,Cc1nnc(C(C)(C)Oc2ccc(OC(F)(F)F)cc2)nc1C.[Zn+2],0.19834471
TRZ00173,Cc1nnc(CSc2ccc(Cl)cc2)nc1C,Zn2+,Cc1nnc(CSc2ccc(Cl)cc2)nc1C.[Zn+2],0.19781637
TRZ00623,Cc1nnc(Cc2csc(-c3ccccc3)n2)nc1C,Zn2+,Cc1nnc(Cc2csc(-c3ccccc3)n2)nc1C.[Zn+2],0.19694328
TRZ03319,Cc1nnc(-c2cc(-c3ccc(C(F)(F)F)cc3)nn2C)nc1C,Zn2+,Cc1nnc(-c2cc(-c3ccc(C(F)(F)F)cc3)nn2C)nc1C.[Zn+2],0.19539022
TRZ04057,Cc1nnc(-c2c(C=O)ccc(C(F)(F)F)c2[N+](=O)[O-])nc1C,Zn2+,Cc1nnc(-c2c(C=O)ccc(C(F)(F)F)c2[N+](=O)[O-])nc1C.[Zn+2],0.19537067
TRZ03896,Cc1nnc(-c2ccc(N3CC(Cc4ccccc4CF)C3)nn2)nc1C,Zn2+,Cc1nnc(-c2ccc(N3CC(Cc4ccccc4CF)C3)nn2)nc1C.[Zn+2],0.19118357
TRZ04444,COc1cccc2c(N3CC=CC4=C3CN(C(Cc3nnc(C)c(C)n3)C(F)F)C4)nc(N)nc12,Zn2+,COc1cccc2c(N3CC=CC4=C3CN(C(Cc3nnc(C)c(C)n3)C(F)F)C4)nc(N)nc12.[Zn+2],0.19094229
TRZ05036,COC[C@H]1C[C@@H]1c1cc(C(F)(F)F)cnc1-c1nnc(C)c(C)n1,Zn2+,COC[C@H]1C[C@@H]1c1cc(C(F)(F)F)cnc1-c1nnc(C)c(C)n1.[Zn+2],0.19049406
TRZ02312,Cc1nnc(CNc2ccc(Cl)cc2Br)nc1C,Zn2+,Cc1nnc(CNc2ccc(Cl)cc2Br)nc1C.[Zn+2],0.19029188
TRZ02421,Cc1nnc(C(CC(C)C)NC(=O)Cc2ccsc2)nc1C,Zn2+,Cc1nnc(C(CC(C)C)NC(=O)Cc2ccsc2)nc1C.[Zn+2],0.1881442
TRZ01281,CC(=O)NC(c1nnc(C)c(C)n1)C(C)CCc1ccccc1,Zn2+,CC(=O)NC(c1nnc(C)c(C)n1)C(C)CCc1ccccc1.[Zn+2],0.18791723
TRZ00161,Cc1cc(C)n(Cc2nnc(C)c(C)n2)n1,Zn2+,Cc1cc(C)n(Cc2nnc(C)c(C)n2)n1.[Zn+2],0.18752432
TRZ04232,Cc1nnc(-c2cccc(OCC(O)(C(F)(F)F)C(F)(F)F)n2)nc1C,Zn2+,Cc1nnc(-c2cccc(OCC(O)(C(F)(F)F)C(F)(F)F)n2)nc1C.[Zn+2],0.18638134
TRZ00256,Cc1cc(C)n2c(nc3ccccc32)c1-c1nnc(C)c(C)n1,Zn2+,Cc1cc(C)n2c(nc3ccccc32)c1-c1nnc(C)c(C)n1.[Zn+2],0.1844759
TRZ02791,Cc1nnc(COc2ccc(Br)cc2CN(C)C)nc1C,Zn2+,Cc1nnc(COc2ccc(Br)cc2CN(C)C)nc1C.[Zn+2],0.18435764
TRZ02287,Cc1nnc(-c2c(-c3ccccc3Cl)noc2C)nc1C,Zn2+,Cc1nnc(-c2c(-c3ccccc3Cl)noc2C)nc1C.[Zn+2],0.18346548
TRZ01923,Cc1nnc(CSc2nnc(-c3ccco3)n2-c2ccc(Br)cc2)nc1C,Zn2+,Cc1nnc(CSc2nnc(-c3ccco3)n2-c2ccc(Br)cc2)nc1C.[Zn+2],0.18237162
TRZ05322,Cc1nnc(-c2ccc(F)cc2NC(=O)Nc2cccc(Cl)c2)nc1C,Zn2+,Cc1nnc(-c2ccc(F)cc2NC(=O)Nc2cccc(Cl)c2)nc1C.[Zn+2],0.18203926
TRZ05102,Cc1nnc([C@H](Nc2ccc(C#N)c(C(F)(F)F)c2)[C@H](C)O)nc1C,Zn2+,Cc1nnc([C@H](Nc2ccc(C#N)c(C(F)(F)F)c2)[C@H](C)O)nc1C.[Zn+2],0.1816163
TRZ01670,CCOc1ccccc1C1=NOC(c2nnc(C)c(C)n2)C1,Zn2+,CCOc1ccccc1C1=NOC(c2nnc(C)c(C)n2)C1.[Zn+2],0.18129873
TRZ01751,Cc1nnc(-c2nc(-c3ccc(F)cc3)cc(-c3ccc(F)cc3)n2)nc1C,Zn2+,Cc1nnc(-c2nc(-c3ccc(F)cc3)cc(-c3ccc(F)cc3)n2)nc1C.[Zn+2],0.17958927
TRZ00827,Cc1nnc(COc2ccccc2Cc2ccccc2)nc1C,Zn2+,Cc1nnc(COc2ccccc2Cc2ccccc2)nc1C.[Zn+2],0.17756557
TRZ01927,CCOC(=O)c1cc(-c2cccc([N+](=O)[O-])c2)n(CCc2nnc(C)c(C)n2)c1C,Zn2+,CCOC(=O)c1cc(-c2cccc([N+](=O)[O-])c2)n(CCc2nnc(C)c(C)n2)c1C.[Zn+2],0.17730474
TRZ01800,Cc1nnc(-c2nc(-c3ccccc3)cc(N(C)Cc3ccccc3)n2)nc1C,Zn2+,Cc1nnc(-c2nc(-c3ccccc3)cc(N(C)Cc3ccccc3)n2)nc1C.[Zn+2],0.17489815
TRZ03635,CCC1(C(=O)O)CCC(c2ccc(NC(=O)c3nnc(C)c(C)n3)c(F)c2)CC1,Zn2+,CCC1(C(=O)O)CCC(c2ccc(NC(=O)c3nnc(C)c(C)n3)c(F)c2)CC1.[Zn+2],0.17434454
TRZ01999,Cc1nnc(-c2nc(-c3cccs3)no2)nc1C,Zn2+,Cc1nnc(-c2nc(-c3cccs3)no2)nc1C.[Zn+2],0.17361784
TRZ05448,Cc1nnc(CN(Cc2ccc(C#N)nc2)C(=O)COc2cc(F)cc(F)c2Cl)nc1C,Zn2+,Cc1nnc(CN(Cc2ccc(C#N)nc2)C(=O)COc2cc(F)cc(F)c2Cl)nc1C.[Zn+2],0.17238235
TRZ03388,Cc1nnc(-c2nn(Cc3ccc(F)cc3F)c3cc(F)ccc23)nc1C,Zn2+,Cc1nnc(-c2nn(Cc3ccc(F)cc3F)c3cc(F)ccc23)nc1C.[Zn+2],0.1723504
TRZ03753,Cc1nnc(C2C(=O)Nc3cccc(-c4cccc(F)c4)c32)nc1C,Zn2+,Cc1nnc(C2C(=O)Nc3cccc(-c4cccc(F)c4)c32)nc1C.[Zn+2],0.17079258
TRZ00855,Cc1nnc(-c2nn(C)c3ccccc23)nc1C,Zn2+,Cc1nnc(-c2nn(C)c3ccccc23)nc1C.[Zn+2],0.16897678
TRZ05326,Cc1nnc(-c2ccccc2NC(=O)Nc2cc(F)cc(Cl)c2)nc1C,Zn2+,Cc1nnc(-c2ccccc2NC(=O)Nc2cc(F)cc(Cl)c2)nc1C.[Zn+2],0.16779327
TRZ01870,Cc1nnc(CSc2nc3cccnc3s2)nc1C,Zn2+,Cc1nnc(CSc2nc3cccnc3s2)nc1C.[Zn+2],0.16572618
TRZ05692,Cc1nnc(-c2cccnc2OC(F)F)nc1C,Zn2+,Cc1nnc(-c2cccnc2OC(F)F)nc1C.[Zn+2],0.16524124
TRZ00942,Cc1nnc(Cn2c(SCc3ccccc3)nc3ccccc32)nc1C,Zn2+,Cc1nnc(Cn2c(SCc3ccccc3)nc3ccccc32)nc1C.[Zn+2],0.16422701
TRZ03793,Cc1nnc(-c2cn(C)c3ccc(F)cc23)nc1C,Zn2+,Cc1nnc(-c2cn(C)c3ccc(F)cc23)nc1C.[Zn+2],0.16417313
TRZ00169,CNc1ccccc1-c1nnc(C)c(C)n1,Zn2+,CNc1ccccc1-c1nnc(C)c(C)n1.[Zn+2],0.16243124
TRZ05344,Cc1nnc(-c2ccc(F)cc2NC(=O)Nc2cccc(Br)c2)nc1C,Zn2+,Cc1nnc(-c2ccc(F)cc2NC(=O)Nc2cccc(Br)c2)nc1C.[Zn+2],0.16214895
TRZ04704,Cc1nnc(C(F)(F)c2cn3cc(C4CC4)ccc3n2)nc1C,Zn2+,Cc1nnc(C(F)(F)c2cn3cc(C4CC4)ccc3n2)nc1C.[Zn+2],0.16159964
TRZ05134,Cc1nnc(-c2occc2-c2ccc(F)cc2)nc1C,Zn2+,Cc1nnc(-c2occc2-c2ccc(F)cc2)nc1C.[Zn+2],0.16052103
TRZ01071,Cc1nnc(C(C)Nc2ccc3ccccc3c2)nc1C,Zn2+,Cc1nnc(C(C)Nc2ccc3ccccc3c2)nc1C.[Zn+2],0.16047955
TRZ05086,Cc1nnc(C(=O)NCc2ccc(F)cc2Cl)nc1C,Zn2+,Cc1nnc(C(=O)NCc2ccc(F)cc2Cl)nc1C.[Zn+2],0.16045523
TRZ00296,Cc1nnc(-c2ccc(COc3cccc4ccccc34)o2)nc1C,Zn2+,Cc1nnc(-c2ccc(COc3cccc4ccccc34)o2)nc1C.[Zn+2],0.15990639
TRZ01115,Cc1nnc(-c2csc(-c3ccc(C(F)(F)F)cc3)n2)nc1C,Zn2+,Cc1nnc(-c2csc(-c3ccc(C(F)(F)F)cc3)n2)nc1C.[Zn+2],0.15430689
TRZ00330,Cc1nnc(-c2cc3c(ccc4ccccc43)o2)nc1C,Zn2+,Cc1nnc(-c2cc3c(ccc4ccccc43)o2)nc1C.[Zn+2],0.15350437
TRZ01632,Cc1nnc(-c2cc(CCCCC(=O)Nc3ccccc3)on2)nc1C,Zn2+,Cc1nnc(-c2cc(CCCCC(=O)Nc3ccccc3)on2)nc1C.[Zn+2],0.15245771
TRZ05879,Cc1nnc(-c2c(C(=O)c3ccccc3F)ccnc2Cl)nc1C,Zn2+,Cc1nnc(-c2c(C(=O)c3ccccc3F)ccnc2Cl)nc1C.[Zn+2],0.15084648
TRZ00868,Cc1nnc(CNC(=O)COc2ccccc2)nc1C,Zn2+,Cc1nnc(CNC(=O)COc2ccccc2)nc1C.[Zn+2],0.15082169
TRZ03983,Cc1nnc(C(F)(F)C(O)c2cccs2)nc1C,Zn2+,Cc1nnc(C(F)(F)C(O)c2cccs2)nc1C.[Zn+2],0.15079212
TRZ04135,Cc1nnc(C(N)c2ccc(F)c(Cl)c2)nc1C,Zn2+,Cc1nnc(C(N)c2ccc(F)c(Cl)c2)nc1C.[Zn+2],0.14927673
TRZ00895,Cc1nnc(CSCc2ccc(Cl)cc2Cl)nc1C,Zn2+,Cc1nnc(CSCc2ccc(Cl)cc2Cl)nc1C.[Zn+2],0.14907694
TRZ03751,Cc1nnc(C2C(=O)Nc3ccc(F)cc32)nc1C,Zn2+,Cc1nnc(C2C(=O)Nc3ccc(F)cc32)nc1C.[Zn+2],0.14857578
TRZ05557,Cc1nnc(-c2ncc(C(F)(F)F)cc2[N+](=O)[O-])nc1C,Zn2+,Cc1nnc(-c2ncc(C(F)(F)F)cc2[N+](=O)[O-])nc1C.[Zn+2],0.14799833
TRZ03197,Cc1nnc(C(C)(C)Oc2ccc(C(F)(F)F)cc2)nc1C,Zn2+,Cc1nnc(C(C)(C)Oc2ccc(C(F)(F)F)cc2)nc1C.[Zn+2],0.14716816
TRZ04928,Cc1nnc(-c2cncc(OCC(F)(F)F)c2F)nc1C,Zn2+,Cc1nnc(-c2cncc(OCC(F)(F)F)c2F)nc1C.[Zn+2],0.14641237
TRZ02810,Cc1nnc(-c2sc(-c3ccc(F)cc3)cc2N)nc1C,Zn2+,Cc1nnc(-c2sc(-c3ccc(F)cc3)cc2N)nc1C.[Zn+2],0.14622688
TRZ05702,Cc1nnc(-c2c(F)ccc3c2OCO3)nc1C,Zn2+,Cc1nnc(-c2c(F)ccc3c2OCO3)nc1C.[Zn+2],0.14386463
TRZ04916,Cc1nnc(CCn2c(=O)oc3ccc(-c4ccc(OC(F)(F)F)cc4)cc32)nc1C,Zn2+,Cc1nnc(CCn2c(=O)oc3ccc(-c4ccc(OC(F)(F)F)cc4)cc32)nc1C.[Zn+2],0.14185715
TRZ03044,Cc1nnc(CSc2ccc(F)cc2)nc1C,Zn2+,Cc1nnc(CSc2ccc(F)cc2)nc1C.[Zn+2],0.1410017
TRZ02746,Cc1nnc(C2=Cc3ccccc3NC2)nc1C,Zn2+,Cc1nnc(C2=Cc3ccccc3NC2)nc1C.[Zn+2],0.13685036
TRZ02446,COc1ccc(Cc2nc3ccccc3n2Cc2nnc(C)c(C)n2)cc1OC,Zn2+,COc1ccc(Cc2nc3ccccc3n2Cc2nnc(C)c(C)n2)cc1OC.[Zn+2],0.13423157
TRZ02899,Cc1nnc(-c2csc(-c3cnccc3C(F)(F)F)n2)nc1C,Zn2+,Cc1nnc(-c2csc(-c3cnccc3C(F)(F)F)n2)nc1C.[Zn+2],0.13059568
TRZ02231,Cc1nnc(-c2cn(Cc3nnc(C)n3N)c3cc(Cl)c(F)cc3c2=O)nc1C,Zn2+,Cc1nnc(-c2cn(Cc3nnc(C)n3N)c3cc(Cl)c(F)cc3c2=O)nc1C.[Zn+2],0.1277237
TRZ02586,Cc1nnc(-c2nn(-c3ccccc3)c3c2Cc2ccccc2-3)nc1C,Zn2+,Cc1nnc(-c2nn(-c3ccccc3)c3c2Cc2ccccc2-3)nc1C.[Zn+2],0.12753487
TRZ02447,C=C(C)Cn1c(SCc2nnc(C)c(C)n2)nnc1-c1ccc(Br)cc1,Zn2+,C=C(C)Cn1c(SCc2nnc(C)c(C)n2)nnc1-c1ccc(Br)cc1.[Zn+2],0.1258502
TRZ00773,Cc1nnc(-c2cc3cc([N+](=O)[O-])ccc3s2)nc1C,Zn2+,Cc1nnc(-c2cc3cc([N+](=O)[O-])ccc3s2)nc1C.[Zn+2],0.12574577
TRZ04712,Cc1cc(-c2nnc(C)c(C)n2)nc(Oc2cccc(C(F)(F)F)c2)n1,Zn2+,Cc1cc(-c2nnc(C)c(C)n2)nc(Oc2cccc(C(F)(F)F)c2)n1.[Zn+2],0.1243763
TRZ02344,Cc1nnc(CNC(=O)COc2ccc(Cl)cc2Cl)nc1C,Zn2+,Cc1nnc(CNC(=O)COc2ccc(Cl)cc2Cl)nc1C.[Zn+2],0.123637676
TRZ01789,Cc1nnc(-c2nc(-c3ccccc3)cc(N3Cc4ccccc4[C@@H]3C)n2)nc1C,Zn2+,Cc1nnc(-c2nc(-c3ccccc3)cc(N3Cc4ccccc4[C@@H]3C)n2)nc1C.[Zn+2],0.11942148
TRZ05873,Cc1nnc(-c2nc(C(F)(F)F)ccc2N)nc1C,Zn2+,Cc1nnc(-c2nc(C(F)(F)F)ccc2N)nc1C.[Zn+2],0.11788511
TRZ04184,Cc1nnc(C(=O)NCc2ccc(F)c(CF)c2)nc1C,Zn2+,Cc1nnc(C(=O)NCc2ccc(F)c(CF)c2)nc1C.[Zn+2],0.11692047
TRZ01524,COCCCn1c(SCc2nnc(C)c(C)n2)nnc1-c1ccc(C(F)(F)F)cc1,Zn2+,COCCCn1c(SCc2nnc(C)c(C)n2)nnc1-c1ccc(C(F)(F)F)cc1.[Zn+2],0.115525246
TRZ03039,Cc1nnc(-c2cc(-c3ccc(F)cc3)nn2C)nc1C,Zn2+,Cc1nnc(-c2cc(-c3ccc(F)cc3)nn2C)nc1C.[Zn+2],0.11290121
TRZ01551,Cc1nnc(-c2cc3ccc4ccccc4c3s2)nc1C,Zn2+,Cc1nnc(-c2cc3ccc4ccccc4c3s2)nc1C.[Zn+2],0.11137152
TRZ00622,Cc1nnc(-c2csc(-c3ccc(C(F)(F)F)cc3Cl)n2)nc1C,Zn2+,Cc1nnc(-c2csc(-c3ccc(C(F)(F)F)cc3Cl)n2)nc1C.[Zn+2],0.11137056
TRZ05240,Cc1nnc(-c2cc(N)cc(C(F)(F)F)n2)nc1C,Zn2+,Cc1nnc(-c2cc(N)cc(C(F)(F)F)n2)nc1C.[Zn+2],0.11098766
TRZ04619,Cc1nnc(CCn2nnc3ccc(-c4ccc(OC(F)(F)F)cc4)nc32)nc1C,Zn2+,Cc1nnc(CCn2nnc3ccc(-c4ccc(OC(F)(F)F)cc4)nc32)nc1C.[Zn+2],0.11038828
TRZ00407,COc1ccc2c(Cl)c(-c3nnc(C)c(C)n3)sc2c1,Zn2+,COc1ccc2c(Cl)c(-c3nnc(C)c(C)n3)sc2c1.[Zn+2],0.109315395
TRZ01538,Cc1nnc(CON=Cc2ccc(Cl)cc2Cl)nc1C,Zn2+,Cc1nnc(CON=Cc2ccc(Cl)cc2Cl)nc1C.[Zn+2],0.10823202
TRZ01074,Cc1nnc(CC(C)Nc2ccc3ccccc3c2)nc1C,Zn2+,Cc1nnc(CC(C)Nc2ccc3ccccc3c2)nc1C.[Zn+2],0.10721779
TRZ03811,Cc1nnc(-c2ncccc2C(F)(F)F)nc1C,Zn2+,Cc1nnc(-c2ncccc2C(F)(F)F)nc1C.[Zn+2],0.10575962
TRZ02091,Cc1nnc(C(=O)NCc2cccc(C(F)(F)F)c2)nc1C,Zn2+,Cc1nnc(C(=O)NCc2cccc(C(F)(F)F)c2)nc1C.[Zn+2],0.10086727
TRZ03188,Cc1nnc(C(C)(C)Oc2ccc(C(F)(F)F)cc2Cl)nc1C,Zn2+,Cc1nnc(C(C)(C)Oc2ccc(C(F)(F)F)cc2Cl)nc1C.[Zn+2],0.09920502
TRZ02535,CC1=C(c2nnc(C)c(C)n2)C(c2ccccc2)NC(=O)N1,Zn2+,CC1=C(c2nnc(C)c(C)n2)C(c2ccccc2)NC(=O)N1.[Zn+2],0.099161625
TRZ02860,Cc1nnc(C2CC(O)Cc3cc(F)ccc3N2)nc1C,Zn2+,Cc1nnc(C2CC(O)Cc3cc(F)ccc3N2)nc1C.[Zn+2],0.09837389
TRZ05433,Cc1nnc(-c2cn(C)nc2CF)nc1C,Zn2+,Cc1nnc(-c2cn(C)nc2CF)nc1C.[Zn+2],0.09446812
TRZ05393,Cc1nnc(C(Cc2cc(F)cc(F)c2)NC(=O)OC(C)(C)C)nc1C,Zn2+,Cc1nnc(C(Cc2cc(F)cc(F)c2)NC(=O)OC(C)(C)C)nc1C.[Zn+2],0.09174919
TRZ04911,Cc1nnc(-c2nc(=O)n(-c3ccccc3F)o2)nc1C,Zn2+,Cc1nnc(-c2nc(=O)n(-c3ccccc3F)o2)nc1C.[Zn+2],0.0908556
TRZ01746,Cc1nnc(-c2nc(-c3ccccc3)c(C)c(-c3ccccc3)n2)nc1C,Zn2+,Cc1nnc(-c2nc(-c3ccccc3)c(C)c(-c3ccccc3)n2)nc1C.[Zn+2],0.08949518
TRZ01361,Cc1nnc(CSc2c3ccccc3nc3c(C)cccc23)nc1C,Zn2+,Cc1nnc(CSc2c3ccccc3nc3c(C)cccc23)nc1C.[Zn+2],0.087884426
TRZ00311,Cc1nnc(Cn2c(-c3nonc3N)nc3ccccc32)nc1C,Zn2+,Cc1nnc(Cn2c(-c3nonc3N)nc3ccccc32)nc1C.[Zn+2],0.08066082
TRZ01194,Cc1nnc(-c2cccc(-c3nnc(C)c(C)n3)n2)nc1C,Zn2+,Cc1nnc(-c2cccc(-c3nnc(C)c(C)n3)n2)nc1C.[Zn+2],0.07684612
TRZ00650,CO/N=C1\CCCc2c(-c3nnc(C)c(C)n3)sc(SC)c21,Zn2+,CO/N=C1\CCCc2c(-c3nnc(C)c(C)n3)sc(SC)c21.[Zn+2],0.074043274
TRZ01750,Cc1nnc(-c2nc(-c3cccc(F)c3)cc(-c3cccc(F)c3)n2)nc1C,Zn2+,Cc1nnc(-c2nc(-c3cccc(F)c3)cc(-c3cccc(F)c3)n2)nc1C.[Zn+2],0.07299709
TRZ03267,CCOC(=O)C1CCC(Oc2ccc(NC(=O)c3nnc(C)c(C)n3)c(F)c2)CC1,Zn2+,CCOC(=O)C1CCC(Oc2ccc(NC(=O)c3nnc(C)c(C)n3)c(F)c2)CC1.[Zn+2],0.07211733
TRZ01743,Cc1nnc(-c2nc(-c3ccccc3)cc(C3CCCCC3)n2)nc1C,Zn2+,Cc1nnc(-c2nc(-c3ccccc3)cc(C3CCCCC3)n2)nc1C.[Zn+2],0.071867466
TRZ02090,Cc1nnc(C(=O)NCc2cccc(F)c2)nc1C,Zn2+,Cc1nnc(C(=O)NCc2cccc(F)c2)nc1C.[Zn+2],0.07141876
TRZ05088,Cc1nnc([C@]2(F)CCCN(C(=O)OCc3ccccc3)C2)nc1C,Zn2+,Cc1nnc([C@]2(F)CCCN(C(=O)OCc3ccccc3)C2)nc1C.[Zn+2],0.07104874
TRZ00037,Cc1ccc(NC(=O)c2nnc(C)c(C)n2)cc1,Zn2+,Cc1ccc(NC(=O)c2nnc(C)c(C)n2)cc1.[Zn+2],0.07028437
TRZ01919,CCOC(=O)c1c(C)c(-c2ccccc2)n(CCc2nnc(C)c(C)n2)c1C,Zn2+,CCOC(=O)c1c(C)c(-c2ccccc2)n(CCc2nnc(C)c(C)n2)c1C.[Zn+2],0.06895065
TRZ03914,Cc1nnc(-c2cnc(OCC(F)(F)F)c(-c3ccc(Cl)c(F)c3)c2)nc1C,Zn2+,Cc1nnc(-c2cnc(OCC(F)(F)F)c(-c3ccc(Cl)c(F)c3)c2)nc1C.[Zn+2],0.06892204
TRZ00782,Cc1nnc(-c2ccccc2NC(=O)c2ccccc2)nc1C,Zn2+,Cc1nnc(-c2ccccc2NC(=O)c2ccccc2)nc1C.[Zn+2],0.06861162
TRZ01752,COc1cc(-c2ccccc2)nc(-c2nnc(C)c(C)n2)n1,Zn2+,COc1cc(-c2ccccc2)nc(-c2nnc(C)c(C)n2)n1.[Zn+2],0.06830406
TRZ00329,Cc1nnc(-c2sccc2OCc2ccc(Cl)cc2)nc1C,Zn2+,Cc1nnc(-c2sccc2OCc2ccc(Cl)cc2)nc1C.[Zn+2],0.067908764
TRZ00147,Cc1nnc(-c2sc(-c3ccc(Cl)cc3)nc2C)nc1C,Zn2+,Cc1nnc(-c2sc(-c3ccc(Cl)cc3)nc2C)nc1C.[Zn+2],0.06642914
TRZ05686,Cc1nnc(-c2ncc(F)cc2C2CCN(C(=O)OC(C)(C)C)CC2)nc1C,Zn2+,Cc1nnc(-c2ncc(F)cc2C2CCN(C(=O)OC(C)(C)C)CC2)nc1C.[Zn+2],0.06333685
TRZ03883,Cc1nnc(C=Cn2cnc(-c3cc(OC(C)C)nc(C(F)(F)F)c3)n2)nc1C,Zn2+,Cc1nnc(C=Cn2cnc(-c3cc(OC(C)C)nc(C(F)(F)F)c3)n2)nc1C.[Zn+2],0.06330538
TRZ05773,Cc1nnc(C(CCCC2OC=CO2)(OCc2ccccc2)C(F)(F)F)nc1C,Zn2+,Cc1nnc(C(CCCC2OC=CO2)(OCc2ccccc2)C(F)(F)F)nc1C.[Zn+2],0.06305456
TRZ05694,Cc1cnc(OC(F)F)c(-c2nnc(C)c(C)n2)c1,Zn2+,Cc1cnc(OC(F)F)c(-c2nnc(C)c(C)n2)c1.[Zn+2],0.061873436
TRZ05514,Cc1nnc(-c2cc(-c3cncc(F)c3)cc(C(F)F)n2)nc1C,Zn2+,Cc1nnc(-c2cc(-c3cncc(F)c3)cc(C(F)F)n2)nc1C.[Zn+2],0.059749603
TRZ01851,Cc1nnc(-c2cccnc2C(F)(F)F)nc1C,Zn2+,Cc1nnc(-c2cccnc2C(F)(F)F)nc1C.[Zn+2],0.05968094
TRZ02870,Cc1nnc(COc2ccc(C(F)(F)F)cc2[N+](=O)[O-])nc1C,Zn2+,Cc1nnc(COc2ccc(C(F)(F)F)cc2[N+](=O)[O-])nc1C.[Zn+2],0.058329105
TRZ01073,COc1ccc2cc(NC(C)c3nnc(C)c(C)n3)ccc2c1,Zn2+,COc1ccc2cc(NC(C)c3nnc(C)c(C)n3)ccc2c1.[Zn+2],0.05537367
TRZ00944,Cc1nnc(C(C)Oc2ccc(F)cc2)nc1C,Zn2+,Cc1nnc(C(C)Oc2ccc(F)cc2)nc1C.[Zn+2],0.05270481
TRZ02642,Cc1nnc(CCn2ccc3ccccc32)nc1C,Zn2+,Cc1nnc(CCn2ccc3ccccc32)nc1C.[Zn+2],0.0516181
TRZ03342,Cc1nnc([C@H]2CCCN(C(=O)c3ccc(F)cc3)C2)nc1C,Zn2+,Cc1nnc([C@H]2CCCN(C(=O)c3ccc(F)cc3)C2)nc1C.[Zn+2],0.050965786
TRZ00662,Cc1nnc(-c2nn(-c3ccc(Cl)cc3)c(=O)c(C#N)c2C)nc1C,Zn2+,Cc1nnc(-c2nn(-c3ccc(Cl)cc3)c(=O)c(C#N)c2C)nc1C.[Zn+2],0.049865246
TRZ01554,Cc1nnc(-c2cnn(-c3ccc([N+](=O)[O-])cc3)c2C(F)(F)F)nc1C,Zn2+,Cc1nnc(-c2cnn(-c3ccc([N+](=O)[O-])cc3)c2C(F)(F)F)nc1C.[Zn+2],0.0474205
TRZ00221,Cc1nnc(-c2n[nH]c3c2CCCC3)nc1C,Zn2+,Cc1nnc(-c2n[nH]c3c2CCCC3)nc1C.[Zn+2],0.046236515
TRZ00363,COc1ccc(N(C)c2nc(C)nc3ccccc23)cc1OC1(c2nnc(C)c(C)n2)CCC1,Zn2+,COc1ccc(N(C)c2nc(C)nc3ccccc23)cc1OC1(c2nnc(C)c(C)n2)CCC1.[Zn+2],0.04523897
TRZ04609,Cc1nnc(CCn2c(=O)oc3ccc(-c4ccc(OC(F)(F)F)cc4)nc32)nc1C,Zn2+,Cc1nnc(CCn2c(=O)oc3ccc(-c4ccc(OC(F)(F)F)cc4)nc32)nc1C.[Zn+2],0.04188013
TRZ00054,Cc1nnc(C(=O)Nc2ccc(Cl)c(Cl)c2)nc1C,Zn2+,Cc1nnc(C(=O)Nc2ccc(Cl)c(Cl)c2)nc1C.[Zn+2],0.04160881
TRZ03157,Cc1nnc(Cn2c(C(F)F)cc3c(Cl)c(C#N)ccc32)nc1C,Zn2+,Cc1nnc(Cn2c(C(F)F)cc3c(Cl)c(C#N)ccc32)nc1C.[Zn+2],0.040535927
TRZ02102,Cc1nnc(C(=O)NCc2cc(C(F)(F)F)cc(C(F)(F)F)c2)nc1C,Zn2+,Cc1nnc(C(=O)NCc2cc(C(F)(F)F)cc(C(F)(F)F)c2)nc1C.[Zn+2],0.0393157
TRZ03113,Cc1nnc(-c2c(Cl)cc(C(F)(F)F)cc2[N+](=O)[O-])nc1C,Zn2+,Cc1nnc(-c2c(Cl)cc(C(F)(F)F)cc2[N+](=O)[O-])nc1C.[Zn+2],0.038770676
TRZ00217,Cc1nnc(COc2ccc3ccccc3c2)nc1C,Zn2+,Cc1nnc(COc2ccc3ccccc3c2)nc1C.[Zn+2],0.03624916
TRZ01511,COc1cc(/C=C(/NC(=O)c2ccccc2)c2nnc(C)c(C)n2)cc(OC)c1OC,Zn2+,COc1cc(/C=C(/NC(=O)c2ccccc2)c2nnc(C)c(C)n2)cc(OC)c1OC.[Zn+2],0.03578806
TRZ05021,Cc1nnc(-c2ncc(C3=CC=C(OC(F)(F)F)CC3)o2)nc1C,Zn2+,Cc1nnc(-c2ncc(C3=CC=C(OC(F)(F)F)CC3)o2)nc1C.[Zn+2],0.034453392
TRZ01103,CCn1cc(-c2nnc(C)c(C)n2)c(=O)c2cc(F)c(Cl)cc21,Zn2+,CCn1cc(-c2nnc(C)c(C)n2)c(=O)c2cc(F)c(Cl)cc21.[Zn+2],0.034317017
TRZ01385,CN/C(=C\c1ccc2ccccc2c1)c1nnc(C)c(C)n1,Zn2+,CN/C(=C\c1ccc2ccccc2c1)c1nnc(C)c(C)n1.[Zn+2],0.03392315
TRZ01138,Cc1nnc(-c2ccnc(-c3nnc(C)c(C)n3)c2)nc1C,Zn2+,Cc1nnc(-c2ccnc(-c3nnc(C)c(C)n3)c2)nc1C.[Zn+2],0.03290701
TRZ01497,Cc1ccc(NCc2nnc(C)c(C)n2)cc1F,Zn2+,Cc1ccc(NCc2nnc(C)c(C)n2)cc1F.[Zn+2],0.03238392
TRZ02129,Cc1nnc(CNC(=O)CNC(=O)c2ccccc2)nc1C,Zn2+,Cc1nnc(CNC(=O)CNC(=O)c2ccccc2)nc1C.[Zn+2],0.03158903
TRZ00265,COc1ccc(OC)c(NC(=O)N[C@H](Cc2ccccc2)c2nnc(C)c(C)n2)c1,Zn2+,COc1ccc(OC)c(NC(=O)N[C@H](Cc2ccccc2)c2nnc(C)c(C)n2)c1.[Zn+2],0.03155613
TRZ01983,Cc1nnc(CSc2ccc3ccccc3c2)nc1C,Zn2+,Cc1nnc(CSc2ccc3ccccc3c2)nc1C.[Zn+2],0.030979633
TRZ03543,Cc1nnc(-c2csc(-c3ccc(F)cc3)n2)nc1C,Zn2+,Cc1nnc(-c2csc(-c3ccc(F)cc3)n2)nc1C.[Zn+2],0.02902174
TRZ05574,COc1nc(OCc2c(-c3ccc(F)cc3)noc2C)ccc1-c1nnc(C)c(C)n1,Zn2+,COc1nc(OCc2c(-c3ccc(F)cc3)noc2C)ccc1-c1nnc(C)c(C)n1.[Zn+2],0.024943829
TRZ03585,CCOc1cc(OCC(F)(F)F)c2nc(-c3nnc(C)c(C)n3)cc(C)c2c1,Zn2+,CCOc1cc(OCC(F)(F)F)c2nc(-c3nnc(C)c(C)n3)cc(C)c2c1.[Zn+2],0.024892807
TRZ02036,Cc1nnc(-c2sc3ccccc3c2N)nc1C,Zn2+,Cc1nnc(-c2sc3ccccc3c2N)nc1C.[Zn+2],0.022834301
TRZ03329,Cc1nnc(CCN(C)c2ccc(F)cc2)nc1C,Zn2+,Cc1nnc(CCN(C)c2ccc(F)cc2)nc1C.[Zn+2],0.021591187
TRZ02954,Cc1nnc(-c2nc(C)n3c2CN=C(c2ccccc2F)c2cc(Cl)ccc2-3)nc1C,Zn2+,Cc1nnc(-c2nc(C)n3c2CN=C(c2ccccc2F)c2cc(Cl)ccc2-3)nc1C.[Zn+2],0.021467209
TRZ04850,Cc1nnc(-c2cc(F)c(N3CCCC3)c(Cl)c2NC2CC2)nc1C,Zn2+,Cc1nnc(-c2cc(F)c(N3CCCC3)c(Cl)c2NC2CC2)nc1C.[Zn+2],0.021045685
TRZ05479,Cc1nnc(-c2ccc(OC(F)(F)F)cc2NC(=O)Nc2cc(F)cc(F)c2)nc1C,Zn2+,Cc1nnc(-c2ccc(OC(F)(F)F)cc2NC(=O)Nc2cc(F)cc(F)c2)nc1C.[Zn+2],0.021008968
TRZ01892,COc1cc(NC(=O)C23CC4CC(CC(C4)C2)C3)c(-c2nnc(C)c(C)n2)cc1OC,Zn2+,COc1cc(NC(=O)C23CC4CC(CC(C4)C2)C3)c(-c2nnc(C)c(C)n2)cc1OC.[Zn+2],0.018733978
TRZ00467,Cc1nnc(CSc2ccccc2[N+](=O)[O-])nc1C,Zn2+,Cc1nnc(CSc2ccccc2[N+](=O)[O-])nc1C.[Zn+2],0.018652916
TRZ05279,Cc1nnc(-c2cc(Cl)ccc2OC(F)(F)F)nc1C,Zn2+,Cc1nnc(-c2cc(Cl)ccc2OC(F)(F)F)nc1C.[Zn+2],0.015470028
TRZ01559,Cc1nnc(Cc2cc(=O)n(-c3ccc(F)cc3)[nH]2)nc1C,Zn2+,Cc1nnc(Cc2cc(=O)n(-c3ccc(F)cc3)[nH]2)nc1C.[Zn+2],0.015441418
TRZ05318,Cc1nnc(Cc2ncncc2F)nc1C,Zn2+,Cc1nnc(Cc2ncncc2F)nc1C.[Zn+2],0.014977455
TRZ04864,Cc1nnc(C(Br)Nc2ccc(F)cc2)nc1C,Zn2+,Cc1nnc(C(Br)Nc2ccc(F)cc2)nc1C.[Zn+2],0.014732838
TRZ02652,COc1ccc2nc(-c3nnc(C)c(C)n3)sc2c1,Zn2+,COc1ccc2nc(-c3nnc(C)c(C)n3)sc2c1.[Zn+2],0.014554024
TRZ05035,Cc1nnc(-c2cn(Cc3ccc(C(F)(F)F)cc3C3CC3)nc2CF)nc1C,Zn2+,Cc1nnc(-c2cn(Cc3ccc(C(F)(F)F)cc3C3CC3)nc2CF)nc1C.[Zn+2],0.013504505
TRZ00142,Cc1nnc(CCn2nnc3ccccc32)nc1C,Zn2+,Cc1nnc(CCn2nnc3ccccc32)nc1C.[Zn+2],0.012804508
TRZ00324,Cc1nnc(CNc2cccc(Br)c2)nc1C,Zn2+,Cc1nnc(CNc2cccc(Br)c2)nc1C.[Zn+2],0.012170792
TRZ03967,Cc1nnc(-c2cccn2C(F)F)nc1C,Zn2+,Cc1nnc(-c2cccn2C(F)F)nc1C.[Zn+2],0.011018276
TRZ02032,Cc1nnc(CCn2c(C)nc3ccccc32)nc1C,Zn2+,Cc1nnc(CCn2c(C)nc3ccccc32)nc1C.[Zn+2],0.0099749565
TRZ04930,Cc1nnc(-c2nccc(OCC(F)(F)F)c2Br)nc1C,Zn2+,Cc1nnc(-c2nccc(OCC(F)(F)F)c2Br)nc1C.[Zn+2],0.009530067
TRZ02717,Cc1nnc(-c2coc(-c3ccccc3)n2)nc1C,Zn2+,Cc1nnc(-c2coc(-c3ccccc3)n2)nc1C.[Zn+2],0.008956909
TRZ03953,Cc1nnc(-c2c(OCC(F)(F)F)cccc2OCC(F)(F)F)nc1C,Zn2+,Cc1nnc(-c2c(OCC(F)(F)F)cccc2OCC(F)(F)F)nc1C.[Zn+2],0.008191109
TRZ00877,CCOc1ccccc1-c1nnc(C)c(C)n1,Zn2+,CCOc1ccccc1-c1nnc(C)c(C)n1.[Zn+2],0.0072870255
TRZ00597,Cc1cc(C)c2c(N)c(-c3nnc(C)c(C)n3)sc2n1,Zn2+,Cc1cc(C)c2c(N)c(-c3nnc(C)c(C)n3)sc2n1.[Zn+2],0.005993843
TRZ05408,C=CCCN(C)c1nc(-c2nnc(C)c(C)n2)c([N+](=O)[O-])cc1C(F)(F)F,Zn2+,C=CCCN(C)c1nc(-c2nnc(C)c(C)n2)c([N+](=O)[O-])cc1C(F)(F)F.[Zn+2],0.005039215
TRZ02326,COc1ccc2c(c1)cc(-c1nnc(C)c(C)n1)n2C,Zn2+,COc1ccc2c(c1)cc(-c1nnc(C)c(C)n1)n2C.[Zn+2],0.0041747093
TRZ05273,COc1ccc(-c2nnc(C)c(C)n2)c(OC(F)(F)F)c1,Zn2+,COc1ccc(-c2nnc(C)c(C)n2)c(OC(F)(F)F)c1.[Zn+2],0.0037436485
TRZ02207,Cc1nnc(-c2nnn(-c3cc(C(F)(F)F)nc4c(C(F)(F)F)cccc34)c2C)nc1C,Zn2+,Cc1nnc(-c2nnn(-c3cc(C(F)(F)F)nc4c(C(F)(F)F)cccc34)c2C)nc1C.[Zn+2],0.0019946098
TRZ03558,Cc1nnc(COc2ncccc2C(F)(F)F)nc1C,Zn2+,Cc1nnc(COc2ncccc2C(F)(F)F)nc1C.[Zn+2],0.0012583733
TRZ02473,Cc1nnc(C2CCCN(S(=O)(=O)c3cccs3)C2)nc1C,Zn2+,Cc1nnc(C2CCCN(S(=O)(=O)c3cccs3)C2)nc1C.[Zn+2],-0.0014476776
TRZ01225,Cc1nnc(C(C)Oc2ccc3ccccc3c2)nc1C,Zn2+,Cc1nnc(C(C)Oc2ccc3ccccc3c2)nc1C.[Zn+2],-0.0029239655
TRZ00072,Cc1nnc(-c2nc3ccccc3s2)nc1C,Zn2+,Cc1nnc(-c2nc3ccccc3s2)nc1C.[Zn+2],-0.003127098
TRZ04204,Cc1nnc(-c2nc(C(=O)N3CCC(F)CC3)cs2)nc1C,Zn2+,Cc1nnc(-c2nc(C(=O)N3CCC(F)CC3)cs2)nc1C.[Zn+2],-0.004827976
TRZ05790,Cc1nnc(-c2c(-c3ccc(F)cc3)[nH]c3cc(F)c(F)cc23)nc1C,Zn2+,Cc1nnc(-c2c(-c3ccc(F)cc3)[nH]c3cc(F)c(F)cc23)nc1C.[Zn+2],-0.005188942
TRZ00326,Cc1nnc(COc2ccccc2[N+](=O)[O-])nc1C,Zn2+,Cc1nnc(COc2ccccc2[N+](=O)[O-])nc1C.[Zn+2],-0.006383419
TRZ01159,Cc1nnc(CC(=O)NCc2ccco2)nc1C,Zn2+,Cc1nnc(CC(=O)NCc2ccco2)nc1C.[Zn+2],-0.006456375
TRZ02714,Cc1nnc(-c2ccccc2OS)nc1C,Zn2+,Cc1nnc(-c2ccccc2OS)nc1C.[Zn+2],-0.009105206
TRZ05291,Cc1nnc(C2(F)CCCN(C(O)OCc3ccccc3)C2)nc1C,Zn2+,Cc1nnc(C2(F)CCCN(C(O)OCc3ccccc3)C2)nc1C.[Zn+2],-0.010316372
TRZ05339,COc1ccc(-c2nnc(C)c(C)n2)c(NC(=O)Nc2cc(F)cc(F)c2)c1,Zn2+,COc1ccc(-c2nnc(C)c(C)n2)c(NC(=O)Nc2cc(F)cc(F)c2)c1.[Zn+2],-0.010944843
TRZ00778,Cc1nnc(C(C)Oc2ccc(Cl)cc2)nc1C,Zn2+,Cc1nnc(C(C)Oc2ccc(Cl)cc2)nc1C.[Zn+2],-0.011167049
TRZ00728,COc1cc(C(=O)NCc2nnc(C)c(C)n2)cc(OC)c1OC,Zn2+,COc1cc(C(=O)NCc2nnc(C)c(C)n2)cc(OC)c1OC.[Zn+2],-0.012597561
TRZ05456,Cc1nnc(-c2ccnc(N3C[C@@H]4C(COc5cccnc5C(F)(F)F)[C@@H]4C3)n2)nc1C,Zn2+,Cc1nnc(-c2ccnc(N3C[C@@H]4C(COc5cccnc5C(F)(F)F)[C@@H]4C3)n2)nc1C.[Zn+2],-0.013097286
TRZ03738,Cc1nnc(CSc2nnc(-c3ccc(F)cc3)n2C2CCCCC2)nc1C,Zn2+,Cc1nnc(CSc2nnc(-c3ccc(F)cc3)n2C2CCCCC2)nc1C.[Zn+2],-0.014337063
TRZ03981,Cc1nnc(-c2cn3c(ccc4c(C(F)(F)F)nc(C(F)(F)F)nc43)n2)nc1C,Zn2+,Cc1nnc(-c2cn3c(ccc4c(C(F)(F)F)nc(C(F)(F)F)nc43)n2)nc1C.[Zn+2],-0.014555454
TRZ01864,Cc1nnc(COc2ccccc2C(C)(C)C)nc1C,Zn2+,Cc1nnc(COc2ccccc2C(C)(C)C)nc1C.[Zn+2],-0.017626762
TRZ04611,COCC=Cc1c(-c2nnc(C)c(C)n2)ncc(C(F)(F)F)c1I,Zn2+,COCC=Cc1c(-c2nnc(C)c(C)n2)ncc(C(F)(F)F)c1I.[Zn+2],-0.018256187
TRZ01118,Cc1nnc(-c2nc(-c3ccc(OC(F)(F)F)cc3)no2)nc1C,Zn2+,Cc1nnc(-c2nc(-c3ccc(OC(F)(F)F)cc3)no2)nc1C.[Zn+2],-0.019400597
TRZ03165,Cc1nnc(-c2cc3cc(F)ccc3cn2)nc1C,Zn2+,Cc1nnc(-c2cc3cc(F)ccc3cn2)nc1C.[Zn+2],-0.02039051
TRZ00146,Cc1nnc(-c2csc(-c3ccccc3)n2)nc1C,Zn2+,Cc1nnc(-c2csc(-c3ccccc3)n2)nc1C.[Zn+2],-0.020605087
TRZ03972,Cc1nnc(-c2cc(-c3ccc(OC(F)(F)F)cc3)no2)nc1C,Zn2+,Cc1nnc(-c2cc(-c3ccc(OC(F)(F)F)cc3)no2)nc1C.[Zn+2],-0.020885944
TRZ05330,Cc1nnc(-c2ccc(Br)cc2NC(=O)Nc2cc(F)cc(F)c2)nc1C,Zn2+,Cc1nnc(-c2ccc(Br)cc2NC(=O)Nc2cc(F)cc(F)c2)nc1C.[Zn+2],-0.022080421
TRZ05481,Cc1nnc(-c2ccc(OC(F)(F)F)cc2NC(N)=O)nc1C,Zn2+,Cc1nnc(-c2ccc(OC(F)(F)F)cc2NC(N)=O)nc1C.[Zn+2],-0.02217722
TRZ03910,COc1ccc(Cn2nc(C(F)(F)F)cc2-c2nnc(C)c(C)n2)cc1,Zn2+,COc1ccc(Cn2nc(C(F)(F)F)cc2-c2nnc(C)c(C)n2)cc1.[Zn+2],-0.022563934
TRZ01338,Cc1cc(OC(C)(C)c2nnc(C)c(C)n2)ccc1Cl,Zn2+,Cc1cc(OC(C)(C)c2nnc(C)c(C)n2)ccc1Cl.[Zn+2],-0.022611141
TRZ00575,COc1cc(Nc2cc3c(cc2-c2nnc(C)c(C)n2)OCO3)cc(OC)c1OC,Zn2+,COc1cc(Nc2cc3c(cc2-c2nnc(C)c(C)n2)OCO3)cc(OC)c1OC.[Zn+2],-0.026248455
TRZ01667,Cc1nnc(-c2cn(C3CC3)c3cc(Cl)c(F)cc3c2=O)nc1C,Zn2+,Cc1nnc(-c2cn(C3CC3)c3cc(Cl)c(F)cc3c2=O)nc1C.[Zn+2],-0.029043674
TRZ00399,Cc1nnc(-c2sc(-c3cccs3)nc2C)nc1C,Zn2+,Cc1nnc(-c2sc(-c3cccs3)nc2C)nc1C.[Zn+2],-0.030938625
TRZ01620,Cc1nnc(-c2sc(NC(=O)Nc3ccccc3)nc2C)nc1C,Zn2+,Cc1nnc(-c2sc(NC(=O)Nc3ccccc3)nc2C)nc1C.[Zn+2],-0.031354427
TRZ03966,Cc1nnc(-c2cccn2CF)nc1C,Zn2+,Cc1nnc(-c2cccn2CF)nc1C.[Zn+2],-0.033884525
TRZ04942,Cc1nnc(-c2ccccc2NC(=O)c2cccc(F)c2)nc1C,Zn2+,Cc1nnc(-c2ccccc2NC(=O)c2cccc(F)c2)nc1C.[Zn+2],-0.035355568
TRZ02082,Cc1nnc(-c2cccc(F)n2)nc1C,Zn2+,Cc1nnc(-c2cccc(F)n2)nc1C.[Zn+2],-0.03572607
TRZ00627,Cc1nnc(-c2noc(C)c2-c2csc(COc3ccccc3)n2)nc1C,Zn2+,Cc1nnc(-c2noc(C)c2-c2csc(COc3ccccc3)n2)nc1C.[Zn+2],-0.037858963
TRZ02353,CCCCOc1ccc(OCc2nnc(C)c(C)n2)cc1,Zn2+,CCCCOc1ccc(OCc2nnc(C)c(C)n2)cc1.[Zn+2],-0.03883791
TRZ03870,Cc1nnc(/C=C\n2cnc(-c3cc(C#N)cc(C(F)(F)F)c3)n2)nc1C,Zn2+,Cc1nnc(/C=C\n2cnc(-c3cc(C#N)cc(C(F)(F)F)c3)n2)nc1C.[Zn+2],-0.039661884
TRZ03199,Cc1nnc(C(C)(C)Oc2cccc(F)c2)nc1C,Zn2+,Cc1nnc(C(C)(C)Oc2cccc(F)c2)nc1C.[Zn+2],-0.04030323
TRZ02346,CCOc1cc(C(=O)NCc2nnc(C)c(C)n2)cc(OCC)c1OCC,Zn2+,CCOc1cc(C(=O)NCc2nnc(C)c(C)n2)cc(OCC)c1OCC.[Zn+2],-0.042560577
TRZ02789,CCN(CC)Cc1cc(Br)ccc1OCc1nnc(C)c(C)n1,Zn2+,CCN(CC)Cc1cc(Br)ccc1OCc1nnc(C)c(C)n1.[Zn+2],-0.045121193
TRZ02327,CCn1c(SCc2nnc(C)c(C)n2)nc2ccccc21,Zn2+,CCn1c(SCc2nnc(C)c(C)n2)nc2ccccc21.[Zn+2],-0.047472477
TRZ02475,Cc1ccccc1-n1nnnc1SCc1nnc(C)c(C)n1,Zn2+,Cc1ccccc1-n1nnnc1SCc1nnc(C)c(C)n1.[Zn+2],-0.048160553
TRZ03960,Cc1nnc(/C=C\n2cnc(-c3cc(C(F)(F)F)cc(C(F)(F)F)c3)n2)nc1C,Zn2+,Cc1nnc(/C=C\n2cnc(-c3cc(C(F)(F)F)cc(C(F)(F)F)c3)n2)nc1C.[Zn+2],-0.048990726
TRZ02916,Cc1nnc([C@H](C)Oc2ccccc2F)nc1C,Zn2+,Cc1nnc([C@H](C)Oc2ccccc2F)nc1C.[Zn+2],-0.049168587
TRZ00043,Cc1nnc(Cn2nc(C)c(Br)c2C)nc1C,Zn2+,Cc1nnc(Cn2nc(C)c(Br)c2C)nc1C.[Zn+2],-0.049646378
TRZ02313,Cc1nnc(-c2c(-c3ccccc3)nc3n(C)c4ccccc4n23)nc1C,Zn2+,Cc1nnc(-c2c(-c3ccccc3)nc3n(C)c4ccccc4n23)nc1C.[Zn+2],-0.049647808
TRZ00423,Cc1nnc(Cc2cccs2)nc1C,Zn2+,Cc1nnc(Cc2cccs2)nc1C.[Zn+2],-0.04987669
TRZ05700,Cc1nnc(-c2cc(F)cnc2OC(F)F)nc1C,Zn2+,Cc1nnc(-c2cc(F)cnc2OC(F)F)nc1C.[Zn+2],-0.050473213
TRZ05399,Cc1nnc(-c2cnn(C3CC3)c2C(F)(F)F)nc1C,Zn2+,Cc1nnc(-c2cnn(C3CC3)c2C(F)(F)F)nc1C.[Zn+2],-0.0508914
TRZ05327,Cc1nnc(-c2ccc(Cl)cc2NC(=O)Nc2cc(F)cc(F)c2)nc1C,Zn2+,Cc1nnc(-c2ccc(Cl)cc2NC(=O)Nc2cc(F)cc(F)c2)nc1C.[Zn+2],-0.05219698
TRZ05392,Cc1nnc([C@H](CC(C)C)NC(=O)/C=C/c2ccc(Cl)cc2F)nc1C,Zn2+,Cc1nnc([C@H](CC(C)C)NC(=O)/C=C/c2ccc(Cl)cc2F)nc1C.[Zn+2],-0.05502653
TRZ05317,Cc1nnc(Cc2ncccc2C(F)F)nc1C,Zn2+,Cc1nnc(Cc2ncccc2C(F)F)nc1C.[Zn+2],-0.05504322
TRZ03011,Cc1nnc(-c2c(NC=O)cccc2C(F)(F)F)nc1C,Zn2+,Cc1nnc(-c2c(NC=O)cccc2C(F)(F)F)nc1C.[Zn+2],-0.056346893
TRZ00436,Cc1nnc(-c2ccccc2OC(F)(F)F)nc1C,Zn2+,Cc1nnc(-c2ccccc2OC(F)(F)F)nc1C.[Zn+2],-0.05641365
TRZ03965,Cc1nnc(Cc2nc3c(F)cc(-c4ccccc4)cc3s2)nc1C,Zn2+,Cc1nnc(Cc2nc3c(F)cc(-c4ccccc4)cc3s2)nc1C.[Zn+2],-0.058199406
TRZ02398,Cc1nnc(-c2cc(C(C)(C)C)on2)nc1C,Zn2+,Cc1nnc(-c2cc(C(C)(C)C)on2)nc1C.[Zn+2],-0.05883646
TRZ01459,Cc1ccc(-n2ncc(-c3nnc(C)c(C)n3)c2C(F)(F)F)cc1,Zn2+,Cc1ccc(-n2ncc(-c3nnc(C)c(C)n3)c2C(F)(F)F)cc1.[Zn+2],-0.060637474
TRZ01536,Cc1nnc(COc2ccc(SC(F)(F)F)cc2)nc1C,Zn2+,Cc1nnc(COc2ccc(SC(F)(F)F)cc2)nc1C.[Zn+2],-0.060776234
TRZ02821,Cc1nc(C(F)(F)F)ccc1-c1nnc(C)c(C)n1,Zn2+,Cc1nc(C(F)(F)F)ccc1-c1nnc(C)c(C)n1.[Zn+2],-0.061110497
TRZ05277,Cc1nnc(-c2ccc(Cl)cc2OC(F)F)nc1C,Zn2+,Cc1nnc(-c2ccc(Cl)cc2OC(F)F)nc1C.[Zn+2],-0.06256676
TRZ02407,Cc1cc(NC(=O)c2nnc(C)c(C)n2)no1,Zn2+,Cc1cc(NC(=O)c2nnc(C)c(C)n2)no1.[Zn+2],-0.065238
TRZ01886,Cc1nnc(CSc2ccnc(C#N)c2)nc1C,Zn2+,Cc1nnc(CSc2ccnc(C#N)c2)nc1C.[Zn+2],-0.066203594
TRZ03438,Cc1nnc(-c2nn(Cc3ccc(F)cc3Cl)c3cc(F)ccc23)nc1C,Zn2+,Cc1nnc(-c2nn(Cc3ccc(F)cc3Cl)c3cc(F)ccc23)nc1C.[Zn+2],-0.0692811
TRZ03030,Cc1nnc(-c2ccccc2OC(=O)C(F)(F)F)nc1C,Zn2+,Cc1nnc(-c2ccccc2OC(=O)C(F)(F)F)nc1C.[Zn+2],-0.069340706
TRZ03693,Cc1nnc(-c2nc3ccnn3c(F)c2Nc2ccc(Br)cc2F)nc1C,Zn2+,Cc1nnc(-c2nc3ccnn3c(F)c2Nc2ccc(Br)cc2F)nc1C.[Zn+2],-0.07003307
TRZ00411,Cc1nnc(COc2cccc(C(F)(F)F)c2)nc1C,Zn2+,Cc1nnc(COc2cccc(C(F)(F)F)c2)nc1C.[Zn+2],-0.07450771
TRZ05091,Cc1nnc(C2(F)CCCN(C(=O)OCc3ccccc3)C2)nc1C,Zn2+,Cc1nnc(C2(F)CCCN(C(=O)OCc3ccccc3)C2)nc1C.[Zn+2],-0.07563257
TRZ02409,Cc1nnc(-c2sccc2N(C)C)nc1C,Zn2+,Cc1nnc(-c2sccc2N(C)C)nc1C.[Zn+2],-0.07875109
TRZ05103,C=Cc1cccc(F)c1C(O)c1nnc(C)c(C)n1,Zn2+,C=Cc1cccc(F)c1C(O)c1nnc(C)c(C)n1.[Zn+2],-0.07914448
TRZ00437,Cc1nnc(COc2ccc(OC(F)(F)F)cc2)nc1C,Zn2+,Cc1nnc(COc2ccc(OC(F)(F)F)cc2)nc1C.[Zn+2],-0.080189705
TRZ02743,Cc1nnc(-c2cc3cccnc3s2)nc1C,Zn2+,Cc1nnc(-c2cc3cccnc3s2)nc1C.[Zn+2],-0.080871105
TRZ00590,Cc1nnc(-c2c(C)nc3sccn23)nc1C,Zn2+,Cc1nnc(-c2c(C)nc3sccn23)nc1C.[Zn+2],-0.08296347
TRZ01894,Cc1nnc(-c2csc(C(C)N)n2)nc1C,Zn2+,Cc1nnc(-c2csc(C(C)N)n2)nc1C.[Zn+2],-0.083508015
TRZ02217,CC1=C(c2nnc(C)c(C)n2)C(c2ccccc2F)NC(=O)N1,Zn2+,CC1=C(c2nnc(C)c(C)n2)C(c2ccccc2F)NC(=O)N1.[Zn+2],-0.08570576
TRZ02005,Cc1nnc(C(=O)Nc2ccc(Cl)cc2Cl)nc1C,Zn2+,Cc1nnc(C(=O)Nc2ccc(Cl)cc2Cl)nc1C.[Zn+2],-0.086936474
TRZ05794,C=CC[C@@H](C)Oc1nc(-c2nnc(C)c(C)n2)c([N+](=O)[O-])cc1C(F)(F)F,Zn2+,C=CC[C@@H](C)Oc1nc(-c2nnc(C)c(C)n2)c([N+](=O)[O-])cc1C(F)(F)F.[Zn+2],-0.08809137
TRZ04636,Cc1nnc(Cc2nc(C(F)(F)F)c(Cc3ccc(Cl)c(Cl)c3)c(=O)[nH]2)nc1C,Zn2+,Cc1nnc(Cc2nc(C(F)(F)F)c(Cc3ccc(Cl)c(Cl)c3)c(=O)[nH]2)nc1C.[Zn+2],-0.09102869
TRZ00529,COc1c(F)cc(C(=O)NCc2nnc(C)c(C)n2)c(F)c1F,Zn2+,COc1c(F)cc(C(=O)NCc2nnc(C)c(C)n2)c(F)c1F.[Zn+2],-0.09397507
TRZ02581,Cc1ccc(-n2nnc(-c3nnc(C)c(C)n3)c2C)cc1,Zn2+,Cc1ccc(-n2nnc(-c3nnc(C)c(C)n3)c2C)cc1.[Zn+2],-0.09524584
TRZ03128,Cc1nnc(-c2cccnc2NCc2ccc(F)c(F)c2)nc1C,Zn2+,Cc1nnc(-c2cccnc2NCc2ccc(F)c(F)c2)nc1C.[Zn+2],-0.09544563
TRZ03662,Cc1nnc(C2(C)CC(c3ccc(OC(F)F)c(OCc4ccccc4)c3)=NO2)nc1C,Zn2+,Cc1nnc(C2(C)CC(c3ccc(OC(F)F)c(OCc4ccccc4)c3)=NO2)nc1C.[Zn+2],-0.09550667
TRZ01548,Cc1nnc(COc2ncn(-c3ccccc3)n2)nc1C,Zn2+,Cc1nnc(COc2ncn(-c3ccccc3)n2)nc1C.[Zn+2],-0.09904623
TRZ04166,Cc1nnc(-c2nc(-c3ccc(OCF)cc3)no2)nc1C,Zn2+,Cc1nnc(-c2nc(-c3ccc(OCF)cc3)no2)nc1C.[Zn+2],-0.099413395
TRZ05276,Cc1nnc(-c2ccc(Br)cc2OC(F)(F)F)nc1C,Zn2+,Cc1nnc(-c2ccc(Br)cc2OC(F)(F)F)nc1C.[Zn+2],-0.100874424
TRZ03794,Cc1nnc(-c2cn(CCCOCc3ccccc3)c3ccc(F)cc23)nc1C,Zn2+,Cc1nnc(-c2cn(CCCOCc3ccccc3)c3ccc(F)cc23)nc1C.[Zn+2],-0.10161877
TRZ03279,Cc1nnc(-c2cc(F)c(F)cc2NS(=O)(=O)c2ccc(C(C)(C)C)cc2)nc1C,Zn2+,Cc1nnc(-c2cc(F)c(F)cc2NS(=O)(=O)c2ccc(C(C)(C)C)cc2)nc1C.[Zn+2],-0.10413599
TRZ01224,Cc1nnc(-c2cc(C)n(C)n2)nc1C,Zn2+,Cc1nnc(-c2cc(C)n(C)n2)nc1C.[Zn+2],-0.10423231
TRZ03565,Cc1nnc(CCNC(=O)Nc2ccc(C(F)(F)F)cc2)nc1C,Zn2+,Cc1nnc(CCNC(=O)Nc2ccc(C(F)(F)F)cc2)nc1C.[Zn+2],-0.10581589
TRZ03628,Cc1nnc(C[C@@H](Cc2cc(F)c(F)cc2F)NC(=O)O)nc1C,Zn2+,Cc1nnc(C[C@@H](Cc2cc(F)c(F)cc2F)NC(=O)O)nc1C.[Zn+2],-0.10675049
TRZ02516,Cc1nnc(-c2cc(SCc3cccc(Cl)c3)ccn2)nc1C,Zn2+,Cc1nnc(-c2cc(SCc3cccc(Cl)c3)ccn2)nc1C.[Zn+2],-0.10782242
TRZ00584,Cc1nnc(COc2ccc(C(F)(F)F)cc2)nc1C,Zn2+,Cc1nnc(COc2ccc(C(F)(F)F)cc2)nc1C.[Zn+2],-0.10966921
TRZ00168,Cc1nnc(-c2csnn2)nc1C,Zn2+,Cc1nnc(-c2csnn2)nc1C.[Zn+2],-0.11143017
TRZ03523,Cc1nnc(C(F)(F)Nc2ccccc2)nc1C,Zn2+,Cc1nnc(C(F)(F)Nc2ccccc2)nc1C.[Zn+2],-0.11243296
TRZ03100,Cc1nnc(-c2ncccc2F)nc1C,Zn2+,Cc1nnc(-c2ncccc2F)nc1C.[Zn+2],-0.114005566
TRZ01480,Cc1ccc(-c2cc(-c3nnc(C)c(C)n3)no2)cc1,Zn2+,Cc1ccc(-c2cc(-c3nnc(C)c(C)n3)no2)cc1.[Zn+2],-0.11459923
TRZ05403,COc1c(Cl)ccc(-c2cc(N)c(Cl)c(-c3nnc(C)c(C)n3)n2)c1F,Zn2+,COc1c(Cl)ccc(-c2cc(N)c(Cl)c(-c3nnc(C)c(C)n3)n2)c1F.[Zn+2],-0.115330696
TRZ03542,Cc1nnc(-c2csc(N3CCC(F)(F)CC3)n2)nc1C,Zn2+,Cc1nnc(-c2csc(N3CCC(F)(F)CC3)n2)nc1C.[Zn+2],-0.11561489
TRZ01832,Cc1nnc(CCSSc2ccccn2)nc1C,Zn2+,Cc1nnc(CCSSc2ccccn2)nc1C.[Zn+2],-0.11660099
TRZ05835,COCC[C@H](C)c1cc(C(F)(F)F)cnc1-c1nnc(C)c(C)n1,Zn2+,COCC[C@H](C)c1cc(C(F)(F)F)cnc1-c1nnc(C)c(C)n1.[Zn+2],-0.11804581
TRZ01964,Cc1nnc(-c2cccc(N)c2-c2nnc(C)c(C)n2)nc1C,Zn2+,Cc1nnc(-c2cccc(N)c2-c2nnc(C)c(C)n2)nc1C.[Zn+2],-0.12163639
TRZ02429,Cc1nnc(C(Oc2ccccc2)Oc2ccccc2)nc1C,Zn2+,Cc1nnc(C(Oc2ccccc2)Oc2ccccc2)nc1C.[Zn+2],-0.123203754
TRZ05274,Cc1nnc(-c2cn(C3CC3)nc2C(F)F)nc1C,Zn2+,Cc1nnc(-c2cn(C3CC3)nc2C(F)F)nc1C.[Zn+2],-0.12514448
TRZ00385,Cc1nnc(-c2snnc2-c2ccccc2)nc1C,Zn2+,Cc1nnc(-c2snnc2-c2ccccc2)nc1C.[Zn+2],-0.127038
TRZ02679,Cc1nnc(-c2cccc(O)c2-c2nnc(C)c(C)n2)nc1C,Zn2+,Cc1nnc(-c2cccc(O)c2-c2nnc(C)c(C)n2)nc1C.[Zn+2],-0.12925911
TRZ01600,Cc1nnc(-c2cc(SCc3ccc(C(F)(F)F)cc3)ccn2)nc1C,Zn2+,Cc1nnc(-c2cc(SCc3ccc(C(F)(F)F)cc3)ccn2)nc1C.[Zn+2],-0.12991905
TRZ01592,CCCC1CCc2[nH]nc(-c3nnc(C)c(C)n3)c2C1,Zn2+,CCCC1CCc2[nH]nc(-c3nnc(C)c(C)n3)c2C1.[Zn+2],-0.13017559
TRZ02491,Cc1nnc(CO/N=C\c2ccc(Cl)cc2Cl)nc1C,Zn2+,Cc1nnc(CO/N=C\c2ccc(Cl)cc2Cl)nc1C.[Zn+2],-0.13107824
TRZ04205,Cc1nnc(-c2nc(C(=O)N3CCC(F)(F)CC3)cs2)nc1C,Zn2+,Cc1nnc(-c2nc(C(=O)N3CCC(F)(F)CC3)cs2)nc1C.[Zn+2],-0.13157177
TRZ02228,Cc1nnc(-c2nc3cc(C(F)(F)F)ccc3s2)nc1C,Zn2+,Cc1nnc(-c2nc3cc(C(F)(F)F)ccc3s2)nc1C.[Zn+2],-0.13262081
TRZ02612,Cc1nnc(CSc2ccccn2)nc1C,Zn2+,Cc1nnc(CSc2ccccn2)nc1C.[Zn+2],-0.13265896
TRZ02824,Cc1nnc(-c2cc3sccc3nc2C(F)(F)F)nc1C,Zn2+,Cc1nnc(-c2cc3sccc3nc2C(F)(F)F)nc1C.[Zn+2],-0.13278484
TRZ00083,Cc1nnc(-c2cccs2)nc1C,Zn2+,Cc1nnc(-c2cccs2)nc1C.[Zn+2],-0.13406086
TRZ01422,Cc1nnc(-c2ccc(-c3ccc(F)cc3)s2)nc1C,Zn2+,Cc1nnc(-c2ccc(-c3ccc(F)cc3)s2)nc1C.[Zn+2],-0.13727379
TRZ03459,Cc1nnc(-c2nn(Cc3ccc(F)cc3F)c3cc(CF)ccc23)nc1C,Zn2+,Cc1nnc(-c2nn(Cc3ccc(F)cc3F)c3cc(CF)ccc23)nc1C.[Zn+2],-0.13842154
TRZ02783,Cc1nnc(-c2ncn(C)n2)nc1C,Zn2+,Cc1nnc(-c2ncn(C)n2)nc1C.[Zn+2],-0.13847542
TRZ00211,Cc1nnc(-c2nonc2N)nc1C,Zn2+,Cc1nnc(-c2nonc2N)nc1C.[Zn+2],-0.14209652
TRZ01827,Cc1nnc(-c2cnns2)nc1C,Zn2+,Cc1nnc(-c2cnns2)nc1C.[Zn+2],-0.14340305
TRZ04284,Cc1nnc(-c2ncc(C(F)(F)F)cc2CCO)nc1C,Zn2+,Cc1nnc(-c2ncc(C(F)(F)F)cc2CCO)nc1C.[Zn+2],-0.14447594
TRZ05760,CCOC(=O)c1cc(CC(F)(F)F)c2n1CCc1cc(OC)c(-c3nnc(C)c(C)n3)cc1-2,Zn2+,CCOC(=O)c1cc(CC(F)(F)F)c2n1CCc1cc(OC)c(-c3nnc(C)c(C)n3)cc1-2.[Zn+2],-0.14683342
TRZ01291,CCN(CC)c1cc(C)nc(SCc2nnc(C)c(C)n2)n1,Zn2+,CCN(CC)c1cc(C)nc(SCc2nnc(C)c(C)n2)n1.[Zn+2],-0.14732265
TRZ00446,Cc1nnc(COc2ccccc2Cl)nc1C,Zn2+,Cc1nnc(COc2ccccc2Cl)nc1C.[Zn+2],-0.1491518
TRZ05483,Cc1nnc(-c2cc(C3CC3(F)F)[nH]n2)nc1C,Zn2+,Cc1nnc(-c2cc(C3CC3(F)F)[nH]n2)nc1C.[Zn+2],-0.15071869
TRZ02239,Cc1nnc(C(CO)NC(=O)Cn2c(C(F)(F)F)nc3ccccc32)nc1C,Zn2+,Cc1nnc(C(CO)NC(=O)Cn2c(C(F)(F)F)nc3ccccc32)nc1C.[Zn+2],-0.15114975
TRZ04907,Cc1ccc(Nc2c(-c3nnc(C)c(C)n3)ccc(F)c2F)c(C)c1,Zn2+,Cc1ccc(Nc2c(-c3nnc(C)c(C)n3)ccc(F)c2F)c(C)c1.[Zn+2],-0.15170383
TRZ03594,Cc1nnc(-c2ccc3ccccc3c2OCC(F)(F)F)nc1C,Zn2+,Cc1nnc(-c2ccc3ccccc3c2OCC(F)(F)F)nc1C.[Zn+2],-0.15424633
TRZ04868,Cc1nnc(-c2nccnc2F)nc1C,Zn2+,Cc1nnc(-c2nccnc2F)nc1C.[Zn+2],-0.15887547
TRZ01425,Cc1ccc2c(Cl)c(-c3nnc(C)c(C)n3)sc2c1,Zn2+,Cc1ccc2c(Cl)c(-c3nnc(C)c(C)n3)sc2c1.[Zn+2],-0.15983391
TRZ05083,COc1ccc(OC(F)(F)F)cc1CNC(=O)c1nnc(C)c(C)n1,Zn2+,COc1ccc(OC(F)(F)F)cc1CNC(=O)c1nnc(C)c(C)n1.[Zn+2],-0.16075182
TRZ05157,Cc1nnc(-c2ccc(-c3ccc(OC(F)(F)F)cc3)o2)nc1C,Zn2+,Cc1nnc(-c2ccc(-c3ccc(OC(F)(F)F)cc3)o2)nc1C.[Zn+2],-0.16108656
TRZ04069,Cc1cc(F)cc(C2CCOC2)c1OCc1nnc(C)c(C)n1,Zn2+,Cc1cc(F)cc(C2CCOC2)c1OCc1nnc(C)c(C)n1.[Zn+2],-0.16399956
TRZ02603,Cc1nnc(-c2csc(C34CC5CC(CC(C5)C3)C4)n2)nc1C,Zn2+,Cc1nnc(-c2csc(C34CC5CC(CC(C5)C3)C4)n2)nc1C.[Zn+2],-0.16823578
TRZ05613,Cc1nnc(C(CC(C)C)NC(=O)/C=C/c2ccc(Cl)cc2F)nc1C,Zn2+,Cc1nnc(C(CC(C)C)NC(=O)/C=C/c2ccc(Cl)cc2F)nc1C.[Zn+2],-0.16846132
TRZ03580,Cc1nnc(C(C)(C)Sc2ccc(F)cc2)nc1C,Zn2+,Cc1nnc(C(C)(C)Sc2ccc(F)cc2)nc1C.[Zn+2],-0.16853476
TRZ03362,Cc1nnc(C(=O)Nc2cccc(C(F)(F)F)c2C)nc1C,Zn2+,Cc1nnc(C(=O)Nc2cccc(C(F)(F)F)c2C)nc1C.[Zn+2],-0.1700058
TRZ00975,Cc1nnc(-c2sc(NC(=O)NC3CCCCC3)nc2C)nc1C,Zn2+,Cc1nnc(-c2sc(NC(=O)NC3CCCCC3)nc2C)nc1C.[Zn+2],-0.17019367
TRZ02819,Cc1nnc(-c2sc(-c3ccc(C(F)(F)F)cn3)nc2C)nc1C,Zn2+,Cc1nnc(-c2sc(-c3ccc(C(F)(F)F)cn3)nc2C)nc1C.[Zn+2],-0.17089319
TRZ03892,Cc1nnc(-c2cc(F)c(NC3CCCCC3)cc2NC(C)C)nc1C,Zn2+,Cc1nnc(-c2cc(F)c(NC3CCCCC3)cc2NC(C)C)nc1C.[Zn+2],-0.17164421
TRZ02433,COc1ccc(OC)c(CN2CCCC(c3nnc(C)c(C)n3)C2)c1,Zn2+,COc1ccc(OC)c(CN2CCCC(c3nnc(C)c(C)n3)C2)c1.[Zn+2],-0.17418766
TRZ03098,Cc1nnc(C(=O)Nc2ccc(Br)cc2C(F)(F)F)nc1C,Zn2+,Cc1nnc(C(=O)Nc2ccc(Br)cc2C(F)(F)F)nc1C.[Zn+2],-0.17463875
TRZ03153,Cc1nnc(-c2cnc(N3CC(Oc4ccccc4C(F)(F)F)C3)s2)nc1C,Zn2+,Cc1nnc(-c2cnc(N3CC(Oc4ccccc4C(F)(F)F)C3)s2)nc1C.[Zn+2],-0.17671871
TRZ02440,COc1cc(C(=O)NC(C)c2nnc(C)c(C)n2)cc(OC)c1OC,Zn2+,COc1cc(C(=O)NC(C)c2nnc(C)c(C)n2)cc(OC)c1OC.[Zn+2],-0.17673635
TRZ02293,Cc1cc(OCc2nnc(C)c(C)n2)c(C(C)C)cc1Br,Zn2+,Cc1cc(OCc2nnc(C)c(C)n2)c(C(C)C)cc1Br.[Zn+2],-0.17739296
TRZ03009,Cc1nnc(-c2nccc(C(F)(F)F)n2)nc1C,Zn2+,Cc1nnc(-c2nccc(C(F)(F)F)n2)nc1C.[Zn+2],-0.17795372
TRZ02205,CC(=O)Nc1cccc(F)c1-c1nnc(C)c(C)n1,Zn2+,CC(=O)Nc1cccc(F)c1-c1nnc(C)c(C)n1.[Zn+2],-0.17827082
TRZ02593,CCOc1ccc(-n2nnc(-c3nnc(C)c(C)n3)c2C)cc1,Zn2+,CCOc1ccc(-n2nnc(-c3nnc(C)c(C)n3)c2C)cc1.[Zn+2],-0.17834902
TRZ04294,CC[C@H]1C[C@@H]1c1cc(C(F)(F)F)cnc1-c1nnc(C)c(C)n1,Zn2+,CC[C@H]1C[C@@H]1c1cc(C(F)(F)F)cnc1-c1nnc(C)c(C)n1.[Zn+2],-0.17866898
TRZ02097,Cc1cc(CNC(=O)c2nnc(C)c(C)n2)ccc1F,Zn2+,Cc1cc(CNC(=O)c2nnc(C)c(C)n2)ccc1F.[Zn+2],-0.17980576
TRZ02798,Cc1nnc(CNc2ccc(F)cc2Br)nc1C,Zn2+,Cc1nnc(CNc2ccc(F)cc2Br)nc1C.[Zn+2],-0.18329382
TRZ00814,Cc1nnc(-c2cc(Br)c(Br)s2)nc1C,Zn2+,Cc1nnc(-c2cc(Br)c(Br)s2)nc1C.[Zn+2],-0.18377018
TRZ02396,Cc1nc(-c2noc(-c3nnc(C)c(C)n3)n2)cs1,Zn2+,Cc1nc(-c2noc(-c3nnc(C)c(C)n3)n2)cs1.[Zn+2],-0.18467808
TRZ05588,Cc1cc(-c2nnc(C)c(C)n2)nc(N2CCCC(F)C2)n1,Zn2+,Cc1cc(-c2nnc(C)c(C)n2)nc(N2CCCC(F)C2)n1.[Zn+2],-0.1860094
TRZ05349,Cc1nnc(-c2csc(Oc3ccc(N)c(F)c3)n2)nc1C,Zn2+,Cc1nnc(-c2csc(Oc3ccc(N)c(F)c3)n2)nc1C.[Zn+2],-0.18820906
TRZ02646,Cc1nnc(Cn2cnnn2)nc1C,Zn2+,Cc1nnc(Cn2cnnn2)nc1C.[Zn+2],-0.18945408
TRZ00061,Cc1nnc(C(C)Oc2cccc(Cl)c2)nc1C,Zn2+,Cc1nnc(C(C)Oc2cccc(Cl)c2)nc1C.[Zn+2],-0.19164133
TRZ01706,Cc1nnc(-c2no[n+]([O-])c2C)nc1C,Zn2+,Cc1nnc(-c2no[n+]([O-])c2C)nc1C.[Zn+2],-0.19317627
TRZ05305,Cc1nnc(-c2cnc(NC3(c4c(F)cccc4F)CC3)s2)nc1C,Zn2+,Cc1nnc(-c2cnc(NC3(c4c(F)cccc4F)CC3)s2)nc1C.[Zn+2],-0.19783258
TRZ00445,Cc1nnc(COc2ccc([N+](=O)[O-])cc2)nc1C,Zn2+,Cc1nnc(COc2ccc([N+](=O)[O-])cc2)nc1C.[Zn+2],-0.19827938
TRZ01539,Cc1nnc(-c2ccccc2NC(=O)c2c(F)cccc2F)nc1C,Zn2+,Cc1nnc(-c2ccccc2NC(=O)c2c(F)cccc2F)nc1C.[Zn+2],-0.19972181
TRZ01438,Cc1nnc(COc2cccc(F)c2)nc1C,Zn2+,Cc1nnc(COc2cccc(F)c2)nc1C.[Zn+2],-0.20070744
TRZ02073,Cc1nnc(C(C)Oc2cccc(C(F)(F)F)c2)nc1C,Zn2+,Cc1nnc(C(C)Oc2cccc(C(F)(F)F)c2)nc1C.[Zn+2],-0.20127201
TRZ01217,Cc1nnc(COc2ccc(Br)cc2)nc1C,Zn2+,Cc1nnc(COc2ccc(Br)cc2)nc1C.[Zn+2],-0.20147896
TRZ00398,Cc1nnc(-c2sc(-c3ccccc3)cc2N)nc1C,Zn2+,Cc1nnc(-c2sc(-c3ccccc3)cc2N)nc1C.[Zn+2],-0.20270109
TRZ02748,Cc1nnc(CSc2cccc([N+](=O)[O-])c2)nc1C,Zn2+,Cc1nnc(CSc2cccc([N+](=O)[O-])c2)nc1C.[Zn+2],-0.2028637
TRZ01366,Cc1cccc(OC(C)(C)c2nnc(C)c(C)n2)c1,Zn2+,Cc1cccc(OC(C)(C)c2nnc(C)c(C)n2)c1.[Zn+2],-0.2034216
TRZ00454,Cc1nnc(-c2ccc(Cl)s2)nc1C,Zn2+,Cc1nnc(-c2ccc(Cl)s2)nc1C.[Zn+2],-0.20515013
TRZ01651,Cc1nnc(CSc2nnc3sc4ccccc4n23)nc1C,Zn2+,Cc1nnc(CSc2nnc3sc4ccccc4n23)nc1C.[Zn+2],-0.2129941
TRZ01016,CCOc1ccc(-c2cc(-c3ccccc3)nc(-c3nnc(C)c(C)n3)n2)cc1,Zn2+,CCOc1ccc(-c2cc(-c3ccccc3)nc(-c3nnc(C)c(C)n3)n2)cc1.[Zn+2],-0.21658516
TRZ04080,Cc1nnc(Cc2nc3c(F)cc(Br)cc3s2)nc1C,Zn2+,Cc1nnc(Cc2nc3c(F)cc(Br)cc3s2)nc1C.[Zn+2],-0.21665382
TRZ01942,COc1ccc(-c2nnc(SCc3nnc(C)c(C)n3)n2-c2ccccc2)cc1OC,Zn2+,COc1ccc(-c2nnc(SCc3nnc(C)c(C)n3)n2-c2ccccc2)cc1OC.[Zn+2],-0.2174406
TRZ03973,Cc1nnc(-c2cc(-c3ccc(OC(F)(F)F)cc3)on2)nc1C,Zn2+,Cc1nnc(-c2cc(-c3ccc(OC(F)(F)F)cc3)on2)nc1C.[Zn+2],-0.21783829
TRZ02077,Cc1nnc(-c2nsnc2N)nc1C,Zn2+,Cc1nnc(-c2nsnc2N)nc1C.[Zn+2],-0.2184968
TRZ05561,Cc1nnc(-c2cccc3c2OC(F)(F)O3)nc1C,Zn2+,Cc1nnc(-c2cccc3c2OC(F)(F)O3)nc1C.[Zn+2],-0.21850872
TRZ02818,Cc1nnc(-c2nc(-c3c(F)cccc3Cl)no2)nc1C,Zn2+,Cc1nnc(-c2nc(-c3c(F)cccc3Cl)no2)nc1C.[Zn+2],-0.21962976
TRZ02139,COc1ccccc1-n1ncc(-c2nnc(C)c(C)n2)c1C(F)(F)F,Zn2+,COc1ccccc1-n1ncc(-c2nnc(C)c(C)n2)c1C(F)(F)F.[Zn+2],-0.2197876
TRZ02125,CC(=O)Nc1ccc(OCc2nnc(C)c(C)n2)cc1,Zn2+,CC(=O)Nc1ccc(OCc2nnc(C)c(C)n2)cc1.[Zn+2],-0.22058964
TRZ00415,Cc1nnc(-c2cccc(C(F)(F)F)n2)nc1C,Zn2+,Cc1nnc(-c2cccc(C(F)(F)F)n2)nc1C.[Zn+2],-0.22085047
TRZ02368,Cc1nnc(Cn2cc(Cl)c(=O)c(Cl)c2)nc1C,Zn2+,Cc1nnc(Cn2cc(Cl)c(=O)c(Cl)c2)nc1C.[Zn+2],-0.22239733
TRZ05545,Cc1cc(C(=O)c2ccc(F)cc2)c(-c2nnc(C)c(C)n2)nc1C,Zn2+,Cc1cc(C(=O)c2ccc(F)cc2)c(-c2nnc(C)c(C)n2)nc1C.[Zn+2],-0.22331905
TRZ03581,Cc1nnc(-c2cc(C)c3cc(C4CC4)cc(C(F)(F)F)c3n2)nc1C,Zn2+,Cc1nnc(-c2cc(C)c3cc(C4CC4)cc(C(F)(F)F)c3n2)nc1C.[Zn+2],-0.22365332
TRZ02647,Cc1nnc(CSc2ccc([N+](=O)[O-])cc2)nc1C,Zn2+,Cc1nnc(CSc2ccc([N+](=O)[O-])cc2)nc1C.[Zn+2],-0.2241683
TRZ02322,COc1cc(C)ccc1OCc1nnc(C)c(C)n1,Zn2+,COc1cc(C)ccc1OCc1nnc(C)c(C)n1.[Zn+2],-0.22566652
TRZ03566,Cc1nnc(CCNC(=O)Nc2ccccc2C(F)(F)F)nc1C,Zn2+,Cc1nnc(CCNC(=O)Nc2ccccc2C(F)(F)F)nc1C.[Zn+2],-0.226058
TRZ02378,Cc1nnc(-c2ccc(C(C)(C)C)s2)nc1C,Zn2+,Cc1nnc(-c2ccc(C(C)(C)C)s2)nc1C.[Zn+2],-0.23697281
TRZ01454,Cc1ccccc1-n1ncc(-c2nnc(C)c(C)n2)c1C(F)(F)F,Zn2+,Cc1ccccc1-n1ncc(-c2nnc(C)c(C)n2)c1C(F)(F)F.[Zn+2],-0.23953009
TRZ02001,CCn1nc(C)cc1-c1nnc(C)c(C)n1,Zn2+,CCn1nc(C)cc1-c1nnc(C)c(C)n1.[Zn+2],-0.2395935
TRZ00223,Cc1nnc(C(C)Oc2ccc(Cl)cc2Cl)nc1C,Zn2+,Cc1nnc(C(C)Oc2ccc(Cl)cc2Cl)nc1C.[Zn+2],-0.24107885
TRZ02585,Cc1nnc(-c2nn(-c3ccccc3)c(-c3ccco3)c2C#N)nc1C,Zn2+,Cc1nnc(-c2nn(-c3ccccc3)c(-c3ccco3)c2C#N)nc1C.[Zn+2],-0.24233389
TRZ03862,Cc1nnc(C=Cn2cnc(-c3cc(OC(C)C)cc(C(F)(F)F)c3)n2)nc1C,Zn2+,Cc1nnc(C=Cn2cnc(-c3cc(OC(C)C)cc(C(F)(F)F)c3)n2)nc1C.[Zn+2],-0.2434206
TRZ05881,Cc1nnc(-c2c(Cl)ncc(C(F)(F)F)c2C(=O)c2ccccc2F)nc1C,Zn2+,Cc1nnc(-c2c(Cl)ncc(C(F)(F)F)c2C(=O)c2ccccc2F)nc1C.[Zn+2],-0.24425459
TRZ02413,Cc1nnc(-c2sccc2NC(=O)c2ccccc2Cl)nc1C,Zn2+,Cc1nnc(-c2sccc2NC(=O)c2ccccc2Cl)nc1C.[Zn+2],-0.24698448
TRZ05336,Cc1nnc(-c2ccccc2NC(=O)Nc2cc(F)cc(F)c2)nc1C,Zn2+,Cc1nnc(-c2ccccc2NC(=O)Nc2cc(F)cc(F)c2)nc1C.[Zn+2],-0.24726391
TRZ03102,Cc1nnc(-c2ccc(F)cn2)nc1C,Zn2+,Cc1nnc(-c2ccc(F)cn2)nc1C.[Zn+2],-0.2497406
TRZ00020,Cc1nnc(-c2sc3ccccc3c2Cl)nc1C,Zn2+,Cc1nnc(-c2sc3ccccc3c2Cl)nc1C.[Zn+2],-0.24984312
TRZ00737,Cc1nnc(C2Cc3ccccc3O2)nc1C,Zn2+,Cc1nnc(C2Cc3ccccc3O2)nc1C.[Zn+2],-0.25938702
TRZ01471,Cc1ccoc1-c1nnc(C)c(C)n1,Zn2+,Cc1ccoc1-c1nnc(C)c(C)n1.[Zn+2],-0.2602954
TRZ02915,Cc1nnc(-c2ccccc2OC(F)F)nc1C,Zn2+,Cc1nnc(-c2ccccc2OC(F)F)nc1C.[Zn+2],-0.26073217
TRZ03205,COc1cc(F)ccc1OC(C)(C)c1nnc(C)c(C)n1,Zn2+,COc1cc(F)ccc1OC(C)(C)c1nnc(C)c(C)n1.[Zn+2],-0.26270628
TRZ02399,Cc1nnc(-c2noc(C)c2-c2csc(-c3ccccc3)n2)nc1C,Zn2+,Cc1nnc(-c2noc(C)c2-c2csc(-c3ccccc3)n2)nc1C.[Zn+2],-0.262846
TRZ00262,Cc1nnc(-c2csc(-c3cccc(C(F)(F)F)c3)n2)nc1C,Zn2+,Cc1nnc(-c2csc(-c3cccc(C(F)(F)F)c3)n2)nc1C.[Zn+2],-0.26293707
TRZ01920,CCOC(=O)c1cc(-c2ccccc2)n(CCc2nnc(C)c(C)n2)c1C,Zn2+,CCOC(=O)c1cc(-c2ccccc2)n(CCc2nnc(C)c(C)n2)c1C.[Zn+2],-0.2633586
TRZ05525,Cc1nnc(-c2nn(C)c(F)c2Nc2ccc(C(F)(F)F)cc2)nc1C,Zn2+,Cc1nnc(-c2nn(C)c(F)c2Nc2ccc(C(F)(F)F)cc2)nc1C.[Zn+2],-0.26337242
TRZ04289,Cc1nnc(-c2nc(C(F)(F)F)sc2N2CCOCC2=O)nc1C,Zn2+,Cc1nnc(-c2nc(C(F)(F)F)sc2N2CCOCC2=O)nc1C.[Zn+2],-0.26364803
TRZ03863,COc1cc(-c2ncn(/C=C\c3nnc(C)c(C)n3)n2)cc(C(F)(F)F)c1,Zn2+,COc1cc(-c2ncn(/C=C\c3nnc(C)c(C)n3)n2)cc(C(F)(F)F)c1.[Zn+2],-0.2639122
TRZ00802,Cc1cc(OCc2nnc(C)c(C)n2)ccc1Cl,Zn2+,Cc1cc(OCc2nnc(C)c(C)n2)ccc1Cl.[Zn+2],-0.2653346
TRZ02895,Cc1nnc(C(=O)N[C@@H](C)c2ccccc2)nc1C,Zn2+,Cc1nnc(C(=O)N[C@@H](C)c2ccccc2)nc1C.[Zn+2],-0.26952362
TRZ01944,Cc1nnc(-c2sccc2N)nc1C,Zn2+,Cc1nnc(-c2sccc2N)nc1C.[Zn+2],-0.2696662
TRZ02291,Cc1nnc(CSc2nnc(-c3ccccc3)n2C)nc1C,Zn2+,Cc1nnc(CSc2nnc(-c3ccccc3)n2C)nc1C.[Zn+2],-0.27015305
TRZ01918,CCOC(=O)c1cc(-c2ccc(OC)cc2)n(CCc2nnc(C)c(C)n2)c1C,Zn2+,CCOC(=O)c1cc(-c2ccc(OC)cc2)n(CCc2nnc(C)c(C)n2)c1C.[Zn+2],-0.2729578
TRZ01533,CCOC(=O)c1cc(-c2nc(-c3nnc(C)c(C)n3)cs2)c(C)nc1C(F)(F)F,Zn2+,CCOC(=O)c1cc(-c2nc(-c3nnc(C)c(C)n3)cs2)c(C)nc1C(F)(F)F.[Zn+2],-0.27346182
TRZ02774,Cc1nnc(C2=Cc3ccccc3OC2)nc1C,Zn2+,Cc1nnc(C2=Cc3ccccc3OC2)nc1C.[Zn+2],-0.27600098
TRZ05394,C=CCC[C@@H](C)Oc1nc(-c2nnc(C)c(C)n2)c([N+](=O)[O-])cc1C(F)(F)F,Zn2+,C=CCC[C@@H](C)Oc1nc(-c2nnc(C)c(C)n2)c([N+](=O)[O-])cc1C(F)(F)F.[Zn+2],-0.27674103
TRZ03522,Cc1nnc(CNc2cccc(F)c2F)nc1C,Zn2+,Cc1nnc(CNc2cccc(F)c2F)nc1C.[Zn+2],-0.27694082
TRZ03784,Cc1nnc(C(O)c2cc(F)cc(F)c2)nc1C,Zn2+,Cc1nnc(C(O)c2cc(F)cc(F)c2)nc1C.[Zn+2],-0.28073883
TRZ05640,Cc1nnc([C@]23CN(c4ccc(C#N)c5ncccc45)C[C@@]2(C(F)(F)F)C3)nc1C,Zn2+,Cc1nnc([C@]23CN(c4ccc(C#N)c5ncccc45)C[C@@]2(C(F)(F)F)C3)nc1C.[Zn+2],-0.28390932
TRZ05586,Cc1cc(-c2nnc(C)c(C)n2)nc(N2CCCC(C(F)(F)F)C2)n1,Zn2+,Cc1cc(-c2nnc(C)c(C)n2)nc(N2CCCC(C(F)(F)F)C2)n1.[Zn+2],-0.285017
TRZ01228,Cc1nnc(-c2cc(-c3ccc(Cl)c(Cl)c3Cl)n[nH]2)nc1C,Zn2+,Cc1nnc(-c2cc(-c3ccc(Cl)c(Cl)c3Cl)n[nH]2)nc1C.[Zn+2],-0.28616285
TRZ05920,Cc1nnc(-c2cc(C(=O)c3c(Cl)ccc(F)c3Cl)cnc2N)nc1C,Zn2+,Cc1nnc(-c2cc(C(=O)c3c(Cl)ccc(F)c3Cl)cnc2N)nc1C.[Zn+2],-0.28647184
TRZ05697,Cc1nnc(-c2cc(Cl)ccc2OC(F)F)nc1C,Zn2+,Cc1nnc(-c2cc(Cl)ccc2OC(F)F)nc1C.[Zn+2],-0.28647327
TRZ05562,Cc1nnc(-c2cc3c(F)cncc3s2)nc1C,Zn2+,Cc1nnc(-c2cc3c(F)cncc3s2)nc1C.[Zn+2],-0.28708744
TRZ03685,COc1c(-c2nnc(C)c(C)n2)ccc2[nH]nc(C=Cc3cccc(F)c3)c12,Zn2+,COc1c(-c2nnc(C)c(C)n2)ccc2[nH]nc(C=Cc3cccc(F)c3)c12.[Zn+2],-0.28857183
TRZ05872,Cc1nnc(-c2nc(C(F)(F)F)cnc2N)nc1C,Zn2+,Cc1nnc(-c2nc(C(F)(F)F)cnc2N)nc1C.[Zn+2],-0.28894472
TRZ01485,Cc1nnc(-c2nc(Cl)cnc2N)nc1C,Zn2+,Cc1nnc(-c2nc(Cl)cnc2N)nc1C.[Zn+2],-0.2917328
TRZ02718,Cc1ccc2oc(-c3nnc(C)c(C)n3)cc2c1,Zn2+,Cc1ccc2oc(-c3nnc(C)c(C)n3)cc2c1.[Zn+2],-0.29275894
TRZ05328,Cc1nnc(-c2ccc(F)cc2NC(=O)Nc2cccc(F)c2)nc1C,Zn2+,Cc1nnc(-c2ccc(F)cc2NC(=O)Nc2cccc(F)c2)nc1C.[Zn+2],-0.29297733
TRZ00880,Cc1nnc(COc2ccccc2C#N)nc1C,Zn2+,Cc1nnc(COc2ccccc2C#N)nc1C.[Zn+2],-0.29571438
TRZ03024,C=Nc1cccc(F)c1-c1nnc(C)c(C)n1,Zn2+,C=Nc1cccc(F)c1-c1nnc(C)c(C)n1.[Zn+2],-0.29628372
TRZ00027,Cc1nnc(-c2ccco2)nc1C,Zn2+,Cc1nnc(-c2ccco2)nc1C.[Zn+2],-0.29907703
TRZ05711,Cc1cc(-c2nnc(C)c(C)n2)c(Oc2cccc(C3CC3)c2F)nn1,Zn2+,Cc1cc(-c2nnc(C)c(C)n2)c(Oc2cccc(C3CC3)c2F)nn1.[Zn+2],-0.30018854
TRZ01218,Cc1nnc(-c2ccc(COc3cc(Cl)ccc3Cl)o2)nc1C,Zn2+,Cc1nnc(-c2ccc(COc3cc(Cl)ccc3Cl)o2)nc1C.[Zn+2],-0.3018818
TRZ04875,Cc1nnc(-c2cnn(C)c2C(F)(F)F)nc1C,Zn2+,Cc1nnc(-c2cnn(C)c2C(F)(F)F)nc1C.[Zn+2],-0.30197906
TRZ00499,Cc1nnc(-c2cc3sccc3s2)nc1C,Zn2+,Cc1nnc(-c2cc3sccc3s2)nc1C.[Zn+2],-0.30395222
TRZ01998,Cc1nnc(-c2nc(-c3ccccc3)no2)nc1C,Zn2+,Cc1nnc(-c2nc(-c3ccccc3)no2)nc1C.[Zn+2],-0.30438232
TRZ05878,CCCOc1nccc(C(=O)c2c(F)cccc2F)c1-c1nnc(C)c(C)n1,Zn2+,CCCOc1nccc(C(=O)c2c(F)cccc2F)c1-c1nnc(C)c(C)n1.[Zn+2],-0.30639982
TRZ01598,Cc1nnc(-c2cc(SCc3ccc(F)cc3)ccn2)nc1C,Zn2+,Cc1nnc(-c2cc(SCc3ccc(F)cc3)ccn2)nc1C.[Zn+2],-0.3126297
TRZ01508,Cc1ccc(OCc2nnc(C)c(C)n2)c(Br)c1,Zn2+,Cc1ccc(OCc2nnc(C)c(C)n2)c(Br)c1.[Zn+2],-0.31308603
TRZ04457,Cc1nnc(-c2nc(Cl)ccc2F)nc1C,Zn2+,Cc1nnc(-c2nc(Cl)ccc2F)nc1C.[Zn+2],-0.31318283
TRZ02754,CCc1cccc2c3c([nH]c12)C(CC)(Cc1nnc(C)c(C)n1)OCC3,Zn2+,CCc1cccc2c3c([nH]c12)C(CC)(Cc1nnc(C)c(C)n1)OCC3.[Zn+2],-0.31495285
TRZ02868,Cc1nnc(-c2cnc(F)n2C)nc1C,Zn2+,Cc1nnc(-c2cnc(F)n2C)nc1C.[Zn+2],-0.31522274
TRZ00676,Cc1nnc(-c2sc(-c3cnccc3C(F)(F)F)nc2C)nc1C,Zn2+,Cc1nnc(-c2sc(-c3cnccc3C(F)(F)F)nc2C)nc1C.[Zn+2],-0.31762362
TRZ01540,CCOC(=O)c1cn(Cc2nnc(C)c(C)n2)nc1C(F)(F)F,Zn2+,CCOC(=O)c1cn(Cc2nnc(C)c(C)n2)nc1C(F)(F)F.[Zn+2],-0.31785583
TRZ03903,Cc1ccc([N+](=O)[O-])c(NC(=O)c2nnc(C)c(C)n2)c1F,Zn2+,Cc1ccc([N+](=O)[O-])c(NC(=O)c2nnc(C)c(C)n2)c1F.[Zn+2],-0.31942844
TRZ02085,Cc1nnc(-c2ccccc2OCc2ccc(F)cc2)nc1C,Zn2+,Cc1nnc(-c2ccccc2OCc2ccc(F)cc2)nc1C.[Zn+2],-0.3215332
TRZ02370,Cc1nnc(-c2nn(-c3ccc(C(C)(C)C)cc3)c(=O)c(C#N)c2C)nc1C,Zn2+,Cc1nnc(-c2nn(-c3ccc(C(C)(C)C)cc3)c(=O)c(C#N)c2C)nc1C.[Zn+2],-0.32205057
TRZ03203,Cc1nnc(C(C)(C)Oc2ccc(F)cc2Cl)nc1C,Zn2+,Cc1nnc(C(C)(C)Oc2ccc(F)cc2Cl)nc1C.[Zn+2],-0.32206964
TRZ01575,Cc1nnc(C2Cc3cc(C(=O)c4cccs4)c(Cl)c(Cl)c3O2)nc1C,Zn2+,Cc1nnc(C2Cc3cc(C(=O)c4cccs4)c(Cl)c(Cl)c3O2)nc1C.[Zn+2],-0.3248
TRZ02182,Cc1nnc(-c2ncoc2C(C)(C)C)nc1C,Zn2+,Cc1nnc(-c2ncoc2C(C)(C)C)nc1C.[Zn+2],-0.32601213
TRZ03971,Cc1nnc(-c2ncc(-c3ccc(OC(F)(F)F)cc3)o2)nc1C,Zn2+,Cc1nnc(-c2ncc(-c3ccc(OC(F)(F)F)cc3)o2)nc1C.[Zn+2],-0.32673025
TRZ01903,Cc1nnc(-c2cc(C3CCCCC3)c3ccccc3n2)nc1C,Zn2+,Cc1nnc(-c2cc(C3CCCCC3)c3ccccc3n2)nc1C.[Zn+2],-0.32674265
TRZ04121,Cc1nnc(-c2cc3c(N4CCCN(c5c(F)c(F)nc(F)c5F)CC4)ccnc3s2)nc1C,Zn2+,Cc1nnc(-c2cc3c(N4CCCN(c5c(F)c(F)nc(F)c5F)CC4)ccnc3s2)nc1C.[Zn+2],-0.32834578
TRZ02572,Cc1nnc(Cc2c([N+](=O)[O-])ncn2C)nc1C,Zn2+,Cc1nnc(Cc2c([N+](=O)[O-])ncn2C)nc1C.[Zn+2],-0.32994795
TRZ03546,Cc1nnc(-c2nc(-c3ccc(F)cc3F)no2)nc1C,Zn2+,Cc1nnc(-c2nc(-c3ccc(F)cc3F)no2)nc1C.[Zn+2],-0.33118105
TRZ00245,Cc1nnc(-c2cc3cc(OCc4ccccc4)ccc3n2C)nc1C,Zn2+,Cc1nnc(-c2cc3cc(OCc4ccccc4)ccc3n2C)nc1C.[Zn+2],-0.33185196
TRZ01241,Cc1nnc(CNC(=O)Cc2ccccc2)nc1C,Zn2+,Cc1nnc(CNC(=O)Cc2ccccc2)nc1C.[Zn+2],-0.3328538
TRZ01537,Cc1nnc(CS(=O)Cc2cccc(C(F)(F)F)c2)nc1C,Zn2+,Cc1nnc(CS(=O)Cc2cccc(C(F)(F)F)c2)nc1C.[Zn+2],-0.3332672
TRZ02284,Cc1nnc(C(CO)c2ccccc2)nc1C,Zn2+,Cc1nnc(C(CO)c2ccccc2)nc1C.[Zn+2],-0.33356476
TRZ00849,Cc1nnc(-c2cc(-c3ccccc3)on2)nc1C,Zn2+,Cc1nnc(-c2cc(-c3ccccc3)on2)nc1C.[Zn+2],-0.33715773
TRZ05596,Cc1cc(-c2nnc(C)c(C)n2)nc(N2CCC(F)(F)CC2)n1,Zn2+,Cc1cc(-c2nnc(C)c(C)n2)nc(N2CCC(F)(F)CC2)n1.[Zn+2],-0.33736086
TRZ04649,Cc1nnc(C(=O)NCc2ccc(F)c(OC(F)(F)F)c2)nc1C,Zn2+,Cc1nnc(C(=O)NCc2ccc(F)c(OC(F)(F)F)c2)nc1C.[Zn+2],-0.33781815
TRZ01439,Cc1nnc(COc2ccc(C#N)cc2)nc1C,Zn2+,Cc1nnc(COc2ccc(C#N)cc2)nc1C.[Zn+2],-0.33839273
TRZ01574,Cc1nnc(COc2ccc(C(=O)Nc3cccc(F)c3)c3ccccc23)nc1C,Zn2+,Cc1nnc(COc2ccc(C(=O)Nc3cccc(F)c3)c3ccccc23)nc1C.[Zn+2],-0.34074545
TRZ00739,Cc1nnc(-c2cncs2)nc1C,Zn2+,Cc1nnc(-c2cncs2)nc1C.[Zn+2],-0.34147692
TRZ00403,Cc1nnc(C(C)Nc2ccc(Cl)c(Cl)c2)nc1C,Zn2+,Cc1nnc(C(C)Nc2ccc(Cl)c(Cl)c2)nc1C.[Zn+2],-0.34334278
TRZ02002,CC(=O)N[C@@H](Cc1ccccc1)c1nnc(C)c(C)n1,Zn2+,CC(=O)N[C@@H](Cc1ccccc1)c1nnc(C)c(C)n1.[Zn+2],-0.34658813
TRZ00184,Cc1nnc(C(C)Oc2ccccc2F)nc1C,Zn2+,Cc1nnc(C(C)Oc2ccccc2F)nc1C.[Zn+2],-0.34683847
TRZ00092,Cc1nnc(COc2ccc(Cl)cc2Cl)nc1C,Zn2+,Cc1nnc(COc2ccc(Cl)cc2Cl)nc1C.[Zn+2],-0.3476181
TRZ05508,CCOc1ccc(-c2cc(C(F)(F)F)cc(-c3nnc(C)c(C)n3)n2)cc1,Zn2+,CCOc1ccc(-c2cc(C(F)(F)F)cc(-c3nnc(C)c(C)n3)n2)cc1.[Zn+2],-0.3511219
TRZ02507,Cc1nnc(CO/N=C/c2ccc(Cl)cc2Cl)nc1C,Zn2+,Cc1nnc(CO/N=C/c2ccc(Cl)cc2Cl)nc1C.[Zn+2],-0.3553958
TRZ02705,Cc1ccc(NCCc2nnc(C)c(C)n2)cc1,Zn2+,Cc1ccc(NCCc2nnc(C)c(C)n2)cc1.[Zn+2],-0.35832214
TRZ03576,Cc1nnc(-c2nc3ccc(F)cn3c2C)nc1C,Zn2+,Cc1nnc(-c2nc3ccc(F)cn3c2C)nc1C.[Zn+2],-0.35923243
TRZ03257,COc1c(-c2nnc(C)c(C)n2)ccc(O)c1F,Zn2+,COc1c(-c2nnc(C)c(C)n2)ccc(O)c1F.[Zn+2],-0.3603816
TRZ03922,Cc1nnc(-c2cc3cc(C(F)(F)F)ccc3s2)nc1C,Zn2+,Cc1nnc(-c2cc3cc(C(F)(F)F)ccc3s2)nc1C.[Zn+2],-0.36092997
TRZ00474,COCc1cc(C)nc2sc(-c3nnc(C)c(C)n3)c(-n3cccc3)c12,Zn2+,COCc1cc(C)nc2sc(-c3nnc(C)c(C)n3)c(-n3cccc3)c12.[Zn+2],-0.36139727
TRZ04846,Cc1nnc(-c2cc(C(F)(F)F)sc2N2CCOCC2=O)nc1C,Zn2+,Cc1nnc(-c2cc(C(F)(F)F)sc2N2CCOCC2=O)nc1C.[Zn+2],-0.36291218
TRZ05396,C=CC(OC(C)(C)C)C(OCc1ccccc1)(c1nnc(C)c(C)n1)C(F)(F)F,Zn2+,C=CC(OC(C)(C)C)C(OCc1ccccc1)(c1nnc(C)c(C)n1)C(F)(F)F.[Zn+2],-0.36440945
TRZ05851,Cc1nnc(C(=O)Nc2ccc(OCc3cccc(F)c3)cc2)nc1C,Zn2+,Cc1nnc(C(=O)Nc2ccc(OCc3cccc(F)c3)cc2)nc1C.[Zn+2],-0.36547375
TRZ02527,CCOC(=O)c1cc(-c2ccc(C)cc2)n(CCc2nnc(C)c(C)n2)c1C,Zn2+,CCOC(=O)c1cc(-c2ccc(C)cc2)n(CCc2nnc(C)c(C)n2)c1C.[Zn+2],-0.3654914
TRZ03313,COc1c(-c2nnc(C)c(C)n2)ccc2[nH]nc(/C=C/c3cccc(F)c3)c12,Zn2+,COc1c(-c2nnc(C)c(C)n2)ccc2[nH]nc(/C=C/c3cccc(F)c3)c12.[Zn+2],-0.3678422
TRZ01909,Cc1nnc(-c2cc(C3CCCC3)c3ccccc3n2)nc1C,Zn2+,Cc1nnc(-c2cc(C3CCCC3)c3ccccc3n2)nc1C.[Zn+2],-0.36825705
TRZ05934,Cc1nnc(C(c2nc(N)nc(Cl)c2Br)c2c(F)cccc2F)nc1C,Zn2+,Cc1nnc(C(c2nc(N)nc(Cl)c2Br)c2c(F)cccc2F)nc1C.[Zn+2],-0.3695264
TRZ03052,Cc1nnc(C(C)Oc2cccc(F)c2)nc1C,Zn2+,Cc1nnc(C(C)Oc2cccc(F)c2)nc1C.[Zn+2],-0.3703184
TRZ02892,CCOc1ccc(NCc2nnc(C)c(C)n2)cc1,Zn2+,CCOc1ccc(NCc2nnc(C)c(C)n2)cc1.[Zn+2],-0.3728075
TRZ03390,Cc1nnc(-c2nn(Cc3ccc(F)cc3Cl)c3cc(CF)ccc23)nc1C,Zn2+,Cc1nnc(-c2nn(Cc3ccc(F)cc3Cl)c3cc(CF)ccc23)nc1C.[Zn+2],-0.37354088
TRZ03895,Cc1nnc(-c2cc(F)c(NCC3CC3)cc2NC2CCCC2)nc1C,Zn2+,Cc1nnc(-c2cc(F)c(NCC3CC3)cc2NC2CCCC2)nc1C.[Zn+2],-0.37395382
TRZ00148,Cc1nnc(-c2sc(-c3ccc(C(F)(F)F)cc3)nc2C)nc1C,Zn2+,Cc1nnc(-c2sc(-c3ccc(C(F)(F)F)cc3)nc2C)nc1C.[Zn+2],-0.37445354
TRZ02400,Cc1nc(-c2c(-c3nnc(C)c(C)n3)noc2C)cs1,Zn2+,Cc1nc(-c2c(-c3nnc(C)c(C)n3)noc2C)cs1.[Zn+2],-0.37787294
TRZ03545,Cc1nnc(-c2csc(-c3cccc(F)c3)n2)nc1C,Zn2+,Cc1nnc(-c2csc(-c3cccc(F)c3)n2)nc1C.[Zn+2],-0.3790598
TRZ04073,Cc1nnc(-c2cc(C(F)(F)F)nn2-c2ccc(Br)cn2)nc1C,Zn2+,Cc1nnc(-c2cc(C(F)(F)F)nn2-c2ccc(Br)cn2)nc1C.[Zn+2],-0.38197184
TRZ02948,Cc1nnc(-c2c(C(F)(F)F)cc(C(F)(F)F)nc2N)nc1C,Zn2+,Cc1nnc(-c2c(C(F)(F)F)cc(C(F)(F)F)nc2N)nc1C.[Zn+2],-0.38460398
TRZ01188,Cc1nnc(CCOc2ccc(-c3nnc(C)c(C)n3)cc2)nc1C,Zn2+,Cc1nnc(CCOc2ccc(-c3nnc(C)c(C)n3)cc2)nc1C.[Zn+2],-0.3854065
TRZ05642,Cc1nnc(C23CN(Cc4ccccc4)CC2(C(F)(F)F)C3)nc1C,Zn2+,Cc1nnc(C23CN(Cc4ccccc4)CC2(C(F)(F)F)C3)nc1C.[Zn+2],-0.38560057
TRZ03202,Cc1nnc(C(C)(C)Oc2cc(F)cc(F)c2)nc1C,Zn2+,Cc1nnc(C(C)(C)Oc2cc(F)cc(F)c2)nc1C.[Zn+2],-0.38648272
TRZ01979,Cc1nnc(COc2ccc(C(C)(C)C)cc2)nc1C,Zn2+,Cc1nnc(COc2ccc(C(C)(C)C)cc2)nc1C.[Zn+2],-0.38698244
TRZ05589,Cc1cc(-c2nnc(C)c(C)n2)nc(N2CCCC(F)(F)C2)n1,Zn2+,Cc1cc(-c2nnc(C)c(C)n2)nc(N2CCCC(F)(F)C2)n1.[Zn+2],-0.38793802
TRZ05639,Cc1nnc([C@@]23CN(c4ccc(C#N)c5ncccc45)C[C@]2(C(F)(F)F)C3)nc1C,Zn2+,Cc1nnc([C@@]23CN(c4ccc(C#N)c5ncccc45)C[C@]2(C(F)(F)F)C3)nc1C.[Zn+2],-0.38853645
TRZ05002,Cc1cc(F)ccc1OC(C)(C)c1nnc(C)c(C)n1,Zn2+,Cc1cc(F)ccc1OC(C)(C)c1nnc(C)c(C)n1.[Zn+2],-0.38867855
TRZ04618,Cc1nnc(CCn2nnc3ccc(-c4ccc(OC(F)(F)F)cc4)cc32)nc1C,Zn2+,Cc1nnc(CCn2nnc3ccc(-c4ccc(OC(F)(F)F)cc4)cc32)nc1C.[Zn+2],-0.39084148
TRZ04185,Cc1nnc(C(=O)NCc2cccc(CF)c2)nc1C,Zn2+,Cc1nnc(C(=O)NCc2cccc(CF)c2)nc1C.[Zn+2],-0.39314508
TRZ01461,COc1ccc(-c2cc(-c3nnc(C)c(C)n3)no2)cc1,Zn2+,COc1ccc(-c2cc(-c3nnc(C)c(C)n3)no2)cc1.[Zn+2],-0.39421654
TRZ01243,COC(c1ccccc1)c1nnc(C)c(C)n1,Zn2+,COC(c1ccccc1)c1nnc(C)c(C)n1.[Zn+2],-0.39527464
TRZ01475,Cc1nnc(COCc2ccccc2)nc1C,Zn2+,Cc1nnc(COCc2ccccc2)nc1C.[Zn+2],-0.4010296
TRZ00208,Cc1nnc(-c2cc3ccccc3s2)nc1C,Zn2+,Cc1nnc(-c2cc3ccccc3s2)nc1C.[Zn+2],-0.40110874
TRZ01668,CCOc1ccc(C2=NOC(c3nnc(C)c(C)n3)C2)cc1,Zn2+,CCOc1ccc(C2=NOC(c3nnc(C)c(C)n3)C2)cc1.[Zn+2],-0.40322876
TRZ03970,Cc1nnc(-c2nc(-c3ccc(OC(F)(F)F)cc3)cs2)nc1C,Zn2+,Cc1nnc(-c2nc(-c3ccc(OC(F)(F)F)cc3)cs2)nc1C.[Zn+2],-0.4044571
TRZ02241,Cc1nnc(C(CC(C)C)NC(=O)Cn2c(C(F)(F)F)nc3ccccc32)nc1C,Zn2+,Cc1nnc(C(CC(C)C)NC(=O)Cn2c(C(F)(F)F)nc3ccccc32)nc1C.[Zn+2],-0.40447903
TRZ00055,Cc1nnc(-c2ccc([N+](=O)[O-])o2)nc1C,Zn2+,Cc1nnc(-c2ccc([N+](=O)[O-])o2)nc1C.[Zn+2],-0.4050994
TRZ01213,Cc1nnc(-c2nn(-c3ccccc3)c(=O)c(C#N)c2C)nc1C,Zn2+,Cc1nnc(-c2nn(-c3ccccc3)c(=O)c(C#N)c2C)nc1C.[Zn+2],-0.40615463
TRZ05168,Cc1nnc(-c2c(NS(=O)(=O)c3ccccc3)ccc(Cl)c2F)nc1C,Zn2+,Cc1nnc(-c2c(NS(=O)(=O)c3ccccc3)ccc(Cl)c2F)nc1C.[Zn+2],-0.40828705
TRZ00047,Cc1nnc(-c2ccccc2OCc2ccccc2)nc1C,Zn2+,Cc1nnc(-c2ccccc2OCc2ccccc2)nc1C.[Zn+2],-0.4089656
TRZ01251,Cc1nnc(-c2ccc(COc3ccc(F)cc3)o2)nc1C,Zn2+,Cc1nnc(-c2ccc(COc3ccc(F)cc3)o2)nc1C.[Zn+2],-0.41247082
TRZ02523,COc1cccc(CSc2ccnc(-c3nnc(C)c(C)n3)c2)c1,Zn2+,COc1cccc(CSc2ccnc(-c3nnc(C)c(C)n3)c2)c1.[Zn+2],-0.41275167
TRZ03204,Cc1nnc(C(C)(C)Oc2ccc(Cl)cc2F)nc1C,Zn2+,Cc1nnc(C(C)(C)Oc2ccc(Cl)cc2F)nc1C.[Zn+2],-0.4148774
TRZ05488,Cc1nnc(-c2nc(C(F)(F)F)sc2N(C)CCOCC=O)nc1C,Zn2+,Cc1nnc(-c2nc(C(F)(F)F)sc2N(C)CCOCC=O)nc1C.[Zn+2],-0.41570234
TRZ05703,Cc1nc(OC(F)F)c(-c2nnc(C)c(C)n2)cc1Cl,Zn2+,Cc1nc(OC(F)F)c(-c2nnc(C)c(C)n2)cc1Cl.[Zn+2],-0.41572094
TRZ03105,Cc1nnc(-c2ccc(F)nc2F)nc1C,Zn2+,Cc1nnc(-c2ccc(F)nc2F)nc1C.[Zn+2],-0.415905
TRZ03163,Cc1nnc(-c2cc(-c3cccc(F)c3)no2)nc1C,Zn2+,Cc1nnc(-c2cc(-c3cccc(F)c3)no2)nc1C.[Zn+2],-0.416018
TRZ03599,Cc1nnc(/C=C\n2cnc(-c3cc(OC(C)C)nc(C(F)(F)F)c3)n2)nc1C,Zn2+,Cc1nnc(/C=C\n2cnc(-c3cc(OC(C)C)nc(C(F)(F)F)c3)n2)nc1C.[Zn+2],-0.417109
TRZ00268,Cc1nnc([C@H](Cc2ccccc2)NC(=O)NCCc2ccccc2)nc1C,Zn2+,Cc1nnc([C@H](Cc2ccccc2)NC(=O)NCCc2ccccc2)nc1C.[Zn+2],-0.41788054
TRZ02520,Cc1cccc(CSc2ccnc(-c3nnc(C)c(C)n3)c2)c1,Zn2+,Cc1cccc(CSc2ccnc(-c3nnc(C)c(C)n3)c2)c1.[Zn+2],-0.41882944
TRZ01047,COc1c(F)cc(Nc2cc3c(cc2-c2nnc(C)c(C)n2)OCO3)cc1F,Zn2+,COc1c(F)cc(Nc2cc3c(cc2-c2nnc(C)c(C)n2)OCO3)cc1F.[Zn+2],-0.4210019
TRZ04081,Cc1nnc(-c2cnn(-c3c(F)cccc3F)n2)nc1C,Zn2+,Cc1nnc(-c2cnn(-c3c(F)cccc3F)n2)nc1C.[Zn+2],-0.42284966
TRZ05275,Cc1nnc(-c2ccc(Br)cc2OC(F)F)nc1C,Zn2+,Cc1nnc(-c2ccc(Br)cc2OC(F)F)nc1C.[Zn+2],-0.42309046
TRZ00851,Cc1nnc(-c2ccc(-c3ccccc3)s2)nc1C,Zn2+,Cc1nnc(-c2ccc(-c3ccccc3)s2)nc1C.[Zn+2],-0.42323542
TRZ01149,Cc1nnc(CSc2ccccc2Cl)nc1C,Zn2+,Cc1nnc(CSc2ccccc2Cl)nc1C.[Zn+2],-0.4256096
TRZ00251,Cc1ccc(-c2sc(-c3nnc(C)c(C)n3)c(C)c2C#N)cc1,Zn2+,Cc1ccc(-c2sc(-c3nnc(C)c(C)n3)c(C)c2C#N)cc1.[Zn+2],-0.4274702
TRZ02898,Cc1nnc(-c2csc(-c3ccc(F)cc3F)n2)nc1C,Zn2+,Cc1nnc(-c2csc(-c3ccc(F)cc3F)n2)nc1C.[Zn+2],-0.43238735
TRZ04117,Cc1nnc(C(C)c2nc(C(C)(F)F)cs2)nc1C,Zn2+,Cc1nnc(C(C)c2nc(C(C)(F)F)cs2)nc1C.[Zn+2],-0.43349552
TRZ05843,Cc1nnc(C(F)(F)C(O)C(C(=O)OCc2ccccc2)C(C)C)nc1C,Zn2+,Cc1nnc(C(F)(F)C(O)C(C(=O)OCc2ccccc2)C(C)C)nc1C.[Zn+2],-0.43406105
TRZ00010,COc1ccccc1-c1nnc(C)c(C)n1,Zn2+,COc1ccccc1-c1nnc(C)c(C)n1.[Zn+2],-0.4373021
TRZ04693,Cc1nnc(-c2nccnc2C(F)(F)F)nc1C,Zn2+,Cc1nnc(-c2nccnc2C(F)(F)F)nc1C.[Zn+2],-0.43877125
TRZ05893,Cc1nnc(-c2c(C(F)(F)F)nn(-c3ccccc3)c2Cl)nc1C,Zn2+,Cc1nnc(-c2c(C(F)(F)F)nn(-c3ccccc3)c2Cl)nc1C.[Zn+2],-0.4395542
TRZ01727,COc1cc2c(cc1-c1nnc(C)c(C)n1)CCC1C(C)(C)c3nc(C)ncc3C[C@]21C,Zn2+,COc1cc2c(cc1-c1nnc(C)c(C)n1)CCC1C(C)(C)c3nc(C)ncc3C[C@]21C.[Zn+2],-0.4433427
TRZ00206,Cc1nnc(CSc2nc3ccccc3s2)nc1C,Zn2+,Cc1nnc(CSc2nc3ccccc3s2)nc1C.[Zn+2],-0.44370842
TRZ02122,COc1cc2ccccc2cc1-c1nnc(C)c(C)n1,Zn2+,COc1cc2ccccc2cc1-c1nnc(C)c(C)n1.[Zn+2],-0.44582224
TRZ02177,Cc1nnc(-c2ccc(CO)o2)nc1C,Zn2+,Cc1nnc(-c2ccc(CO)o2)nc1C.[Zn+2],-0.44754076
TRZ03196,Cc1nnc(C(C)(C)Oc2ccc(C#N)c(F)c2)nc1C,Zn2+,Cc1nnc(C(C)(C)Oc2ccc(C#N)c(F)c2)nc1C.[Zn+2],-0.44855833
TRZ00375,Cc1ccc(OCc2ccc(-c3nnc(C)c(C)n3)o2)c([N+](=O)[O-])c1,Zn2+,Cc1ccc(OCc2ccc(-c3nnc(C)c(C)n3)o2)c([N+](=O)[O-])c1.[Zn+2],-0.4491539
TRZ00120,Cc1cc(C)n(Cc2ccc(-c3nnc(C)c(C)n3)o2)n1,Zn2+,Cc1cc(C)n(Cc2ccc(-c3nnc(C)c(C)n3)o2)n1.[Zn+2],-0.44993258
TRZ00115,Cc1nnc(-c2sc(-c3ccccc3)c(C#N)c2C)nc1C,Zn2+,Cc1nnc(-c2sc(-c3ccccc3)c(C#N)c2C)nc1C.[Zn+2],-0.45087528
TRZ01963,Cc1nnc(C2COc3ccccc3O2)nc1C,Zn2+,Cc1nnc(C2COc3ccccc3O2)nc1C.[Zn+2],-0.4520359
TRZ05343,Cc1nnc(-c2ccc(F)cc2NC(=O)Nc2cc(F)cc(Cl)c2)nc1C,Zn2+,Cc1nnc(-c2ccc(F)cc2NC(=O)Nc2cc(F)cc(Cl)c2)nc1C.[Zn+2],-0.4524598
TRZ05748,Cc1nnc(-c2ncc3c(F)cc(SCc4ccccc4)cn23)nc1C,Zn2+,Cc1nnc(-c2ncc3c(F)cc(SCc4ccccc4)cn23)nc1C.[Zn+2],-0.45549393
TRZ04524,Cc1nnc(-c2ccc(CNC(=O)N3CCOC(c4ccc(F)c(Cl)c4)C3)cn2)nc1C,Zn2+,Cc1nnc(-c2ccc(CNC(=O)N3CCOC(c4ccc(F)c(Cl)c4)C3)cn2)nc1C.[Zn+2],-0.45916128
TRZ03692,Cc1nnc(-c2nc3c(ncn3C)c(F)c2Nc2ccc(Br)cc2F)nc1C,Zn2+,Cc1nnc(-c2nc3c(ncn3C)c(F)c2Nc2ccc(Br)cc2F)nc1C.[Zn+2],-0.46129274
TRZ05654,Cc1nnc(-c2cn3c(ccc4c(-c5ccn(C)n5)cc(C(F)(F)C(F)(F)F)nc43)n2)nc1C,Zn2+,Cc1nnc(-c2cn3c(ccc4c(-c5ccn(C)n5)cc(C(F)(F)C(F)(F)F)nc43)n2)nc1C.[Zn+2],-0.4613328
TRZ00175,Cc1ccsc1-c1nnc(C)c(C)n1,Zn2+,Cc1ccsc1-c1nnc(C)c(C)n1.[Zn+2],-0.46175146
TRZ02240,Cc1nnc(C(NC(=O)Cn2c(C(F)(F)F)nc3ccccc32)C(C)C)nc1C,Zn2+,Cc1nnc(C(NC(=O)Cn2c(C(F)(F)F)nc3ccccc32)C(C)C)nc1C.[Zn+2],-0.4633584
TRZ04159,Cc1nnc(C(F)Oc2ccccc2)nc1C,Zn2+,Cc1nnc(C(F)Oc2ccccc2)nc1C.[Zn+2],-0.4694314
TRZ01444,Cc1nc(-c2nnc(C)c(C)n2)cs1,Zn2+,Cc1nc(-c2nnc(C)c(C)n2)cs1.[Zn+2],-0.4697938
TRZ04100,Cc1nnc(-c2cccc(C(F)(F)F)c2OCc2ccccc2)nc1C,Zn2+,Cc1nnc(-c2cccc(C(F)(F)F)c2OCc2ccccc2)nc1C.[Zn+2],-0.47243834
TRZ02807,C/C(=C(/C#N)c1nnc(C)c(C)n1)c1ccc(F)cc1,Zn2+,C/C(=C(/C#N)c1nnc(C)c(C)n1)c1ccc(F)cc1.[Zn+2],-0.4738388
TRZ00882,Cc1ccc(-c2nnc(C)c(C)n2)s1,Zn2+,Cc1ccc(-c2nnc(C)c(C)n2)s1.[Zn+2],-0.47578764
TRZ04202,Cc1nnc(/C=C\n2cnc(-c3cc(CF)cc(C(F)(F)F)c3)n2)nc1C,Zn2+,Cc1nnc(/C=C\n2cnc(-c3cc(CF)cc(C(F)(F)F)c3)n2)nc1C.[Zn+2],-0.47857285
TRZ00264,Cc1cc(C(F)(F)F)n(-c2nc(-c3nnc(C)c(C)n3)cs2)n1,Zn2+,Cc1cc(C(F)(F)F)n(-c2nc(-c3nnc(C)c(C)n3)cs2)n1.[Zn+2],-0.47971773
TRZ02742,Cc1nnc(CCN(CCc2nnc(C)c(C)n2)c2ccc(Cl)cc2)nc1C,Zn2+,Cc1nnc(CCN(CCc2nnc(C)c(C)n2)c2ccc(Cl)cc2)nc1C.[Zn+2],-0.4799366
TRZ02000,Cc1nnc(-c2csc(COc3ccccc3Cl)n2)nc1C,Zn2+,Cc1nnc(-c2csc(COc3ccccc3Cl)n2)nc1C.[Zn+2],-0.48236942
TRZ05924,Cc1nnc(-c2occc2C(=O)c2ccc(F)c([N+](=O)[O-])c2)nc1C,Zn2+,Cc1nnc(-c2occc2C(=O)c2ccc(F)c([N+](=O)[O-])c2)nc1C.[Zn+2],-0.4861741
TRZ03198,Cc1nnc(C2(Oc3ccc(C(F)(F)F)cc3)CCC2)nc1C,Zn2+,Cc1nnc(C2(Oc3ccc(C(F)(F)F)cc3)CCC2)nc1C.[Zn+2],-0.4893465
TRZ01829,Cc1nnc(-c2cccnc2-c2nnc(C)c(C)n2)nc1C,Zn2+,Cc1nnc(-c2cccnc2-c2nnc(C)c(C)n2)nc1C.[Zn+2],-0.48976612
TRZ01852,Cc1nnc(-c2nc(-c3ccc(F)cc3)no2)nc1C,Zn2+,Cc1nnc(-c2nc(-c3ccc(F)cc3)no2)nc1C.[Zn+2],-0.4931202
TRZ01589,COc1ccc2c3c1O[C@H]1[C@@]4(OC)C=C[C@@]5(C[C@H]4c4nnc(C)c(C)n4)[C@@H](C2)N(C)CC[C@]315,Zn2+,COc1ccc2c3c1O[C@H]1[C@@]4(OC)C=C[C@@]5(C[C@H]4c4nnc(C)c(C)n4)[C@@H](C2)N(C)CC[C@]315.[Zn+2],-0.49405432
TRZ02243,Cc1nnc(C(Cc2c[nH]c3ccccc23)NC(=O)Cn2c(C(F)(F)F)nc3ccccc32)nc1C,Zn2+,Cc1nnc(C(Cc2c[nH]c3ccccc23)NC(=O)Cn2c(C(F)(F)F)nc3ccccc32)nc1C.[Zn+2],-0.49721527
TRZ02445,CCCC(Oc1ccc(Br)cc1)c1nnc(C)c(C)n1,Zn2+,CCCC(Oc1ccc(Br)cc1)c1nnc(C)c(C)n1.[Zn+2],-0.49798298
TRZ02100,Cc1ccc(CNC(=O)c2nnc(C)c(C)n2)cc1F,Zn2+,Cc1ccc(CNC(=O)c2nnc(C)c(C)n2)cc1F.[Zn+2],-0.50153923
TRZ02078,Cc1nnc(CNc2ccc(F)cc2F)nc1C,Zn2+,Cc1nnc(CNc2ccc(F)cc2F)nc1C.[Zn+2],-0.5020056
TRZ04853,Cc1nnc([C@H](N)Cc2c(F)c(F)c(F)c(F)c2F)nc1C,Zn2+,Cc1nnc([C@H](N)Cc2c(F)c(F)c(F)c(F)c2F)nc1C.[Zn+2],-0.50520897
TRZ02591,CCn1nc(Cc2nnc(C)c(C)n2)nc1C,Zn2+,CCn1nc(Cc2nnc(C)c(C)n2)nc1C.[Zn+2],-0.50680256
TRZ02391,Cc1nnc(-c2c(-c3snnc3C)n[nH]c2C)nc1C,Zn2+,Cc1nnc(-c2c(-c3snnc3C)n[nH]c2C)nc1C.[Zn+2],-0.50692606
TRZ01451,Cc1cc(C)cc(OCc2nnc(C)c(C)n2)c1,Zn2+,Cc1cc(C)cc(OCc2nnc(C)c(C)n2)c1.[Zn+2],-0.5079007
TRZ02080,Cc1nnc(CNc2ccc(F)c(F)c2)nc1C,Zn2+,Cc1nnc(CNc2ccc(F)c(F)c2)nc1C.[Zn+2],-0.50931215
TRZ00803,Cc1cccc(OC(C)c2nnc(C)c(C)n2)c1,Zn2+,Cc1cccc(OC(C)c2nnc(C)c(C)n2)c1.[Zn+2],-0.5144386
TRZ00438,Cc1csc(-c2nnc(C)c(C)n2)c1,Zn2+,Cc1csc(-c2nnc(C)c(C)n2)c1.[Zn+2],-0.51644754
TRZ05213,Cc1cccc(-c2nnc(C)c(C)n2)c1-n1nc(C(F)(F)F)cc1C(N)=O,Zn2+,Cc1cccc(-c2nnc(C)c(C)n2)c1-n1nc(C(F)(F)F)cc1C(N)=O.[Zn+2],-0.5174875
TRZ04189,Cc1nnc(C(=O)NCc2cc(CF)cc(C(F)(F)F)c2)nc1C,Zn2+,Cc1nnc(C(=O)NCc2cc(CF)cc(C(F)(F)F)c2)nc1C.[Zn+2],-0.518116
TRZ00298,Cc1nnc(C2COc3cc4ccccc4cc3O2)nc1C,Zn2+,Cc1nnc(C2COc3cc4ccccc4cc3O2)nc1C.[Zn+2],-0.5221615
TRZ03065,Cc1nnc(-c2ccc(-c3cccc(C(F)(F)F)c3)o2)nc1C,Zn2+,Cc1nnc(-c2ccc(-c3cccc(C(F)(F)F)c3)o2)nc1C.[Zn+2],-0.5228534
TRZ05830,COCC=Cc1cc(C(F)(F)F)cnc1-c1nnc(C)c(C)n1,Zn2+,COCC=Cc1cc(C(F)(F)F)cnc1-c1nnc(C)c(C)n1.[Zn+2],-0.5229659
TRZ04669,Cc1nnc(-c2ccc(=O)n(SF)c2Cl)nc1C,Zn2+,Cc1nnc(-c2ccc(=O)n(SF)c2Cl)nc1C.[Zn+2],-0.52686596
TRZ03070,Cc1nnc(-c2cc(C(F)(F)F)c3cc(F)ccc3n2)nc1C,Zn2+,Cc1nnc(-c2cc(C(F)(F)F)c3cc(F)ccc3n2)nc1C.[Zn+2],-0.528286
TRZ04949,Cc1cc(C(=O)N[C@H](C(=O)N[C@@H](Cc2ccc(F)cc2)c2nnc(C)c(C)n2)C(C)C)no1,Zn2+,Cc1cc(C(=O)N[C@H](C(=O)N[C@@H](Cc2ccc(F)cc2)c2nnc(C)c(C)n2)C(C)C)no1.[Zn+2],-0.52859306
TRZ03361,Cc1nnc(C(=O)Nc2cccc(C(F)(F)F)c2Cl)nc1C,Zn2+,Cc1nnc(C(=O)Nc2cccc(C(F)(F)F)c2Cl)nc1C.[Zn+2],-0.5293412
TRZ05487,CCc1cc(C(F)(F)F)cnc1-c1nnc(C)c(C)n1,Zn2+,CCc1cc(C(F)(F)F)cnc1-c1nnc(C)c(C)n1.[Zn+2],-0.52943134
TRZ01125,Cc1cc(C)nc(-c2nnc(C)c(C)n2)n1,Zn2+,Cc1cc(C)nc(-c2nnc(C)c(C)n2)n1.[Zn+2],-0.5295844
TRZ00384,Cc1nnc(-c2nn(-c3ccc(F)cc3)c(=O)c(C#N)c2C)nc1C,Zn2+,Cc1nnc(-c2nn(-c3ccc(F)cc3)c(=O)c(C#N)c2C)nc1C.[Zn+2],-0.5342593
TRZ00923,CSc1sc(-c2nnc(C)c(C)n2)c2c1C(O)CCC2,Zn2+,CSc1sc(-c2nnc(C)c(C)n2)c2c1C(O)CCC2.[Zn+2],-0.5377083
TRZ02103,Cc1nnc(C(=O)NCc2cc(F)cc(F)c2)nc1C,Zn2+,Cc1nnc(C(=O)NCc2cc(F)cc(F)c2)nc1C.[Zn+2],-0.5384288
TRZ01279,COc1ccc(-c2nnc(C)c(C)n2)c(OC)c1,Zn2+,COc1ccc(-c2nnc(C)c(C)n2)c(OC)c1.[Zn+2],-0.5395107
TRZ00213,COc1ccc(OCc2nnc(C)c(C)n2)cc1,Zn2+,COc1ccc(OCc2nnc(C)c(C)n2)cc1.[Zn+2],-0.54271936
TRZ00259,Cc1nnc(-c2ccc(COc3ccc(C(C)(C)C)cc3)o2)nc1C,Zn2+,Cc1nnc(-c2ccc(COc3ccc(C(C)(C)C)cc3)o2)nc1C.[Zn+2],-0.5427933
TRZ02672,Cc1nnc(Cn2nnnc2N)nc1C,Zn2+,Cc1nnc(Cn2nnnc2N)nc1C.[Zn+2],-0.5435753
TRZ01761,COc1ccccc1-c1cc(-c2ccccc2OC)nc(-c2nnc(C)c(C)n2)n1,Zn2+,COc1ccccc1-c1cc(-c2ccccc2OC)nc(-c2nnc(C)c(C)n2)n1.[Zn+2],-0.545434
TRZ00117,Cc1nnc(-c2ccc(COc3ccc([N+](=O)[O-])cc3)o2)nc1C,Zn2+,Cc1nnc(-c2ccc(COc3ccc([N+](=O)[O-])cc3)o2)nc1C.[Zn+2],-0.5469308
TRZ03026,C=Nc1ccc(F)cc1-c1nnc(C)c(C)n1,Zn2+,C=Nc1ccc(F)cc1-c1nnc(C)c(C)n1.[Zn+2],-0.5488033
TRZ03802,Cc1nnc(C2C=CC=CC2(OCc2ccccc2)C(F)(F)F)nc1C,Zn2+,Cc1nnc(C2C=CC=CC2(OCc2ccccc2)C(F)(F)F)nc1C.[Zn+2],-0.5493469
TRZ01951,Cc1nnc(C(C)Oc2ccc(Br)cc2)nc1C,Zn2+,Cc1nnc(C(C)Oc2ccc(Br)cc2)nc1C.[Zn+2],-0.5520973
TRZ00121,Cc1nnc(-c2ccc(Cn3nc(C)c(Cl)c3C)o2)nc1C,Zn2+,Cc1nnc(-c2ccc(Cn3nc(C)c(Cl)c3C)o2)nc1C.[Zn+2],-0.5524845
TRZ00519,Cc1nnc(C(Cc2c[nH]c3ccccc23)NC(=O)c2ccc(OC(C)C)cc2)nc1C,Zn2+,Cc1nnc(C(Cc2c[nH]c3ccccc23)NC(=O)c2ccc(OC(C)C)cc2)nc1C.[Zn+2],-0.5535517
TRZ00372,Cc1nnc(-c2c(Cl)c(C)nn2C)nc1C,Zn2+,Cc1nnc(-c2c(Cl)c(C)nn2C)nc1C.[Zn+2],-0.5569234
TRZ04103,Cc1nnc(C2(C)C=C(c3ccc(OC(F)F)c(OCc4ccccc4)c3)NO2)nc1C,Zn2+,Cc1nnc(C2(C)C=C(c3ccc(OC(F)F)c(OCc4ccccc4)c3)NO2)nc1C.[Zn+2],-0.55870914
TRZ02867,Cc1nnc(-c2c(F)ncn2C)nc1C,Zn2+,Cc1nnc(-c2c(F)ncn2C)nc1C.[Zn+2],-0.55930567
TRZ05499,CCOc1ccc(-c2nc(-c3nnc(C)c(C)n3)cnc2C(F)(F)F)cc1,Zn2+,CCOc1ccc(-c2nc(-c3nnc(C)c(C)n3)cnc2C(F)(F)F)cc1.[Zn+2],-0.56011677
TRZ04628,COc1c(-c2nnc(C)c(C)n2)ccc2n[nH]c(/C=C/c3cccc(F)c3)c12,Zn2+,COc1c(-c2nnc(C)c(C)n2)ccc2n[nH]c(/C=C/c3cccc(F)c3)c12.[Zn+2],-0.56151915
TRZ02083,Cc1nnc(-c2sc3cc(F)ccc3c2Cl)nc1C,Zn2+,Cc1nnc(-c2sc3cc(F)ccc3c2Cl)nc1C.[Zn+2],-0.5699687
TRZ00996,COC1CCC(c2cc(-c3nnc(C)c(C)n3)nc3ccccc23)CC1,Zn2+,COC1CCC(c2cc(-c3nnc(C)c(C)n3)nc3ccccc23)CC1.[Zn+2],-0.57128525
TRZ02515,Cc1nnc(-c2cc(SCc3ccccc3)ccn2)nc1C,Zn2+,Cc1nnc(-c2cc(SCc3ccccc3)ccn2)nc1C.[Zn+2],-0.5722513
TRZ05604,Cc1nnc(C2CCN(c3nnc(-c4cnc(NC5Cc6cc(F)c(F)cc6C5)nc4)o3)C2)nc1C,Zn2+,Cc1nnc(C2CCN(c3nnc(-c4cnc(NC5Cc6cc(F)c(F)cc6C5)nc4)o3)C2)nc1C.[Zn+2],-0.57719374
TRZ03192,Cc1nnc(C(C)(C)Oc2ccc(F)cc2F)nc1C,Zn2+,Cc1nnc(C(C)(C)Oc2ccc(F)cc2F)nc1C.[Zn+2],-0.57888365
TRZ00376,Cc1nnc(-c2ccc(COc3ccc(Br)cc3)o2)nc1C,Zn2+,Cc1nnc(-c2ccc(COc3ccc(Br)cc3)o2)nc1C.[Zn+2],-0.57927275
TRZ03777,Cc1nnc(-c2nccc(Cl)c2C(F)(F)F)nc1C,Zn2+,Cc1nnc(-c2nccc(Cl)c2C(F)(F)F)nc1C.[Zn+2],-0.580554
TRZ02286,Cc1ccc(OCc2nnc(C)c(C)n2)cc1C,Zn2+,Cc1ccc(OCc2nnc(C)c(C)n2)cc1C.[Zn+2],-0.58147144
TRZ02521,Cc1ccc(CSc2ccnc(-c3nnc(C)c(C)n3)c2)cc1,Zn2+,Cc1ccc(CSc2ccnc(-c3nnc(C)c(C)n3)c2)cc1.[Zn+2],-0.5816603
TRZ02387,Cc1nnc(-c2nc(COc3ccccc3Cl)no2)nc1C,Zn2+,Cc1nnc(-c2nc(COc3ccccc3Cl)no2)nc1C.[Zn+2],-0.5849767
TRZ00170,Cc1cccc(OCc2nnc(C)c(C)n2)c1,Zn2+,Cc1cccc(OCc2nnc(C)c(C)n2)c1.[Zn+2],-0.5852847
TRZ01022,COCc1ccc(-c2cc(-c3ccccc3)nc(-c3nnc(C)c(C)n3)n2)cc1,Zn2+,COCc1ccc(-c2cc(-c3ccccc3)nc(-c3nnc(C)c(C)n3)n2)cc1.[Zn+2],-0.58653736
TRZ04924,Cc1nnc(-c2ncc(CF)cc2Cl)nc1C,Zn2+,Cc1nnc(-c2ncc(CF)cc2Cl)nc1C.[Zn+2],-0.5871277
TRZ00530,Cc1nnc(-c2n[nH]c3c2CC(C2CCCCC2)CC3)nc1C,Zn2+,Cc1nnc(-c2n[nH]c3c2CC(C2CCCCC2)CC3)nc1C.[Zn+2],-0.5879216
TRZ05908,Cc1nnc(C(=O)Oc2cccc(F)c2F)nc1C,Zn2+,Cc1nnc(C(=O)Oc2cccc(F)c2F)nc1C.[Zn+2],-0.59160376
TRZ04664,Cc1nnc(C(c2cc(Cl)ccn2)C2CC2(F)F)nc1C,Zn2+,Cc1nnc(C(c2cc(Cl)ccn2)C2CC2(F)F)nc1C.[Zn+2],-0.59297085
TRZ05699,Cc1nnc(-c2cc(Cl)cc(Br)c2OC(F)F)nc1C,Zn2+,Cc1nnc(-c2cc(Cl)cc(Br)c2OC(F)F)nc1C.[Zn+2],-0.597219
TRZ05369,Cc1nnc(-c2cc(C(F)(F)F)ccc2OC2CC2)nc1C,Zn2+,Cc1nnc(-c2cc(C(F)(F)F)ccc2OC2CC2)nc1C.[Zn+2],-0.59746885
TRZ03293,CCOC(=O)C1CCC(c2ccc(NC(=O)c3nnc(C)c(C)n3)c(F)c2)CC1,Zn2+,CCOC(=O)C1CCC(c2ccc(NC(=O)c3nnc(C)c(C)n3)c(F)c2)CC1.[Zn+2],-0.60089254
TRZ05658,Cc1nnc(-c2cn3c(ccc4c(N(C)C)cc(C(F)(F)C(F)(F)F)nc43)n2)nc1C,Zn2+,Cc1nnc(-c2cn3c(ccc4c(N(C)C)cc(C(F)(F)C(F)(F)F)nc43)n2)nc1C.[Zn+2],-0.6026926
TRZ02644,Cc1nnc(-c2ncco2)nc1C,Zn2+,Cc1nnc(-c2ncco2)nc1C.[Zn+2],-0.6067457
TRZ02464,Cc1nnc(C(C)Oc2ccc(C#N)cc2)nc1C,Zn2+,Cc1nnc(C(C)Oc2ccc(C#N)cc2)nc1C.[Zn+2],-0.60712004
TRZ01086,Cc1nnc(CSCc2c(C)c(C)c(C)c(C)c2C)nc1C,Zn2+,Cc1nnc(CSCc2c(C)c(C)c(C)c(C)c2C)nc1C.[Zn+2],-0.61007786
TRZ02519,Cc1nnc(-c2cc(SCc3ccc(Br)cc3)ccn2)nc1C,Zn2+,Cc1nnc(-c2cc(SCc3ccc(Br)cc3)ccn2)nc1C.[Zn+2],-0.61062527
TRZ03942,Cc1nnc(-c2nc3ccc(F)cc3s2)nc1C,Zn2+,Cc1nnc(-c2nc3ccc(F)cc3s2)nc1C.[Zn+2],-0.6110039
TRZ00875,Cc1ccc(-c2nnc(C)c(C)n2)o1,Zn2+,Cc1ccc(-c2nnc(C)c(C)n2)o1.[Zn+2],-0.6175318
TRZ02699,Cc1nnc(-c2nccs2)nc1C,Zn2+,Cc1nnc(-c2nccs2)nc1C.[Zn+2],-0.6222105
TRZ05695,Cc1nnc(-c2c(OC(F)F)cnc3sccc23)nc1C,Zn2+,Cc1nnc(-c2c(OC(F)F)cnc3sccc23)nc1C.[Zn+2],-0.624104
TRZ02202,Cc1nnc(-c2ncoc2C(F)(F)F)nc1C,Zn2+,Cc1nnc(-c2ncoc2C(F)(F)F)nc1C.[Zn+2],-0.6247606
TRZ00396,Cc1nnc(-c2sc(-c3ccccc3)nc2C)nc1C,Zn2+,Cc1nnc(-c2sc(-c3ccccc3)nc2C)nc1C.[Zn+2],-0.6258235
TRZ00488,Cc1nnc(-c2sccc2OCc2cccc(C(F)(F)F)c2)nc1C,Zn2+,Cc1nnc(-c2sccc2OCc2cccc(C(F)(F)F)c2)nc1C.[Zn+2],-0.6258383
TRZ02476,Cc1ccccc1C(=O)NC(CCc1nnc(C)c(C)n1)c1nnc(C)c(C)n1,Zn2+,Cc1ccccc1C(=O)NC(CCc1nnc(C)c(C)n1)c1nnc(C)c(C)n1.[Zn+2],-0.6274147
TRZ05278,Cc1nnc(-c2cc(F)ccc2OC(F)(F)F)nc1C,Zn2+,Cc1nnc(-c2cc(F)ccc2OC(F)(F)F)nc1C.[Zn+2],-0.62852764
TRZ02636,Cc1nnc(CSCc2ccccc2)nc1C,Zn2+,Cc1nnc(CSCc2ccccc2)nc1C.[Zn+2],-0.6296277
TRZ02357,Cc1nnc(-c2c(C)c(C#N)c3ccccn23)nc1C,Zn2+,Cc1nnc(-c2c(C)c(C#N)c3ccccn23)nc1C.[Zn+2],-0.63145065
TRZ02411,Cc1nnc(-c2cc3c(C)nn(C)c3s2)nc1C,Zn2+,Cc1nnc(-c2cc3c(C)nn(C)c3s2)nc1C.[Zn+2],-0.63178587
TRZ04877,Cc1nnc(-c2cn(C)nc2C(F)F)nc1C,Zn2+,Cc1nnc(-c2cn(C)nc2C(F)F)nc1C.[Zn+2],-0.6323285
TRZ01095,Cc1nnc(-c2sccc2-n2c(C)ccc2C)nc1C,Zn2+,Cc1nnc(-c2sccc2-n2c(C)ccc2C)nc1C.[Zn+2],-0.63460875
TRZ02281,Cc1nnc(-c2nnc(N)o2)nc1C,Zn2+,Cc1nnc(-c2nnc(N)o2)nc1C.[Zn+2],-0.63511276
TRZ03118,Cc1nnc(-c2ccc(F)cc2OC(F)(F)F)nc1C,Zn2+,Cc1nnc(-c2ccc(F)cc2OC(F)(F)F)nc1C.[Zn+2],-0.6356664
TRZ02749,Cc1nnc(-c2nc(-c3ccccc3)cs2)nc1C,Zn2+,Cc1nnc(-c2nc(-c3ccccc3)cs2)nc1C.[Zn+2],-0.6372099
TRZ03377,CCn1nc(C(F)(F)F)cc1C(=O)Nc1c(C)cc(Cl)cc1-c1nnc(C)c(C)n1,Zn2+,CCn1nc(C(F)(F)F)cc1C(=O)Nc1c(C)cc(Cl)cc1-c1nnc(C)c(C)n1.[Zn+2],-0.63755465
TRZ02220,Cc1nnc(-c2cc3ccc(C(F)(F)F)nc3o2)nc1C,Zn2+,Cc1nnc(-c2cc3ccc(C(F)(F)F)nc3o2)nc1C.[Zn+2],-0.6381483
TRZ04474,Cc1nnc(-c2c(C)ncn2CC(F)F)nc1C,Zn2+,Cc1nnc(-c2c(C)ncn2CC(F)F)nc1C.[Zn+2],-0.63815594
TRZ00063,COc1ccccc1OCc1nnc(C)c(C)n1,Zn2+,COc1ccccc1OCc1nnc(C)c(C)n1.[Zn+2],-0.64109564
TRZ01599,Cc1nnc(-c2cc(SCc3cccc(C(F)(F)F)c3)ccn2)nc1C,Zn2+,Cc1nnc(-c2cc(SCc3cccc(C(F)(F)F)c3)ccn2)nc1C.[Zn+2],-0.6412449
TRZ00079,Cc1nnc(-c2cc(Br)cs2)nc1C,Zn2+,Cc1nnc(-c2cc(Br)cs2)nc1C.[Zn+2],-0.64485884
TRZ00087,Cc1nnc(COc2ccccc2)nc1C,Zn2+,Cc1nnc(COc2ccccc2)nc1C.[Zn+2],-0.6467271
TRZ02522,Cc1nnc(-c2cc(SCc3cccc(C#N)c3)ccn2)nc1C,Zn2+,Cc1nnc(-c2cc(SCc3cccc(C#N)c3)ccn2)nc1C.[Zn+2],-0.64713573
TRZ02797,Cc1nnc(CNc2ccc(Br)cc2F)nc1C,Zn2+,Cc1nnc(CNc2ccc(Br)cc2F)nc1C.[Zn+2],-0.6495099
TRZ02518,Cc1nnc(-c2cc(SCc3cccc(Br)c3)ccn2)nc1C,Zn2+,Cc1nnc(-c2cc(SCc3cccc(Br)c3)ccn2)nc1C.[Zn+2],-0.6503968
TRZ02914,Cc1nnc(-c2cc(C(F)(F)F)nn2C)nc1C,Zn2+,Cc1nnc(-c2cc(C(F)(F)F)nn2C)nc1C.[Zn+2],-0.6506624
TRZ01650,CC1=CCCC(C)(C)C1/C=C/c1cc(-c2nnc(C)c(C)n2)no1,Zn2+,CC1=CCCC(C)(C)C1/C=C/c1cc(-c2nnc(C)c(C)n2)no1.[Zn+2],-0.65311337
TRZ01563,Cc1nnc(Cn2nc(C(F)(F)F)c(Cl)c2C)nc1C,Zn2+,Cc1nnc(Cn2nc(C(F)(F)F)c(Cl)c2C)nc1C.[Zn+2],-0.65419245
TRZ02168,Cc1nnc(-c2ccc(-c3ccc(Br)cc3)s2)nc1C,Zn2+,Cc1nnc(-c2ccc(-c3ccc(Br)cc3)s2)nc1C.[Zn+2],-0.65431356
TRZ01097,Cc1nnc(C(C)Oc2ccc(C(C)(C)C)cc2)nc1C,Zn2+,Cc1nnc(C(C)Oc2ccc(C(C)(C)C)cc2)nc1C.[Zn+2],-0.6574321
TRZ01672,COc1ccc(C(=O)Nc2nc(C)c(-c3nnc(C)c(C)n3)s2)cc1,Zn2+,COc1ccc(C(=O)Nc2nc(C)c(-c3nnc(C)c(C)n3)s2)cc1.[Zn+2],-0.6588626
TRZ03483,Cc1nnc(-c2csc(-c3ccc(C(C)(C)O)cc3F)n2)nc1C,Zn2+,Cc1nnc(-c2csc(-c3ccc(C(C)(C)O)cc3F)n2)nc1C.[Zn+2],-0.65945053
TRZ01404,Cc1nnc(COc2ccc(OCc3ccccc3)cc2)nc1C,Zn2+,Cc1nnc(COc2ccc(OCc3ccccc3)cc2)nc1C.[Zn+2],-0.65982103
TRZ05592,Cc1cc(-c2nnc(C)c(C)n2)nc(N2CCC(F)(F)C2)n1,Zn2+,Cc1cc(-c2nnc(C)c(C)n2)nc(N2CCC(F)(F)C2)n1.[Zn+2],-0.66098166
TRZ00679,Cc1nnc(-c2sccc2OCc2ccc(F)cc2)nc1C,Zn2+,Cc1nnc(-c2sccc2OCc2ccc(F)cc2)nc1C.[Zn+2],-0.6614275
TRZ05598,Cc1cc(-c2nnc(C)c(C)n2)nc(N2CCC(C(F)(F)F)C2)n1,Zn2+,Cc1cc(-c2nnc(C)c(C)n2)nc(N2CCC(C(F)(F)F)C2)n1.[Zn+2],-0.6652074
TRZ04291,CCCCc1cc(C(F)(F)F)cnc1-c1nnc(C)c(C)n1,Zn2+,CCCCc1cc(C(F)(F)F)cnc1-c1nnc(C)c(C)n1.[Zn+2],-0.66592884
TRZ02731,Cc1nn2c(C)c(-c3nnc(C)c(C)n3)nc2s1,Zn2+,Cc1nn2c(C)c(-c3nnc(C)c(C)n3)nc2s1.[Zn+2],-0.6660156
TRZ01953,Cc1nnc(Cc2nc(C)n(C)n2)nc1C,Zn2+,Cc1nnc(Cc2nc(C)n(C)n2)nc1C.[Zn+2],-0.6667118
TRZ01381,Cc1cc(C)c(C)c(/C=C(\c2nnc(C)c(C)n2)N(C)C)c1C,Zn2+,Cc1cc(C)c(C)c(/C=C(\c2nnc(C)c(C)n2)N(C)C)c1C.[Zn+2],-0.6705737
TRZ00887,Cc1nnc(-c2cc(-c3ccc(Br)cc3)on2)nc1C,Zn2+,Cc1nnc(-c2cc(-c3ccc(Br)cc3)on2)nc1C.[Zn+2],-0.67101717
TRZ00112,Cc1nnc(-c2ccc(COc3ccc4ccccc4c3)o2)nc1C,Zn2+,Cc1nnc(-c2ccc(COc3ccc4ccccc4c3)o2)nc1C.[Zn+2],-0.6723032
TRZ02379,Cc1nnc(-c2nc(-c3ccccc3)c(C)o2)nc1C,Zn2+,Cc1nnc(-c2nc(-c3ccccc3)c(C)o2)nc1C.[Zn+2],-0.67269135
TRZ02881,Cc1nnc(-c2nc3cccc(C)n3c2F)nc1C,Zn2+,Cc1nnc(-c2nc3cccc(C)n3c2F)nc1C.[Zn+2],-0.6753354
TRZ01541,COc1cc2ncnc(SCc3nnc(C)c(C)n3)c2cc1OC,Zn2+,COc1cc2ncnc(SCc3nnc(C)c(C)n3)c2cc1OC.[Zn+2],-0.67699957
TRZ00408,Cc1nnc(COc2ccccc2F)nc1C,Zn2+,Cc1nnc(COc2ccccc2F)nc1C.[Zn+2],-0.67727137
TRZ02777,Cc1nnc(-c2nnco2)nc1C,Zn2+,Cc1nnc(-c2nnco2)nc1C.[Zn+2],-0.68222046
TRZ00674,Cc1nnc(-c2sc(N3CCOCC3)nc2C)nc1C,Zn2+,Cc1nnc(-c2sc(N3CCOCC3)nc2C)nc1C.[Zn+2],-0.68549824
TRZ03935,Cc1cc(F)ccc1OCc1nnc(C)c(C)n1,Zn2+,Cc1cc(F)ccc1OCc1nnc(C)c(C)n1.[Zn+2],-0.6881213
TRZ02027,Cc1nnc(Cn2c([N+](=O)[O-])cnc2C)nc1C,Zn2+,Cc1nnc(Cn2c([N+](=O)[O-])cnc2C)nc1C.[Zn+2],-0.6900673
TRZ05587,Cc1cc(-c2nnc(C)c(C)n2)nc(OCCC(F)(F)F)n1,Zn2+,Cc1cc(-c2nnc(C)c(C)n2)nc(OCCC(F)(F)F)n1.[Zn+2],-0.6933112
TRZ02795,Cc1nnc(CNc2ccc(F)cc2Cl)nc1C,Zn2+,Cc1nnc(CNc2ccc(F)cc2Cl)nc1C.[Zn+2],-0.69793415
TRZ05593,Cc1cc(-c2nnc(C)c(C)n2)nc(N2CCC(C(F)(F)F)CC2)n1,Zn2+,Cc1cc(-c2nnc(C)c(C)n2)nc(N2CCC(C(F)(F)F)CC2)n1.[Zn+2],-0.6982994
TRZ01677,COc1ccc(-n2nc(-c3nnc(C)c(C)n3)nc2-c2cc(OC)c(OC)c(OC)c2)cc1,Zn2+,COc1ccc(-n2nc(-c3nnc(C)c(C)n3)nc2-c2cc(OC)c(OC)c(OC)c2)cc1.[Zn+2],-0.6990242
TRZ02960,CO[C@@](c1ccccc1)(c1nnc(C)c(C)n1)C(F)(F)F,Zn2+,CO[C@@](c1ccccc1)(c1nnc(C)c(C)n1)C(F)(F)F.[Zn+2],-0.700809
TRZ00992,Cc1nnc(-c2cc(CC3CC4CCC3C4)c3ccccc3n2)nc1C,Zn2+,Cc1nnc(-c2cc(CC3CC4CCC3C4)c3ccccc3n2)nc1C.[Zn+2],-0.701108
TRZ04098,Cc1nc(-c2nnc(C)c(C)n2)ccc1F,Zn2+,Cc1nc(-c2nnc(C)c(C)n2)ccc1F.[Zn+2],-0.70438004
TRZ02372,Cc1cc(SCc2nnc(C)c(C)n2)c(C)cc1Cl,Zn2+,Cc1cc(SCc2nnc(C)c(C)n2)c(C)cc1Cl.[Zn+2],-0.704474
TRZ04219,Cc1nnc([C@@]23CC(F)(F)[C@@H](C)[C@H](/C=C/c4ccc(N)cn4)[C@@H]2[C@@H](C)OC3=O)nc1C,Zn2+,Cc1nnc([C@@]23CC(F)(F)[C@@H](C)[C@H](/C=C/c4ccc(N)cn4)[C@@H]2[C@@H](C)OC3=O)nc1C.[Zn+2],-0.7121639
TRZ01597,Cc1nnc(-c2cc(SCc3cccc(F)c3)ccn2)nc1C,Zn2+,Cc1nnc(-c2cc(SCc3cccc(F)c3)ccn2)nc1C.[Zn+2],-0.7135625
TRZ02637,Cc1nnc(Cn2nnnc2C)nc1C,Zn2+,Cc1nnc(Cn2nnnc2C)nc1C.[Zn+2],-0.7140546
TRZ00740,Cc1nnc(-c2cnc(N)s2)nc1C,Zn2+,Cc1nnc(-c2cnc(N)s2)nc1C.[Zn+2],-0.71512556
TRZ01499,Cc1nnc(CNc2cccc(Cl)c2F)nc1C,Zn2+,Cc1nnc(CNc2cccc(Cl)c2F)nc1C.[Zn+2],-0.71715784
TRZ04044,Cc1nnc(-c2csc(C(F)(F)F)n2)nc1C,Zn2+,Cc1nnc(-c2csc(C(F)(F)F)n2)nc1C.[Zn+2],-0.71794987
TRZ02188,Cc1nnc([C@H](C)Oc2ccccc2)nc1C,Zn2+,Cc1nnc([C@H](C)Oc2ccccc2)nc1C.[Zn+2],-0.71810675
TRZ05558,Cc1nnc(-c2nc3cc(C#N)c(F)cc3s2)nc1C,Zn2+,Cc1nnc(-c2nc3cc(C#N)c(F)cc3s2)nc1C.[Zn+2],-0.72335625
TRZ04670,Cc1nnc(-c2ncc(C(F)(F)F)cc2C2CC2)nc1C,Zn2+,Cc1nnc(-c2ncc(C(F)(F)F)cc2C2CC2)nc1C.[Zn+2],-0.72372913
TRZ02280,Cc1nnc(COc2ccc(Br)cc2Br)nc1C,Zn2+,Cc1nnc(COc2ccc(Br)cc2Br)nc1C.[Zn+2],-0.7258215
TRZ02414,Cc1nnc(-c2ccsc2-n2c(C)ccc2C)nc1C,Zn2+,Cc1nnc(-c2ccsc2-n2c(C)ccc2C)nc1C.[Zn+2],-0.72998524
TRZ02307,C=CCc1ccccc1OCc1nnc(C)c(C)n1,Zn2+,C=CCc1ccccc1OCc1nnc(C)c(C)n1.[Zn+2],-0.7300129
TRZ05641,Cc1nnc([C@]23CN(Cc4ccccc4)C[C@@]2(C(F)(F)F)C3)nc1C,Zn2+,Cc1nnc([C@]23CN(Cc4ccccc4)C[C@@]2(C(F)(F)F)C3)nc1C.[Zn+2],-0.7331023
TRZ01948,COC1(c2nnc(C)c(C)n2)COc2ccccc2O1,Zn2+,COC1(c2nnc(C)c(C)n2)COc2ccccc2O1.[Zn+2],-0.7378216
TRZ02146,Cc1nnc(-c2cc3c(s2)CCC(C(C)(C)C)C3)nc1C,Zn2+,Cc1nnc(-c2cc3c(s2)CCC(C(C)(C)C)C3)nc1C.[Zn+2],-0.7415085
TRZ03087,Cc1nnc(-c2c(NC(N)=O)cccc2-c2ccccc2C(F)(F)F)nc1C,Zn2+,Cc1nnc(-c2c(NC(N)=O)cccc2-c2ccccc2C(F)(F)F)nc1C.[Zn+2],-0.744195
TRZ02017,Cc1nnc(-c2cnc(-c3nnc(C)c(C)n3)cn2)nc1C,Zn2+,Cc1nnc(-c2cnc(-c3nnc(C)c(C)n3)cn2)nc1C.[Zn+2],-0.74687004
TRZ00458,Cc1cc(Cl)ccc1OCc1nnc(C)c(C)n1,Zn2+,Cc1cc(Cl)ccc1OCc1nnc(C)c(C)n1.[Zn+2],-0.7484493
TRZ05707,CC(=O)N1N=C(c2nnc(C)c(C)n2)CC1(c1ccccc1)C(F)(F)F,Zn2+,CC(=O)N1N=C(c2nnc(C)c(C)n2)CC1(c1ccccc1)C(F)(F)F.[Zn+2],-0.7489767
TRZ02542,C/C(=N\N)c1c(C)[nH]c(-c2nnc(C)c(C)n2)c1C,Zn2+,C/C(=N\N)c1c(C)[nH]c(-c2nnc(C)c(C)n2)c1C.[Zn+2],-0.7489886
TRZ03316,CCc1ccc(Nc2c(-c3nnc(C)c(C)n3)ccc(F)c2F)c(F)c1,Zn2+,CCc1ccc(Nc2c(-c3nnc(C)c(C)n3)ccc(F)c2F)c(F)c1.[Zn+2],-0.7505684
TRZ05037,COCC1C[C@H]1c1cc(C(F)(F)F)cnc1-c1nnc(C)c(C)n1,Zn2+,COCC1C[C@H]1c1cc(C(F)(F)F)cnc1-c1nnc(C)c(C)n1.[Zn+2],-0.75248194
TRZ05313,Cc1nnc(-c2nc(Br)cnc2F)nc1C,Zn2+,Cc1nnc(-c2nc(Br)cnc2F)nc1C.[Zn+2],-0.75961876
TRZ05264,Cc1nnc(-c2nnsc2C(F)(F)F)nc1C,Zn2+,Cc1nnc(-c2nnsc2C(F)(F)F)nc1C.[Zn+2],-0.7603893
TRZ00995,COC1CCCC(c2cc(-c3nnc(C)c(C)n3)nc3ccccc23)C1,Zn2+,COC1CCCC(c2cc(-c3nnc(C)c(C)n3)nc3ccccc23)C1.[Zn+2],-0.76167583
TRZ01424,CCc1ccc2c(Cl)c(-c3nnc(C)c(C)n3)sc2c1,Zn2+,CCc1ccc2c(Cl)c(-c3nnc(C)c(C)n3)sc2c1.[Zn+2],-0.7652278
TRZ00155,Cc1nnc(-c2ccc(COc3ccc4c(c3)CCC4)o2)nc1C,Zn2+,Cc1nnc(-c2ccc(COc3ccc4c(c3)CCC4)o2)nc1C.[Zn+2],-0.7653885
TRZ05884,Cc1nnc(-c2ccc(C(F)(F)F)nc2C(=O)c2c(F)cccc2F)nc1C,Zn2+,Cc1nnc(-c2ccc(C(F)(F)F)nc2C(=O)c2c(F)cccc2F)nc1C.[Zn+2],-0.7697234
TRZ05603,Cc1nnc(C2CN(c3nnc(-c4cnc(NC5Cc6cc(F)c(F)cc6C5)nc4)o3)C2)nc1C,Zn2+,Cc1nnc(C2CN(c3nnc(-c4cnc(NC5Cc6cc(F)c(F)cc6C5)nc4)o3)C2)nc1C.[Zn+2],-0.76989937
TRZ02295,Cc1nnc(CSc2nc3ccccc3o2)nc1C,Zn2+,Cc1nnc(CSc2nc3ccccc3o2)nc1C.[Zn+2],-0.7723751
TRZ01952,COc1ccccc1OC(C)c1nnc(C)c(C)n1,Zn2+,COc1ccccc1OC(C)c1nnc(C)c(C)n1.[Zn+2],-0.7725439
TRZ04462,CCSc1cc2c(cc1-c1nnc(C)c(C)n1)nc(C(F)(F)F)n2C,Zn2+,CCSc1cc2c(cc1-c1nnc(C)c(C)n1)nc(C(F)(F)F)n2C.[Zn+2],-0.77403116
TRZ04218,Cc1ccc(/C=C/[C@@H]2[C@@H]3[C@@H](C)OC(=O)[C@]3(c3nnc(C)c(C)n3)CC(F)(F)[C@H]2C)nc1,Zn2+,Cc1ccc(/C=C/[C@@H]2[C@@H]3[C@@H](C)OC(=O)[C@]3(c3nnc(C)c(C)n3)CC(F)(F)[C@H]2C)nc1.[Zn+2],-0.77784395
TRZ03861,Cc1nnc(/C=C\n2cnc(-c3cc(OC(C)C)cc(C(F)(F)F)c3)n2)nc1C,Zn2+,Cc1nnc(/C=C\n2cnc(-c3cc(OC(C)C)cc(C(F)(F)F)c3)n2)nc1C.[Zn+2],-0.77873516
TRZ03164,Cc1nnc(-c2cc(-c3cccc(F)c3)on2)nc1C,Zn2+,Cc1nnc(-c2cc(-c3cccc(F)c3)on2)nc1C.[Zn+2],-0.77933645
TRZ01306,Cc1nnc(Cc2scnc2C)nc1C,Zn2+,Cc1nnc(Cc2scnc2C)nc1C.[Zn+2],-0.78946733
TRZ04045,C=C[C@H](c1nnc(C)c(C)n1)C(O)c1cc(C(F)(F)F)cc(C(F)(F)F)c1,Zn2+,C=C[C@H](c1nnc(C)c(C)n1)C(O)c1cc(C(F)(F)F)cc(C(F)(F)F)c1.[Zn+2],-0.7964988
TRZ00162,Cc1cc(-c2nnc(C)c(C)n2)c(C)o1,Zn2+,Cc1cc(-c2nnc(C)c(C)n2)c(C)o1.[Zn+2],-0.8050947
TRZ01846,Cc1nnc(-c2cn(C)nc2C(F)(F)F)nc1C,Zn2+,Cc1nnc(-c2cn(C)nc2C(F)(F)F)nc1C.[Zn+2],-0.8145995
TRZ03201,Cc1nnc(C(C)(C)Oc2c(F)cccc2F)nc1C,Zn2+,Cc1nnc(C(C)(C)Oc2c(F)cccc2F)nc1C.[Zn+2],-0.81511164
TRZ05332,Cc1nnc(-c2ccc(F)cc2NC(=O)Nc2cc(F)cc(F)c2)nc1C,Zn2+,Cc1nnc(-c2ccc(F)cc2NC(=O)Nc2cc(F)cc(F)c2)nc1C.[Zn+2],-0.81676817
TRZ03135,COc1cc(NC(=O)c2ccccc2F)ccc1-c1nnc(C)c(C)n1,Zn2+,COc1cc(NC(=O)c2ccccc2F)ccc1-c1nnc(C)c(C)n1.[Zn+2],-0.8178668
TRZ03195,Cc1nnc(C(C)(C)Oc2ccc(F)c(F)c2)nc1C,Zn2+,Cc1nnc(C(C)(C)Oc2ccc(F)c(F)c2)nc1C.[Zn+2],-0.82022715
TRZ02074,Cc1nnc(C(C)Oc2ccc(F)cc2Cl)nc1C,Zn2+,Cc1nnc(C(C)Oc2ccc(F)cc2Cl)nc1C.[Zn+2],-0.8223758
TRZ05385,Cc1nnc(-c2nc3cnc(F)cc3s2)nc1C,Zn2+,Cc1nnc(-c2nc3cnc(F)cc3s2)nc1C.[Zn+2],-0.8224807
TRZ00127,CCOc1ccc(OCc2ccc(-c3nnc(C)c(C)n3)o2)cc1,Zn2+,CCOc1ccc(OCc2ccc(-c3nnc(C)c(C)n3)o2)cc1.[Zn+2],-0.82622004
TRZ04242,CCC(c1nnc(C)c(C)n1)C(O)c1cc(C(F)(F)F)cc(C(F)(F)F)c1,Zn2+,CCC(c1nnc(C)c(C)n1)C(O)c1cc(C(F)(F)F)cc(C(F)(F)F)c1.[Zn+2],-0.8303609
TRZ00214,Cc1ccc(OCc2nnc(C)c(C)n2)cc1,Zn2+,Cc1ccc(OCc2nnc(C)c(C)n2)cc1.[Zn+2],-0.830935
TRZ05581,Cc1cc(-c2nnc(C)c(C)n2)nc(N2CCC(F)CC2)n1,Zn2+,Cc1cc(-c2nnc(C)c(C)n2)nc(N2CCC(F)CC2)n1.[Zn+2],-0.8351846
TRZ00468,Cc1nnc(CSc2ccccc2F)nc1C,Zn2+,Cc1nnc(CSc2ccccc2F)nc1C.[Zn+2],-0.8360534
TRZ05594,Cc1cc(-c2nnc(C)c(C)n2)nc(N2CC(F)(F)C2)n1,Zn2+,Cc1cc(-c2nnc(C)c(C)n2)nc(N2CC(F)(F)C2)n1.[Zn+2],-0.8372512
TRZ01466,Cc1nnc(CCOc2ccccc2)nc1C,Zn2+,Cc1nnc(CCOc2ccccc2)nc1C.[Zn+2],-0.8377776
TRZ03699,Cc1nnc(CCN(CCc2nnc(C)c(C)n2)c2ccc(F)cc2)nc1C,Zn2+,Cc1nnc(CCN(CCc2nnc(C)c(C)n2)c2ccc(F)cc2)nc1C.[Zn+2],-0.8416047
TRZ03880,Cc1nnc(-c2cc(Br)ccc2OC(F)(F)F)nc1C,Zn2+,Cc1nnc(-c2cc(Br)ccc2OC(F)(F)F)nc1C.[Zn+2],-0.84484625
TRZ00611,Cc1nnc([C@H](Cc2ccccc2)NC(=O)Nc2ccc3c(c2)OCCO3)nc1C,Zn2+,Cc1nnc([C@H](Cc2ccccc2)NC(=O)Nc2ccc3c(c2)OCCO3)nc1C.[Zn+2],-0.8482566
TRZ05573,Cc1nnc(C2(n3cc(N=O)c(F)n3)CC2)nc1C,Zn2+,Cc1nnc(C2(n3cc(N=O)c(F)n3)CC2)nc1C.[Zn+2],-0.85506487
TRZ02390,Cc1nnc(-c2sc(COc3ccc(C(C)(C)C)cc3)nc2C)nc1C,Zn2+,Cc1nnc(-c2sc(COc3ccc(C(C)(C)C)cc3)nc2C)nc1C.[Zn+2],-0.8552804
TRZ01996,Cc1nnc(CCn2nnc(-c3cccc(Cl)c3Cl)n2)nc1C,Zn2+,Cc1nnc(CCn2nnc(-c3cccc(Cl)c3Cl)n2)nc1C.[Zn+2],-0.85972166
TRZ05316,COc1cnc(Cc2nnc(C)c(C)n2)c(F)c1,Zn2+,COc1cnc(Cc2nnc(C)c(C)n2)c(F)c1.[Zn+2],-0.8635917
TRZ02034,Cc1nnc(CSc2ccccc2)nc1C,Zn2+,Cc1nnc(CSc2ccccc2)nc1C.[Zn+2],-0.87178755
TRZ05876,Cc1nnc(-c2c(C(=O)c3c(F)cccc3F)ccnc2Cl)nc1C,Zn2+,Cc1nnc(-c2c(C(=O)c3c(F)cccc3F)ccnc2Cl)nc1C.[Zn+2],-0.87616205
TRZ00124,Cc1ccc(-n2nc(-c3nnc(C)c(C)n3)c(C)c(C#N)c2=O)cc1Cl,Zn2+,Cc1ccc(-n2nc(-c3nnc(C)c(C)n3)c(C)c(C#N)c2=O)cc1Cl.[Zn+2],-0.8774104
TRZ04095,COc1ccc(F)cc1-c1ccc(CC(CC(=O)O)NC(=O)c2nnc(C)c(C)n2)cc1,Zn2+,COc1ccc(F)cc1-c1ccc(CC(CC(=O)O)NC(=O)c2nnc(C)c(C)n2)cc1.[Zn+2],-0.8776307
TRZ02667,CCc1nn(C)c(-c2nnc(C)c(C)n2)c1Cl,Zn2+,CCc1nn(C)c(-c2nnc(C)c(C)n2)c1Cl.[Zn+2],-0.87855387
TRZ03357,Cc1nnc(C(C)c2nc(C(F)(F)F)cs2)nc1C,Zn2+,Cc1nnc(C(C)c2nc(C(F)(F)F)cs2)nc1C.[Zn+2],-0.8799062
TRZ03627,COc1cc(-c2ccc(F)cc2)ccc1-c1nnc(C)c(C)n1,Zn2+,COc1cc(-c2ccc(F)cc2)ccc1-c1nnc(C)c(C)n1.[Zn+2],-0.8799405
TRZ01399,COc1ccc(/C(=N/N)c2nnc(C)c(C)n2)cc1OC,Zn2+,COc1ccc(/C(=N/N)c2nnc(C)c(C)n2)cc1OC.[Zn+2],-0.881639
TRZ01437,Cc1ccc(C)c(OCc2nnc(C)c(C)n2)c1,Zn2+,Cc1ccc(C)c(OCc2nnc(C)c(C)n2)c1.[Zn+2],-0.8842683
TRZ00831,Cc1cccc(OC(C)c2nnc(C)c(C)n2)c1C,Zn2+,Cc1cccc(OC(C)c2nnc(C)c(C)n2)c1C.[Zn+2],-0.8855605
TRZ03143,COc1cc(NC(=O)c2ccc(F)cc2)ccc1-c1nnc(C)c(C)n1,Zn2+,COc1cc(NC(=O)c2ccc(F)cc2)ccc1-c1nnc(C)c(C)n1.[Zn+2],-0.88777304
TRZ05117,Cc1nnc(-c2scnc2C(F)(F)F)nc1C,Zn2+,Cc1nnc(-c2scnc2C(F)(F)F)nc1C.[Zn+2],-0.8890004
TRZ03046,Cc1nnc(C(=O)Nc2cccc(Cl)c2F)nc1C,Zn2+,Cc1nnc(C(=O)Nc2cccc(Cl)c2F)nc1C.[Zn+2],-0.89104986
TRZ02574,COc1cc2c(cc1OC)C(c1nnc(C)c(C)n1)C(C)=NN=C2C,Zn2+,COc1cc2c(cc1OC)C(c1nnc(C)c(C)n1)C(C)=NN=C2C.[Zn+2],-0.8949485
TRZ00514,Cc1nnc(-c2cc3c(s2)CCCCCC3)nc1C,Zn2+,Cc1nnc(-c2cc3c(s2)CCCCCC3)nc1C.[Zn+2],-0.89598036
TRZ04927,COC[C@@H]1C[C@H]1c1cc(C(F)(F)F)cnc1-c1nnc(C)c(C)n1,Zn2+,COC[C@@H]1C[C@H]1c1cc(C(F)(F)F)cnc1-c1nnc(C)c(C)n1.[Zn+2],-0.9029851
TRZ02959,CO[C@](c1ccccc1)(c1nnc(C)c(C)n1)C(F)(F)F,Zn2+,CO[C@](c1ccccc1)(c1nnc(C)c(C)n1)C(F)(F)F.[Zn+2],-0.90348005
TRZ05777,Cc1nnc(-c2cc(C(F)F)on2)nc1C,Zn2+,Cc1nnc(-c2cc(C(F)F)on2)nc1C.[Zn+2],-0.908257
TRZ01543,CSc1sc(-c2nnc(C)c(C)n2)c2c1C=CCC2,Zn2+,CSc1sc(-c2nnc(C)c(C)n2)c2c1C=CCC2.[Zn+2],-0.908298
TRZ02911,Cc1nnc(COc2ccc(F)cc2Cl)nc1C,Zn2+,Cc1nnc(COc2ccc(F)cc2Cl)nc1C.[Zn+2],-0.9143939
TRZ03588,Cc1nnc(-c2cc(C)c3cc(C4CC4)cc(CF)c3n2)nc1C,Zn2+,Cc1nnc(-c2cc(C)c3cc(C4CC4)cc(CF)c3n2)nc1C.[Zn+2],-0.9158063
TRZ01885,CCn1c(SCc2nnc(C)c(C)n2)nnc1-c1ccco1,Zn2+,CCn1c(SCc2nnc(C)c(C)n2)nnc1-c1ccco1.[Zn+2],-0.9230943
TRZ04290,CC/C=C/c1cc(C(F)(F)F)cnc1-c1nnc(C)c(C)n1,Zn2+,CC/C=C/c1cc(C(F)(F)F)cnc1-c1nnc(C)c(C)n1.[Zn+2],-0.9243026
TRZ00432,Cc1nnc(-c2ccc(COc3ccccc3)o2)nc1C,Zn2+,Cc1nnc(-c2ccc(COc3ccccc3)o2)nc1C.[Zn+2],-0.9252181
TRZ02200,COc1cc(-c2nnc(C)c(C)n2)nc2ccc(F)cc12,Zn2+,COc1cc(-c2nnc(C)c(C)n2)nc2ccc(F)cc12.[Zn+2],-0.9270005
TRZ05696,Cc1nnc(-c2cc(Br)cnc2OC(F)F)nc1C,Zn2+,Cc1nnc(-c2cc(Br)cnc2OC(F)F)nc1C.[Zn+2],-0.9271159
TRZ02410,Cc1nnc(CSc2ncnc3c(C)csc23)nc1C,Zn2+,Cc1nnc(CSc2ncnc3c(C)csc23)nc1C.[Zn+2],-0.92955446
TRZ05776,Cc1nnc(-c2cc(C(F)(F)F)on2)nc1C,Zn2+,Cc1nnc(-c2cc(C(F)(F)F)on2)nc1C.[Zn+2],-0.9304166
TRZ02770,Cc1nnc(C(C#N)=Cc2ccccc2)nc1C,Zn2+,Cc1nnc(C(C#N)=Cc2ccccc2)nc1C.[Zn+2],-0.93122053
TRZ01502,Cc1nnc(COc2cccc(Br)c2)nc1C,Zn2+,Cc1nnc(COc2cccc(Br)c2)nc1C.[Zn+2],-0.9313359
TRZ05775,Cc1nnc(-c2noc(C)c2F)nc1C,Zn2+,Cc1nnc(-c2noc(C)c2F)nc1C.[Zn+2],-0.9350114
TRZ02222,Cc1nnc(-c2sc(-c3cccc(F)c3)nc2C)nc1C,Zn2+,Cc1nnc(-c2sc(-c3cccc(F)c3)nc2C)nc1C.[Zn+2],-0.9372344
TRZ02294,CCCc1nn2cc(Cc3nnc(C)c(C)n3)nc2s1,Zn2+,CCCc1nn2cc(Cc3nnc(C)c(C)n3)nc2s1.[Zn+2],-0.93765974
TRZ00487,Cc1nnc(-c2c(C)nn(C)c2C)nc1C,Zn2+,Cc1nnc(-c2c(C)nn(C)c2C)nc1C.[Zn+2],-0.93800974
TRZ05810,Cc1nnc(C2=C(Cl)c3ccc(F)cc3S2=C(CC(=O)F)C(F)F)nc1C,Zn2+,Cc1nnc(C2=C(Cl)c3ccc(F)cc3S2=C(CC(=O)F)C(F)F)nc1C.[Zn+2],-0.93810034
TRZ00422,Cc1nnc(-c2cc3c(s2)CCCCC3)nc1C,Zn2+,Cc1nnc(-c2cc3c(s2)CCCCC3)nc1C.[Zn+2],-0.93956614
TRZ00856,COc1ccccc1SCc1nnc(C)c(C)n1,Zn2+,COc1ccccc1SCc1nnc(C)c(C)n1.[Zn+2],-0.9405341
TRZ01223,Cc1ccc(SCc2nnc(C)c(C)n2)cc1,Zn2+,Cc1ccc(SCc2nnc(C)c(C)n2)cc1.[Zn+2],-0.94415617
TRZ02075,Cc1nnc(C(C)Oc2ccc(F)cc2F)nc1C,Zn2+,Cc1nnc(C(C)Oc2ccc(F)cc2F)nc1C.[Zn+2],-0.9470973
TRZ02420,CSc1c(C#N)c(-c2ccccc2)nn1Cc1nnc(C)c(C)n1,Zn2+,CSc1c(C#N)c(-c2ccccc2)nn1Cc1nnc(C)c(C)n1.[Zn+2],-0.9471698
TRZ03932,Cc1nnc(C(C)Oc2ccc(C#N)c(F)c2)nc1C,Zn2+,Cc1nnc(C(C)Oc2ccc(C#N)c(F)c2)nc1C.[Zn+2],-0.9484649
TRZ00732,Cc1nnc(C(C)Oc2ccccc2)nc1C,Zn2+,Cc1nnc(C(C)Oc2ccccc2)nc1C.[Zn+2],-0.95569086
TRZ03101,Cc1nnc(-c2ncc(F)cc2F)nc1C,Zn2+,Cc1nnc(-c2ncc(F)cc2F)nc1C.[Zn+2],-0.9638791
TRZ01107,Cc1nnc(CNc2ccc(F)c(Cl)c2)nc1C,Zn2+,Cc1nnc(CNc2ccc(F)c(Cl)c2)nc1C.[Zn+2],-0.96682024
TRZ02594,Cc1nnc(-c2sc3nc4ccccc4n3c2C)nc1C,Zn2+,Cc1nnc(-c2sc3nc4ccccc4n3c2C)nc1C.[Zn+2],-0.96949625
TRZ05540,Cc1nnc(-c2cc3cc(F)ccc3o2)nc1C,Zn2+,Cc1nnc(-c2cc3cc(F)ccc3o2)nc1C.[Zn+2],-0.9696069
TRZ00215,Cc1ccccc1OCc1nnc(C)c(C)n1,Zn2+,Cc1ccccc1OCc1nnc(C)c(C)n1.[Zn+2],-0.97754526
TRZ02655,Cc1nnc(CC(O)c2ccccc2)nc1C,Zn2+,Cc1nnc(CC(O)c2ccccc2)nc1C.[Zn+2],-0.98013735
TRZ03696,COc1ccc(F)cc1-c1nnc(C)c(C)n1,Zn2+,COc1ccc(F)cc1-c1nnc(C)c(C)n1.[Zn+2],-0.9837947
TRZ02030,Cc1nnc(-c2cc3c(s2)-c2ccccc2OC3)nc1C,Zn2+,Cc1nnc(-c2cc3c(s2)-c2ccccc2OC3)nc1C.[Zn+2],-0.98785925
TRZ03977,Cc1nnc(-c2nc(Br)c(C(F)(F)F)nc2N)nc1C,Zn2+,Cc1nnc(-c2nc(Br)c(C(F)(F)F)nc2N)nc1C.[Zn+2],-0.98910666
TRZ00871,Cc1nc(C)c(-c2nnc(C)c(C)n2)s1,Zn2+,Cc1nc(C)c(-c2nnc(C)c(C)n2)s1.[Zn+2],-0.9929204
TRZ02088,Cc1nnc(-c2nn(C)c(C(F)(F)F)c2Br)nc1C,Zn2+,Cc1nnc(-c2nn(C)c(C(F)(F)F)c2Br)nc1C.[Zn+2],-0.99472094
TRZ05509,CCOc1ccc(-c2cc(F)cc(-c3nnc(C)c(C)n3)n2)cc1,Zn2+,CCOc1ccc(-c2cc(F)cc(-c3nnc(C)c(C)n3)n2)cc1.[Zn+2],-0.99544764
TRZ00111,Cc1cc(C)cc(OCc2ccc(-c3nnc(C)c(C)n3)o2)c1,Zn2+,Cc1cc(C)cc(OCc2ccc(-c3nnc(C)c(C)n3)o2)c1.[Zn+2],-0.9956622
TRZ03964,C=C[C@H](c1nnc(C)c(C)n1)[C@H](O)c1cc(C(F)(F)F)cc(C(F)(F)F)c1,Zn2+,C=C[C@H](c1nnc(C)c(C)n1)[C@H](O)c1cc(C(F)(F)F)cc(C(F)(F)F)c1.[Zn+2],-0.9984288
TRZ02029,Cc1nnc(-c2cc(Br)cc(Br)c2N)nc1C,Zn2+,Cc1nnc(-c2cc(Br)cc(Br)c2N)nc1C.[Zn+2],-0.99860334
TRZ05281,Cc1nnc(-c2ccccc2OC(F)(F)C(F)F)nc1C,Zn2+,Cc1nnc(-c2ccccc2OC(F)(F)C(F)F)nc1C.[Zn+2],-1.0017333
TRZ02365,Cc1ccc(SCCc2nnc(C)c(C)n2)cc1,Zn2+,Cc1ccc(SCCc2nnc(C)c(C)n2)cc1.[Zn+2],-1.0023971
TRZ05139,COc1ccc(C(F)(F)F)cc1-c1nnc(C)c(C)n1,Zn2+,COc1ccc(C(F)(F)F)cc1-c1nnc(C)c(C)n1.[Zn+2],-1.0025678
TRZ05808,Cc1nnc(C2=Cc3ccc(F)cc3S2=C(CC(=O)F)C(F)F)nc1C,Zn2+,Cc1nnc(C2=Cc3ccc(F)cc3S2=C(CC(=O)F)C(F)F)nc1C.[Zn+2],-1.0057139
TRZ02134,Cc1nnc(-c2cc3c(s2)CCCC3)nc1C,Zn2+,Cc1nnc(-c2cc3c(s2)CCCC3)nc1C.[Zn+2],-1.0095191
TRZ05698,Cc1nnc(-c2c(F)ccc3c2OCCO3)nc1C,Zn2+,Cc1nnc(-c2c(F)ccc3c2OCCO3)nc1C.[Zn+2],-1.0110593
TRZ00738,Cc1nnc(-c2nccnc2-c2nnc(C)c(C)n2)nc1C,Zn2+,Cc1nnc(-c2nccnc2-c2nnc(C)c(C)n2)nc1C.[Zn+2],-1.0113206
TRZ05906,Cc1nnc(C(=O)Oc2c(F)cccc2F)nc1C,Zn2+,Cc1nnc(C(=O)Oc2c(F)cccc2F)nc1C.[Zn+2],-1.011477
TRZ02412,COc1c(Br)csc1-c1nnc(C)c(C)n1,Zn2+,COc1c(Br)csc1-c1nnc(C)c(C)n1.[Zn+2],-1.0118413
TRZ03995,Cc1nnc(C2=C(Cl)c3ccc(F)cc3/S2=C(/CC=O)C(F)(F)F)nc1C,Zn2+,Cc1nnc(C2=C(Cl)c3ccc(F)cc3/S2=C(/CC=O)C(F)(F)F)nc1C.[Zn+2],-1.0144143
TRZ02465,CCOc1ccc(OC(C)c2nnc(C)c(C)n2)cc1,Zn2+,CCOc1ccc(OC(C)c2nnc(C)c(C)n2)cc1.[Zn+2],-1.0193353
TRZ03194,Cc1cc(F)c(OC(C)(C)c2nnc(C)c(C)n2)c(F)c1,Zn2+,Cc1cc(F)c(OC(C)(C)c2nnc(C)c(C)n2)c(F)c1.[Zn+2],-1.0195327
TRZ00677,Cc1ccc(COc2ccsc2-c2nnc(C)c(C)n2)cc1,Zn2+,Cc1ccc(COc2ccsc2-c2nnc(C)c(C)n2)cc1.[Zn+2],-1.0222316
TRZ01446,CCc1ccc(-c2nnc(C)c(C)n2)s1,Zn2+,CCc1ccc(-c2nnc(C)c(C)n2)s1.[Zn+2],-1.0249009
TRZ03048,Cc1nnc(CCOc2ccccc2F)nc1C,Zn2+,Cc1nnc(CCOc2ccccc2F)nc1C.[Zn+2],-1.0268159
TRZ03980,CCOC(=O)C[C@@H](Cc1ccc(-c2cc(F)ccc2OC)cc1)NC(=O)c1nnc(C)c(C)n1,Zn2+,CCOC(=O)C[C@@H](Cc1ccc(-c2cc(F)ccc2OC)cc1)NC(=O)c1nnc(C)c(C)n1.[Zn+2],-1.0270772
TRZ03936,Cc1nnc(COc2ccc(Cl)c(F)c2)nc1C,Zn2+,Cc1nnc(COc2ccc(Cl)c(F)c2)nc1C.[Zn+2],-1.0277925
TRZ00284,Cc1csc(-c2nnc(C)c(C)n2)c1N(C)C,Zn2+,Cc1csc(-c2nnc(C)c(C)n2)c1N(C)C.[Zn+2],-1.0417686
TRZ05569,Cc1nnc(C(CCCCC2OCCO2)(OCc2ccccc2)C(F)(F)F)nc1C,Zn2+,Cc1nnc(C(CCCCC2OCCO2)(OCc2ccccc2)C(F)(F)F)nc1C.[Zn+2],-1.0443873
TRZ05597,Cc1cc(-c2nnc(C)c(C)n2)nc(N2CC(F)(F)CC(F)(F)C2)n1,Zn2+,Cc1cc(-c2nnc(C)c(C)n2)nc(N2CC(F)(F)CC(F)(F)C2)n1.[Zn+2],-1.0465789
TRZ04082,Cc1nnc(-c2ccnc(C(F)(F)F)n2)nc1C,Zn2+,Cc1nnc(-c2ccnc(C(F)(F)F)n2)nc1C.[Zn+2],-1.0486283
TRZ04293,CC[C@@H]1C[C@H]1c1cc(C(F)(F)F)cnc1-c1nnc(C)c(C)n1,Zn2+,CC[C@@H]1C[C@H]1c1cc(C(F)(F)F)cnc1-c1nnc(C)c(C)n1.[Zn+2],-1.0510736
TRZ03051,Cc1nnc(CSc2ccc(F)cc2F)nc1C,Zn2+,Cc1nnc(CSc2ccc(F)cc2F)nc1C.[Zn+2],-1.0535836
TRZ05809,Cc1nnc(C2=C(Cl)c3ccc(F)cc3S2=C(CC=O)C(F)(F)F)nc1C,Zn2+,Cc1nnc(C2=C(Cl)c3ccc(F)cc3S2=C(CC=O)C(F)(F)F)nc1C.[Zn+2],-1.0652509
TRZ02105,CO/N=C(/c1nnc(C)c(C)n1)c1ccccc1COc1cc(C)ccc1C,Zn2+,CO/N=C(/c1nnc(C)c(C)n1)c1ccccc1COc1cc(C)ccc1C.[Zn+2],-1.0655093
TRZ00817,Cc1ccc(C(C)C)c(OCc2nnc(C)c(C)n2)c1,Zn2+,Cc1ccc(C(C)C)c(OCc2nnc(C)c(C)n2)c1.[Zn+2],-1.0731444
TRZ03909,CCn1nc(C(F)(F)F)c(C)c1C(=O)Nc1c(C)cc(Cl)cc1-c1nnc(C)c(C)n1,Zn2+,CCn1nc(C(F)(F)F)c(C)c1C(=O)Nc1c(C)cc(Cl)cc1-c1nnc(C)c(C)n1.[Zn+2],-1.074656
TRZ00451,Cc1nnc(-c2snnc2C)nc1C,Zn2+,Cc1nnc(-c2snnc2C)nc1C.[Zn+2],-1.0774684
TRZ01100,Cc1nnc(-c2nc(C(C)C)cs2)nc1C,Zn2+,Cc1nnc(-c2nc(C(C)C)cs2)nc1C.[Zn+2],-1.0821481
TRZ00172,Cc1cc(-c2nnc(C)c(C)n2)no1,Zn2+,Cc1cc(-c2nnc(C)c(C)n2)no1.[Zn+2],-1.0825105
TRZ00838,Cc1nnc(-c2scnc2C)nc1C,Zn2+,Cc1nnc(-c2scnc2C)nc1C.[Zn+2],-1.0837989
TRZ03603,C=C(F)c1c(-c2nnc(C)c(C)n2)c(C)c2n1[C@@H](C)CN(C(C)C)C2=O,Zn2+,C=C(F)c1c(-c2nnc(C)c(C)n2)c(C)c2n1[C@@H](C)CN(C(C)C)C2=O.[Zn+2],-1.0862327
TRZ00271,Cc1nnc(-c2ccc(-n3c(C)ccc3C)s2)nc1C,Zn2+,Cc1nnc(-c2ccc(-n3c(C)ccc3C)s2)nc1C.[Zn+2],-1.0869508
TRZ02242,Cc1nnc(C(Cc2ccccc2)NC(=O)Cn2c(C(F)(F)F)nc3ccccc32)nc1C,Zn2+,Cc1nnc(C(Cc2ccccc2)NC(=O)Cn2c(C(F)(F)F)nc3ccccc32)nc1C.[Zn+2],-1.0891623
TRZ00044,Cc1cc(C)nc(SCc2nnc(C)c(C)n2)n1,Zn2+,Cc1cc(C)nc(SCc2nnc(C)c(C)n2)n1.[Zn+2],-1.0904374
TRZ05286,Cc1nnc(-c2nc(F)ccc2F)nc1C,Zn2+,Cc1nnc(-c2nc(F)ccc2F)nc1C.[Zn+2],-1.0918412
TRZ00836,Cc1nnc(-c2ncoc2C)nc1C,Zn2+,Cc1nnc(-c2ncoc2C)nc1C.[Zn+2],-1.0920568
TRZ00905,CCOc1ccc(CC(c2nnc(C)c(C)n2)c2nnc(C)c(C)n2)cc1CN(C)C,Zn2+,CCOc1ccc(CC(c2nnc(C)c(C)n2)c2nnc(C)c(C)n2)cc1CN(C)C.[Zn+2],-1.0970683
TRZ02958,COC(c1ccccc1)(c1nnc(C)c(C)n1)C(F)(F)F,Zn2+,COC(c1ccccc1)(c1nnc(C)c(C)n1)C(F)(F)F.[Zn+2],-1.098764
TRZ02298,C=CCc1ccc(OCc2nnc(C)c(C)n2)c(OC)c1,Zn2+,C=CCc1ccc(OCc2nnc(C)c(C)n2)c(OC)c1.[Zn+2],-1.1010947
TRZ04034,Cc1nnc(-c2nnc(C(F)(F)F)c(C(F)(F)F)n2)nc1C,Zn2+,Cc1nnc(-c2nnc(C(F)(F)F)c(C(F)(F)F)n2)nc1C.[Zn+2],-1.1195731
TRZ02619,Cc1nnc(-c2ccc(-c3nnc(C)c(C)n3)s2)nc1C,Zn2+,Cc1nnc(-c2ccc(-c3nnc(C)c(C)n3)s2)nc1C.[Zn+2],-1.1215749
TRZ04956,COc1nc(-c2nnc(C)c(C)n2)c(CC(C)(N)C(F)(F)F)cc1C(F)(F)F,Zn2+,COc1nc(-c2nnc(C)c(C)n2)c(CC(C)(N)C(F)(F)F)cc1C(F)(F)F.[Zn+2],-1.1353145
TRZ02009,Cc1nnc(-c2cc3c(s2)-c2ccccc2CC3)nc1C,Zn2+,Cc1nnc(-c2cc3c(s2)-c2ccccc2CC3)nc1C.[Zn+2],-1.1432109
TRZ04286,COC/C=C/c1cc(C(F)(F)F)cnc1-c1nnc(C)c(C)n1,Zn2+,COC/C=C/c1cc(C(F)(F)F)cnc1-c1nnc(C)c(C)n1.[Zn+2],-1.1459336
TRZ04169,COc1c(F)cccc1-c1nnc(C)c(C)n1,Zn2+,COc1c(F)cccc1-c1nnc(C)c(C)n1.[Zn+2],-1.1512952
TRZ01146,Cc1ccccc1SCc1nnc(C)c(C)n1,Zn2+,Cc1ccccc1SCc1nnc(C)c(C)n1.[Zn+2],-1.153338
TRZ05395,C=CC[C@@](OCc1ccccc1)(c1nnc(C)c(C)n1)C(F)(F)F,Zn2+,C=CC[C@@](OCc1ccccc1)(c1nnc(C)c(C)n1)C(F)(F)F.[Zn+2],-1.1608548
TRZ00859,Cc1nsc(-c2nnc(C)c(C)n2)n1,Zn2+,Cc1nsc(-c2nnc(C)c(C)n2)n1.[Zn+2],-1.1619039
TRZ01550,CCC1CCc2sc(-c3nnc(C)c(C)n3)cc2C1,Zn2+,CCC1CCc2sc(-c3nnc(C)c(C)n3)cc2C1.[Zn+2],-1.1660151
TRZ04125,Cc1nnc(COc2ccc(Cl)cc2F)nc1C,Zn2+,Cc1nnc(COc2ccc(Cl)cc2F)nc1C.[Zn+2],-1.1722198
TRZ02406,COc1ccccc1C1OC(=O)C[C@H]1c1nnc(C)c(C)n1,Zn2+,COc1ccccc1C1OC(=O)C[C@H]1c1nnc(C)c(C)n1.[Zn+2],-1.1731992
TRZ00374,Cc1ccc(OCc2ccc(-c3nnc(C)c(C)n3)o2)cc1C,Zn2+,Cc1ccc(OCc2ccc(-c3nnc(C)c(C)n3)o2)cc1C.[Zn+2],-1.1743283
TRZ02003,COc1cccc(OC)c1-c1nnc(C)c(C)n1,Zn2+,COc1cccc(OC)c1-c1nnc(C)c(C)n1.[Zn+2],-1.1798854
TRZ03721,Cc1nnc(-c2nn(-c3ccc(F)cc3F)c3c2C2CCC3C2)nc1C,Zn2+,Cc1nnc(-c2nn(-c3ccc(F)cc3F)c3c2C2CCC3C2)nc1C.[Zn+2],-1.1807914
TRZ02386,Cc1nnc(-c2cc(COc3c(Cl)cccc3Cl)on2)nc1C,Zn2+,Cc1nnc(-c2cc(COc3c(Cl)cccc3Cl)on2)nc1C.[Zn+2],-1.1890416
TRZ03324,Cc1nnc(C(=O)NCc2ccc(F)c(Cl)c2)nc1C,Zn2+,Cc1nnc(C(=O)NCc2ccc(F)c(Cl)c2)nc1C.[Zn+2],-1.1915822
TRZ03148,COc1cc(NC(=O)c2cccc(F)c2)ccc1-c1nnc(C)c(C)n1,Zn2+,COc1cc(NC(=O)c2cccc(F)c2)ccc1-c1nnc(C)c(C)n1.[Zn+2],-1.20116
TRZ05568,Cc1nnc(C(CCCC2OCCO2)(OCc2ccccc2)C(F)(F)F)nc1C,Zn2+,Cc1nnc(C(CCCC2OCCO2)(OCc2ccccc2)C(F)(F)F)nc1C.[Zn+2],-1.2014794
TRZ02031,Cc1nnc(COc2c(Cl)cccc2Cl)nc1C,Zn2+,Cc1nnc(COc2c(Cl)cccc2Cl)nc1C.[Zn+2],-1.2035375
TRZ03295,Cc1nnc(C(=O)Nc2ccc(C3CCC(C)CC3)cc2F)nc1C,Zn2+,Cc1nnc(C(=O)Nc2ccc(C3CCC(C)CC3)cc2F)nc1C.[Zn+2],-1.2064214
TRZ00424,Cc1nc(-c2nnc(C)c(C)n2)co1,Zn2+,Cc1nc(-c2nnc(C)c(C)n2)co1.[Zn+2],-1.2069488
TRZ03189,Cc1nnc(C(C)(C)Oc2c(F)cc(Cl)cc2F)nc1C,Zn2+,Cc1nnc(C(C)(C)Oc2c(F)cc(Cl)cc2F)nc1C.[Zn+2],-1.2090077
TRZ02876,Cc1nnc(COc2ccc(F)cc2F)nc1C,Zn2+,Cc1nnc(COc2ccc(F)cc2F)nc1C.[Zn+2],-1.2112584
TRZ02415,COc1cc(-c2nnc(C)c(C)n2)c(-n2c(C)ccc2C)cc1OC,Zn2+,COc1cc(-c2nnc(C)c(C)n2)c(-n2c(C)ccc2C)cc1OC.[Zn+2],-1.2115865
TRZ04259,CCOC(=O)CC(Cc1ccc(-c2cc(F)ccc2OC)cc1)NC(=O)c1nnc(C)c(C)n1,Zn2+,CCOC(=O)CC(Cc1ccc(-c2cc(F)ccc2OC)cc1)NC(=O)c1nnc(C)c(C)n1.[Zn+2],-1.2122979
TRZ03994,Cc1nnc(C2=Cc3ccc(F)cc3/S2=C(/CC=O)C(F)(F)F)nc1C,Zn2+,Cc1nnc(C2=Cc3ccc(F)cc3/S2=C(/CC=O)C(F)(F)F)nc1C.[Zn+2],-1.2172084
TRZ02352,CCCCc1ccc(OCc2nnc(C)c(C)n2)cc1,Zn2+,CCCCc1ccc(OCc2nnc(C)c(C)n2)cc1.[Zn+2],-1.2187314
TRZ05806,Cc1nnc(C2=Cc3ccc(F)cc3S2=C(CC=O)C(F)(F)F)nc1C,Zn2+,Cc1nnc(C2=Cc3ccc(F)cc3S2=C(CC=O)C(F)(F)F)nc1C.[Zn+2],-1.2408996
TRZ00500,COc1ccc(CCN2C(=O)C3C4CC(C5C(c6nnc(C)c(C)n6)=NOC45)C3C2=O)cc1OC,Zn2+,COc1ccc(CCN2C(=O)C3C4CC(C5C(c6nnc(C)c(C)n6)=NOC45)C3C2=O)cc1OC.[Zn+2],-1.2447057
TRZ02887,Cc1nnc(CC(O)c2ccc(F)cc2)nc1C,Zn2+,Cc1nnc(CC(O)c2ccc(F)cc2)nc1C.[Zn+2],-1.2462296
TRZ00065,Cc1nnc(-c2cc3c(s2)CCC(C)C3)nc1C,Zn2+,Cc1nnc(-c2cc3c(s2)CCC(C)C3)nc1C.[Zn+2],-1.2535605
TRZ02147,Cc1nc(C(F)(F)F)c(-c2nnc(C)c(C)n2)s1,Zn2+,Cc1nc(C(F)(F)F)c(-c2nnc(C)c(C)n2)s1.[Zn+2],-1.2602744
TRZ00165,Cc1nnc(-c2nonc2C)nc1C,Zn2+,Cc1nnc(-c2nonc2C)nc1C.[Zn+2],-1.2730012
TRZ00279,Cc1cc(-c2nc(C)c(-c3nnc(C)c(C)n3)s2)no1,Zn2+,Cc1cc(-c2nc(C)c(-c3nnc(C)c(C)n3)s2)no1.[Zn+2],-1.2737069
TRZ05075,Cc1nnc(CC(O)c2cc(-c3ccc(Cl)cc3)ccc2F)nc1C,Zn2+,Cc1nnc(CC(O)c2cc(-c3ccc(Cl)cc3)ccc2F)nc1C.[Zn+2],-1.2933125
TRZ05813,Cc1nnc(-c2nc(F)ccc2C=O)nc1C,Zn2+,Cc1nnc(-c2nc(F)ccc2C=O)nc1C.[Zn+2],-1.2942672
TRZ01519,Cc1nc(-c2nnc(C)c(C)n2)c(C(F)(F)F)o1,Zn2+,Cc1nc(-c2nnc(C)c(C)n2)c(C(F)(F)F)o1.[Zn+2],-1.2966714
TRZ03141,COc1cc(NC(=O)c2c(F)cccc2F)ccc1-c1nnc(C)c(C)n1,Zn2+,COc1cc(NC(=O)c2c(F)cccc2F)ccc1-c1nnc(C)c(C)n1.[Zn+2],-1.3000436
TRZ03190,Cc1nnc(C(C)(C)Oc2c(F)cc(F)cc2F)nc1C,Zn2+,Cc1nnc(C(C)(C)Oc2c(F)cc(F)cc2F)nc1C.[Zn+2],-1.3195996
TRZ00872,Cc1csc(-c2nnc(C)c(C)n2)c1Cl,Zn2+,Cc1csc(-c2nnc(C)c(C)n2)c1Cl.[Zn+2],-1.3261657
TRZ00116,COc1ccccc1OCc1ccc(-c2nnc(C)c(C)n2)o1,Zn2+,COc1ccccc1OCc1ccc(-c2nnc(C)c(C)n2)o1.[Zn+2],-1.3334765
TRZ03695,COc1cc(F)ccc1-c1nnc(C)c(C)n1,Zn2+,COc1cc(F)ccc1-c1nnc(C)c(C)n1.[Zn+2],-1.3352122
TRZ02436,CCC(Oc1cccc(Br)c1)c1nnc(C)c(C)n1,Zn2+,CCC(Oc1cccc(Br)c1)c1nnc(C)c(C)n1.[Zn+2],-1.3368268
TRZ00823,Cc1nnc(-c2ccoc2C)nc1C,Zn2+,Cc1nnc(-c2ccoc2C)nc1C.[Zn+2],-1.3514009
TRZ01868,Cc1nnc(Cc2nn3c(C4CCCCC4)nnc3s2)nc1C,Zn2+,Cc1nnc(Cc2nn3c(C4CCCCC4)nnc3s2)nc1C.[Zn+2],-1.3631015
TRZ05397,C=CCC(OCc1ccccc1)(c1nnc(C)c(C)n1)C(F)(F)F,Zn2+,C=CCC(OCc1ccccc1)(c1nnc(C)c(C)n1)C(F)(F)F.[Zn+2],-1.3633838
TRZ02873,Cc1nnc(-c2cc3c(s2)-c2cc(F)ccc2OC3)nc1C,Zn2+,Cc1nnc(-c2cc3c(s2)-c2cc(F)ccc2OC3)nc1C.[Zn+2],-1.3658233
TRZ02219,COc1ccc(-c2cc(-c3nnc(C)c(C)n3)no2)cc1F,Zn2+,COc1ccc(-c2cc(-c3nnc(C)c(C)n3)no2)cc1F.[Zn+2],-1.3789697
TRZ05407,C=CC[C@](OCc1ccccc1)(c1nnc(C)c(C)n1)C(F)(F)F,Zn2+,C=CC[C@](OCc1ccccc1)(c1nnc(C)c(C)n1)C(F)(F)F.[Zn+2],-1.385922
TRZ03835,Cc1nnc(C2(C)Oc3c(F)cc(F)cc3C2F)nc1C,Zn2+,Cc1nnc(C2(C)Oc3c(F)cc(F)cc3C2F)nc1C.[Zn+2],-1.3866477
TRZ03979,Cc1nnc(-c2nc(C(F)(F)F)c(C(F)(F)F)nc2N)nc1C,Zn2+,Cc1nnc(-c2nc(C(F)(F)F)c(C(F)(F)F)nc2N)nc1C.[Zn+2],-1.3883376
TRZ02099,Cc1nnc(C(=O)NCc2cc(F)c(F)c(F)c2)nc1C,Zn2+,Cc1nnc(C(=O)NCc2cc(F)c(F)c(F)c2)nc1C.[Zn+2],-1.4031148
TRZ05807,Cc1nnc(C2=Cc3ccc(F)cc3S2=C(C(F)F)C(F)C=O)nc1C,Zn2+,Cc1nnc(C2=Cc3ccc(F)cc3S2=C(C(F)F)C(F)C=O)nc1C.[Zn+2],-1.4037709
TRZ03255,COc1cc(O)cc(F)c1-c1nnc(C)c(C)n1,Zn2+,COc1cc(O)cc(F)c1-c1nnc(C)c(C)n1.[Zn+2],-1.4114728
TRZ03955,C#Cc1ccc(Nc2c(-c3nnc(C)c(C)n3)ccc(F)c2F)c(F)c1,Zn2+,C#Cc1ccc(Nc2c(-c3nnc(C)c(C)n3)ccc(F)c2F)c(F)c1.[Zn+2],-1.4137731
TRZ03573,Cc1nnc(-c2sc(Cl)nc2C(F)(F)F)nc1C,Zn2+,Cc1nnc(-c2sc(Cl)nc2C(F)(F)F)nc1C.[Zn+2],-1.4170051
TRZ02888,Cc1nnc(CC(O)c2cccc(F)c2)nc1C,Zn2+,Cc1nnc(CC(O)c2cccc(F)c2)nc1C.[Zn+2],-1.4175162
TRZ00579,COc1cc(Nc2cc3c(cc2-c2nnc(C)c(C)n2)OCCO3)cc(OC)c1OC,Zn2+,COc1cc(Nc2cc3c(cc2-c2nnc(C)c(C)n2)OCCO3)cc(OC)c1OC.[Zn+2],-1.4201875
TRZ05538,Cc1nnc(-c2c(F)cnn2C)nc1C,Zn2+,Cc1nnc(-c2c(F)cnn2C)nc1C.[Zn+2],-1.4247165
TRZ01839,Cc1nnc(Cn2c(C(F)(F)F)nc3ccccc32)nc1C,Zn2+,Cc1nnc(Cn2c(C(F)(F)F)nc3ccccc32)nc1C.[Zn+2],-1.432158
TRZ05693,Cc1nnc(-c2cc(Cl)cc(F)c2OC(F)F)nc1C,Zn2+,Cc1nnc(-c2cc(Cl)cc(F)c2OC(F)F)nc1C.[Zn+2],-1.4402833
TRZ05265,Cc1nnc(-c2snnc2C(F)F)nc1C,Zn2+,Cc1nnc(-c2snnc2C(F)F)nc1C.[Zn+2],-1.4527221
TRZ00371,Cc1ccc(C)c(OCc2ccc(-c3nnc(C)c(C)n3)o2)c1,Zn2+,Cc1ccc(C)c(OCc2ccc(-c3nnc(C)c(C)n3)o2)c1.[Zn+2],-1.4617734
TRZ05127,Cc1nnc(-c2ccc(F)c(Cl)n2)nc1C,Zn2+,Cc1nnc(-c2ccc(F)c(Cl)n2)nc1C.[Zn+2],-1.4652228
TRZ05391,C=CCCC(OCc1ccccc1)(c1nnc(C)c(C)n1)C(F)(F)F,Zn2+,C=CCCC(OCc1ccccc1)(c1nnc(C)c(C)n1)C(F)(F)F.[Zn+2],-1.4911151
TRZ03778,Cc1nnc(C(=O)c2c(F)cccc2F)nc1C,Zn2+,Cc1nnc(C(=O)c2c(F)cccc2F)nc1C.[Zn+2],-1.4915175
TRZ02283,Cc1nnc(CCn2[nH]c(=O)c(Cl)c(Cl)c2=O)nc1C,Zn2+,Cc1nnc(CCn2[nH]c(=O)c(Cl)c(Cl)c2=O)nc1C.[Zn+2],-1.4959989
TRZ00727,Cc1nnc(-c2ccc(-c3nnc(C)c(C)n3)o2)nc1C,Zn2+,Cc1nnc(-c2ccc(-c3nnc(C)c(C)n3)o2)nc1C.[Zn+2],-1.5123658
TRZ05890,Cc1nnc(-c2c(Cl)ncc(C(F)(F)F)c2C(=O)c2c(F)cccc2F)nc1C,Zn2+,Cc1nnc(-c2c(Cl)ncc(C(F)(F)F)c2C(=O)c2c(F)cccc2F)nc1C.[Zn+2],-1.5127702
TRZ02474,CCc1sc(-c2nnc(C)c(C)n2)cc1C,Zn2+,CCc1sc(-c2nnc(C)c(C)n2)cc1C.[Zn+2],-1.5165353
TRZ05384,Cc1nnc(-c2nc3cc(F)c(F)cc3s2)nc1C,Zn2+,Cc1nnc(-c2nc3cc(F)c(F)cc3s2)nc1C.[Zn+2],-1.5168347
TRZ02485,Cc1cc(OCc2nnc(C)c(C)n2)no1,Zn2+,Cc1cc(OCc2nnc(C)c(C)n2)no1.[Zn+2],-1.5222468
TRZ05239,Cc1nnc(-c2cc(C(C)C)cc(C(F)(F)F)n2)nc1C,Zn2+,Cc1nnc(-c2cc(C(C)C)cc(C(F)(F)F)n2)nc1C.[Zn+2],-1.5233321
TRZ04432,Cc1nnc(-c2cscc2-c2ccc(F)c(Cl)c2)nc1C,Zn2+,Cc1nnc(-c2cscc2-c2ccc(F)c(Cl)c2)nc1C.[Zn+2],-1.5271707
TRZ01483,Cc1nnc(CCOCc2ccccc2)nc1C,Zn2+,Cc1nnc(CCOCc2ccccc2)nc1C.[Zn+2],-1.5385089
TRZ01492,Cc1nnc(-c2sc(-c3nnc(C)c(C)n3)c(C)c2C)nc1C,Zn2+,Cc1nnc(-c2sc(-c3nnc(C)c(C)n3)c(C)c2C)nc1C.[Zn+2],-1.5454221
TRZ05246,Cc1nnc(-c2nc(C3(F)CC3)ns2)nc1C,Zn2+,Cc1nnc(-c2nc(C3(F)CC3)ns2)nc1C.[Zn+2],-1.5513692
TRZ03626,COc1cc(-c2cccc(F)c2)ccc1-c1nnc(C)c(C)n1,Zn2+,COc1cc(-c2cccc(F)c2)ccc1-c1nnc(C)c(C)n1.[Zn+2],-1.5575795
TRZ05207,Cc1nnc([C@@]23CC(F)(F)[C@@H](C)[C@H](C=Cc4ccc(Br)cn4)[C@@H]2[C@@H](C)OC3=O)nc1C,Zn2+,Cc1nnc([C@@]23CC(F)(F)[C@@H](C)[C@H](C=Cc4ccc(Br)cn4)[C@@H]2[C@@H](C)OC3=O)nc1C.[Zn+2],-1.5848289
TRZ03669,Cc1nnc(-c2cc(F)c(F)nc2F)nc1C,Zn2+,Cc1nnc(-c2cc(F)c(F)nc2F)nc1C.[Zn+2],-1.593596
TRZ03191,Cc1nnc(C(C)(C)Oc2cc(F)c(F)cc2F)nc1C,Zn2+,Cc1nnc(C(C)(C)Oc2cc(F)c(F)cc2F)nc1C.[Zn+2],-1.6008353
TRZ00035,Cc1nnc(-c2sc(N)nc2C)nc1C,Zn2+,Cc1nnc(-c2sc(N)nc2C)nc1C.[Zn+2],-1.6084332
TRZ02875,Cc1nnc(-c2ccn(COc3c(F)c(F)cc(F)c3F)n2)nc1C,Zn2+,Cc1nnc(-c2ccn(COc3c(F)c(F)cc(F)c3F)n2)nc1C.[Zn+2],-1.6355367
TRZ04147,Cc1nnc([C@@]23CC(F)(F)[C@@H](C)[C@H](/C=C/c4ccc(Br)cn4)[C@@H]2[C@@H](C)OC3=O)nc1C,Zn2+,Cc1nnc([C@@]23CC(F)(F)[C@@H](C)[C@H](/C=C/c4ccc(Br)cn4)[C@@H]2[C@@H](C)OC3=O)nc1C.[Zn+2],-1.6718345
TRZ01380,CCCN/C(=C\c1c(C)c(C)cc(C)c1C)c1nnc(C)c(C)n1,Zn2+,CCCN/C(=C\c1c(C)c(C)cc(C)c1C)c1nnc(C)c(C)n1.[Zn+2],-1.676765
TRZ05894,Cc1nnc(-c2c(C(F)(F)F)nn(C)c2Cl)nc1C,Zn2+,Cc1nnc(-c2c(C(F)(F)F)nn(C)c2Cl)nc1C.[Zn+2],-1.6769528
TRZ00383,CCCc1ccc(OCc2ccc(-c3nnc(C)c(C)n3)o2)c(OC)c1,Zn2+,CCCc1ccc(OCc2ccc(-c3nnc(C)c(C)n3)o2)c(OC)c1.[Zn+2],-1.682754
TRZ01796,COc1cc(C(=O)Nc2cc3c(cc2-c2nnc(C)c(C)n2)OCCO3)cc(OC)c1OC,Zn2+,COc1cc(C(=O)Nc2cc3c(cc2-c2nnc(C)c(C)n2)OCCO3)cc(OC)c1OC.[Zn+2],-1.6870351
TRZ01028,COc1c(F)cc(Nc2cc3c(cc2-c2nnc(C)c(C)n2)OCCO3)cc1F,Zn2+,COc1c(F)cc(Nc2cc3c(cc2-c2nnc(C)c(C)n2)OCCO3)cc1F.[Zn+2],-1.7000499
TRZ00600,Cc1nnc(-c2c(-n3c(C)ccc3C)sc(C)c2C)nc1C,Zn2+,Cc1nnc(-c2c(-n3c(C)ccc3C)sc(C)c2C)nc1C.[Zn+2],-1.7032495
TRZ02712,Cc1nnc(-c2ccoc2-c2nnc(C)c(C)n2)nc1C,Zn2+,Cc1nnc(-c2ccoc2-c2nnc(C)c(C)n2)nc1C.[Zn+2],-1.7045817
TRZ02578,Cc1nnc(COc2ccc(/C=C/c3ccc(Cl)cc3)cc2)nc1C,Zn2+,Cc1nnc(COc2ccc(/C=C/c3ccc(Cl)cc3)cc2)nc1C.[Zn+2],-1.71028
TRZ05591,Cc1cc(-c2nnc(C)c(C)n2)nc(N2CC3C(C2)C3(F)F)n1,Zn2+,Cc1cc(-c2nnc(C)c(C)n2)nc(N2CC3C(C2)C3(F)F)n1.[Zn+2],-1.745729
TRZ01375,Cc1cc(C)c(/C=C(\c2nnc(C)c(C)n2)N(C)C)c(C)c1,Zn2+,Cc1cc(C)c(/C=C(\c2nnc(C)c(C)n2)N(C)C)c(C)c1.[Zn+2],-1.7571368
TRZ03481,COC(c1ccc(Br)cn1)C(F)(F)c1nnc(C)c(C)n1,Zn2+,COC(c1ccc(Br)cn1)C(F)(F)c1nnc(C)c(C)n1.[Zn+2],-1.7629247
TRZ05585,Cc1cc(-c2nnc(C)c(C)n2)nc(N2C[C@@H](F)[C@@H](F)C2)n1,Zn2+,Cc1cc(-c2nnc(C)c(C)n2)nc(N2C[C@@H](F)[C@@H](F)C2)n1.[Zn+2],-1.7863431
TRZ03894,Cc1nnc(-c2cc(F)c(F)cc2NC2CCCC2)nc1C,Zn2+,Cc1nnc(-c2cc(F)c(F)cc2NC2CCCC2)nc1C.[Zn+2],-1.7888389
TRZ05076,Cc1nnc(CC(O)c2cccc(OCC(F)(F)C(F)F)c2)nc1C,Zn2+,Cc1nnc(CC(O)c2cccc(OCC(F)(F)C(F)F)c2)nc1C.[Zn+2],-1.8333964
TRZ02759,CCOc1cc(-c2nnc(C)c(C)n2)c(OCC)cc1-c1nnc(C)c(C)n1,Zn2+,CCOc1cc(-c2nnc(C)c(C)n2)c(OCC)cc1-c1nnc(C)c(C)n1.[Zn+2],-1.8544946
TRZ03301,CCOc1cc(C(Nc2ccc(C(=N)N)cc2)c2nnc(C)c(C)n2)c(F)cc1OC(C)C,Zn2+,CCOc1cc(C(Nc2ccc(C(=N)N)cc2)c2nnc(C)c(C)n2)c(F)cc1OC(C)C.[Zn+2],-1.8777108
TRZ05171,Cc1nnc(C(C)Oc2c(F)cc(F)cc2F)nc1C,Zn2+,Cc1nnc(C(C)Oc2c(F)cc(F)cc2F)nc1C.[Zn+2],-1.8973784
TRZ04389,CCc1nc(F)c(-c2nnc(C)c(C)n2)c(F)c1F,Zn2+,CCc1nc(F)c(-c2nnc(C)c(C)n2)c(F)c1F.[Zn+2],-1.917192
TRZ01788,COc1c(F)cc(C(=O)Nc2cc3c(cc2-c2nnc(C)c(C)n2)OCCO3)cc1F,Zn2+,COc1c(F)cc(C(=O)Nc2cc3c(cc2-c2nnc(C)c(C)n2)OCCO3)cc1F.[Zn+2],-1.9423327
TRZ00805,COc1cccc(-c2nnc(C)c(C)n2)c1-c1nnc(C)c(C)n1,Zn2+,COc1cccc(-c2nnc(C)c(C)n2)c1-c1nnc(C)c(C)n1.[Zn+2],-1.9691195
TRZ01981,Cc1ccc(C(C)C)cc1OCc1nnc(C)c(C)n1,Zn2+,Cc1ccc(C(C)C)cc1OCc1nnc(C)c(C)n1.[Zn+2],-1.9922833
TRZ00241,Cc1cc(OCc2nnc(C)c(C)n2)cc(C)c1Cl,Zn2+,Cc1cc(OCc2nnc(C)c(C)n2)cc(C)c1Cl.[Zn+2],-1.99721
TRZ04167,CCOc1cc(F)c(Cl)cc1-c1nnc(C)c(C)n1,Zn2+,CCOc1cc(F)c(Cl)cc1-c1nnc(C)c(C)n1.[Zn+2],-2.0150323
TRZ01430,COc1c(C)cccc1-c1nnc(C)c(C)n1,Zn2+,COc1c(C)cccc1-c1nnc(C)c(C)n1.[Zn+2],-2.018105
TRZ01556,COc1ccc(CCCc2nnc(SCc3nnc(C)c(C)n3)o2)c(C)c1,Zn2+,COc1ccc(CCCc2nnc(SCc3nnc(C)c(C)n3)o2)c(C)c1.[Zn+2],-2.031197
TRZ05439,COc1cc2cc(-c3nnc(C)c(C)n3)n(C)c2c(F)c1Cl,Zn2+,COc1cc2cc(-c3nnc(C)c(C)n3)n(C)c2c(F)c1Cl.[Zn+2],-2.0407557
TRZ03300,COc1cc(F)c(C(Nc2ccc(C(=N)N)cc2)c2nnc(C)c(C)n2)cc1OC,Zn2+,COc1cc(F)c(C(Nc2ccc(C(=N)N)cc2)c2nnc(C)c(C)n2)cc1OC.[Zn+2],-2.10854
TRZ01532,Cc1cc(OC(C)c2nnc(C)c(C)n2)cc(C)c1Cl,Zn2+,Cc1cc(OC(C)c2nnc(C)c(C)n2)cc(C)c1Cl.[Zn+2],-2.1801715
TRZ01378,CN/C(=C\c1c(C)c(C)cc(C)c1C)c1nnc(C)c(C)n1,Zn2+,CN/C(=C\c1c(C)c(C)cc(C)c1C)c1nnc(C)c(C)n1.[Zn+2],-2.2912507
TRZ01379,CCN/C(=C\c1c(C)c(C)cc(C)c1C)c1nnc(C)c(C)n1,Zn2+,CCN/C(=C\c1c(C)c(C)cc(C)c1C)c1nnc(C)c(C)n1.[Zn+2],-2.3297496
TRZ03633,COc1cc(-c2ccc(F)c(Cl)c2)ccc1-c1nnc(C)c(C)n1,Zn2+,COc1cc(-c2ccc(F)c(Cl)c2)ccc1-c1nnc(C)c(C)n1.[Zn+2],-2.3587165
TRZ00075,Cc1nnc(-c2nc(Cl)c(Cl)c(N)c2Cl)nc1C,Zn2+,Cc1nnc(-c2nc(Cl)c(Cl)c(N)c2Cl)nc1C.[Zn+2],-2.4013648
TRZ04012,Cc1nnc(CCOCOc2c(F)c(F)cc(F)c2F)nc1C,Zn2+,Cc1nnc(CCOCOc2c(F)c(F)cc(F)c2F)nc1C.[Zn+2],-2.4329238
TRZ04880,Cc1nnc(COc2c(F)cc(C#N)cc2F)nc1C,Zn2+,Cc1nnc(COc2c(F)cc(C#N)cc2F)nc1C.[Zn+2],-2.4435725
TRZ00647,COc1ccc(CCCc2nnc(SCc3nnc(C)c(C)n3)o2)cc1,Zn2+,COc1ccc(CCCc2nnc(SCc3nnc(C)c(C)n3)o2)cc1.[Zn+2],-2.455398
TRZ04851,Cc1nnc(-c2cc(F)c(F)c(Cl)c2NC2CC2)nc1C,Zn2+,Cc1nnc(-c2cc(F)c(F)c(Cl)c2NC2CC2)nc1C.[Zn+2],-2.4789815
TRZ02776,COc1cc(-c2nnc(C)c(C)n2)c(OC)cc1-c1nnc(C)c(C)n1,Zn2+,COc1cc(-c2nnc(C)c(C)n2)c(OC)cc1-c1nnc(C)c(C)n1.[Zn+2],-2.5596013
TRZ04180,Cc1nnc(-c2c(C(F)(F)F)c(C(F)(F)C(F)(F)F)nn2C)nc1C,Zn2+,Cc1nnc(-c2c(C(F)(F)F)c(C(F)(F)C(F)(F)F)nn2C)nc1C.[Zn+2],-2.590609
TRZ01376,Cc1cc(C)c(/C=C(\NCCc2ccccc2)c2nnc(C)c(C)n2)c(C)c1,Zn2+,Cc1cc(C)c(/C=C(\NCCc2ccccc2)c2nnc(C)c(C)n2)c(C)c1.[Zn+2],-2.6948829
TRZ02877,Cc1nnc(COc2c(F)c(F)cc(F)c2F)nc1C,Zn2+,Cc1nnc(COc2c(F)c(F)cc(F)c2F)nc1C.[Zn+2],-2.934486
TRZ05388,Cc1nnc(-c2nc(F)c(F)nc2-c2nnc(C)c(C)n2)nc1C,Zn2+,Cc1nnc(-c2nc(F)c(F)nc2-c2nnc(C)c(C)n2)nc1C.[Zn+2],-3.0258803
