molecule_id,triazine_smiles,metal,cmplx_smiles,Exp LgK1
TRZ05617,Cc1nnc(CN2CCN(C(=O)c3cc(Cc4n[nH]c(=O)c5ccccc45)ccc3F)CC2)nc1C,Fe2+,Cc1nnc(CN2CCN(C(=O)c3cc(Cc4n[nH]c(=O)c5ccccc45)ccc3F)CC2)nc1C.[Fe+2],7.8185277
TRZ02808,Cc1nnc(C(=NNc2ccccc2)S(=O)(=O)c2ccc(Cl)cc2)nc1C,Fe2+,Cc1nnc(C(=NNc2ccccc2)S(=O)(=O)c2ccc(Cl)cc2)nc1C.[Fe+2],7.047194
TRZ00235,Cc1nnc(-c2[nH]c3ccc(S(N)(=O)=O)cc3c2-c2ccccc2Br)nc1C,Fe2+,Cc1nnc(-c2[nH]c3ccc(S(N)(=O)=O)cc3c2-c2ccccc2Br)nc1C.[Fe+2],7.042005
TRZ04688,Cc1nnc(COCC(=O)NC23CC(NC(=O)COc4ccc(Cl)c(F)c4)(C2)C3)nc1C,Fe2+,Cc1nnc(COCC(=O)NC23CC(NC(=O)COc4ccc(Cl)c(F)c4)(C2)C3)nc1C.[Fe+2],6.947206
TRZ04691,Cc1nnc(/C(=C\c2cccc(O)c2O)N(C)CCN(C)Cc2cccc(C(F)(F)F)c2)nc1C,Fe2+,Cc1nnc(/C(=C\c2cccc(O)c2O)N(C)CCN(C)Cc2cccc(C(F)(F)F)c2)nc1C.[Fe+2],6.698489
TRZ00950,Cc1nnc(/C(=N/Nc2ccc(Cl)cc2)S(=O)(=O)c2ccc(Cl)cc2)nc1C,Fe2+,Cc1nnc(/C(=N/Nc2ccc(Cl)cc2)S(=O)(=O)c2ccc(Cl)cc2)nc1C.[Fe+2],6.6439204
TRZ03962,Cc1nnc(CN2CCN(Cc3c(F)cccc3Cl)CC2)nc1C,Fe2+,Cc1nnc(CN2CCN(Cc3c(F)cccc3Cl)CC2)nc1C.[Fe+2],6.3944416
TRZ01165,Cc1nnc(-c2ccccc2Nc2nc(Nc3ccc(N4CCN(C)CC4)cc3)ncc2F)nc1C,Fe2+,Cc1nnc(-c2ccccc2Nc2nc(Nc3ccc(N4CCN(C)CC4)cc3)ncc2F)nc1C.[Fe+2],6.350768
TRZ00522,Cc1nnc(/C(=N/Nc2ccccc2)S(=O)(=O)c2ccc(Cl)cc2)nc1C,Fe2+,Cc1nnc(/C(=N/Nc2ccccc2)S(=O)(=O)c2ccc(Cl)cc2)nc1C.[Fe+2],6.3086624
TRZ02171,Cc1nnc(CN2CCN(Cc3ccccc3Cl)CC2)nc1C,Fe2+,Cc1nnc(CN2CCN(Cc3ccccc3Cl)CC2)nc1C.[Fe+2],6.195608
TRZ02164,Cc1ccc(N/N=C(\c2nnc(C)c(C)n2)S(=O)(=O)c2ccc(Cl)cc2)cc1,Fe2+,Cc1ccc(N/N=C(\c2nnc(C)c(C)n2)S(=O)(=O)c2ccc(Cl)cc2)cc1.[Fe+2],6.180882
TRZ00469,Cc1nnc(CN2CCN(Cc3ccccc3)CC2)nc1C,Fe2+,Cc1nnc(CN2CCN(Cc3ccccc3)CC2)nc1C.[Fe+2],6.1699767
TRZ01168,Cc1nnc(-c2ccccc2Nc2nc(Nc3ccc(N4CCOCC4)cc3)ncc2F)nc1C,Fe2+,Cc1nnc(-c2ccccc2Nc2nc(Nc3ccc(N4CCOCC4)cc3)ncc2F)nc1C.[Fe+2],6.1508245
TRZ00370,Cc1nnc(CC(=O)NC2(Cc3ccc(O)cc3)CCCCC2)nc1C,Fe2+,Cc1nnc(CC(=O)NC2(Cc3ccc(O)cc3)CCCCC2)nc1C.[Fe+2],5.9884534
TRZ03706,COc1nc(NCCc2c(F)cccc2Cl)cc(-c2ccc(=O)n(Cc3nnc(C)c(C)n3)c2)n1,Fe2+,COc1nc(NCCc2c(F)cccc2Cl)cc(-c2ccc(=O)n(Cc3nnc(C)c(C)n3)c2)n1.[Fe+2],5.9162703
TRZ02272,Cc1nnc(C(CS)NC(=O)C(Cc2c[nH]c3ccccc23)NC(=O)OC(C)(C)C)nc1C,Fe2+,Cc1nnc(C(CS)NC(=O)C(Cc2c[nH]c3ccccc23)NC(=O)OC(C)(C)C)nc1C.[Fe+2],5.879251
TRZ01215,Cc1nnc(C(NC(=O)c2ccccc2)c2n[nH]c(=O)c3ccccc23)nc1C,Fe2+,Cc1nnc(C(NC(=O)c2ccccc2)c2n[nH]c(=O)c3ccccc23)nc1C.[Fe+2],5.7642794
TRZ01175,CCN1CCN(c2ccc(Nc3ncc(F)c(Nc4ccccc4-c4nnc(C)c(C)n4)n3)cc2)CC1,Fe2+,CCN1CCN(c2ccc(Nc3ncc(F)c(Nc4ccccc4-c4nnc(C)c(C)n4)n3)cc2)CC1.[Fe+2],5.751275
TRZ01490,Cc1nnc(-c2ccc(CN(c3cccc(Cl)c3)S(C)(=O)=O)nc2)nc1C,Fe2+,Cc1nnc(-c2ccc(CN(c3cccc(Cl)c3)S(C)(=O)=O)nc2)nc1C.[Fe+2],5.637557
TRZ00544,Cc1nnc(CN2C(=O)c3ccccc3NC2c2ccco2)nc1C,Fe2+,Cc1nnc(CN2C(=O)c3ccccc3NC2c2ccco2)nc1C.[Fe+2],5.5922766
TRZ03513,Cc1nnc(Cn2nc(-c3c(C)n(CC(=O)O)c4ccc(F)cc34)c3ccccc3c2=O)nc1C,Fe2+,Cc1nnc(Cn2nc(-c3c(C)n(CC(=O)O)c4ccc(F)cc34)c3ccccc3c2=O)nc1C.[Fe+2],5.5773134
TRZ04545,Cc1nnc(-c2ccc(CN3CCN(C)CC3c3ccc(F)cc3)nc2)nc1C,Fe2+,Cc1nnc(-c2ccc(CN3CCN(C)CC3c3ccc(F)cc3)nc2)nc1C.[Fe+2],5.4894314
TRZ00397,COc1cccc(Oc2cn[nH]c2-c2ccc(OCc3nnc(C)c(C)n3)cc2O)c1,Fe2+,COc1cccc(Oc2cn[nH]c2-c2ccc(OCc3nnc(C)c(C)n3)cc2O)c1.[Fe+2],5.468393
TRZ03963,Cc1nnc(CN2CCN(Cc3ccc(C(F)(F)F)cc3)CC2)nc1C,Fe2+,Cc1nnc(CN2CCN(Cc3ccc(C(F)(F)F)cc3)CC2)nc1C.[Fe+2],5.4673786
TRZ00978,Cc1cc(O)ccc1-n1cc(-c2nnc(C)c(C)n2)c(=O)c2ccc(-c3ccncc3)cc21,Fe2+,Cc1cc(O)ccc1-n1cc(-c2nnc(C)c(C)n2)c(=O)c2ccc(-c3ccncc3)cc21.[Fe+2],5.4268346
TRZ04572,Cc1nnc(-c2ccc(CN3CCN(C)CC3c3cccc(F)c3)nc2)nc1C,Fe2+,Cc1nnc(-c2ccc(CN3CCN(C)CC3c3cccc(F)c3)nc2)nc1C.[Fe+2],5.403404
TRZ01419,Cc1nnc(-c2cc(S(=O)(=O)NCc3ccccc3)ccc2O)nc1C,Fe2+,Cc1nnc(-c2cc(S(=O)(=O)NCc3ccccc3)ccc2O)nc1C.[Fe+2],5.398136
TRZ02432,Cc1nnc(CN2CCN(Cc3ccc4c(c3)OCO4)CC2)nc1C,Fe2+,Cc1nnc(CN2CCN(Cc3ccc4c(c3)OCO4)CC2)nc1C.[Fe+2],5.2561464
TRZ04505,Cc1nnc(-c2ccc(CN3CCN(C)CC3c3ccccc3F)nc2)nc1C,Fe2+,Cc1nnc(-c2ccc(CN3CCN(C)CC3c3ccccc3F)nc2)nc1C.[Fe+2],5.21295
TRZ00654,COc1ccc(Oc2cn[nH]c2-c2ccc(OCc3nnc(C)c(C)n3)cc2O)cc1,Fe2+,COc1ccc(Oc2cn[nH]c2-c2ccc(OCc3nnc(C)c(C)n3)cc2O)cc1.[Fe+2],5.2110815
TRZ00232,Cc1nnc(-c2[nH]c3ccc(S(N)(=O)=O)cc3c2-c2ccccc2Cl)nc1C,Fe2+,Cc1nnc(-c2[nH]c3ccc(S(N)(=O)=O)cc3c2-c2ccccc2Cl)nc1C.[Fe+2],5.205417
TRZ00229,Cc1nnc(-c2[nH]c3ccc(S(N)(=O)=O)cc3c2-c2ccccc2F)nc1C,Fe2+,Cc1nnc(-c2[nH]c3ccc(S(N)(=O)=O)cc3c2-c2ccccc2F)nc1C.[Fe+2],5.1885433
TRZ04318,Cc1nnc(-c2ccc(CN(c3cccc(C(F)(F)F)c3)S(C)(=O)=O)nc2)nc1C,Fe2+,Cc1nnc(-c2ccc(CN(c3cccc(C(F)(F)F)c3)S(C)(=O)=O)nc2)nc1C.[Fe+2],5.121167
TRZ01140,Cc1nnc(-c2cnc3n(c2=O)C(C)CC/C3=N\Nc2ccccc2)nc1C,Fe2+,Cc1nnc(-c2cnc3n(c2=O)C(C)CC/C3=N\Nc2ccccc2)nc1C.[Fe+2],5.067225
TRZ04077,Cc1nnc(CN2CCN(Cc3ccc(F)cc3)CC2)nc1C,Fe2+,Cc1nnc(CN2CCN(Cc3ccc(F)cc3)CC2)nc1C.[Fe+2],5.051921
TRZ01143,Cc1nnc(C2(C)C(=O)Nc3cc4nc(-c5ccncc5)[nH]c4cc32)nc1C,Fe2+,Cc1nnc(C2(C)C(=O)Nc3cc4nc(-c5ccncc5)[nH]c4cc32)nc1C.[Fe+2],5.0480137
TRZ04328,Cc1nnc(-c2ccc(CN(c3cccc(F)c3)S(C)(=O)=O)nc2)nc1C,Fe2+,Cc1nnc(-c2ccc(CN(c3cccc(F)c3)S(C)(=O)=O)nc2)nc1C.[Fe+2],4.997151
TRZ00495,Cc1nnc(CCN2CCN(C(c3ccccc3)c3ccccc3)CC2)nc1C,Fe2+,Cc1nnc(CCN2CCN(C(c3ccccc3)c3ccccc3)CC2)nc1C.[Fe+2],4.990542
TRZ02342,Cc1nnc(CNC(=O)c2ccc(S(=O)(=O)N(C)C)cc2)nc1C,Fe2+,Cc1nnc(CNC(=O)c2ccc(S(=O)(=O)N(C)C)cc2)nc1C.[Fe+2],4.9644384
TRZ00234,Cc1nnc(-c2[nH]c3ccc(S(N)(=O)=O)cc3c2-c2ccc(Cl)cc2)nc1C,Fe2+,Cc1nnc(-c2[nH]c3ccc(S(N)(=O)=O)cc3c2-c2ccc(Cl)cc2)nc1C.[Fe+2],4.9292126
TRZ00137,Cc1nnc(-c2ccc(F)c3c(C(=O)C(=O)N4CCN(C(=O)c5ccccc5)CC4)c[nH]c23)nc1C,Fe2+,Cc1nnc(-c2ccc(F)c3c(C(=O)C(=O)N4CCN(C(=O)c5ccccc5)CC4)c[nH]c23)nc1C.[Fe+2],4.9168463
TRZ02550,Cc1nnc(-c2ccccc2S(=O)(=O)NCC2CC(c3ccc(Cl)cc3)=NO2)nc1C,Fe2+,Cc1nnc(-c2ccccc2S(=O)(=O)NCC2CC(c3ccc(Cl)cc3)=NO2)nc1C.[Fe+2],4.9126644
TRZ00812,Cc1nnc(-c2cccc(Cc3cnc[nH]3)c2O)nc1C,Fe2+,Cc1nnc(-c2cccc(Cc3cnc[nH]3)c2O)nc1C.[Fe+2],4.896179
TRZ00547,Cc1nnc(C(C)N2C(=O)c3ccccc3NC2c2ccco2)nc1C,Fe2+,Cc1nnc(C(C)N2C(=O)c3ccccc3NC2c2ccco2)nc1C.[Fe+2],4.881525
TRZ01713,Cc1nnc(CN2CCN(c3cc4c(cc3F)c(=O)c(C(=O)O)cn4C3CC3)CC2)nc1C,Fe2+,Cc1nnc(CN2CCN(c3cc4c(cc3F)c(=O)c(C(=O)O)cn4C3CC3)CC2)nc1C.[Fe+2],4.809861
TRZ04678,Cc1nnc(-c2cnc3c(c2)C(=O)N(C2COCCC2Oc2ccc(F)cc2)C3)nc1C,Fe2+,Cc1nnc(-c2cnc3c(c2)C(=O)N(C2COCCC2Oc2ccc(F)cc2)C3)nc1C.[Fe+2],4.7858777
TRZ00545,Cc1nnc(CN2C(=O)c3ccccc3NC2c2ccc(Cl)cc2)nc1C,Fe2+,Cc1nnc(CN2C(=O)c3ccccc3NC2c2ccc(Cl)cc2)nc1C.[Fe+2],4.750869
TRZ00226,Cc1ccccc1-c1c(-c2nnc(C)c(C)n2)[nH]c2ccc(S(N)(=O)=O)cc12,Fe2+,Cc1ccccc1-c1c(-c2nnc(C)c(C)n2)[nH]c2ccc(S(N)(=O)=O)cc12.[Fe+2],4.745925
TRZ00048,Cc1nnc(-c2[nH]c3ccc(S(N)(=O)=O)cc3c2-c2ccccc2)nc1C,Fe2+,Cc1nnc(-c2[nH]c3ccc(S(N)(=O)=O)cc3c2-c2ccccc2)nc1C.[Fe+2],4.7068715
TRZ04677,Cc1nnc(-c2cnc3c(c2)C(=O)N([C@@H]2COCC[C@H]2Oc2ccc(F)cc2)C3)nc1C,Fe2+,Cc1nnc(-c2cnc3c(c2)C(=O)N([C@@H]2COCC[C@H]2Oc2ccc(F)cc2)C3)nc1C.[Fe+2],4.6664166
TRZ04682,Cc1nnc(-c2cnc3c(c2)C(=O)N(C2CCCCC2Oc2ccc(F)cc2)C3)nc1C,Fe2+,Cc1nnc(-c2cnc3c(c2)C(=O)N(C2CCCCC2Oc2ccc(F)cc2)C3)nc1C.[Fe+2],4.6653605
TRZ01407,Cc1nnc(CN(Cc2ccccc2)S(=O)(=O)c2ccc(Cl)cc2)nc1C,Fe2+,Cc1nnc(CN(Cc2ccccc2)S(=O)(=O)c2ccc(Cl)cc2)nc1C.[Fe+2],4.6637287
TRZ03540,Cc1nnc(CN(Cc2ccccc2)S(=O)(=O)c2ccccc2C(F)(F)F)nc1C,Fe2+,Cc1nnc(CN(Cc2ccccc2)S(=O)(=O)c2ccccc2C(F)(F)F)nc1C.[Fe+2],4.6472907
TRZ01975,CCCc1cc(-c2[nH]ncc2-c2ccc(-c3nnc(C)c(C)n3)o2)c(O)cc1O,Fe2+,CCCc1cc(-c2[nH]ncc2-c2ccc(-c3nnc(C)c(C)n3)o2)c(O)cc1O.[Fe+2],4.6112432
TRZ00999,CCN1CCN(CCCNc2ccc(Nc3c(-c4nnc(C)c(C)n4)cnc4ccccc34)cc2)CC1,Fe2+,CCN1CCN(CCCNc2ccc(Nc3c(-c4nnc(C)c(C)n4)cnc4ccccc34)cc2)CC1.[Fe+2],4.574501
TRZ01692,CCN1CCN(CCCOc2ccc(Nc3c(-c4nnc(C)c(C)n4)cnc4ccccc34)cc2)CC1,Fe2+,CCN1CCN(CCCOc2ccc(Nc3c(-c4nnc(C)c(C)n4)cnc4ccccc34)cc2)CC1.[Fe+2],4.570365
TRZ00306,COc1ccc(-c2cn[nH]c2-c2ccc(OCc3nnc(C)c(C)n3)cc2O)cc1,Fe2+,COc1ccc(-c2cn[nH]c2-c2ccc(OCc3nnc(C)c(C)n3)cc2O)cc1.[Fe+2],4.5448103
TRZ04408,Cc1nnc(-c2cnc(NC3(c4ccc(F)c(N5CCOCC5)c4)CCC3)nc2)nc1C,Fe2+,Cc1nnc(-c2cnc(NC3(c4ccc(F)c(N5CCOCC5)c4)CCC3)nc2)nc1C.[Fe+2],4.536392
TRZ01008,CCN1C(=O)c2cccc3c(S(=O)(=O)N4CCC[C@@H]4c4nnc(C)c(C)n4)ccc1c23,Fe2+,CCN1C(=O)c2cccc3c(S(=O)(=O)N4CCC[C@@H]4c4nnc(C)c(C)n4)ccc1c23.[Fe+2],4.5269337
TRZ05202,Cc1nnc(-c2ccc(N3CCC(S(=O)(=O)N(C)c4ccc(F)c(Cl)c4)CC3)nc2)nc1C,Fe2+,Cc1nnc(-c2ccc(N3CCC(S(=O)(=O)N(C)c4ccc(F)c(Cl)c4)CC3)nc2)nc1C.[Fe+2],4.510866
TRZ01987,Cc1nnc(COc2c(Br)cc(Br)c3cccnc23)nc1C,Fe2+,Cc1nnc(COc2c(Br)cc(Br)c3cccnc23)nc1C.[Fe+2],4.4764853
TRZ00763,Cc1nnc(-c2cc(O)ccc2O)nc1C,Fe2+,Cc1nnc(-c2cc(O)ccc2O)nc1C.[Fe+2],4.407175
TRZ01878,Cc1nnc(CNc2c(-c3ccsc3)nc3ccccn23)nc1C,Fe2+,Cc1nnc(CNc2c(-c3ccsc3)nc3ccccn23)nc1C.[Fe+2],4.4046845
TRZ00231,Cc1nnc(-c2[nH]c3ccc(S(N)(=O)=O)cc3c2-c2ccc(F)cc2)nc1C,Fe2+,Cc1nnc(-c2[nH]c3ccc(S(N)(=O)=O)cc3c2-c2ccc(F)cc2)nc1C.[Fe+2],4.3742285
TRZ00227,Cc1cccc(-c2c(-c3nnc(C)c(C)n3)[nH]c3ccc(S(N)(=O)=O)cc23)c1,Fe2+,Cc1cccc(-c2c(-c3nnc(C)c(C)n3)[nH]c3ccc(S(N)(=O)=O)cc23)c1.[Fe+2],4.323489
TRZ00233,Cc1nnc(-c2[nH]c3ccc(S(N)(=O)=O)cc3c2-c2cccc(Cl)c2)nc1C,Fe2+,Cc1nnc(-c2[nH]c3ccc(S(N)(=O)=O)cc3c2-c2cccc(Cl)c2)nc1C.[Fe+2],4.316883
TRZ04378,Cc1nnc(-c2ccc(CN(C(=O)c3ccncc3)c3cccc(F)c3)nc2)nc1C,Fe2+,Cc1nnc(-c2ccc(CN(C(=O)c3ccncc3)c3cccc(F)c3)nc2)nc1C.[Fe+2],4.3081083
TRZ02548,Cc1ccc(C2=NOC(CNS(=O)(=O)c3ccccc3-c3nnc(C)c(C)n3)C2)cc1,Fe2+,Cc1ccc(C2=NOC(CNS(=O)(=O)c3ccccc3-c3nnc(C)c(C)n3)C2)cc1.[Fe+2],4.28982
TRZ01731,COc1ccc(-c2cncn2Cc2nnc(C)c(C)n2)cc1O,Fe2+,COc1ccc(-c2cncn2Cc2nnc(C)c(C)n2)cc1O.[Fe+2],4.255666
TRZ00587,Cc1nnc(CN2CCN(c3ncc(C(F)(F)F)cc3Cl)CC2)nc1C,Fe2+,Cc1nnc(CN2CCN(c3ncc(C(F)(F)F)cc3Cl)CC2)nc1C.[Fe+2],4.2056913
TRZ01843,Cc1nnc(CN2CCN(c3ccccc3)CC2)nc1C,Fe2+,Cc1nnc(CN2CCN(c3ccccc3)CC2)nc1C.[Fe+2],4.2026873
TRZ02549,Cc1nnc(-c2ccccc2S(=O)(=O)NCC2CC(c3ccccc3Cl)=NO2)nc1C,Fe2+,Cc1nnc(-c2ccccc2S(=O)(=O)NCC2CC(c3ccccc3Cl)=NO2)nc1C.[Fe+2],4.2009716
TRZ02551,Cc1nnc(-c2ccccc2S(=O)(=O)NCC2CC(c3ccccc3)=NO2)nc1C,Fe2+,Cc1nnc(-c2ccccc2S(=O)(=O)NCC2CC(c3ccccc3)=NO2)nc1C.[Fe+2],4.199008
TRZ01594,Cc1nnc([C@H](CCCN)NC(=O)c2cc(C34CC5CC(CC(C5)C3)C4)c3ccccc3n2)nc1C,Fe2+,Cc1nnc([C@H](CCCN)NC(=O)c2cc(C34CC5CC(CC(C5)C3)C4)c3ccccc3n2)nc1C.[Fe+2],4.186469
TRZ04870,Cc1nnc(CN2CCNCC2C(c2ccc(F)cc2)c2ccc(F)cc2)nc1C,Fe2+,Cc1nnc(CN2CCNCC2C(c2ccc(F)cc2)c2ccc(F)cc2)nc1C.[Fe+2],4.1684933
TRZ04742,Cc1nnc(-c2ccc(CN(C(=O)N3CCN(C)CC3)c3ccc(F)cc3)nc2)nc1C,Fe2+,Cc1nnc(-c2ccc(CN(C(=O)N3CCN(C)CC3)c3ccc(F)cc3)nc2)nc1C.[Fe+2],4.1674833
TRZ05747,Cc1nnc(-c2ncc3c(F)cc(S(=O)(=O)NC4(C)CC4)cn23)nc1C,Fe2+,Cc1nnc(-c2ncc3c(F)cc(S(=O)(=O)NC4(C)CC4)cn23)nc1C.[Fe+2],4.165682
TRZ01860,COCCOc1ccc(Nc2ncc(F)c(Nc3ccccc3-c3nnc(C)c(C)n3)n2)cc1,Fe2+,COCCOc1ccc(Nc2ncc(F)c(Nc3ccccc3-c3nnc(C)c(C)n3)n2)cc1.[Fe+2],4.143255
TRZ00543,Cc1nnc(CN2C(=O)c3ccccc3NC2c2ccc3c(c2)OCO3)nc1C,Fe2+,Cc1nnc(CN2C(=O)c3ccccc3NC2c2ccc3c(c2)OCO3)nc1C.[Fe+2],4.1379285
TRZ04660,CNS(=O)(=O)c1ccc(Nc2ccc(C(F)(F)F)cc2)c(-c2nnc(C)c(C)n2)c1,Fe2+,CNS(=O)(=O)c1ccc(Nc2ccc(C(F)(F)F)cc2)c(-c2nnc(C)c(C)n2)c1.[Fe+2],4.1197395
TRZ04673,Cc1nnc(C2(c3nc4cc(F)ccc4n4cccc34)C=NC=CN2)nc1C,Fe2+,Cc1nnc(C2(c3nc4cc(F)ccc4n4cccc34)C=NC=CN2)nc1C.[Fe+2],4.1129637
TRZ02172,Cc1ccc(S(=O)(=O)N2CCN(Cc3nnc(C)c(C)n3)CC2)cc1,Fe2+,Cc1ccc(S(=O)(=O)N2CCN(Cc3nnc(C)c(C)n3)CC2)cc1.[Fe+2],4.1124635
TRZ00228,Cc1ccc(-c2c(-c3nnc(C)c(C)n3)[nH]c3ccc(S(N)(=O)=O)cc23)cc1,Fe2+,Cc1ccc(-c2c(-c3nnc(C)c(C)n3)[nH]c3ccc(S(N)(=O)=O)cc23)cc1.[Fe+2],4.1095514
TRZ02540,Cc1nnc(COc2ccc(-c3n[nH]c(C)c3-c3ccc(Cl)cc3)c(O)c2)nc1C,Fe2+,Cc1nnc(COc2ccc(-c3n[nH]c(C)c3-c3ccc(Cl)cc3)c(O)c2)nc1C.[Fe+2],4.096533
TRZ00653,CCOc1ccccc1Oc1cn[nH]c1-c1ccc(OCc2nnc(C)c(C)n2)cc1O,Fe2+,CCOc1ccccc1Oc1cn[nH]c1-c1ccc(OCc2nnc(C)c(C)n2)cc1O.[Fe+2],4.092412
TRZ01005,COc1ccccc1Oc1cn[nH]c1-c1ccc(OCc2nnc(C)c(C)n2)cc1O,Fe2+,COc1ccccc1Oc1cn[nH]c1-c1ccc(OCc2nnc(C)c(C)n2)cc1O.[Fe+2],4.0877075
TRZ02320,Cc1nnc(Cc2csc(CC(N)=O)n2)nc1C,Fe2+,Cc1nnc(Cc2csc(CC(N)=O)n2)nc1C.[Fe+2],4.0844564
TRZ00644,Cc1nnc(C(Cc2ccc(O)cc2)N2Cc3ccccc3C2=O)nc1C,Fe2+,Cc1nnc(C(Cc2ccc(O)cc2)N2Cc3ccccc3C2=O)nc1C.[Fe+2],4.0795918
TRZ00237,Cc1nnc(-c2[nH]c3ccc(S(N)(=O)=O)cc3c2-c2ccc(Br)cc2)nc1C,Fe2+,Cc1nnc(-c2[nH]c3ccc(S(N)(=O)=O)cc3c2-c2ccc(Br)cc2)nc1C.[Fe+2],4.0756645
TRZ02857,Cc1nnc(-c2cnc3c(ccc4[nH]c(Cl)cc(C)c43)c2=O)nc1C,Fe2+,Cc1nnc(-c2cnc3c(ccc4[nH]c(Cl)cc(C)c43)c2=O)nc1C.[Fe+2],4.066456
TRZ05563,Cc1nnc(-c2ccc(CN(C(=O)N3CCSCC3)c3ccc(F)cc3)nc2)nc1C,Fe2+,Cc1nnc(-c2ccc(CN(C(=O)N3CCSCC3)c3ccc(F)cc3)nc2)nc1C.[Fe+2],4.051635
TRZ04674,Cc1nnc(-c2cnc3c(c2)C(=O)N([C@@H]2CCCC(F)(F)[C@H]2NC(=O)O)C3)nc1C,Fe2+,Cc1nnc(-c2cnc3c(c2)C(=O)N([C@@H]2CCCC(F)(F)[C@H]2NC(=O)O)C3)nc1C.[Fe+2],4.0314856
TRZ00060,Cc1nnc(-c2ccc(O)cc2O)nc1C,Fe2+,Cc1nnc(-c2ccc(O)cc2O)nc1C.[Fe+2],4.0075846
TRZ02547,C#CCNS(=O)(=O)c1ccccc1-c1nnc(C)c(C)n1,Fe2+,C#CCNS(=O)(=O)c1ccccc1-c1nnc(C)c(C)n1.[Fe+2],4.0069485
TRZ00542,Cc1nnc(CN2C(=O)c3ccccc3NC2c2ccccc2)nc1C,Fe2+,Cc1nnc(CN2C(=O)c3ccccc3NC2c2ccccc2)nc1C.[Fe+2],3.9780867
TRZ04383,Cc1nnc(-c2ccc(CN(C(=O)C3CCN(C)CC3)c3cccc(F)c3)nc2)nc1C,Fe2+,Cc1nnc(-c2ccc(CN(C(=O)C3CCN(C)CC3)c3cccc(F)c3)nc2)nc1C.[Fe+2],3.97645
TRZ01593,Cc1nnc(C2=NOC(c3ccc(N4CCN(Cc5ccccc5)CC4)cc3)C2)nc1C,Fe2+,Cc1nnc(C2=NOC(c3ccc(N4CCN(Cc5ccccc5)CC4)cc3)C2)nc1C.[Fe+2],3.9639106
TRZ01874,Cc1nnc(-c2cc(=S)nc[nH]2)nc1C,Fe2+,Cc1nnc(-c2cc(=S)nc[nH]2)nc1C.[Fe+2],3.9549282
TRZ01880,Cc1nnc(-c2[nH]c(=O)c3c(C)nc(-c4ccccc4)cc3c2O)nc1C,Fe2+,Cc1nnc(-c2[nH]c(=O)c3c(C)nc(-c4ccccc4)cc3c2O)nc1C.[Fe+2],3.9350493
TRZ05685,Cc1nnc(Cc2cn3cc(CN(CC45CC(F)(C4)C5)C(=O)OC(C)(C)C)ccc3n2)nc1C,Fe2+,Cc1nnc(Cc2cn3cc(CN(CC45CC(F)(C4)C5)C(=O)OC(C)(C)C)ccc3n2)nc1C.[Fe+2],3.8510711
TRZ02489,Cc1ccc2nc(-c3ccsc3)c(NCc3nnc(C)c(C)n3)n2c1,Fe2+,Cc1ccc2nc(-c3ccsc3)c(NCc3nnc(C)c(C)n3)n2c1.[Fe+2],3.845356
TRZ00548,Cc1nnc(C(Cc2ccccc2)N2C(=O)c3ccccc3NC2c2ccco2)nc1C,Fe2+,Cc1nnc(C(Cc2ccccc2)N2C(=O)c3ccccc3NC2c2ccco2)nc1C.[Fe+2],3.8074324
TRZ02778,Cc1nnc(-c2[nH]c3nc2C(O)=CC=C3O)nc1C,Fe2+,Cc1nnc(-c2[nH]c3nc2C(O)=CC=C3O)nc1C.[Fe+2],3.8009722
TRZ02839,Cc1nnc(Cn2ncc3c(C)n(Cc4ccccc4F)c(C)c3c2=O)nc1C,Fe2+,Cc1nnc(Cn2ncc3c(C)n(Cc4ccccc4F)c(C)c3c2=O)nc1C.[Fe+2],3.760693
TRZ04405,Cc1nnc(-c2cnc(NC3(c4ccccc4F)CCC3)nc2)nc1C,Fe2+,Cc1nnc(-c2cnc(NC3(c4ccccc4F)CCC3)nc2)nc1C.[Fe+2],3.7508912
TRZ04058,Cc1nnc(-c2cccn(C[C@@H]3CN(C(=O)O)CCO[C@H]3c3ccc(Cl)c(F)c3)c2=O)nc1C,Fe2+,Cc1nnc(-c2cccn(C[C@@H]3CN(C(=O)O)CCO[C@H]3c3ccc(Cl)c(F)c3)c2=O)nc1C.[Fe+2],3.729605
TRZ04346,Cc1nnc(-c2ccc(CN(c3ccc(F)c(Cl)c3)S(C)(=O)=O)nc2)nc1C,Fe2+,Cc1nnc(-c2ccc(CN(c3ccc(F)c(Cl)c3)S(C)(=O)=O)nc2)nc1C.[Fe+2],3.7187521
TRZ02928,Cc1nnc(-c2cn(C)c(=O)cc2Nc2ccc(I)cc2F)nc1C,Fe2+,Cc1nnc(-c2cn(C)c(=O)cc2Nc2ccc(I)cc2F)nc1C.[Fe+2],3.7160935
TRZ05564,Cc1nnc(-c2ccc(CN(C(=O)N3CCSCC3)c3cccc(F)c3)nc2)nc1C,Fe2+,Cc1nnc(-c2ccc(CN(C(=O)N3CCSCC3)c3cccc(F)c3)nc2)nc1C.[Fe+2],3.7158406
TRZ00180,Cc1nnc(Cn2nc(-c3ccccc3)c3ccccc3c2=O)nc1C,Fe2+,Cc1nnc(Cn2nc(-c3ccccc3)c3ccccc3c2=O)nc1C.[Fe+2],3.715763
TRZ04523,CCN1CCN(C(=O)N(Cc2ccc(-c3nnc(C)c(C)n3)cn2)c2ccc(F)cc2)CC1,Fe2+,CCN1CCN(C(=O)N(Cc2ccc(-c3nnc(C)c(C)n3)cn2)c2ccc(F)cc2)CC1.[Fe+2],3.7116513
TRZ04552,Cc1nnc(-c2ccc(CN(C(=O)N3CCN(C4COC4)CC3)c3ccc(F)cc3)nc2)nc1C,Fe2+,Cc1nnc(-c2ccc(CN(C(=O)N3CCN(C4COC4)CC3)c3ccc(F)cc3)nc2)nc1C.[Fe+2],3.7071903
TRZ04428,Cc1nnc(C2C=NC(NC3(c4ccc(Cl)c(F)c4)CC3)=NC2)nc1C,Fe2+,Cc1nnc(C2C=NC(NC3(c4ccc(Cl)c(F)c4)CC3)=NC2)nc1C.[Fe+2],3.704612
TRZ01351,Cc1nnc(C(=O)C=P(c2ccccc2)(c2ccccc2)c2ccccc2)nc1C,Fe2+,Cc1nnc(C(=O)C=P(c2ccccc2)(c2ccccc2)c2ccccc2)nc1C.[Fe+2],3.695032
TRZ01144,Cc1nnc(-c2cccc(O)c2O)nc1C,Fe2+,Cc1nnc(-c2cccc(O)c2O)nc1C.[Fe+2],3.6891267
TRZ03776,Cc1nnc(-c2c(-c3ccc(Cl)cc3)[nH]c3c(F)cccc3c2=O)nc1C,Fe2+,Cc1nnc(-c2c(-c3ccc(Cl)cc3)[nH]c3c(F)cccc3c2=O)nc1C.[Fe+2],3.6806262
TRZ04738,Cc1nnc(-c2ccc(CN(C(=O)N3CCN(C)CC3)c3ccccc3F)nc2)nc1C,Fe2+,Cc1nnc(-c2ccc(CN(C(=O)N3CCN(C)CC3)c3ccccc3F)nc2)nc1C.[Fe+2],3.6765234
TRZ00230,Cc1nnc(-c2[nH]c3ccc(S(N)(=O)=O)cc3c2-c2cccc(F)c2)nc1C,Fe2+,Cc1nnc(-c2[nH]c3ccc(S(N)(=O)=O)cc3c2-c2cccc(F)c2)nc1C.[Fe+2],3.6707637
TRZ04059,Cc1nnc(-c2cccn(C[C@H]3CN(C(=O)O)CCO[C@H]3c3ccc(Cl)c(F)c3)c2=O)nc1C,Fe2+,Cc1nnc(-c2cccn(C[C@H]3CN(C(=O)O)CCO[C@H]3c3ccc(Cl)c(F)c3)c2=O)nc1C.[Fe+2],3.6690836
TRZ02553,Cc1nnc(-c2ccccc2S(=O)(=O)NCC2CC(c3ccc(Cl)cc3Cl)=NO2)nc1C,Fe2+,Cc1nnc(-c2ccccc2S(=O)(=O)NCC2CC(c3ccc(Cl)cc3Cl)=NO2)nc1C.[Fe+2],3.665317
TRZ05870,Cc1nnc(C(C(c2ccc(F)cc2)c2ccc(F)cc2)N2CCNCC2)nc1C,Fe2+,Cc1nnc(C(C(c2ccc(F)cc2)c2ccc(F)cc2)N2CCNCC2)nc1C.[Fe+2],3.6650743
TRZ00556,Cc1nnc(-c2cnc3ccccc3c2Nc2ccc(OCCCN3CCOCC3)cc2)nc1C,Fe2+,Cc1nnc(-c2cnc3ccccc3c2Nc2ccc(OCCCN3CCOCC3)cc2)nc1C.[Fe+2],3.6506307
TRZ01512,Cc1nnc(CN(CCc2ccccc2)S(=O)(=O)c2ccc(Cl)cc2)nc1C,Fe2+,Cc1nnc(CN(CCc2ccccc2)S(=O)(=O)c2ccc(Cl)cc2)nc1C.[Fe+2],3.633966
TRZ04379,CCN1CCC(C(=O)N(Cc2ccc(-c3nnc(C)c(C)n3)cn2)c2cccc(F)c2)CC1,Fe2+,CCN1CCC(C(=O)N(Cc2ccc(-c3nnc(C)c(C)n3)cn2)c2cccc(F)c2)CC1.[Fe+2],3.6169271
TRZ01688,Cc1nnc(-c2cnc3ccccc3c2Nc2ccc(NCCCN3CCOCC3)cc2)nc1C,Fe2+,Cc1nnc(-c2cnc3ccccc3c2Nc2ccc(NCCCN3CCOCC3)cc2)nc1C.[Fe+2],3.6163628
TRZ04835,Cc1nnc(-c2ccc(CN(C(=O)N3CCOCC3)c3ccc(F)cc3)nc2)nc1C,Fe2+,Cc1nnc(-c2ccc(CN(C(=O)N3CCOCC3)c3ccc(F)cc3)nc2)nc1C.[Fe+2],3.611769
TRZ02022,CCOc1nc(-c2ccccc2)cc2c(O)c(-c3nnc(C)c(C)n3)[nH]c(=O)c12,Fe2+,CCOc1nc(-c2ccccc2)cc2c(O)c(-c3nnc(C)c(C)n3)[nH]c(=O)c12.[Fe+2],3.5905044
TRZ00348,Cc1nnc(COc2cccc3c2c(CC(N)=O)c(C)n3Cc2ccccc2)nc1C,Fe2+,Cc1nnc(COc2cccc3c2c(CC(N)=O)c(C)n3Cc2ccccc2)nc1C.[Fe+2],3.5788276
TRZ02536,Cc1nnc(CN2c3c(-c4ccccc4)n[nH]c3-c3ccccc3S2(=O)=O)nc1C,Fe2+,Cc1nnc(CN2c3c(-c4ccccc4)n[nH]c3-c3ccccc3S2(=O)=O)nc1C.[Fe+2],3.5781586
TRZ04076,Cc1nnc(CN2CCN(C(=O)c3ccc(F)cc3)CC2)nc1C,Fe2+,Cc1nnc(CN2CCN(C(=O)c3ccc(F)cc3)CC2)nc1C.[Fe+2],3.5663595
TRZ04581,Cc1nnc(-c2ccc(CN(C(=O)N3CCSCC3)c3ccccc3F)nc2)nc1C,Fe2+,Cc1nnc(-c2ccc(CN(C(=O)N3CCSCC3)c3ccccc3F)nc2)nc1C.[Fe+2],3.5391223
TRZ03798,Cc1cc(F)c2[nH]c(-c3ccc(Cl)cc3)c(-c3nnc(C)c(C)n3)c(=O)c2c1,Fe2+,Cc1cc(F)c2[nH]c(-c3ccc(Cl)cc3)c(-c3nnc(C)c(C)n3)c(=O)c2c1.[Fe+2],3.5387104
TRZ02270,Cc1nnc(C2CCN2C(c2ccccc2)c2ccccc2)nc1C,Fe2+,Cc1nnc(C2CCN2C(c2ccccc2)c2ccccc2)nc1C.[Fe+2],3.5297203
TRZ00510,Cc1nnc(-c2noc(C)c2C(=O)N2CCN(C(c3ccccc3)c3ccccc3)CC2)nc1C,Fe2+,Cc1nnc(-c2noc(C)c2C(=O)N2CCN(C(c3ccccc3)c3ccccc3)CC2)nc1C.[Fe+2],3.5122645
TRZ04422,Cc1nnc(-c2cnc(NC3(c4ccc(F)cc4)CCC3)nc2)nc1C,Fe2+,Cc1nnc(-c2cnc(NC3(c4ccc(F)cc4)CCC3)nc2)nc1C.[Fe+2],3.511728
TRZ05376,Cc1nnc(-c2ccc(Cn3cc(C4CCN(CC(C)(C)F)CC4)nn3)nc2)nc1C,Fe2+,Cc1nnc(-c2ccc(Cn3cc(C4CCN(CC(C)(C)F)CC4)nn3)nc2)nc1C.[Fe+2],3.5013907
TRZ04402,Cc1nnc(-c2cnc(NC3(c4ccc(C(F)(F)F)cc4)CCC3)nc2)nc1C,Fe2+,Cc1nnc(-c2cnc(NC3(c4ccc(C(F)(F)F)cc4)CCC3)nc2)nc1C.[Fe+2],3.4916587
TRZ05925,Cc1nnc(C(Cc2ccc(F)cc2)N2CSC(S)N(C)C2)nc1C,Fe2+,Cc1nnc(C(Cc2ccc(F)cc2)N2CSC(S)N(C)C2)nc1C.[Fe+2],3.4734766
TRZ04411,Cc1nnc(-c2cnc(NC3(c4cc(Cl)ccc4F)CCC3)nc2)nc1C,Fe2+,Cc1nnc(-c2cnc(NC3(c4cc(Cl)ccc4F)CCC3)nc2)nc1C.[Fe+2],3.4726775
TRZ00795,Cc1nnc(-c2ccc3nc(-c4nc[nH]c4C)c(NCCN4CCOCC4)n3c2)nc1C,Fe2+,Cc1nnc(-c2ccc3nc(-c4nc[nH]c4C)c(NCCN4CCOCC4)n3c2)nc1C.[Fe+2],3.470842
TRZ00546,COc1ccc(C2Nc3ccccc3C(=O)N2Cc2nnc(C)c(C)n2)cc1,Fe2+,COc1ccc(C2Nc3ccccc3C(=O)N2Cc2nnc(C)c(C)n2)cc1.[Fe+2],3.4684134
TRZ04421,Cc1nnc(-c2cnc(NC3(c4ccc(F)cc4)CC3)nc2)nc1C,Fe2+,Cc1nnc(-c2cnc(NC3(c4ccc(F)cc4)CC3)nc2)nc1C.[Fe+2],3.4507327
TRZ04353,CCS(=O)(=O)N(Cc1ccc(-c2nnc(C)c(C)n2)cn1)c1ccc(F)c(C)c1,Fe2+,CCS(=O)(=O)N(Cc1ccc(-c2nnc(C)c(C)n2)cn1)c1ccc(F)c(C)c1.[Fe+2],3.4351025
TRZ00236,Cc1nnc(-c2[nH]c3ccc(S(N)(=O)=O)cc3c2-c2cccc(Br)c2)nc1C,Fe2+,Cc1nnc(-c2[nH]c3ccc(S(N)(=O)=O)cc3c2-c2cccc(Br)c2)nc1C.[Fe+2],3.434659
TRZ04427,Cc1nnc(-c2cnc(NC3(c4ccc(OC(F)(F)F)cc4)CCC3)nc2)nc1C,Fe2+,Cc1nnc(-c2cnc(NC3(c4ccc(OC(F)(F)F)cc4)CCC3)nc2)nc1C.[Fe+2],3.4343603
TRZ04425,Cc1nnc(-c2cnc(NC3(c4cc(F)ccc4Cl)CCC3)nc2)nc1C,Fe2+,Cc1nnc(-c2cnc(NC3(c4cc(F)ccc4Cl)CCC3)nc2)nc1C.[Fe+2],3.427756
TRZ04403,Cc1nnc(-c2cnc(NC3(c4ccc(C(F)(F)F)cc4)CC3)nc2)nc1C,Fe2+,Cc1nnc(-c2cnc(NC3(c4ccc(C(F)(F)F)cc4)CC3)nc2)nc1C.[Fe+2],3.4263349
TRZ05521,Cc1nnc(CN2CCC(c3cccc(OCc4ccc(Cl)cc4F)n3)CC2)nc1C,Fe2+,Cc1nnc(CN2CCC(c3cccc(OCc4ccc(Cl)cc4F)n3)CC2)nc1C.[Fe+2],3.3829417
TRZ03758,Cc1nnc(C(C)(C)N(C)S(=O)(=O)c2ccc(C(F)(F)F)cc2Cl)nc1C,Fe2+,Cc1nnc(C(C)(C)N(C)S(=O)(=O)c2ccc(C(F)(F)F)cc2Cl)nc1C.[Fe+2],3.3823128
TRZ04377,Cc1nnc(-c2ccc(CN(C(=O)c3cccnc3)c3cccc(F)c3)nc2)nc1C,Fe2+,Cc1nnc(-c2ccc(CN(C(=O)c3cccnc3)c3cccc(F)c3)nc2)nc1C.[Fe+2],3.3822253
TRZ00525,CCc1c(CC(N)=O)c2c(OCc3nnc(C)c(C)n3)cccc2n1Cc1ccccc1,Fe2+,CCc1c(CC(N)=O)c2c(OCc3nnc(C)c(C)n3)cccc2n1Cc1ccccc1.[Fe+2],3.3758347
TRZ04237,CCNC(=O)NC1=NCC(C2=CN=CC(c3nnc(C)c(C)n3)C2)=C(n2cc(C(F)(F)F)cn2)C1,Fe2+,CCNC(=O)NC1=NCC(C2=CN=CC(c3nnc(C)c(C)n3)C2)=C(n2cc(C(F)(F)F)cn2)C1.[Fe+2],3.3727903
TRZ03354,Cc1nnc(CNC(=O)c2cncc3c2cnn3-c2ccc(F)cc2)nc1C,Fe2+,Cc1nnc(CNC(=O)c2cncc3c2cnn3-c2ccc(F)cc2)nc1C.[Fe+2],3.362083
TRZ04558,CCN1CCN(C(=O)N(Cc2ccc(-c3nnc(C)c(C)n3)cn2)c2cccc(F)c2)CC1,Fe2+,CCN1CCN(C(=O)N(Cc2ccc(-c3nnc(C)c(C)n3)cn2)c2cccc(F)c2)CC1.[Fe+2],3.3600852
TRZ04075,Cc1nnc(CN2CCN(C(=O)c3ccc(C(F)(F)F)cc3)CC2)nc1C,Fe2+,Cc1nnc(CN2CCN(C(=O)c3ccc(C(F)(F)F)cc3)CC2)nc1C.[Fe+2],3.3579304
TRZ01833,Cc1nnc([C@@H](N)Cc2cc(I)c(O)c(I)c2)nc1C,Fe2+,Cc1nnc([C@@H](N)Cc2cc(I)c(O)c(I)c2)nc1C.[Fe+2],3.3556657
TRZ04309,CCS(=O)(=O)N(Cc1ccc(-c2nnc(C)c(C)n2)cn1)c1cc(F)cc(F)c1,Fe2+,CCS(=O)(=O)N(Cc1ccc(-c2nnc(C)c(C)n2)cn1)c1cc(F)cc(F)c1.[Fe+2],3.355237
TRZ04812,Cc1nnc(-c2ccc(CN(C(=O)N3CCN(C4COC4)CC3)c3cccc(F)c3)nc2)nc1C,Fe2+,Cc1nnc(-c2ccc(CN(C(=O)N3CCN(C4COC4)CC3)c3cccc(F)c3)nc2)nc1C.[Fe+2],3.348361
TRZ01956,C=CCNS(=O)(=O)c1ccccc1-c1nnc(C)c(C)n1,Fe2+,C=CCNS(=O)(=O)c1ccccc1-c1nnc(C)c(C)n1.[Fe+2],3.3450027
TRZ00261,COc1ccc(-c2c(-c3ccc(OCc4nnc(C)c(C)n4)cc3O)n[nH]c2C)cc1,Fe2+,COc1ccc(-c2c(-c3ccc(OCc4nnc(C)c(C)n4)cc3O)n[nH]c2C)cc1.[Fe+2],3.331093
TRZ04396,Cc1nnc(CN(C)CCN(C)Cc2cccc(C(F)(F)F)c2)nc1C,Fe2+,Cc1nnc(CN(C)CCN(C)Cc2cccc(C(F)(F)F)c2)nc1C.[Fe+2],3.3164663
TRZ05637,Cc1nnc(-c2ccc(CN(C(=O)N3CCS(=O)CC3)c3ccc(F)cc3)nc2)nc1C,Fe2+,Cc1nnc(-c2ccc(CN(C(=O)N3CCS(=O)CC3)c3ccc(F)cc3)nc2)nc1C.[Fe+2],3.3053966
TRZ00143,Cc1nnc(CCN2CCN(Cc3ccccc3)CC2)nc1C,Fe2+,Cc1nnc(CCN2CCN(Cc3ccccc3)CC2)nc1C.[Fe+2],3.2950926
TRZ04406,Cc1nnc(-c2cnc(NC3(c4ccccc4OC(F)(F)F)CCC3)nc2)nc1C,Fe2+,Cc1nnc(-c2cnc(NC3(c4ccccc4OC(F)(F)F)CCC3)nc2)nc1C.[Fe+2],3.2865665
TRZ05413,Cc1nnc(-c2ccc(CN(c3ccc(F)cc3F)C(O)N3CCOCC3)nc2)nc1C,Fe2+,Cc1nnc(-c2ccc(CN(c3ccc(F)cc3F)C(O)N3CCOCC3)nc2)nc1C.[Fe+2],3.2841427
TRZ04787,Cc1nnc(-c2ccc(CN(C(=O)N3CCOCC3)c3cccc(F)c3)nc2)nc1C,Fe2+,Cc1nnc(-c2ccc(CN(C(=O)N3CCOCC3)c3cccc(F)c3)nc2)nc1C.[Fe+2],3.264158
TRZ01141,Cc1nnc(-c2cc(C(O)CNC(C)(C)C)ccc2O)nc1C,Fe2+,Cc1nnc(-c2cc(C(O)CNC(C)(C)C)ccc2O)nc1C.[Fe+2],3.2631037
TRZ00291,Cc1nnc(CCN(Cc2ccco2)S(=O)(=O)c2ccc(Cl)cc2)nc1C,Fe2+,Cc1nnc(CCN(Cc2ccco2)S(=O)(=O)c2ccc(Cl)cc2)nc1C.[Fe+2],3.2615745
TRZ02401,Cc1nnc(-c2ccc(Oc3ccc(Cl)cc3)nc2)nc1C,Fe2+,Cc1nnc(-c2ccc(Oc3ccc(Cl)cc3)nc2)nc1C.[Fe+2],3.249416
TRZ00552,Cc1nnc(CCN2C(=O)c3ccccc3NC2c2ccc(Cl)cc2)nc1C,Fe2+,Cc1nnc(CCN2C(=O)c3ccccc3NC2c2ccc(Cl)cc2)nc1C.[Fe+2],3.243525
TRZ02552,Cc1nnc(-c2ccccc2S(=O)(=O)NCC2CC(c3ccc(Cl)c(Cl)c3)=NO2)nc1C,Fe2+,Cc1nnc(-c2ccccc2S(=O)(=O)NCC2CC(c3ccc(Cl)c(Cl)c3)=NO2)nc1C.[Fe+2],3.239446
TRZ05181,Cc1nnc(-c2cnc(NC3(c4ccccc4F)CCC3)nc2C(=O)C(F)F)nc1C,Fe2+,Cc1nnc(-c2cnc(NC3(c4ccccc4F)CCC3)nc2C(=O)C(F)F)nc1C.[Fe+2],3.2388027
TRZ00100,Cc1nnc([C@@H](N)Cc2ccc(O)cc2)nc1C,Fe2+,Cc1nnc([C@@H](N)Cc2ccc(O)cc2)nc1C.[Fe+2],3.2291157
TRZ00532,Cc1nnc(CN2CCN(c3nc4cc(F)ccc4n4cccc34)CC2)nc1C,Fe2+,Cc1nnc(CN2CCN(c3nc4cc(F)ccc4n4cccc34)CC2)nc1C.[Fe+2],3.2060816
TRZ00280,Cc1nnc(-c2cccn(Cc3ccc(Cl)cc3Cl)c2=O)nc1C,Fe2+,Cc1nnc(-c2cccn(Cc3ccc(Cl)cc3Cl)c2=O)nc1C.[Fe+2],3.2050025
TRZ04409,Cc1nnc(-c2cnc(NC3(c4ccccc4C(F)(F)F)CCC3)nc2)nc1C,Fe2+,Cc1nnc(-c2cnc(NC3(c4ccccc4C(F)(F)F)CCC3)nc2)nc1C.[Fe+2],3.203257
TRZ01689,COc1ccc2ncc(-c3nnc(C)c(C)n3)c(Nc3ccc(NCCCN4CCOCC4)cc3)c2c1,Fe2+,COc1ccc2ncc(-c3nnc(C)c(C)n3)c(Nc3ccc(NCCCN4CCOCC4)cc3)c2c1.[Fe+2],3.1873136
TRZ02245,Cc1nnc([C@@H]2CCCN2Cc2c(F)cccc2Cl)nc1C,Fe2+,Cc1nnc([C@@H]2CCCN2Cc2c(F)cccc2Cl)nc1C.[Fe+2],3.1834888
TRZ00765,Cc1nnc(Cc2nn(C)c(=O)c3ccccc23)nc1C,Fe2+,Cc1nnc(Cc2nn(C)c(=O)c3ccccc23)nc1C.[Fe+2],3.1797385
TRZ00673,COc1ccc(-c2cn[nH]c2-c2ccc(OCc3nnc(C)c(C)n3)cc2O)cc1OC,Fe2+,COc1ccc(-c2cn[nH]c2-c2ccc(OCc3nnc(C)c(C)n3)cc2O)cc1OC.[Fe+2],3.1698709
TRZ04684,Cc1nnc(-c2cnc3c(c2)C(=O)N(C2COCCC2Oc2ccc(F)cc2F)C3)nc1C,Fe2+,Cc1nnc(-c2cnc3c(c2)C(=O)N(C2COCCC2Oc2ccc(F)cc2F)C3)nc1C.[Fe+2],3.1620808
TRZ05839,Cc1nnc(-c2cc(C3(C)CCNC3=O)ccc2Nc2ccc(C(F)(F)F)cc2)nc1C,Fe2+,Cc1nnc(-c2cc(C3(C)CCNC3=O)ccc2Nc2ccc(C(F)(F)F)cc2)nc1C.[Fe+2],3.1620188
TRZ05437,Cc1nnc(CN(c2ccc(C(F)(F)F)cc2)S(C)(=O)=O)nc1C,Fe2+,Cc1nnc(CN(c2ccc(C(F)(F)F)cc2)S(C)(=O)=O)nc1C.[Fe+2],3.1612935
TRZ00735,Cc1nnc(-c2ccccc2S)nc1C,Fe2+,Cc1nnc(-c2ccccc2S)nc1C.[Fe+2],3.1612687
TRZ05297,COCOc1ccc(F)cc1C(c1nnc(C)c(C)n1)N1Cc2ccc(Br)cc2C1=O,Fe2+,COCOc1ccc(F)cc1C(c1nnc(C)c(C)n1)N1Cc2ccc(Br)cc2C1=O.[Fe+2],3.1593866
TRZ01712,Cc1nnc(C2=C(O)c3ccccc3S(=O)(=O)N2Cc2ccccc2)nc1C,Fe2+,Cc1nnc(C2=C(O)c3ccccc3S(=O)(=O)N2Cc2ccccc2)nc1C.[Fe+2],3.154405
TRZ04404,Cc1nnc(-c2cnc(NC3(c4cc(F)ccc4F)CCC3)nc2)nc1C,Fe2+,Cc1nnc(-c2cnc(NC3(c4cc(F)ccc4F)CCC3)nc2)nc1C.[Fe+2],3.1482458
TRZ01163,Cc1nnc(-c2cn(C)c3c(cc([N+](=O)[O-])c4cccnc43)c2=O)nc1C,Fe2+,Cc1nnc(-c2cn(C)c3c(cc([N+](=O)[O-])c4cccnc43)c2=O)nc1C.[Fe+2],3.148026
TRZ03847,Cc1cc(Oc2cccc(C(F)(F)F)c2)nc(-c2nnc(C)c(C)n2)c1S,Fe2+,Cc1cc(Oc2cccc(C(F)(F)F)c2)nc(-c2nnc(C)c(C)n2)c1S.[Fe+2],3.1478295
TRZ02537,Cc1nnc(-c2ccc(-n3cc(-c4ccccc4)nn3)cc2O)nc1C,Fe2+,Cc1nnc(-c2ccc(-n3cc(-c4ccccc4)nn3)cc2O)nc1C.[Fe+2],3.1428556
TRZ04680,Cc1nnc(-c2cnc3c(c2)C(=O)N([C@@H]2COCC[C@H]2Oc2ccc(F)c(F)c2)C3)nc1C,Fe2+,Cc1nnc(-c2cnc3c(c2)C(=O)N([C@@H]2COCC[C@H]2Oc2ccc(F)c(F)c2)C3)nc1C.[Fe+2],3.14037
TRZ00443,COc1cccc(-c2nnc(C)c(C)n2)c1O,Fe2+,COc1cccc(-c2nnc(C)c(C)n2)c1O.[Fe+2],3.1402164
TRZ05014,Cc1nnc(C(C)c2ccnc3c(-c4ccc(C(F)(F)F)cc4)cnn23)nc1C,Fe2+,Cc1nnc(C(C)c2ccnc3c(-c4ccc(C(F)(F)F)cc4)cnn23)nc1C.[Fe+2],3.1338468
TRZ01772,COCC(=O)Nc1ccc(-c2cc(-c3ccccc3)nc(-c3nnc(C)c(C)n3)n2)cn1,Fe2+,COCC(=O)Nc1ccc(-c2cc(-c3ccccc3)nc(-c3nnc(C)c(C)n3)n2)cn1.[Fe+2],3.1299586
TRZ04827,Cc1ccc(N(Cc2ccc(-c3nnc(C)c(C)n3)cn2)C(=O)N2CCOCC2)c(F)c1,Fe2+,Cc1ccc(N(Cc2ccc(-c3nnc(C)c(C)n3)cn2)C(=O)N2CCOCC2)c(F)c1.[Fe+2],3.1220188
TRZ00915,COc1ccccc1-c1cn[nH]c1-c1ccc(OCc2nnc(C)c(C)n2)cc1O,Fe2+,COc1ccccc1-c1cn[nH]c1-c1ccc(OCc2nnc(C)c(C)n2)cc1O.[Fe+2],3.1106954
TRZ04578,Cc1nnc(-c2ccc(CNC(=O)N3CCN(C)CC3c3cccc(F)c3)nc2)nc1C,Fe2+,Cc1nnc(-c2ccc(CNC(=O)N3CCN(C)CC3c3cccc(F)c3)nc2)nc1C.[Fe+2],3.09909
TRZ04413,Cc1nnc(-c2cnc(NC3(c4cccc(C(F)(F)F)c4)CCC3)nc2)nc1C,Fe2+,Cc1nnc(-c2cnc(NC3(c4cccc(C(F)(F)F)c4)CCC3)nc2)nc1C.[Fe+2],3.0979867
TRZ04641,Cc1nnc(C2=CNC(=NC3(c4cc(F)ccc4Cl)CCC3)N(C)C2)nc1C,Fe2+,Cc1nnc(C2=CNC(=NC3(c4cc(F)ccc4Cl)CCC3)N(C)C2)nc1C.[Fe+2],3.0650792
TRZ05182,Cc1nnc(-c2cnc(NC3(c4ccc(F)cc4)CCC3)nc2C(=O)C(F)F)nc1C,Fe2+,Cc1nnc(-c2cnc(NC3(c4ccc(F)cc4)CCC3)nc2C(=O)C(F)F)nc1C.[Fe+2],3.0571055
TRZ04681,Cc1nnc(-c2cnc3c(c2)C(=O)N(C2COCCC2Oc2ccc(F)c(F)c2)C3)nc1C,Fe2+,Cc1nnc(-c2cnc3c(c2)C(=O)N(C2COCCC2Oc2ccc(F)c(F)c2)C3)nc1C.[Fe+2],3.0565767
TRZ01946,Cc1nnc(CN2CCN(c3ccc([N+](=O)[O-])cc3)CC2)nc1C,Fe2+,Cc1nnc(CN2CCN(c3ccc([N+](=O)[O-])cc3)CC2)nc1C.[Fe+2],3.0556579
TRZ04683,Cc1nnc(-c2cnc3c(c2)C(=O)N([C@@H]2COCC[C@H]2Oc2ccc(F)cc2F)C3)nc1C,Fe2+,Cc1nnc(-c2cnc3c(c2)C(=O)N([C@@H]2COCC[C@H]2Oc2ccc(F)cc2F)C3)nc1C.[Fe+2],3.0483618
TRZ00916,COc1ccc(-c2c(-c3ccc(OCc4nnc(C)c(C)n4)cc3O)n[nH]c2C(F)(F)F)cc1,Fe2+,COc1ccc(-c2c(-c3ccc(OCc4nnc(C)c(C)n4)cc3O)n[nH]c2C(F)(F)F)cc1.[Fe+2],3.0400143
TRZ04344,CCS(=O)(=O)N(Cc1ccc(-c2nnc(C)c(C)n2)cn1)c1ccc(C)c(F)c1,Fe2+,CCS(=O)(=O)N(Cc1ccc(-c2nnc(C)c(C)n2)cn1)c1ccc(C)c(F)c1.[Fe+2],3.0380692
TRZ03854,Cc1nnc(C2CC3(NC(=O)N(c4ccc(Cl)cc4)C3=O)c3cc(F)ccc3O2)nc1C,Fe2+,Cc1nnc(C2CC3(NC(=O)N(c4ccc(Cl)cc4)C3=O)c3cc(F)ccc3O2)nc1C.[Fe+2],3.029562
TRZ05619,Cc1nnc(-c2cn(Cc3ccc(Cn4cc(F)ccc4=O)cc3)nc2C2(C)COC2)nc1C,Fe2+,Cc1nnc(-c2cn(Cc3ccc(Cn4cc(F)ccc4=O)cc3)nc2C2(C)COC2)nc1C.[Fe+2],3.0195355
TRZ05191,Cc1nnc(-c2cnc(NC3(c4ccc(OC(F)(F)F)cc4)CCC3)nc2C(=O)C(F)F)nc1C,Fe2+,Cc1nnc(-c2cnc(NC3(c4ccc(OC(F)(F)F)cc4)CCC3)nc2C(=O)C(F)F)nc1C.[Fe+2],2.9957337
TRZ04397,Cc1nnc(-c2cnc(NC3(c4cccc(C(F)(F)F)c4)CC3)nc2)nc1C,Fe2+,Cc1nnc(-c2cnc(NC3(c4cccc(C(F)(F)F)c4)CC3)nc2)nc1C.[Fe+2],2.9838886
TRZ05647,Cc1nnc(-c2ccc(CN(C(=O)N3CCS(=O)CC3)c3cccc(F)c3)nc2)nc1C,Fe2+,Cc1nnc(-c2ccc(CN(C(=O)N3CCS(=O)CC3)c3cccc(F)c3)nc2)nc1C.[Fe+2],2.9722757
TRZ02534,Cc1nnc(CN2C(=O)NC(=O)C2(c2ccccc2)c2ccccc2)nc1C,Fe2+,Cc1nnc(CN2C(=O)NC(=O)C2(c2ccccc2)c2ccccc2)nc1C.[Fe+2],2.9597726
TRZ05007,Cc1ccc(S(=O)(=O)N2CCN(Cc3nnc(C)c(C)n3)CC(F)C2)cc1,Fe2+,Cc1ccc(S(=O)(=O)N2CCN(Cc3nnc(C)c(C)n3)CC(F)C2)cc1.[Fe+2],2.9592576
TRZ04401,Cc1nnc(-c2cnc(NC3(c4cccc(F)c4F)CCC3)nc2)nc1C,Fe2+,Cc1nnc(-c2cnc(NC3(c4cccc(F)c4F)CCC3)nc2)nc1C.[Fe+2],2.9586015
TRZ01233,Cc1nnc(-c2ccccc2NC(=O)/C(=C/c2ccccc2O)NC(=O)c2ccccc2)nc1C,Fe2+,Cc1nnc(-c2ccccc2NC(=O)/C(=C/c2ccccc2O)NC(=O)c2ccccc2)nc1C.[Fe+2],2.9550848
TRZ04461,Cc1nnc(-c2cnc(N3CCN(C(=O)Nc4ccc(C(F)(F)F)cn4)CC3)c(Cl)c2)nc1C,Fe2+,Cc1nnc(-c2cnc(N3CCN(C(=O)Nc4ccc(C(F)(F)F)cn4)CC3)c(Cl)c2)nc1C.[Fe+2],2.954218
TRZ02332,COc1ccc(/C=C(/NC(=O)c2ccc(Br)o2)c2nnc(C)c(C)n2)cc1,Fe2+,COc1ccc(/C=C(/NC(=O)c2ccc(Br)o2)c2nnc(C)c(C)n2)cc1.[Fe+2],2.9270782
TRZ05453,Cc1nnc(-c2ccc(Oc3ccc(C(F)(F)F)cc3)cc2[N+](=O)[O-])nc1C,Fe2+,Cc1nnc(-c2ccc(Oc3ccc(C(F)(F)F)cc3)cc2[N+](=O)[O-])nc1C.[Fe+2],2.920793
TRZ01448,Cc1nnc(-c2cc(Cl)ccc2O)nc1C,Fe2+,Cc1nnc(-c2cc(Cl)ccc2O)nc1C.[Fe+2],2.9101129
TRZ02582,Cc1ccc2[nH]cc(-c3nnc(C)c(C)n3)c(=O)c2c1,Fe2+,Cc1ccc2[nH]cc(-c3nnc(C)c(C)n3)c(=O)c2c1.[Fe+2],2.9074574
TRZ02483,COc1ccc(C=C2Oc3cc(OCc4nnc(C)c(C)n4)ccc3C2=O)cc1,Fe2+,COc1ccc(C=C2Oc3cc(OCc4nnc(C)c(C)n4)ccc3C2=O)cc1.[Fe+2],2.904985
TRZ04595,Cc1nnc(-c2ccc(CN(C(=O)N3CCC(N(C)C)C3)c3ccc(F)c(Cl)c3)nc2)nc1C,Fe2+,Cc1nnc(-c2ccc(CN(C(=O)N3CCC(N(C)C)C3)c3ccc(F)c(Cl)c3)nc2)nc1C.[Fe+2],2.8956337
TRZ00927,Cc1nnc(CNC(=O)CNS(=O)(=O)c2ccccc2)nc1C,Fe2+,Cc1nnc(CNC(=O)CNS(=O)(=O)c2ccccc2)nc1C.[Fe+2],2.8947635
TRZ00573,Cc1nnc(-c2nc(-c3ccc(O)cc3)cc(N3CCc4ccccc4C3)n2)nc1C,Fe2+,Cc1nnc(-c2nc(-c3ccc(O)cc3)cc(N3CCc4ccccc4C3)n2)nc1C.[Fe+2],2.8803034
TRZ04418,Cc1nnc(-c2cnc(NC3(c4cccc(F)c4)CCC3)nc2)nc1C,Fe2+,Cc1nnc(-c2cnc(NC3(c4cccc(F)c4)CCC3)nc2)nc1C.[Fe+2],2.870103
TRZ02343,Cc1nnc(CNC(=O)c2ccc(S(=O)(=O)N3CCOCC3)cc2)nc1C,Fe2+,Cc1nnc(CNC(=O)c2ccc(S(=O)(=O)N3CCOCC3)cc2)nc1C.[Fe+2],2.8682413
TRZ05529,Cc1nnc(-c2c(Nc3ccc(C(F)(F)F)cc3)ccn(C)c2=O)nc1C,Fe2+,Cc1nnc(-c2c(Nc3ccc(C(F)(F)F)cc3)ccn(C)c2=O)nc1C.[Fe+2],2.8680773
TRZ02025,Cc1ccc(O)c(-c2nnc(C)c(C)n2)c1,Fe2+,Cc1ccc(O)c(-c2nnc(C)c(C)n2)c1.[Fe+2],2.8664217
TRZ03327,Cc1nnc(CN2CCN(c3cccc(C(F)(F)F)c3)CC2)nc1C,Fe2+,Cc1nnc(CN2CCN(c3cccc(C(F)(F)F)c3)CC2)nc1C.[Fe+2],2.863339
TRZ00651,Cc1nnc(-c2cc(S(=O)(=O)N3CCOCC3)c[nH]2)nc1C,Fe2+,Cc1nnc(-c2cc(S(=O)(=O)N3CCOCC3)c[nH]2)nc1C.[Fe+2],2.8439984
TRZ00178,CCOC(=O)c1c(-c2ccccc2)oc2ccc(OCc3nnc(C)c(C)n3)cc12,Fe2+,CCOC(=O)c1c(-c2ccccc2)oc2ccc(OCc3nnc(C)c(C)n3)cc12.[Fe+2],2.8439126
TRZ03663,Cc1nnc(CNS(=O)(=O)c2ccccc2C(F)(F)F)nc1C,Fe2+,Cc1nnc(CNS(=O)(=O)c2ccccc2C(F)(F)F)nc1C.[Fe+2],2.8404531
TRZ05756,Cc1nnc(-c2ccc(N3CCC(C#N)(c4ccc(C(F)(F)F)cc4)CC3)nn2)nc1C,Fe2+,Cc1nnc(-c2ccc(N3CCC(C#N)(c4ccc(C(F)(F)F)cc4)CC3)nn2)nc1C.[Fe+2],2.8383665
TRZ04657,Cc1nnc(-c2ccc(=O)n(CC(=O)Nc3ccc(C(F)(F)F)cc3)c2)nc1C,Fe2+,Cc1nnc(-c2ccc(=O)n(CC(=O)Nc3ccc(C(F)(F)F)cc3)c2)nc1C.[Fe+2],2.8353014
TRZ05419,Cc1nnc(-c2cn3c4c(c(N5CCN(C)CC5)c(F)cc4c2=O)OCC32CC2)nc1C,Fe2+,Cc1nnc(-c2cn3c4c(c(N5CCN(C)CC5)c(F)cc4c2=O)OCC32CC2)nc1C.[Fe+2],2.8346877
TRZ01429,Cc1nnc(-c2ccncc2O)nc1C,Fe2+,Cc1nnc(-c2ccncc2O)nc1C.[Fe+2],2.8341703
TRZ04216,Cc1nnc(-c2cc(-c3cccc(-n4ccc5cc(C6CC6)cc(F)c5c4=O)c3CON)c[nH]2)nc1C,Fe2+,Cc1nnc(-c2cc(-c3cccc(-n4ccc5cc(C6CC6)cc(F)c5c4=O)c3CON)c[nH]2)nc1C.[Fe+2],2.8336444
TRZ00903,Cc1nnc(-c2[nH]cnc2N=NN(C)C2CCCCC2)nc1C,Fe2+,Cc1nnc(-c2[nH]cnc2N=NN(C)C2CCCCC2)nc1C.[Fe+2],2.8314705
TRZ00751,Cc1nnc(-c2cc(-c3ccc(F)cc3F)ccc2O)nc1C,Fe2+,Cc1nnc(-c2cc(-c3ccc(F)cc3F)ccc2O)nc1C.[Fe+2],2.828443
TRZ03617,CCC(C)(C)CC[C@H](NC1NC(=O)Oc2cc(F)ccc21)c1nnc(C)c(C)n1,Fe2+,CCC(C)(C)CC[C@H](NC1NC(=O)Oc2cc(F)ccc21)c1nnc(C)c(C)n1.[Fe+2],2.8258505
TRZ00724,CCn1cc(-c2nnc(C)c(C)n2)c(=O)c2cc([N+](=O)[O-])c3cccnc3c21,Fe2+,CCn1cc(-c2nnc(C)c(C)n2)c(=O)c2cc([N+](=O)[O-])c3cccnc3c21.[Fe+2],2.824843
TRZ00006,Cc1nnc(-c2ccccc2O)nc1C,Fe2+,Cc1nnc(-c2ccccc2O)nc1C.[Fe+2],2.8168578
TRZ05177,Cc1nnc(-c2cnc(NC3(c4ccccc4)CCC3)nc2C(=O)C(F)F)nc1C,Fe2+,Cc1nnc(-c2cnc(NC3(c4ccccc4)CCC3)nc2C(=O)C(F)F)nc1C.[Fe+2],2.8094072
TRZ00629,Cc1nnc(-c2cccn(Cc3cccc(C(F)(F)F)c3)c2=O)nc1C,Fe2+,Cc1nnc(-c2cccn(Cc3cccc(C(F)(F)F)c3)c2=O)nc1C.[Fe+2],2.7976823
TRZ01674,Cc1nnc(-c2cc(-c3ccccc3)n[nH]c2=O)nc1C,Fe2+,Cc1nnc(-c2cc(-c3ccccc3)n[nH]c2=O)nc1C.[Fe+2],2.7958946
TRZ05615,Cc1nnc(C(c2ccc(F)cc2)N2C[C@H](C)N(C(=O)O)CC2C)nc1C,Fe2+,Cc1nnc(C(c2ccc(F)cc2)N2C[C@H](C)N(C(=O)O)CC2C)nc1C.[Fe+2],2.7917366
TRZ05554,Cc1nnc(CNC2c3ncc(C(F)(F)F)n3N=C(N3CCOCC3)N2C)nc1C,Fe2+,Cc1nnc(CNC2c3ncc(C(F)(F)F)n3N=C(N3CCOCC3)N2C)nc1C.[Fe+2],2.7903652
TRZ05311,Cc1nnc(-c2ccc(Cc3c(NS(C)(=O)=O)cccc3C(F)(F)F)nc2)nc1C,Fe2+,Cc1nnc(-c2ccc(Cc3c(NS(C)(=O)=O)cccc3C(F)(F)F)nc2)nc1C.[Fe+2],2.7902026
TRZ01553,Cc1nnc(-c2c[nH]c3ccc(Cl)cc3c2=O)nc1C,Fe2+,Cc1nnc(-c2c[nH]c3ccc(Cl)cc3c2=O)nc1C.[Fe+2],2.7861614
TRZ02354,Cc1ccc(S(=O)(=O)N(C)Cc2nnc(C)c(C)n2)cc1,Fe2+,Cc1ccc(S(=O)(=O)N(C)Cc2nnc(C)c(C)n2)cc1.[Fe+2],2.7844787
TRZ05184,Cc1ccccc1C1(Nc2ncc(-c3nnc(C)c(C)n3)c(C(=O)C(F)F)n2)CCC1,Fe2+,Cc1ccccc1C1(Nc2ncc(-c3nnc(C)c(C)n3)c(C(=O)C(F)F)n2)CCC1.[Fe+2],2.7755919
TRZ05179,Cc1nnc(-c2cnc(NC3(c4ccccc4)CCCCC3)nc2C(=O)C(F)F)nc1C,Fe2+,Cc1nnc(-c2cnc(NC3(c4ccccc4)CCCCC3)nc2C(=O)C(F)F)nc1C.[Fe+2],2.775157
TRZ05178,Cc1nnc(-c2cnc(NC3(c4ccccc4)CCCC3)nc2C(=O)C(F)F)nc1C,Fe2+,Cc1nnc(-c2cnc(NC3(c4ccccc4)CCCC3)nc2C(=O)C(F)F)nc1C.[Fe+2],2.7560697
TRZ04416,Cc1nnc(-c2cnc(NC3(c4cccc(F)c4)CC3)nc2)nc1C,Fe2+,Cc1nnc(-c2cnc(NC3(c4cccc(F)c4)CC3)nc2)nc1C.[Fe+2],2.7540421
TRZ01081,Cc1nnc(-c2c[nH]c(=S)[nH]2)nc1C,Fe2+,Cc1nnc(-c2c[nH]c(=S)[nH]2)nc1C.[Fe+2],2.751511
TRZ00016,Cc1nnc(-c2ccc(N)cc2O)nc1C,Fe2+,Cc1nnc(-c2ccc(N)cc2O)nc1C.[Fe+2],2.748088
TRZ04419,Cc1nnc(-c2cnc(NC3(c4c(F)cccc4F)CCC3)nc2)nc1C,Fe2+,Cc1nnc(-c2cnc(NC3(c4c(F)cccc4F)CCC3)nc2)nc1C.[Fe+2],2.7468772
TRZ04400,Cc1nnc(-c2cnc(NC3(c4ccc(F)cc4F)CCC3)nc2)nc1C,Fe2+,Cc1nnc(-c2cnc(NC3(c4ccc(F)cc4F)CCC3)nc2)nc1C.[Fe+2],2.7462358
TRZ05869,Cc1nnc(C(C(N)=O)c2cccc(C(F)(F)F)c2)nc1C,Fe2+,Cc1nnc(C(C(N)=O)c2cccc(C(F)(F)F)c2)nc1C.[Fe+2],2.7437482
TRZ00523,Cc1ccc(/C=C2\Oc3cc(OCc4nnc(C)c(C)n4)ccc3C2=O)o1,Fe2+,Cc1ccc(/C=C2\Oc3cc(OCc4nnc(C)c(C)n4)ccc3C2=O)o1.[Fe+2],2.7436671
TRZ01686,Cc1nnc(-c2cnc3ccc(F)cc3c2Nc2ccc(OCCCN3CCOCC3)cc2)nc1C,Fe2+,Cc1nnc(-c2cnc3ccc(F)cc3c2Nc2ccc(OCCCN3CCOCC3)cc2)nc1C.[Fe+2],2.7405863
TRZ04414,Cc1nnc(-c2cnc(NC3(c4ccc(F)cc4Cl)CCC3)nc2)nc1C,Fe2+,Cc1nnc(-c2cnc(NC3(c4ccc(F)cc4Cl)CCC3)nc2)nc1C.[Fe+2],2.7362018
TRZ05186,CSc1ncc(-c2nnc(C)c(C)n2)c(C(=O)C(F)F)n1,Fe2+,CSc1ncc(-c2nnc(C)c(C)n2)c(C(=O)C(F)F)n1.[Fe+2],2.735022
TRZ02487,CCN(CC)S(=O)(=O)c1ccc(C(=O)NCc2nnc(C)c(C)n2)cc1,Fe2+,CCN(CC)S(=O)(=O)c1ccc(C(=O)NCc2nnc(C)c(C)n2)cc1.[Fe+2],2.7310991
TRZ05176,Cc1nnc(-c2cnc(NC3(c4ccccc4)CC3)nc2C(=O)C(F)F)nc1C,Fe2+,Cc1nnc(-c2cnc(NC3(c4ccccc4)CC3)nc2C(=O)C(F)F)nc1C.[Fe+2],2.729185
TRZ05194,Cc1nnc(-c2cnc(NC3(c4cccnc4)CCC3)nc2C(=O)C(F)F)nc1C,Fe2+,Cc1nnc(-c2cnc(NC3(c4cccnc4)CCC3)nc2C(=O)C(F)F)nc1C.[Fe+2],2.724515
TRZ04412,Cc1nnc(-c2cnc(NC3(c4ccc(Cl)cc4F)CC3)nc2)nc1C,Fe2+,Cc1nnc(-c2cnc(NC3(c4ccc(Cl)cc4F)CC3)nc2)nc1C.[Fe+2],2.7152305
TRZ02499,CCCOc1ccc(O)c(-c2nnc(C)c(C)n2)c1,Fe2+,CCCOc1ccc(O)c(-c2nnc(C)c(C)n2)c1.[Fe+2],2.7133856
TRZ05190,Cc1nnc(-c2cnc(NC3(c4cc(F)ccc4F)CCC3)nc2C(=O)C(F)F)nc1C,Fe2+,Cc1nnc(-c2cnc(NC3(c4cc(F)ccc4F)CCC3)nc2C(=O)C(F)F)nc1C.[Fe+2],2.7096062
TRZ02063,Cc1nnc(/C(NC(=O)c2ccccc2)=C(\N)c2ccc(Cl)cc2)nc1C,Fe2+,Cc1nnc(/C(NC(=O)c2ccccc2)=C(\N)c2ccc(Cl)cc2)nc1C.[Fe+2],2.7058992
TRZ01205,Cc1nnc(CNC(c2ccccc2)(c2ccccc2)c2ccccc2)nc1C,Fe2+,Cc1nnc(CNC(c2ccccc2)(c2ccccc2)c2ccccc2)nc1C.[Fe+2],2.7038622
TRZ01929,Cc1nnc(Cc2nc3ccccc3[nH]c2=O)nc1C,Fe2+,Cc1nnc(Cc2nc3ccccc3[nH]c2=O)nc1C.[Fe+2],2.70216
TRZ04759,Cc1nnc(-c2ccc(CN(C(=O)N3CCS(=O)(=O)CC3)c3ccc(F)cc3)nc2)nc1C,Fe2+,Cc1nnc(-c2ccc(CN(C(=O)N3CCS(=O)(=O)CC3)c3ccc(F)cc3)nc2)nc1C.[Fe+2],2.7016058
TRZ02148,Cc1nnc(-c2cnn(-c3ccc(F)cc3)c2N)nc1C,Fe2+,Cc1nnc(-c2cnn(-c3ccc(F)cc3)c2N)nc1C.[Fe+2],2.6985512
TRZ05378,CCC(F)(CC)CN1CCC(c2cn(Cc3ccc(-c4nnc(C)c(C)n4)cn3)nn2)CC1,Fe2+,CCC(F)(CC)CN1CCC(c2cn(Cc3ccc(-c4nnc(C)c(C)n4)cn3)nn2)CC1.[Fe+2],2.6980853
TRZ00204,Cc1cccc(-c2nnc(C)c(C)n2)c1O,Fe2+,Cc1cccc(-c2nnc(C)c(C)n2)c1O.[Fe+2],2.6976027
TRZ00404,Cc1nnc([C@@H](N)Cc2cnc[nH]2)nc1C,Fe2+,Cc1nnc([C@@H](N)Cc2cnc[nH]2)nc1C.[Fe+2],2.693779
TRZ05442,Cc1nnc(-c2cc(Oc3ccc(NC(=O)OC(C)(C)C)c(F)c3)ccn2)nc1C,Fe2+,Cc1nnc(-c2cc(Oc3ccc(NC(=O)OC(C)(C)C)c(F)c3)ccn2)nc1C.[Fe+2],2.6927133
TRZ04614,Cc1nnc(-c2ccc(NC3(c4ccc(F)cc4)CCC3)nc2)nc1C,Fe2+,Cc1nnc(-c2ccc(NC3(c4ccc(F)cc4)CCC3)nc2)nc1C.[Fe+2],2.6897426
TRZ04886,Cc1nnc(-c2ccc(CN(C(=O)N3CC[C@H](N(C)C)C3)c3ccc(F)c(Cl)c3)nc2)nc1C,Fe2+,Cc1nnc(-c2ccc(CN(C(=O)N3CC[C@H](N(C)C)C3)c3ccc(F)c(Cl)c3)nc2)nc1C.[Fe+2],2.688836
TRZ01690,Cc1nnc(-c2cnc3ccc(F)cc3c2Nc2ccc(NCCCN3CCOCC3)cc2)nc1C,Fe2+,Cc1nnc(-c2cnc3ccc(F)cc3c2Nc2ccc(NCCCN3CCOCC3)cc2)nc1C.[Fe+2],2.6874323
TRZ02221,Cc1nnc(Cn2nc(N3CCN(c4ccccc4F)CC3)ccc2=O)nc1C,Fe2+,Cc1nnc(Cn2nc(N3CCN(c4ccccc4F)CC3)ccc2=O)nc1C.[Fe+2],2.686636
TRZ00901,Cc1nc(C)c(-c2nnc(-c3ccccc3Cl)o2)cc1-c1nnc(C)c(C)n1,Fe2+,Cc1nc(C)c(-c2nnc(-c3ccccc3Cl)o2)cc1-c1nnc(C)c(C)n1.[Fe+2],2.686296
TRZ05197,Cc1nnc(-c2cnc(NC3(c4ccccc4C(F)(F)F)CCC3)nc2C(=O)C(F)F)nc1C,Fe2+,Cc1nnc(-c2cnc(NC3(c4ccccc4C(F)(F)F)CCC3)nc2C(=O)C(F)F)nc1C.[Fe+2],2.6855555
TRZ01523,CSCCC(NS(=O)(=O)c1cc(C(F)(F)F)cc(C(F)(F)F)c1)c1nnc(C)c(C)n1,Fe2+,CSCCC(NS(=O)(=O)c1cc(C(F)(F)F)cc(C(F)(F)F)c1)c1nnc(C)c(C)n1.[Fe+2],2.6796427
TRZ00551,Cc1nnc(CCN2C(=O)c3ccccc3NC2c2ccc3c(c2)OCO3)nc1C,Fe2+,Cc1nnc(CCN2C(=O)c3ccccc3NC2c2ccc3c(c2)OCO3)nc1C.[Fe+2],2.6745977
TRZ01345,Cc1nnc(Cn2c(=O)c3c(nc4n3CC(c3ccccc3)=NN4c3ccccc3)n(C)c2=O)nc1C,Fe2+,Cc1nnc(Cn2c(=O)c3c(nc4n3CC(c3ccccc3)=NN4c3ccccc3)n(C)c2=O)nc1C.[Fe+2],2.674384
TRZ04245,Cc1nnc(C2CC3CSC(NC(=O)c4ccccc4)=NC3(c3ccc(F)cc3F)CO2)nc1C,Fe2+,Cc1nnc(C2CC3CSC(NC(=O)c4ccccc4)=NC3(c3ccc(F)cc3F)CO2)nc1C.[Fe+2],2.6571436
TRZ01467,Cc1nnc(-c2ccc(I)cc2O)nc1C,Fe2+,Cc1nnc(-c2ccc(I)cc2O)nc1C.[Fe+2],2.656836
TRZ01882,Cc1nnc(C(C)c2nc3ncccc3[nH]2)nc1C,Fe2+,Cc1nnc(C(C)c2nc3ncccc3[nH]2)nc1C.[Fe+2],2.6523314
TRZ02149,Cc1nnc(-c2cnn(-c3ccc(Br)cc3)c2N)nc1C,Fe2+,Cc1nnc(-c2cnn(-c3ccc(Br)cc3)c2N)nc1C.[Fe+2],2.648231
TRZ02501,CCCCCOc1ccc(O)c(-c2nnc(C)c(C)n2)c1,Fe2+,CCCCCOc1ccc(O)c(-c2nnc(C)c(C)n2)c1.[Fe+2],2.6434517
TRZ03109,Cc1nnc(-c2ccccc2N2C(=O)N[C@]3(CCOc4ccc(F)cc43)C2=O)nc1C,Fe2+,Cc1nnc(-c2ccccc2N2C(=O)N[C@]3(CCOc4ccc(F)cc43)C2=O)nc1C.[Fe+2],2.63873
TRZ05180,COc1ccc(C2(Nc3ncc(-c4nnc(C)c(C)n4)c(C(=O)C(F)F)n3)CCC2)cc1,Fe2+,COc1ccc(C2(Nc3ncc(-c4nnc(C)c(C)n4)c(C(=O)C(F)F)n3)CCC2)cc1.[Fe+2],2.6379952
TRZ00015,Cc1nnc(-c2cc3ccccc3cc2O)nc1C,Fe2+,Cc1nnc(-c2cc3ccccc3cc2O)nc1C.[Fe+2],2.6360283
TRZ05183,Cc1nnc(-c2cnc(NC3(c4cccc(C(F)(F)F)c4)CCC3)nc2C(=O)C(F)F)nc1C,Fe2+,Cc1nnc(-c2cnc(NC3(c4cccc(C(F)(F)F)c4)CCC3)nc2C(=O)C(F)F)nc1C.[Fe+2],2.6301217
TRZ02271,CC(=O)Nc1ccccc1C(=O)C(=O)Nc1ccccc1-c1nnc(C)c(C)n1,Fe2+,CC(=O)Nc1ccccc1C(=O)C(=O)Nc1ccccc1-c1nnc(C)c(C)n1.[Fe+2],2.6265645
TRZ05074,Cc1nnc(C(c2ccc(F)cc2)N2C[C@H](C)N(C(=O)O)C[C@H]2C)nc1C,Fe2+,Cc1nnc(C(c2ccc(F)cc2)N2C[C@H](C)N(C(=O)O)C[C@H]2C)nc1C.[Fe+2],2.6233807
TRZ02484,COc1cccc(C=C2Oc3cc(OCc4nnc(C)c(C)n4)ccc3C2=O)c1OC,Fe2+,COc1cccc(C=C2Oc3cc(OCc4nnc(C)c(C)n4)ccc3C2=O)c1OC.[Fe+2],2.618575
TRZ03116,Cc1nnc(-c2cc(Cl)ccc2N2C(=O)N[C@]3(CCOc4ccc(F)cc43)C2=O)nc1C,Fe2+,Cc1nnc(-c2cc(Cl)ccc2N2C(=O)N[C@]3(CCOc4ccc(F)cc43)C2=O)nc1C.[Fe+2],2.607408
TRZ05360,Cc1nnc(-c2cnc(C(=O)C(F)F)nc2)nc1C,Fe2+,Cc1nnc(-c2cnc(C(=O)C(F)F)nc2)nc1C.[Fe+2],2.5991611
TRZ01024,Cc1nnc(COc2ccc3c4c(c(=O)oc3c2Br)CCCC4)nc1C,Fe2+,Cc1nnc(COc2ccc3c4c(c(=O)oc3c2Br)CCCC4)nc1C.[Fe+2],2.597179
TRZ01582,Cc1nnc(Cn2nc(-c3ccccc3)c(-c3ccccc3)nc2=O)nc1C,Fe2+,Cc1nnc(Cn2nc(-c3ccccc3)c(-c3ccccc3)nc2=O)nc1C.[Fe+2],2.5933886
TRZ00507,Cc1nnc(-c2ccc3nc(-c4ccc(Br)cc4)cn3c2)nc1C,Fe2+,Cc1nnc(-c2ccc3nc(-c4ccc(Br)cc4)cn3c2)nc1C.[Fe+2],2.589931
TRZ01583,Cc1nnc(CNC(=O)c2cc(N)cc(N)c2)nc1C,Fe2+,Cc1nnc(CNC(=O)c2cc(N)cc(N)c2)nc1C.[Fe+2],2.5849075
TRZ02141,CCC(c1nnc(C)c(C)n1)n1ncc2ccccc2c1=O,Fe2+,CCC(c1nnc(C)c(C)n1)n1ncc2ccccc2c1=O.[Fe+2],2.5832415
TRZ04198,Cc1nnc(CN2CCN(c3cccc4c3cnn4-c3ccccc3F)C2=O)nc1C,Fe2+,Cc1nnc(CN2CCN(c3cccc4c3cnn4-c3ccccc3F)C2=O)nc1C.[Fe+2],2.5793767
TRZ04435,Cc1nnc(CC(=O)N(C)c2ccc(F)cc2)nc1C,Fe2+,Cc1nnc(CC(=O)N(C)c2ccc(F)cc2)nc1C.[Fe+2],2.572793
TRZ05289,Cc1nnc(C2C=CC=CC2(Nc2ccc(C(F)(F)F)cc2)C(=O)CC(=O)CCl)nc1C,Fe2+,Cc1nnc(C2C=CC=CC2(Nc2ccc(C(F)(F)F)cc2)C(=O)CC(=O)CCl)nc1C.[Fe+2],2.5609956
TRZ04342,CCS(=O)(=O)N(Cc1ccc(-c2nnc(C)c(C)n2)cn1)c1ccc(F)c(F)c1,Fe2+,CCS(=O)(=O)N(Cc1ccc(-c2nnc(C)c(C)n2)cn1)c1ccc(F)c(F)c1.[Fe+2],2.5569773
TRZ05752,Cc1nnc(-c2ccc(N3CCC(C#N)CC3c3cc(F)ccc3Cl)nc2)nc1C,Fe2+,Cc1nnc(-c2ccc(N3CCC(C#N)CC3c3cc(F)ccc3Cl)nc2)nc1C.[Fe+2],2.5554943
TRZ04244,Cc1nnc(-c2cn3c4c(c(N5CCN(C)CC5)c(F)cc4c2=O)OCC3C)nc1C,Fe2+,Cc1nnc(-c2cn3c4c(c(N5CCN(C)CC5)c(F)cc4c2=O)OCC3C)nc1C.[Fe+2],2.5487332
TRZ02733,Cc1nnc(-c2cccc(N)c2O)nc1C,Fe2+,Cc1nnc(-c2cccc(N)c2O)nc1C.[Fe+2],2.5484753
TRZ01082,Cc1nnc(-c2[nH]nc3c(O)c4ccccc4c(O)c23)nc1C,Fe2+,Cc1nnc(-c2[nH]nc3c(O)c4ccccc4c(O)c23)nc1C.[Fe+2],2.5446072
TRZ00574,COCCNc1ccc(-c2cc(N3CCc4ccccc4C3)nc(-c3nnc(C)c(C)n3)n2)cn1,Fe2+,COCCNc1ccc(-c2cc(N3CCc4ccccc4C3)nc(-c3nnc(C)c(C)n3)n2)cn1.[Fe+2],2.541441
TRZ04799,Cc1nnc(-c2ccc(CN(C(=O)N3CCOCC3)c3ccc(F)cc3F)nc2)nc1C,Fe2+,Cc1nnc(-c2ccc(CN(C(=O)N3CCOCC3)c3ccc(F)cc3F)nc2)nc1C.[Fe+2],2.5397773
TRZ03236,Cc1nnc(-c2cc(Cl)ccc2OCC(=O)N2CCC(C(=O)c3ccc(F)cc3)CC2)nc1C,Fe2+,Cc1nnc(-c2cc(Cl)ccc2OCC(=O)N2CCC(C(=O)c3ccc(F)cc3)CC2)nc1C.[Fe+2],2.5362768
TRZ00800,Cc1nnc(-c2c(O)c3ccccc3n(C)c2=O)nc1C,Fe2+,Cc1nnc(-c2c(O)c3ccccc3n(C)c2=O)nc1C.[Fe+2],2.5333695
TRZ00509,COc1ccc(-c2cn3cc(-c4nnc(C)c(C)n4)ccc3n2)cc1,Fe2+,COc1ccc(-c2cn3cc(-c4nnc(C)c(C)n4)ccc3n2)cc1.[Fe+2],2.5326247
TRZ02503,CCCCCCOc1ccc(O)c(-c2nnc(C)c(C)n2)c1,Fe2+,CCCCCCOc1ccc(O)c(-c2nnc(C)c(C)n2)c1.[Fe+2],2.5320644
TRZ05192,Cc1nnc(-c2cnc(NC3(c4cccc(F)c4F)CCC3)nc2C(=O)C(F)F)nc1C,Fe2+,Cc1nnc(-c2cnc(NC3(c4cccc(F)c4F)CCC3)nc2C(=O)C(F)F)nc1C.[Fe+2],2.529087
TRZ05105,Cc1nnc(C2=CNC(NC3(c4cc(F)cc(F)c4)CC3)=NC2)nc1C,Fe2+,Cc1nnc(C2=CNC(NC3(c4cc(F)cc(F)c4)CC3)=NC2)nc1C.[Fe+2],2.5261574
TRZ05185,Cc1ccc(C2(Nc3ncc(-c4nnc(C)c(C)n4)c(C(=O)C(F)F)n3)CCC2)cc1,Fe2+,Cc1ccc(C2(Nc3ncc(-c4nnc(C)c(C)n4)c(C(=O)C(F)F)n3)CCC2)cc1.[Fe+2],2.5230412
TRZ02278,Cc1nnc(C(=O)C2CC(c3ccc(Cl)cc3)=NNC2=O)nc1C,Fe2+,Cc1nnc(C(=O)C2CC(c3ccc(Cl)cc3)=NNC2=O)nc1C.[Fe+2],2.5191803
TRZ01343,Cc1nnc(C(CN2CCN(c3ccccc3)CC2)C(CO)c2ccccc2)nc1C,Fe2+,Cc1nnc(C(CN2CCN(c3ccccc3)CC2)C(CO)c2ccccc2)nc1C.[Fe+2],2.5164227
TRZ02024,Cc1nnc(-c2cc(Br)ccc2O)nc1C,Fe2+,Cc1nnc(-c2cc(Br)ccc2O)nc1C.[Fe+2],2.5091782
TRZ05421,CCn1cc(-c2nnc(C)c(C)n2)c(=O)c2cc(F)c(N3CCNCC3)nc21,Fe2+,CCn1cc(-c2nnc(C)c(C)n2)c(=O)c2cc(F)c(N3CCNCC3)nc21.[Fe+2],2.5075698
TRZ05187,Cc1nnc(-c2cnc(NC3(c4cccc(C(F)(F)F)c4)CC3)nc2C(=O)C(F)F)nc1C,Fe2+,Cc1nnc(-c2cnc(NC3(c4cccc(C(F)(F)F)c4)CC3)nc2C(=O)C(F)F)nc1C.[Fe+2],2.506442
TRZ00470,Cc1nnc(-c2cn3c4c(c(N5CCN(C)CC5)c(F)cc4c2=O)OC[C@@H]3C)nc1C,Fe2+,Cc1nnc(-c2cn3c4c(c(N5CCN(C)CC5)c(F)cc4c2=O)OC[C@@H]3C)nc1C.[Fe+2],2.5061598
TRZ00982,Cc1nnc(C2=C(O)c3ccccc3S(=O)(=O)N2)nc1C,Fe2+,Cc1nnc(C2=C(O)c3ccccc3S(=O)(=O)N2)nc1C.[Fe+2],2.5035167
TRZ05196,Cc1nnc(-c2cnc(NC3(c4cccs4)CC3)nc2C(=O)C(F)F)nc1C,Fe2+,Cc1nnc(-c2cnc(NC3(c4cccs4)CC3)nc2C(=O)C(F)F)nc1C.[Fe+2],2.4996152
TRZ00958,Cc1nnc(-c2cc(-c3ccc(Cl)cc3)nn2CC(O)COc2ccc(Cl)cc2)nc1C,Fe2+,Cc1nnc(-c2cc(-c3ccc(Cl)cc3)nn2CC(O)COc2ccc(Cl)cc2)nc1C.[Fe+2],2.4985437
TRZ02055,Cc1ccc(N(C(=O)Cc2nnc(C)c(C)n2)C(=O)c2ccccc2Cl)cc1,Fe2+,Cc1ccc(N(C(=O)Cc2nnc(C)c(C)n2)C(=O)c2ccccc2Cl)cc1.[Fe+2],2.4902816
TRZ02244,Cc1nnc([C@@H]2CCCN2Cc2ccccc2F)nc1C,Fe2+,Cc1nnc([C@@H]2CCCN2Cc2ccccc2F)nc1C.[Fe+2],2.4860506
TRZ05454,Cc1nnc(-c2ccc(Oc3cccc(C(F)(F)F)c3)cc2[N+](=O)[O-])nc1C,Fe2+,Cc1nnc(-c2ccc(Oc3cccc(C(F)(F)F)c3)cc2[N+](=O)[O-])nc1C.[Fe+2],2.4820957
TRZ01933,Cc1nnc(-c2ccc(OCC(O)CO)cc2O)nc1C,Fe2+,Cc1nnc(-c2ccc(OCC(O)CO)cc2O)nc1C.[Fe+2],2.4757552
TRZ04420,Cc1nnc(-c2cnc(NC3(c4ccc(F)cc4F)CC3)nc2)nc1C,Fe2+,Cc1nnc(-c2cnc(NC3(c4ccc(F)cc4F)CC3)nc2)nc1C.[Fe+2],2.4700413
TRZ00550,Cc1nnc(CCN2C(=O)c3ccccc3NC2c2ccccc2)nc1C,Fe2+,Cc1nnc(CCN2C(=O)c3ccccc3NC2c2ccccc2)nc1C.[Fe+2],2.4699078
TRZ02643,Cc1nnc(-c2ccc(-c3ccc(-c4nnc(C)c(C)n4)cn3)nc2)nc1C,Fe2+,Cc1nnc(-c2ccc(-c3ccc(-c4nnc(C)c(C)n4)cn3)nc2)nc1C.[Fe+2],2.4684386
TRZ04530,Cc1nnc(-c2ccc(CNC(=O)N3CCSC(c4ccc(F)cc4)C3)nc2)nc1C,Fe2+,Cc1nnc(-c2ccc(CNC(=O)N3CCSC(c4ccc(F)cc4)C3)nc2)nc1C.[Fe+2],2.4661002
TRZ02424,Cc1nnc(CSCCCN2CCN(c3cccc(Cl)c3)CC2)nc1C,Fe2+,Cc1nnc(CSCCCN2CCN(c3cccc(Cl)c3)CC2)nc1C.[Fe+2],2.4651122
TRZ04345,CCS(=O)(=O)N(Cc1ccc(-c2nnc(C)c(C)n2)cn1)c1ccc(F)c(Cl)c1,Fe2+,CCS(=O)(=O)N(Cc1ccc(-c2nnc(C)c(C)n2)cn1)c1ccc(F)c(Cl)c1.[Fe+2],2.4602652
TRZ00718,Cc1nnc(-c2cc(-c3ccc(OCCC(C)C)c(C#N)c3)n[nH]c2=O)nc1C,Fe2+,Cc1nnc(-c2cc(-c3ccc(OCCC(C)C)c(C#N)c3)n[nH]c2=O)nc1C.[Fe+2],2.4596105
TRZ03241,CCC(CC)C(=O)Nc1ccc(N2CCN(C(c3ccccc3)c3nnc(C)c(C)n3)CC2)c(F)c1,Fe2+,CCC(CC)C(=O)Nc1ccc(N2CCN(C(c3ccccc3)c3nnc(C)c(C)n3)CC2)c(F)c1.[Fe+2],2.4535437
TRZ04482,Cc1nnc(-c2cc(N3CCOCC3)cc3c2nc(C)n3-c2ccnc3cc(F)ccc23)nc1C,Fe2+,Cc1nnc(-c2cc(N3CCOCC3)cc3c2nc(C)n3-c2ccnc3cc(F)ccc23)nc1C.[Fe+2],2.4526916
TRZ01526,Cc1nnc(-c2ccc(Oc3cccc(C(F)(F)F)c3)nc2)nc1C,Fe2+,Cc1nnc(-c2ccc(Oc3cccc(C(F)(F)F)c3)nc2)nc1C.[Fe+2],2.4502416
TRZ00305,Cc1nnc(CO/N=C/c2cc(C(C)(C)C)c(O)c(C(C)(C)C)c2)nc1C,Fe2+,Cc1nnc(CO/N=C/c2cc(C(C)(C)C)c(O)c(C(C)(C)C)c2)nc1C.[Fe+2],2.4443913
TRZ01019,Cc1nnc(CSc2nc3ccccc3c(=O)n2Cc2ccc3c(c2)OCO3)nc1C,Fe2+,Cc1nnc(CSc2nc3ccccc3c(=O)n2Cc2ccc3c(c2)OCO3)nc1C.[Fe+2],2.4362593
TRZ02455,Cc1nnc(-c2cnc(C(C)(C)C)[nH]2)nc1C,Fe2+,Cc1nnc(-c2cnc(C(C)(C)C)[nH]2)nc1C.[Fe+2],2.429699
TRZ04730,Cc1nnc(-c2ccc(CN(C(=O)N3CCS(=O)(=O)CC3)c3cccc(F)c3)nc2)nc1C,Fe2+,Cc1nnc(-c2ccc(CN(C(=O)N3CCS(=O)(=O)CC3)c3cccc(F)c3)nc2)nc1C.[Fe+2],2.4225564
TRZ05260,Cc1nnc(-c2cnc3ccc(N4CCC[C@@H]4c4cc(F)cnc4CC[C@@H](C)N)nn23)nc1C,Fe2+,Cc1nnc(-c2cnc3ccc(N4CCC[C@@H]4c4cc(F)cnc4CC[C@@H](C)N)nn23)nc1C.[Fe+2],2.4208837
TRZ02144,Cc1nnc(CCn2nc(-c3ccccc3)c3ccccc3c2=O)nc1C,Fe2+,Cc1nnc(CCn2nc(-c3ccccc3)c3ccccc3c2=O)nc1C.[Fe+2],2.419818
TRZ02918,Cc1nnc(-c2ccc3cc4ccccc4cc3c2O)nc1C,Fe2+,Cc1nnc(-c2ccc3cc4ccccc4cc3c2O)nc1C.[Fe+2],2.4157224
TRZ03765,Cc1nnc(-c2cc(C(F)(F)F)nn2-c2cccc(CNC[C@H](C)C(=O)OC(C)(C)C)c2)nc1C,Fe2+,Cc1nnc(-c2cc(C(F)(F)F)nn2-c2cccc(CNC[C@H](C)C(=O)OC(C)(C)C)c2)nc1C.[Fe+2],2.4081259
TRZ03318,COc1cnc(-c2cc(Cl)ccc2F)nc1Nc1ccncc1-c1nnc(C)c(C)n1,Fe2+,COc1cnc(-c2cc(Cl)ccc2F)nc1Nc1ccncc1-c1nnc(C)c(C)n1.[Fe+2],2.405394
TRZ00750,CCn1cc(-c2nnc(C)c(C)n2)c(=O)c2ccc(-c3ccncc3)cc21,Fe2+,CCn1cc(-c2nnc(C)c(C)n2)c(=O)c2ccc(-c3ccncc3)cc21.[Fe+2],2.4013343
TRZ02340,COc1ccc(-c2c(C)oc3cc(OCc4nnc(C)c(C)n4)ccc3c2=O)cc1,Fe2+,COc1ccc(-c2c(C)oc3cc(OCc4nnc(C)c(C)n4)ccc3c2=O)cc1.[Fe+2],2.3939877
TRZ05366,Cc1nnc(-c2cnc(C(=O)C(F)(F)F)nc2)nc1C,Fe2+,Cc1nnc(-c2cnc(C(=O)C(F)(F)F)nc2)nc1C.[Fe+2],2.3853626
TRZ02710,Cc1nnc([C@H](N)Cc2ccc(O)cc2)nc1C,Fe2+,Cc1nnc([C@H](N)Cc2ccc(O)cc2)nc1C.[Fe+2],2.380319
TRZ03640,Cc1nnc(-c2c[nH]c(=O)c(CF)c2Nc2ccc(Br)cc2F)nc1C,Fe2+,Cc1nnc(-c2c[nH]c(=O)c(CF)c2Nc2ccc(Br)cc2F)nc1C.[Fe+2],2.3800654
TRZ00889,Cc1nnc(-c2cn(C3CC3)c3cc(N4CCN(C(=O)c5ccccc5)CC4)c(F)cc3c2=O)nc1C,Fe2+,Cc1nnc(-c2cn(C3CC3)c3cc(N4CCN(C(=O)c5ccccc5)CC4)c(F)cc3c2=O)nc1C.[Fe+2],2.3763304
TRZ04235,Cc1nnc(C(CC2=CC=C(F)CC2)N2CC=C(C3=CC(Cl)=CCC3n3cnnn3)CC2)nc1C,Fe2+,Cc1nnc(C(CC2=CC=C(F)CC2)N2CC=C(C3=CC(Cl)=CCC3n3cnnn3)CC2)nc1C.[Fe+2],2.3705587
TRZ00768,CCn1cc(-c2nnc(C)c(C)n2)c(=O)c2cc(F)c(N3CCCCCC3)cc21,Fe2+,CCn1cc(-c2nnc(C)c(C)n2)c(=O)c2cc(F)c(N3CCCCCC3)cc21.[Fe+2],2.3668766
TRZ05931,Cc1nnc(-c2cc3nc(C(=O)c4cccc(F)c4)nc(N4CCOCC4)c3s2)nc1C,Fe2+,Cc1nnc(-c2cc3nc(C(=O)c4cccc(F)c4)nc(N4CCOCC4)c3s2)nc1C.[Fe+2],2.363062
TRZ01876,Cc1nnc(C(C)C2=NC(C)(C)Cc3ccccc32)nc1C,Fe2+,Cc1nnc(C(C)C2=NC(C)(C)Cc3ccccc32)nc1C.[Fe+2],2.3630347
TRZ00212,Cc1nnc(CSc2nc3ccccc3[nH]2)nc1C,Fe2+,Cc1nnc(CSc2nc3ccccc3[nH]2)nc1C.[Fe+2],2.3569674
TRZ02894,Cc1nnc(CNS(=O)(=O)c2ccc(F)cc2)nc1C,Fe2+,Cc1nnc(CNS(=O)(=O)c2ccc(F)cc2)nc1C.[Fe+2],2.3526006
TRZ05484,Cc1nnc(-c2cnc3[nH]nc(N4CC[C@H](F)C4)c3c2)nc1C,Fe2+,Cc1nnc(-c2cnc3[nH]nc(N4CC[C@H](F)C4)c3c2)nc1C.[Fe+2],2.348843
TRZ02047,Cc1nnc([C@H](C)N2C(=O)c3ccccc3C2=O)nc1C,Fe2+,Cc1nnc([C@H](C)N2C(=O)c3ccccc3C2=O)nc1C.[Fe+2],2.3485436
TRZ05744,CCOc1ccc(-c2c[nH]c(=O)c(-c3nnc(C)c(C)n3)n2)c(F)c1,Fe2+,CCOc1ccc(-c2c[nH]c(=O)c(-c3nnc(C)c(C)n3)n2)c(F)c1.[Fe+2],2.3482952
TRZ04594,Cc1nnc(-c2ccc(CN(C(=O)N3CC[C@@H](N(C)C)C3)c3ccc(F)c(Cl)c3)nc2)nc1C,Fe2+,Cc1nnc(-c2ccc(CN(C(=O)N3CC[C@@H](N(C)C)C3)c3ccc(F)c(Cl)c3)nc2)nc1C.[Fe+2],2.3477292
TRZ04963,Cc1ccc(Nc2c(-c3nnc(C)c(C)n3)cn3ccnc3c2Cl)c(F)c1,Fe2+,Cc1ccc(Nc2c(-c3nnc(C)c(C)n3)cn3ccnc3c2Cl)c(F)c1.[Fe+2],2.3451695
TRZ05195,Cc1nnc(-c2cnc(NC3(c4ccc(F)cc4F)CCC3)nc2C(=O)C(F)F)nc1C,Fe2+,Cc1nnc(-c2cnc(NC3(c4ccc(F)cc4F)CCC3)nc2C(=O)C(F)F)nc1C.[Fe+2],2.3431883
TRZ03741,Cc1cc(I)ccc1NC1=CC2=NCN(C)C2=CC1(F)c1nnc(C)c(C)n1,Fe2+,Cc1cc(I)ccc1NC1=CC2=NCN(C)C2=CC1(F)c1nnc(C)c(C)n1.[Fe+2],2.3422303
TRZ04808,Cc1nnc(-c2ccc(CN(C(=O)N3CCN(C)CC3)c3ccc(F)c(Cl)c3)nc2)nc1C,Fe2+,Cc1nnc(-c2ccc(CN(C(=O)N3CCN(C)CC3)c3ccc(F)c(Cl)c3)nc2)nc1C.[Fe+2],2.3412328
TRZ04492,CCN1CCC(C(=O)N(Cc2ccc(-c3nnc(C)c(C)n3)cn2)C2=CC=CC(F)C2C)CC1,Fe2+,CCN1CCC(C(=O)N(Cc2ccc(-c3nnc(C)c(C)n3)cn2)C2=CC=CC(F)C2C)CC1.[Fe+2],2.3375092
TRZ01679,Cc1nnc(Cn2c(-c3ccc(CNCc4ccccc4)o3)nc3ccccc32)nc1C,Fe2+,Cc1nnc(Cn2c(-c3ccc(CNCc4ccccc4)o3)nc3ccccc32)nc1C.[Fe+2],2.337451
TRZ00358,Cc1nnc(C2=C(O)c3ccccc3S(=O)(=O)N2C)nc1C,Fe2+,Cc1nnc(C2=C(O)c3ccccc3S(=O)(=O)N2C)nc1C.[Fe+2],2.3326864
TRZ02989,Cc1nnc(-c2cccc(F)c2O)nc1C,Fe2+,Cc1nnc(-c2cccc(F)c2O)nc1C.[Fe+2],2.3286452
TRZ05734,Cc1nnc(-c2cncc(-c3ccc(OC(F)F)[nH]c3=O)n2)nc1C,Fe2+,Cc1nnc(-c2cncc(-c3ccc(OC(F)F)[nH]c3=O)n2)nc1C.[Fe+2],2.327341
TRZ01531,Cc1nnc(C2SCCN2S(=O)(=O)c2ccc(Cl)cc2)nc1C,Fe2+,Cc1nnc(C2SCCN2S(=O)(=O)c2ccc(Cl)cc2)nc1C.[Fe+2],2.3267694
TRZ04407,Cc1nnc(-c2cnc(NC3(c4cc(F)cc(F)c4)CCC3)nc2)nc1C,Fe2+,Cc1nnc(-c2cnc(NC3(c4cc(F)cc(F)c4)CCC3)nc2)nc1C.[Fe+2],2.3248477
TRZ00914,COc1ccccc1-c1c(-c2ccc(OCc3nnc(C)c(C)n3)cc2O)n[nH]c1C(F)(F)F,Fe2+,COc1ccccc1-c1c(-c2ccc(OCc3nnc(C)c(C)n3)cc2O)n[nH]c1C(F)(F)F.[Fe+2],2.3205042
TRZ05193,Cc1nnc(-c2cnc(NC3(c4c(F)cccc4F)CCC3)nc2C(=O)C(F)F)nc1C,Fe2+,Cc1nnc(-c2cnc(NC3(c4c(F)cccc4F)CCC3)nc2C(=O)C(F)F)nc1C.[Fe+2],2.319253
TRZ01653,Cc1nnc(-c2cn(C3CC3)c3cc(N4CCNCC4)c(F)cc3c2=O)nc1C,Fe2+,Cc1nnc(-c2cn(C3CC3)c3cc(N4CCNCC4)c(F)cc3c2=O)nc1C.[Fe+2],2.3185444
TRZ05261,Cc1nnc(-c2cnc3ccc(N4CCCC4c4cc(F)cnc4CC[C@@H](C)N)nn23)nc1C,Fe2+,Cc1nnc(-c2cnc3ccc(N4CCCC4c4cc(F)cnc4CC[C@@H](C)N)nn23)nc1C.[Fe+2],2.3183846
TRZ01673,Cc1nnc(CCN2CCN(c3ccnc4cc(Cl)ccc34)CC2)nc1C,Fe2+,Cc1nnc(CCN2CCN(c3ccnc4cc(Cl)ccc34)CC2)nc1C.[Fe+2],2.3034282
TRZ05130,COc1cccc(C2(Nc3ncc(-c4nnc(C)c(C)n4)c(C(=O)C(F)F)n3)CC2)c1,Fe2+,COc1cccc(C2(Nc3ncc(-c4nnc(C)c(C)n4)c(C(=O)C(F)F)n3)CC2)c1.[Fe+2],2.3015585
TRZ03796,Cc1nnc(-c2c(-c3ccc(Cl)cc3)[nH]c3c(F)c(F)c(F)cc3c2=O)nc1C,Fe2+,Cc1nnc(-c2c(-c3ccc(Cl)cc3)[nH]c3c(F)c(F)c(F)cc3c2=O)nc1C.[Fe+2],2.2997928
TRZ05745,CCOc1ccc(-c2nc(-c3nnc(C)c(C)n3)c[nH]c2=O)c(F)c1,Fe2+,CCOc1ccc(-c2nc(-c3nnc(C)c(C)n3)c[nH]c2=O)c(F)c1.[Fe+2],2.2990656
TRZ01087,Cc1nnc(CSc2ncnc3nc[nH]c23)nc1C,Fe2+,Cc1nnc(CSc2ncnc3nc[nH]c23)nc1C.[Fe+2],2.2987065
TRZ05263,Cc1nnc(-c2cnc3ccc(N4CCCC4c4cc(F)cnc4C#C[C@@H](C)N)nn23)nc1C,Fe2+,Cc1nnc(-c2cnc3ccc(N4CCCC4c4cc(F)cnc4C#C[C@@H](C)N)nn23)nc1C.[Fe+2],2.296906
TRZ00141,CCn1cc(-c2nnc(C)c(C)n2)c(=O)c2cc(F)c(N3CCN(C)CC3)cc21,Fe2+,CCn1cc(-c2nnc(C)c(C)n2)c(=O)c2cc(F)c(N3CCN(C)CC3)cc21.[Fe+2],2.295164
TRZ00379,Cc1nnc(-c2n[nH]c(=O)c3ccccc23)nc1C,Fe2+,Cc1nnc(-c2n[nH]c(=O)c3ccccc23)nc1C.[Fe+2],2.2921796
TRZ00806,Cc1nnc(C(c2ccccc2)N2CCCCC2)nc1C,Fe2+,Cc1nnc(C(c2ccccc2)N2CCCCC2)nc1C.[Fe+2],2.2849894
TRZ05262,Cc1nnc(-c2cnc3ccc(N4CCC[C@@H]4c4cc(F)cnc4C#C[C@@H](C)N)nn23)nc1C,Fe2+,Cc1nnc(-c2cnc3ccc(N4CCC[C@@H]4c4cc(F)cnc4C#C[C@@H](C)N)nn23)nc1C.[Fe+2],2.2789516
TRZ01959,Cc1nnc(-c2c[nH]c3ccccc3c2=O)nc1C,Fe2+,Cc1nnc(-c2c[nH]c3ccccc3c2=O)nc1C.[Fe+2],2.27274
TRZ02541,COc1ccccc1-c1c(-c2ccc(OCc3nnc(C)c(C)n3)cc2O)n[nH]c1C,Fe2+,COc1ccccc1-c1c(-c2ccc(OCc3nnc(C)c(C)n3)cc2O)n[nH]c1C.[Fe+2],2.271461
TRZ01350,Cc1nnc(CSc2cc(Oc3ccc(Cl)cc3)ncn2)nc1C,Fe2+,Cc1nnc(CSc2cc(Oc3ccc(Cl)cc3)ncn2)nc1C.[Fe+2],2.2657566
TRZ03115,COc1ccc(N2C(=O)N[C@]3(CCOc4ccc(F)cc43)C2=O)c(-c2nnc(C)c(C)n2)c1,Fe2+,COc1ccc(N2C(=O)N[C@]3(CCOc4ccc(F)cc43)C2=O)c(-c2nnc(C)c(C)n2)c1.[Fe+2],2.2593527
TRZ01700,Cc1nnc(-c2nn(-c3ccc(Cl)cc3)c(=O)c3c2cnn3-c2ccc(Cl)cc2)nc1C,Fe2+,Cc1nnc(-c2nn(-c3ccc(Cl)cc3)c(=O)c3c2cnn3-c2ccc(Cl)cc2)nc1C.[Fe+2],2.2561698
TRZ02768,Cc1nnc(C(C(=O)O)C(=O)Nc2ccccc2)nc1C,Fe2+,Cc1nnc(C(C(=O)O)C(=O)Nc2ccccc2)nc1C.[Fe+2],2.2547598
TRZ00490,Cc1ccnc(N/C=C(/NC(=O)c2ccccc2)c2nnc(C)c(C)n2)n1,Fe2+,Cc1ccnc(N/C=C(/NC(=O)c2ccccc2)c2nnc(C)c(C)n2)n1.[Fe+2],2.2468576
TRZ01558,Cc1nnc(C2CC(O)CN2S(=O)(=O)c2ccc3ccccc3c2)nc1C,Fe2+,Cc1nnc(C2CC(O)CN2S(=O)(=O)c2ccc3ccccc3c2)nc1C.[Fe+2],2.241949
TRZ00719,CCCCCOc1ccc(-c2cc(-c3nnc(C)c(C)n3)c(=O)[nH]n2)cc1C#N,Fe2+,CCCCCOc1ccc(-c2cc(-c3nnc(C)c(C)n3)c(=O)[nH]n2)cc1C#N.[Fe+2],2.24095
TRZ03857,CCC(c1nnc(C)c(C)n1)N1CCN(c2cccc(C(F)(F)F)c2)CC1,Fe2+,CCC(c1nnc(C)c(C)n1)N1CCN(c2cccc(C(F)(F)F)c2)CC1.[Fe+2],2.240491
TRZ04000,CC(=O)C(c1nnc(C)c(C)n1)n1nc(-c2ccncc2)cc1Cc1ccc(F)cc1,Fe2+,CC(=O)C(c1nnc(C)c(C)n1)n1nc(-c2ccncc2)cc1Cc1ccc(F)cc1.[Fe+2],2.237967
TRZ04904,Cc1nnc(C(C)N2C3CCC2CC(Oc2ccnc4ccc(F)cc24)C3)nc1C,Fe2+,Cc1nnc(C(C)N2C3CCC2CC(Oc2ccnc4ccc(F)cc24)C3)nc1C.[Fe+2],2.2295575
TRZ00642,Cc1nnc(-c2cc3cc(Oc4ccccc4)ccc3[nH]2)nc1C,Fe2+,Cc1nnc(-c2cc3cc(Oc4ccccc4)ccc3[nH]2)nc1C.[Fe+2],2.223895
TRZ02539,Cc1nnc(-c2[nH]cnc2/N=N/N(C)C2CCCCC2)nc1C,Fe2+,Cc1nnc(-c2[nH]cnc2/N=N/N(C)C2CCCCC2)nc1C.[Fe+2],2.2198863
TRZ00671,Cc1nnc(-c2[nH]c3ccccc3c2N)nc1C,Fe2+,Cc1nnc(-c2[nH]c3ccccc3c2N)nc1C.[Fe+2],2.2177024
TRZ00947,Cc1nnc(-c2nn(-c3ccc(Cl)cc3)ccc2=O)nc1C,Fe2+,Cc1nnc(-c2nn(-c3ccc(Cl)cc3)ccc2=O)nc1C.[Fe+2],2.2164702
TRZ00705,Cc1nnc(-c2nn(-c3ccccc3)c(=O)cc2O)nc1C,Fe2+,Cc1nnc(-c2nn(-c3ccccc3)c(=O)cc2O)nc1C.[Fe+2],2.2138138
TRZ02468,Cc1ccc(-c2nnc(-c3cc(-c4nnc(C)c(C)n4)c(C)nc3C)o2)cc1,Fe2+,Cc1ccc(-c2nnc(-c3cc(-c4nnc(C)c(C)n4)c(C)nc3C)o2)cc1.[Fe+2],2.2095838
TRZ01607,Cc1nnc(C(=O)c2cc3ccccc3n2S(=O)(=O)c2ccccc2)nc1C,Fe2+,Cc1nnc(C(=O)c2cc3ccccc3n2S(=O)(=O)c2ccccc2)nc1C.[Fe+2],2.2016158
TRZ03034,Cc1ccc2c(=O)c(-c3ccc(F)cc3)cn(Cc3nnc(C)c(C)n3)c2c1,Fe2+,Cc1ccc2c(=O)c(-c3ccc(F)cc3)cn(Cc3nnc(C)c(C)n3)c2c1.[Fe+2],2.2011876
TRZ04398,Cc1nnc(-c2cnc(NC3(c4cc(F)cc(F)c4)CC3)nc2)nc1C,Fe2+,Cc1nnc(-c2cnc(NC3(c4cc(F)cc(F)c4)CC3)nc2)nc1C.[Fe+2],2.2005405
TRZ00723,CCCCOc1ccc(-c2cc(-c3nnc(C)c(C)n3)c(=O)[nH]n2)cc1C#N,Fe2+,CCCCOc1ccc(-c2cc(-c3nnc(C)c(C)n3)c(=O)[nH]n2)cc1C#N.[Fe+2],2.2001843
TRZ02602,Cc1nnc(-c2cnn(-c3ccc(-c4ccccc4)nn3)c2N)nc1C,Fe2+,Cc1nnc(-c2cnn(-c3ccc(-c4ccccc4)nn3)c2N)nc1C.[Fe+2],2.1960826
TRZ01062,Cc1nnc(-c2nc(-c3ccc(O)cc3)cc(-c3ccc(C(F)(F)F)nc3)n2)nc1C,Fe2+,Cc1nnc(-c2nc(-c3ccc(O)cc3)cc(-c3ccc(C(F)(F)F)nc3)n2)nc1C.[Fe+2],2.1959558
TRZ02850,Cc1nnc(Cn2nc(C)n(CCCn3ccnc3)c2=O)nc1C,Fe2+,Cc1nnc(Cn2nc(C)n(CCCn3ccnc3)c2=O)nc1C.[Fe+2],2.1844077
TRZ01708,Cc1nnc(-c2nc3c(c(=O)[nH]2)C2CCCN2C(=O)N3c2ccccc2)nc1C,Fe2+,Cc1nnc(-c2nc3c(c(=O)[nH]2)C2CCCN2C(=O)N3c2ccccc2)nc1C.[Fe+2],2.179809
TRZ00725,Cc1nnc([C@H](Cc2cnc[nH]2)NC(=O)CCN)nc1C,Fe2+,Cc1nnc([C@H](Cc2cnc[nH]2)NC(=O)CCN)nc1C.[Fe+2],2.1793756
TRZ01675,Cc1nnc(-c2cc(-c3ccc(OCC(C)C)cc3)n[nH]c2=O)nc1C,Fe2+,Cc1nnc(-c2cc(-c3ccc(OCC(C)C)cc3)n[nH]c2=O)nc1C.[Fe+2],2.1782117
TRZ03762,Cc1nnc(C(C)CN(C)S(=O)(=O)c2ccc(C(F)(F)F)cc2Cl)nc1C,Fe2+,Cc1nnc(C(C)CN(C)S(=O)(=O)c2ccc(C(F)(F)F)cc2Cl)nc1C.[Fe+2],2.176856
TRZ04175,Cc1nnc(Cc2cc(NC(=O)OC(C)(C)C)n(-c3ccc(F)cc3)n2)nc1C,Fe2+,Cc1nnc(Cc2cc(NC(=O)OC(C)(C)C)n(-c3ccc(F)cc3)n2)nc1C.[Fe+2],2.1759253
TRZ00625,Cc1nnc(-c2csc(CS(=O)(=O)c3ccc(Cl)cc3)n2)nc1C,Fe2+,Cc1nnc(-c2csc(CS(=O)(=O)c3ccc(Cl)cc3)n2)nc1C.[Fe+2],2.174694
TRZ02438,Cc1nnc(C(NS(=O)(=O)c2ccc(Cl)cc2)C(C)C)nc1C,Fe2+,Cc1nnc(C(NS(=O)(=O)c2ccc(Cl)cc2)C(C)C)nc1C.[Fe+2],2.1723442
TRZ02072,CCn1cc(-c2nnc(C)c(C)n2)c(=O)c2cc(F)c(N3CCSCC3)cc21,Fe2+,CCn1cc(-c2nnc(C)c(C)n2)c(=O)c2cc(F)c(N3CCSCC3)cc21.[Fe+2],2.1716313
TRZ03799,Cc1nc(C(=O)N2CCCC[C@@H]2Cc2nnc(C)c(C)n2)c(-c2ccc(F)cc2)s1,Fe2+,Cc1nc(C(=O)N2CCCC[C@@H]2Cc2nnc(C)c(C)n2)c(-c2ccc(F)cc2)s1.[Fe+2],2.1710916
TRZ00382,COc1ccc2c(N)c(-c3nnc(C)c(C)n3)[nH]c2c1,Fe2+,COc1ccc2c(N)c(-c3nnc(C)c(C)n3)[nH]c2c1.[Fe+2],2.1642256
TRZ00181,Cc1nnc(-c2nn(-c3ccc(Cl)cc3)cc2O)nc1C,Fe2+,Cc1nnc(-c2nn(-c3ccc(Cl)cc3)cc2O)nc1C.[Fe+2],2.1605167
TRZ04234,Cc1nnc(-c2c(-c3ccc(F)cc3)oc3cc4c(cc23)CCCCN4S(C)(=O)=O)nc1C,Fe2+,Cc1nnc(-c2c(-c3ccc(F)cc3)oc3cc4c(cc23)CCCCN4S(C)(=O)=O)nc1C.[Fe+2],2.1481261
TRZ05204,Cc1nnc(-c2cc(-c3ccc(F)cc3)c(=O)n(C)c2)nc1C,Fe2+,Cc1nnc(-c2cc(-c3ccc(F)cc3)c(=O)n(C)c2)nc1C.[Fe+2],2.1457038
TRZ01029,Cc1nnc(-c2nc(-c3ccc(C(F)(F)F)nc3)cc(-c3ccc(O)c(F)c3)n2)nc1C,Fe2+,Cc1nnc(-c2nc(-c3ccc(C(F)(F)F)nc3)cc(-c3ccc(O)c(F)c3)n2)nc1C.[Fe+2],2.1445627
TRZ03514,Cc1nc(C(=O)N2CCCCC2Cc2nnc(C)c(C)n2)c(-c2ccc(F)cc2)s1,Fe2+,Cc1nc(C(=O)N2CCCCC2Cc2nnc(C)c(C)n2)c(-c2ccc(F)cc2)s1.[Fe+2],2.140602
TRZ02771,Cc1nnc(-c2cccc(C(=O)O)n2)nc1C,Fe2+,Cc1nnc(-c2cccc(C(=O)O)n2)nc1C.[Fe+2],2.140266
TRZ00281,Cc1nnc(-c2cnn(-c3ccccc3)c2-n2cccc2)nc1C,Fe2+,Cc1nnc(-c2cnn(-c3ccccc3)c2-n2cccc2)nc1C.[Fe+2],2.1384082
TRZ02253,CCN(CC)C(c1ccccc1)c1nnc(C)c(C)n1,Fe2+,CCN(CC)C(c1ccccc1)c1nnc(C)c(C)n1.[Fe+2],2.136537
TRZ04112,Cc1nnc(C2=NN(Cc3ccc(Cl)cc3Cl)C3=CN(C(F)(F)F)C=NC32)nc1C,Fe2+,Cc1nnc(C2=NN(Cc3ccc(Cl)cc3Cl)C3=CN(C(F)(F)F)C=NC32)nc1C.[Fe+2],2.1357012
TRZ03782,Cc1nnc(C(C(N)=O)c2ccc(OCc3cccc(F)c3)cc2)nc1C,Fe2+,Cc1nnc(C(C(N)=O)c2ccc(OCc3cccc(F)c3)cc2)nc1C.[Fe+2],2.1156054
TRZ02135,CCCCn1nc(-c2nnc(C)c(C)n2)c2ccccc2c1=O,Fe2+,CCCCn1nc(-c2nnc(C)c(C)n2)c2ccccc2c1=O.[Fe+2],2.1129394
TRZ04101,Cc1nnc(-c2cnc(-c3ccc(C(F)(F)F)cc3)[nH]2)nc1C,Fe2+,Cc1nnc(-c2cnc(-c3ccc(C(F)(F)F)cc3)[nH]2)nc1C.[Fe+2],2.1126127
TRZ02502,CCCC(C)Oc1ccc(O)c(-c2nnc(C)c(C)n2)c1,Fe2+,CCCC(C)Oc1ccc(O)c(-c2nnc(C)c(C)n2)c1.[Fe+2],2.111177
TRZ00721,CCCOc1ccc(-c2cc(-c3nnc(C)c(C)n3)c(=O)[nH]n2)cc1C#N,Fe2+,CCCOc1ccc(-c2cc(-c3nnc(C)c(C)n3)c(=O)[nH]n2)cc1C#N.[Fe+2],2.1092815
TRZ01058,Cc1nnc(-c2nc(-c3ccc(C(F)(F)F)nc3)cc(-c3cncc(O)c3)n2)nc1C,Fe2+,Cc1nnc(-c2nc(-c3ccc(C(F)(F)F)nc3)cc(-c3cncc(O)c3)n2)nc1C.[Fe+2],2.1085143
TRZ05199,COc1ccccc1C1(Nc2ncc(-c3nnc(C)c(C)n3)c(C(=O)C(F)F)n2)CC1,Fe2+,COc1ccccc1C1(Nc2ncc(-c3nnc(C)c(C)n3)c(C(=O)C(F)F)n2)CC1.[Fe+2],2.1042008
TRZ00539,Cc1nnc(Cn2c(-c3ccc(CNc4ccncc4)o3)nc3ccccc32)nc1C,Fe2+,Cc1nnc(Cn2c(-c3ccc(CNc4ccncc4)o3)nc3ccccc32)nc1C.[Fe+2],2.1011858
TRZ02456,Cc1nnc(-c2nc(C(C)(C)C)[nH]c2C(C)(C)C)nc1C,Fe2+,Cc1nnc(-c2nc(C(C)(C)C)[nH]c2C(C)(C)C)nc1C.[Fe+2],2.0994048
TRZ00110,CCn1cc(-c2nnc(C)c(C)n2)c(=O)c2cc(F)c(N3CCCCC3)cc21,Fe2+,CCn1cc(-c2nnc(C)c(C)n2)c(=O)c2cc(F)c(N3CCCCC3)cc21.[Fe+2],2.098226
TRZ02802,Cc1nnc(-c2ccccc2Nc2ccccc2-c2nnc(C)c(C)n2)nc1C,Fe2+,Cc1nnc(-c2ccccc2Nc2ccccc2-c2nnc(C)c(C)n2)nc1C.[Fe+2],2.0976548
TRZ03268,Cc1nnc(-c2ncc(Cl)cc2NS(=O)(=O)c2ccc(Cl)c(C(F)(F)F)c2)nc1C,Fe2+,Cc1nnc(-c2ncc(Cl)cc2NS(=O)(=O)c2ccc(Cl)c(C(F)(F)F)c2)nc1C.[Fe+2],2.0811787
TRZ01349,Cc1nnc(CSc2cc(Oc3ccc(F)cc3)ncn2)nc1C,Fe2+,Cc1nnc(CSc2cc(Oc3ccc(F)cc3)ncn2)nc1C.[Fe+2],2.0693336
TRZ04062,Cc1nnc([C@H]2C[C@H]3CSC(NC(=O)c4ccccc4)=N[C@@]3(c3ccc(F)cc3F)CO2)nc1C,Fe2+,Cc1nnc([C@H]2C[C@H]3CSC(NC(=O)c4ccccc4)=N[C@@]3(c3ccc(F)cc3F)CO2)nc1C.[Fe+2],2.0653625
TRZ05201,Cc1nnc(-c2cnc(NC3(c4ccc(F)cc4F)CC3)nc2C(=O)C(F)F)nc1C,Fe2+,Cc1nnc(-c2cnc(NC3(c4ccc(F)cc4F)CC3)nc2C(=O)C(F)F)nc1C.[Fe+2],2.0642333
TRZ02426,Cc1nnc(Cn2nnc(-c3ccccc3Oc3ccc(Cl)cc3Cl)n2)nc1C,Fe2+,Cc1nnc(Cn2nnc(-c3ccccc3Oc3ccc(Cl)cc3Cl)n2)nc1C.[Fe+2],2.042604
TRZ02351,Cc1nnc(CC(=O)Nc2nc3ccccc3s2)nc1C,Fe2+,Cc1nnc(CC(=O)Nc2nc3ccccc3s2)nc1C.[Fe+2],2.0423737
TRZ01984,Cc1nnc(CNS(=O)(=O)c2ccccc2)nc1C,Fe2+,Cc1nnc(CNS(=O)(=O)c2ccccc2)nc1C.[Fe+2],2.0377831
TRZ01836,COc1ccc(-c2nnc(C)c(C)n2)c(O)c1,Fe2+,COc1ccc(-c2nnc(C)c(C)n2)c(O)c1.[Fe+2],2.032659
TRZ00576,Cc1nnc(-c2nc(-c3ccc(O)cc3)cc(N3Cc4ccccc4C3)n2)nc1C,Fe2+,Cc1nnc(-c2nc(-c3ccc(O)cc3)cc(N3Cc4ccccc4C3)n2)nc1C.[Fe+2],2.029561
TRZ00356,Cc1nnc(-c2c(N)ncnc2Nc2ccc(OCc3ccccc3)c(Cl)c2)nc1C,Fe2+,Cc1nnc(-c2c(N)ncnc2Nc2ccc(OCc3ccccc3)c(Cl)c2)nc1C.[Fe+2],2.0256996
TRZ02688,Cc1nnc(-c2cc(C(C)(C)C)cc(C(C)(C)C)c2O)nc1C,Fe2+,Cc1nnc(-c2cc(C(C)(C)C)cc(C(C)(C)C)c2O)nc1C.[Fe+2],2.0231633
TRZ01802,Cc1nnc(-c2nc(-c3ccccc3)cc(N3CCN(c4ccccc4)CC3)n2)nc1C,Fe2+,Cc1nnc(-c2nc(-c3ccccc3)cc(N3CCN(c4ccccc4)CC3)n2)nc1C.[Fe+2],2.0214667
TRZ04617,CCOc1cc(F)ccc1N(Cc1nnc(C)c(C)n1)c1ccnc(SC)n1,Fe2+,CCOc1cc(F)ccc1N(Cc1nnc(C)c(C)n1)c1ccnc(SC)n1.[Fe+2],2.0172305
TRZ00301,COc1ccc2c(c1)CCC/C2=N\Nc1nc(-c2nnc(C)c(C)n2)cs1,Fe2+,COc1ccc2c(c1)CCC/C2=N\Nc1nc(-c2nnc(C)c(C)n2)cs1.[Fe+2],2.0164485
TRZ02584,Cc1nnc(-c2cnc3c(-c4ccccc4)c(C)nn3c2N)nc1C,Fe2+,Cc1nnc(-c2cnc3c(-c4ccccc4)c(C)nn3c2N)nc1C.[Fe+2],2.013339
TRZ05922,Cc1nnc(-c2nc3cc4c(-c5ccncc5)[nH]n(-c5ccc(F)cc5)c4cc3n2)nc1C,Fe2+,Cc1nnc(-c2nc3cc4c(-c5ccncc5)[nH]n(-c5ccc(F)cc5)c4cc3n2)nc1C.[Fe+2],2.0073972
TRZ05151,CC(=O)NN=C(c1ccc(F)cc1)c1nnc(C)c(C)n1,Fe2+,CC(=O)NN=C(c1ccc(F)cc1)c1nnc(C)c(C)n1.[Fe+2],2.004838
TRZ01212,Cc1nnc(-c2ccc3ccccc3c2O)nc1C,Fe2+,Cc1nnc(-c2ccc3ccccc3c2O)nc1C.[Fe+2],1.9955645
TRZ02498,CCOc1ccc(O)c(-c2nnc(C)c(C)n2)c1,Fe2+,CCOc1ccc(O)c(-c2nnc(C)c(C)n2)c1.[Fe+2],1.9936924
TRZ05923,Cc1nnc(-c2nc3cc4c(-c5ccncc5)[nH]n(-c5cccc(F)c5)c4cc3n2)nc1C,Fe2+,Cc1nnc(-c2nc3cc4c(-c5ccncc5)[nH]n(-c5cccc(F)c5)c4cc3n2)nc1C.[Fe+2],1.9904618
TRZ01566,Cc1nnc(-c2[nH]c3ccc(CCN4C(=O)NC(C)(C)C4=O)cc3c2CCN(C)C)nc1C,Fe2+,Cc1nnc(-c2[nH]c3ccc(CCN4C(=O)NC(C)(C)C4=O)cc3c2CCN(C)C)nc1C.[Fe+2],1.9869232
TRZ01326,Cc1nnc(Cn2c(C)nc3ccc(I)cc3c2=O)nc1C,Fe2+,Cc1nnc(Cn2c(C)nc3ccc(I)cc3c2=O)nc1C.[Fe+2],1.9792814
TRZ01036,Cc1nnc(-c2nc(-c3ccccc3)cc(N3CC4CSCC4C3)n2)nc1C,Fe2+,Cc1nnc(-c2nc(-c3ccccc3)cc(N3CC4CSCC4C3)n2)nc1C.[Fe+2],1.978045
TRZ02218,Cc1nnc(Cn2c(C3CC(=O)N(c4ccc(F)cc4)C3)nc3ccccc32)nc1C,Fe2+,Cc1nnc(Cn2c(C3CC(=O)N(c4ccc(F)cc4)C3)nc3ccccc32)nc1C.[Fe+2],1.9719553
TRZ02404,Cc1nnc(CNC(=O)c2cccnc2Oc2ccccc2)nc1C,Fe2+,Cc1nnc(CNC(=O)c2cccnc2Oc2ccccc2)nc1C.[Fe+2],1.9626932
TRZ02843,Cc1nnc(-c2cnn(-c3ccnc4c(C(F)(F)F)cccc34)c2N)nc1C,Fe2+,Cc1nnc(-c2cnn(-c3ccnc4c(C(F)(F)F)cccc34)c2N)nc1C.[Fe+2],1.9617124
TRZ01038,Cc1nnc(-c2nc(-c3ccc(C(F)(F)F)nc3)cc(-c3cccc(O)c3)n2)nc1C,Fe2+,Cc1nnc(-c2nc(-c3ccc(C(F)(F)F)nc3)cc(-c3cccc(O)c3)n2)nc1C.[Fe+2],1.957241
TRZ01701,Cc1nnc(-c2nn(-c3ccc(Cl)cc3)c(=O)c3c2cnn3-c2ccccc2)nc1C,Fe2+,Cc1nnc(-c2nn(-c3ccc(Cl)cc3)c(=O)c3c2cnn3-c2ccccc2)nc1C.[Fe+2],1.9530926
TRZ04755,CCN1CCN(C(=O)N(Cc2ccc(-c3nnc(C)c(C)n3)cn2)c2ccc(F)c(Cl)c2)CC1,Fe2+,CCN1CCN(C(=O)N(Cc2ccc(-c3nnc(C)c(C)n3)cn2)c2ccc(F)c(Cl)c2)CC1.[Fe+2],1.9509497
TRZ05803,Cc1nnc(C(C)(C=O)S(=O)(=O)c2ccc(F)cc2)nc1C,Fe2+,Cc1nnc(C(C)(C=O)S(=O)(=O)c2ccc(F)cc2)nc1C.[Fe+2],1.9501128
TRZ00919,COc1cc(Cl)ccc1NC(=O)COc1ccccc1-c1nnc(C)c(C)n1,Fe2+,COc1cc(Cl)ccc1NC(=O)COc1ccccc1-c1nnc(C)c(C)n1.[Fe+2],1.9500928
TRZ02314,Cc1nnc(Cn2nnc(-c3ccccc3Cl)n2)nc1C,Fe2+,Cc1nnc(Cn2nnc(-c3ccccc3Cl)n2)nc1C.[Fe+2],1.949646
TRZ00970,Cc1nnc(-c2cc(-c3ccccc3)nn2CC(O)COc2ccc(Cl)cc2)nc1C,Fe2+,Cc1nnc(-c2cc(-c3ccccc3)nn2CC(O)COc2ccc(Cl)cc2)nc1C.[Fe+2],1.9474559
TRZ04399,Cc1nnc(-c2cnc(NC3(c4ccc(F)c(F)c4)CCC3)nc2)nc1C,Fe2+,Cc1nnc(-c2cnc(NC3(c4ccc(F)c(F)c4)CCC3)nc2)nc1C.[Fe+2],1.932837
TRZ01091,CCn1cc(-c2nnc(C)c(C)n2)c(=O)c2cc(F)c(N3CCCC3)cc21,Fe2+,CCn1cc(-c2nnc(C)c(C)n2)c(=O)c2cc(F)c(N3CCCC3)cc21.[Fe+2],1.9316034
TRZ00562,Cc1nnc(CNC(=O)c2ccccc2N)nc1C,Fe2+,Cc1nnc(CNC(=O)c2ccccc2N)nc1C.[Fe+2],1.9315958
TRZ01089,Cc1cc2nc(SCc3nnc(C)c(C)n3)[nH]c2cc1C,Fe2+,Cc1cc2nc(SCc3nnc(C)c(C)n3)[nH]c2cc1C.[Fe+2],1.93087
TRZ04055,Cc1nnc(-c2cnc(Nc3ccc(F)cc3)cc2NC(C)C)nc1C,Fe2+,Cc1nnc(-c2cnc(Nc3ccc(F)cc3)cc2NC(C)C)nc1C.[Fe+2],1.9303174
TRZ05189,Cc1nnc(-c2cnc(NC3(c4cc(F)cc(F)c4)CCC3)nc2C(=O)C(F)F)nc1C,Fe2+,Cc1nnc(-c2cnc(NC3(c4cc(F)cc(F)c4)CCC3)nc2C(=O)C(F)F)nc1C.[Fe+2],1.9291449
TRZ00089,Cc1nnc(-c2cnc[nH]2)nc1C,Fe2+,Cc1nnc(-c2cnc[nH]2)nc1C.[Fe+2],1.919981
TRZ01293,Cc1nnc(CSc2cc(N3CCCCC3)ncn2)nc1C,Fe2+,Cc1nnc(CSc2cc(N3CCCCC3)ncn2)nc1C.[Fe+2],1.9184685
TRZ00109,CCn1cc(-c2nnc(C)c(C)n2)c(=O)c2cc(F)c(N3CCOCC3)cc21,Fe2+,CCn1cc(-c2nnc(C)c(C)n2)c(=O)c2cc(F)c(N3CCOCC3)cc21.[Fe+2],1.9171591
TRZ02575,Cc1nnc(-c2ccccc2Nc2ccc(Cl)cc2)nc1C,Fe2+,Cc1nnc(-c2ccccc2Nc2ccc(Cl)cc2)nc1C.[Fe+2],1.9168363
TRZ02161,Cc1nnc(CCn2ncc3ccccc3c2=O)nc1C,Fe2+,Cc1nnc(CCn2ncc3ccccc3c2=O)nc1C.[Fe+2],1.9120073
TRZ05769,Cc1nnc(-c2ccc(I)cc2N2CCC(C)(F)CC2)nc1C,Fe2+,Cc1nnc(-c2ccc(I)cc2N2CCC(C)(F)CC2)nc1C.[Fe+2],1.9078479
TRZ01139,CCn1c(=O)c(-c2nnc(C)c(C)n2)c(N)c2cccnc21,Fe2+,CCn1c(=O)c(-c2nnc(C)c(C)n2)c(N)c2cccnc21.[Fe+2],1.9070172
TRZ00862,Cc1nnc(-c2nn(CCC(C)C)c(=O)c3ccccc23)nc1C,Fe2+,Cc1nnc(-c2nn(CCC(C)C)c(=O)c3ccccc23)nc1C.[Fe+2],1.9066167
TRZ01705,Cc1nnc(-c2nn(-c3ccccc3)c(=O)c3c2cnn3-c2ccc(Cl)cc2)nc1C,Fe2+,Cc1nnc(-c2nn(-c3ccccc3)c(=O)c3c2cnn3-c2ccc(Cl)cc2)nc1C.[Fe+2],1.906354
TRZ05880,Cc1nnc(-c2ccc(Cl)nc2C(=O)c2ccccc2C(F)(F)F)nc1C,Fe2+,Cc1nnc(-c2ccc(Cl)nc2C(=O)c2ccccc2C(F)(F)F)nc1C.[Fe+2],1.8967862
TRZ01018,Cc1nnc(-c2nc(-c3ccccc3)cc(-c3ccc(O)cc3)n2)nc1C,Fe2+,Cc1nnc(-c2nc(-c3ccccc3)cc(-c3ccc(O)cc3)n2)nc1C.[Fe+2],1.894206
TRZ02879,Cc1nnc(C(S)Cc2csc(-c3ccc(F)cc3)n2)nc1C,Fe2+,Cc1nnc(C(S)Cc2csc(-c3ccc(F)cc3)n2)nc1C.[Fe+2],1.8931417
TRZ01889,Cc1nnc(-c2cn(Cc3ccc(Cl)cc3)cc2-c2ccncc2)nc1C,Fe2+,Cc1nnc(-c2cn(Cc3ccc(Cl)cc3)cc2-c2ccncc2)nc1C.[Fe+2],1.8929758
TRZ00360,Cc1nnc(C(C)(C)NC(=O)c2cc3c(n(CC4CCCCC4)c2=O)CCCCCC3)nc1C,Fe2+,Cc1nnc(C(C)(C)NC(=O)c2cc3c(n(CC4CCCCC4)c2=O)CCCCCC3)nc1C.[Fe+2],1.892489
TRZ01663,Cc1nnc(-c2cn(Cc3ccc(C#N)cc3)c3cc(C(F)(F)F)ccc3c2=O)nc1C,Fe2+,Cc1nnc(-c2cn(Cc3ccc(C#N)cc3)c3cc(C(F)(F)F)ccc3c2=O)nc1C.[Fe+2],1.8916726
TRZ02495,CCCOc1ccc(-c2nnc(C)c(C)n2)c(O)c1,Fe2+,CCCOc1ccc(-c2nnc(C)c(C)n2)c(O)c1.[Fe+2],1.8902016
TRZ05078,Cc1nnc(C(c2ccc(F)cc2)N2C[C@H](C)N(C(=O)OC(C)(C)C)C[C@H]2C)nc1C,Fe2+,Cc1nnc(C(c2ccc(F)cc2)N2C[C@H](C)N(C(=O)OC(C)(C)C)C[C@H]2C)nc1C.[Fe+2],1.888514
TRZ04410,Cc1nnc(-c2cnc(NC3(c4cccc(Cl)c4F)CCC3)nc2)nc1C,Fe2+,Cc1nnc(-c2cnc(NC3(c4cccc(Cl)c4F)CCC3)nc2)nc1C.[Fe+2],1.8766012
TRZ01134,Cc1nnc(CSc2nc3ccccc3c(=O)n2-c2ccccc2)nc1C,Fe2+,Cc1nnc(CSc2nc3ccccc3c(=O)n2-c2ccccc2)nc1C.[Fe+2],1.8722034
TRZ01026,COCCNc1ccc(-c2cc(-c3cc(F)ccc3F)nc(-c3nnc(C)c(C)n3)n2)cn1,Fe2+,COCCNc1ccc(-c2cc(-c3cc(F)ccc3F)nc(-c3nnc(C)c(C)n3)n2)cn1.[Fe+2],1.868947
TRZ00973,COc1ccc(-c2cc(-c3nnc(C)c(C)n3)n(CC(O)COc3ccc(Cl)cc3)n2)cc1,Fe2+,COc1ccc(-c2cc(-c3nnc(C)c(C)n3)n(CC(O)COc3ccc(Cl)cc3)n2)cc1.[Fe+2],1.8675008
TRZ04582,Cc1nnc(-c2ccc(CN(C(=O)N3CCOCC3)c3ccc(F)c(Cl)c3)nc2)nc1C,Fe2+,Cc1nnc(-c2ccc(CN(C(=O)N3CCOCC3)c3ccc(F)c(Cl)c3)nc2)nc1C.[Fe+2],1.8637681
TRZ01486,Cc1nnc(-c2ncnc3nc[nH]c23)nc1C,Fe2+,Cc1nnc(-c2ncnc3nc[nH]c23)nc1C.[Fe+2],1.8633156
TRZ00937,Cc1nnc(C(C)Oc2ccc(-c3nccc(-c4ccccn4)n3)cc2)nc1C,Fe2+,Cc1nnc(C(C)Oc2ccc(-c3nccc(-c4ccccn4)n3)cc2)nc1C.[Fe+2],1.8610706
TRZ01415,CCn1nc(-c2nnc(C)c(C)n2)c2ccccc2c1=O,Fe2+,CCn1nc(-c2nnc(C)c(C)n2)c2ccccc2c1=O.[Fe+2],1.8500514
TRZ00244,Cc1nnc(Cn2c(=O)c(Cc3ccccc3)nc3ccccc32)nc1C,Fe2+,Cc1nnc(Cn2c(=O)c(Cc3ccccc3)nc3ccccc32)nc1C.[Fe+2],1.8395152
TRZ01828,CC(=O)NN=C(c1ccccc1)c1nnc(C)c(C)n1,Fe2+,CC(=O)NN=C(c1ccccc1)c1nnc(C)c(C)n1.[Fe+2],1.8348002
TRZ01220,Cc1nnc(-c2cc(-c3c[nH]c4ccccc34)n[nH]2)nc1C,Fe2+,Cc1nnc(-c2cc(-c3c[nH]c4ccccc34)n[nH]2)nc1C.[Fe+2],1.8263717
TRZ03605,Cc1nnc(-c2cnc(N3C[C@H]4C[C@@]4(c4cccc(C(F)(F)F)c4)C3)nc2)nc1C,Fe2+,Cc1nnc(-c2cnc(N3C[C@H]4C[C@@]4(c4cccc(C(F)(F)F)c4)C3)nc2)nc1C.[Fe+2],1.822763
TRZ05233,Cc1nnc(C(Oc2cc(-c3cccnc3)c3ncccc3c2)c2ccc(F)cn2)nc1C,Fe2+,Cc1nnc(C(Oc2cc(-c3cccnc3)c3ncccc3c2)c2ccc(F)cn2)nc1C.[Fe+2],1.8172054
TRZ02666,Cc1cccc(Nc2ccccc2-c2nnc(C)c(C)n2)c1C,Fe2+,Cc1cccc(Nc2ccccc2-c2nnc(C)c(C)n2)c1C.[Fe+2],1.8146677
TRZ01790,Cc1nnc(-c2nc(C(=O)N3Cc4ccccc4C3)cc(-c3ccccc3)n2)nc1C,Fe2+,Cc1nnc(-c2nc(C(=O)N3Cc4ccccc4C3)cc(-c3ccccc3)n2)nc1C.[Fe+2],1.8139844
TRZ00762,Cc1nnc(C(N)Cc2ccc(O)cc2)nc1C,Fe2+,Cc1nnc(C(N)Cc2ccc(O)cc2)nc1C.[Fe+2],1.8126554
TRZ00247,Cc1nnc(-c2[nH]c3ccc(Cl)cc3c2S(=O)(=O)c2cc(Cl)ccc2N)nc1C,Fe2+,Cc1nnc(-c2[nH]c3ccc(Cl)cc3c2S(=O)(=O)c2cc(Cl)ccc2N)nc1C.[Fe+2],1.8100843
TRZ04417,Cc1nnc(-c2cnc(NC3(c4ccc(Cl)c(F)c4)CC3)nc2)nc1C,Fe2+,Cc1nnc(-c2cnc(NC3(c4ccc(Cl)c(F)c4)CC3)nc2)nc1C.[Fe+2],1.8058362
TRZ03642,CCNC(=O)Nc1cc2c(cn1)c1cncc(-c3nnc(C)c(C)n3)c1n1nc(C(F)(F)F)cc21,Fe2+,CCNC(=O)Nc1cc2c(cn1)c1cncc(-c3nnc(C)c(C)n3)c1n1nc(C(F)(F)F)cc21.[Fe+2],1.8035913
TRZ05141,Cc1nnc(-c2cc(-c3cccc(F)c3)c(=O)n(C)c2)nc1C,Fe2+,Cc1nnc(-c2cc(-c3cccc(F)c3)c(=O)n(C)c2)nc1C.[Fe+2],1.801166
TRZ04415,Cc1nnc(-c2cnc(NC3(c4ccc(F)c(F)c4)CC3)nc2)nc1C,Fe2+,Cc1nnc(-c2cnc(NC3(c4ccc(F)c(F)c4)CC3)nc2)nc1C.[Fe+2],1.7992997
TRZ02048,Cc1nnc([C@H](Cc2ccccc2)N2C(=O)c3ccccc3C2=O)nc1C,Fe2+,Cc1nnc([C@H](Cc2ccccc2)N2C(=O)c3ccccc3C2=O)nc1C.[Fe+2],1.7942224
TRZ00753,Cc1nnc(CS(=O)(=O)c2ccc(Cl)cc2)nc1C,Fe2+,Cc1nnc(CS(=O)(=O)c2ccc(Cl)cc2)nc1C.[Fe+2],1.7900529
TRZ04961,Cc1nnc(-c2cnccc2N2COc3cnc(-c4cc(Cl)ccc4F)nc32)nc1C,Fe2+,Cc1nnc(-c2cnccc2N2COc3cnc(-c4cc(Cl)ccc4F)nc32)nc1C.[Fe+2],1.7888107
TRZ04423,Cc1nnc(-c2cnc(NC3(c4ccc(F)c(Cl)c4)CCC3)nc2)nc1C,Fe2+,Cc1nnc(-c2cnc(NC3(c4ccc(F)c(Cl)c4)CCC3)nc2)nc1C.[Fe+2],1.7887869
TRZ02835,Cc1ccc2nc(SCc3nnc(C)c(C)n3)n(-c3ccccc3)c(=O)c2c1,Fe2+,Cc1ccc2nc(SCc3nnc(C)c(C)n3)n(-c3ccccc3)c(=O)c2c1.[Fe+2],1.7873583
TRZ05200,Cc1nnc(-c2cnc(NC3(c4cc(F)cc(F)c4)CC3)nc2C(=O)C(F)F)nc1C,Fe2+,Cc1nnc(-c2cnc(NC3(c4cc(F)cc(F)c4)CC3)nc2C(=O)C(F)F)nc1C.[Fe+2],1.7844396
TRZ05109,Cc1ccc(-c2nn(Cc3nnc(C)c(C)n3)c(=O)n2C[C@H](O)C(C)(F)F)cc1,Fe2+,Cc1ccc(-c2nn(Cc3nnc(C)c(C)n3)c(=O)n2C[C@H](O)C(C)(F)F)cc1.[Fe+2],1.7808557
TRZ00285,Cc1nnc(-c2oc3nc(-c4ccco4)cc(-c4ccco4)c3c2N)nc1C,Fe2+,Cc1nnc(-c2oc3nc(-c4ccco4)cc(-c4ccco4)c3c2N)nc1C.[Fe+2],1.7790446
TRZ04471,Cc1nnc(-c2cc(C)n3ncc(C(=O)N[C@@H](C4CC4)C(F)(F)F)c3n2)nc1C,Fe2+,Cc1nnc(-c2cc(C)n3ncc(C(=O)N[C@@H](C4CC4)C(F)(F)F)c3n2)nc1C.[Fe+2],1.7713027
TRZ00238,Cc1nnc(-c2[nH]c3ccc(S(N)(=O)=O)cc3c2-c2c(F)c(F)c(F)c(F)c2F)nc1C,Fe2+,Cc1nnc(-c2[nH]c3ccc(S(N)(=O)=O)cc3c2-c2c(F)c(F)c(F)c(F)c2F)nc1C.[Fe+2],1.7678237
TRZ05527,Cc1nnc(-c2cn(C)nc2Nc2ccc(C(F)(F)F)cc2)nc1C,Fe2+,Cc1nnc(-c2cn(C)nc2Nc2ccc(C(F)(F)F)cc2)nc1C.[Fe+2],1.7668629
TRZ00863,Cc1nnc(-c2nn(-c3ccccc3)cc2O)nc1C,Fe2+,Cc1nnc(-c2nn(-c3ccccc3)cc2O)nc1C.[Fe+2],1.766398
TRZ02611,Cc1nnc(Cn2nnc(-c3ccccc3)n2)nc1C,Fe2+,Cc1nnc(Cn2nnc(-c3ccccc3)n2)nc1C.[Fe+2],1.7591043
TRZ00577,COCCNc1ccc(-c2cc(N3Cc4ccccc4C3)nc(-c3nnc(C)c(C)n3)n2)cn1,Fe2+,COCCNc1ccc(-c2cc(N3Cc4ccccc4C3)nc(-c3nnc(C)c(C)n3)n2)cn1.[Fe+2],1.7571111
TRZ00572,Cc1nnc(-c2nc(-c3cccc(O)c3)cc(N3Cc4ccccc4C3)n2)nc1C,Fe2+,Cc1nnc(-c2nc(-c3cccc(O)c3)cc(N3Cc4ccccc4C3)n2)nc1C.[Fe+2],1.7566576
TRZ02019,CCCCOc1ccc(-c2nnc(C)c(C)n2)c(O)c1,Fe2+,CCCCOc1ccc(-c2nnc(C)c(C)n2)c(O)c1.[Fe+2],1.7564316
TRZ01076,Cc1ncc(-c2nnc(C)c(C)n2)c(=O)[nH]1,Fe2+,Cc1ncc(-c2nnc(C)c(C)n2)c(=O)[nH]1.[Fe+2],1.7514272
TRZ00416,CCn1c(=O)c(-c2nnc(C)c(C)n2)c(O)c2ccccc21,Fe2+,CCn1c(=O)c(-c2nnc(C)c(C)n2)c(O)c2ccccc21.[Fe+2],1.7477112
TRZ02842,Cc1nnc(C(C(=O)OCc2ccccc2)c2ccccc2)nc1C,Fe2+,Cc1nnc(C(C(=O)OCc2ccccc2)c2ccccc2)nc1C.[Fe+2],1.7463417
TRZ01694,Cc1nnc(Cn2cnc3c(oc4nc(C(F)(F)F)ccc43)c2=O)nc1C,Fe2+,Cc1nnc(Cn2cnc3c(oc4nc(C(F)(F)F)ccc43)c2=O)nc1C.[Fe+2],1.741384
TRZ05009,Cc1nnc(-c2cc(F)c(OCC3COC(C)(C)N3C(=O)OC(C)(C)C)cc2O)nc1C,Fe2+,Cc1nnc(-c2cc(F)c(OCC3COC(C)(C)N3C(=O)OC(C)(C)C)cc2O)nc1C.[Fe+2],1.7342429
TRZ01957,CCCn1c(=O)c(-c2nnc(C)c(C)n2)c(O)c2ccccc21,Fe2+,CCCn1c(=O)c(-c2nnc(C)c(C)n2)c(O)c2ccccc21.[Fe+2],1.7342167
TRZ01513,COc1ccc(-c2c(-c3ccc(OCc4nnc(C)c(C)n4)cc3O)n[nH]c2C)cc1OC,Fe2+,COc1ccc(-c2c(-c3ccc(OCc4nnc(C)c(C)n4)cc3O)n[nH]c2C)cc1OC.[Fe+2],1.7293072
TRZ02462,Cc1nnc(C(Cc2ccccc2)NC(=O)C=[N+]=[N-])nc1C,Fe2+,Cc1nnc(C(Cc2ccccc2)NC(=O)C=[N+]=[N-])nc1C.[Fe+2],1.7290564
TRZ02588,CCCCCn1c(=O)c(-c2nnc(C)c(C)n2)c(O)c2ccccc21,Fe2+,CCCCCn1c(=O)c(-c2nnc(C)c(C)n2)c(O)c2ccccc21.[Fe+2],1.7252617
TRZ00954,Cc1nnc(CC(=O)Nc2ccccc2C(=O)O)nc1C,Fe2+,Cc1nnc(CC(=O)Nc2ccccc2C(=O)O)nc1C.[Fe+2],1.722558
TRZ00961,Cc1nnc(CNC(=O)c2cc(C34CC5CC(CC(C5)C3)C4)c3ccccc3n2)nc1C,Fe2+,Cc1nnc(CNC(=O)c2cc(C34CC5CC(CC(C5)C3)C4)c3ccccc3n2)nc1C.[Fe+2],1.720551
TRZ01764,Cc1nnc(-c2nc(-c3ccc(C(F)(F)F)nc3)cc(-c3cc[nH]c(=O)c3)n2)nc1C,Fe2+,Cc1nnc(-c2nc(-c3ccc(C(F)(F)F)nc3)cc(-c3cc[nH]c(=O)c3)n2)nc1C.[Fe+2],1.7183309
TRZ00920,Cc1nnc(COc2ccc(C3SCCS3)cc2)nc1C,Fe2+,Cc1nnc(COc2ccc(C3SCCS3)cc2)nc1C.[Fe+2],1.7151914
TRZ02543,Cc1nnc(-c2ccc(/C=N\O)nc2)nc1C,Fe2+,Cc1nnc(-c2ccc(/C=N\O)nc2)nc1C.[Fe+2],1.7149959
TRZ02587,CC(=O)c1sc(N)c(-c2nnc(C)c(C)n2)c1C,Fe2+,CC(=O)c1sc(N)c(-c2nnc(C)c(C)n2)c1C.[Fe+2],1.7135458
TRZ02299,C=C(C)Cn1c(SCc2nnc(C)c(C)n2)nc2ccccc2c1=O,Fe2+,C=C(C)Cn1c(SCc2nnc(C)c(C)n2)nc2ccccc2c1=O.[Fe+2],1.7135
TRZ00791,Cc1nnc(-c2cnc3ccc(-c4c(-c5ccc(F)cc5)ncn4CC(F)F)nn23)nc1C,Fe2+,Cc1nnc(-c2cnc3ccc(-c4c(-c5ccc(F)cc5)ncn4CC(F)F)nn23)nc1C.[Fe+2],1.7111669
TRZ03809,Cc1nnc(Cn2nc(-c3ccc(Cl)s3)n(Cc3ccccc3F)c2=O)nc1C,Fe2+,Cc1nnc(Cn2nc(-c3ccc(Cl)s3)n(Cc3ccccc3F)c2=O)nc1C.[Fe+2],1.7099328
TRZ05152,CCC(=O)NN=C(c1ccc(F)cc1)c1nnc(C)c(C)n1,Fe2+,CCC(=O)NN=C(c1ccc(F)cc1)c1nnc(C)c(C)n1.[Fe+2],1.7000389
TRZ01683,CCCc1cc(=O)oc2c1c(OCCN1CCOCC1)cc1oc(-c3nnc(C)c(C)n3)cc12,Fe2+,CCCc1cc(=O)oc2c1c(OCCN1CCOCC1)cc1oc(-c3nnc(C)c(C)n3)cc12.[Fe+2],1.6917591
TRZ02814,Cc1nnc(-c2ccccc2OCC(=O)Nc2ccc(SC(F)F)cc2)nc1C,Fe2+,Cc1nnc(-c2ccccc2OCC(=O)Nc2ccc(SC(F)F)cc2)nc1C.[Fe+2],1.6917028
TRZ01161,Cc1nnc(-c2nc3ccccc3c(=O)[nH]2)nc1C,Fe2+,Cc1nnc(-c2nc3ccccc3c(=O)[nH]2)nc1C.[Fe+2],1.6891885
TRZ01586,Cc1nnc(CNC(=O)c2cc3ccccc3cc2N)nc1C,Fe2+,Cc1nnc(CNC(=O)c2cc3ccccc3cc2N)nc1C.[Fe+2],1.6883798
TRZ00304,Cc1nnc(-c2c(O)c3cccc4c3n(c2=O)CCC4)nc1C,Fe2+,Cc1nnc(-c2c(O)c3cccc4c3n(c2=O)CCC4)nc1C.[Fe+2],1.688281
TRZ05153,CCC(=O)NN=C(c1ccc(OC(F)(F)F)cc1)c1nnc(C)c(C)n1,Fe2+,CCC(=O)NN=C(c1ccc(OC(F)(F)F)cc1)c1nnc(C)c(C)n1.[Fe+2],1.6860328
TRZ04255,CCNC(=O)NC1=NCC2=C(C1)c1cc(C(F)(F)F)nn1C1C2=CN=CC1c1nnc(C)c(C)n1,Fe2+,CCNC(=O)NC1=NCC2=C(C1)c1cc(C(F)(F)F)nn1C1C2=CN=CC1c1nnc(C)c(C)n1.[Fe+2],1.6827574
TRZ03036,Cc1nnc(-c2c(Nc3ccc(I)cc3F)n(C)c(=O)n(C)c2=O)nc1C,Fe2+,Cc1nnc(-c2c(Nc3ccc(I)cc3F)n(C)c(=O)n(C)c2=O)nc1C.[Fe+2],1.6799564
TRZ02981,Cc1nnc(-c2nc3c(=O)[nH]c4cc(C(F)(F)F)ccc4n3c2Cc2ncc[nH]2)nc1C,Fe2+,Cc1nnc(-c2nc3c(=O)[nH]c4cc(C(F)(F)F)ccc4n3c2Cc2ncc[nH]2)nc1C.[Fe+2],1.6793351
TRZ05517,Cc1ccc(F)c(C(C)C(c2nnc(C)c(C)n2)N2CCc3cc(Cl)ccc3S2(=O)=O)c1C,Fe2+,Cc1ccc(F)c(C(C)C(c2nnc(C)c(C)n2)N2CCc3cc(Cl)ccc3S2(=O)=O)c1C.[Fe+2],1.6791515
TRZ03780,Cc1nnc(-c2cnc(-c3ccccc3C(F)(F)F)[nH]2)nc1C,Fe2+,Cc1nnc(-c2cnc(-c3ccccc3C(F)(F)F)[nH]2)nc1C.[Fe+2],1.6749344
TRZ00668,Cc1nnc(-c2nnc3n(c2=O)CCN3c2cccc(Cl)c2)nc1C,Fe2+,Cc1nnc(-c2nnc3n(c2=O)CCN3c2cccc(Cl)c2)nc1C.[Fe+2],1.6696424
TRZ02423,Cc1nnc(-c2cncc(C#CCN(C)C)c2)nc1C,Fe2+,Cc1nnc(-c2cncc(C#CCN(C)C)c2)nc1C.[Fe+2],1.6694736
TRZ04426,Cc1nnc(-c2cnc(NC3(c4ccc(F)c(Cl)c4)CC3)nc2)nc1C,Fe2+,Cc1nnc(-c2cnc(NC3(c4ccc(F)c(Cl)c4)CC3)nc2)nc1C.[Fe+2],1.6682682
TRZ03807,Cc1nnc(Cn2nc(-c3ccc(Cl)cc3)n(CCC(F)(F)F)c2=O)nc1C,Fe2+,Cc1nnc(Cn2nc(-c3ccc(Cl)cc3)n(CCC(F)(F)F)c2=O)nc1C.[Fe+2],1.6679349
TRZ01803,Cc1nnc(-c2nc(-c3ccc(C(F)(F)F)nc3)cc(-c3ccc(=O)[nH]c3)n2)nc1C,Fe2+,Cc1nnc(-c2nc(-c3ccc(C(F)(F)F)nc3)cc(-c3ccc(=O)[nH]c3)n2)nc1C.[Fe+2],1.6657252
TRZ01709,Cc1nnc(-c2c(C)nc[nH]c2=O)nc1C,Fe2+,Cc1nnc(-c2c(C)nc[nH]c2=O)nc1C.[Fe+2],1.6636872
TRZ01060,Cc1nnc(-c2nc(-c3ccc(C(F)(F)F)nc3)cc(-c3ccnc(N)c3)n2)nc1C,Fe2+,Cc1nnc(-c2nc(-c3ccc(C(F)(F)F)nc3)cc(-c3ccnc(N)c3)n2)nc1C.[Fe+2],1.6624913
TRZ02872,Cc1nnc(-c2[nH]c3ccc(F)cc3c2N)nc1C,Fe2+,Cc1nnc(-c2[nH]c3ccc(F)cc3c2N)nc1C.[Fe+2],1.6615543
TRZ01644,Cc1nnc(CCn2cc(C)c(=O)[nH]c2=O)nc1C,Fe2+,Cc1nnc(CCn2cc(C)c(=O)[nH]c2=O)nc1C.[Fe+2],1.6614151
TRZ00571,Cc1nnc(-c2nc(-c3ccc4ccncc4c3)cc(N3Cc4ccccc4C3)n2)nc1C,Fe2+,Cc1nnc(-c2nc(-c3ccc4ccncc4c3)cc(N3Cc4ccccc4C3)n2)nc1C.[Fe+2],1.6598921
TRZ02750,Cc1ncc(-c2nnc(C)c(C)n2)c(N)n1,Fe2+,Cc1ncc(-c2nnc(C)c(C)n2)c(N)n1.[Fe+2],1.6572113
TRZ05008,Cc1nnc(-c2cc(F)c(OCC3C(C)OC(C)(C)N3C(=O)OC(C)(C)C)cc2O)nc1C,Fe2+,Cc1nnc(-c2cc(F)c(OCC3C(C)OC(C)(C)N3C(=O)OC(C)(C)C)cc2O)nc1C.[Fe+2],1.654376
TRZ00924,Cc1nnc(-c2csc(-c3cn(C(C)C)c(=O)n(Cc4ccccc4)c3=O)n2)nc1C,Fe2+,Cc1nnc(-c2csc(-c3cn(C(C)C)c(=O)n(Cc4ccccc4)c3=O)n2)nc1C.[Fe+2],1.6535373
TRZ05452,Cc1nnc(-c2ccc(Oc3ccc(F)c(F)c3)cc2[N+](=O)[O-])nc1C,Fe2+,Cc1nnc(-c2ccc(Oc3ccc(F)c(F)c3)cc2[N+](=O)[O-])nc1C.[Fe+2],1.6512628
TRZ02176,Cc1nnc(C2CCN2Cc2ccccc2)nc1C,Fe2+,Cc1nnc(C2CCN2Cc2ccccc2)nc1C.[Fe+2],1.6507978
TRZ04247,Cc1nnc(C(O)c2ccc(-c3noc(-c4cnn(-c5ccccc5)c4C(F)(F)F)n3)cc2)nc1C,Fe2+,Cc1nnc(C(O)c2ccc(-c3noc(-c4cnn(-c5ccccc5)c4C(F)(F)F)n3)cc2)nc1C.[Fe+2],1.6493945
TRZ01704,Cc1nnc(-c2nn(-c3ccccc3)c(=O)c3c2cnn3-c2ccccc2)nc1C,Fe2+,Cc1nnc(-c2nn(-c3ccccc3)c(=O)c3c2cnn3-c2ccccc2)nc1C.[Fe+2],1.6482811
TRZ05234,Cc1ncc(-c2nc(C(F)(F)F)ccc2-c2nnc(C)c(C)n2)cn1,Fe2+,Cc1ncc(-c2nc(C(F)(F)F)ccc2-c2nnc(C)c(C)n2)cn1.[Fe+2],1.6457973
TRZ00824,Cc1nnc(CCN2CCN(c3ccccc3)CC2)nc1C,Fe2+,Cc1nnc(CCN2CCN(c3ccccc3)CC2)nc1C.[Fe+2],1.6434984
TRZ02471,Cc1nnc(-c2cc3sc(Cl)cc3[nH]2)nc1C,Fe2+,Cc1nnc(-c2cc3sc(Cl)cc3[nH]2)nc1C.[Fe+2],1.6431956
TRZ01580,Cc1nnc(Cn2c(=O)c(C)nc3ccccc32)nc1C,Fe2+,Cc1nnc(Cn2c(=O)c(C)nc3ccccc32)nc1C.[Fe+2],1.6307793
TRZ03209,Cc1nnc(-c2c(Cc3ccc(I)cc3F)n(C)c(=O)n(C)c2=O)nc1C,Fe2+,Cc1nnc(-c2c(Cc3ccc(I)cc3F)n(C)c(=O)n(C)c2=O)nc1C.[Fe+2],1.6299844
TRZ01778,Cc1nnc(-c2nc(-c3ccc(C(F)(F)F)nc3)cc(-c3cc(F)c(O)c(F)c3)n2)nc1C,Fe2+,Cc1nnc(-c2nc(-c3ccc(C(F)(F)F)nc3)cc(-c3cc(F)c(O)c(F)c3)n2)nc1C.[Fe+2],1.629282
TRZ03270,Cc1ccc(S(=O)(=O)Nc2cc(Cl)cnc2-c2nnc(C)c(C)n2)cc1C(F)(F)F,Fe2+,Cc1ccc(S(=O)(=O)Nc2cc(Cl)cnc2-c2nnc(C)c(C)n2)cc1C(F)(F)F.[Fe+2],1.6271362
TRZ03162,Cc1nnc(CCN(Cc2cc3c(cc2F)OCCO3)C(=O)OC(C)(C)C)nc1C,Fe2+,Cc1nnc(CCN(Cc2cc3c(cc2F)OCCO3)C(=O)OC(C)(C)C)nc1C.[Fe+2],1.6268272
TRZ02500,CCC(C)Oc1ccc(O)c(-c2nnc(C)c(C)n2)c1,Fe2+,CCC(C)Oc1ccc(O)c(-c2nnc(C)c(C)n2)c1.[Fe+2],1.6261845
TRZ05254,Cc1cc(-c2cnc(NCc3c(F)ccc4c3CCO4)n3cc(-c4nnc(C)c(C)n4)nc23)n(C)n1,Fe2+,Cc1cc(-c2cnc(NCc3c(F)ccc4c3CCO4)n3cc(-c4nnc(C)c(C)n4)nc23)n(C)n1.[Fe+2],1.6243539
TRZ01624,CC(/C=C/c1ccc(Cl)cc1)=N\OCc1nnc(C)c(C)n1,Fe2+,CC(/C=C/c1ccc(Cl)cc1)=N\OCc1nnc(C)c(C)n1.[Fe+2],1.6222129
TRZ02563,Cc1cccc(-n2c(N3CCOCC3)nc3oc(C)c(-c4nnc(C)c(C)n4)c3c2=O)c1,Fe2+,Cc1cccc(-n2c(N3CCOCC3)nc3oc(C)c(-c4nnc(C)c(C)n4)c3c2=O)c1.[Fe+2],1.6182213
TRZ04113,Cc1nnc(C2=CC(C(=O)O)C(=O)N(c3cccc(C(F)(F)F)c3)C2C)nc1C,Fe2+,Cc1nnc(C2=CC(C(=O)O)C(=O)N(c3cccc(C(F)(F)F)c3)C2C)nc1C.[Fe+2],1.6167731
TRZ01164,Cc1nnc([C@H]2Cc3c([nH]c4ccccc34)[C@H](C)N2)nc1C,Fe2+,Cc1nnc([C@H]2Cc3c([nH]c4ccccc34)[C@H](C)N2)nc1C.[Fe+2],1.616157
TRZ02457,Cc1nnc(-c2cnc(C(C)C)[nH]2)nc1C,Fe2+,Cc1nnc(-c2cnc(C(C)C)[nH]2)nc1C.[Fe+2],1.6153264
TRZ02630,Cc1nnc(-c2cc([N+](=O)[O-])ccc2O)nc1C,Fe2+,Cc1nnc(-c2cc([N+](=O)[O-])ccc2O)nc1C.[Fe+2],1.6125498
TRZ00904,Cc1nnc(-c2cnn(Cc3ccccc3)c2N)nc1C,Fe2+,Cc1nnc(-c2cnn(Cc3ccccc3)c2N)nc1C.[Fe+2],1.6111574
TRZ00310,CCCn1c(=O)c2[nH]c(-c3ccc(OCc4nnc(C)c(C)n4)cc3)nc2n(CCC)c1=O,Fe2+,CCCn1c(=O)c2[nH]c(-c3ccc(OCc4nnc(C)c(C)n4)cc3)nc2n(CCC)c1=O.[Fe+2],1.6063275
TRZ02191,Cc1nnc(CNCc2ccc(N)cc2[N+](=O)[O-])nc1C,Fe2+,Cc1nnc(CNCc2ccc(N)cc2[N+](=O)[O-])nc1C.[Fe+2],1.6058378
TRZ02460,CC1=Nc2ccc(Cl)cc2C(c2ccccc2)N1Cc1nnc(C)c(C)n1,Fe2+,CC1=Nc2ccc(Cl)cc2C(c2ccccc2)N1Cc1nnc(C)c(C)n1.[Fe+2],1.605113
TRZ02830,Cc1nnc(C2CCC(=O)N2S(=O)(=O)c2ccc(Cl)cc2)nc1C,Fe2+,Cc1nnc(C2CCC(=O)N2S(=O)(=O)c2ccc(Cl)cc2)nc1C.[Fe+2],1.603199
TRZ00621,Cc1nnc(Cn2nnc(-c3ccc(C(F)(F)F)cc3)n2)nc1C,Fe2+,Cc1nnc(Cn2nnc(-c3ccc(C(F)(F)F)cc3)n2)nc1C.[Fe+2],1.6000543
TRZ05198,Cc1nnc(-c2cnc(NC3(c4ccc(F)c(F)c4)CCC3)nc2C(=O)C(F)F)nc1C,Fe2+,Cc1nnc(-c2cnc(NC3(c4ccc(F)c(F)c4)CCC3)nc2C(=O)C(F)F)nc1C.[Fe+2],1.5976949
TRZ04885,Cc1nnc(CS(=O)(=O)c2ccc(F)cc2)nc1C,Fe2+,Cc1nnc(CS(=O)(=O)c2ccc(F)cc2)nc1C.[Fe+2],1.5962467
TRZ01365,Cc1nnc(C(O)(c2ccc(Cl)cc2)c2ccc(Cl)cc2)nc1C,Fe2+,Cc1nnc(C(O)(c2ccc(Cl)cc2)c2ccc(Cl)cc2)nc1C.[Fe+2],1.5938616
TRZ01734,Cc1nnc(C2Cc3c([nH]c4ccccc34)[C@@H](C)N2)nc1C,Fe2+,Cc1nnc(C2Cc3c([nH]c4ccccc34)[C@@H](C)N2)nc1C.[Fe+2],1.5919266
TRZ04633,Cc1nnc(-c2cc[n+]([O-])cc2Nc2ccc(I)cc2F)nc1C,Fe2+,Cc1nnc(-c2cc[n+]([O-])cc2Nc2ccc(I)cc2F)nc1C.[Fe+2],1.5911894
TRZ00985,Cc1nnc(CNc2ccc(N3CCOCC3)nc2)nc1C,Fe2+,Cc1nnc(CNc2ccc(N3CCOCC3)nc2)nc1C.[Fe+2],1.5906587
TRZ04565,Cc1nnc(-c2ccc(CNC(=O)N3CCN(C)CC3c3ccc(F)c(Cl)c3)nc2)nc1C,Fe2+,Cc1nnc(-c2ccc(CNC(=O)N3CCN(C)CC3c3ccc(F)c(Cl)c3)nc2)nc1C.[Fe+2],1.5865827
TRZ01030,COCCNc1ccc(-c2cc(-c3cccc(OC(F)F)c3)nc(-c3nnc(C)c(C)n3)n2)cn1,Fe2+,COCCNc1ccc(-c2cc(-c3cccc(OC(F)F)c3)nc(-c3nnc(C)c(C)n3)n2)cn1.[Fe+2],1.5859485
TRZ01621,Cc1nnc(CSc2nnc(-c3ccncc3)n2/N=C/c2ccccc2Cl)nc1C,Fe2+,Cc1nnc(CSc2nnc(-c3ccncc3)n2/N=C/c2ccccc2Cl)nc1C.[Fe+2],1.5851097
TRZ01514,Cc1nnc(Cn2cc(C(F)(F)F)ccc2=O)nc1C,Fe2+,Cc1nnc(Cn2cc(C(F)(F)F)ccc2=O)nc1C.[Fe+2],1.5832524
TRZ01562,COc1ccc2c(c1)CCC/C2=N/Nc1nc(-c2nnc(C)c(C)n2)cs1,Fe2+,COc1ccc2c(c1)CCC/C2=N/Nc1nc(-c2nnc(C)c(C)n2)cs1.[Fe+2],1.5820174
TRZ01449,Cc1nnc(-c2cnn(-c3ccc(Cl)cc3)c2C)nc1C,Fe2+,Cc1nnc(-c2cnn(-c3ccc(Cl)cc3)c2C)nc1C.[Fe+2],1.5799937
TRZ01627,CC(/C=C/c1ccc(Cl)cc1)=N\OC(C)c1nnc(C)c(C)n1,Fe2+,CC(/C=C/c1ccc(Cl)cc1)=N\OC(C)c1nnc(C)c(C)n1.[Fe+2],1.5792971
TRZ04869,Cc1nnc(-c2cc(Oc3ccc(N)c(F)c3)ccn2)nc1C,Fe2+,Cc1nnc(-c2cc(Oc3ccc(N)c(F)c3)ccn2)nc1C.[Fe+2],1.5785975
TRZ02196,Cc1nnc(-c2cc(=O)c3cc(F)ccc3[nH]2)nc1C,Fe2+,Cc1nnc(-c2cc(=O)c3cc(F)ccc3[nH]2)nc1C.[Fe+2],1.5783505
TRZ01292,Cc1nnc(CSc2cc(N3CCOCC3)ncn2)nc1C,Fe2+,Cc1nnc(CSc2cc(N3CCOCC3)ncn2)nc1C.[Fe+2],1.5757499
TRZ01098,Cc1nnc(-c2nnc3n(c2=O)CCN3c2ccccc2)nc1C,Fe2+,Cc1nnc(-c2nnc3n(c2=O)CCN3c2ccccc2)nc1C.[Fe+2],1.5727372
TRZ02660,Cc1nnc(-c2cn[nH]c2N)nc1C,Fe2+,Cc1nnc(-c2cn[nH]c2N)nc1C.[Fe+2],1.5705905
TRZ01094,Cc1nnc(C(C)n2nnc(-c3cc(C(F)(F)F)cc(C(F)(F)F)c3)n2)nc1C,Fe2+,Cc1nnc(C(C)n2nnc(-c3cc(C(F)(F)F)cc(C(F)(F)F)c3)n2)nc1C.[Fe+2],1.569521
TRZ02822,COc1ccc2c(c1)CCCC2=NNc1nc(-c2nnc(C)c(C)n2)cs1,Fe2+,COc1ccc2c(c1)CCCC2=NNc1nc(-c2nnc(C)c(C)n2)cs1.[Fe+2],1.5676594
TRZ05712,Cc1nnc(-c2cc(C(F)(F)F)cc(C(F)(F)F)c2O)nc1C,Fe2+,Cc1nnc(-c2cc(C(F)(F)F)cc(C(F)(F)F)c2O)nc1C.[Fe+2],1.5672646
TRZ05447,CCc1c(F)cc(F)cc1OC(C)C(=O)N(Cc1nnc(C)c(C)n1)Cc1ccc(C#N)cc1F,Fe2+,CCc1c(F)cc(F)cc1OC(C)C(=O)N(Cc1nnc(C)c(C)n1)Cc1ccc(C#N)cc1F.[Fe+2],1.5634861
TRZ00266,Cc1nnc(C(=O)Nc2ccc(O)cc2)nc1C,Fe2+,Cc1nnc(C(=O)Nc2ccc(O)cc2)nc1C.[Fe+2],1.5609217
TRZ00984,Cc1nnc(CCn2ccc(=O)[nH]c2=O)nc1C,Fe2+,Cc1nnc(CCn2ccc(=O)[nH]c2=O)nc1C.[Fe+2],1.5608745
TRZ00988,Cc1nnc(CC(=O)Nc2cc(Cl)cc(Cl)c2)nc1C,Fe2+,Cc1nnc(CC(=O)Nc2cc(Cl)cc(Cl)c2)nc1C.[Fe+2],1.5579219
TRZ03769,Cc1ccc(S(=O)(=O)N2C(c3ccc(F)cc3)CCC2c2nnc(C)c(C)n2)cc1,Fe2+,Cc1ccc(S(=O)(=O)N2C(c3ccc(F)cc3)CCC2c2nnc(C)c(C)n2)cc1.[Fe+2],1.5527873
TRZ02991,Cc1nnc(C2=Nc3c(cccc3C(F)(F)F)C(c3ccccn3)=NC2)nc1C,Fe2+,Cc1nnc(C2=Nc3c(cccc3C(F)(F)F)C(c3ccccn3)=NC2)nc1C.[Fe+2],1.5408621
TRZ04424,Cc1nnc(-c2cnc(NC3(c4cc(F)c(F)cc4F)CCC3)nc2)nc1C,Fe2+,Cc1nnc(-c2cnc(NC3(c4cc(F)c(F)cc4F)CCC3)nc2)nc1C.[Fe+2],1.5397406
TRZ04146,Cc1nnc(-c2c(C)nc3c(OCc4c(F)cccc4F)cccn23)nc1C,Fe2+,Cc1nnc(-c2c(C)nc3c(OCc4c(F)cccc4F)cccn23)nc1C.[Fe+2],1.5375757
TRZ00720,Cc1nnc(-c2cc(-c3ccc(OCC(C)C)c(C#N)c3)n[nH]c2=O)nc1C,Fe2+,Cc1nnc(-c2cc(-c3ccc(OCC(C)C)c(C#N)c3)n[nH]c2=O)nc1C.[Fe+2],1.5347481
TRZ03834,Cc1nnc(-c2cccnc2Oc2ccc(F)cc2)nc1C,Fe2+,Cc1nnc(-c2cccnc2Oc2ccc(F)cc2)nc1C.[Fe+2],1.5271802
TRZ05024,Cc1nnc(-c2cc3c(nn2)N(C)CCN3Cc2c(F)ccc(F)c2C)nc1C,Fe2+,Cc1nnc(-c2cc3c(nn2)N(C)CCN3Cc2c(F)ccc(F)c2C)nc1C.[Fe+2],1.5242662
TRZ03844,Cc1nnc(-c2cccc(Oc3ccc(N(C)C)c(C(F)(F)F)c3)n2)nc1C,Fe2+,Cc1nnc(-c2cccc(Oc3ccc(N(C)C)c(C(F)(F)F)c3)n2)nc1C.[Fe+2],1.5239053
TRZ00122,COc1cccc2[nH]c(-c3nnc(C)c(C)n3)c(N)c12,Fe2+,COc1cccc2[nH]c(-c3nnc(C)c(C)n3)c(N)c12.[Fe+2],1.522831
TRZ03350,Cc1nnc(-c2cn(C)c(=O)c(C)c2Nc2ccc(Br)cc2F)nc1C,Fe2+,Cc1nnc(-c2cn(C)c(=O)c(C)c2Nc2ccc(Br)cc2F)nc1C.[Fe+2],1.5208821
TRZ00568,Cc1nnc(-c2csc3nc(CN4CCOCC4)c(-c4ccc(Br)cc4)n23)nc1C,Fe2+,Cc1nnc(-c2csc3nc(CN4CCOCC4)c(-c4ccc(Br)cc4)n23)nc1C.[Fe+2],1.5141292
TRZ01055,COCCNc1ccc(-c2cc(-c3ccccc3)nc(-c3nnc(C)c(C)n3)n2)cn1,Fe2+,COCCNc1ccc(-c2cc(-c3ccccc3)nc(-c3nnc(C)c(C)n3)n2)cn1.[Fe+2],1.5135722
TRZ04288,Cc1nnc(-c2cn(CC(F)(F)F)nc2N2CCOCC2)nc1C,Fe2+,Cc1nnc(-c2cn(CC(F)(F)F)nc2N2CCOCC2)nc1C.[Fe+2],1.5117879
TRZ02153,CCOc1ccc(-c2nnc(C)c(C)n2)c(O)c1,Fe2+,CCOc1ccc(-c2nnc(C)c(C)n2)c(O)c1.[Fe+2],1.5104861
TRZ04108,Cc1nnc(-c2c(C=O)nn(-c3ccc(F)cc3)c2-c2ccccn2)nc1C,Fe2+,Cc1nnc(-c2c(C=O)nn(-c3ccc(F)cc3)c2-c2ccccn2)nc1C.[Fe+2],1.5097265
TRZ03730,Cc1nnc(-c2nn(Cc3ccc(Cl)cc3F)c3cc(S(C)(=O)=O)ccc23)nc1C,Fe2+,Cc1nnc(-c2nn(Cc3ccc(Cl)cc3F)c3cc(S(C)(=O)=O)ccc23)nc1C.[Fe+2],1.5093474
TRZ01966,Cc1nnc(-c2c(O)ccc3ccccc23)nc1C,Fe2+,Cc1nnc(-c2c(O)ccc3ccccc23)nc1C.[Fe+2],1.5089345
TRZ01535,Cc1nnc(CS(=O)(=O)c2ccc(C(F)(F)F)cn2)nc1C,Fe2+,Cc1nnc(CS(=O)(=O)c2ccc(C(F)(F)F)cn2)nc1C.[Fe+2],1.5083413
TRZ03334,Cc1nnc(-c2cnn(-c3ccc(F)cc3)c2)nc1C,Fe2+,Cc1nnc(-c2cnn(-c3ccc(F)cc3)c2)nc1C.[Fe+2],1.5057955
TRZ02992,Cc1nnc(C2=Nc3cccc(Br)c3C(c3ccccc3F)=NC2)nc1C,Fe2+,Cc1nnc(C2=Nc3cccc(Br)c3C(c3ccccc3F)=NC2)nc1C.[Fe+2],1.5047674
TRZ01855,Cc1nnc(-c2cc3c(F)cccc3[nH]2)nc1C,Fe2+,Cc1nnc(-c2cc3c(F)cccc3[nH]2)nc1C.[Fe+2],1.5026789
TRZ04090,Cc1nnc(-c2cn(Cc3c(F)cccc3F)nn2)nc1C,Fe2+,Cc1nnc(-c2cn(Cc3c(F)cccc3F)nn2)nc1C.[Fe+2],1.5026126
TRZ00369,COc1ccc(-c2c(CN3CCOCC3)nc3scc(-c4nnc(C)c(C)n4)n23)cc1,Fe2+,COc1ccc(-c2c(CN3CCOCC3)nc3scc(-c4nnc(C)c(C)n4)n23)cc1.[Fe+2],1.5024633
TRZ01777,Cc1nnc(-c2nc(-c3ccc(C(F)(F)F)nc3)cc(-c3ccc4[nH]ncc4c3)n2)nc1C,Fe2+,Cc1nnc(-c2nc(-c3ccc(C(F)(F)F)nc3)cc(-c3ccc4[nH]ncc4c3)n2)nc1C.[Fe+2],1.4973879
TRZ01364,Cc1nnc(COc2ccc(C(=O)c3cc4cccnc4nc3-c3ccccc3)cc2)nc1C,Fe2+,Cc1nnc(COc2ccc(C(=O)c3cc4cccnc4nc3-c3ccccc3)cc2)nc1C.[Fe+2],1.4938078
TRZ01605,Cc1nnc(CN2Cc3c(Cl)cccc3NC2=O)nc1C,Fe2+,Cc1nnc(CN2Cc3c(Cl)cccc3NC2=O)nc1C.[Fe+2],1.4934702
TRZ02638,Cc1ccc(-c2nnc(C)c(C)n2)cn1,Fe2+,Cc1ccc(-c2nnc(C)c(C)n2)cn1.[Fe+2],1.4924126
TRZ02727,Cc1nnc([C@@H](N)Cc2c[nH]c3ccccc23)nc1C,Fe2+,Cc1nnc([C@@H](N)Cc2c[nH]c3ccccc23)nc1C.[Fe+2],1.4917011
TRZ00969,Cc1nnc([C@H](Cc2cnc[nH]2)NC(=O)[C@@H](N)CC(C)C)nc1C,Fe2+,Cc1nnc([C@H](Cc2cnc[nH]2)NC(=O)[C@@H](N)CC(C)C)nc1C.[Fe+2],1.4898667
TRZ02441,Cc1ccc(N)c(C(NCc2nnc(C)c(C)n2)c2ccccc2)c1,Fe2+,Cc1ccc(N)c(C(NCc2nnc(C)c(C)n2)c2ccccc2)c1.[Fe+2],1.4715691
TRZ02481,Cc1nnc(CC2=Nn3c(nnc3-c3ccc(Cl)cc3)SC2)nc1C,Fe2+,Cc1nnc(CC2=Nn3c(nnc3-c3ccc(Cl)cc3)SC2)nc1C.[Fe+2],1.4711938
TRZ03120,Cc1nnc(C(C)(Cc2ccc(F)cc2)NC(=O)OC(C)(C)C)nc1C,Fe2+,Cc1nnc(C(C)(Cc2ccc(F)cc2)NC(=O)OC(C)(C)C)nc1C.[Fe+2],1.4699621
TRZ05825,Cc1nnc(C(=Cn2cnc(-c3cc(C(F)(F)F)cc(C(F)(F)F)c3)n2)c2cnccn2)nc1C,Fe2+,Cc1nnc(C(=Cn2cnc(-c3cc(C(F)(F)F)cc(C(F)(F)F)c3)n2)c2cnccn2)nc1C.[Fe+2],1.4692054
TRZ00854,Cc1nnc(-c2ccc3nccn3c2)nc1C,Fe2+,Cc1nnc(-c2ccc3nccn3c2)nc1C.[Fe+2],1.4690108
TRZ01740,Cc1nnc(Cn2cncc2-c2ccc3c(c2)OCO3)nc1C,Fe2+,Cc1nnc(Cn2cncc2-c2ccc3c(c2)OCO3)nc1C.[Fe+2],1.4679441
TRZ03271,Cc1cnc(-c2nnc(C)c(C)n2)c(NS(=O)(=O)c2ccc(Cl)c(C(F)(F)F)c2)c1,Fe2+,Cc1cnc(-c2nnc(C)c(C)n2)c(NS(=O)(=O)c2ccc(Cl)c(C(F)(F)F)c2)c1.[Fe+2],1.46628
TRZ03297,Cc1nnc(-c2nn(-c3cccc(C(F)(F)F)c3)ccc2=O)nc1C,Fe2+,Cc1nnc(-c2nn(-c3cccc(C(F)(F)F)c3)ccc2=O)nc1C.[Fe+2],1.4637609
TRZ02380,COc1cccc(Oc2ccc(OC)cc2-c2nnc(C)c(C)n2)c1,Fe2+,COc1cccc(Oc2ccc(OC)cc2-c2nnc(C)c(C)n2)c1.[Fe+2],1.4626203
TRZ03810,Cc1nnc(Cn2nc(-c3ccc(Cl)cc3)n(CC(O)C(F)(F)F)c2=O)nc1C,Fe2+,Cc1nnc(Cn2nc(-c3ccc(Cl)cc3)n(CC(O)C(F)(F)F)c2=O)nc1C.[Fe+2],1.4596009
TRZ05188,Cc1nnc(-c2cnc(NC3(c4ccc(F)c(F)c4)CC3)nc2C(=O)C(F)F)nc1C,Fe2+,Cc1nnc(-c2cnc(NC3(c4ccc(F)c(F)c4)CC3)nc2C(=O)C(F)F)nc1C.[Fe+2],1.456347
TRZ02869,Cc1nnc(-c2ccccc2Nc2ccc(F)cc2)nc1C,Fe2+,Cc1nnc(-c2ccccc2Nc2ccc(F)cc2)nc1C.[Fe+2],1.4550223
TRZ05754,Cc1nnc(-c2ccc(N3CCC(C#N)(Oc4cc(F)ccc4Cl)CC3)nn2)nc1C,Fe2+,Cc1nnc(-c2ccc(N3CCC(C#N)(Oc4cc(F)ccc4Cl)CC3)nn2)nc1C.[Fe+2],1.4477444
TRZ01090,Cc1nnc(Cn2c(=S)[nH]c3ccccc32)nc1C,Fe2+,Cc1nnc(Cn2c(=S)[nH]c3ccccc32)nc1C.[Fe+2],1.4439197
TRZ00472,Cc1nnc(COc2nc(-c3cccs3)nc3ccc(I)cc23)nc1C,Fe2+,Cc1nnc(COc2nc(-c3cccs3)nc3ccc(I)cc23)nc1C.[Fe+2],1.4407992
TRZ01808,Cc1nnc(-c2sc3c(c2N)c(=O)oc2ccccc23)nc1C,Fe2+,Cc1nnc(-c2sc3c(c2N)c(=O)oc2ccccc23)nc1C.[Fe+2],1.4395833
TRZ02661,Cc1nnc(-c2cccnc2Nc2ccccc2)nc1C,Fe2+,Cc1nnc(-c2cccnc2Nc2ccccc2)nc1C.[Fe+2],1.4394183
TRZ01347,Cc1ccc(Oc2cc(SCc3nnc(C)c(C)n3)ncn2)cc1,Fe2+,Cc1ccc(Oc2cc(SCc3nnc(C)c(C)n3)ncn2)cc1.[Fe+2],1.4335437
TRZ04145,Cc1cc(OCc2c(F)cccc2F)c2nc(C)c(-c3nnc(C)c(C)n3)n2c1,Fe2+,Cc1cc(OCc2c(F)cccc2F)c2nc(C)c(-c3nnc(C)c(C)n3)n2c1.[Fe+2],1.4275236
TRZ00716,Cc1nnc(-c2cc(-c3c[nH]c4ccccc34)nn2Cc2ccc(F)cc2)nc1C,Fe2+,Cc1nnc(-c2cc(-c3c[nH]c4ccccc34)nn2Cc2ccc(F)cc2)nc1C.[Fe+2],1.4263973
TRZ01661,C#CCn1cc(-c2nnc(C)c(C)n2)c(=O)c2ccc(C(F)(F)F)cc21,Fe2+,C#CCn1cc(-c2nnc(C)c(C)n2)c(=O)c2ccc(C(F)(F)F)cc21.[Fe+2],1.4219875
TRZ01001,Cc1nnc(-c2nc(N)nc(Nc3ccc(Cl)cc3)n2)nc1C,Fe2+,Cc1nnc(-c2nc(N)nc(Nc3ccc(Cl)cc3)n2)nc1C.[Fe+2],1.4187694
TRZ00270,Cc1nnc(CSc2ncc(-c3ccccc3)[nH]2)nc1C,Fe2+,Cc1nnc(CSc2ncc(-c3ccccc3)[nH]2)nc1C.[Fe+2],1.4186535
TRZ02046,Cc1nnc(CC2CSC(N3N=C(c4ccccc4)CC3c3c(F)cccc3F)=N2)nc1C,Fe2+,Cc1nnc(CC2CSC(N3N=C(c4ccccc4)CC3c3c(F)cccc3F)=N2)nc1C.[Fe+2],1.4163847
TRZ00561,Cc1nnc(C(C)NC(=O)c2ccccc2N)nc1C,Fe2+,Cc1nnc(C(C)NC(=O)c2ccccc2N)nc1C.[Fe+2],1.4162245
TRZ01453,Cc1nnc(-c2cnn(-c3ccccc3)c2C)nc1C,Fe2+,Cc1nnc(-c2cnn(-c3ccccc3)c2C)nc1C.[Fe+2],1.4162116
TRZ04037,Cc1nnc(/C(=C/n2cnc(-c3cc(C(F)(F)F)cc(C(F)(F)F)c3)n2)c2cnccn2)nc1C,Fe2+,Cc1nnc(/C(=C/n2cnc(-c3cc(C(F)(F)F)cc(C(F)(F)F)c3)n2)c2cnccn2)nc1C.[Fe+2],1.4157782
TRZ00977,Cc1nnc(-c2cn(COCCO)c3ccc(Cl)cc3c2=O)nc1C,Fe2+,Cc1nnc(-c2cn(COCCO)c3ccc(Cl)cc3c2=O)nc1C.[Fe+2],1.4147925
TRZ00558,Cc1nnc(CSc2nc3ccccc3c(=O)n2CCc2ccccn2)nc1C,Fe2+,Cc1nnc(CSc2nc3ccccc3c(=O)n2CCc2ccccn2)nc1C.[Fe+2],1.4137521
TRZ01054,COCCNc1ccc(-c2cc(-c3cccc(F)c3)nc(-c3nnc(C)c(C)n3)n2)cn1,Fe2+,COCCNc1ccc(-c2cc(-c3cccc(F)c3)nc(-c3nnc(C)c(C)n3)n2)cn1.[Fe+2],1.4107947
TRZ02613,Cc1nnc(-c2cncc(O)c2)nc1C,Fe2+,Cc1nnc(-c2cncc(O)c2)nc1C.[Fe+2],1.4102826
TRZ01697,Cc1nnc(-c2n[nH]c(=O)c3nc(-c4ccccc4)ncc23)nc1C,Fe2+,Cc1nnc(-c2n[nH]c(=O)c3nc(-c4ccccc4)ncc23)nc1C.[Fe+2],1.4030886
TRZ01742,CCCOc1ccc2cc(-c3nnc(C)c(C)n3)c(=O)oc2c1,Fe2+,CCCOc1ccc2cc(-c3nnc(C)c(C)n3)c(=O)oc2c1.[Fe+2],1.4027658
TRZ04906,Cc1nnc(-c2cn3ccnc3c(Cc3ccccc3F)n2)nc1C,Fe2+,Cc1nnc(-c2cn3ccnc3c(Cc3ccccc3F)n2)nc1C.[Fe+2],1.3976388
TRZ04852,Cc1nnc(CCn2c(=O)n(Cc3ccccc3F)c(=O)c3[nH]cnc32)nc1C,Fe2+,Cc1nnc(CCn2c(=O)n(Cc3ccccc3F)c(=O)c3[nH]cnc32)nc1C.[Fe+2],1.3943315
TRZ00833,Cc1nnc(-c2ccc(CS(=O)(=O)c3ccccc3)o2)nc1C,Fe2+,Cc1nnc(-c2ccc(CS(=O)(=O)c3ccccc3)o2)nc1C.[Fe+2],1.3916078
TRZ00102,Cc1nnc(-c2ccccc2S(N)(=O)=O)nc1C,Fe2+,Cc1nnc(-c2ccccc2S(N)(=O)=O)nc1C.[Fe+2],1.3899674
TRZ02862,COc1c(N2CC3CCCNC3C2)c(F)cc2c(=O)c(-c3nnc(C)c(C)n3)cn(C3CC3)c12,Fe2+,COc1c(N2CC3CCCNC3C2)c(F)cc2c(=O)c(-c3nnc(C)c(C)n3)cn(C3CC3)c12.[Fe+2],1.3884568
TRZ00249,Cc1nnc(/C(=C\c2ccco2)NC(=O)c2ccco2)nc1C,Fe2+,Cc1nnc(/C(=C\c2ccco2)NC(=O)c2ccco2)nc1C.[Fe+2],1.3875957
TRZ00570,Cc1ccc(-c2c(CN3CCOCC3)nc3scc(-c4nnc(C)c(C)n4)n23)cc1,Fe2+,Cc1ccc(-c2c(CN3CCOCC3)nc3scc(-c4nnc(C)c(C)n4)n23)cc1.[Fe+2],1.3869324
TRZ04174,Cc1nnc(Cc2cc(NC(=O)O)n(-c3ccc(F)cc3)n2)nc1C,Fe2+,Cc1nnc(Cc2cc(NC(=O)O)n(-c3ccc(F)cc3)n2)nc1C.[Fe+2],1.3866277
TRZ05542,Cc1nnc(-c2cccnc2Nc2ccc(OC(F)(F)Cl)cc2)nc1C,Fe2+,Cc1nnc(-c2cccnc2Nc2ccc(OC(F)(F)Cl)cc2)nc1C.[Fe+2],1.3850532
TRZ02825,Cc1nnc(-c2c(N)n[nH]c2-c2ccc(F)cc2)nc1C,Fe2+,Cc1nnc(-c2c(N)n[nH]c2-c2ccc(F)cc2)nc1C.[Fe+2],1.3830576
TRZ04620,Cc1nnc(-c2ccccc2Nc2ccc(C(F)(F)F)cc2)nc1C,Fe2+,Cc1nnc(-c2ccccc2Nc2ccc(C(F)(F)F)cc2)nc1C.[Fe+2],1.3802805
TRZ02021,Cc1nnc(-c2c(O)c3ccccc3[nH]c2=O)nc1C,Fe2+,Cc1nnc(-c2c(O)c3ccccc3[nH]c2=O)nc1C.[Fe+2],1.3788352
TRZ02961,Cc1nnc(-c2cc(F)ccc2O)nc1C,Fe2+,Cc1nnc(-c2cc(F)ccc2O)nc1C.[Fe+2],1.3775353
TRZ02844,Cc1nnc(-c2ccccc2Nc2ccnc(C(F)(F)F)c2)nc1C,Fe2+,Cc1nnc(-c2ccccc2Nc2ccnc(C(F)(F)F)c2)nc1C.[Fe+2],1.375052
TRZ00606,Cc1nnc(-c2cnn(-c3ccccc3)c2-n2c(C)ccc2C)nc1C,Fe2+,Cc1nnc(-c2cnn(-c3ccccc3)c2-n2c(C)ccc2C)nc1C.[Fe+2],1.3726645
TRZ01468,Cc1nnc(C(N)c2ccccc2)nc1C,Fe2+,Cc1nnc(C(N)c2ccccc2)nc1C.[Fe+2],1.3712463
TRZ01099,Cc1ccc(N2CCn3c2nnc(-c2nnc(C)c(C)n2)c3=O)cc1,Fe2+,Cc1ccc(N2CCn3c2nnc(-c2nnc(C)c(C)n2)c3=O)cc1.[Fe+2],1.3642406
TRZ05355,Cc1nnc(-c2cc3c(Br)cccc3n2CC(F)(F)F)nc1C,Fe2+,Cc1nnc(-c2cc3c(Br)cccc3n2CC(F)(F)F)nc1C.[Fe+2],1.3613663
TRZ03749,Cc1nnc(C2C(=O)Nc3ccc(Br)c(-c4cccc(F)c4)c32)nc1C,Fe2+,Cc1nnc(C2C(=O)Nc3ccc(Br)c(-c4cccc(F)c4)c32)nc1C.[Fe+2],1.3528161
TRZ02848,Cc1ccc2nc(SCc3nnc(C)c(C)n3)n(Cc3ccccc3)c(=O)c2c1,Fe2+,Cc1ccc2nc(SCc3nnc(C)c(C)n3)n(Cc3ccccc3)c(=O)c2c1.[Fe+2],1.3524852
TRZ00641,Cc1nnc(-c2[nH]c3ccc([N+](=O)[O-])cc3c2C)nc1C,Fe2+,Cc1nnc(-c2[nH]c3ccc([N+](=O)[O-])cc3c2C)nc1C.[Fe+2],1.3503981
TRZ03119,Cc1nnc(C(C)(Cc2ccc(F)cc2)N(C(=O)O)C(C)(C)C)nc1C,Fe2+,Cc1nnc(C(C)(Cc2ccc(F)cc2)N(C(=O)O)C(C)(C)C)nc1C.[Fe+2],1.3503056
TRZ00794,Cc1ncccc1-c1cnc(NCc2c(F)ccc3c2CCO3)n2cnc(-c3nnc(C)c(C)n3)c12,Fe2+,Cc1ncccc1-c1cnc(NCc2c(F)ccc3c2CCO3)n2cnc(-c3nnc(C)c(C)n3)c12.[Fe+2],1.3485203
TRZ05154,COc1c(N2CCN(C)C(C)C2)c(F)cc2c(=O)c(-c3nnc(C)c(C)n3)cn(C3CC3)c12,Fe2+,COc1c(N2CCN(C)C(C)C2)c(F)cc2c(=O)c(-c3nnc(C)c(C)n3)cn(C3CC3)c12.[Fe+2],1.3484015
TRZ02453,Cc1nnc(-c2cnc(C3CCCC3)[nH]2)nc1C,Fe2+,Cc1nnc(-c2cnc(C3CCCC3)[nH]2)nc1C.[Fe+2],1.3453703
TRZ02834,Cc1nnc(COc2ccc3c(c2)O/C(=C\c2c(F)cccc2Cl)C3=O)nc1C,Fe2+,Cc1nnc(COc2ccc3c(c2)O/C(=C\c2c(F)cccc2Cl)C3=O)nc1C.[Fe+2],1.3438058
TRZ02450,Cc1nnc(C(NC(=O)c2ccc([N+](=O)[O-])cc2)C23CC4CC(CC(C4)C2)C3)nc1C,Fe2+,Cc1nnc(C(NC(=O)c2ccc([N+](=O)[O-])cc2)C23CC4CC(CC(C4)C2)C3)nc1C.[Fe+2],1.3432612
TRZ01730,Cc1nnc(Cn2cncc2-c2ccc(C(C)(C)C)cc2)nc1C,Fe2+,Cc1nnc(Cn2cncc2-c2ccc(C(C)(C)C)cc2)nc1C.[Fe+2],1.341095
TRZ03351,Cc1nnc(-c2cnc3ccc(N4CCC[C@@H]4c4cccc(F)c4)nn23)nc1C,Fe2+,Cc1nnc(-c2cnc3ccc(N4CCC[C@@H]4c4cccc(F)c4)nn23)nc1C.[Fe+2],1.3410802
TRZ01214,Cc1ccc(S(=O)(=O)NCc2nnc(C)c(C)n2)cc1,Fe2+,Cc1ccc(S(=O)(=O)NCc2nnc(C)c(C)n2)cc1.[Fe+2],1.3369975
TRZ05551,Cc1nnc(/C(=C/n2cnc(-c3cc(C4CC4)nc(C(F)(F)F)c3)n2)c2cncnc2)nc1C,Fe2+,Cc1nnc(/C(=C/n2cnc(-c3cc(C4CC4)nc(C(F)(F)F)c3)n2)c2cncnc2)nc1C.[Fe+2],1.3347216
TRZ01721,Cc1nnc(COc2ccc(NC(=O)c3cc(Br)c(Br)[nH]3)cc2)nc1C,Fe2+,Cc1nnc(COc2ccc(NC(=O)c3cc(Br)c(Br)[nH]3)cc2)nc1C.[Fe+2],1.3341436
TRZ00464,Cc1nnc(Cn2c(Cc3ccc(Cl)cc3Cl)nc3ccc([N+](=O)[O-])cc32)nc1C,Fe2+,Cc1nnc(Cn2c(Cc3ccc(Cl)cc3Cl)nc3ccc([N+](=O)[O-])cc32)nc1C.[Fe+2],1.3339105
TRZ00776,Cc1nnc(-c2ccc[n+]([O-])c2)nc1C,Fe2+,Cc1nnc(-c2ccc[n+]([O-])c2)nc1C.[Fe+2],1.3319974
TRZ02990,Cc1nnc(-c2ccc(C(F)(F)F)cc2O)nc1C,Fe2+,Cc1nnc(-c2ccc(C(F)(F)F)cc2O)nc1C.[Fe+2],1.3314052
TRZ02449,COc1ccc(C(=O)NC(c2nnc(C)c(C)n2)C23CC4CC(CC(C4)C2)C3)cc1,Fe2+,COc1ccc(C(=O)NC(c2nnc(C)c(C)n2)C23CC4CC(CC(C4)C2)C3)cc1.[Fe+2],1.3296294
TRZ00412,Cc1nnc(-c2cc3c([nH]c4ccccc43)c(-c3ccccc3)n2)nc1C,Fe2+,Cc1nnc(-c2cc3c([nH]c4ccccc43)c(-c3ccccc3)n2)nc1C.[Fe+2],1.328877
TRZ02133,Cc1nnc(COc2ccccc2O)nc1C,Fe2+,Cc1nnc(COc2ccccc2O)nc1C.[Fe+2],1.3275504
TRZ01348,Cc1nnc(CSc2cc(Oc3ccccc3)ncn2)nc1C,Fe2+,Cc1nnc(CSc2cc(Oc3ccccc3)ncn2)nc1C.[Fe+2],1.3253217
TRZ02405,Cc1cc(-c2nn(C)c(=O)c3ccccc23)cc(C)c1OCc1nnc(C)c(C)n1,Fe2+,Cc1cc(-c2nn(C)c(=O)c3ccccc23)cc(C)c1OCc1nnc(C)c(C)n1.[Fe+2],1.3181572
TRZ03925,Cc1nnc(-c2cnc3ccc(N4CCCC4c4cccc(F)c4)nn23)nc1C,Fe2+,Cc1nnc(-c2cnc3ccc(N4CCCC4c4cccc(F)c4)nn23)nc1C.[Fe+2],1.3172288
TRZ05743,Cc1nnc(-c2cncc(-c3ccc(OC(F)(F)F)nc3)n2)nc1C,Fe2+,Cc1nnc(-c2cncc(-c3ccc(OC(F)(F)F)nc3)n2)nc1C.[Fe+2],1.3170376
TRZ04939,Cc1nnc(-c2ccc(F)cc2N(C(C)(C)C)S(=O)(=O)c2ccccc2)nc1C,Fe2+,Cc1nnc(-c2ccc(F)cc2N(C(C)(C)C)S(=O)(=O)c2ccccc2)nc1C.[Fe+2],1.3165865
TRZ01304,Cc1nnc(Cn2c(C)nc3ccccc3c2=O)nc1C,Fe2+,Cc1nnc(Cn2c(C)nc3ccccc3c2=O)nc1C.[Fe+2],1.3163733
TRZ03806,Cc1nnc(Cn2nc(-c3ccc(Cl)cc3)n(C[C@H](O)C(F)(F)F)c2=O)nc1C,Fe2+,Cc1nnc(Cn2nc(-c3ccc(Cl)cc3)n(C[C@H](O)C(F)(F)F)c2=O)nc1C.[Fe+2],1.3148899
TRZ02497,Cc1nnc(-c2ccc(OCc3ccccc3)cc2O)nc1C,Fe2+,Cc1nnc(-c2ccc(OCc3ccccc3)cc2O)nc1C.[Fe+2],1.3122277
TRZ00183,Cc1nnc(CN2CCCc3ccccc32)nc1C,Fe2+,Cc1nnc(CN2CCCc3ccccc32)nc1C.[Fe+2],1.3090496
TRZ03557,Cc1nnc(Cn2cccc(C(F)(F)F)c2=O)nc1C,Fe2+,Cc1nnc(Cn2cccc(C(F)(F)F)c2=O)nc1C.[Fe+2],1.3082118
TRZ03355,Cc1nnc(Cc2c(-c3ccc(F)cc3)nc3ccc(N4CCCC4)nn23)nc1C,Fe2+,Cc1nnc(Cc2c(-c3ccc(F)cc3)nc3ccc(N4CCCC4)nn23)nc1C.[Fe+2],1.307889
TRZ01102,CCn1cc(-c2nnc(C)c(C)n2)c(=O)c2cc(Cl)ccc21,Fe2+,CCn1cc(-c2nnc(C)c(C)n2)c(=O)c2cc(Cl)ccc21.[Fe+2],1.3048358
TRZ02258,Cc1nnc(-c2nn(C)c(=O)[nH]c2=O)nc1C,Fe2+,Cc1nnc(-c2nn(C)c(=O)[nH]c2=O)nc1C.[Fe+2],1.3044453
TRZ00783,Cc1nnc(-c2ccccc2Nc2ccccc2)nc1C,Fe2+,Cc1nnc(-c2ccccc2Nc2ccccc2)nc1C.[Fe+2],1.304316
TRZ01821,Cc1nnc(-c2c[nH]c3c([N+](=O)[O-])cc(C(F)(F)F)cc3c2=O)nc1C,Fe2+,Cc1nnc(-c2c[nH]c3c([N+](=O)[O-])cc(C(F)(F)F)cc3c2=O)nc1C.[Fe+2],1.3040433
TRZ02185,Cc1nnc(C2CN(Cc3ccccc3)CC(C)O2)nc1C,Fe2+,Cc1nnc(C2CN(Cc3ccccc3)CC(C)O2)nc1C.[Fe+2],1.2998481
TRZ01570,Cc1nnc(-c2cc3c([nH]c4ccccc43)c(-c3ccsc3)n2)nc1C,Fe2+,Cc1nnc(-c2cc3c([nH]c4ccccc43)c(-c3ccsc3)n2)nc1C.[Fe+2],1.2992716
TRZ05793,Cc1nnc(-c2c(-c3ccc(F)cc3)[nH]c3c(F)cccc23)nc1C,Fe2+,Cc1nnc(-c2c(-c3ccc(F)cc3)[nH]c3c(F)cccc23)nc1C.[Fe+2],1.2984185
TRZ00465,CC(=O)N1CCN(c2cc3c(cc2F)c(=O)c(-c2nnc(C)c(C)n2)cn3C2CC2)CC1,Fe2+,CC(=O)N1CCN(c2cc3c(cc2F)c(=O)c(-c2nnc(C)c(C)n2)cn3C2CC2)CC1.[Fe+2],1.2958231
TRZ01392,CC(=O)Nc1ccc(C(=O)N/C(=C\c2ccc3c(c2)OCO3)c2nnc(C)c(C)n2)cc1,Fe2+,CC(=O)Nc1ccc(C(=O)N/C(=C\c2ccc3c(c2)OCO3)c2nnc(C)c(C)n2)cc1.[Fe+2],1.2918367
TRZ01044,COc1ccc(/C(=C(\C#N)c2nnc(C)c(C)n2)n2c(=O)c(=O)[nH]c3ccccc32)cc1,Fe2+,COc1ccc(/C(=C(\C#N)c2nnc(C)c(C)n2)n2c(=O)c(=O)[nH]c3ccccc32)cc1.[Fe+2],1.2891946
TRZ01344,CCN1N=C(c2ccccc2)Cn2c1nc1c2c(=O)n(Cc2nnc(C)c(C)n2)c(=O)n1C,Fe2+,CCN1N=C(c2ccccc2)Cn2c1nc1c2c(=O)n(Cc2nnc(C)c(C)n2)c(=O)n1C.[Fe+2],1.289135
TRZ02772,Cc1nnc(-c2cnc3ncccc3c2)nc1C,Fe2+,Cc1nnc(-c2cnc3ncccc3c2)nc1C.[Fe+2],1.2802105
TRZ02658,Cc1nnc(C2C=C3c4cccc5[nH]cc(c45)CC3N(C)C2)nc1C,Fe2+,Cc1nnc(C2C=C3c4cccc5[nH]cc(c45)CC3N(C)C2)nc1C.[Fe+2],1.2799959
TRZ00619,Cc1nnc(C(C)n2nnc(N3CCOCC3)n2)nc1C,Fe2+,Cc1nnc(C(C)n2nnc(N3CCOCC3)n2)nc1C.[Fe+2],1.2769332
TRZ04874,Cc1nnc(-c2cc3c(cc2Nc2ccc(I)cc2F)OCC3)nc1C,Fe2+,Cc1nnc(-c2cc3c(cc2Nc2ccc(I)cc2F)OCC3)nc1C.[Fe+2],1.2769275
TRZ02790,Cc1nnc(COc2ccc(Br)cc2CN2CCOCC2)nc1C,Fe2+,Cc1nnc(COc2ccc(Br)cc2CN2CCOCC2)nc1C.[Fe+2],1.2750812
TRZ03759,Cc1nnc(CC(C)N(C)S(=O)(=O)c2ccc(C(F)(F)F)cc2Cl)nc1C,Fe2+,Cc1nnc(CC(C)N(C)S(=O)(=O)c2ccc(C(F)(F)F)cc2Cl)nc1C.[Fe+2],1.2745895
TRZ01542,Cc1nnc(CSc2nnc(-c3ccncc3)n2-c2ccccc2)nc1C,Fe2+,Cc1nnc(CSc2nnc(-c3ccncc3)n2-c2ccccc2)nc1C.[Fe+2],1.2737365
TRZ02037,CC(=O)Oc1ccccc1-c1nnc(C)c(C)n1,Fe2+,CC(=O)Oc1ccccc1-c1nnc(C)c(C)n1.[Fe+2],1.2671332
TRZ01403,Cc1nnc(-c2c[nH]c3c(C(F)(F)F)cccc3c2=O)nc1C,Fe2+,Cc1nnc(-c2c[nH]c3c(C(F)(F)F)cccc3c2=O)nc1C.[Fe+2],1.2665954
TRZ00680,Cc1nnc(-c2cc(-c3ccc(Cl)cc3)n[nH]2)nc1C,Fe2+,Cc1nnc(-c2cc(-c3ccc(Cl)cc3)n[nH]2)nc1C.[Fe+2],1.2546964
TRZ05788,Cc1nnc(-c2c(-c3ccc(F)cc3)[nH]c3c(F)c(F)ccc23)nc1C,Fe2+,Cc1nnc(-c2c(-c3ccc(F)cc3)[nH]c3c(F)c(F)ccc23)nc1C.[Fe+2],1.2542758
TRZ05501,Cc1nnc(-c2cncc(-c3ccccc3F)n2)nc1C,Fe2+,Cc1nnc(-c2cncc(-c3ccccc3F)n2)nc1C.[Fe+2],1.2534604
TRZ04246,Cc1nnc(C(C)N=Cc2ccc(F)c(C(F)(F)F)c2)nc1C,Fe2+,Cc1nnc(C(C)N=Cc2ccc(F)c(C(F)(F)F)c2)nc1C.[Fe+2],1.2534137
TRZ01671,Cc1nnc(-c2cc(-c3ccc(Cl)cc3)n(-c3ccccc3)n2)nc1C,Fe2+,Cc1nnc(-c2cc(-c3ccc(Cl)cc3)n(-c3ccccc3)n2)nc1C.[Fe+2],1.2517252
TRZ01324,Cc1nnc(Cn2c(C)nc3ccc(Cl)cc3c2=O)nc1C,Fe2+,Cc1nnc(Cn2c(C)nc3ccc(Cl)cc3c2=O)nc1C.[Fe+2],1.248857
TRZ05417,Cc1nnc(C(=N)C(=O)/C=C\Nc2cccc(C(F)(F)F)c2)nc1C,Fe2+,Cc1nnc(C(=N)C(=O)/C=C\Nc2cccc(C(F)(F)F)c2)nc1C.[Fe+2],1.2446842
TRZ05113,Cc1nnc(-c2cn(C)c(=O)cc2-c2ccc(F)cc2)nc1C,Fe2+,Cc1nnc(-c2cn(C)c(=O)cc2-c2ccc(F)cc2)nc1C.[Fe+2],1.2441483
TRZ02883,Cc1nnc(CN2C(=O)CSC2c2ccc(F)cc2)nc1C,Fe2+,Cc1nnc(CN2C(=O)CSC2c2ccc(F)cc2)nc1C.[Fe+2],1.2419939
TRZ00308,Cc1nnc(-c2nc(N(C)C)nc(N(C)C)n2)nc1C,Fe2+,Cc1nnc(-c2nc(N(C)C)nc(N(C)C)n2)nc1C.[Fe+2],1.2397823
TRZ05735,Cc1nnc(-c2cncc(-c3ccc(OC(F)F)nc3)c2)nc1C,Fe2+,Cc1nnc(-c2cncc(-c3ccc(OC(F)F)nc3)c2)nc1C.[Fe+2],1.2370362
TRZ05300,Cc1nnc(-c2cccnc2Nc2ccc(C(F)(F)F)cc2)nc1C,Fe2+,Cc1nnc(-c2cccnc2Nc2ccc(C(F)(F)F)cc2)nc1C.[Fe+2],1.2369256
TRZ00717,CCOc1ccc(-c2cc(-c3nnc(C)c(C)n3)c(=O)[nH]n2)cc1C#N,Fe2+,CCOc1ccc(-c2cc(-c3nnc(C)c(C)n3)c(=O)[nH]n2)cc1C#N.[Fe+2],1.2368398
TRZ01760,Cc1nnc(-c2nc(-c3ccccc3F)cc(-c3ccccc3F)n2)nc1C,Fe2+,Cc1nnc(-c2nc(-c3ccccc3F)cc(-c3ccccc3F)n2)nc1C.[Fe+2],1.2343779
TRZ00939,Cc1nnc(C2CCCn3c2nc2sc4c(c2c3=O)CCCC4)nc1C,Fe2+,Cc1nnc(C2CCCn3c2nc2sc4c(c2c3=O)CCCC4)nc1C.[Fe+2],1.229619
TRZ01041,Cc1nnc(-c2nc(-c3ccc(N)nc3)cc(-c3ccc(C(F)(F)F)nc3)n2)nc1C,Fe2+,Cc1nnc(-c2nc(-c3ccc(N)nc3)cc(-c3ccc(C(F)(F)F)nc3)n2)nc1C.[Fe+2],1.2294393
TRZ03808,Cc1nnc(Cn2nc(-c3ccc(Cl)cc3)n(C[C@@H](O)C(F)(F)F)c2=O)nc1C,Fe2+,Cc1nnc(Cn2nc(-c3ccc(Cl)cc3)n(C[C@@H](O)C(F)(F)F)c2=O)nc1C.[Fe+2],1.2286115
TRZ04476,Cc1nnc(C2(c3ccc(F)cc3)CCCN2O)nc1C,Fe2+,Cc1nnc(C2(c3ccc(F)cc3)CCCN2O)nc1C.[Fe+2],1.2262659
TRZ03488,Cc1nnc(-c2ncnn2Cc2c(-c3ccc(F)cc3)nc3ccc(F)cn23)nc1C,Fe2+,Cc1nnc(-c2ncnn2Cc2c(-c3ccc(F)cc3)nc3ccc(F)cn23)nc1C.[Fe+2],1.2197943
TRZ02853,Cc1nnc(Cn2nc(C)n(/N=C/c3ccncc3)c2=O)nc1C,Fe2+,Cc1nnc(Cn2nc(C)n(/N=C/c3ccncc3)c2=O)nc1C.[Fe+2],1.219296
TRZ00594,Cc1nnc(Cc2c(Sc3ccccc3)c3ccccc3n2C)nc1C,Fe2+,Cc1nnc(Cc2c(Sc3ccccc3)c3ccccc3n2C)nc1C.[Fe+2],1.2158608
TRZ04974,Cc1ccc(C(=N)c2nnc(C)c(C)n2)c(NCc2ccc(F)cc2F)c1,Fe2+,Cc1ccc(C(=N)c2nnc(C)c(C)n2)c(NCc2ccc(F)cc2F)c1.[Fe+2],1.215816
TRZ05887,Cc1nnc(-c2ccc(Cl)nc2C(=O)c2ccccc2F)nc1C,Fe2+,Cc1nnc(-c2ccc(Cl)nc2C(=O)c2ccccc2F)nc1C.[Fe+2],1.2147512
TRZ02114,Cc1nnc(-c2[nH]c3ccccc3c2Cl)nc1C,Fe2+,Cc1nnc(-c2[nH]c3ccccc3c2Cl)nc1C.[Fe+2],1.2118473
TRZ01065,Cc1nnc(-c2nc(-c3ccccc3)cc(N3CCc4cccnc4C3)n2)nc1C,Fe2+,Cc1nnc(-c2nc(-c3ccccc3)cc(N3CCc4cccnc4C3)n2)nc1C.[Fe+2],1.20538
TRZ05148,CCC(=O)NN=C(c1cccc(C(F)(F)F)c1)c1nnc(C)c(C)n1,Fe2+,CCC(=O)NN=C(c1cccc(C(F)(F)F)c1)c1nnc(C)c(C)n1.[Fe+2],1.2025781
TRZ00759,Cc1nnc(-c2cc(=O)[nH]c(=O)[nH]2)nc1C,Fe2+,Cc1nnc(-c2cc(=O)[nH]c(=O)[nH]2)nc1C.[Fe+2],1.197339
TRZ05886,Cc1nnc(C(=Cc2cccc(F)c2)O/N=C\C(CC(C)(C)C)n2cncn2)nc1C,Fe2+,Cc1nnc(C(=Cc2cccc(F)c2)O/N=C\C(CC(C)(C)C)n2cncn2)nc1C.[Fe+2],1.1964264
TRZ00658,Cc1nnc(CSc2c(-c3cccs3)[nH]c3ccccc23)nc1C,Fe2+,Cc1nnc(CSc2c(-c3cccs3)[nH]c3ccccc23)nc1C.[Fe+2],1.19525
TRZ01199,Cc1nnc(-c2cc3c(cn2)[nH]c2ccccc23)nc1C,Fe2+,Cc1nnc(-c2cc3c(cn2)[nH]c2ccccc23)nc1C.[Fe+2],1.1894646
TRZ01678,Cc1nnc(Cn2c(-c3ccco3)nc3ccccc32)nc1C,Fe2+,Cc1nnc(Cn2c(-c3ccco3)nc3ccccc32)nc1C.[Fe+2],1.1893096
TRZ02863,Cc1nnc(CSc2nc3ccc(F)cc3c(=O)n2-c2ccccc2)nc1C,Fe2+,Cc1nnc(CSc2nc3ccc(F)cc3c(=O)n2-c2ccccc2)nc1C.[Fe+2],1.1871367
TRZ01305,Cc1nnc(CN2Cc3ccccc3OC2=O)nc1C,Fe2+,Cc1nnc(CN2Cc3ccccc3OC2=O)nc1C.[Fe+2],1.1869259
TRZ01666,Cc1nnc(-c2cn(Cc3ccc(C#N)cc3)c3c(C(F)(F)F)cccc3c2=O)nc1C,Fe2+,Cc1nnc(-c2cn(Cc3ccc(C#N)cc3)c3c(C(F)(F)F)cccc3c2=O)nc1C.[Fe+2],1.1845093
TRZ04133,Cc1nnc(C(N)c2ccc(F)cc2)nc1C,Fe2+,Cc1nnc(C(N)c2ccc(F)cc2)nc1C.[Fe+2],1.1798854
TRZ04156,Cc1nnc(-c2cccc(O)c2-n2cc(C(F)(F)F)cn2)nc1C,Fe2+,Cc1nnc(-c2cccc(O)c2-n2cc(C(F)(F)F)cn2)nc1C.[Fe+2],1.1783571
TRZ01192,Cc1ccc2c(c1)C1(OCCCO1)C(=O)N2Cc1nnc(C)c(C)n1,Fe2+,Cc1ccc2c(c1)C1(OCCCO1)C(=O)N2Cc1nnc(C)c(C)n1.[Fe+2],1.1769552
TRZ00569,Cc1nnc(-c2nc(-c3ccc4cccnc4c3)cc(N3Cc4ccccc4C3)n2)nc1C,Fe2+,Cc1nnc(-c2nc(-c3ccc4cccnc4c3)cc(N3Cc4ccccc4C3)n2)nc1C.[Fe+2],1.1753111
TRZ02972,Cc1nnc(Cc2csc(Nc3ccc(Cl)c(C(F)(F)F)c3)n2)nc1C,Fe2+,Cc1nnc(Cc2csc(Nc3ccc(Cl)c(C(F)(F)F)c3)n2)nc1C.[Fe+2],1.1741171
TRZ01578,Cc1nnc(CC(=O)Nc2cccc([N+](=O)[O-])c2)nc1C,Fe2+,Cc1nnc(CC(=O)Nc2cccc([N+](=O)[O-])c2)nc1C.[Fe+2],1.1738563
TRZ01845,Cc1nnc(-c2ccccc2Nc2cccc(C(F)(F)F)c2)nc1C,Fe2+,Cc1nnc(-c2ccccc2Nc2cccc(C(F)(F)F)c2)nc1C.[Fe+2],1.1717081
TRZ05011,Cc1nnc(C(=N)c2ccc(Cl)cc2NCc2ccc(F)cc2F)nc1C,Fe2+,Cc1nnc(C(=N)c2ccc(Cl)cc2NCc2ccc(F)cc2F)nc1C.[Fe+2],1.1707406
TRZ02986,Cc1nnc(C2CC3(NC(=O)NC3=O)c3cc(F)ccc3O2)nc1C,Fe2+,Cc1nnc(C2CC3(NC(=O)NC3=O)c3cc(F)ccc3O2)nc1C.[Fe+2],1.1705418
TRZ02645,Cc1nnc(CS(=O)(=O)c2ccccc2)nc1C,Fe2+,Cc1nnc(CS(=O)(=O)c2ccccc2)nc1C.[Fe+2],1.1695528
TRZ00913,Cc1nnc(CSc2c(-c3ccccc3)c3cc(Cl)ccc3[nH]c2=O)nc1C,Fe2+,Cc1nnc(CSc2c(-c3ccccc3)c3cc(Cl)ccc3[nH]c2=O)nc1C.[Fe+2],1.1666036
TRZ05687,Cc1ccc(F)c(C(C)[C@@H](c2nnc(C)c(C)n2)N2CNc3cc(Cl)ccc3S2(=O)=O)c1C,Fe2+,Cc1ccc(F)c(C(C)[C@@H](c2nnc(C)c(C)n2)N2CNc3cc(Cl)ccc3S2(=O)=O)c1C.[Fe+2],1.1635547
TRZ00243,Cc1cc(O)cc(C)c1C[C@H](N)C(=O)N1Cc2ccccc2C[C@H]1c1nnc(C)c(C)n1,Fe2+,Cc1cc(O)cc(C)c1C[C@H](N)C(=O)N1Cc2ccccc2C[C@H]1c1nnc(C)c(C)n1.[Fe+2],1.1607962
TRZ00699,Cc1nnc(CNc2nc3scc(-c4ccccc4)c3c(=O)n2-c2ccccc2)nc1C,Fe2+,Cc1nnc(CNc2nc3scc(-c4ccccc4)c3c(=O)n2-c2ccccc2)nc1C.[Fe+2],1.1521053
TRZ00784,Cc1nnc(-c2cnc3ccccc3c2)nc1C,Fe2+,Cc1nnc(-c2cnc3ccccc3c2)nc1C.[Fe+2],1.1511531
TRZ00634,Cc1nnc(CSc2nc(-c3ccccc3)cn2-c2ccccc2)nc1C,Fe2+,Cc1nnc(CSc2nc(-c3ccccc3)cn2-c2ccccc2)nc1C.[Fe+2],1.1455965
TRZ02132,Cc1nnc(-c2cc(-c3ccc(OCc4ccccc4Cl)cc3)n[nH]2)nc1C,Fe2+,Cc1nnc(-c2cc(-c3ccc(OCc4ccccc4Cl)cc3)n[nH]2)nc1C.[Fe+2],1.1443825
TRZ02339,COc1ccc(-c2c(C)oc3cc(OCc4nnc(C)c(C)n4)ccc3c2=O)cc1OC,Fe2+,COc1ccc(-c2c(C)oc3cc(OCc4nnc(C)c(C)n4)ccc3c2=O)cc1OC.[Fe+2],1.1372914
TRZ00026,Cc1nnc(-c2ccccc2N)nc1C,Fe2+,Cc1nnc(-c2ccccc2N)nc1C.[Fe+2],1.1366887
TRZ05302,Cc1nnc(CNc2nc(N3CCOCC3)nc3c(C(F)(F)F)cnn23)nc1C,Fe2+,Cc1nnc(CNc2nc(N3CCOCC3)nc3c(C(F)(F)F)cnn23)nc1C.[Fe+2],1.1310134
TRZ00670,Cc1nnc([C@H](Cc2cnc[nH]2)NC(=O)OCc2ccccc2)nc1C,Fe2+,Cc1nnc([C@H](Cc2cnc[nH]2)NC(=O)OCc2ccccc2)nc1C.[Fe+2],1.1300969
TRZ03781,Cc1nnc([C@@](C)(Cc2ccc(F)cc2)NC(=O)OC(C)(C)C)nc1C,Fe2+,Cc1nnc([C@@](C)(Cc2ccc(F)cc2)NC(=O)OC(C)(C)C)nc1C.[Fe+2],1.1290722
TRZ01811,Cc1nnc(-c2csc(N/N=C/c3cccc(Br)c3)n2)nc1C,Fe2+,Cc1nnc(-c2csc(N/N=C/c3cccc(Br)c3)n2)nc1C.[Fe+2],1.1288152
TRZ05555,Cc1nnc(CNc2nc(N3CCOCC3)nn3c(C(F)(F)F)cnc23)nc1C,Fe2+,Cc1nnc(CNc2nc(N3CCOCC3)nn3c(C(F)(F)F)cnc23)nc1C.[Fe+2],1.1248908
TRZ05436,Cc1nnc(-c2ccc(F)cc2NS(=O)(=O)C2C=CC(C(C)(C)C)=CC2)nc1C,Fe2+,Cc1nnc(-c2ccc(F)cc2NS(=O)(=O)C2C=CC(C(C)(C)C)=CC2)nc1C.[Fe+2],1.1196795
TRZ00591,Cc1nnc(CC(=O)Nc2ccc(C(=O)O)cc2)nc1C,Fe2+,Cc1nnc(CC(=O)Nc2ccc(C(=O)O)cc2)nc1C.[Fe+2],1.1185827
TRZ00248,Cc1ccc(-c2cc(-c3nnc(C)c(C)n3)n[nH]2)o1,Fe2+,Cc1ccc(-c2cc(-c3nnc(C)c(C)n3)n[nH]2)o1.[Fe+2],1.1158361
TRZ01298,Cc1nnc(CNc2ccc([N+](=O)[O-])cc2C(=O)c2ccccc2)nc1C,Fe2+,Cc1nnc(CNc2ccc([N+](=O)[O-])cc2C(=O)c2ccccc2)nc1C.[Fe+2],1.1133242
TRZ02006,COc1cccn(Cc2nnc(C)c(C)n2)c1=O,Fe2+,COc1cccn(Cc2nnc(C)c(C)n2)c1=O.[Fe+2],1.1118464
TRZ05087,Cc1nnc(C(=O)NCc2c(F)cccc2F)nc1C,Fe2+,Cc1nnc(C(=O)NCc2c(F)cccc2F)nc1C.[Fe+2],1.1107516
TRZ01986,COc1ccccc1N1CCN(CCc2nnc(C)c(C)n2)CC1,Fe2+,COc1ccccc1N1CCN(CCc2nnc(C)c(C)n2)CC1.[Fe+2],1.1098881
TRZ01133,Cc1nnc(CN(C)c2nc3scc(-c4ccccc4)c3c(=O)n2-c2ccccc2)nc1C,Fe2+,Cc1nnc(CN(C)c2nc3scc(-c4ccccc4)c3c(=O)n2-c2ccccc2)nc1C.[Fe+2],1.1088972
TRZ00774,Cc1nnc(C2Cc3c([nH]c4ccccc34)CN2)nc1C,Fe2+,Cc1nnc(C2Cc3c([nH]c4ccccc34)CN2)nc1C.[Fe+2],1.1080508
TRZ03757,Cc1nnc(-c2cc(C(=O)O)c(=O)n(-c3cccc(C(F)(F)F)c3)c2C)nc1C,Fe2+,Cc1nnc(-c2cc(C(=O)O)c(=O)n(-c3cccc(C(F)(F)F)c3)c2C)nc1C.[Fe+2],1.1078191
TRZ01297,COc1ccc2nc(NC(=O)c3nnc(C)c(C)n3)sc2c1,Fe2+,COc1ccc2nc(NC(=O)c3nnc(C)c(C)n3)sc2c1.[Fe+2],1.1065178
TRZ02580,Cc1nnc(-c2cnn(-c3ccccc3)n2)nc1C,Fe2+,Cc1nnc(-c2cnn(-c3ccccc3)n2)nc1C.[Fe+2],1.1054659
TRZ01614,Cc1nnc(-c2cc(-c3ccc(Cl)cc3)nn2Cc2ccc(Cl)nc2)nc1C,Fe2+,Cc1nnc(-c2cc(-c3ccc(Cl)cc3)nn2Cc2ccc(Cl)nc2)nc1C.[Fe+2],1.1043301
TRZ00888,Cc1nnc(CS(=O)(=O)Nc2ncccn2)nc1C,Fe2+,Cc1nnc(CS(=O)(=O)Nc2ncccn2)nc1C.[Fe+2],1.1013293
TRZ03996,Cc1nnc(C2=CC=CS2=C(CC(=O)c2cccs2)C(F)(F)F)nc1C,Fe2+,Cc1nnc(C2=CC=CS2=C(CC(=O)c2cccs2)C(F)(F)F)nc1C.[Fe+2],1.0968266
TRZ02259,Cc1nnc(C(Cc2ccc(O)cc2)NC(=O)OCc2ccccc2)nc1C,Fe2+,Cc1nnc(C(Cc2ccc(O)cc2)NC(=O)OCc2ccccc2)nc1C.[Fe+2],1.0967603
TRZ00657,Cc1nnc(-c2nc[nH]c2C(=O)Nc2ccc(Cl)cc2C(=O)c2ccccc2)nc1C,Fe2+,Cc1nnc(-c2nc[nH]c2C(=O)Nc2ccc(Cl)cc2C(=O)c2ccccc2)nc1C.[Fe+2],1.0960875
TRZ01335,COc1ccc(Nc2ncccc2-c2nnc(C)c(C)n2)cc1,Fe2+,COc1ccc(Nc2ncccc2-c2nnc(C)c(C)n2)cc1.[Fe+2],1.0952492
TRZ02189,COc1ccc(NC(=O)C(=O)O)cc1-c1nnc(C)c(C)n1,Fe2+,COc1ccc(NC(=O)C(=O)O)cc1-c1nnc(C)c(C)n1.[Fe+2],1.0952435
TRZ02226,Cc1nnc(-c2ccc(-n3nc(-c4ccccc4)cc3C(F)(F)F)nc2)nc1C,Fe2+,Cc1nnc(-c2ccc(-n3nc(-c4ccccc4)cc3C(F)(F)F)nc2)nc1C.[Fe+2],1.0889654
TRZ03367,Cc1ccc(-c2nnc(C)c(C)n2)c(NC(=O)c2cc(C(F)(F)F)nn2-c2ncccc2Cl)c1,Fe2+,Cc1ccc(-c2nnc(C)c(C)n2)c(NC(=O)c2cc(C(F)(F)F)nn2-c2ncccc2Cl)c1.[Fe+2],1.0886698
TRZ00135,Cc1nnc(-c2[nH]c3ccc(Cl)cc3c2S(=O)(=O)c2ccc(Cl)cc2)nc1C,Fe2+,Cc1nnc(-c2[nH]c3ccc(Cl)cc3c2S(=O)(=O)c2ccc(Cl)cc2)nc1C.[Fe+2],1.088592
TRZ02118,CCn1cc(-c2nnc(C)c(C)n2)c(=O)c2ccc(-c3ccccc3)cc21,Fe2+,CCn1cc(-c2nnc(C)c(C)n2)c(=O)c2ccc(-c3ccccc3)cc21.[Fe+2],1.088469
TRZ03238,Cc1nnc(-c2cc3c(ncn3C)c(F)c2Nc2ccc(I)cc2F)nc1C,Fe2+,Cc1nnc(-c2cc3c(ncn3C)c(F)c2Nc2ccc(I)cc2F)nc1C.[Fe+2],1.0869007
TRZ02108,Cc1nnc(-c2cnc3[nH]nc(N4C[C@@H](F)C[C@@H]4c4cc(F)ccc4F)c3c2)nc1C,Fe2+,Cc1nnc(-c2cnc3[nH]nc(N4C[C@@H](F)C[C@@H]4c4cc(F)ccc4F)c3c2)nc1C.[Fe+2],1.0854325
TRZ00008,Cc1nnc(CN2C(=O)CN=C(c3ccccc3)c3cc(Br)ccc32)nc1C,Fe2+,Cc1nnc(CN2C(=O)CN=C(c3ccccc3)c3cc(Br)ccc32)nc1C.[Fe+2],1.0829744
TRZ00108,Cc1nnc(-c2nc[nH]c2C(=O)Nc2ccccn2)nc1C,Fe2+,Cc1nnc(-c2nc[nH]c2C(=O)Nc2ccccn2)nc1C.[Fe+2],1.0829372
TRZ04161,Cc1cc(Nc2cc(C(F)(F)F)ccn2)nc(-c2nnc(C)c(C)n2)c1,Fe2+,Cc1cc(Nc2cc(C(F)(F)F)ccn2)nc(-c2nnc(C)c(C)n2)c1.[Fe+2],1.0827103
TRZ01327,Cc1nnc(Cn2c(C)nc3c(Cl)cc(Cl)cc3c2=O)nc1C,Fe2+,Cc1nnc(Cn2c(C)nc3c(Cl)cc(Cl)cc3c2=O)nc1C.[Fe+2],1.0812535
TRZ05301,Cc1nnc(C2(C)CCCN(C(=O)c3ccccc3Nc3ccc(C(F)(F)F)cc3)C2=O)nc1C,Fe2+,Cc1nnc(C2(C)CCCN(C(=O)c3ccccc3Nc3ccc(C(F)(F)F)cc3)C2=O)nc1C.[Fe+2],1.080442
TRZ02601,Cc1ccc(Nc2n[nH]nc2-c2nnc(C)c(C)n2)cc1,Fe2+,Cc1ccc(Nc2n[nH]nc2-c2nnc(C)c(C)n2)cc1.[Fe+2],1.0794697
TRZ05259,Cc1nnc(C(F)(F)C(C)(O)c2cccc(NC(=O)OC(C)(C)C)c2)nc1C,Fe2+,Cc1nnc(C(F)(F)C(C)(O)c2cccc(NC(=O)OC(C)(C)C)c2)nc1C.[Fe+2],1.0784879
TRZ01189,Cc1nnc(Cn2cc(F)c(=O)[nH]c2=O)nc1C,Fe2+,Cc1nnc(Cn2cc(F)c(=O)[nH]c2=O)nc1C.[Fe+2],1.0771747
TRZ03733,Cc1nnc(-c2nn(Cc3ccc(F)cc3F)c3cc(S(C)(=O)=O)ccc23)nc1C,Fe2+,Cc1nnc(-c2nn(Cc3ccc(F)cc3F)c3cc(S(C)(=O)=O)ccc23)nc1C.[Fe+2],1.0752482
TRZ05025,Cc1nnc(Cn2nc(-c3ccc(Cl)cc3)n(CCC(C)(F)F)c2=O)nc1C,Fe2+,Cc1nnc(Cn2nc(-c3ccc(Cl)cc3)n(CCC(C)(F)F)c2=O)nc1C.[Fe+2],1.0744762
TRZ04878,Cc1nnc(-c2cc3c([nH]c4ccccc43)c(-c3ccc(F)cc3)n2)nc1C,Fe2+,Cc1nnc(-c2cc3c([nH]c4ccccc43)c(-c3ccc(F)cc3)n2)nc1C.[Fe+2],1.0709896
TRZ02428,Cc1nnc(CSCC(=O)Nc2ccc(C(C)(C)C)cc2)nc1C,Fe2+,Cc1nnc(CSCC(=O)Nc2ccc(C(C)(C)C)cc2)nc1C.[Fe+2],1.0692115
TRZ04478,Cc1nnc(-c2cc(-c3ccc(OCC(F)(F)F)nc3)ccc2N)nc1C,Fe2+,Cc1nnc(-c2cc(-c3ccc(OCC(F)(F)F)nc3)ccc2N)nc1C.[Fe+2],1.0665169
TRZ05552,Cc1nnc(/C(=C/n2cnc(-c3cc(C(F)(F)F)cc(C(F)(F)F)c3)n2)c2cncnc2)nc1C,Fe2+,Cc1nnc(/C(=C/n2cnc(-c3cc(C(F)(F)F)cc(C(F)(F)F)c3)n2)c2cncnc2)nc1C.[Fe+2],1.0648904
TRZ00258,Cc1nnc(-c2sc3nc(N4CCOCC4)c4c(c3c2N)CCCC4)nc1C,Fe2+,Cc1nnc(-c2sc3nc(N4CCOCC4)c4c(c3c2N)CCCC4)nc1C.[Fe+2],1.0625329
TRZ01898,Cc1nnc(-c2cccn2S(=O)(=O)c2cc(Cl)ccc2N)nc1C,Fe2+,Cc1nnc(-c2cccn2S(=O)(=O)c2cc(Cl)ccc2N)nc1C.[Fe+2],1.0619488
TRZ02650,Cc1nnc(-c2ccc(C(=O)O)cc2N)nc1C,Fe2+,Cc1nnc(-c2ccc(C(=O)O)cc2N)nc1C.[Fe+2],1.0598841
TRZ02297,Cc1nnc(-c2nsnc2-c2ccccc2O)nc1C,Fe2+,Cc1nnc(-c2nsnc2-c2ccccc2O)nc1C.[Fe+2],1.0567908
TRZ00599,Cc1nnc(Cn2c(-c3ccccn3)nc3ccccc32)nc1C,Fe2+,Cc1nnc(Cn2c(-c3ccccn3)nc3ccccc32)nc1C.[Fe+2],1.0464678
TRZ02882,Cc1nnc(-c2cnc3c(F)cccc3c2N)nc1C,Fe2+,Cc1nnc(-c2cnc3c(F)cccc3c2N)nc1C.[Fe+2],1.0399413
TRZ00444,Cc1nnc(-c2ccccc2Oc2ccccc2)nc1C,Fe2+,Cc1nnc(-c2ccccc2Oc2ccccc2)nc1C.[Fe+2],1.0394526
TRZ02112,Cc1nnc(Cn2cnc3c2c(=O)[nH]c(=O)n3C)nc1C,Fe2+,Cc1nnc(Cn2cnc3c2c(=O)[nH]c(=O)n3C)nc1C.[Fe+2],1.0388308
TRZ02061,COc1cccc(NC(=O)Cc2nnc(C)c(C)n2)c1,Fe2+,COc1cccc(NC(=O)Cc2nnc(C)c(C)n2)c1.[Fe+2],1.0365338
TRZ02569,Cc1ccc(-n2c(N3CCOCC3)nc3oc(C)c(-c4nnc(C)c(C)n4)c3c2=O)cc1,Fe2+,Cc1ccc(-n2c(N3CCOCC3)nc3oc(C)c(-c4nnc(C)c(C)n4)c3c2=O)cc1.[Fe+2],1.036303
TRZ05742,Cc1cc(OC(F)F)ncc1-c1cncc(-c2nnc(C)c(C)n2)n1,Fe2+,Cc1cc(OC(F)F)ncc1-c1cncc(-c2nnc(C)c(C)n2)n1.[Fe+2],1.0343146
TRZ01234,COc1cc2[nH]c(-c3nnc(C)c(C)n3)c(N)c2cc1OC,Fe2+,COc1cc2[nH]c(-c3nnc(C)c(C)n3)c(N)c2cc1OC.[Fe+2],1.0331702
TRZ01007,Cc1nnc(C(Cc2ccccc2)NC(=O)c2ccccc2N)nc1C,Fe2+,Cc1nnc(C(Cc2ccccc2)NC(=O)c2ccccc2N)nc1C.[Fe+2],1.0323372
TRZ02131,Cc1nnc(-c2cc(-c3ccc4c(c3)OCO4)n[nH]2)nc1C,Fe2+,Cc1nnc(-c2cc(-c3ccc4c(c3)OCO4)n[nH]2)nc1C.[Fe+2],1.031044
TRZ01702,Cc1nnc(-c2n[nH]c(=O)c3c2cnn3-c2ccccc2)nc1C,Fe2+,Cc1nnc(-c2n[nH]c(=O)c3c2cnn3-c2ccccc2)nc1C.[Fe+2],1.0249472
TRZ01684,Cc1nnc(Cn2c(=O)c(C)nc3cc(Br)ccc32)nc1C,Fe2+,Cc1nnc(Cn2c(=O)c(C)nc3cc(Br)ccc32)nc1C.[Fe+2],1.0188298
TRZ00607,Cc1ccc(Cn2cc(-c3nnc(C)c(C)n3)c(=O)c3ccc(F)cc32)cc1,Fe2+,Cc1ccc(Cn2cc(-c3nnc(C)c(C)n3)c(=O)c3ccc(F)cc32)cc1.[Fe+2],1.0117655
TRZ00968,Cc1nnc([C@H](Cc2cnc[nH]2)NC(=O)[C@@H](N)Cc2ccccc2)nc1C,Fe2+,Cc1nnc([C@H](Cc2cnc[nH]2)NC(=O)[C@@H](N)Cc2ccccc2)nc1C.[Fe+2],1.0113721
TRZ05111,Cc1nnc(-c2cn(C)c(=O)cc2-c2cccc(F)c2)nc1C,Fe2+,Cc1nnc(-c2cn(C)c(=O)cc2-c2cccc(F)c2)nc1C.[Fe+2],1.0091152
TRZ02236,Cc1nnc(Cn2c(C(F)(F)F)nc3nc(-c4cccs4)cc(C(F)(F)F)c3c2=O)nc1C,Fe2+,Cc1nnc(Cn2c(C(F)(F)F)nc3nc(-c4cccs4)cc(C(F)(F)F)c3c2=O)nc1C.[Fe+2],1.0075116
TRZ01000,Cc1nnc(-c2nc(N)nc(Nc3ccccc3)n2)nc1C,Fe2+,Cc1nnc(-c2nc(N)nc(Nc3ccccc3)n2)nc1C.[Fe+2],1.0072193
TRZ02054,CC(=O)c1cccc(NC(=O)C(=O)C(c2ccccc2)c2nnc(C)c(C)n2)c1,Fe2+,CC(=O)c1cccc(NC(=O)C(=O)C(c2ccccc2)c2nnc(C)c(C)n2)c1.[Fe+2],1.0033054
TRZ02162,Cc1nnc(-c2cnn(-c3cccc(Cl)c3)c2C)nc1C,Fe2+,Cc1nnc(-c2cnn(-c3cccc(Cl)c3)c2C)nc1C.[Fe+2],1.0030332
TRZ03088,COC=C(c1nnc(C)c(C)n1)c1ccccc1C(=NOC(C)=O)c1cccc(C(F)(F)F)c1,Fe2+,COC=C(c1nnc(C)c(C)n1)c1ccccc1C(=NOC(C)=O)c1cccc(C(F)(F)F)c1.[Fe+2],1.0024986
TRZ03239,Cc1cc(I)ccc1Nc1c(-c2nnc(C)c(C)n2)cc2c(ncn2C)c1F,Fe2+,Cc1cc(I)ccc1Nc1c(-c2nnc(C)c(C)n2)cc2c(ncn2C)c1F.[Fe+2],0.9984164
TRZ02062,Cc1nnc(CSc2nc3ccccc3c(=O)n2N)nc1C,Fe2+,Cc1nnc(CSc2nc3ccccc3c(=O)n2N)nc1C.[Fe+2],0.9952426
TRZ00254,Cc1nnc(-c2cc3ccccc3cc2NS(=O)(=O)c2ccccc2)nc1C,Fe2+,Cc1nnc(-c2cc3ccccc3cc2NS(=O)(=O)c2ccccc2)nc1C.[Fe+2],0.9949174
TRZ02533,Cc1nnc(-c2c(O)c3c([nH]c2=O)CCCC3)nc1C,Fe2+,Cc1nnc(-c2c(O)c3c([nH]c2=O)CCCC3)nc1C.[Fe+2],0.9925618
TRZ00327,Cc1nnc(-c2cc(-c3ccc(Cl)cc3Cl)n[nH]2)nc1C,Fe2+,Cc1nnc(-c2cc(-c3ccc(Cl)cc3Cl)n[nH]2)nc1C.[Fe+2],0.99217033
TRZ05836,Cc1nnc(/C=N/NCc2ccc(F)cc2)nc1C,Fe2+,Cc1nnc(/C=N/NCc2ccc(F)cc2)nc1C.[Fe+2],0.9888549
TRZ02117,Cc1nnc(-c2nc(N3CCC(C)(N)CC3)nc(N)c2-c2cccc(Cl)c2Cl)nc1C,Fe2+,Cc1nnc(-c2nc(N3CCC(C)(N)CC3)nc(N)c2-c2cccc(Cl)c2Cl)nc1C.[Fe+2],0.9870548
TRZ05786,Cc1nnc(-c2c(-c3ccc(F)cc3)[nH]c3ccccc23)nc1C,Fe2+,Cc1nnc(-c2c(-c3ccc(F)cc3)[nH]c3ccccc23)nc1C.[Fe+2],0.98488426
TRZ00066,Cc1nnc(CC2Sc3ccccc3NC2=O)nc1C,Fe2+,Cc1nnc(CC2Sc3ccccc3NC2=O)nc1C.[Fe+2],0.98467636
TRZ00821,Cc1nnc(CSc2nnc(-c3ccc(Cl)cc3)n2-c2ccccc2)nc1C,Fe2+,Cc1nnc(CSc2nnc(-c3ccc(Cl)cc3)n2-c2ccccc2)nc1C.[Fe+2],0.9841118
TRZ01783,Cc1nnc(-c2nc(NCc3ccc(O)cc3)cc(-c3ccccc3)n2)nc1C,Fe2+,Cc1nnc(-c2nc(NCc3ccc(O)cc3)cc(-c3ccccc3)n2)nc1C.[Fe+2],0.98330975
TRZ00103,COc1ccc(-n2[nH]c(-c3nnc(C)c(C)n3)c3ccc4nncc4c32)cc1,Fe2+,COc1ccc(-n2[nH]c(-c3nnc(C)c(C)n3)c3ccc4nncc4c32)cc1.[Fe+2],0.98255396
TRZ04713,Cc1nnc(-c2cccnc2Oc2cccc(C(F)(F)F)c2)nc1C,Fe2+,Cc1nnc(-c2cccnc2Oc2cccc(C(F)(F)F)c2)nc1C.[Fe+2],0.98174095
TRZ05847,Cc1cc(I)ccc1Nc1c(F)cccc1-c1nnc(C)c(C)n1,Fe2+,Cc1cc(I)ccc1Nc1c(F)cccc1-c1nnc(C)c(C)n1.[Fe+2],0.98137283
TRZ02060,Cc1nnc(CC(=O)Nc2ccc(Cl)cc2)nc1C,Fe2+,Cc1nnc(CC(=O)Nc2ccc(Cl)cc2)nc1C.[Fe+2],0.9812031
TRZ02566,CCCN(CCC)c1nc2oc(C)c(-c3nnc(C)c(C)n3)c2c(=O)n1-c1ccccc1,Fe2+,CCCN(CCC)c1nc2oc(C)c(-c3nnc(C)c(C)n3)c2c(=O)n1-c1ccccc1.[Fe+2],0.9801264
TRZ05485,Cc1nnc(-c2cnn3ccc(N4CCCC4c4cc(F)ccc4F)nc23)nc1C,Fe2+,Cc1nnc(-c2cnn3ccc(N4CCCC4c4cc(F)ccc4F)nc23)nc1C.[Fe+2],0.9782009
TRZ03672,Cc1nnc(C(C(N)=O)c2ccc(-c3ccc(F)c(Cl)c3)cc2)nc1C,Fe2+,Cc1nnc(C(C(N)=O)c2ccc(-c3ccc(F)c(Cl)c3)cc2)nc1C.[Fe+2],0.9756737
TRZ01368,Cc1nnc(C(CC(O)c2ccc(Cl)cc2)CN2CCCC2)nc1C,Fe2+,Cc1nnc(C(CC(O)c2ccc(Cl)cc2)CN2CCCC2)nc1C.[Fe+2],0.9724493
TRZ04053,Cc1nnc(-c2cc(C)c3c(n2)=C(C(C)(C)C)CC(NCC(F)(F)F)C=3)nc1C,Fe2+,Cc1nnc(-c2cc(C)c3c(n2)=C(C(C)(C)C)CC(NCC(F)(F)F)C=3)nc1C.[Fe+2],0.97209644
TRZ02934,Cc1nnc(-c2ccncc2Nc2ccc(I)cc2F)nc1C,Fe2+,Cc1nnc(-c2ccncc2Nc2ccc(I)cc2F)nc1C.[Fe+2],0.9699044
TRZ02382,Cc1nnc(-c2cc(C)n(-c3c(Cl)cc(Cl)cc3Cl)n2)nc1C,Fe2+,Cc1nnc(-c2cc(C)n(-c3c(Cl)cc(Cl)cc3Cl)n2)nc1C.[Fe+2],0.96790266
TRZ01328,Cc1nnc(-c2cc(C)c(=O)[nH]n2)nc1C,Fe2+,Cc1nnc(-c2cc(C)c(=O)[nH]n2)nc1C.[Fe+2],0.9627037
TRZ05885,Cc1nnc(C(=Cc2ccccc2F)O/N=C\C(CC(C)(C)C)n2cncn2)nc1C,Fe2+,Cc1nnc(C(=Cc2ccccc2F)O/N=C\C(CC(C)(C)C)n2cncn2)nc1C.[Fe+2],0.9604759
TRZ04999,Cc1nnc(C2CCCN(c3ccc(F)cc3)C2=O)nc1C,Fe2+,Cc1nnc(C2CCCN(c3ccc(F)cc3)C2=O)nc1C.[Fe+2],0.9573512
TRZ01603,Cc1nnc(-c2nnn(Nc3ccc(Cl)cc3)c2C)nc1C,Fe2+,Cc1nnc(-c2nnn(Nc3ccc(Cl)cc3)c2C)nc1C.[Fe+2],0.9514079
TRZ02186,Cc1cccc(O)c1-c1nnc(C)c(C)n1,Fe2+,Cc1cccc(O)c1-c1nnc(C)c(C)n1.[Fe+2],0.9509516
TRZ05733,Cc1nnc(-c2cncc(-c3ccc(OC(F)F)nc3)n2)nc1C,Fe2+,Cc1nnc(-c2cncc(-c3ccc(OC(F)F)nc3)n2)nc1C.[Fe+2],0.95054865
TRZ02154,Cc1ccccc1-n1c(SCc2nnc(C)c(C)n2)nc2ccccc2c1=O,Fe2+,Cc1ccccc1-n1c(SCc2nnc(C)c(C)n2)nc2ccccc2c1=O.[Fe+2],0.94820786
TRZ05526,Cc1nnc(-c2c(Nc3ccc(C(F)(F)F)cc3)nn3ccccc23)nc1C,Fe2+,Cc1nnc(-c2c(Nc3ccc(C(F)(F)F)cc3)nn3ccccc23)nc1C.[Fe+2],0.9472928
TRZ01456,Cc1nnc(-c2cnn(-c3ccc(F)cc3)c2C)nc1C,Fe2+,Cc1nnc(-c2cnn(-c3ccc(F)cc3)c2C)nc1C.[Fe+2],0.9464636
TRZ01069,Cc1nc2c(cc1-c1nnc(C)c(C)n1)c(=O)n(C)c(=O)n2C,Fe2+,Cc1nc2c(cc1-c1nnc(C)c(C)n1)c(=O)n(C)c(=O)n2C.[Fe+2],0.94280005
TRZ03244,Cc1cc(Cl)ccc1Nc1c(-c2nnc(C)c(C)n2)cc2[nH]cnc2c1F,Fe2+,Cc1cc(Cl)ccc1Nc1c(-c2nnc(C)c(C)n2)cc2[nH]cnc2c1F.[Fe+2],0.94247246
TRZ02059,Cc1nnc(CC(=O)Nc2cccc(Cl)c2)nc1C,Fe2+,Cc1nnc(CC(=O)Nc2cccc(Cl)c2)nc1C.[Fe+2],0.94072676
TRZ02625,Cc1nnc(Cn2cncn2)nc1C,Fe2+,Cc1nnc(Cn2cncn2)nc1C.[Fe+2],0.93676186
TRZ03349,Cc1nnc(-c2cn(C)c(=O)c(F)c2Nc2ccc(Br)cc2F)nc1C,Fe2+,Cc1nnc(-c2cn(C)c(=O)c(F)c2Nc2ccc(Br)cc2F)nc1C.[Fe+2],0.93458223
TRZ00282,Cc1nnc(-c2cc(C(C)(C)C)nn2Cc2ccc(F)cc2)nc1C,Fe2+,Cc1nnc(-c2cc(C(C)(C)C)nn2Cc2ccc(F)cc2)nc1C.[Fe+2],0.9338751
TRZ04138,Cc1nnc(-c2cnc3c(c2)c2ccccc2n3CCCF)nc1C,Fe2+,Cc1nnc(-c2cnc3c(c2)c2ccccc2n3CCCF)nc1C.[Fe+2],0.93276644
TRZ03819,Cc1nnc(-c2nc3c(=O)[nH]c4cc(C(F)(F)F)ccc4n3c2Cn2ccnc2)nc1C,Fe2+,Cc1nnc(-c2nc3c(=O)[nH]c4cc(C(F)(F)F)ccc4n3c2Cn2ccnc2)nc1C.[Fe+2],0.93105793
TRZ00535,Cc1nnc(COc2ccc(-c3cc4ccccc4[nH]3)cc2)nc1C,Fe2+,Cc1nnc(COc2ccc(-c3cc4ccccc4[nH]3)cc2)nc1C.[Fe+2],0.92787695
TRZ00682,Cc1nnc(-c2[nH]c3ccc([N+](=O)[O-])cc3c2-c2ccccc2)nc1C,Fe2+,Cc1nnc(-c2[nH]c3ccc([N+](=O)[O-])cc3c2-c2ccccc2)nc1C.[Fe+2],0.9264879
TRZ00633,Cc1nnc(Cn2nc3n(c2=O)-c2ccccc2SC3)nc1C,Fe2+,Cc1nnc(Cn2nc3n(c2=O)-c2ccccc2SC3)nc1C.[Fe+2],0.92439556
TRZ00637,Cc1nnc(CNC(c2ccccc2)c2cc(Br)ccc2N)nc1C,Fe2+,Cc1nnc(CNC(c2ccccc2)c2cc(Br)ccc2N)nc1C.[Fe+2],0.9240532
TRZ00648,Cc1nnc(-c2cc3cc(Oc4ccccc4)ccc3n2C)nc1C,Fe2+,Cc1nnc(-c2cc3cc(Oc4ccccc4)ccc3n2C)nc1C.[Fe+2],0.91974306
TRZ05736,Cc1nc(OC(F)F)ccc1-c1cncc(-c2nnc(C)c(C)n2)n1,Fe2+,Cc1nc(OC(F)F)ccc1-c1cncc(-c2nnc(C)c(C)n2)n1.[Fe+2],0.9196849
TRZ05258,Cc1nnc(-c2ccc(Nc3ncc(-c4ccc(C(F)(F)F)cc4)o3)cn2)nc1C,Fe2+,Cc1nnc(-c2ccc(Nc3ncc(-c4ccc(C(F)(F)F)cc4)o3)cn2)nc1C.[Fe+2],0.9118166
TRZ05821,Cc1nnc(-c2c(F)cccc2S)nc1C,Fe2+,Cc1nnc(-c2c(F)cccc2S)nc1C.[Fe+2],0.9106231
TRZ02858,Cc1nnc(C(Cc2ccc(F)cc2)=NC(=O)c2ccccc2)nc1C,Fe2+,Cc1nnc(C(Cc2ccc(F)cc2)=NC(=O)c2ccccc2)nc1C.[Fe+2],0.90975523
TRZ01737,CCOc1ccc2cc(-c3nnc(C)c(C)n3)c(=O)oc2c1,Fe2+,CCOc1ccc2cc(-c3nnc(C)c(C)n3)c(=O)oc2c1.[Fe+2],0.9092679
TRZ00388,Cc1nnc(C(Cc2cnc[nH]2)NC(=O)OCc2ccccc2)nc1C,Fe2+,Cc1nnc(C(Cc2cnc[nH]2)NC(=O)OCc2ccccc2)nc1C.[Fe+2],0.9090481
TRZ02977,Cc1nnc(-c2ccccc2N(C(N)=O)c2cccc(C(F)(F)F)c2)nc1C,Fe2+,Cc1nnc(-c2ccccc2N(C(N)=O)c2cccc(C(F)(F)F)c2)nc1C.[Fe+2],0.90742254
TRZ03734,Cc1nnc(-c2nn(Cc3ccc(F)cc3Cl)c3cc(S(C)(=O)=O)ccc23)nc1C,Fe2+,Cc1nnc(-c2nn(Cc3ccc(F)cc3Cl)c3cc(S(C)(=O)=O)ccc23)nc1C.[Fe+2],0.90734243
TRZ05244,Cc1nnc(C2C=CC=CC2(Nc2ccc(C(F)(F)F)cc2)C(=O)CCC#N)nc1C,Fe2+,Cc1nnc(C2C=CC=CC2(Nc2ccc(C(F)(F)F)cc2)C(=O)CCC#N)nc1C.[Fe+2],0.90631723
TRZ01623,CC(/C=C/c1ccccc1)=N\OCc1nnc(C)c(C)n1,Fe2+,CC(/C=C/c1ccccc1)=N\OCc1nnc(C)c(C)n1.[Fe+2],0.9049268
TRZ00580,Cc1nnc(-c2nc(-c3ccc4[nH]ccc4c3)cc(N3Cc4ccccc4C3)n2)nc1C,Fe2+,Cc1nnc(-c2nc(-c3ccc4[nH]ccc4c3)cc(N3Cc4ccccc4C3)n2)nc1C.[Fe+2],0.9018588
TRZ04973,Cc1nnc(C(=N)c2ccc(C(F)(F)F)cc2NCc2ccc(F)cc2F)nc1C,Fe2+,Cc1nnc(C(=N)c2ccc(C(F)(F)F)cc2NCc2ccc(F)cc2F)nc1C.[Fe+2],0.90143776
TRZ00799,CC(=O)N1CCN(c2ccc(CCc3ccc(Cc4nnc(C)c(C)n4)s3)nc2)CC1,Fe2+,CC(=O)N1CCN(c2ccc(CCc3ccc(Cc4nnc(C)c(C)n4)s3)nc2)CC1.[Fe+2],0.8961196
TRZ05505,Cc1nnc(-c2cncc(-c3ccc(OC(F)(F)F)cc3)c2)nc1C,Fe2+,Cc1nnc(-c2cncc(-c3ccc(OC(F)(F)F)cc3)c2)nc1C.[Fe+2],0.89526796
TRZ00873,CCc1nc2ccccc2n1Cc1nnc(C)c(C)n1,Fe2+,CCc1nc2ccccc2n1Cc1nnc(C)c(C)n1.[Fe+2],0.8931613
TRZ04855,Cc1nnc(CN2CCc3sc(-c4ccc(F)cc4)cc3C2)nc1C,Fe2+,Cc1nnc(CN2CCc3sc(-c4ccc(F)cc4)cc3C2)nc1C.[Fe+2],0.8925991
TRZ01154,CCCn1cc(-c2cc(-c3nnc(C)c(C)n3)[nH]n2)c2ccccc21,Fe2+,CCCn1cc(-c2cc(-c3nnc(C)c(C)n3)[nH]n2)c2ccccc21.[Fe+2],0.89193773
TRZ00493,Cc1nnc(/C(=C\c2ccc(Br)cc2)NC(=O)c2cccs2)nc1C,Fe2+,Cc1nnc(/C(=C\c2ccc(Br)cc2)NC(=O)c2cccs2)nc1C.[Fe+2],0.8918295
TRZ01934,Cc1nnc(Cn2c3ccccc3c(=O)c3ccccc32)nc1C,Fe2+,Cc1nnc(Cn2c3ccccc3c(=O)c3ccccc32)nc1C.[Fe+2],0.8906603
TRZ05765,Cc1nnc(-c2cnc(NCCc3ccc(C(F)(F)F)cc3)nc2)nc1C,Fe2+,Cc1nnc(-c2cnc(NCCc3ccc(C(F)(F)F)cc3)nc2)nc1C.[Fe+2],0.8873863
TRZ05536,Cc1nnc(-c2ccnc(N3CCC4(CN(c5ccnc(C(F)(F)F)c5)C4)C3)n2)nc1C,Fe2+,Cc1nnc(-c2ccnc(N3CCC4(CN(c5ccnc(C(F)(F)F)c5)C4)C3)n2)nc1C.[Fe+2],0.886816
TRZ01897,CC(=O)c1c(C)nc2ccc(I)cc2c1OCc1nnc(C)c(C)n1,Fe2+,CC(=O)c1c(C)nc2ccc(I)cc2c1OCc1nnc(C)c(C)n1.[Fe+2],0.8855696
TRZ02726,Cc1nnc(-c2cn(C3CCNCC3)nn2)nc1C,Fe2+,Cc1nnc(-c2cn(C3CCNCC3)nn2)nc1C.[Fe+2],0.8840847
TRZ05541,Cc1nnc(-c2nccnc2Nc2ccc(OC(F)(F)Cl)cc2)nc1C,Fe2+,Cc1nnc(-c2nccnc2Nc2ccc(OC(F)(F)Cl)cc2)nc1C.[Fe+2],0.883595
TRZ02174,Cc1ccc(C)c(-c2cc(-c3nnc(C)c(C)n3)[nH]n2)c1,Fe2+,Cc1ccc(C)c(-c2cc(-c3nnc(C)c(C)n3)[nH]n2)c1.[Fe+2],0.88049173
TRZ05092,Cc1nnc(-c2cnn3ccc(N4CCC[C@@H]4c4cc(F)ccc4F)nc23)nc1C,Fe2+,Cc1nnc(-c2cnn3ccc(N4CCC[C@@H]4c4cc(F)ccc4F)nc23)nc1C.[Fe+2],0.8804164
TRZ02510,COc1cccc2c(=O)c(-c3nnc(C)c(C)n3)c[nH]c12,Fe2+,COc1cccc2c(=O)c(-c3nnc(C)c(C)n3)c[nH]c12.[Fe+2],0.88017845
TRZ03928,Cc1nnc(-c2ccc(N3CCC(Oc4ccccc4C(F)(F)F)C3)nn2)nc1C,Fe2+,Cc1nnc(-c2ccc(N3CCC(Oc4ccccc4C(F)(F)F)C3)nn2)nc1C.[Fe+2],0.87955856
TRZ05519,Cc1ccc(F)c(C(C)[C@@H](c2nnc(C)c(C)n2)N2CCc3ccc(Cl)cc3S2(=O)=O)c1C,Fe2+,Cc1ccc(F)c(C(C)[C@@H](c2nnc(C)c(C)n2)N2CCc3ccc(Cl)cc3S2(=O)=O)c1C.[Fe+2],0.87885
TRZ00278,Cc1nnc(-c2ccc(Oc3cc(Cl)cc(Cl)c3)o2)nc1C,Fe2+,Cc1nnc(-c2ccc(Oc3cc(Cl)cc(Cl)c3)o2)nc1C.[Fe+2],0.8758631
TRZ02163,Cc1cc(-c2nnc(C)c(C)n2)n(Cc2ccc(Cl)cc2)n1,Fe2+,Cc1cc(-c2nnc(C)c(C)n2)n(Cc2ccc(Cl)cc2)n1.[Fe+2],0.8751292
TRZ00852,Cc1nnc(-c2cn[nH]c2)nc1C,Fe2+,Cc1nnc(-c2cn[nH]c2)nc1C.[Fe+2],0.874434
TRZ03347,Cc1nnc(C(C)(C)S(=O)(=O)c2ccc(F)cc2)nc1C,Fe2+,Cc1nnc(C(C)(C)S(=O)(=O)c2ccc(F)cc2)nc1C.[Fe+2],0.8737631
TRZ02195,CC(=O)N/N=C(/c1ccccc1)c1nnc(C)c(C)n1,Fe2+,CC(=O)N/N=C(/c1ccccc1)c1nnc(C)c(C)n1.[Fe+2],0.8737092
TRZ04629,Cc1nnc(-c2cc(-c3c[nH]c4ccccc34)nn2Cc2cccc(F)c2)nc1C,Fe2+,Cc1nnc(-c2cc(-c3c[nH]c4ccccc34)nn2Cc2cccc(F)c2)nc1C.[Fe+2],0.8700242
TRZ05445,Cc1nnc(Cn2cc(-c3ccc(Cl)cc3)n(C[C@H](O)C(F)(F)F)c2=O)nc1C,Fe2+,Cc1nnc(Cn2cc(-c3ccc(Cl)cc3)n(C[C@H](O)C(F)(F)F)c2=O)nc1C.[Fe+2],0.8697858
TRZ00320,Cc1nnc(/C(=C\c2cccs2)NC(=O)c2ccccc2)nc1C,Fe2+,Cc1nnc(/C(=C\c2cccs2)NC(=O)c2ccccc2)nc1C.[Fe+2],0.86713886
TRZ04883,Cc1nnc(-c2cc(-c3ccon3)n(Cc3ccccc3F)n2)nc1C,Fe2+,Cc1nnc(-c2cc(-c3ccon3)n(Cc3ccccc3F)n2)nc1C.[Fe+2],0.8658352
TRZ04454,Cc1nnc(-c2cc(-c3ccc(OC(F)(F)F)cc3)cc(NC(=O)C3CC3)n2)nc1C,Fe2+,Cc1nnc(-c2cc(-c3ccc(OC(F)(F)F)cc3)cc(NC(=O)C3CC3)n2)nc1C.[Fe+2],0.86555576
TRZ01660,CCn1cc(-c2nnc(C)c(C)n2)c(=O)c2ccc(Cl)cc21,Fe2+,CCn1cc(-c2nnc(C)c(C)n2)c(=O)c2ccc(Cl)cc21.[Fe+2],0.86258936
TRZ00152,Cc1nnc(-c2cc3ccccc3oc2=O)nc1C,Fe2+,Cc1nnc(-c2cc3ccccc3oc2=O)nc1C.[Fe+2],0.8599682
TRZ03382,Cc1cccc(NC(=O)c2cc(C(F)(F)F)nn2-c2ncccc2Cl)c1-c1nnc(C)c(C)n1,Fe2+,Cc1cccc(NC(=O)c2cc(C(F)(F)F)nn2-c2ncccc2Cl)c1-c1nnc(C)c(C)n1.[Fe+2],0.8592043
TRZ05460,Cc1nnc(CN2CCOc3c(Cl)cc(-n4ccc5cc(F)ccc54)cc3C2)nc1C,Fe2+,Cc1nnc(CN2CCOc3c(Cl)cc(-n4ccc5cc(F)ccc54)cc3C2)nc1C.[Fe+2],0.85465145
TRZ03705,Cc1nnc(C(=O)Nc2ccc(N3CCOCC3)c(F)c2)nc1C,Fe2+,Cc1nnc(C(=O)Nc2ccc(N3CCOCC3)c(F)c2)nc1C.[Fe+2],0.8513875
TRZ02437,Cc1nnc(C(C)Oc2cccc3cccnc23)nc1C,Fe2+,Cc1nnc(C(C)Oc2cccc3cccnc23)nc1C.[Fe+2],0.85034084
TRZ04240,Cc1nnc(C(=O)Nc2ccc(N3CCCC(F)(F)CCC3)nc2)nc1C,Fe2+,Cc1nnc(C(=O)Nc2ccc(N3CCCC(F)(F)CCC3)nc2)nc1C.[Fe+2],0.84974194
TRZ01744,Cc1nnc(COc2ccncc2-c2ccc3ccccc3c2)nc1C,Fe2+,Cc1nnc(COc2ccncc2-c2ccc3ccccc3c2)nc1C.[Fe+2],0.84783506
TRZ00649,Cc1nnc(-c2[nH]c(-c3ccccc3)cc2-c2ccccc2)nc1C,Fe2+,Cc1nnc(-c2[nH]c(-c3ccccc3)cc2-c2ccccc2)nc1C.[Fe+2],0.8474984
TRZ01546,Cc1ccc(S(=O)(=O)NC(Cc2ccccc2)c2nnc(C)c(C)n2)cc1,Fe2+,Cc1ccc(S(=O)(=O)NC(Cc2ccccc2)c2nnc(C)c(C)n2)cc1.[Fe+2],0.8454318
TRZ01626,CC(/C=C/c1ccccc1)=N\OC(C)c1nnc(C)c(C)n1,Fe2+,CC(/C=C/c1ccccc1)=N\OC(C)c1nnc(C)c(C)n1.[Fe+2],0.84476423
TRZ01930,Cc1nnc(-c2n[nH]nc2N)nc1C,Fe2+,Cc1nnc(-c2n[nH]nc2N)nc1C.[Fe+2],0.8443761
TRZ05739,COc1nc(OC(F)F)ccc1-c1cncc(-c2nnc(C)c(C)n2)n1,Fe2+,COc1nc(OC(F)F)ccc1-c1cncc(-c2nnc(C)c(C)n2)n1.[Fe+2],0.84418106
TRZ04104,Cc1nnc(C2=NN(Cc3ccc(F)cc3F)C3=CN(C(F)(F)F)C=CC32)nc1C,Fe2+,Cc1nnc(C2=NN(Cc3ccc(F)cc3F)C3=CN(C(F)(F)F)C=CC32)nc1C.[Fe+2],0.841794
TRZ01162,CC1=C(c2nnc(C)c(C)n2)C(c2ccc(F)cc2Cl)N=C(c2nccs2)N1,Fe2+,CC1=C(c2nnc(C)c(C)n2)C(c2ccc(F)cc2Cl)N=C(c2nccs2)N1.[Fe+2],0.8417716
TRZ00951,Cc1nnc(CSc2nn(C)c(=O)n(C)c2=O)nc1C,Fe2+,Cc1nnc(CSc2nn(C)c(=O)n(C)c2=O)nc1C.[Fe+2],0.8395095
TRZ05768,Cc1nnc(-c2cnc(NCCc3ccc(F)cc3)nc2)nc1C,Fe2+,Cc1nnc(-c2cnc(NCCc3ccc(F)cc3)nc2)nc1C.[Fe+2],0.8368945
TRZ01057,Cc1nnc(-c2nc(-c3ccccc3)cc(N3CCc4cnccc4C3)n2)nc1C,Fe2+,Cc1nnc(-c2nc(-c3ccccc3)cc(N3CCc4cnccc4C3)n2)nc1C.[Fe+2],0.8361454
TRZ05450,Cc1nnc(-c2cnc3c(c2)C(N2C[C@@H](F)C[C@@H]2c2cc(F)ccc2F)=NC3)nc1C,Fe2+,Cc1nnc(-c2cnc3c(c2)C(N2C[C@@H](F)C[C@@H]2c2cc(F)ccc2F)=NC3)nc1C.[Fe+2],0.83514833
TRZ00722,Cc1nnc(-c2cc(-c3ccc(OC(C)C)c(C#N)c3)n[nH]c2=O)nc1C,Fe2+,Cc1nnc(-c2cc(-c3ccc(OC(C)C)c(C#N)c3)n[nH]c2=O)nc1C.[Fe+2],0.83254623
TRZ03055,Cc1nnc(-c2nc(Cc3c(-c4ccc(Cl)cc4)nc4ccc(F)cn34)no2)nc1C,Fe2+,Cc1nnc(-c2nc(Cc3c(-c4ccc(Cl)cc4)nc4ccc(F)cn34)no2)nc1C.[Fe+2],0.8321252
TRZ01931,Cc1nnc(-c2cc(C(C)(C)C)nn2Cc2ccccc2)nc1C,Fe2+,Cc1nnc(-c2cc(C(C)(C)C)nn2Cc2ccccc2)nc1C.[Fe+2],0.8300829
TRZ05110,Cc1nnc(-c2cc(-c3ccc(F)c(F)c3)c(=O)n(C)c2)nc1C,Fe2+,Cc1nnc(-c2cc(-c3ccc(F)c(F)c3)c(=O)n(C)c2)nc1C.[Fe+2],0.82891464
TRZ05767,Cc1nnc(-c2cnc(NCc3cc(C(F)(F)F)cc(C(F)(F)F)c3)nc2)nc1C,Fe2+,Cc1nnc(-c2cnc(NCc3cc(C(F)(F)F)cc(C(F)(F)F)c3)nc2)nc1C.[Fe+2],0.82433033
TRZ05766,Cc1nnc(-c2cnc(NCc3ccc(C(F)(F)F)cc3)nc2)nc1C,Fe2+,Cc1nnc(-c2cnc(NCc3ccc(C(F)(F)F)cc3)nc2)nc1C.[Fe+2],0.8240957
TRZ02966,Cc1nnc(-c2cccnc2Nc2cccc(C(F)(F)F)c2)nc1C,Fe2+,Cc1nnc(-c2cccnc2Nc2cccc(C(F)(F)F)c2)nc1C.[Fe+2],0.8232374
TRZ03089,Cc1nnc(CN(C(N)=O)c2ccc(F)cc2)nc1C,Fe2+,Cc1nnc(CN(C(N)=O)c2ccc(F)cc2)nc1C.[Fe+2],0.8222604
TRZ02459,Cc1nnc(C2(C)NC3(CCCCC3)Cc3ccccc32)nc1C,Fe2+,Cc1nnc(C2(C)NC3(CCCCC3)Cc3ccccc32)nc1C.[Fe+2],0.81985617
TRZ02069,Cc1nnc(C2(NC(=O)c3ccccc3)CC2c2cccc(O)c2)nc1C,Fe2+,Cc1nnc(C2(NC(=O)c3ccccc3)CC2c2cccc(O)c2)nc1C.[Fe+2],0.81920576
TRZ03112,Cc1cc(I)ccc1Nc1cc(F)ccc1-c1nnc(C)c(C)n1,Fe2+,Cc1cc(I)ccc1Nc1cc(F)ccc1-c1nnc(C)c(C)n1.[Fe+2],0.8189459
TRZ00848,Cc1nnc(-c2ccn[nH]2)nc1C,Fe2+,Cc1nnc(-c2ccn[nH]2)nc1C.[Fe+2],0.818604
TRZ02225,Cc1cc(C(F)(F)F)n(-c2ccc(-c3nnc(C)c(C)n3)cn2)n1,Fe2+,Cc1cc(C(F)(F)F)n(-c2ccc(-c3nnc(C)c(C)n3)cn2)n1.[Fe+2],0.8174434
TRZ03820,CCCN(C(=O)OC(C)(C)C)n1cc(-c2nnc(C)c(C)n2)c2cc(F)ccc21,Fe2+,CCCN(C(=O)OC(C)(C)C)n1cc(-c2nnc(C)c(C)n2)c2cc(F)ccc21.[Fe+2],0.81665325
TRZ00046,Cc1nnc(-c2cn3ccc4ccccc4c3n2)nc1C,Fe2+,Cc1nnc(-c2cn3ccc4ccccc4c3n2)nc1C.[Fe+2],0.8141823
TRZ02987,Cc1nnc(C(F)(F)C(O)(Cn2cncn2)c2ccc(F)cc2F)nc1C,Fe2+,Cc1nnc(C(F)(F)C(O)(Cn2cncn2)c2ccc(F)cc2F)nc1C.[Fe+2],0.8133812
TRZ04876,Cc1nnc(-c2cc(-c3ccc(C(=O)N4CCC(F)(F)CC4)cn3)cc3cc(CN)oc23)nc1C,Fe2+,Cc1nnc(-c2cc(-c3ccc(C(=O)N4CCC(F)(F)CC4)cn3)cc3cc(CN)oc23)nc1C.[Fe+2],0.81299114
TRZ04971,Cc1nnc(C(=N)c2ccc(F)cc2NCc2ccc(Cl)cc2Cl)nc1C,Fe2+,Cc1nnc(C(=N)c2ccc(F)cc2NCc2ccc(Cl)cc2Cl)nc1C.[Fe+2],0.8115835
TRZ00321,CC1=Nc2ccc(Br)cc2C(c2ccccc2)N1Cc1nnc(C)c(C)n1,Fe2+,CC1=Nc2ccc(Br)cc2C(c2ccccc2)N1Cc1nnc(C)c(C)n1.[Fe+2],0.8112836
TRZ05146,Cc1nnc(-c2cc(=O)c3cc(F)ccc3n2C2CCCCC2)nc1C,Fe2+,Cc1nnc(-c2cc(=O)c3cc(F)ccc3n2C2CCCCC2)nc1C.[Fe+2],0.80995035
TRZ05553,Cc1nnc(/C(=C/n2cnc(-c3cc(C(F)(F)F)nc(C(F)(F)F)c3)n2)c2cncnc2)nc1C,Fe2+,Cc1nnc(/C(=C/n2cnc(-c3cc(C(F)(F)F)nc(C(F)(F)F)c3)n2)c2cncnc2)nc1C.[Fe+2],0.8099079
TRZ02765,Cc1nnc(Cn2c(=O)cc(C)n(C3CSC3)c2=O)nc1C,Fe2+,Cc1nnc(Cn2c(=O)cc(C)n(C3CSC3)c2=O)nc1C.[Fe+2],0.8093662
TRZ00429,Cc1nnc(Cc2nc3ccccc3[nH]2)nc1C,Fe2+,Cc1nnc(Cc2nc3ccccc3[nH]2)nc1C.[Fe+2],0.80779505
TRZ02604,Cc1nnc(-c2c(-n3cccc3)no[n+]2[O-])nc1C,Fe2+,Cc1nnc(-c2c(-n3cccc3)no[n+]2[O-])nc1C.[Fe+2],0.8062072
TRZ01733,Cc1nnc(Cn2cncc2-c2ccc(F)cc2)nc1C,Fe2+,Cc1nnc(Cn2cncc2-c2ccc(F)cc2)nc1C.[Fe+2],0.8060684
TRZ04152,Cc1nnc(C2NC=CN2c2ccc(F)nc2)nc1C,Fe2+,Cc1nnc(C2NC=CN2c2ccc(F)nc2)nc1C.[Fe+2],0.80592585
TRZ00766,CCn1cc(-c2nnc(C)c(C)n2)c(=O)c2ccc(C)nc21,Fe2+,CCn1cc(-c2nnc(C)c(C)n2)c(=O)c2ccc(C)nc21.[Fe+2],0.80544615
TRZ02458,CCCCOc1ccccc1C(=O)NCc1nnc(C)c(C)n1,Fe2+,CCCCOc1ccccc1C(=O)NCc1nnc(C)c(C)n1.[Fe+2],0.804863
TRZ01875,Cc1nnc(COc2ccc3c(c2Br)CCCC3)nc1C,Fe2+,Cc1nnc(COc2ccc3c(c2Br)CCCC3)nc1C.[Fe+2],0.80461645
TRZ04165,Cc1nnc(C(=O)Nc2ccc(N3CCC4(CC3)CC(F)(F)C4)nc2)nc1C,Fe2+,Cc1nnc(C(=O)Nc2ccc(N3CCC4(CC3)CC(F)(F)C4)nc2)nc1C.[Fe+2],0.8039713
TRZ03554,Cc1nnc([C@@](C)(Cc2ccc(F)cc2)N(C(=O)O)C(C)(C)C)nc1C,Fe2+,Cc1nnc([C@@](C)(Cc2ccc(F)cc2)N(C(=O)O)C(C)(C)C)nc1C.[Fe+2],0.8039665
TRZ01797,Cc1nnc(-c2nc(-c3ccc(C(F)(F)F)nc3)cc(N3CCc4ccccc4C3)n2)nc1C,Fe2+,Cc1nnc(-c2nc(-c3ccc(C(F)(F)F)nc3)cc(N3CCc4ccccc4C3)n2)nc1C.[Fe+2],0.8039665
TRZ05375,Cc1nnc(-c2cnn(CC(F)(F)F)c2)nc1C,Fe2+,Cc1nnc(-c2cnn(CC(F)(F)F)c2)nc1C.[Fe+2],0.7937212
TRZ02187,Cc1nnc(-c2ncsc2Br)nc1C,Fe2+,Cc1nnc(-c2ncsc2Br)nc1C.[Fe+2],0.79314995
TRZ02173,Cc1ccc(-n2c(SCc3nnc(C)c(C)n3)nnc2-c2ccncc2)cc1,Fe2+,Cc1ccc(-n2c(SCc3nnc(C)c(C)n3)nnc2-c2ccncc2)cc1.[Fe+2],0.7921858
TRZ04099,Cc1nnc(-c2cnc(OC(=O)C(F)(F)F)[nH]2)nc1C,Fe2+,Cc1nnc(-c2cnc(OC(=O)C(F)(F)F)[nH]2)nc1C.[Fe+2],0.78824186
TRZ01157,CCn1cc(-c2nnc(C)c(C)n2)c(=O)c2ccccc21,Fe2+,CCn1cc(-c2nnc(C)c(C)n2)c(=O)c2ccccc21.[Fe+2],0.7869725
TRZ02165,Cc1nnc(-c2[nH]ncc2Br)nc1C,Fe2+,Cc1nnc(-c2[nH]ncc2Br)nc1C.[Fe+2],0.7864151
TRZ03099,Cc1nnc(-c2ccc(F)cc2O)nc1C,Fe2+,Cc1nnc(-c2ccc(F)cc2O)nc1C.[Fe+2],0.78584576
TRZ02166,Cc1nnc([C@@H](C)Oc2ccc(O)cc2)nc1C,Fe2+,Cc1nnc([C@@H](C)Oc2ccc(O)cc2)nc1C.[Fe+2],0.7848015
TRZ01495,Cc1nnc(-c2ccccc2N=NN(C)C2CCCCC2)nc1C,Fe2+,Cc1nnc(-c2ccccc2N=NN(C)C2CCCCC2)nc1C.[Fe+2],0.7805748
TRZ01720,Cc1nnc(/C=C2/Nc3ccccc3NC2=O)nc1C,Fe2+,Cc1nnc(/C=C2/Nc3ccccc3NC2=O)nc1C.[Fe+2],0.7784276
TRZ03502,COc1ccc(-c2nc3n[nH]c(-c4nnc(C)c(C)n4)c3c(C)c2C#N)c(F)c1,Fe2+,COc1ccc(-c2nc3n[nH]c(-c4nnc(C)c(C)n4)c3c(C)c2C#N)c(F)c1.[Fe+2],0.77790356
TRZ02377,Cc1nnc(CSc2ccnc3cc(Cl)ccc23)nc1C,Fe2+,Cc1nnc(CSc2ccnc3cc(Cl)ccc23)nc1C.[Fe+2],0.7777786
TRZ01489,CC(=O)N[C@@H](Cc1ccc(O)cc1)c1nnc(C)c(C)n1,Fe2+,CC(=O)N[C@@H](Cc1ccc(O)cc1)c1nnc(C)c(C)n1.[Fe+2],0.7760172
TRZ02649,Cc1nnc(COc2ccc3ccc(=O)oc3c2)nc1C,Fe2+,Cc1nnc(COc2ccc3ccc(=O)oc3c2)nc1C.[Fe+2],0.77392673
TRZ04477,Cc1nnc(-c2cc(-c3ccc(OC(F)(F)F)cc3)ccc2N)nc1C,Fe2+,Cc1nnc(-c2cc(-c3ccc(OC(F)(F)F)cc3)ccc2N)nc1C.[Fe+2],0.77346134
TRZ02057,Cc1nnc(C2CCC(=O)N2S(=O)(=O)c2ccccc2)nc1C,Fe2+,Cc1nnc(C2CCC(=O)N2S(=O)(=O)c2ccccc2)nc1C.[Fe+2],0.7709484
TRZ00053,Cc1nnc(-c2cccnc2Oc2ccccc2)nc1C,Fe2+,Cc1nnc(-c2cccnc2Oc2ccccc2)nc1C.[Fe+2],0.7693858
TRZ01759,C#CCOCCOc1ccc(-c2cc(-c3ccccc3)nc(-c3nnc(C)c(C)n3)n2)cc1,Fe2+,C#CCOCCOc1ccc(-c2cc(-c3ccccc3)nc(-c3nnc(C)c(C)n3)n2)cc1.[Fe+2],0.76905584
TRZ00134,Cc1nnc(-c2[nH]c3ccc(Cl)cc3c2S(=O)(=O)c2ccc(F)cc2)nc1C,Fe2+,Cc1nnc(-c2[nH]c3ccc(Cl)cc3c2S(=O)(=O)c2ccc(F)cc2)nc1C.[Fe+2],0.7671089
TRZ02156,Cc1cc(-c2nnc(C)c(C)n2)n(Cc2cc(Cl)ccc2Cl)n1,Fe2+,Cc1cc(-c2nnc(C)c(C)n2)n(Cc2cc(Cl)ccc2Cl)n1.[Fe+2],0.7662606
TRZ01031,Cc1nnc(-c2nc(-c3ccccc3)cc(N3CCC(c4ccccc4)C3)n2)nc1C,Fe2+,Cc1nnc(-c2nc(-c3ccccc3)cc(N3CCC(c4ccccc4)C3)n2)nc1C.[Fe+2],0.7653303
TRZ03702,Cc1nnc(C[C@@H](Cc2cc(F)ccc2F)N(C(=O)O)C(C)(C)C)nc1C,Fe2+,Cc1nnc(C[C@@H](Cc2cc(F)ccc2F)N(C(=O)O)C(C)(C)C)nc1C.[Fe+2],0.7633958
TRZ00989,COc1ccc(OC)c(NC(=O)Cc2nnc(C)c(C)n2)c1,Fe2+,COc1ccc(OC)c(NC(=O)Cc2nnc(C)c(C)n2)c1.[Fe+2],0.75552464
TRZ00511,Cc1nnc(Cn2c(COc3ccc(Cl)cc3)nc3ccccc32)nc1C,Fe2+,Cc1nnc(Cn2c(COc3ccc(Cl)cc3)nc3ccccc32)nc1C.[Fe+2],0.7547231
TRZ02444,Cc1nnc(CNC(c2cc(Br)ccc2N)c2ccccc2Cl)nc1C,Fe2+,Cc1nnc(CNC(c2cc(Br)ccc2N)c2ccccc2Cl)nc1C.[Fe+2],0.7515545
TRZ01002,Cc1ccc(Nc2nc(N)nc(-c3nnc(C)c(C)n3)n2)cc1,Fe2+,Cc1ccc(Nc2nc(N)nc(-c3nnc(C)c(C)n3)n2)cc1.[Fe+2],0.75101995
TRZ04969,Cc1nnc(C(=N)c2ccc(Cl)cc2NCc2ccc(F)cc2Cl)nc1C,Fe2+,Cc1nnc(C(=N)c2ccc(Cl)cc2NCc2ccc(F)cc2Cl)nc1C.[Fe+2],0.75020933
TRZ01807,Cc1nnc(-c2nc(-c3ccccc3)cc(N3CCC(O)C3)n2)nc1C,Fe2+,Cc1nnc(-c2nc(-c3ccccc3)cc(N3CCC(O)C3)n2)nc1C.[Fe+2],0.7499995
TRZ01625,COc1ccc(/C=C/C(C)=N/OCc2nnc(C)c(C)n2)cc1,Fe2+,COc1ccc(/C=C/C(C)=N/OCc2nnc(C)c(C)n2)cc1.[Fe+2],0.74771976
TRZ04624,Cc1nnc(-c2c(OC3CCN(C(=O)O)CC3)cccc2C(F)(F)F)nc1C,Fe2+,Cc1nnc(-c2c(OC3CCN(C(=O)O)CC3)cccc2C(F)(F)F)nc1C.[Fe+2],0.74766445
TRZ04282,Cc1nnc(-c2ccc(C(F)(F)F)cc2N2CCOCC2)nc1C,Fe2+,Cc1nnc(-c2ccc(C(F)(F)F)cc2N2CCOCC2)nc1C.[Fe+2],0.74369574
TRZ03839,Cc1ccc(Oc2cccc(-c3nnc(C)c(C)n3)n2)cc1C(F)(F)F,Fe2+,Cc1ccc(Oc2cccc(-c3nnc(C)c(C)n3)n2)cc1C(F)(F)F.[Fe+2],0.7434268
TRZ01628,COc1ccc(/C=C/C(C)=N/OC(C)c2nnc(C)c(C)n2)cc1,Fe2+,COc1ccc(/C=C/C(C)=N/OC(C)c2nnc(C)c(C)n2)cc1.[Fe+2],0.74130535
TRZ01027,Cc1nnc(-c2nc(-c3ccccc3)cc(-c3ccc(N)nc3)n2)nc1C,Fe2+,Cc1nnc(-c2nc(-c3ccccc3)cc(-c3ccc(N)nc3)n2)nc1C.[Fe+2],0.7383175
TRZ02167,Cc1nnc(Cn2c(C)csc2=O)nc1C,Fe2+,Cc1nnc(Cn2c(C)csc2=O)nc1C.[Fe+2],0.7379465
TRZ00729,Cc1nnc(-c2cnc3ccccc3n2)nc1C,Fe2+,Cc1nnc(-c2cnc3ccccc3n2)nc1C.[Fe+2],0.73778725
TRZ03604,Cc1ccc(Nc2c(-c3nnc(C)c(C)n3)cc3[nH]cnc3c2F)c(C)c1,Fe2+,Cc1ccc(Nc2c(-c3nnc(C)c(C)n3)cc3[nH]cnc3c2F)c(C)c1.[Fe+2],0.73730755
TRZ05905,Cc1nnc(C(N)(Cl)c2ccc(F)cc2)nc1C,Fe2+,Cc1nnc(C(N)(Cl)c2ccc(F)cc2)nc1C.[Fe+2],0.7369356
TRZ00652,CSc1ccc(/C=C(\NC(=O)c2ccc(C)cc2)c2nnc(C)c(C)n2)cc1,Fe2+,CSc1ccc(/C=C(\NC(=O)c2ccc(C)cc2)c2nnc(C)c(C)n2)cc1.[Fe+2],0.7314377
TRZ01457,Cc1ccc(-n2ncc(-c3nnc(C)c(C)n3)c2C)cc1,Fe2+,Cc1ccc(-n2ncc(-c3nnc(C)c(C)n3)c2C)cc1.[Fe+2],0.7300544
TRZ00832,COCCn1cnc2c1c(=O)n(Cc1nnc(C)c(C)n1)c(=O)n2Cc1ccccc1,Fe2+,COCCn1cnc2c1c(=O)n(Cc1nnc(C)c(C)n1)c(=O)n2Cc1ccccc1.[Fe+2],0.7286053
TRZ00638,Cc1nnc(COc2ccc3oc4c(c3c2)CCCC4)nc1C,Fe2+,Cc1nnc(COc2ccc3oc4c(c3c2)CCCC4)nc1C.[Fe+2],0.7269759
TRZ01767,Cc1nnc(-c2nc(NCc3ccccc3)cc(N3CCc4ccccc4C3)n2)nc1C,Fe2+,Cc1nnc(-c2nc(NCc3ccccc3)cc(N3CCc4ccccc4C3)n2)nc1C.[Fe+2],0.72402287
TRZ02160,Cc1ccccc1-n1ncc(-c2nnc(C)c(C)n2)c1C,Fe2+,Cc1ccccc1-n1ncc(-c2nnc(C)c(C)n2)c1C.[Fe+2],0.7218261
TRZ01122,CSCCC(NC(=O)c1ccc(C(F)(F)F)cc1)c1nnc(C)c(C)n1,Fe2+,CSCCC(NC(=O)c1ccc(C(F)(F)F)cc1)c1nnc(C)c(C)n1.[Fe+2],0.72121906
TRZ01820,CCN(CC)c1nc2oc(C)c(-c3nnc(C)c(C)n3)c2c(=O)n1-c1ccccc1,Fe2+,CCN(CC)c1nc2oc(C)c(-c3nnc(C)c(C)n3)c2c(=O)n1-c1ccccc1.[Fe+2],0.7179384
TRZ03735,Cc1nnc(-c2nn(Cc3ccc(Cl)cc3F)c3cc(N)ccc23)nc1C,Fe2+,Cc1nnc(-c2nn(Cc3ccc(Cl)cc3F)c3cc(N)ccc23)nc1C.[Fe+2],0.71746635
TRZ01822,CCN(CC)c1nc2oc(C)c(-c3nnc(C)c(C)n3)c2c(=O)n1-c1cccc(C)c1,Fe2+,CCN(CC)c1nc2oc(C)c(-c3nnc(C)c(C)n3)c2c(=O)n1-c1cccc(C)c1.[Fe+2],0.7120223
TRZ05030,Cc1nnc(-c2cc(C(F)(F)F)ccc2N)nc1C,Fe2+,Cc1nnc(-c2cc(C(F)(F)F)ccc2N)nc1C.[Fe+2],0.7116337
TRZ05299,Cc1nnc(-c2nccnc2Nc2ccc(C(F)(F)F)cc2)nc1C,Fe2+,Cc1nnc(-c2nccnc2Nc2ccc(C(F)(F)F)cc2)nc1C.[Fe+2],0.7109232
TRZ01770,Cc1nnc(-c2nc(C(=O)N3CCc4ccccc4C3)cc(-c3ccccc3)n2)nc1C,Fe2+,Cc1nnc(-c2nc(C(=O)N3CCc4ccccc4C3)cc(-c3ccccc3)n2)nc1C.[Fe+2],0.7090783
TRZ00273,Cc1nnc(-c2ccccc2OCCOc2ccccc2)nc1C,Fe2+,Cc1nnc(-c2ccccc2OCCOc2ccccc2)nc1C.[Fe+2],0.7060499
TRZ01150,Cc1nnc(-c2cc(-c3ccc(Cl)cc3)nn2Cc2ccccc2)nc1C,Fe2+,Cc1nnc(-c2cc(-c3ccc(Cl)cc3)nn2Cc2ccccc2)nc1C.[Fe+2],0.7057967
TRZ01460,Cc1nnc(-c2cnn(C)c2)nc1C,Fe2+,Cc1nnc(-c2cnn(C)c2)nc1C.[Fe+2],0.7040744
TRZ05763,Cc1nnc(-c2cnc(NCc3cccc(C(F)(F)F)c3)nc2)nc1C,Fe2+,Cc1nnc(-c2cnc(NCc3cccc(C(F)(F)F)c3)nc2)nc1C.[Fe+2],0.70099545
TRZ01658,Cc1nnc(Cn2nc(N)c3c(C(F)(F)F)cc(-c4ccccc4)nc32)nc1C,Fe2+,Cc1nnc(Cn2nc(N)c3c(C(F)(F)F)cc(-c4ccccc4)nc32)nc1C.[Fe+2],0.70051336
TRZ03575,Cc1nnc(C(C)C(O)(Cn2cncn2)c2ccccc2F)nc1C,Fe2+,Cc1nnc(C(C)C(O)(Cn2cncn2)c2ccccc2F)nc1C.[Fe+2],0.7004914
TRZ00475,Cc1nnc(-c2cc(-c3ccccc3)sc2N)nc1C,Fe2+,Cc1nnc(-c2cc(-c3ccccc3)sc2N)nc1C.[Fe+2],0.7002034
TRZ01049,Cc1nnc(-c2nc(-c3ccc(C(F)(F)F)nc3)cc(-c3cc[nH]c3)n2)nc1C,Fe2+,Cc1nnc(-c2nc(-c3ccc(C(F)(F)F)nc3)cc(-c3cc[nH]c3)n2)nc1C.[Fe+2],0.69864655
TRZ00949,Cc1nnc(/C(=C/c2cccs2)NC(=O)c2ccccc2Cl)nc1C,Fe2+,Cc1nnc(/C(=C/c2cccs2)NC(=O)c2ccccc2Cl)nc1C.[Fe+2],0.69847775
TRZ03280,Cc1nnc(Cn2c(=O)c3cc(F)c(NC4CCCCC4)cc3n(C3CCCC3)c2=O)nc1C,Fe2+,Cc1nnc(Cn2c(=O)c3cc(F)c(NC4CCCCC4)cc3n(C3CCCC3)c2=O)nc1C.[Fe+2],0.69823694
TRZ02980,Cc1nnc(-c2cccc(Oc3cccc(C(F)(F)F)c3)n2)nc1C,Fe2+,Cc1nnc(-c2cccc(Oc3cccc(C(F)(F)F)c3)n2)nc1C.[Fe+2],0.6972127
TRZ00242,Cc1nnc(Cc2nn[nH]n2)nc1C,Fe2+,Cc1nnc(Cc2nn[nH]n2)nc1C.[Fe+2],0.6950655
TRZ05531,Cc1nnc(-c2ncccc2Nc2ccc(C(F)(F)F)cc2)nc1C,Fe2+,Cc1nnc(-c2ncccc2Nc2ccc(C(F)(F)F)cc2)nc1C.[Fe+2],0.6945324
TRZ01367,Cc1nnc(C(CC(O)c2ccc(Cl)cc2)CN2CCCCC2)nc1C,Fe2+,Cc1nnc(C(CC(O)c2ccc(Cl)cc2)CN2CCCCC2)nc1C.[Fe+2],0.692513
TRZ04089,Cc1nnc([C@@H](CCC(F)(F)F)N[C@H](C)c2ccccc2)nc1C,Fe2+,Cc1nnc([C@@H](CCC(F)(F)F)N[C@H](C)c2ccccc2)nc1C.[Fe+2],0.6919651
TRZ01813,Cc1nnc(C2C(=O)N(C)c3ccccc3N2C)nc1C,Fe2+,Cc1nnc(C2C(=O)N(C)c3ccccc3N2C)nc1C.[Fe+2],0.6905484
TRZ05764,Cc1nnc(-c2cnc(NCc3ccccc3C(F)(F)F)nc2)nc1C,Fe2+,Cc1nnc(-c2cnc(NCc3ccccc3C(F)(F)F)nc2)nc1C.[Fe+2],0.6886134
TRZ02854,Cc1nnc(CNn2c(C)nc3ccccc3c2=O)nc1C,Fe2+,Cc1nnc(CNn2c(C)nc3ccccc3c2=O)nc1C.[Fe+2],0.6851835
TRZ02708,Cc1nnc(-c2cn[nH]n2)nc1C,Fe2+,Cc1nnc(-c2cn[nH]n2)nc1C.[Fe+2],0.68366814
TRZ03571,Cc1nnc([C@H]2C[C@]3(NC(=O)NC3=O)c3cc(F)ccc3O2)nc1C,Fe2+,Cc1nnc([C@H]2C[C@]3(NC(=O)NC3=O)c3cc(F)ccc3O2)nc1C.[Fe+2],0.6835027
TRZ00640,Cc1nnc(CN2C(=O)Nc3ccc(Cl)cc3C2c2ccccc2)nc1C,Fe2+,Cc1nnc(CN2C(=O)Nc3ccc(Cl)cc3C2c2ccccc2)nc1C.[Fe+2],0.68147945
TRZ02159,Cc1nnc(-c2cc(-c3ccc(OCc4ccc(Cl)cc4)cc3)n[nH]2)nc1C,Fe2+,Cc1nnc(-c2cc(-c3ccc(OCc4ccc(Cl)cc4)cc3)n[nH]2)nc1C.[Fe+2],0.68110657
TRZ01289,Cc1nnc(CNC(C)Cc2cccc(C(F)(F)F)c2)nc1C,Fe2+,Cc1nnc(CNC(C)Cc2cccc(C(F)(F)F)c2)nc1C.[Fe+2],0.67935467
TRZ03563,Cc1nnc(-c2ncn3c2CN(C)C(=O)c2cc(F)ccc2-3)nc1C,Fe2+,Cc1nnc(-c2ncn3c2CN(C)C(=O)c2cc(F)ccc2-3)nc1C.[Fe+2],0.6775794
TRZ01552,Cc1nnc(Cn2c(=O)c3c(ncn3CC(C)C)n(Cc3ccccc3)c2=O)nc1C,Fe2+,Cc1nnc(Cn2c(=O)c3c(ncn3CC(C)C)n(Cc3ccccc3)c2=O)nc1C.[Fe+2],0.6757016
TRZ02300,Cc1nnc(-c2cc(-c3ccc(Br)cc3)n[nH]2)nc1C,Fe2+,Cc1nnc(-c2cc(-c3ccc(Br)cc3)n[nH]2)nc1C.[Fe+2],0.6691394
TRZ01888,Cc1nnc(-c2cncc(N3CC(C)OC(C)C3)n2)nc1C,Fe2+,Cc1nnc(-c2cncc(N3CC(C)OC(C)C3)n2)nc1C.[Fe+2],0.6660795
TRZ05783,Cc1cc(F)c2[nH]c(-c3ccc(F)cc3)c(-c3nnc(C)c(C)n3)c2c1,Fe2+,Cc1cc(F)c2[nH]c(-c3ccc(F)cc3)c(-c3nnc(C)c(C)n3)c2c1.[Fe+2],0.66434
TRZ02434,CCCOc1ccc(-c2cn(Cc3nnc(C)c(C)n3)cn2)cc1,Fe2+,CCCOc1ccc(-c2cn(Cc3nnc(C)c(C)n3)cn2)cc1.[Fe+2],0.6580968
TRZ05524,Cc1nnc(-c2cn(C(F)(F)F)nc2Nc2ccc(C(F)(F)F)cc2)nc1C,Fe2+,Cc1nnc(-c2cn(C(F)(F)F)nc2Nc2ccc(C(F)(F)F)cc2)nc1C.[Fe+2],0.6566639
TRZ00922,Cc1nnc(CNC(=O)c2ccccc2[N+](=O)[O-])nc1C,Fe2+,Cc1nnc(CNC(=O)c2ccccc2[N+](=O)[O-])nc1C.[Fe+2],0.6552167
TRZ05097,Cc1cc(F)c(C(=O)Nc2cccc(-c3nnc(C)c(C)n3)n2)cc1-n1cnc(C2CC2)c1,Fe2+,Cc1cc(F)c(C(=O)Nc2cccc(-c3nnc(C)c(C)n3)n2)cc1-n1cnc(C2CC2)c1.[Fe+2],0.6545477
TRZ02193,Cc1nnc(-c2cc3oc(-c4cccc(C(F)(F)F)c4)cc3[nH]2)nc1C,Fe2+,Cc1nnc(-c2cc3oc(-c4cccc(C(F)(F)F)c4)cc3[nH]2)nc1C.[Fe+2],0.6541481
TRZ01064,Cc1nnc(-c2cc3c(cc2Nc2ccc4c(c2)OCO4)OCCO3)nc1C,Fe2+,Cc1nnc(-c2cc3c(cc2Nc2ccc4c(c2)OCO4)OCCO3)nc1C.[Fe+2],0.6532464
TRZ05012,Cc1nnc(C(=N)c2cc(C(F)(F)F)ccc2NCc2ccc(F)cc2F)nc1C,Fe2+,Cc1nnc(C(=N)c2cc(C(F)(F)F)ccc2NCc2ccc(F)cc2F)nc1C.[Fe+2],0.6513567
TRZ03709,Cc1nnc(-c2nc(-c3ccccn3)nn2Cc2ccccc2F)nc1C,Fe2+,Cc1nnc(-c2nc(-c3ccccn3)nn2Cc2ccccc2F)nc1C.[Fe+2],0.65104485
TRZ03723,Cc1nnc(Cc2nc(C(F)(F)F)nc(-c3ccncc3)c2-c2ccccc2)nc1C,Fe2+,Cc1nnc(Cc2nc(C(F)(F)F)nc(-c3ccncc3)c2-c2ccccc2)nc1C.[Fe+2],0.6507149
TRZ00769,Cc1nnc(-c2cc(C(C)(C)C)[nH]n2)nc1C,Fe2+,Cc1nnc(-c2cc(C(C)(C)C)[nH]n2)nc1C.[Fe+2],0.64900064
TRZ00972,COc1ccccc1OCC(O)Cn1nc(-c2ccc(Cl)cc2)cc1-c1nnc(C)c(C)n1,Fe2+,COc1ccccc1OCC(O)Cn1nc(-c2ccc(Cl)cc2)cc1-c1nnc(C)c(C)n1.[Fe+2],0.64456606
TRZ01190,Cc1nnc(CN2CC(c3ccccc3)CC2=O)nc1C,Fe2+,Cc1nnc(CN2CC(c3ccccc3)CC2=O)nc1C.[Fe+2],0.64370346
TRZ01545,CSc1ncc(-c2nnc(C)c(C)n2)n1C,Fe2+,CSc1ncc(-c2nnc(C)c(C)n2)n1C.[Fe+2],0.6432414
TRZ04442,Cc1nnc(-c2c(F)ccc(O)c2O)nc1C,Fe2+,Cc1nnc(-c2c(F)ccc(O)c2O)nc1C.[Fe+2],0.6427064
TRZ00864,Cc1ccc(-c2cc(-c3nnc(C)c(C)n3)[nH]n2)cc1,Fe2+,Cc1ccc(-c2cc(-c3nnc(C)c(C)n3)[nH]n2)cc1.[Fe+2],0.64228344
TRZ02560,Cc1nnc(-c2ncn(-c3cccc(Cl)c3)c2-c2ccccc2)nc1C,Fe2+,Cc1nnc(-c2ncn(-c3cccc(Cl)c3)c2-c2ccccc2)nc1C.[Fe+2],0.6415734
TRZ03570,Cc1nnc([C@H]2C[C@@]3(NC(=O)NC3=O)c3cc(F)ccc3O2)nc1C,Fe2+,Cc1nnc([C@H]2C[C@@]3(NC(=O)NC3=O)c3cc(F)ccc3O2)nc1C.[Fe+2],0.6409435
TRZ01275,COc1ccccc1-c1cc(Nc2ccc(OC)c(-c3nnc(C)c(C)n3)c2)ncn1,Fe2+,COc1ccccc1-c1cc(Nc2ccc(OC)c(-c3nnc(C)c(C)n3)c2)ncn1.[Fe+2],0.63864183
TRZ05782,Cc1ccnc(-c2[nH]c3c(F)cc(F)cc3c2-c2nnc(C)c(C)n2)c1,Fe2+,Cc1ccnc(-c2[nH]c3c(F)cc(F)cc3c2-c2nnc(C)c(C)n2)c1.[Fe+2],0.63681316
TRZ03473,Cc1nnc(-c2nn(Cc3ccc(Cl)cc3F)c3cc(N(C)C)ccc23)nc1C,Fe2+,Cc1nnc(-c2nn(Cc3ccc(Cl)cc3F)c3cc(N(C)C)ccc23)nc1C.[Fe+2],0.63637877
TRZ01786,Cc1nnc(-c2nccc(N3CCc4ccccc4C3)n2)nc1C,Fe2+,Cc1nnc(-c2nccc(N3CCc4ccccc4C3)n2)nc1C.[Fe+2],0.6348553
TRZ02152,COc1ccc(-n2ncc(-c3nnc(C)c(C)n3)c2C)cc1,Fe2+,COc1ccc(-n2ncc(-c3nnc(C)c(C)n3)c2C)cc1.[Fe+2],0.63452005
TRZ04714,Cc1nnc(C(C)(C)c2ccc(C(F)(F)F)cn2)nc1C,Fe2+,Cc1nnc(C(C)(C)c2ccc(C(F)(F)F)cn2)nc1C.[Fe+2],0.632669
TRZ00218,Cc1nnc(-c2cc(-c3ccccc3)n[nH]2)nc1C,Fe2+,Cc1nnc(-c2cc(-c3ccccc3)n[nH]2)nc1C.[Fe+2],0.6326308
TRZ00154,Cc1nnc(-c2c(C)nc3ccccn23)nc1C,Fe2+,Cc1nnc(-c2c(C)nc3ccccn23)nc1C.[Fe+2],0.6324158
TRZ05498,COc1ccc(-c2cncc(-c3nnc(C)c(C)n3)n2)c(OC(F)(F)F)c1,Fe2+,COc1ccc(-c2cncc(-c3nnc(C)c(C)n3)n2)c(OC(F)(F)F)c1.[Fe+2],0.6310415
TRZ05236,Cc1nnc(-c2ncc(C(F)F)cc2-c2cnc(C3CC3)nc2)nc1C,Fe2+,Cc1nnc(-c2ncc(C(F)F)cc2-c2cnc(C3CC3)nc2)nc1C.[Fe+2],0.62886286
TRZ03853,CC(=O)N1C(=O)NC2(CC(c3nnc(C)c(C)n3)Oc3ccc(F)cc32)C1=O,Fe2+,CC(=O)N1C(=O)NC2(CC(c3nnc(C)c(C)n3)Oc3ccc(F)cc32)C1=O.[Fe+2],0.62678385
TRZ01158,Cc1nnc(C(=O)Nc2cccccc2=O)nc1C,Fe2+,Cc1nnc(C(=O)Nc2cccccc2=O)nc1C.[Fe+2],0.6249447
TRZ01602,Cc1nnc(-c2nnn(Nc3ccc(Br)cc3)c2C)nc1C,Fe2+,Cc1nnc(-c2nnn(Nc3ccc(Br)cc3)c2C)nc1C.[Fe+2],0.62452555
TRZ02325,Cc1nnc(COc2ccc(Oc3ccccc3)cc2)nc1C,Fe2+,Cc1nnc(COc2ccc(Oc3ccccc3)cc2)nc1C.[Fe+2],0.623003
TRZ01496,Cc1cc(N)c(-c2nnc(C)c(C)n2)cc1C,Fe2+,Cc1cc(N)c(-c2nnc(C)c(C)n2)cc1C.[Fe+2],0.6224451
TRZ02026,Cc1nnc(Cn2ccnc2)nc1C,Fe2+,Cc1nnc(Cn2ccnc2)nc1C.[Fe+2],0.61908865
TRZ01048,Cc1nnc(-c2nc(-c3ccccc3)cc(N3CCc4ccncc4C3)n2)nc1C,Fe2+,Cc1nnc(-c2nc(-c3ccccc3)cc(N3CCc4ccncc4C3)n2)nc1C.[Fe+2],0.61777973
TRZ01766,Cc1nnc(-c2nc(-c3ccccc3)cc(N3CCc4ccccc4CC3)n2)nc1C,Fe2+,Cc1nnc(-c2nc(-c3ccccc3)cc(N3CCc4ccccc4CC3)n2)nc1C.[Fe+2],0.61682224
TRZ05673,Cc1nnc(Cc2nc(C3CCOCC3)ccc2F)nc1C,Fe2+,Cc1nnc(Cc2nc(C3CCOCC3)ccc2F)nc1C.[Fe+2],0.6162586
TRZ00373,CCOC(=O)c1cc(-c2nnc(C)c(C)n2)c(=O)[nH]c1C,Fe2+,CCOC(=O)c1cc(-c2nnc(C)c(C)n2)c(=O)[nH]c1C.[Fe+2],0.61532164
TRZ02213,Cc1nnc(Cn2c(Cc3ccc(F)cc3)nc3ccccc32)nc1C,Fe2+,Cc1nnc(Cn2c(Cc3ccc(F)cc3)nc3ccccc32)nc1C.[Fe+2],0.61510277
TRZ05361,CCNc1ccc(Oc2cccc(C(F)(F)F)c2)nc1-c1nnc(C)c(C)n1,Fe2+,CCNc1ccc(Oc2cccc(C(F)(F)F)c2)nc1-c1nnc(C)c(C)n1.[Fe+2],0.615036
TRZ04241,Cc1ccc(-c2nnc(C)c(C)n2)c(NC(=O)c2cn(-c3ncccc3Cl)nc2C(F)(F)F)c1,Fe2+,Cc1ccc(-c2nnc(C)c(C)n2)c(NC(=O)c2cn(-c3ncccc3Cl)nc2C(F)(F)F)c1.[Fe+2],0.6149802
TRZ02375,Cc1ccc(-c2nnn(Cc3nnc(C)c(C)n3)n2)cc1Cl,Fe2+,Cc1ccc(-c2nnn(Cc3nnc(C)c(C)n3)n2)cc1Cl.[Fe+2],0.61165667
TRZ00948,Cc1nnc(COc2cccc(Oc3ccccc3)c2)nc1C,Fe2+,Cc1nnc(COc2cccc(Oc3ccccc3)c2)nc1C.[Fe+2],0.6116061
TRZ03001,Cc1nnc(C2=Nc3ccc(C(F)(F)F)cc3C(c3ccccc3)=NC2)nc1C,Fe2+,Cc1nnc(C2=Nc3ccc(C(F)(F)F)cc3C(c3ccccc3)=NC2)nc1C.[Fe+2],0.610127
TRZ00792,Cc1nnc(-c2cc(F)cnc2N2CCOCC2)nc1C,Fe2+,Cc1nnc(-c2cc(F)cnc2N2CCOCC2)nc1C.[Fe+2],0.60986614
TRZ02330,Cc1nnc(CSc2nnc(-c3ccc(Br)cc3)n2-c2ccccc2)nc1C,Fe2+,Cc1nnc(CSc2nnc(-c3ccc(Br)cc3)n2-c2ccccc2)nc1C.[Fe+2],0.6094074
TRZ05714,Cc1nnc(-c2cc(F)cnc2N2CCN(C(=O)OC(C)(C)C)CC2)nc1C,Fe2+,Cc1nnc(-c2cc(F)cnc2N2CCN(C(=O)OC(C)(C)C)CC2)nc1C.[Fe+2],0.6066823
TRZ02273,Cc1nnc(C(C)NC(=O)C(Cc2c[nH]c3ccccc23)NC(=O)OC(C)(C)C)nc1C,Fe2+,Cc1nnc(C(C)NC(=O)C(Cc2c[nH]c3ccccc23)NC(=O)OC(C)(C)C)nc1C.[Fe+2],0.60237646
TRZ00700,Cc1nnc(COc2nc3scc(-c4ccccc4)c3c(=O)n2-c2ccccc2)nc1C,Fe2+,Cc1nnc(COc2nc3scc(-c4ccccc4)c3c(=O)n2-c2ccccc2)nc1C.[Fe+2],0.601243
TRZ05741,Cc1nnc(-c2ccnc(-c3ccc(OC(F)F)nc3)n2)nc1C,Fe2+,Cc1nnc(-c2ccnc(-c3ccc(OC(F)F)nc3)n2)nc1C.[Fe+2],0.60078
TRZ02565,CCCNc1nc2oc(C)c(-c3nnc(C)c(C)n3)c2c(=O)n1-c1cccc(C)c1,Fe2+,CCCNc1nc2oc(C)c(-c3nnc(C)c(C)n3)c2c(=O)n1-c1cccc(C)c1.[Fe+2],0.59774303
TRZ01034,COc1cc(-c2cc(-c3ccc(C(F)(F)F)nc3)nc(-c3nnc(C)c(C)n3)n2)ccn1,Fe2+,COc1cc(-c2cc(-c3ccc(C(F)(F)F)nc3)nc(-c3nnc(C)c(C)n3)n2)ccn1.[Fe+2],0.5971422
TRZ05690,Cc1nnc(-c2ccc(OC(F)(F)F)nc2)nc1C,Fe2+,Cc1nnc(-c2ccc(OC(F)(F)F)nc2)nc1C.[Fe+2],0.5957155
TRZ01221,CCn1cc(-c2nnc(C)c(C)n2)c(=O)c2cc(Br)ccc21,Fe2+,CCn1cc(-c2nnc(C)c(C)n2)c(=O)c2cc(Br)ccc21.[Fe+2],0.5950122
TRZ04725,Cc1nnc([C@H](CNC(=O)OC(C)(C)C)Nc2cccc(OC(F)(F)F)c2)nc1C,Fe2+,Cc1nnc([C@H](CNC(=O)OC(C)(C)C)Nc2cccc(OC(F)(F)F)c2)nc1C.[Fe+2],0.59404993
TRZ02227,Cc1nnc(-c2[nH]c3cc(F)ccc3c2C)nc1C,Fe2+,Cc1nnc(-c2[nH]c3cc(F)ccc3c2C)nc1C.[Fe+2],0.5917392
TRZ01741,Cc1nnc(-c2cc3ccc(OCc4ccccc4)cc3oc2=O)nc1C,Fe2+,Cc1nnc(-c2cc3ccc(OCc4ccccc4)cc3oc2=O)nc1C.[Fe+2],0.591722
TRZ00857,Cc1nnc(CSc2ccccc2O)nc1C,Fe2+,Cc1nnc(CSc2ccccc2O)nc1C.[Fe+2],0.59090376
TRZ02659,Cc1nnc([C@@H]2C=C3c4cccc5[nH]cc(c45)C[C@H]3N(C)C2)nc1C,Fe2+,Cc1nnc([C@@H]2C=C3c4cccc5[nH]cc(c45)C[C@H]3N(C)C2)nc1C.[Fe+2],0.5902772
TRZ00107,Cc1nnc(COc2ccc3c(C)c(C)c(=O)oc3c2)nc1C,Fe2+,Cc1nnc(COc2ccc3c(C)c(C)c(=O)oc3c2)nc1C.[Fe+2],0.58966446
TRZ03369,Cc1ccc(NC(=O)c2cc(C(F)(F)F)nn2-c2ncccc2Cl)c(-c2nnc(C)c(C)n2)c1,Fe2+,Cc1ccc(NC(=O)c2cc(C(F)(F)F)nn2-c2ncccc2Cl)c(-c2nnc(C)c(C)n2)c1.[Fe+2],0.588212
TRZ01183,Cc1nnc(-c2cnc(NCc3ccccc3)nc2)nc1C,Fe2+,Cc1nnc(-c2cnc(NCc3ccccc3)nc2)nc1C.[Fe+2],0.58778524
TRZ02461,Cc1nnc(CNC(C)c2ccccc2)nc1C,Fe2+,Cc1nnc(CNC(C)c2ccccc2)nc1C.[Fe+2],0.58756304
TRZ02884,Cc1nnc(-c2ccccc2Oc2ccccc2F)nc1C,Fe2+,Cc1nnc(-c2ccccc2Oc2ccccc2F)nc1C.[Fe+2],0.5873575
TRZ04390,Cc1nnc(-c2ccc(NCc3cccc(OC(F)(F)F)c3)nc2)nc1C,Fe2+,Cc1nnc(-c2ccc(NCc3cccc(OC(F)(F)F)c3)nc2)nc1C.[Fe+2],0.5839553
TRZ04005,Cc1nnc(-c2ncccc2C(=O)CN(CC(F)(F)F)c2ccc(C#N)c(C(F)(F)F)c2)nc1C,Fe2+,Cc1nnc(-c2ncccc2C(=O)CN(CC(F)(F)F)c2ccc(C#N)c(C(F)(F)F)c2)nc1C.[Fe+2],0.5837617
TRZ01736,Cc1nnc(-c2cc3ccc(OCc4ccc([N+](=O)[O-])cc4)cc3oc2=O)nc1C,Fe2+,Cc1nnc(-c2cc3ccc(OCc4ccc([N+](=O)[O-])cc4)cc3oc2=O)nc1C.[Fe+2],0.5833702
TRZ02336,Cc1nnc(C(=O)Nc2nc(-c3ccc(Cl)cc3)cs2)nc1C,Fe2+,Cc1nnc(C(=O)Nc2nc(-c3ccc(Cl)cc3)cs2)nc1C.[Fe+2],0.5821638
TRZ04978,Cc1nnc(CN(CC(C)(F)F)c2ccc(C#N)c(C(F)(F)F)c2)nc1C,Fe2+,Cc1nnc(CN(CC(C)(F)F)c2ccc(C#N)c(C(F)(F)F)c2)nc1C.[Fe+2],0.5821247
TRZ01990,Cc1nnc(-c2cc(N)c(=O)[nH]n2)nc1C,Fe2+,Cc1nnc(-c2cc(N)c(=O)[nH]n2)nc1C.[Fe+2],0.5820031
TRZ00313,COc1ccc(-c2cc(-c3nnc(C)c(C)n3)[nH]n2)cc1,Fe2+,COc1ccc(-c2cc(-c3nnc(C)c(C)n3)[nH]n2)cc1.[Fe+2],0.5805502
TRZ05797,Cc1nnc(C(N)(F)c2ccccc2)nc1C,Fe2+,Cc1nnc(C(N)(F)c2ccccc2)nc1C.[Fe+2],0.5804148
TRZ00187,Cc1nnc(-c2ccc[nH]2)nc1C,Fe2+,Cc1nnc(-c2ccc[nH]2)nc1C.[Fe+2],0.5796585
TRZ01325,Cc1nnc(Cn2c(C)nc3ccc(Br)cc3c2=O)nc1C,Fe2+,Cc1nnc(Cn2c(C)nc3ccc(Br)cc3c2=O)nc1C.[Fe+2],0.5790944
TRZ02004,Cc1nnc(CN2c3ccccc3Sc3ccccc32)nc1C,Fe2+,Cc1nnc(CN2c3ccccc3Sc3ccccc32)nc1C.[Fe+2],0.57869816
TRZ02976,Cc1nnc(-c2cncc(-c3c(F)cccc3F)c2)nc1C,Fe2+,Cc1nnc(-c2cncc(-c3c(F)cccc3F)c2)nc1C.[Fe+2],0.57783127
TRZ04437,Cc1nnc(CC(=O)Nc2cccc(F)c2)nc1C,Fe2+,Cc1nnc(CC(=O)Nc2cccc(F)c2)nc1C.[Fe+2],0.57632065
TRZ05859,Cc1nnc(Cc2nc(C(F)(F)F)nc(-c3ccncc3)c2-c2ccc(F)cc2)nc1C,Fe2+,Cc1nnc(Cc2nc(C(F)(F)F)nc(-c3ccncc3)c2-c2ccc(F)cc2)nc1C.[Fe+2],0.5761657
TRZ01638,Cc1ccccc1-n1c(C)nc2c(OCc3nnc(C)c(C)n3)cccc2c1=O,Fe2+,Cc1ccccc1-n1c(C)nc2c(OCc3nnc(C)c(C)n3)cccc2c1=O.[Fe+2],0.572536
TRZ01771,Cc1nnc(-c2nc(-c3ccccc3)cc(-c3cccnc3)n2)nc1C,Fe2+,Cc1nnc(-c2nc(-c3ccccc3)cc(-c3cccnc3)n2)nc1C.[Fe+2],0.56769276
TRZ03035,Cc1nnc(C(c2ccc(F)cc2)N2CCc3sccc3C2)nc1C,Fe2+,Cc1nnc(C(c2ccc(F)cc2)N2CCc3sccc3C2)nc1C.[Fe+2],0.5662012
TRZ01393,CC(=O)Nc1ccc(C(=O)N/C(=C\c2ccc(N(C)C)cc2)c2nnc(C)c(C)n2)cc1,Fe2+,CC(=O)Nc1ccc(C(=O)N/C(=C\c2ccc(N(C)C)cc2)c2nnc(C)c(C)n2)cc1.[Fe+2],0.564744
TRZ03472,Cc1nnc(-c2nn(Cc3ccc(Cl)cc3F)c3cccnc23)nc1C,Fe2+,Cc1nnc(-c2nn(Cc3ccc(Cl)cc3F)c3cccnc23)nc1C.[Fe+2],0.56097794
TRZ03717,CC(=O)c1cc(N2CCC(Oc3ccccc3C(F)(F)F)CC2)nnc1-c1nnc(C)c(C)n1,Fe2+,CC(=O)c1cc(N2CCC(Oc3ccccc3C(F)(F)F)CC2)nnc1-c1nnc(C)c(C)n1.[Fe+2],0.559484
TRZ01067,Cc1nnc(-c2nc(-c3ccc(C4CC4)nc3)cc(-c3ccc(C(F)(F)F)nc3)n2)nc1C,Fe2+,Cc1nnc(-c2nc(-c3ccc(C4CC4)nc3)cc(-c3ccc(C(F)(F)F)nc3)n2)nc1C.[Fe+2],0.5588269
TRZ03639,Cc1nnc(-c2cc3c(N)cnnc3c(F)c2Nc2ccc(Br)cc2F)nc1C,Fe2+,Cc1nnc(-c2cc3c(N)cnnc3c(F)c2Nc2ccc(Br)cc2F)nc1C.[Fe+2],0.55864525
TRZ02994,Cc1nnc(C2=Nc3cc(Cl)ccc3C(c3ccccc3F)=NC2)nc1C,Fe2+,Cc1nnc(C2=Nc3cc(Cl)ccc3C(c3ccccc3F)=NC2)nc1C.[Fe+2],0.5574169
TRZ04888,Cc1nnc(-c2ccc(C(C)C(C)n3[nH]c(=O)nc3-c3ccc(F)cc3F)cn2)nc1C,Fe2+,Cc1nnc(-c2ccc(C(C)C(C)n3[nH]c(=O)nc3-c3ccc(F)cc3F)cn2)nc1C.[Fe+2],0.5518184
TRZ03155,Cc1nnc(-c2ccc(N3CC(OCc4ccccc4C(F)(F)F)C3)nn2)nc1C,Fe2+,Cc1nnc(-c2ccc(N3CC(OCc4ccccc4C(F)(F)F)C3)nn2)nc1C.[Fe+2],0.5512681
TRZ02614,Cc1nnc(-c2cc3sccc3[nH]2)nc1C,Fe2+,Cc1nnc(-c2cc3sccc3[nH]2)nc1C.[Fe+2],0.5494089
TRZ02157,Cc1nnc(-c2cc(-c3ccc(F)cc3)n[nH]2)nc1C,Fe2+,Cc1nnc(-c2cc(-c3ccc(F)cc3)n[nH]2)nc1C.[Fe+2],0.54488516
TRZ05495,COc1ccc(-c2cncc(-c3nnc(C)c(C)n3)n2)c(F)c1,Fe2+,COc1ccc(-c2cncc(-c3nnc(C)c(C)n3)n2)c(F)c1.[Fe+2],0.54351187
TRZ01505,Cc1nnc(-c2cc(-c3ccccc3)n(-c3ccccc3)n2)nc1C,Fe2+,Cc1nnc(-c2cc(-c3ccccc3)n(-c3ccccc3)n2)nc1C.[Fe+2],0.5431452
TRZ01817,Cc1nnc(-c2ncn(-c3cccc(Cl)c3)c2-c2ccc(F)cc2)nc1C,Fe2+,Cc1nnc(-c2ncn(-c3cccc(Cl)c3)c2-c2ccc(F)cc2)nc1C.[Fe+2],0.5428877
TRZ05169,Cc1nnc(C(N)c2ccc(F)c(Br)c2)nc1C,Fe2+,Cc1nnc(C(N)c2ccc(F)c(Br)c2)nc1C.[Fe+2],0.5425029
TRZ02546,Cc1nnc(Cn2cncc2-c2ccc(OCO)c(OCO)c2)nc1C,Fe2+,Cc1nnc(Cn2cncc2-c2ccc(OCO)c(OCO)c2)nc1C.[Fe+2],0.54047346
TRZ02279,Cc1nnc(CNC(=O)C(Cc2c[nH]c3ccccc23)NC(=O)OCc2ccccc2)nc1C,Fe2+,Cc1nnc(CNC(=O)C(Cc2c[nH]c3ccccc23)NC(=O)OCc2ccccc2)nc1C.[Fe+2],0.53844976
TRZ01405,CCOC(=O)c1c(C)oc2ccc(OCc3nnc(C)c(C)n3)cc12,Fe2+,CCOC(=O)c1c(C)oc2ccc(OCc3nnc(C)c(C)n3)cc12.[Fe+2],0.53833866
TRZ02511,Cc1nnc(-c2sc3nc4n(c(=N)c3c2C)CCC4)nc1C,Fe2+,Cc1nnc(-c2sc3nc4n(c(=N)c3c2C)CCC4)nc1C.[Fe+2],0.53495884
TRZ01664,C#CCn1cc(-c2nnc(C)c(C)n2)c(=O)c2cccc(C(F)(F)F)c21,Fe2+,C#CCn1cc(-c2nnc(C)c(C)n2)c(=O)c2cccc(C(F)(F)F)c21.[Fe+2],0.534935
TRZ01613,Cc1nnc(-c2cc(-c3ccccc3)nn2Cc2ccc(Cl)nc2)nc1C,Fe2+,Cc1nnc(-c2cc(-c3ccccc3)nn2Cc2ccc(Cl)nc2)nc1C.[Fe+2],0.53308773
TRZ03843,Cc1nnc(-c2cc(N(C)C)cc(Oc3cccc(C(F)(F)F)c3)n2)nc1C,Fe2+,Cc1nnc(-c2cc(N(C)C)cc(Oc3cccc(C(F)(F)F)c3)n2)nc1C.[Fe+2],0.531919
TRZ00828,COc1cccc(-n2c(Cc3nnc(C)c(C)n3)csc2=NCc2ccco2)c1,Fe2+,COc1cccc(-n2c(Cc3nnc(C)c(C)n3)csc2=NCc2ccco2)c1.[Fe+2],0.5312638
TRZ02753,Cc1nnc(C(C)c2ccn[nH]2)nc1C,Fe2+,Cc1nnc(C(C)c2ccn[nH]2)nc1C.[Fe+2],0.52639294
TRZ01522,Cc1nnc(Cn2nnc(-c3cc(C(F)(F)F)cc(C(F)(F)F)c3)n2)nc1C,Fe2+,Cc1nnc(Cn2nnc(-c3cc(C(F)(F)F)cc(C(F)(F)F)c3)n2)nc1C.[Fe+2],0.5257249
TRZ02816,Cc1nnc(Cn2nnc(-c3ccccc3C(F)(F)F)n2)nc1C,Fe2+,Cc1nnc(Cn2nnc(-c3ccccc3C(F)(F)F)n2)nc1C.[Fe+2],0.52419424
TRZ03261,Cc1nnc(-c2nn(Cc3ccccc3F)c3ncccc23)nc1C,Fe2+,Cc1nnc(-c2nn(Cc3ccccc3F)c3ncccc23)nc1C.[Fe+2],0.5241051
TRZ02335,Cc1ccc(S(=O)(=O)Nc2ccccc2-c2nnc(C)c(C)n2)cc1,Fe2+,Cc1ccc(S(=O)(=O)Nc2ccccc2-c2nnc(C)c(C)n2)cc1.[Fe+2],0.51990175
TRZ02169,Cc1ccc(-n2c(SCc3nnc(C)c(C)n3)nnc2-c2ccc(Cl)cc2)cc1,Fe2+,Cc1ccc(-n2c(SCc3nnc(C)c(C)n3)nnc2-c2ccc(Cl)cc2)cc1.[Fe+2],0.51874876
TRZ00521,Cc1nnc(/C(C#N)=N/Nc2c(Cl)cccc2Cl)nc1C,Fe2+,Cc1nnc(/C(C#N)=N/Nc2c(Cl)cccc2Cl)nc1C.[Fe+2],0.5176878
TRZ01401,COc1ccccc1-n1ncc(-c2nnc(C)c(C)n2)c1C,Fe2+,COc1ccccc1-n1ncc(-c2nnc(C)c(C)n2)c1C.[Fe+2],0.515625
TRZ01793,Cc1nnc(-c2nc(-c3ccccc3)cc(N3CCCC3c3ccccc3)n2)nc1C,Fe2+,Cc1nnc(-c2nc(-c3ccccc3)cc(N3CCCC3c3ccccc3)n2)nc1C.[Fe+2],0.5145383
TRZ00661,Cc1nnc(-c2[nH]c3ccc(Cl)cc3c2-c2ccccc2)nc1C,Fe2+,Cc1nnc(-c2[nH]c3ccc(Cl)cc3c2-c2ccccc2)nc1C.[Fe+2],0.5141711
TRZ02995,Cc1nnc(C2=Nc3ccccc3C(c3ccccc3F)=NC2)nc1C,Fe2+,Cc1nnc(C2=Nc3ccccc3C(c3ccccc3F)=NC2)nc1C.[Fe+2],0.5127077
TRZ02571,CCCNc1nc2oc(C)c(-c3nnc(C)c(C)n3)c2c(=O)n1-c1ccccc1,Fe2+,CCCNc1nc2oc(C)c(-c3nnc(C)c(C)n3)c2c(=O)n1-c1ccccc1.[Fe+2],0.5124974
TRZ05272,Cc1nnc(-c2cc(=S)cc(C(F)(F)F)[nH]2)nc1C,Fe2+,Cc1nnc(-c2cc(=S)cc(C(F)(F)F)[nH]2)nc1C.[Fe+2],0.5120897
TRZ02230,Cc1nnc(Cn2cc(C(=O)O)c(=O)c3cc(F)c(Cl)cc32)nc1C,Fe2+,Cc1nnc(Cn2cc(C(=O)O)c(=O)c3cc(F)c(Cl)cc32)nc1C.[Fe+2],0.5118413
TRZ00907,COc1ccc2oc(C)c(-c3nnc(C)c(C)n3)c2c1,Fe2+,COc1ccc2oc(C)c(-c3nnc(C)c(C)n3)c2c1.[Fe+2],0.51160336
TRZ05535,Cc1nc(N2CC3(CCN(c4nccc(-c5nnc(C)c(C)n5)n4)C3)C2)cc(C(F)(F)F)n1,Fe2+,Cc1nc(N2CC3(CCN(c4nccc(-c5nnc(C)c(C)n5)n4)C3)C2)cc(C(F)(F)F)n1.[Fe+2],0.511539
TRZ01601,Cc1nnc(-c2nnn(Nc3ccccc3)c2C)nc1C,Fe2+,Cc1nnc(-c2nnn(Nc3ccccc3)c2C)nc1C.[Fe+2],0.5104151
TRZ01203,Cc1nnc(-c2cccnc2N)nc1C,Fe2+,Cc1nnc(-c2cccnc2N)nc1C.[Fe+2],0.51040506
TRZ00267,CSc1ccc(/C=C(\NC(=O)c2ccccc2)c2nnc(C)c(C)n2)cc1,Fe2+,CSc1ccc(/C=C(\NC(=O)c2ccccc2)c2nnc(C)c(C)n2)cc1.[Fe+2],0.51010466
TRZ02567,CCCCNc1nc2oc(C)c(-c3nnc(C)c(C)n3)c2c(=O)n1-c1cccc(C)c1,Fe2+,CCCCNc1nc2oc(C)c(-c3nnc(C)c(C)n3)c2c(=O)n1-c1cccc(C)c1.[Fe+2],0.5093198
TRZ05787,Cc1nnc(-c2c(-c3ccc(Cl)cn3)[nH]c3c(F)cc(F)cc23)nc1C,Fe2+,Cc1nnc(-c2c(-c3ccc(Cl)cn3)[nH]c3c(F)cc(F)cc23)nc1C.[Fe+2],0.5068073
TRZ00935,CCOC(=O)c1cc(-c2nnc(C)c(C)n2)c(C)nc1C,Fe2+,CCOC(=O)c1cc(-c2nnc(C)c(C)n2)c(C)nc1C.[Fe+2],0.5062771
TRZ04136,Cc1nnc(C(N)c2ccccc2F)nc1C,Fe2+,Cc1nnc(C(N)c2ccccc2F)nc1C.[Fe+2],0.50316
TRZ02369,Cc1nnc(-c2[nH]ncc2-c2ccc(Cl)cc2Cl)nc1C,Fe2+,Cc1nnc(-c2[nH]ncc2-c2ccc(Cl)cc2Cl)nc1C.[Fe+2],0.5028043
TRZ05212,Cc1nnc(-c2ncn3c2[C@@H]2CCN2C(=O)c2c-3ccc(F)c2F)nc1C,Fe2+,Cc1nnc(-c2ncn3c2[C@@H]2CCN2C(=O)c2c-3ccc(F)c2F)nc1C.[Fe+2],0.5024071
TRZ03149,Cc1nnc(-c2cn3ccnc3c(F)c2Nc2ccc(Br)cc2F)nc1C,Fe2+,Cc1nnc(-c2cn3ccnc3c(F)c2Nc2ccc(Br)cc2F)nc1C.[Fe+2],0.5023508
TRZ00136,Cc1cc(C)cc(S(=O)(=O)c2c(-c3nnc(C)c(C)n3)[nH]c3ccc(Cl)cc23)c1,Fe2+,Cc1cc(C)cc(S(=O)(=O)c2c(-c3nnc(C)c(C)n3)[nH]c3ccc(Cl)cc23)c1.[Fe+2],0.5016823
TRZ03689,Cc1nnc(-c2ccc(N3CCC(Oc4ccccc4C(F)(F)F)CC3)nn2)nc1C,Fe2+,Cc1nnc(-c2ccc(N3CCC(Oc4ccccc4C(F)(F)F)CC3)nn2)nc1C.[Fe+2],0.5016165
TRZ05926,Cc1nnc(-c2ncc(C(F)(F)F)cc2C2CNCCO2)nc1C,Fe2+,Cc1nnc(-c2ncc(C(F)(F)F)cc2C2CNCCO2)nc1C.[Fe+2],0.49923897
TRZ03156,[C-]#[N+]c1ccc(N(Cc2nnc(C)c(C)n2)CC(F)(F)F)cc1C(F)(F)F,Fe2+,[C-]#[N+]c1ccc(N(Cc2nnc(C)c(C)n2)CC(F)(F)F)cc1C(F)(F)F.[Fe+2],0.49923754
TRZ02568,CCCN(CCC)c1nc2oc(C)c(-c3nnc(C)c(C)n3)c2c(=O)n1-c1ccc(C)cc1,Fe2+,CCCN(CCC)c1nc2oc(C)c(-c3nnc(C)c(C)n3)c2c(=O)n1-c1ccc(C)cc1.[Fe+2],0.49847698
TRZ01056,Cc1nnc(-c2nc(-c3ccc(C(F)(F)F)nc3)cc(-c3ccsc3)n2)nc1C,Fe2+,Cc1nnc(-c2nc(-c3ccc(C(F)(F)F)nc3)cc(-c3ccsc3)n2)nc1C.[Fe+2],0.49766302
TRZ02662,Cc1nnc(-c2[nH]c3ccccc3c2C)nc1C,Fe2+,Cc1nnc(-c2[nH]c3ccccc3c2C)nc1C.[Fe+2],0.49731016
TRZ02557,COc1ccc(-c2c(-c3nnc(C)c(C)n3)ncn2-c2cccc(Cl)c2)cc1,Fe2+,COc1ccc(-c2c(-c3nnc(C)c(C)n3)ncn2-c2cccc(Cl)c2)cc1.[Fe+2],0.49594975
TRZ01938,Cc1nnc(CNC(=O)c2ccco2)nc1C,Fe2+,Cc1nnc(CNC(=O)c2ccco2)nc1C.[Fe+2],0.4955454
TRZ04661,CCCC(F)N(CC(c1ccccc1)c1nnc(C)c(C)n1)C(=O)O,Fe2+,CCCC(F)N(CC(c1ccccc1)c1nnc(C)c(C)n1)C(=O)O.[Fe+2],0.49046612
TRZ00473,Cc1nnc(-c2cc3nc(-c4cccs4)cc(C(F)(F)F)n3n2)nc1C,Fe2+,Cc1nnc(-c2cc3nc(-c4cccs4)cc(C(F)(F)F)n3n2)nc1C.[Fe+2],0.48551702
TRZ03621,Cc1nnc(CCN(Cc2cc3c(cc2F)OCCO3)C(=O)C(C)(C)C)nc1C,Fe2+,Cc1nnc(CCN(Cc2cc3c(cc2F)OCCO3)C(=O)C(C)(C)C)nc1C.[Fe+2],0.48153353
TRZ01652,Cc1nnc(CCn2nc3sc4ccccc4n3c2=S)nc1C,Fe2+,Cc1nnc(CCn2nc3sc4ccccc4n3c2=S)nc1C.[Fe+2],0.48119402
TRZ02556,Cc1cccc(-c2c(-c3nnc(C)c(C)n3)ncn2-c2cccc(Cl)c2)c1,Fe2+,Cc1cccc(-c2c(-c3nnc(C)c(C)n3)ncn2-c2cccc(Cl)c2)c1.[Fe+2],0.48034525
TRZ00156,Cc1nnc(-c2ccccc2-n2cccc2)nc1C,Fe2+,Cc1nnc(-c2ccccc2-n2cccc2)nc1C.[Fe+2],0.48008728
TRZ00286,Cc1nnc(-c2oc3nc(-c4ccccc4)cc(-c4ccco4)c3c2N)nc1C,Fe2+,Cc1nnc(-c2oc3nc(-c4ccccc4)cc(-c4ccco4)c3c2N)nc1C.[Fe+2],0.4797206
TRZ01936,Cc1ccc(NC(=O)Cc2nnc(C)c(C)n2)cc1,Fe2+,Cc1ccc(NC(=O)Cc2nnc(C)c(C)n2)cc1.[Fe+2],0.47695398
TRZ00526,CCCOc1ccc2[nH]c3cnc(-c4nnc(C)c(C)n4)c(COC)c3c2c1,Fe2+,CCCOc1ccc2[nH]c3cnc(-c4nnc(C)c(C)n4)c(COC)c3c2c1.[Fe+2],0.47678328
TRZ03572,Cc1nnc([C@@H]2C[C@@]3(NC(=O)NC3=O)c3cc(F)ccc3O2)nc1C,Fe2+,Cc1nnc([C@@H]2C[C@@]3(NC(=O)NC3=O)c3cc(F)ccc3O2)nc1C.[Fe+2],0.4745288
TRZ01871,Cc1nnc(Cc2csc(-c3cccc(-n4cccc4)c3)n2)nc1C,Fe2+,Cc1nnc(Cc2csc(-c3cccc(-n4cccc4)c3)n2)nc1C.[Fe+2],0.4712062
TRZ00132,Cc1nnc(-c2[nH]c3ccc(Cl)cc3c2S(=O)(=O)c2ccccc2)nc1C,Fe2+,Cc1nnc(-c2[nH]c3ccc(Cl)cc3c2S(=O)(=O)c2ccccc2)nc1C.[Fe+2],0.46881485
TRZ03187,CC(=O)NC[C@H]1CN(c2ccc(-c3ccc4nc(-c5nnc(C)c(C)n5)cn4c3)c(F)c2)C(=O)O1,Fe2+,CC(=O)NC[C@H]1CN(c2ccc(-c3ccc4nc(-c5nnc(C)c(C)n5)cn4c3)c(F)c2)C(=O)O1.[Fe+2],0.46867943
TRZ01108,Cc1nnc(CNc2cccc(I)c2)nc1C,Fe2+,Cc1nnc(CNc2cccc(I)c2)nc1C.[Fe+2],0.46860075
TRZ00380,Cc1nnc(-c2ccc(Cn3cc(Cl)cn3)o2)nc1C,Fe2+,Cc1nnc(-c2ccc(Cn3cc(Cl)cn3)o2)nc1C.[Fe+2],0.46842623
TRZ02719,Cc1nnc(-c2cc3cc([N+](=O)[O-])ccc3[nH]2)nc1C,Fe2+,Cc1nnc(-c2cc3cc([N+](=O)[O-])ccc3[nH]2)nc1C.[Fe+2],0.4681568
TRZ01093,Cc1nc2ccccc2cc1-c1nnc(C)c(C)n1,Fe2+,Cc1nc2ccccc2cc1-c1nnc(C)c(C)n1.[Fe+2],0.46699047
TRZ03911,Cc1nnc(-c2c(-c3ccc(F)cc3)nn3cnccc23)nc1C,Fe2+,Cc1nnc(-c2c(-c3ccc(F)cc3)nn3cnccc23)nc1C.[Fe+2],0.46554136
TRZ05350,Cc1nnc(-c2cc3c(N)cccc3n2CC(F)(F)F)nc1C,Fe2+,Cc1nnc(-c2cc3c(N)cccc3n2CC(F)(F)F)nc1C.[Fe+2],0.4646721
TRZ00672,Cc1nnc(COc2cccc3cccnc23)nc1C,Fe2+,Cc1nnc(COc2cccc3cccnc23)nc1C.[Fe+2],0.46463108
TRZ00478,Cc1nnc(CSc2cccc3cccnc23)nc1C,Fe2+,Cc1nnc(CSc2cccc3cccnc23)nc1C.[Fe+2],0.4641347
TRZ03868,Cc1nnc(C=Cn2cnc(-c3cc(C(F)(F)F)cc(S(C)(=O)=O)c3)n2)nc1C,Fe2+,Cc1nnc(C=Cn2cnc(-c3cc(C(F)(F)F)cc(S(C)(=O)=O)c3)n2)nc1C.[Fe+2],0.4640355
TRZ02235,Cc1nnc(-c2ccc(Cl)cc2Oc2ccccc2F)nc1C,Fe2+,Cc1nnc(-c2ccc(Cl)cc2Oc2ccccc2F)nc1C.[Fe+2],0.4612975
TRZ01050,Cc1nnc(-c2nc(-c3ccccc3)cc(N3Cc4cccnc4C3)n2)nc1C,Fe2+,Cc1nnc(-c2nc(-c3ccccc3)cc(N3Cc4cccnc4C3)n2)nc1C.[Fe+2],0.46081018
TRZ01715,Cc1nnc(C2=C(N)Nc3n[nH]c(C)c3C2c2ccc(N(C)C)cc2)nc1C,Fe2+,Cc1nnc(C2=C(N)Nc3n[nH]c(C)c3C2c2ccc(N(C)C)cc2)nc1C.[Fe+2],0.4604292
TRZ02416,Cc1nnc(-c2cnn(C)c2-n2cccc2)nc1C,Fe2+,Cc1nnc(-c2cnn(C)c2-n2cccc2)nc1C.[Fe+2],0.4598155
TRZ00290,Cc1nnc(-c2cc3cc(OC(F)(F)F)ccc3[nH]2)nc1C,Fe2+,Cc1nnc(-c2cc3cc(OC(F)(F)F)ccc3[nH]2)nc1C.[Fe+2],0.45949268
TRZ05722,Cc1nnc(-c2cncc(-c3ccc(OC(F)(F)F)cc3)n2)nc1C,Fe2+,Cc1nnc(-c2cncc(-c3ccc(OC(F)(F)F)cc3)n2)nc1C.[Fe+2],0.45934582
TRZ00386,COc1ccc2c3c([nH]c2c1)C(C)N(CCc1nnc(C)c(C)n1)CC3,Fe2+,COc1ccc2c3c([nH]c2c1)C(C)N(CCc1nnc(C)c(C)n1)CC3.[Fe+2],0.4577422
TRZ02723,Cc1nnc(Cn2nccn2)nc1C,Fe2+,Cc1nnc(Cn2nccn2)nc1C.[Fe+2],0.4562049
TRZ01997,Cc1nnc(-c2cc(Br)c[nH]2)nc1C,Fe2+,Cc1nnc(-c2cc(Br)c[nH]2)nc1C.[Fe+2],0.45607948
TRZ01406,COc1ccc2ccccc2c1-c1cc(-c2nnc(C)c(C)n2)[nH]n1,Fe2+,COc1ccc2ccccc2c1-c1cc(-c2nnc(C)c(C)n2)[nH]n1.[Fe+2],0.45392895
TRZ00263,CCOC(=O)c1c2ccc(OCc3nnc(C)c(C)n3)cc2n2ccccc12,Fe2+,CCOC(=O)c1c2ccc(OCc3nnc(C)c(C)n3)cc2n2ccccc12.[Fe+2],0.45387125
TRZ03848,COc1cc(Oc2cccc(OC(F)(F)F)c2)nc(-c2nnc(C)c(C)n2)c1,Fe2+,COc1cc(Oc2cccc(OC(F)(F)F)c2)nc(-c2nnc(C)c(C)n2)c1.[Fe+2],0.45244455
TRZ03033,Cc1nnc(-c2ccc(N3CC(Oc4ccccc4C(F)(F)F)C3)nn2)nc1C,Fe2+,Cc1nnc(-c2ccc(N3CC(Oc4ccccc4C(F)(F)F)C3)nn2)nc1C.[Fe+2],0.4523902
TRZ03505,COC(=O)C1CCC(Oc2ccc(NC(=O)c3nnc(C)c(C)n3)c(F)n2)CC1,Fe2+,COC(=O)C1CCC(Oc2ccc(NC(=O)c3nnc(C)c(C)n3)c(F)n2)CC1.[Fe+2],0.45192385
TRZ02138,Cc1nnc(Cc2csc(C(C)(C)C)n2)nc1C,Fe2+,Cc1nnc(Cc2csc(C(C)(C)C)n2)nc1C.[Fe+2],0.4512272
TRZ00886,Cc1nnc(-c2cc(F)ccc2N)nc1C,Fe2+,Cc1nnc(-c2cc(F)ccc2N)nc1C.[Fe+2],0.4492483
TRZ05493,Cc1nnc(-c2cncc(-c3ccc(C(F)F)cc3)n2)nc1C,Fe2+,Cc1nnc(-c2cncc(-c3ccc(C(F)F)cc3)n2)nc1C.[Fe+2],0.44786596
TRZ03732,Cc1nnc(-c2nn(Cc3ccc(Cl)cc3F)c3cc([N+](=O)[O-])ccc23)nc1C,Fe2+,Cc1nnc(-c2nn(Cc3ccc(Cl)cc3F)c3cc([N+](=O)[O-])ccc23)nc1C.[Fe+2],0.44659615
TRZ05737,COc1cc(OC(F)F)ncc1-c1cncc(-c2nnc(C)c(C)n2)n1,Fe2+,COc1cc(OC(F)F)ncc1-c1cncc(-c2nnc(C)c(C)n2)n1.[Fe+2],0.44529247
TRZ01358,Cc1nnc(CSc2c3ccccc3nc3cc([N+](=O)[O-])ccc23)nc1C,Fe2+,Cc1nnc(CSc2c3ccccc3nc3cc([N+](=O)[O-])ccc23)nc1C.[Fe+2],0.44358873
TRZ01711,Cc1nnc([C@H](NC(=O)CCCCc2ccccc2)c2nn[nH]n2)nc1C,Fe2+,Cc1nnc([C@H](NC(=O)CCCCc2ccccc2)c2nn[nH]n2)nc1C.[Fe+2],0.44351435
TRZ02389,Cc1nnc(-c2csc(Cc3c(Cl)cccc3Cl)n2)nc1C,Fe2+,Cc1nnc(-c2csc(Cc3c(Cl)cccc3Cl)n2)nc1C.[Fe+2],0.44258785
TRZ02496,Cc1nnc(-c2ccc(OC(C)C)cc2O)nc1C,Fe2+,Cc1nnc(-c2ccc(OC(C)C)cc2O)nc1C.[Fe+2],0.4424944
TRZ02393,Cc1nnc(Cn2nnc(-c3cccs3)n2)nc1C,Fe2+,Cc1nnc(Cn2nnc(-c3cccs3)n2)nc1C.[Fe+2],0.44157267
TRZ03000,Cc1nnc(C2=Nc3cccc([N+](=O)[O-])c3C(c3ccccc3F)=NC2)nc1C,Fe2+,Cc1nnc(C2=Nc3cccc([N+](=O)[O-])c3C(c3ccccc3F)=NC2)nc1C.[Fe+2],0.4411602
TRZ02997,Cc1nnc(C2=Nc3cc(F)ccc3C(c3ccccc3Cl)=NC2C)nc1C,Fe2+,Cc1nnc(C2=Nc3cc(F)ccc3C(c3ccccc3Cl)=NC2C)nc1C.[Fe+2],0.44102383
TRZ02012,Cc1nnc(C(O)c2ccc(Cl)cc2)nc1C,Fe2+,Cc1nnc(C(O)c2ccc(Cl)cc2)nc1C.[Fe+2],0.44097424
TRZ05444,Cc1nnc(Cn2c(C)c(-c3ccc(Cl)cc3)n(C[C@H](O)C(F)(F)F)c2=O)nc1C,Fe2+,Cc1nnc(Cn2c(C)c(-c3ccc(Cl)cc3)n(C[C@H](O)C(F)(F)F)c2=O)nc1C.[Fe+2],0.4372549
TRZ04068,Cc1nnc(C2ON=C(c3ccc(OC(F)(F)F)cc3)N2Cc2ccccc2)nc1C,Fe2+,Cc1nnc(C2ON=C(c3ccc(OC(F)(F)F)cc3)N2Cc2ccccc2)nc1C.[Fe+2],0.43686533
TRZ04283,Cc1nnc(-c2ncc(C(F)(F)F)cc2N2CCOCC2)nc1C,Fe2+,Cc1nnc(-c2ncc(C(F)(F)F)cc2N2CCOCC2)nc1C.[Fe+2],0.43344593
TRZ00017,Cc1nnc(-c2cccnc2)nc1C,Fe2+,Cc1nnc(-c2cccnc2)nc1C.[Fe+2],0.4334159
TRZ01106,Cc1nnc(-c2ccccc2N=NN(C)C)nc1C,Fe2+,Cc1nnc(-c2ccccc2N=NN(C)C)nc1C.[Fe+2],0.4333806
TRZ00775,Cc1nnc(-c2cn(Cc3ccccc3)c3ccccc23)nc1C,Fe2+,Cc1nnc(-c2cn(Cc3ccccc3)c3ccccc23)nc1C.[Fe+2],0.43313742
TRZ04078,Cc1nnc(C2=NC(C)(c3ccc(OC(F)(F)F)cc3)NO2)nc1C,Fe2+,Cc1nnc(C2=NC(C)(c3ccc(OC(F)(F)F)cc3)NO2)nc1C.[Fe+2],0.42894506
TRZ00538,Cc1nnc(-c2sc(-c3ccncc3)nc2-c2ccccc2)nc1C,Fe2+,Cc1nnc(-c2sc(-c3ccncc3)nc2-c2ccccc2)nc1C.[Fe+2],0.42767954
TRZ05031,Cc1nnc(-c2cccc(C(F)(F)F)c2N)nc1C,Fe2+,Cc1nnc(-c2cccc(C(F)(F)F)c2N)nc1C.[Fe+2],0.42618656
TRZ03690,Cc1nnc(-c2ccc(N3CCC(Cc4ccccc4C(F)(F)F)CC3)nn2)nc1C,Fe2+,Cc1nnc(-c2ccc(N3CCC(Cc4ccccc4C(F)(F)F)CC3)nn2)nc1C.[Fe+2],0.42463112
TRZ02570,CCCCNc1nc2oc(C)c(-c3nnc(C)c(C)n3)c2c(=O)n1-c1ccccc1,Fe2+,CCCCNc1nc2oc(C)c(-c3nnc(C)c(C)n3)c2c(=O)n1-c1ccccc1.[Fe+2],0.42407465
TRZ00292,Cc1nnc(-c2cc(C34CC5CC(CC(C5)C3)C4)[nH]n2)nc1C,Fe2+,Cc1nnc(-c2cc(C34CC5CC(CC(C5)C3)C4)[nH]n2)nc1C.[Fe+2],0.4229045
TRZ03840,CCNc1cc(Oc2cccc(C(F)(F)F)c2)nc(-c2nnc(C)c(C)n2)c1,Fe2+,CCNc1cc(Oc2cccc(C(F)(F)F)c2)nc(-c2nnc(C)c(C)n2)c1.[Fe+2],0.42166138
TRZ02328,Cc1nnc(-c2cc3c4c(c(N5CCOCC5)nc3s2)COC(C)(C)C4)nc1C,Fe2+,Cc1nnc(-c2cc3c4c(c(N5CCOCC5)nc3s2)COC(C)(C)C4)nc1C.[Fe+2],0.42164946
TRZ03815,Cc1nnc(-c2ccc(C(C)C(O)(Cn3cncn3)c3ccc(F)cc3F)cn2)nc1C,Fe2+,Cc1nnc(-c2ccc(C(C)C(O)(Cn3cncn3)c3ccc(F)cc3F)cn2)nc1C.[Fe+2],0.42017317
TRZ04260,Cc1nnc(C2OCCN(c3ccc(C#N)cc3F)C2=N)nc1C,Fe2+,Cc1nnc(C2OCCN(c3ccc(C#N)cc3F)C2=N)nc1C.[Fe+2],0.4201069
TRZ01732,COc1cccc(-c2cncn2Cc2nnc(C)c(C)n2)c1,Fe2+,COc1cccc(-c2cncn2Cc2nnc(C)c(C)n2)c1.[Fe+2],0.4199934
TRZ03691,Cc1nnc(-c2ccc(N3CC[C@H](Oc4ccccc4C(F)(F)F)C3)nn2)nc1C,Fe2+,Cc1nnc(-c2ccc(N3CC[C@H](Oc4ccccc4C(F)(F)F)C3)nn2)nc1C.[Fe+2],0.4182868
TRZ05354,Cc1nnc(-c2cc3c(NC4CCN(C)CC4)cccc3n2CC(F)(F)F)nc1C,Fe2+,Cc1nnc(-c2cc3c(NC4CCN(C)CC4)cccc3n2CC(F)(F)F)nc1C.[Fe+2],0.41766357
TRZ05738,Cc1nnc(-c2cccc(-c3ccc(OC(F)F)nc3)n2)nc1C,Fe2+,Cc1nnc(-c2cccc(-c3ccc(OC(F)F)nc3)n2)nc1C.[Fe+2],0.41193008
TRZ03800,CC1=CSC(c2nnc(C)c(C)n2)(c2cnccc2C(F)(F)F)N1,Fe2+,CC1=CSC(c2nnc(C)c(C)n2)(c2cnccc2C(F)(F)F)N1.[Fe+2],0.41009378
TRZ00959,Cc1nnc(CC(=O)Nc2ccc(Cl)c(Cl)c2)nc1C,Fe2+,Cc1nnc(CC(=O)Nc2ccc(Cl)c(Cl)c2)nc1C.[Fe+2],0.4057784
TRZ02064,Cc1nnc(-c2ccccc2NC(=O)/C(=C/c2ccccc2)NC(=O)c2ccccc2)nc1C,Fe2+,Cc1nnc(-c2ccccc2NC(=O)/C(=C/c2ccccc2)NC(=O)c2ccccc2)nc1C.[Fe+2],0.40460968
TRZ03423,Cc1nnc(-c2nn(Cc3ccc(Cl)cc3F)c3cc(CO)ccc23)nc1C,Fe2+,Cc1nnc(-c2nn(Cc3ccc(Cl)cc3F)c3cc(CO)ccc23)nc1C.[Fe+2],0.40327597
TRZ04976,Cc1ccc(Nc2cnccc2-c2nnc(C)c(C)n2)c(F)c1,Fe2+,Cc1ccc(Nc2cnccc2-c2nnc(C)c(C)n2)c(F)c1.[Fe+2],0.40326786
TRZ03866,Cc1nnc(C=Cn2cnc(-c3cc(Cl)cc(OC(F)(F)F)c3)n2)nc1C,Fe2+,Cc1nnc(C=Cn2cnc(-c3cc(Cl)cc(OC(F)(F)F)c3)n2)nc1C.[Fe+2],0.40112114
TRZ05660,Cc1nnc(-c2cn3c(ccc4c(=O)cc(C(F)(F)C(F)(F)F)[nH]c43)n2)nc1C,Fe2+,Cc1nnc(-c2cn3c(ccc4c(=O)cc(C(F)(F)C(F)(F)F)[nH]c43)n2)nc1C.[Fe+2],0.40075254
TRZ03536,Cc1nnc(C(=O)Nc2ccc(C3(C(C)(C)C)CCC(C(=O)O)CC3)cc2F)nc1C,Fe2+,Cc1nnc(C(=O)Nc2ccc(C3(C(C)(C)C)CCC(C(=O)O)CC3)cc2F)nc1C.[Fe+2],0.39891863
TRZ05771,Cc1nnc(-c2nc(-c3ccc(C(F)(F)F)cc3)c3ccccn23)nc1C,Fe2+,Cc1nnc(-c2nc(-c3ccc(C(F)(F)F)cc3)c3ccccn23)nc1C.[Fe+2],0.39815474
TRZ01617,CCOC(=O)c1sc(N)c(-c2nnc(C)c(C)n2)c1C,Fe2+,CCOC(=O)c1sc(N)c(-c2nnc(C)c(C)n2)c1C.[Fe+2],0.39698935
TRZ05530,Cc1nnc(-c2c(Nc3ccc(C(F)(F)F)cc3)nn3c2CCC3)nc1C,Fe2+,Cc1nnc(-c2c(Nc3ccc(C(F)(F)F)cc3)nn3c2CCC3)nc1C.[Fe+2],0.39668036
TRZ01330,Cc1nnc(CSc2cc(N(C)C)ncn2)nc1C,Fe2+,Cc1nnc(CSc2cc(N(C)C)ncn2)nc1C.[Fe+2],0.39659357
TRZ01703,Cc1nnc(-c2n[nH]c(=O)c3[nH]ncc23)nc1C,Fe2+,Cc1nnc(-c2n[nH]c(=O)c3[nH]ncc23)nc1C.[Fe+2],0.39644194
TRZ02737,Cc1nnc(-c2ccc(C(=O)O)cn2)nc1C,Fe2+,Cc1nnc(-c2ccc(C(=O)O)cn2)nc1C.[Fe+2],0.3964262
TRZ02558,Cc1ccc(-c2c(-c3nnc(C)c(C)n3)ncn2-c2cccc(Cl)c2)cc1,Fe2+,Cc1ccc(-c2c(-c3nnc(C)c(C)n3)ncn2-c2cccc(Cl)c2)cc1.[Fe+2],0.39598846
TRZ01992,Cc1nnc(CNC(=O)c2cccc3ccccc23)nc1C,Fe2+,Cc1nnc(CNC(=O)c2cccc3ccccc23)nc1C.[Fe+2],0.39535666
TRZ05823,Cc1nnc(C(=NOCF)c2nccs2)nc1C,Fe2+,Cc1nnc(C(=NOCF)c2nccs2)nc1C.[Fe+2],0.39382458
TRZ05896,Cc1nnc(-c2cc(C(=O)c3cc(F)ccc3F)cnc2N)nc1C,Fe2+,Cc1nnc(-c2cc(C(=O)c3cc(F)ccc3F)cnc2N)nc1C.[Fe+2],0.39359093
TRZ05210,Cc1nnc(-c2cncc(-c3ccc(F)cc3)n2)nc1C,Fe2+,Cc1nnc(-c2cncc(-c3ccc(F)cc3)n2)nc1C.[Fe+2],0.3932209
TRZ02702,Cc1nnc(CN2CCc3ccccc3C2)nc1C,Fe2+,Cc1nnc(CN2CCc3ccccc3C2)nc1C.[Fe+2],0.3904214
TRZ01773,Cc1nnc(-c2nc(-c3ccccc3)cc(N3CCC(O)CC3)n2)nc1C,Fe2+,Cc1nnc(-c2nc(-c3ccccc3)cc(N3CCC(O)CC3)n2)nc1C.[Fe+2],0.39036036
TRZ05653,Cc1nnc(-c2cc3c4nc(C(F)(F)F)ccc4ccn3n2)nc1C,Fe2+,Cc1nnc(-c2cc3c4nc(C(F)(F)F)ccc4ccn3n2)nc1C.[Fe+2],0.38760376
TRZ01337,Cc1cc(N2CCOCC2)nc(SCc2nnc(C)c(C)n2)n1,Fe2+,Cc1cc(N2CCOCC2)nc(SCc2nnc(C)c(C)n2)n1.[Fe+2],0.38616323
TRZ04857,Cc1nnc(CN2CCc3sc(-c4cccc(F)c4)cc3C2)nc1C,Fe2+,Cc1nnc(CN2CCc3sc(-c4cccc(F)c4)cc3C2)nc1C.[Fe+2],0.38358307
TRZ02044,COc1ccc(Cl)cc1Nc1nc(C(F)(F)F)ccc1-c1nnc(C)c(C)n1,Fe2+,COc1ccc(Cl)cc1Nc1nc(C(F)(F)F)ccc1-c1nnc(C)c(C)n1.[Fe+2],0.37848473
TRZ01336,Cc1cc(N2CCCCC2)nc(SCc2nnc(C)c(C)n2)n1,Fe2+,Cc1cc(N2CCCCC2)nc(SCc2nnc(C)c(C)n2)n1.[Fe+2],0.37722206
TRZ01587,Cc1nnc(-c2nnn(-c3cccc(C(F)(F)F)c3)c2N)nc1C,Fe2+,Cc1nnc(-c2nnn(-c3cccc(C(F)(F)F)c3)c2N)nc1C.[Fe+2],0.3759961
TRZ02639,Cc1nnc([C@H](Cc2c[nH]c3ccccc23)NC(=O)OC(C)(C)C)nc1C,Fe2+,Cc1nnc([C@H](Cc2c[nH]c3ccccc23)NC(=O)OC(C)(C)C)nc1C.[Fe+2],0.37500715
TRZ00439,Cc1cncc(-c2nnc(C)c(C)n2)c1,Fe2+,Cc1cncc(-c2nnc(C)c(C)n2)c1.[Fe+2],0.3741026
TRZ01739,Cc1nnc(-c2cc3ccc(OCc4cccc(Br)c4)cc3oc2=O)nc1C,Fe2+,Cc1nnc(-c2cc3ccc(OCc4cccc(Br)c4)cc3oc2=O)nc1C.[Fe+2],0.37407064
TRZ00686,Cc1nnc(-c2ccc3ccc4ccc(-c5nnc(C)c(C)n5)nc4c3n2)nc1C,Fe2+,Cc1nnc(-c2ccc3ccc4ccc(-c5nnc(C)c(C)n5)nc4c3n2)nc1C.[Fe+2],0.3735261
TRZ00879,Cc1nnc(C(NC(=O)OC(C)(C)C)c2ccccc2)nc1C,Fe2+,Cc1nnc(C(NC(=O)OC(C)(C)C)c2ccccc2)nc1C.[Fe+2],0.3715105
TRZ00578,Cc1nnc(/C=C2/Nc3ccc(Br)cc3NC2=O)nc1C,Fe2+,Cc1nnc(/C=C2/Nc3ccc(Br)cc3NC2=O)nc1C.[Fe+2],0.36932468
TRZ04248,Cc1ccc(Nc2c(-c3nnc(C)c(C)n3)c3c(c(=O)n2C)CCC3)c(F)c1,Fe2+,Cc1ccc(Nc2c(-c3nnc(C)c(C)n3)c3c(c(=O)n2C)CCC3)c(F)c1.[Fe+2],0.36874342
TRZ00910,Cc1nnc(-c2cc3c(N4CCC(Cc5ccccc5)CC4)ncnc3s2)nc1C,Fe2+,Cc1nnc(-c2cc3c(N4CCC(Cc5ccccc5)CC4)ncnc3s2)nc1C.[Fe+2],0.36839437
TRZ04990,Cc1ccc(S(=O)Nc2cc(Cl)cnc2-c2nnc(C)c(C)n2)cc1C(F)(F)F,Fe2+,Cc1ccc(S(=O)Nc2cc(Cl)cnc2-c2nnc(C)c(C)n2)cc1C(F)(F)F.[Fe+2],0.3660059
TRZ03008,Cc1nnc(CCNS(=O)(=O)c2ccccc2)nc1C,Fe2+,Cc1nnc(CCNS(=O)(=O)c2ccccc2)nc1C.[Fe+2],0.3615961
TRZ04124,Cc1nnc(-c2cn3cc(C(C)(F)F)cc(Cl)c3n2)nc1C,Fe2+,Cc1nnc(-c2cn3cc(C(C)(F)F)cc(Cl)c3n2)nc1C.[Fe+2],0.36108065
TRZ04047,Cc1nnc(-c2cc(C)c3cc(NCC(F)F)cc(C(C)(C)C)c3n2)nc1C,Fe2+,Cc1nnc(-c2cc(C)c3cc(NCC(F)F)cc(C(C)(C)C)c3n2)nc1C.[Fe+2],0.36101818
TRZ05523,Cc1nnc(-c2nn(C)c3cccc(Nc4ccc(C(F)(F)F)cc4)c23)nc1C,Fe2+,Cc1nnc(-c2nn(C)c3cccc(Nc4ccc(C(F)(F)F)cc4)c23)nc1C.[Fe+2],0.3590803
TRZ01577,Cc1nnc(CC(=O)Nc2ccccc2[N+](=O)[O-])nc1C,Fe2+,Cc1nnc(CC(=O)Nc2ccccc2[N+](=O)[O-])nc1C.[Fe+2],0.35698795
TRZ03021,CO/C=C(/c1nnc(C)c(C)n1)c1ccccc1/C(=N/OC(C)=O)c1cccc(C(F)(F)F)c1,Fe2+,CO/C=C(/c1nnc(C)c(C)n1)c1ccccc1/C(=N/OC(C)=O)c1cccc(C(F)(F)F)c1.[Fe+2],0.35570526
TRZ05380,Cc1nnc(-c2cnc(N3CCC(F)(F)CC3)c(F)c2)nc1C,Fe2+,Cc1nnc(-c2cnc(N3CCC(F)(F)CC3)c(F)c2)nc1C.[Fe+2],0.35537434
TRZ02840,Cc1ccc(S(=O)(=O)N2C(=O)CCC2c2nnc(C)c(C)n2)cc1,Fe2+,Cc1ccc(S(=O)(=O)N2C(=O)CCC2c2nnc(C)c(C)n2)cc1.[Fe+2],0.35368013
TRZ02913,Cc1nnc([C@H](CO)NC(=O)OCc2ccccc2)nc1C,Fe2+,Cc1nnc([C@H](CO)NC(=O)OCc2ccccc2)nc1C.[Fe+2],0.35265923
TRZ00489,CCC(CC)C(=O)c1c[nH]c(-c2nnc(C)c(C)n2)c1,Fe2+,CCC(CC)C(=O)c1c[nH]c(-c2nnc(C)c(C)n2)c1.[Fe+2],0.35200882
TRZ01872,Cc1nnc(-c2csc(-c3cccc(-n4cccc4)c3)n2)nc1C,Fe2+,Cc1nnc(-c2csc(-c3cccc(-n4cccc4)c3)n2)nc1C.[Fe+2],0.35184908
TRZ05288,Cc1nnc(C2CC(C)CN(c3ccc(C(F)(F)F)c4ncccc34)C2)nc1C,Fe2+,Cc1nnc(C2CC(C)CN(c3ccc(C(F)(F)F)c4ncccc34)C2)nc1C.[Fe+2],0.3497982
TRZ02308,Cc1nnc(-c2c(C)n(C)c3ccc(O)cc23)nc1C,Fe2+,Cc1nnc(-c2c(C)n(C)c3ccc(O)cc23)nc1C.[Fe+2],0.3488593
TRZ02274,Cc1nnc(C(=O)n2ccnc2)nc1C,Fe2+,Cc1nnc(C(=O)n2ccnc2)nc1C.[Fe+2],0.34767962
TRZ01126,Cc1nnc(-c2cc3c([nH]c4ccccc43)c(C)n2)nc1C,Fe2+,Cc1nnc(-c2cc3c([nH]c4ccccc43)c(C)n2)nc1C.[Fe+2],0.34708118
TRZ02452,Cc1nnc(-c2nc(C3CCCCC3)[nH]c2C2CCCCC2)nc1C,Fe2+,Cc1nnc(-c2nc(C3CCCCC3)[nH]c2C2CCCCC2)nc1C.[Fe+2],0.3417101
TRZ05927,Cc1nnc(-c2ncc(C(F)(F)F)cc2C2COCCN2)nc1C,Fe2+,Cc1nnc(-c2ncc(C(F)(F)F)cc2C2COCCN2)nc1C.[Fe+2],0.33974743
TRZ01753,Cc1nnc(Cc2nc(-c3ccccc3)cc(-c3ccccc3)n2)nc1C,Fe2+,Cc1nnc(Cc2nc(-c3ccccc3)cc(-c3ccccc3)n2)nc1C.[Fe+2],0.33907604
TRZ02828,Cc1nnc(C(=O)C=C2NC3(CCCC3)Cc3ccccc32)nc1C,Fe2+,Cc1nnc(C(=O)C=C2NC3(CCCC3)Cc3ccccc32)nc1C.[Fe+2],0.33803558
TRZ04511,Cc1nnc(-c2ccc(CC3(c4ccc(F)c(Cl)c4)CN(C(N)=O)CCO3)nc2)nc1C,Fe2+,Cc1nnc(-c2ccc(CC3(c4ccc(F)c(Cl)c4)CN(C(N)=O)CCO3)nc2)nc1C.[Fe+2],0.33613968
TRZ00987,Cc1nnc(Cc2nc3sc4c(c3c(=O)[nH]2)CCCC4)nc1C,Fe2+,Cc1nnc(Cc2nc3sc4c(c3c(=O)[nH]2)CCCC4)nc1C.[Fe+2],0.335279
TRZ01812,Cc1nnc(CNc2nc(-c3ccccc3)nc3sc4c(c23)CCCC4)nc1C,Fe2+,Cc1nnc(CNc2nc(-c3ccccc3)nc3sc4c(c23)CCCC4)nc1C.[Fe+2],0.33518505
TRZ03813,COc1cc(OCCNCc2ccc(C(F)(F)F)cc2)ccc1-c1nnc(C)c(C)n1,Fe2+,COc1cc(OCCNCc2ccc(C(F)(F)F)cc2)ccc1-c1nnc(C)c(C)n1.[Fe+2],0.332026
TRZ04699,Cc1nnc(C(F)(F)C(C)(O)c2cccc(NC(=O)O)c2)nc1C,Fe2+,Cc1nnc(C(F)(F)C(C)(O)c2cccc(NC(=O)O)c2)nc1C.[Fe+2],0.3297844
TRZ02316,Cc1nnc(-c2c(NC(=O)c3ccc(Cl)cc3)sc(C)c2C)nc1C,Fe2+,Cc1nnc(-c2c(NC(=O)c3ccc(Cl)cc3)sc(C)c2C)nc1C.[Fe+2],0.3290515
TRZ02261,Cc1nnc(C(C#N)C2c3ccccc3Oc3ccccc32)nc1C,Fe2+,Cc1nnc(C(C#N)C2c3ccccc3Oc3ccccc32)nc1C.[Fe+2],0.3273039
TRZ01590,Cc1ccc2oc(=O)n(Cc3nnc(C)c(C)n3)c2c1,Fe2+,Cc1ccc2oc(=O)n(Cc3nnc(C)c(C)n3)c2c1.[Fe+2],0.3271408
TRZ02920,Cc1nnc([C@@H]2C[C@]3(NC(=O)NC3=O)c3cc(F)ccc3O2)nc1C,Fe2+,Cc1nnc([C@@H]2C[C@]3(NC(=O)NC3=O)c3cc(F)ccc3O2)nc1C.[Fe+2],0.32416677
TRZ00610,Cc1nnc(COc2ccc(-c3nccc(-c4ccc(F)cc4)n3)cc2)nc1C,Fe2+,Cc1nnc(COc2ccc(-c3nccc(-c4ccc(F)cc4)n3)cc2)nc1C.[Fe+2],0.32412577
TRZ05503,COc1ccc(-c2cncc(-c3nnc(C)c(C)n3)n2)c(C(F)(F)F)c1,Fe2+,COc1ccc(-c2cncc(-c3nnc(C)c(C)n3)n2)c(C(F)(F)F)c1.[Fe+2],0.32322454
TRZ00734,Cc1nnc(CNc2ccc3ncccc3c2)nc1C,Fe2+,Cc1nnc(CNc2ccc3ncccc3c2)nc1C.[Fe+2],0.3221588
TRZ00615,Cc1ccccc1-n1nc(-c2cccnc2)cc1-c1nnc(C)c(C)n1,Fe2+,Cc1ccccc1-n1nc(-c2cccnc2)cc1-c1nnc(C)c(C)n1.[Fe+2],0.3215747
TRZ01939,Cc1nnc(Cn2cnc(-c3ccc([N+](=O)[O-])cc3)c2)nc1C,Fe2+,Cc1nnc(Cn2cnc(-c3ccc([N+](=O)[O-])cc3)c2)nc1C.[Fe+2],0.3213234
TRZ02677,Cc1nnc(-c2cc3cccc([N+](=O)[O-])c3[nH]2)nc1C,Fe2+,Cc1nnc(-c2cc3cccc([N+](=O)[O-])c3[nH]2)nc1C.[Fe+2],0.3193364
TRZ04436,Cc1nnc(C2(C(=O)N(C)c3ccccc3F)CC2)nc1C,Fe2+,Cc1nnc(C2(C(=O)N(C)c3ccccc3F)CC2)nc1C.[Fe+2],0.3166108
TRZ05507,Cc1nnc(-c2ccnc(-c3ccc(OC(F)(F)F)cc3)n2)nc1C,Fe2+,Cc1nnc(-c2ccnc(-c3ccc(OC(F)(F)F)cc3)n2)nc1C.[Fe+2],0.3162346
TRZ03378,Cc1cccc(-c2nnc(C)c(C)n2)c1NC(=O)c1cc(C(F)(F)F)nn1-c1ncccc1Cl,Fe2+,Cc1cccc(-c2nnc(C)c(C)n2)c1NC(=O)c1cc(C(F)(F)F)nn1-c1ncccc1Cl.[Fe+2],0.31565952
TRZ04694,Cc1nnc(C(F)(F)C(C)(O)c2cc(Cl)nc(Cl)c2)nc1C,Fe2+,Cc1nnc(C(F)(F)C(C)(O)c2cc(Cl)nc(Cl)c2)nc1C.[Fe+2],0.31502533
TRZ00934,Cc1nnc(-c2ccc(CN3CCCCC3)o2)nc1C,Fe2+,Cc1nnc(-c2ccc(CN3CCCCC3)o2)nc1C.[Fe+2],0.31316614
TRZ05761,Cc1nnc(-c2cnc(NCCc3cccc(F)c3)nc2)nc1C,Fe2+,Cc1nnc(-c2cnc(NCCc3cccc(F)c3)nc2)nc1C.[Fe+2],0.31242275
TRZ01356,Cc1nnc(CSc2c3ccccc3nc3ccccc23)nc1C,Fe2+,Cc1nnc(CSc2c3ccccc3nc3ccccc23)nc1C.[Fe+2],0.31221962
TRZ02306,CC(=O)Nc1ccc(-c2cn(Cc3nnc(C)c(C)n3)cn2)cc1,Fe2+,CC(=O)Nc1ccc(-c2cn(Cc3nnc(C)c(C)n3)cn2)cc1.[Fe+2],0.3118744
TRZ03822,Cc1nnc(-c2[nH]c3c(F)cccc3c2-c2ccccc2)nc1C,Fe2+,Cc1nnc(-c2[nH]c3c(F)cccc3c2-c2ccccc2)nc1C.[Fe+2],0.31075144
TRZ01059,Cc1nnc(-c2nc(-c3ccccc3)cc(N3CCc4ccccc4C3)n2)nc1C,Fe2+,Cc1nnc(-c2nc(-c3ccccc3)cc(N3CCc4ccccc4C3)n2)nc1C.[Fe+2],0.30948448
TRZ02760,Cc1nnc(CNC(=O)OCC2c3ccccc3-c3ccccc32)nc1C,Fe2+,Cc1nnc(CNC(=O)OCC2c3ccccc3-c3ccccc32)nc1C.[Fe+2],0.30602312
TRZ04292,CCC(C)(C)Nc1cc(C(F)(F)F)cnc1-c1nnc(C)c(C)n1,Fe2+,CCC(C)(C)Nc1cc(C(F)(F)F)cnc1-c1nnc(C)c(C)n1.[Fe+2],0.30386496
TRZ02641,Cc1nnc(Cc2csc3nc(-c4ccc(Cl)cc4)cn23)nc1C,Fe2+,Cc1nnc(Cc2csc3nc(-c4ccc(Cl)cc4)cn23)nc1C.[Fe+2],0.3038416
TRZ02627,Cc1cc(SCc2nnc(C)c(C)n2)c2ccccc2n1,Fe2+,Cc1cc(SCc2nnc(C)c(C)n2)c2ccccc2n1.[Fe+2],0.3017497
TRZ00056,Cc1nnc(-c2c[nH]c3ccccc23)nc1C,Fe2+,Cc1nnc(-c2c[nH]c3ccccc23)nc1C.[Fe+2],0.30025864
TRZ03805,Cc1nnc(C(NC(=O)OC(C)(C)C)c2cccc(C(F)(F)F)c2)nc1C,Fe2+,Cc1nnc(C(NC(=O)OC(C)(C)C)c2cccc(C(F)(F)F)c2)nc1C.[Fe+2],0.30008125
TRZ00434,Cc1nnc(-c2cccn2C)nc1C,Fe2+,Cc1nnc(-c2cccn2C)nc1C.[Fe+2],0.29883003
TRZ04909,CC1=C(c2nnc(C)c(C)n2)C(c2ccc(F)cc2Cl)N=C(c2ncc(F)cc2F)N1,Fe2+,CC1=C(c2nnc(C)c(C)n2)C(c2ccc(F)cc2Cl)N=C(c2ncc(F)cc2F)N1.[Fe+2],0.29880667
TRZ02531,CCOC(=O)c1cc(-c2ccc(Cl)cc2)n(Cc2nnc(C)c(C)n2)c1C,Fe2+,CCOC(=O)c1cc(-c2ccc(Cl)cc2)n(Cc2nnc(C)c(C)n2)c1C.[Fe+2],0.29843235
TRZ02841,Cc1nnc(C2CCC(=O)N2S(=O)(=O)c2ccc(Cl)c(Cl)c2)nc1C,Fe2+,Cc1nnc(C2CCC(=O)N2S(=O)(=O)c2ccc(Cl)c(Cl)c2)nc1C.[Fe+2],0.29784966
TRZ00482,Cc1nnc(-c2c(C)nc3ccc(Cl)cn23)nc1C,Fe2+,Cc1nnc(-c2c(C)nc3ccc(Cl)cn23)nc1C.[Fe+2],0.29714584
TRZ01239,COc1ccc(NC(=O)Cc2nnc(C)c(C)n2)cc1,Fe2+,COc1ccc(NC(=O)Cc2nnc(C)c(C)n2)cc1.[Fe+2],0.2965536
TRZ05257,Cc1nnc(Cn2ncc3ncc(-c4cccc(C(F)(F)F)c4)cc32)nc1C,Fe2+,Cc1nnc(Cn2ncc3ncc(-c4cccc(C(F)(F)F)c4)cc32)nc1C.[Fe+2],0.29617167
TRZ02827,Cc1nnc(C(NC(=O)c2ccc(F)cc2)C(C)C)nc1C,Fe2+,Cc1nnc(C(NC(=O)c2ccc(F)cc2)C(C)C)nc1C.[Fe+2],0.29512691
TRZ00492,Cc1nnc(CNC(=O)c2ccccc2C(F)(F)F)nc1C,Fe2+,Cc1nnc(CNC(=O)c2ccccc2C(F)(F)F)nc1C.[Fe+2],0.2910695
TRZ04473,C=N/C(C)=C(F)\C=C(\c1nnc(C)c(C)n1)C(C)Nc1cncc(C2CC2)c1,Fe2+,C=N/C(C)=C(F)\C=C(\c1nnc(C)c(C)n1)C(C)Nc1cncc(C2CC2)c1.[Fe+2],0.29097843
TRZ01506,Cc1nnc(Cn2cnc(-c3ccc(F)cc3)c2)nc1C,Fe2+,Cc1nnc(Cn2cnc(-c3ccc(F)cc3)c2)nc1C.[Fe+2],0.29081964
TRZ02136,Cc1nnc(-c2nc(-c3ccccc3)n(-c3ccccc3)n2)nc1C,Fe2+,Cc1nnc(-c2nc(-c3ccccc3)n(-c3ccccc3)n2)nc1C.[Fe+2],0.29072094
TRZ03873,Cc1nnc(-c2cc(Oc3ccc(F)cc3Cl)ccc2[N+](=O)[O-])nc1C,Fe2+,Cc1nnc(-c2cc(Oc3ccc(F)cc3Cl)ccc2[N+](=O)[O-])nc1C.[Fe+2],0.28923178
TRZ03842,COc1ccc(Oc2cccc(-c3nnc(C)c(C)n3)n2)cc1C(F)(F)F,Fe2+,COc1ccc(Oc2cccc(-c3nnc(C)c(C)n3)n2)cc1C(F)(F)F.[Fe+2],0.2888546
TRZ02101,Cc1nnc(C(=O)NCc2ccc(Cl)cc2F)nc1C,Fe2+,Cc1nnc(C(=O)NCc2ccc(Cl)cc2F)nc1C.[Fe+2],0.2845583
TRZ03475,Cc1cc(Br)ccc1Nc1c(-c2nnc(C)c(C)n2)cc2[nH]cnc2c1F,Fe2+,Cc1cc(Br)ccc1Nc1c(-c2nnc(C)c(C)n2)cc2[nH]cnc2c1F.[Fe+2],0.284266
TRZ02632,Cc1nnc(CNc2cccc3ccccc23)nc1C,Fe2+,Cc1nnc(CNc2cccc3ccccc23)nc1C.[Fe+2],0.2839675
TRZ00976,Cc1nnc(-c2cn(COCCO)c3ccc(F)cc3c2=O)nc1C,Fe2+,Cc1nnc(-c2cn(COCCO)c3ccc(F)cc3c2=O)nc1C.[Fe+2],0.28302813
TRZ04285,Cc1nnc(-c2ccc(F)nc2N2CCOCC2)nc1C,Fe2+,Cc1nnc(-c2ccc(F)nc2N2CCOCC2)nc1C.[Fe+2],0.2796507
TRZ01561,Cc1nnc(/C(=C/c2ccc([N+](=O)[O-])cc2)NC(=O)c2ccc(Br)cc2)nc1C,Fe2+,Cc1nnc(/C(=C/c2ccc([N+](=O)[O-])cc2)NC(=O)c2ccc(Br)cc2)nc1C.[Fe+2],0.27735853
TRZ04873,Cc1nnc(-c2cc3c(c(F)c2Nc2ccc(I)cc2F)OCC3)nc1C,Fe2+,Cc1nnc(-c2cc3c(c(F)c2Nc2ccc(I)cc2F)OCC3)nc1C.[Fe+2],0.27587032
TRZ00681,Cc1nnc(CC(=O)Nc2nccs2)nc1C,Fe2+,Cc1nnc(CC(=O)Nc2nccs2)nc1C.[Fe+2],0.27437687
TRZ05165,Cc1nnc(-c2cc(-c3ccc4ncnc(C)c4c3)c(-c3ccc(F)cc3)nc2N)nc1C,Fe2+,Cc1nnc(-c2cc(-c3ccc4ncnc(C)c4c3)c(-c3ccc(F)cc3)nc2N)nc1C.[Fe+2],0.27359962
TRZ02532,Cc1nc(-c2ccc(Cl)cc2)ccc1-c1nnc(C)c(C)n1,Fe2+,Cc1nc(-c2ccc(Cl)cc2)ccc1-c1nnc(C)c(C)n1.[Fe+2],0.2712593
TRZ00843,CSc1ncccc1-c1nnc(C)c(C)n1,Fe2+,CSc1ncccc1-c1nnc(C)c(C)n1.[Fe+2],0.266778
TRZ00964,Cc1nnc(-c2nnn(Nc3ccc(F)cc3)c2C)nc1C,Fe2+,Cc1nnc(-c2nnn(Nc3ccc(F)cc3)c2C)nc1C.[Fe+2],0.2657547
TRZ02042,Cc1nnc(/C(=C/c2cccc([N+](=O)[O-])c2)NC(=O)c2ccccc2)nc1C,Fe2+,Cc1nnc(/C(=C/c2cccc([N+](=O)[O-])c2)NC(=O)c2ccccc2)nc1C.[Fe+2],0.26327372
TRZ01579,Cc1nnc(CC(=O)Nc2ccc([N+](=O)[O-])cc2)nc1C,Fe2+,Cc1nnc(CC(=O)Nc2ccc([N+](=O)[O-])cc2)nc1C.[Fe+2],0.2630496
TRZ04030,C=C(C)OC(=O)C1CCC(c2ccc(NC(=O)c3nnc(C)c(C)n3)c(F)c2)CC1,Fe2+,C=C(C)OC(=O)C1CCC(c2ccc(NC(=O)c3nnc(C)c(C)n3)c(F)c2)CC1.[Fe+2],0.26285315
TRZ02089,Cc1nnc(C(=O)NCc2ccccc2F)nc1C,Fe2+,Cc1nnc(C(=O)NCc2ccccc2F)nc1C.[Fe+2],0.2622037
TRZ01581,Cc1nnc(-c2cc3c(cn2)sc2ccccc23)nc1C,Fe2+,Cc1nnc(-c2cc3c(cn2)sc2ccccc23)nc1C.[Fe+2],0.2561221
TRZ05492,CCOc1ccc(-c2cncc(-c3nnc(C)c(C)n3)n2)c(C(F)(F)F)c1,Fe2+,CCOc1ccc(-c2cncc(-c3nnc(C)c(C)n3)n2)c(C(F)(F)F)c1.[Fe+2],0.2559681
TRZ05892,Cc1nnc(-c2nnn(-c3ccc(F)cc3)c2-c2cccc(F)c2F)nc1C,Fe2+,Cc1nnc(-c2nnn(-c3ccc(F)cc3)c2-c2cccc(F)c2F)nc1C.[Fe+2],0.25227308
TRZ02838,Cc1nnc(C(NC(=O)c2ccccc2F)C(C)C)nc1C,Fe2+,Cc1nnc(C(NC(=O)c2ccccc2F)C(C)C)nc1C.[Fe+2],0.25156832
TRZ00106,Cc1nnc(COc2ccc3c(C)cc(=O)oc3c2)nc1C,Fe2+,Cc1nnc(COc2ccc3c(C)cc(=O)oc3c2)nc1C.[Fe+2],0.24882793
TRZ02150,Cc1cc(-c2nnc(C)c(C)n2)n(Cc2ccc(F)cc2)n1,Fe2+,Cc1cc(-c2nnc(C)c(C)n2)n(Cc2ccc(F)cc2)n1.[Fe+2],0.2465415
TRZ01804,COC1CCN(c2cc(-c3ccccc3)nc(-c3nnc(C)c(C)n3)n2)C1,Fe2+,COC1CCN(c2cc(-c3ccccc3)nc(-c3nnc(C)c(C)n3)n2)C1.[Fe+2],0.24539995
TRZ00114,Cc1ccc(NC(=O)c2[nH]cnc2-c2nnc(C)c(C)n2)cc1,Fe2+,Cc1ccc(NC(=O)c2[nH]cnc2-c2nnc(C)c(C)n2)cc1.[Fe+2],0.24474669
TRZ01824,CCN(CC)c1nc2oc(C)c(-c3nnc(C)c(C)n3)c2c(=O)n1-c1ccc(C)cc1,Fe2+,CCN(CC)c1nc2oc(C)c(-c3nnc(C)c(C)n3)c2c(=O)n1-c1ccc(C)cc1.[Fe+2],0.24466562
TRZ03838,Cc1cc(Oc2cccc(C(F)(F)F)c2)nc(-c2nnc(C)c(C)n2)c1,Fe2+,Cc1cc(Oc2cccc(C(F)(F)F)c2)nc(-c2nnc(C)c(C)n2)c1.[Fe+2],0.24352407
TRZ01774,Cc1nnc(-c2nc(-c3ccccc3)cc(N3CCCc4ccccc4C3)n2)nc1C,Fe2+,Cc1nnc(-c2nc(-c3ccccc3)cc(N3CCCc4ccccc4C3)n2)nc1C.[Fe+2],0.24304867
TRZ02373,Cc1ccc(OCc2nnc(C)c(C)n2)c2c1CCC2,Fe2+,Cc1ccc(OCc2nnc(C)c(C)n2)c2c1CCC2.[Fe+2],0.24166393
TRZ00479,Cc1nnc(CNC(=O)c2ccccc2F)nc1C,Fe2+,Cc1nnc(CNC(=O)c2ccccc2F)nc1C.[Fe+2],0.24145222
TRZ04632,Cc1nnc(-c2cn3c(ccc4c(C(F)(F)F)cc(=O)[nH]c43)n2)nc1C,Fe2+,Cc1nnc(-c2cn3c(ccc4c(C(F)(F)F)cc(=O)[nH]c43)n2)nc1C.[Fe+2],0.24028826
TRZ05497,CCOc1ccc(-c2cncc(-c3nnc(C)c(C)n3)n2)c(F)c1,Fe2+,CCOc1ccc(-c2cncc(-c3nnc(C)c(C)n3)n2)c(F)c1.[Fe+2],0.23932981
TRZ02289,Cc1nnc(-c2ccccc2NC(=O)c2ccco2)nc1C,Fe2+,Cc1nnc(-c2ccccc2NC(=O)c2ccco2)nc1C.[Fe+2],0.23861885
TRZ02590,Cc1nnc(-c2cc3ccccc3nc2N)nc1C,Fe2+,Cc1nnc(-c2cc3ccccc3nc2N)nc1C.[Fe+2],0.23838282
TRZ03400,Cc1nnc(-c2nn(Cc3ccc(F)cc3F)c3cc(N(C)C)ccc23)nc1C,Fe2+,Cc1nnc(-c2nn(Cc3ccc(F)cc3F)c3cc(N(C)C)ccc23)nc1C.[Fe+2],0.23520517
TRZ02506,Cc1ccccc1-c1nnc(SCc2nnc(C)c(C)n2)n1-c1ccccc1,Fe2+,Cc1ccccc1-c1nnc(SCc2nnc(C)c(C)n2)n1-c1ccccc1.[Fe+2],0.2344346
TRZ02700,Cc1nnc(-c2cccc(Br)n2)nc1C,Fe2+,Cc1nnc(-c2cccc(Br)n2)nc1C.[Fe+2],0.23321533
TRZ03694,Cc1nnc(-c2nn3ccnc3cc2Nc2ccc(Br)cc2F)nc1C,Fe2+,Cc1nnc(-c2nn3ccnc3cc2Nc2ccc(Br)cc2F)nc1C.[Fe+2],0.23257256
TRZ05124,Cc1nnc(-c2cccnc2-c2ccc(C(F)(F)F)cc2)nc1C,Fe2+,Cc1nnc(-c2cccnc2-c2ccc(C(F)(F)F)cc2)nc1C.[Fe+2],0.23109913
TRZ05461,Cc1cc(F)c(F)c2c1N/C(=C/c1nnc(C)c(C)n1)C(C)(C)N2,Fe2+,Cc1cc(F)c(F)c2c1N/C(=C/c1nnc(C)c(C)n1)C(C)(C)N2.[Fe+2],0.23091221
TRZ00239,Cc1nnc(-c2nn(Cc3ccc(Cl)cc3Cl)c3ccccc23)nc1C,Fe2+,Cc1nnc(-c2nn(Cc3ccc(Cl)cc3Cl)c3ccccc23)nc1C.[Fe+2],0.23042822
TRZ02454,Cc1nnc(-c2nc(C3CCCC3)[nH]c2C2CCCC2)nc1C,Fe2+,Cc1nnc(-c2nc(C3CCCC3)[nH]c2C2CCCC2)nc1C.[Fe+2],0.2285819
TRZ02709,Cc1nnc(-c2cn(C3CCN(C(=O)OC(C)(C)C)CC3)nn2)nc1C,Fe2+,Cc1nnc(-c2cn(C3CCN(C(=O)OC(C)(C)C)CC3)nn2)nc1C.[Fe+2],0.22856092
TRZ01994,Cc1nnc(Cn2nnc(N3CCOCC3)n2)nc1C,Fe2+,Cc1nnc(Cn2nnc(N3CCOCC3)n2)nc1C.[Fe+2],0.22639751
TRZ01396,CC(=O)Nc1ccc(C(=O)N/C(=C\C=C\c2ccccc2)c2nnc(C)c(C)n2)cc1,Fe2+,CC(=O)Nc1ccc(C(=O)N/C(=C\C=C\c2ccccc2)c2nnc(C)c(C)n2)cc1.[Fe+2],0.22623539
TRZ05225,Cc1cc(-c2cc(-c3nnc(C)c(C)n3)c(N)nc2-c2ccc(F)cc2)cc(Cl)n1,Fe2+,Cc1cc(-c2cc(-c3nnc(C)c(C)n3)c(N)nc2-c2ccc(F)cc2)cc(Cl)n1.[Fe+2],0.22192574
TRZ00067,Cc1nnc(-c2cn3ccccc3n2)nc1C,Fe2+,Cc1nnc(-c2cn3ccccc3n2)nc1C.[Fe+2],0.22086525
TRZ01020,COCCOc1ccc(-c2cc(-c3ccccc3)nc(-c3nnc(C)c(C)n3)n2)cc1,Fe2+,COCCOc1ccc(-c2cc(-c3ccccc3)nc(-c3nnc(C)c(C)n3)n2)cc1.[Fe+2],0.21922398
TRZ03503,COC(=O)C1CCC(Oc2ncc(NC(=O)c3nnc(C)c(C)n3)cc2F)CC1,Fe2+,COC(=O)C1CCC(Oc2ncc(NC(=O)c3nnc(C)c(C)n3)cc2F)CC1.[Fe+2],0.21715546
TRZ03299,Cc1nnc([C@@H](Cc2ccc(F)cc2)NC(=O)OC(C)(C)C)nc1C,Fe2+,Cc1nnc([C@@H](Cc2ccc(F)cc2)NC(=O)OC(C)(C)C)nc1C.[Fe+2],0.2157197
TRZ05811,Cc1nnc(C2=CC=CS2=C(C(F)F)C(F)C(=O)c2cccs2)nc1C,Fe2+,Cc1nnc(C2=CC=CS2=C(C(F)F)C(F)C(=O)c2cccs2)nc1C.[Fe+2],0.21511841
TRZ03731,Cc1nnc(-c2nn(Cc3ccc(F)cc3F)c3cc(N)ccc23)nc1C,Fe2+,Cc1nnc(-c2nn(Cc3ccc(F)cc3F)c3cc(N)ccc23)nc1C.[Fe+2],0.21484756
TRZ02720,Cc1nnc(-c2ccccc2NS(C)(=O)=O)nc1C,Fe2+,Cc1nnc(-c2ccccc2NS(C)(=O)=O)nc1C.[Fe+2],0.214396
TRZ02051,Cc1nnc(CNC(=O)c2ccc(Cl)cc2Cl)nc1C,Fe2+,Cc1nnc(CNC(=O)c2ccc(Cl)cc2Cl)nc1C.[Fe+2],0.21074343
TRZ04902,CSc1nccc(-c2cc(F)nc(-c3nnc(C)c(C)n3)c2)n1,Fe2+,CSc1nccc(-c2cc(F)nc(-c3nnc(C)c(C)n3)c2)n1.[Fe+2],0.20831776
TRZ02058,Cc1nnc(C(Cc2ccccc2)NC(=O)C(C)(C)NC(=O)OCc2ccccc2)nc1C,Fe2+,Cc1nnc(C(Cc2ccccc2)NC(=O)C(C)(C)NC(=O)OCc2ccccc2)nc1C.[Fe+2],0.2070446
TRZ02086,Cc1nnc(-c2c(C)noc2-c2ccc(C(F)(F)F)cc2)nc1C,Fe2+,Cc1nnc(-c2c(C)noc2-c2ccc(C(F)(F)F)cc2)nc1C.[Fe+2],0.2012639
TRZ01977,Cc1ccn2c(-c3nnc(C)c(C)n3)c(C)nc2c1,Fe2+,Cc1ccn2c(-c3nnc(C)c(C)n3)c(C)nc2c1.[Fe+2],0.20084333
TRZ00149,Cc1nnc(-c2[nH]c3ccccc3c2-c2ccccc2)nc1C,Fe2+,Cc1nnc(-c2[nH]c3ccccc3c2-c2ccccc2)nc1C.[Fe+2],0.19809389
TRZ00319,COc1ccc2nc(SCc3nnc(C)c(C)n3)cc(C)c2c1,Fe2+,COc1ccc2nc(SCc3nnc(C)c(C)n3)cc(C)c2c1.[Fe+2],0.1973548
TRZ02296,Cc1nnc(CNc2ccc(I)cc2)nc1C,Fe2+,Cc1nnc(CNc2ccc(I)cc2)nc1C.[Fe+2],0.19508839
TRZ00655,Cc1nnc(-c2nc[nH]c2C(=O)Nc2ccccc2)nc1C,Fe2+,Cc1nnc(-c2nc[nH]c2C(=O)Nc2ccccc2)nc1C.[Fe+2],0.19371986
TRZ01472,Cc1nnc(C(=O)NCc2ccc(Cl)cc2)nc1C,Fe2+,Cc1nnc(C(=O)NCc2ccc(Cl)cc2)nc1C.[Fe+2],0.19311619
TRZ03448,COc1ccc2c(-c3nnc(C)c(C)n3)nn(Cc3ccc(Cl)cc3F)c2c1,Fe2+,COc1ccc2c(-c3nnc(C)c(C)n3)nn(Cc3ccc(Cl)cc3F)c2c1.[Fe+2],0.19163322
TRZ04183,Cc1nnc([C@@H](NC(=O)c2cocn2)c2ccc(F)cc2F)nc1C,Fe2+,Cc1nnc([C@@H](NC(=O)c2cocn2)c2ccc(F)cc2F)nc1C.[Fe+2],0.19131231
TRZ02996,Cc1nnc(C2=Nc3ccc(F)cc3C(c3ccccc3)=NC2)nc1C,Fe2+,Cc1nnc(C2=Nc3ccc(F)cc3C(c3ccccc3)=NC2)nc1C.[Fe+2],0.19087029
TRZ01639,Cc1nnc(-c2c(N)sc3c2CCCCCC3)nc1C,Fe2+,Cc1nnc(-c2c(N)sc3c2CCCCCC3)nc1C.[Fe+2],0.19075203
TRZ03167,Cc1nnc(-c2c(Nc3ccc(Br)cc3F)c(F)c(=O)n3c2CCC3)nc1C,Fe2+,Cc1nnc(-c2c(Nc3ccc(Br)cc3F)c(F)c(=O)n3c2CCC3)nc1C.[Fe+2],0.19058132
TRZ05462,Cc1cc(F)c(F)c2c1NC(=Cc1nnc(C)c(C)n1)C(C)(C)N2,Fe2+,Cc1cc(F)c(F)c2c1NC(=Cc1nnc(C)c(C)n1)C(C)(C)N2.[Fe+2],0.19055557
TRZ05785,Cc1nnc(-c2c(-c3ccc(F)cc3)[nH]c3c(F)cc(F)cc23)nc1C,Fe2+,Cc1nnc(-c2c(-c3ccc(F)cc3)[nH]c3c(F)cc(F)cc23)nc1C.[Fe+2],0.19041729
TRZ05353,Cc1nnc(-c2cc3c(NC4CCN(C)CC4F)cccc3n2CC(F)(F)F)nc1C,Fe2+,Cc1nnc(-c2cc3c(NC4CCN(C)CC4F)cccc3n2CC(F)(F)F)nc1C.[Fe+2],0.18840504
TRZ02288,Cc1nnc(Cn2c3ccccc3c3nc4ccccc4nc32)nc1C,Fe2+,Cc1nnc(Cn2c3ccccc3c3nc4ccccc4nc32)nc1C.[Fe+2],0.18836737
TRZ05296,Cc1nnc(C(C)NC(=O)c2cc(Cl)cc(S(=O)(=O)C(F)(F)F)c2)nc1C,Fe2+,Cc1nnc(C(C)NC(=O)c2cc(Cl)cc(S(=O)(=O)C(F)(F)F)c2)nc1C.[Fe+2],0.18767405
TRZ02472,Cc1nnc(C(C)Oc2ccc3c(C)cc(=O)oc3c2)nc1C,Fe2+,Cc1nnc(C(C)Oc2ccc3c(C)cc(=O)oc3c2)nc1C.[Fe+2],0.1840806
TRZ01303,CCC(c1nnc(C)c(C)n1)n1nc(C)ccc1=O,Fe2+,CCC(c1nnc(C)c(C)n1)n1nc(C)ccc1=O.[Fe+2],0.18380117
TRZ04854,Cc1nnc([C@H](N)Cc2ccc(C(F)(F)F)cc2)nc1C,Fe2+,Cc1nnc([C@H](N)Cc2ccc(C(F)(F)F)cc2)nc1C.[Fe+2],0.1831727
TRZ02356,Cc1nc(C)c(-c2nnco2)cc1-c1nnc(C)c(C)n1,Fe2+,Cc1nc(C)c(-c2nnco2)cc1-c1nnc(C)c(C)n1.[Fe+2],0.18218851
TRZ02836,Cc1nnc(C2CCCN(Cc3ccccc3F)C2)nc1C,Fe2+,Cc1nnc(C2CCCN(Cc3ccccc3F)C2)nc1C.[Fe+2],0.18192005
TRZ00583,COc1ccc2nc(C)c(-c3nnc(C)c(C)n3)cc2c1,Fe2+,COc1ccc2nc(C)c(-c3nnc(C)c(C)n3)cc2c1.[Fe+2],0.18164682
TRZ02334,COc1ccc(-c2nnc(SCc3nnc(C)c(C)n3)n2-c2ccccc2)cc1,Fe2+,COc1ccc(-c2nnc(SCc3nnc(C)c(C)n3)n2-c2ccccc2)cc1.[Fe+2],0.18164062
TRZ03266,Cc1nnc(-c2nc(Cc3ccccc3F)n3ccccc23)nc1C,Fe2+,Cc1nnc(-c2nc(Cc3ccccc3F)n3ccccc23)nc1C.[Fe+2],0.1769495
TRZ00367,COc1ccc(N(C)c2nc(C)nc3ccccc23)cc1OC(C)(C)c1nnc(C)c(C)n1,Fe2+,COc1ccc(N(C)c2nc(C)nc3ccccc23)cc1OC(C)(C)c1nnc(C)c(C)n1.[Fe+2],0.17676115
TRZ00592,Cc1nnc(-c2ccncc2N)nc1C,Fe2+,Cc1nnc(-c2ccncc2N)nc1C.[Fe+2],0.17626476
TRZ04287,COCC(C)(C)Nc1cc(C(F)(F)F)cnc1-c1nnc(C)c(C)n1,Fe2+,COCC(C)(C)Nc1cc(C(F)(F)F)cnc1-c1nnc(C)c(C)n1.[Fe+2],0.17480898
TRZ02703,Cc1nnc(-c2c(C)[nH]c3ccccc23)nc1C,Fe2+,Cc1nnc(-c2c(C)[nH]c3ccccc23)nc1C.[Fe+2],0.17459202
TRZ01427,Cc1nnc([C@H](Cc2ccc(O)cc2)NC(=O)c2ccccc2)nc1C,Fe2+,Cc1nnc([C@H](Cc2ccc(O)cc2)NC(=O)c2ccccc2)nc1C.[Fe+2],0.17398739
TRZ05135,Cc1nnc(-c2cn(C)c(=O)c(F)c2-c2ccc(Br)cc2F)nc1C,Fe2+,Cc1nnc(-c2cn(C)c(=O)c(F)c2-c2ccc(Br)cc2F)nc1C.[Fe+2],0.17208862
TRZ01040,Cc1nnc(-c2nc(-c3ccccc3)cc(N3Cc4ccccc4CC3C)n2)nc1C,Fe2+,Cc1nnc(-c2nc(-c3ccccc3)cc(N3Cc4ccccc4CC3C)n2)nc1C.[Fe+2],0.17096376
TRZ00678,Cc1nnc(-c2noc(C)c2C(=O)Nc2ncc(C(F)(F)F)cc2Cl)nc1C,Fe2+,Cc1nnc(-c2noc(C)c2C(=O)Nc2ncc(C(F)(F)F)cc2Cl)nc1C.[Fe+2],0.1709423
TRZ04988,Cc1nnc(C2(C)CCN(c3ccc(F)cc3)C2=O)nc1C,Fe2+,Cc1nnc(C2(C)CCN(c3ccc(F)cc3)C2=O)nc1C.[Fe+2],0.17066765
TRZ01078,Cc1nnc(-c2cc3ccccc3n2S(=O)(=O)c2ccccc2)nc1C,Fe2+,Cc1nnc(-c2cc3ccccc3n2S(=O)(=O)c2ccccc2)nc1C.[Fe+2],0.16920233
TRZ03025,Cc1nnc(-c2c(N=COS(C)(=O)=O)ccc(F)c2F)nc1C,Fe2+,Cc1nnc(-c2c(N=COS(C)(=O)=O)ccc(F)c2F)nc1C.[Fe+2],0.16765833
TRZ03682,Cc1nnc(-c2nn(Cc3ccc(Cl)cc3Cl)c3c2N=CN(C(F)(F)F)C3)nc1C,Fe2+,Cc1nnc(-c2nn(Cc3ccc(Cl)cc3Cl)c3c2N=CN(C(F)(F)F)C3)nc1C.[Fe+2],0.16329908
TRZ02197,Cc1nnc(-c2c(O)c3cc(F)cc4c3n(c2=O)C(C)CC4)nc1C,Fe2+,Cc1nnc(-c2c(O)c3cc(F)cc4c3n(c2=O)C(C)CC4)nc1C.[Fe+2],0.16277361
TRZ01037,Cc1nnc(-c2nc(-c3ccccc3)cc(N3CCc4ccccc43)n2)nc1C,Fe2+,Cc1nnc(-c2nc(-c3ccccc3)cc(N3CCc4ccccc43)n2)nc1C.[Fe+2],0.16165018
TRZ00990,COc1ccc(NC(=O)Cc2nnc(C)c(C)n2)c(OC)c1,Fe2+,COc1ccc(NC(=O)Cc2nnc(C)c(C)n2)c(OC)c1.[Fe+2],0.16159868
TRZ03619,Cc1cc(C(F)(F)F)cnc1NCc1nnc(C)c(C)n1,Fe2+,Cc1cc(C(F)(F)F)cnc1NCc1nnc(C)c(C)n1.[Fe+2],0.1600089
TRZ01510,Cc1nnc(Cn2nc(Cc3ccccc3)n(N)c2=O)nc1C,Fe2+,Cc1nnc(Cn2nc(Cc3ccccc3)n(N)c2=O)nc1C.[Fe+2],0.15991068
TRZ00071,Cc1nnc(CSc2nnc(-c3ccccc3)n2-c2ccccc2)nc1C,Fe2+,Cc1nnc(CSc2nnc(-c3ccccc3)n2-c2ccccc2)nc1C.[Fe+2],0.15907526
TRZ01754,Cc1nnc(-c2cc(-c3ccccc3)nc(-c3ccccc3)n2)nc1C,Fe2+,Cc1nnc(-c2cc(-c3ccccc3)nc(-c3ccccc3)n2)nc1C.[Fe+2],0.15795088
TRZ02422,Cc1nnc(CSCCS(=O)(=O)c2ccccc2)nc1C,Fe2+,Cc1nnc(CSCCS(=O)(=O)c2ccccc2)nc1C.[Fe+2],0.15779638
TRZ03126,Cc1nnc(-c2cccnc2NCc2ccc(F)cc2)nc1C,Fe2+,Cc1nnc(-c2cccnc2NCc2ccc(F)cc2)nc1C.[Fe+2],0.15523005
TRZ01659,CCn1cc(-c2nnc(C)c(C)n2)c(=O)c2cc(F)ccc21,Fe2+,CCn1cc(-c2nnc(C)c(C)n2)c(=O)c2cc(F)ccc21.[Fe+2],0.15474749
TRZ05899,Cc1nnc(-c2nc(-c3ccccc3)c3[nH]c4ccccc4c3c2F)nc1C,Fe2+,Cc1nnc(-c2nc(-c3ccccc3)c3[nH]c4ccccc4c3c2F)nc1C.[Fe+2],0.15335178
TRZ02266,Cc1nnc(CNc2cc(Cl)cc(Cl)c2)nc1C,Fe2+,Cc1nnc(CNc2cc(Cl)cc(Cl)c2)nc1C.[Fe+2],0.15310383
TRZ00486,Cc1nnc(-c2cc(-c3ccc(OCC(C)C)cc3)n[nH]2)nc1C,Fe2+,Cc1nnc(-c2cc(-c3ccc(OCC(C)C)cc3)n[nH]2)nc1C.[Fe+2],0.1503048
TRZ01148,Cc1nnc(-c2cc(-c3ccccc3)nn2Cc2ccccc2)nc1C,Fe2+,Cc1nnc(-c2cc(-c3ccccc3)nn2Cc2ccccc2)nc1C.[Fe+2],0.15007544
TRZ00045,COc1ccccc1-c1cc(-c2nnc(C)c(C)n2)[nH]n1,Fe2+,COc1ccccc1-c1cc(-c2nnc(C)c(C)n2)[nH]n1.[Fe+2],0.14844847
TRZ01844,Cc1nnc(-c2ncc[nH]2)nc1C,Fe2+,Cc1nnc(-c2ncc[nH]2)nc1C.[Fe+2],0.14755821
TRZ04181,Cc1nnc(C2CC(C)(S(=O)(=O)c3cccc(C(F)(F)F)c3)CCO2)nc1C,Fe2+,Cc1nnc(C2CC(C)(S(=O)(=O)c3cccc(C(F)(F)F)c3)CCO2)nc1C.[Fe+2],0.14425278
TRZ01954,Cc1nnc(Cc2nc3n(n2)CCCCC3)nc1C,Fe2+,Cc1nnc(Cc2nc3n(n2)CCCCC3)nc1C.[Fe+2],0.14278603
TRZ03816,Cc1nnc(-c2cc(C(C)C(O)(Cn3cncn3)c3ccc(F)cc3F)ccn2)nc1C,Fe2+,Cc1nnc(-c2cc(C(C)C(O)(Cn3cncn3)c3ccc(F)cc3F)ccn2)nc1C.[Fe+2],0.14195299
TRZ01240,Cc1nnc(-c2cc(=O)[nH][nH]2)nc1C,Fe2+,Cc1nnc(-c2cc(=O)[nH][nH]2)nc1C.[Fe+2],0.14098883
TRZ02315,Cc1nnc(-c2sc3nc4c(cc3c2N)COC(C)(C)C4)nc1C,Fe2+,Cc1nnc(-c2sc3nc4c(cc3c2N)COC(C)(C)C4)nc1C.[Fe+2],0.14054918
TRZ00520,Cc1nnc(-c2sc3cc(C(F)(F)F)cnc3c2-c2cccnc2)nc1C,Fe2+,Cc1nnc(-c2sc3cc(C(F)(F)F)cnc3c2-c2cccnc2)nc1C.[Fe+2],0.13748503
TRZ01785,Cc1cc(N2CCc3ccccc3C2)nc(-c2nnc(C)c(C)n2)n1,Fe2+,Cc1cc(N2CCc3ccccc3C2)nc(-c2nnc(C)c(C)n2)n1.[Fe+2],0.13626862
TRZ03728,Cc1nnc(-c2nn(Cc3ccc(F)cc3Cl)c3cc(N)ccc23)nc1C,Fe2+,Cc1nnc(-c2nn(Cc3ccc(F)cc3Cl)c3cc(N)ccc23)nc1C.[Fe+2],0.13509417
TRZ04463,CCSc1cc2c(cc1-c1nnc(C)c(C)n1)nc(C(C)(C)F)n2C,Fe2+,CCSc1cc2c(cc1-c1nnc(C)c(C)n1)nc(C(C)(C)F)n2C.[Fe+2],0.1324768
TRZ00664,COc1ccc(N2CCSC2c2nnc(C)c(C)n2)cc1,Fe2+,COc1ccc(N2CCSC2c2nnc(C)c(C)n2)cc1.[Fe+2],0.1312213
TRZ01242,Cc1nnc(CC(=O)Nc2ccccc2F)nc1C,Fe2+,Cc1nnc(CC(=O)Nc2ccccc2F)nc1C.[Fe+2],0.13073683
TRZ04479,Cc1nnc(-c2cc(-c3cnc(C(F)(F)F)nc3)ccc2N)nc1C,Fe2+,Cc1nnc(-c2cc(-c3cnc(C(F)(F)F)nc3)ccc2N)nc1C.[Fe+2],0.13030052
TRZ04638,Cc1nc2c(c(-c3nnc(C)c(C)n3)nn2C(C)c2ccc(C(F)(F)F)cc2)c(=O)[nH]1,Fe2+,Cc1nc2c(c(-c3nnc(C)c(C)n3)nn2C(C)c2ccc(C(F)(F)F)cc2)c(=O)[nH]1.[Fe+2],0.12903309
TRZ04071,Cc1nnc(C(C)(C)C(=O)c2cc(C(F)(F)F)n(-c3ccc(Br)cn3)n2)nc1C,Fe2+,Cc1nnc(C(C)(C)C(=O)c2cc(C(F)(F)F)n(-c3ccc(Br)cn3)n2)nc1C.[Fe+2],0.12894344
TRZ05732,Cc1nnc(-c2cncc(-c3ccc(OC(F)F)cc3)n2)nc1C,Fe2+,Cc1nnc(-c2cncc(-c3ccc(OC(F)F)cc3)n2)nc1C.[Fe+2],0.12858105
TRZ01879,Cc1nnc(-c2cncn2-c2ccccc2)nc1C,Fe2+,Cc1nnc(-c2cncn2-c2ccccc2)nc1C.[Fe+2],0.12757683
TRZ02978,Cc1nnc(C[C@@H]2C[C@]3(NC(=O)NC3=O)c3cc(F)ccc3O2)nc1C,Fe2+,Cc1nnc(C[C@@H]2C[C@]3(NC(=O)NC3=O)c3cc(F)ccc3O2)nc1C.[Fe+2],0.12463808
TRZ03976,COc1nc(-c2nnc(C)c(C)n2)c(NC(=O)OC(C)(C)C)cc1C(F)(F)F,Fe2+,COc1nc(-c2nnc(C)c(C)n2)c(NC(=O)OC(C)(C)C)cc1C(F)(F)F.[Fe+2],0.12462473
TRZ04622,Cc1nnc(-c2c(OC3CCN(C(=O)OC(C)(C)C)CC3)cccc2C(F)(F)F)nc1C,Fe2+,Cc1nnc(-c2c(OC3CCN(C(=O)OC(C)(C)C)CC3)cccc2C(F)(F)F)nc1C.[Fe+2],0.124007225
TRZ02359,Cc1nnc(-c2cc(C)n(-c3ccccc3)c2C)nc1C,Fe2+,Cc1nnc(-c2cc(C)n(-c3ccccc3)c2C)nc1C.[Fe+2],0.12259579
TRZ02592,Cc1nnc(-c2c(N)[nH]n3c(=O)c(C(C)(C)C)nnc23)nc1C,Fe2+,Cc1nnc(-c2c(N)[nH]n3c(=O)c(C(C)(C)C)nnc23)nc1C.[Fe+2],0.12079096
TRZ00656,Cc1nnc(-c2nc(-c3ccccc3)nc(-c3ccccc3)n2)nc1C,Fe2+,Cc1nnc(-c2nc(-c3ccccc3)nc(-c3ccccc3)n2)nc1C.[Fe+2],0.120470524
TRZ01787,Cc1nnc(-c2nc(-c3ccccc3)cc(N3CC4CS(=O)(=O)CC4C3)n2)nc1C,Fe2+,Cc1nnc(-c2nc(-c3ccccc3)cc(N3CC4CS(=O)(=O)CC4C3)n2)nc1C.[Fe+2],0.120128155
TRZ03686,Cc1nnc(-c2ccc(N3CN(Oc4ccccc4C(F)(F)F)C3)nn2)nc1C,Fe2+,Cc1nnc(-c2ccc(N3CN(Oc4ccccc4C(F)(F)F)C3)nn2)nc1C.[Fe+2],0.11769676
TRZ01431,Cc1ccc(-c2nnc(SCc3nnc(C)c(C)n3)n2-c2ccccc2)cc1,Fe2+,Cc1ccc(-c2nnc(SCc3nnc(C)c(C)n3)n2-c2ccccc2)cc1.[Fe+2],0.115596294
TRZ01395,COc1ccc(/C=C(\NC(=O)c2ccc(NC(C)=O)cc2)c2nnc(C)c(C)n2)cc1,Fe2+,COc1ccc(/C=C(\NC(=O)c2ccc(NC(C)=O)cc2)c2nnc(C)c(C)n2)cc1.[Fe+2],0.114774704
TRZ02033,COc1ccc2[nH]c(-c3nnc(C)c(C)n3)cc2c1,Fe2+,COc1ccc2[nH]c(-c3nnc(C)c(C)n3)cc2c1.[Fe+2],0.114328384
TRZ01153,Cc1nnc(-c2c(N)sc3c2CCCCC3)nc1C,Fe2+,Cc1nnc(-c2c(N)sc3c2CCCCC3)nc1C.[Fe+2],0.11391115
TRZ03615,COc1ccc(-c2nc3n[nH]c(-c4nnc(C)c(C)n4)c3c(C)c2C)c(F)c1,Fe2+,COc1ccc(-c2nc3n[nH]c(-c4nnc(C)c(C)n4)c3c(C)c2C)c(F)c1.[Fe+2],0.11321545
TRZ02015,Cc1nnc(CN2C(=O)COc3ccccc32)nc1C,Fe2+,Cc1nnc(CN2C(=O)COc3ccccc32)nc1C.[Fe+2],0.1128788
TRZ01805,Cc1nnc(-c2nc(-c3ccccc3)cc(N3CCCc4ccccc43)n2)nc1C,Fe2+,Cc1nnc(-c2nc(-c3ccccc3)cc(N3CCCc4ccccc43)n2)nc1C.[Fe+2],0.11196327
TRZ00219,Cc1nnc(-c2cn(C)c3ccccc23)nc1C,Fe2+,Cc1nnc(-c2cn(C)c3ccccc23)nc1C.[Fe+2],0.10951662
TRZ01061,Cc1nnc(-c2nc(-c3ccc(C(F)(F)F)nc3)cc(N3Cc4ccccc4C3)n2)nc1C,Fe2+,Cc1nnc(-c2nc(-c3ccc(C(F)(F)F)nc3)cc(N3Cc4ccccc4C3)n2)nc1C.[Fe+2],0.10604477
TRZ00810,COc1ccc2[nH]c3c(c2c1)CCN1C[C@@H]2[C@H](C)OC=C(c4nnc(C)c(C)n4)[C@H]2C[C@@H]31,Fe2+,COc1ccc2[nH]c3c(c2c1)CCN1C[C@@H]2[C@H](C)OC=C(c4nnc(C)c(C)n4)[C@H]2C[C@@H]31.[Fe+2],0.10465002
TRZ01722,Cc1nnc(/C=C2/Nc3ccc(C#N)cc3NC2=O)nc1C,Fe2+,Cc1nnc(/C=C2/Nc3ccc(C#N)cc3NC2=O)nc1C.[Fe+2],0.102617264
TRZ01815,Cc1nnc(CNc2ncnc3sc4c(c23)CCCC4)nc1C,Fe2+,Cc1nnc(CNc2ncnc3sc4c(c23)CCCC4)nc1C.[Fe+2],0.10178566
TRZ02250,Cc1nnc(C2=CN(Cc3ccccc3)C=CC2)nc1C,Fe2+,Cc1nnc(C2=CN(Cc3ccccc3)C=CC2)nc1C.[Fe+2],0.10087061
TRZ00131,Cc1nnc(-c2[nH]c3ccccc3c2S(=O)(=O)c2ccccc2)nc1C,Fe2+,Cc1nnc(-c2[nH]c3ccccc3c2S(=O)(=O)c2ccccc2)nc1C.[Fe+2],0.10015535
TRZ00675,Cc1nnc(-c2cn3cc(C(F)(F)F)cc(Cl)c3n2)nc1C,Fe2+,Cc1nnc(-c2cn3cc(C(F)(F)F)cc(Cl)c3n2)nc1C.[Fe+2],0.09961271
TRZ00971,COc1ccccc1OCC(O)Cn1nc(-c2ccccc2)cc1-c1nnc(C)c(C)n1,Fe2+,COc1ccccc1OCC(O)Cn1nc(-c2ccccc2)cc1-c1nnc(C)c(C)n1.[Fe+2],0.097743034
TRZ03007,Cc1nnc(C2=Nc3ccc(Cl)c(-c4c(F)cccc4F)c3C=NC2)nc1C,Fe2+,Cc1nnc(C2=Nc3ccc(Cl)c(-c4c(F)cccc4F)c3C=NC2)nc1C.[Fe+2],0.09454203
TRZ01077,Cc1nnc(-c2c[nH]cc2-c2ccc(Cl)cc2)nc1C,Fe2+,Cc1nnc(-c2c[nH]cc2-c2ccc(Cl)cc2)nc1C.[Fe+2],0.09286642
TRZ03186,COC(=O)C1CCC(Oc2ncc(CC(=O)c3nnc(C)c(C)n3)cc2F)CC1,Fe2+,COC(=O)C1CCC(Oc2ncc(CC(=O)c3nnc(C)c(C)n3)cc2F)CC1.[Fe+2],0.090688705
TRZ02442,CC(=O)Nc1ccc(Br)cc1C(NCc1nnc(C)c(C)n1)c1ccccc1,Fe2+,CC(=O)Nc1ccc(Br)cc1C(NCc1nnc(C)c(C)n1)c1ccccc1.[Fe+2],0.09048176
TRZ01776,Cc1nnc(-c2nc(-c3ccc(C(F)(F)F)nc3)cc(-c3ncco3)n2)nc1C,Fe2+,Cc1nnc(-c2nc(-c3ccc(C(F)(F)F)nc3)cc(-c3ncco3)n2)nc1C.[Fe+2],0.08991337
TRZ05085,Cc1ccc(OC(F)(F)F)cc1CNC(=O)c1nnc(C)c(C)n1,Fe2+,Cc1ccc(OC(F)(F)F)cc1CNC(=O)c1nnc(C)c(C)n1.[Fe+2],0.08978796
TRZ00646,Cc1nnc(-c2sc(=S)n(C)c2C)nc1C,Fe2+,Cc1nnc(-c2sc(=S)n(C)c2C)nc1C.[Fe+2],0.08976793
TRZ04160,Cc1nnc(COc2ccc(CC=NOCc3ccc(C(F)(F)F)cc3)cc2)nc1C,Fe2+,Cc1nnc(COc2ccc(CC=NOCc3ccc(C(F)(F)F)cc3)cc2)nc1C.[Fe+2],0.08963156
TRZ00288,Cc1nnc(CSCc2nc(-c3ccc(Cl)cc3)cs2)nc1C,Fe2+,Cc1nnc(CSCc2nc(-c3ccc(Cl)cc3)cs2)nc1C.[Fe+2],0.0889163
TRZ01151,COc1ccc(-c2cc(-c3nnc(C)c(C)n3)n(Cc3ccccc3)n2)cc1,Fe2+,COc1ccc(-c2cc(-c3nnc(C)c(C)n3)n(Cc3ccccc3)n2)cc1.[Fe+2],0.08878708
TRZ02223,Cc1nnc([C@@H](C)Oc2ccc(Oc3ncc(Cl)cc3F)cc2)nc1C,Fe2+,Cc1nnc([C@@H](C)Oc2ccc(Oc3ncc(Cl)cc3F)cc2)nc1C.[Fe+2],0.08855963
TRZ05256,Cc1nnc(Cn2ncc3ncc(-c4ccc(F)c(C(F)F)c4)cc32)nc1C,Fe2+,Cc1nnc(Cn2ncc3ncc(-c4ccc(F)c(C(F)F)c4)cc32)nc1C.[Fe+2],0.08682346
TRZ03168,Cc1nnc(C[C@@H](Cc2cc(F)ccc2F)NC(=O)OC(C)(C)C)nc1C,Fe2+,Cc1nnc(C[C@@H](Cc2cc(F)ccc2F)NC(=O)OC(C)(C)C)nc1C.[Fe+2],0.08546066
TRZ01565,COc1cc(/C=C(/NC(=O)c2ccc(Cl)cc2)c2nnc(C)c(C)n2)cc(OC)c1OC,Fe2+,COc1cc(/C=C(/NC(=O)c2ccc(Cl)cc2)c2nnc(C)c(C)n2)cc(OC)c1OC.[Fe+2],0.08324671
TRZ02395,Cc1nnc(-c2c(C)noc2-c2cccs2)nc1C,Fe2+,Cc1nnc(-c2c(C)noc2-c2cccs2)nc1C.[Fe+2],0.08204031
TRZ01481,Cc1nnc(-c2cn[nH]c2C)nc1C,Fe2+,Cc1nnc(-c2cn[nH]c2C)nc1C.[Fe+2],0.08159208
TRZ05889,Cc1nnc(-c2c(C(=O)c3ccccc3C(F)(F)F)ccnc2Cl)nc1C,Fe2+,Cc1nnc(-c2c(C(=O)c3ccccc3C(F)(F)F)ccnc2Cl)nc1C.[Fe+2],0.07977152
TRZ00133,Cc1ccc(S(=O)(=O)c2c(-c3nnc(C)c(C)n3)[nH]c3ccc(Cl)cc23)cc1,Fe2+,Cc1ccc(S(=O)(=O)c2c(-c3nnc(C)c(C)n3)[nH]c3ccc(Cl)cc23)cc1.[Fe+2],0.07866764
TRZ03407,Cc1ccc2c(-c3nnc(C)c(C)n3)nn(Cc3ccc(Cl)cc3F)c2c1,Fe2+,Cc1ccc2c(-c3nnc(C)c(C)n3)nn(Cc3ccc(Cl)cc3F)c2c1.[Fe+2],0.0784049
TRZ05762,Cc1nnc(-c2cnc(NCc3cc(F)cc(F)c3)nc2)nc1C,Fe2+,Cc1nnc(-c2cnc(NCc3cc(F)cc(F)c3)nc2)nc1C.[Fe+2],0.07794285
TRZ03849,Cc1nnc([C@@H]2OC(C)(C)O[C@H]2C(=O)NCC2CCN(c3ccc(F)cc3C#N)CC2)nc1C,Fe2+,Cc1nnc([C@@H]2OC(C)(C)O[C@H]2C(=O)NCC2CCN(c3ccc(F)cc3C#N)CC2)nc1C.[Fe+2],0.077651024
TRZ00098,Cc1nnc(-c2cncn2C)nc1C,Fe2+,Cc1nnc(-c2cncn2C)nc1C.[Fe+2],0.07522631
TRZ03208,Cc1ccc(-c2nc3ccc(F)cn3c2Cc2noc(-c3nnc(C)c(C)n3)n2)cc1,Fe2+,Cc1ccc(-c2nc3ccc(F)cn3c2Cc2noc(-c3nnc(C)c(C)n3)n2)cc1.[Fe+2],0.0739007
TRZ02653,Cc1nnc(Cc2nc3ccccc3s2)nc1C,Fe2+,Cc1nnc(Cc2nc3ccccc3s2)nc1C.[Fe+2],0.07286072
TRZ02427,Cc1nnc(Cc2sc3ccc(Cl)cc3c2C)nc1C,Fe2+,Cc1nnc(Cc2sc3ccc(Cl)cc3c2C)nc1C.[Fe+2],0.072577
TRZ02151,Cc1nnc(-c2cnn(-c3ccccc3F)c2C)nc1C,Fe2+,Cc1nnc(-c2cnn(-c3ccccc3F)c2C)nc1C.[Fe+2],0.07119751
TRZ01818,Cc1nnc(-c2ncn(-c3cccc(Cl)c3)c2-c2cccc(F)c2)nc1C,Fe2+,Cc1nnc(-c2ncn(-c3cccc(Cl)c3)c2-c2cccc(F)c2)nc1C.[Fe+2],0.0679183
TRZ03538,COc1ccc(C(=O)C2CC(C)(C)Cc3c2c(-c2nnc(C)c(C)n2)nn3C)cc1C(F)(F)F,Fe2+,COc1ccc(C(=O)C2CC(C)(C)Cc3c2c(-c2nnc(C)c(C)n2)nn3C)cc1C(F)(F)F.[Fe+2],0.06748009
TRZ01883,Cc1nnc(-c2cncc(N3CCCCC3C)n2)nc1C,Fe2+,Cc1nnc(-c2cncc(N3CCCCC3C)n2)nc1C.[Fe+2],0.06646347
TRZ01634,Cc1nnc(C(NC(=O)COc2ccc3ccccc3c2)C(C)C)nc1C,Fe2+,Cc1nnc(C(NC(=O)COc2ccc3ccccc3c2)C(C)C)nc1C.[Fe+2],0.06437254
TRZ04475,Cc1nnc(C2CCCN2c2ccc(F)cc2)nc1C,Fe2+,Cc1nnc(C2CCCN2c2ccc(F)cc2)nc1C.[Fe+2],0.063051224
TRZ00515,CCCCN(CCCC)Cc1ccc(-c2nnc(C)c(C)n2)o1,Fe2+,CCCCN(CCCC)Cc1ccc(-c2nnc(C)c(C)n2)o1.[Fe+2],0.062554836
TRZ01487,Cc1nnc(-c2cnc3ccc(F)cc3c2N)nc1C,Fe2+,Cc1nnc(-c2cnc3ccc(F)cc3c2N)nc1C.[Fe+2],0.060807705
TRZ02431,Cc1nnc(C(=O)Nc2nc(-c3ccc(Br)cc3)cs2)nc1C,Fe2+,Cc1nnc(C(=O)Nc2nc(-c3ccc(Br)cc3)cs2)nc1C.[Fe+2],0.059702396
TRZ01332,Cc1nnc(C2=CO[C@@H](C)[C@@H]3CN4CCc5c(n(C)c6ccccc56)[C@@H]4C[C@H]23)nc1C,Fe2+,Cc1nnc(C2=CO[C@@H](C)[C@@H]3CN4CCc5c(n(C)c6ccccc56)[C@@H]4C[C@H]23)nc1C.[Fe+2],0.05860567
TRZ01604,Cc1nnc(-c2nnn(Nc3cc(Cl)ccc3Cl)c2C)nc1C,Fe2+,Cc1nnc(-c2nnn(Nc3cc(Cl)ccc3Cl)c2C)nc1C.[Fe+2],0.054914474
TRZ03446,Cc1nnc(-c2nn(Cc3ccc(F)cc3F)c3cccnc23)nc1C,Fe2+,Cc1nnc(-c2nn(Cc3ccc(F)cc3F)c3cccnc23)nc1C.[Fe+2],0.052868366
TRZ05583,Cc1cc(-c2nnc(C)c(C)n2)nc(N2CCCC(C(F)(F)F)C2)c1,Fe2+,Cc1cc(-c2nnc(C)c(C)n2)nc(N2CCCC(C(F)(F)F)C2)c1.[Fe+2],0.05237484
TRZ01269,CC(=O)N1CCN(c2ccc(CCc3ccc(-c4nnc(C)c(C)n4)s3)nc2)CC1,Fe2+,CC(=O)N1CCN(c2ccc(CCc3ccc(-c4nnc(C)c(C)n4)s3)nc2)CC1.[Fe+2],0.05232334
TRZ02813,Cc1nnc(-c2cc(C)n(-c3ccc(F)cc3)c2C)nc1C,Fe2+,Cc1nnc(-c2cc(C)n(-c3ccc(F)cc3)c2C)nc1C.[Fe+2],0.05149126
TRZ02955,Cc1nnc(-c2cn3c4c(cc(F)cc4c2=O)C2CCCCC23)nc1C,Fe2+,Cc1nnc(-c2cn3c4c(cc(F)cc4c2=O)C2CCCCC23)nc1C.[Fe+2],0.05077648
TRZ02237,Cc1nnc(-c2cc(=O)c3cc(F)ccc3o2)nc1C,Fe2+,Cc1nnc(-c2cc(=O)c3cc(F)ccc3o2)nc1C.[Fe+2],0.050088882
TRZ05740,Cc1nnc(-c2nccc(-c3ccc(OC(F)F)nc3)n2)nc1C,Fe2+,Cc1nnc(-c2nccc(-c3ccc(OC(F)F)nc3)n2)nc1C.[Fe+2],0.049595356
TRZ02451,Cc1nnc(C2(C)NC(C)(C)Cc3ccccc32)nc1C,Fe2+,Cc1nnc(C2(C)NC(C)(C)Cc3ccccc32)nc1C.[Fe+2],0.04678154
TRZ01568,COc1cccc(OC)c1C(=O)NCc1nnc(C)c(C)n1,Fe2+,COc1cccc(OC)c1C(=O)NCc1nnc(C)c(C)n1.[Fe+2],0.046745777
TRZ01389,CC(=O)Nc1ccc(C(=O)N/C(=C\c2ccco2)c2nnc(C)c(C)n2)cc1,Fe2+,CC(=O)Nc1ccc(C(=O)N/C(=C\c2ccco2)c2nnc(C)c(C)n2)cc1.[Fe+2],0.045864105
TRZ04935,Cc1nnc(-c2cc(F)c(F)cc2N(C(C)(C)C)S(=O)(=O)c2ccccc2)nc1C,Fe2+,Cc1nnc(-c2cc(F)c(F)cc2N(C(C)(C)C)S(=O)(=O)c2ccccc2)nc1C.[Fe+2],0.045616627
TRZ01680,CCN(CC)c1ccc(NC(=O)Cc2nnc(C)c(C)n2)cc1,Fe2+,CCN(CC)c1ccc(NC(=O)Cc2nnc(C)c(C)n2)cc1.[Fe+2],0.042503357
TRZ02224,Cc1nnc(C2=NCC(=O)Nc3ccc(F)cc32)nc1C,Fe2+,Cc1nnc(C2=NCC(=O)Nc3ccc(F)cc32)nc1C.[Fe+2],0.040254116
TRZ02998,Cc1nnc(C2=Nc3ccc(F)cc3C(c3ccccc3Cl)=NC2)nc1C,Fe2+,Cc1nnc(C2=Nc3ccc(F)cc3C(c3ccccc3Cl)=NC2)nc1C.[Fe+2],0.03922701
TRZ01244,COc1ccccc1NC(=O)Cc1nnc(C)c(C)n1,Fe2+,COc1ccccc1NC(=O)Cc1nnc(C)c(C)n1.[Fe+2],0.03857851
TRZ05084,Cc1nnc(C(=O)NCc2ccc(Cl)cc2C(F)(F)F)nc1C,Fe2+,Cc1nnc(C(=O)NCc2ccc(Cl)cc2C(F)(F)F)nc1C.[Fe+2],0.038381577
TRZ04250,CCCCC(OC(N)=O)(c1cccc(C(F)(F)F)c1)c1nnc(C)c(C)n1,Fe2+,CCCCC(OC(N)=O)(c1cccc(C(F)(F)F)c1)c1nnc(C)c(C)n1.[Fe+2],0.035079956
TRZ02360,COc1ccc(-c2cc(-c3nnc(C)c(C)n3)n(CCC#N)n2)cc1,Fe2+,COc1ccc(-c2cc(-c3nnc(C)c(C)n3)n(CCC#N)n2)cc1.[Fe+2],0.031616688
TRZ00844,Cc1nnc(-c2ncn[nH]2)nc1C,Fe2+,Cc1nnc(-c2ncn[nH]2)nc1C.[Fe+2],0.03124857
TRZ02194,Cc1nnc(C2CC(=O)N(c3ccc(F)cc3)C2)nc1C,Fe2+,Cc1nnc(C2CC(=O)N(c3ccc(F)cc3)C2)nc1C.[Fe+2],0.029453754
TRZ01390,CC(=O)Nc1ccc(C(=O)N/C(=C\c2ccccc2)c2nnc(C)c(C)n2)cc1,Fe2+,CC(=O)Nc1ccc(C(=O)N/C(=C\c2ccccc2)c2nnc(C)c(C)n2)cc1.[Fe+2],0.029324532
TRZ03332,Cc1nnc(CN2CCn3c(nnc3C(F)(F)F)C2)nc1C,Fe2+,Cc1nnc(CN2CCn3c(nnc3C(F)(F)F)C2)nc1C.[Fe+2],0.028539658
TRZ05871,Cc1nnc(-c2nc(C(=O)Cc3ccccc3)c(C(F)(F)F)cc2N)nc1C,Fe2+,Cc1nnc(-c2nc(C(=O)Cc3ccccc3)c(C(F)(F)F)cc2N)nc1C.[Fe+2],0.02788496
TRZ01960,Cc1ccncc1-c1nnc(C)c(C)n1,Fe2+,Cc1ccncc1-c1nnc(C)c(C)n1.[Fe+2],0.02739191
TRZ00299,Cc1nnc(Cn2c(-c3ccccc3)cc3ccccc32)nc1C,Fe2+,Cc1nnc(Cn2c(-c3ccccc3)cc3ccccc32)nc1C.[Fe+2],0.02586937
TRZ01193,Cc1nnc(C(=O)/C=C2\NC3(CCCC3)Cc3ccccc32)nc1C,Fe2+,Cc1nnc(C(=O)/C=C2\NC3(CCCC3)Cc3ccccc32)nc1C.[Fe+2],0.024167538
TRZ02562,CCCNc1nc2oc(C)c(-c3nnc(C)c(C)n3)c2c(=O)n1-c1ccc(C)cc1,Fe2+,CCCNc1nc2oc(C)c(-c3nnc(C)c(C)n3)c2c(=O)n1-c1ccc(C)cc1.[Fe+2],0.023125172
TRZ00898,CCn1cnc2c1c(=O)n(Cc1nnc(C)c(C)n1)c(=O)n2Cc1ccccc1,Fe2+,CCn1cnc2c1c(=O)n(Cc1nnc(C)c(C)n1)c(=O)n2Cc1ccccc1.[Fe+2],0.021261692
TRZ01334,CCN1c2ccccc2Sc2c(-c3nnc(C)c(C)n3)cccc21,Fe2+,CCN1c2ccccc2Sc2c(-c3nnc(C)c(C)n3)cccc21.[Fe+2],0.019611359
TRZ04024,Cc1nnc(-c2ccccc2Nc2cc(F)c(F)c(C)c2F)nc1C,Fe2+,Cc1nnc(-c2ccccc2Nc2cc(F)c(F)c(C)c2F)nc1C.[Fe+2],0.018687248
TRZ03408,Cc1nnc(-c2nn(Cc3ccc(F)cc3Cl)c3cc(N(C)C)ccc23)nc1C,Fe2+,Cc1nnc(-c2nn(Cc3ccc(F)cc3Cl)c3cc(N(C)C)ccc23)nc1C.[Fe+2],0.018408775
TRZ01873,Cc1nnc(Cn2c(C)cc(=O)n3ncnc23)nc1C,Fe2+,Cc1nnc(Cn2c(C)cc(=O)n3ncnc23)nc1C.[Fe+2],0.01719904
TRZ01391,CC(=O)Nc1ccc(C(=O)N/C(=C\c2ccccc2Cl)c2nnc(C)c(C)n2)cc1,Fe2+,CC(=O)Nc1ccc(C(=O)N/C(=C\c2ccccc2Cl)c2nnc(C)c(C)n2)cc1.[Fe+2],0.015058994
TRZ03010,Cc1nnc(CC(=O)Nc2ccc(OCc3cccc(F)c3)cc2)nc1C,Fe2+,Cc1nnc(CC(=O)Nc2ccc(OCc3cccc(F)c3)cc2)nc1C.[Fe+2],0.014476776
TRZ00893,Cc1nnc(CNC(=O)c2ccc(F)cc2)nc1C,Fe2+,Cc1nnc(CNC(=O)c2ccc(F)cc2)nc1C.[Fe+2],0.010700703
TRZ05347,COCc1cc(OC(F)(F)F)ccc1-c1cnc(Cc2nnc(C)c(C)n2)cn1,Fe2+,COCc1cc(OC(F)(F)F)ccc1-c1cnc(Cc2nnc(C)c(C)n2)cn1.[Fe+2],0.0103440285
TRZ00624,Cc1nnc(-c2nc(-c3cccc(-n4cccc4)c3)no2)nc1C,Fe2+,Cc1nnc(-c2nc(-c3cccc(-n4cccc4)c3)no2)nc1C.[Fe+2],0.009304047
TRZ01083,Cc1nnc(C2=NN(c3ccccc3)C(=O)C2)nc1C,Fe2+,Cc1nnc(C2=NN(c3ccccc3)C(=O)C2)nc1C.[Fe+2],0.0073657036
TRZ00974,COc1ccc(-c2cc(-c3nnc(C)c(C)n3)n(CC(O)COc3ccccc3OC)n2)cc1,Fe2+,COc1ccc(-c2cc(-c3nnc(C)c(C)n3)n(CC(O)COc3ccccc3OC)n2)cc1.[Fe+2],0.0071926117
TRZ00322,Cc1nnc(CN2C(=O)Nc3ccc(Br)cc3C2c2ccccc2)nc1C,Fe2+,Cc1nnc(CN2C(=O)Nc3ccc(Br)cc3C2c2ccccc2)nc1C.[Fe+2],0.0051984787
TRZ03276,Cc1nnc(-c2ccc(F)cc2NS(=O)(=O)c2ccc(C(C)(C)C)cc2)nc1C,Fe2+,Cc1nnc(-c2ccc(F)cc2NS(=O)(=O)c2ccc(C(C)(C)C)cc2)nc1C.[Fe+2],0.0051031113
TRZ01895,Cc1nnc(-c2csc(C3CCCN3C(=O)OC(C)(C)C)n2)nc1C,Fe2+,Cc1nnc(-c2csc(C3CCCN3C(=O)OC(C)(C)C)n2)nc1C.[Fe+2],0.0048537254
TRZ03258,COc1cc(O)c(F)cc1-c1nnc(C)c(C)n1,Fe2+,COc1cc(O)c(F)cc1-c1nnc(C)c(C)n1.[Fe+2],0.0039725304
TRZ01206,Cc1cc2ncn(Cc3nnc(C)c(C)n3)c2cc1C,Fe2+,Cc1cc2ncn(Cc3nnc(C)c(C)n3)c2cc1C.[Fe+2],0.0035939217
TRZ02786,Cc1nnc(Cc2ccc(Cl)cn2)nc1C,Fe2+,Cc1nnc(Cc2ccc(Cl)cn2)nc1C.[Fe+2],0.0034718513
TRZ01282,Cc1nnc(C(=O)c2c[nH]c3ccccc23)nc1C,Fe2+,Cc1nnc(C(=O)c2c[nH]c3ccccc23)nc1C.[Fe+2],0.0023918152
TRZ01707,Cc1nc2cc(-c3nnc(C)c(C)n3)c([N+](=O)[O-])cc2[nH]1,Fe2+,Cc1nc2cc(-c3nnc(C)c(C)n3)c([N+](=O)[O-])cc2[nH]1.[Fe+2],0.0021324158
TRZ04431,COC(=O)C1CN(CCc2nnc(C)c(C)n2)C[C@H]1c1ccc(F)cc1F,Fe2+,COC(=O)C1CN(CCc2nnc(C)c(C)n2)C[C@H]1c1ccc(F)cc1F.[Fe+2],0.0014281273
TRZ02589,Cc1nnc(Cn2ncc3ccccc32)nc1C,Fe2+,Cc1nnc(Cn2ncc3ccccc32)nc1C.[Fe+2],-5.4836273e-05
TRZ04845,COC(=O)[C@@H]1CN(CCc2nnc(C)c(C)n2)C[C@H]1c1ccc(F)cc1F,Fe2+,COC(=O)[C@@H]1CN(CCc2nnc(C)c(C)n2)C[C@H]1c1ccc(F)cc1F.[Fe+2],-0.00011587143
TRZ00853,Cc1nnc(-c2cn3ccsc3n2)nc1C,Fe2+,Cc1nnc(-c2cn3ccsc3n2)nc1C.[Fe+2],-0.00062417984
TRZ05215,Cc1nnc(-c2cnc(Br)c(F)c2)nc1C,Fe2+,Cc1nnc(-c2cnc(Br)c(F)c2)nc1C.[Fe+2],-0.0017280579
TRZ00589,Cc1nnc(C2C(O)CCC3CN4CCc5c([nH]c6ccccc56)C4CC32)nc1C,Fe2+,Cc1nnc(C2C(O)CCC3CN4CCc5c([nH]c6ccccc56)C4CC32)nc1C.[Fe+2],-0.002129078
TRZ04233,Cc1nnc(C(C)N=Cc2cc(F)cc(F)c2)nc1C,Fe2+,Cc1nnc(C(C)N=Cc2cc(F)cc(F)c2)nc1C.[Fe+2],-0.0031542778
TRZ02779,Cc1nnc(CN2C(=O)CSc3ccccc32)nc1C,Fe2+,Cc1nnc(CN2C(=O)CSc3ccccc32)nc1C.[Fe+2],-0.0038661957
TRZ04172,Cc1nnc(C(CC(F)(F)F)C2(O)CCN(Cc3ccccc3)CC2)nc1C,Fe2+,Cc1nnc(C(CC(F)(F)F)C2(O)CCN(Cc3ccccc3)CC2)nc1C.[Fe+2],-0.004257202
TRZ02730,Cc1nnc(-c2cnccc2C(=O)O)nc1C,Fe2+,Cc1nnc(-c2cnccc2C(=O)O)nc1C.[Fe+2],-0.005325794
TRZ05496,Cc1nnc(-c2cncc(-c3cccc(F)c3)n2)nc1C,Fe2+,Cc1nnc(-c2cncc(-c3cccc(F)c3)n2)nc1C.[Fe+2],-0.0060982704
TRZ01374,CCCN(CCC)/C(=C\c1ccc([N+](=O)[O-])o1)c1nnc(C)c(C)n1,Fe2+,CCCN(CCC)/C(=C\c1ccc([N+](=O)[O-])o1)c1nnc(C)c(C)n1.[Fe+2],-0.0063066483
TRZ03597,Cc1nnc(C(NC(=O)O)c2cccc(C(F)(F)F)c2)nc1C,Fe2+,Cc1nnc(C(NC(=O)O)c2cccc(C(F)(F)F)c2)nc1C.[Fe+2],-0.007777691
TRZ05584,Cc1cc(-c2nnc(C)c(C)n2)nc(N2CCC(F)(F)CC2)c1,Fe2+,Cc1cc(-c2nnc(C)c(C)n2)nc(N2CCC(F)(F)CC2)c1.[Fe+2],-0.0080189705
TRZ03441,Cc1nnc(-c2nn(Cc3ccc(F)cc3Cl)c3cccnc23)nc1C,Fe2+,Cc1nnc(-c2nn(Cc3ccc(F)cc3Cl)c3cccnc23)nc1C.[Fe+2],-0.009656429
TRZ00325,CCn1cc(-c2nnc(C)c(C)n2)c(=O)c2cc(F)c(NC3CCCCC3)cc21,Fe2+,CCn1cc(-c2nnc(C)c(C)n2)c(=O)c2cc(F)c(NC3CCCCC3)cc21.[Fe+2],-0.009846687
TRZ04934,Cc1nnc(-c2cc(Cl)c(F)cc2N(C(C)(C)C)S(=O)(=O)c2ccccc2)nc1C,Fe2+,Cc1nnc(-c2cc(Cl)c(F)cc2N(C(C)(C)C)S(=O)(=O)c2ccccc2)nc1C.[Fe+2],-0.009886742
TRZ03957,Cc1nnc(CN(CC(F)(F)F)c2ccc(C#N)c(C(F)(F)F)c2)nc1C,Fe2+,Cc1nnc(CN(CC(F)(F)F)c2ccc(C#N)c(C(F)(F)F)c2)nc1C.[Fe+2],-0.010525703
TRZ05758,Cc1nnc(-c2ccc(N3CCC(Oc4cc(F)ccc4Cl)CC3)nn2)nc1C,Fe2+,Cc1nnc(-c2ccc(N3CCC(Oc4cc(F)ccc4Cl)CC3)nn2)nc1C.[Fe+2],-0.012172222
TRZ05235,Cc1nnc(-c2ncc(CF)cc2-c2cnc(C3CC3)nc2)nc1C,Fe2+,Cc1nnc(-c2ncc(CF)cc2-c2cnc(C3CC3)nc2)nc1C.[Fe+2],-0.013114929
TRZ05599,Cc1nnc(-c2cccc(N3CCC(F)(F)CC3)n2)nc1C,Fe2+,Cc1nnc(-c2cccc(N3CCC(F)(F)CC3)n2)nc1C.[Fe+2],-0.014513016
TRZ03323,Cc1nnc(C(=O)NCc2ccc(F)cc2F)nc1C,Fe2+,Cc1nnc(C(=O)NCc2ccc(F)cc2F)nc1C.[Fe+2],-0.015383244
TRZ03103,Cc1nnc(-c2ccc(F)cc2N)nc1C,Fe2+,Cc1nnc(-c2ccc(F)cc2N)nc1C.[Fe+2],-0.018408298
TRZ01222,Cc1nnc(/C(=C/c2ccccc2)NC(=O)c2ccccc2)nc1C,Fe2+,Cc1nnc(/C(=C/c2ccccc2)NC(=O)c2ccccc2)nc1C.[Fe+2],-0.020235538
TRZ02345,Cc1nnc(CNC(=O)c2cc(Cl)ccc2Cl)nc1C,Fe2+,Cc1nnc(CNC(=O)c2cc(Cl)ccc2Cl)nc1C.[Fe+2],-0.020273685
TRZ00665,Cc1nnc(-c2[nH]nc(-c3ccccc3)c2C)nc1C,Fe2+,Cc1nnc(-c2[nH]nc(-c3ccccc3)c2C)nc1C.[Fe+2],-0.020662308
TRZ03668,COc1ccc(Nc2cnccc2-c2nnc(C)c(C)n2)c(F)c1,Fe2+,COc1ccc(Nc2cnccc2-c2nnc(C)c(C)n2)c(F)c1.[Fe+2],-0.021363258
TRZ04029,[C-]#[N+]c1cc(-c2ncn(/C=C\c3nnc(C)c(C)n3)n2)cc(C(F)(F)F)c1,Fe2+,[C-]#[N+]c1cc(-c2ncn(/C=C\c3nnc(C)c(C)n3)n2)cc(C(F)(F)F)c1.[Fe+2],-0.0222044
TRZ04280,Cc1nnc(-c2ncc(F)cc2N2CCOCC2)nc1C,Fe2+,Cc1nnc(-c2ncc(F)cc2N2CCOCC2)nc1C.[Fe+2],-0.023139954
TRZ04687,Cc1nnc(C23CCC(NC(=O)COc4ccc(Cl)c(F)c4)(CC2)CC3O)nc1C,Fe2+,Cc1nnc(C23CCC(NC(=O)COc4ccc(Cl)c(F)c4)(CC2)CC3O)nc1C.[Fe+2],-0.024000645
TRZ00394,Cc1nnc(CSc2nnnn2-c2ccccc2)nc1C,Fe2+,Cc1nnc(CSc2nnnn2-c2ccccc2)nc1C.[Fe+2],-0.02541256
TRZ05406,C=CCCC(C)(C)Nc1nc(-c2nnc(C)c(C)n2)c([N+](=O)[O-])cc1C(F)(F)F,Fe2+,C=CCCC(C)(C)Nc1nc(-c2nnc(C)c(C)n2)c([N+](=O)[O-])cc1C(F)(F)F.[Fe+2],-0.029336452
TRZ01816,Cc1nnc(-c2ncn(-c3cccc(Br)c3)c2-c2ccc(F)cc2)nc1C,Fe2+,Cc1nnc(-c2ncn(-c3cccc(Br)c3)c2-c2ccc(F)cc2)nc1C.[Fe+2],-0.029486656
TRZ03058,Cc1nnc(-c2cn(C)cn2)nc1C,Fe2+,Cc1nnc(-c2cn(C)cn2)nc1C.[Fe+2],-0.030686378
TRZ03771,Cc1nnc(-c2csc(-c3ccc(F)cc3)c2)nc1C,Fe2+,Cc1nnc(-c2csc(-c3ccc(F)cc3)c2)nc1C.[Fe+2],-0.031530857
TRZ05935,COC(Cc1nnc(C)c(C)n1)=C1Nc2c(C)cc(F)cc2NC1(C)C,Fe2+,COC(Cc1nnc(C)c(C)n1)=C1Nc2c(C)cc(F)cc2NC1(C)C.[Fe+2],-0.03216839
TRZ01958,C/C(=N\N)c1cc(-c2nnc(C)c(C)n2)c(=O)[nH]c1C,Fe2+,C/C(=N\N)c1cc(-c2nnc(C)c(C)n2)c(=O)[nH]c1C.[Fe+2],-0.03253889
TRZ00811,Cc1nnc(C2=CO[C@@H](C)[C@H]3CN4CCc5c([nH]c6ccccc56)[C@@H]4C[C@H]23)nc1C,Fe2+,Cc1nnc(C2=CO[C@@H](C)[C@H]3CN4CCc5c([nH]c6ccccc56)[C@@H]4C[C@H]23)nc1C.[Fe+2],-0.033321857
TRZ01333,Cc1nnc(C2=CO[C@@H](C)[C@H]3CN4CCc5c(n(C)c6ccccc56)[C@@H]4C[C@H]23)nc1C,Fe2+,Cc1nnc(C2=CO[C@@H](C)[C@H]3CN4CCc5c(n(C)c6ccccc56)[C@@H]4C[C@H]23)nc1C.[Fe+2],-0.033988953
TRZ05779,Cc1nnc(-c2nc3ccc(C(F)(F)F)cc3[nH]2)nc1C,Fe2+,Cc1nnc(-c2nc3ccc(C(F)(F)F)cc3[nH]2)nc1C.[Fe+2],-0.03649378
TRZ04908,CC1=C(c2nnc(C)c(C)n2)C(c2ccc(F)cc2Cl)N=C(c2ncccc2F)N1,Fe2+,CC1=C(c2nnc(C)c(C)n2)C(c2ccc(F)cc2Cl)N=C(c2ncccc2F)N1.[Fe+2],-0.03722143
TRZ03154,Cc1nnc(-c2ccc(N3CC(Cc4ccccc4C(F)(F)F)C3)nn2)nc1C,Fe2+,Cc1nnc(-c2ccc(N3CC(Cc4ccccc4C(F)(F)F)C3)nn2)nc1C.[Fe+2],-0.038688183
TRZ02204,CCOC(=O)c1cn(Cc2nnc(C)c(C)n2)c2cc(Cl)c(F)cc2c1=O,Fe2+,CCOC(=O)c1cn(Cc2nnc(C)c(C)n2)c2cc(Cl)c(F)cc2c1=O.[Fe+2],-0.040332317
TRZ01810,Cc1ccc(-c2nn(-c3ccccc3)cc2C(O)C(F)(F)c2nnc(C)c(C)n2)cc1,Fe2+,Cc1ccc(-c2nn(-c3ccccc3)cc2C(O)C(F)(F)c2nnc(C)c(C)n2)cc1.[Fe+2],-0.04109764
TRZ00566,CCOc1cccc(Nc2nn(C)c3c2Cc2cc(OCC)c(OCc4nnc(C)c(C)n4)cc2-3)c1,Fe2+,CCOc1cccc(Nc2nn(C)c3c2Cc2cc(OCC)c(OCc4nnc(C)c(C)n4)cc2-3)c1.[Fe+2],-0.041524887
TRZ02008,Cc1nnc(CNc2ccc3c(c2)OCO3)nc1C,Fe2+,Cc1nnc(CNc2ccc3c(c2)OCO3)nc1C.[Fe+2],-0.042213917
TRZ00144,Cc1nnc(Cn2c3ccccc3c3ccccc32)nc1C,Fe2+,Cc1nnc(Cn2c3ccccc3c3ccccc32)nc1C.[Fe+2],-0.043431282
TRZ02408,Cc1nnc(Cn2cnc3c2c(=O)n(C)c(=O)n3C)nc1C,Fe2+,Cc1nnc(Cn2cnc3c2c(=O)n(C)c(=O)n3C)nc1C.[Fe+2],-0.044606686
TRZ05904,Cc1nnc(C2(c3ccc(OC(F)(F)F)cc3)C=CON2)nc1C,Fe2+,Cc1nnc(C2(c3ccc(OC(F)(F)F)cc3)C=CON2)nc1C.[Fe+2],-0.045165062
TRZ04070,Cc1nnc(-c2cc(C(F)(F)F)n(-c3ccc([N+](=O)[O-])nc3)n2)nc1C,Fe2+,Cc1nnc(-c2cc(C(F)(F)F)n(-c3ccc([N+](=O)[O-])nc3)n2)nc1C.[Fe+2],-0.046473026
TRZ01937,Cc1nnc(/C(=C\c2ccccc2)NC(=O)c2ccccc2)nc1C,Fe2+,Cc1nnc(/C(=C\c2ccccc2)NC(=O)c2ccccc2)nc1C.[Fe+2],-0.047659874
TRZ02070,Cc1nnc(C2(C#N)C(C#N)C2c2ccc(F)cc2)nc1C,Fe2+,Cc1nnc(C2(C#N)C(C#N)C2c2ccc(F)cc2)nc1C.[Fe+2],-0.047837257
TRZ03727,Cc1nnc(-c2nn(Cc3ccc(F)cc3F)c3cc([N+](=O)[O-])ccc23)nc1C,Fe2+,Cc1nnc(-c2nn(Cc3ccc(F)cc3F)c3cc([N+](=O)[O-])ccc23)nc1C.[Fe+2],-0.048274994
TRZ04281,Cc1nnc(-c2cccc(F)c2N2CCOCC2)nc1C,Fe2+,Cc1nnc(-c2cccc(F)c2N2CCOCC2)nc1C.[Fe+2],-0.048339844
TRZ00635,Cc1nnc(Cn2c(-c3ccccc3)cc(=O)n3ncnc23)nc1C,Fe2+,Cc1nnc(Cn2c(-c3ccccc3)cc(=O)n3ncnc23)nc1C.[Fe+2],-0.04955721
TRZ00524,COc1ccc(/C=C(\NC(=O)c2cccs2)c2nnc(C)c(C)n2)cc1OC,Fe2+,COc1ccc(/C=C(\NC(=O)c2cccs2)c2nnc(C)c(C)n2)cc1OC.[Fe+2],-0.050380707
TRZ02668,Cc1nnc(Cn2c(=O)oc3ccccc32)nc1C,Fe2+,Cc1nnc(Cn2c(=O)oc3ccccc32)nc1C.[Fe+2],-0.050828457
TRZ04182,CCC1(S(=O)(=O)c2cccc(C(F)(F)F)c2)CCOC(c2nnc(C)c(C)n2)C1,Fe2+,CCC1(S(=O)(=O)c2cccc(C(F)(F)F)c2)CCOC(c2nnc(C)c(C)n2)C1.[Fe+2],-0.051409245
TRZ02383,Cc1nnc(-c2c(-c3cccs3)n[nH]c2C)nc1C,Fe2+,Cc1nnc(-c2c(-c3cccs3)n[nH]c2C)nc1C.[Fe+2],-0.052615166
TRZ04243,Cc1nnc(-c2c(C)[nH]c(=O)c(C(=O)O)c2-c2cccc(C(F)(F)F)c2)nc1C,Fe2+,Cc1nnc(-c2c(C)[nH]c(=O)c(C(=O)O)c2-c2cccc(C(F)(F)F)c2)nc1C.[Fe+2],-0.05366087
TRZ03999,C#Cc1cc(-c2nnc(C)c(C)n2)c(Nc2ccc(I)cc2F)cn1,Fe2+,C#Cc1cc(-c2nnc(C)c(C)n2)c(Nc2ccc(I)cc2F)cn1.[Fe+2],-0.05440283
TRZ00733,Cc1nnc(Cn2ccnn2)nc1C,Fe2+,Cc1nnc(Cn2ccnn2)nc1C.[Fe+2],-0.056417942
TRZ03504,COC(=O)C1CCC(Oc2cc(F)c(NC(=O)c3nnc(C)c(C)n3)cn2)CC1,Fe2+,COC(=O)C1CCC(Oc2cc(F)c(NC(=O)c3nnc(C)c(C)n3)cn2)CC1.[Fe+2],-0.059544563
TRZ02817,Cc1nnc(-c2cccn2-c2ccc(F)cc2)nc1C,Fe2+,Cc1nnc(-c2cccn2-c2ccc(F)cc2)nc1C.[Fe+2],-0.061098576
TRZ05219,Cc1nnc([C@H]2CC[C@H](NC(=O)COc3ccc(C(F)(F)F)cc3)CO2)nc1C,Fe2+,Cc1nnc([C@H]2CC[C@H](NC(=O)COc3ccc(C(F)(F)F)cc3)CO2)nc1C.[Fe+2],-0.062805176
TRZ02007,Cc1nnc(-c2csc(-c3ccncc3)n2)nc1C,Fe2+,Cc1nnc(-c2csc(-c3ccncc3)n2)nc1C.[Fe+2],-0.063304424
TRZ03445,Cc1nnc(-c2nn(Cc3ccc(F)cc3F)c3cc(CO)ccc23)nc1C,Fe2+,Cc1nnc(-c2nn(Cc3ccc(F)cc3F)c3cc(CO)ccc23)nc1C.[Fe+2],-0.06399679
TRZ05691,Cc1nnc(-c2cc(Cl)cnc2OCC(F)(F)F)nc1C,Fe2+,Cc1nnc(-c2cc(Cl)cnc2OCC(F)(F)F)nc1C.[Fe+2],-0.06513643
TRZ00709,CCCn1nc(-c2cn(CCC)c3ccccc23)cc1-c1nnc(C)c(C)n1,Fe2+,CCCn1nc(-c2cn(CCC)c3ccccc23)cc1-c1nnc(C)c(C)n1.[Fe+2],-0.065662384
TRZ03497,COC(CCO)(c1ccc(F)cc1)c1nnc(C)c(C)n1,Fe2+,COC(CCO)(c1ccc(F)cc1)c1nnc(C)c(C)n1.[Fe+2],-0.06636715
TRZ01003,Cc1nnc(-c2nc([N+](=O)[O-])cn2Cc2ccc(OC(F)(F)F)cc2)nc1C,Fe2+,Cc1nnc(-c2nc([N+](=O)[O-])cn2Cc2ccc(OC(F)(F)F)cc2)nc1C.[Fe+2],-0.06963539
TRZ01982,Cc1nnc(COc2ccc(I)cc2)nc1C,Fe2+,Cc1nnc(COc2ccc(I)cc2)nc1C.[Fe+2],-0.07120228
TRZ05446,Cc1nnc(Cn2c(Cl)c(-c3ccc(Cl)cc3)n(C[C@H](O)C(F)(F)F)c2=O)nc1C,Fe2+,Cc1nnc(Cn2c(Cl)c(-c3ccc(Cl)cc3)n(C[C@H](O)C(F)(F)F)c2=O)nc1C.[Fe+2],-0.0779376
TRZ01384,Cc1nnc(/C(=C\c2ccc3ccccc3c2)N(C)C)nc1C,Fe2+,Cc1nnc(/C(=C\c2ccc3ccccc3c2)N(C)C)nc1C.[Fe+2],-0.08011007
TRZ01641,Cc1nnc(-c2c(N)cccc2F)nc1C,Fe2+,Cc1nnc(-c2c(N)cccc2F)nc1C.[Fe+2],-0.08101797
TRZ00809,Cc1nnc(C2=CO[C@@H](C)[C@@H]3CN4CCc5c([nH]c6ccccc56)[C@@H]4C[C@H]23)nc1C,Fe2+,Cc1nnc(C2=CO[C@@H](C)[C@@H]3CN4CCc5c([nH]c6ccccc56)[C@@H]4C[C@H]23)nc1C.[Fe+2],-0.0814147
TRZ04940,Cc1nnc(-c2c(N(C(C)(C)C)S(=O)(=O)c3ccccc3)ccc(Cl)c2F)nc1C,Fe2+,Cc1nnc(-c2c(N(C(C)(C)C)S(=O)(=O)c3ccccc3)ccc(Cl)c2F)nc1C.[Fe+2],-0.081544876
TRZ01075,Cc1nnc(CC(C)Nc2ccc3ncccc3c2)nc1C,Fe2+,Cc1nnc(CC(C)Nc2ccc3ncccc3c2)nc1C.[Fe+2],-0.08180857
TRZ03912,Cc1nnc(-c2c(-c3ccc(F)cc3)nn3ccccc23)nc1C,Fe2+,Cc1nnc(-c2c(-c3ccc(F)cc3)nn3ccccc23)nc1C.[Fe+2],-0.0834322
TRZ00586,Cc1nnc(C2=NOC(CNc3ncc(C(F)(F)F)cc3Cl)C2)nc1C,Fe2+,Cc1nnc(C2=NOC(CNc3ncc(C(F)(F)F)cc3Cl)C2)nc1C.[Fe+2],-0.08349323
TRZ03246,Cc1cc(F)ccc1-c1cnc(-c2nnc(C)c(C)n2)cn1,Fe2+,Cc1cc(F)ccc1-c1cnc(-c2nnc(C)c(C)n2)cn1.[Fe+2],-0.084448814
TRZ01884,Cc1nnc(-c2nc3ncccc3n2C)nc1C,Fe2+,Cc1nnc(-c2nc3ncccc3n2C)nc1C.[Fe+2],-0.08516741
TRZ02937,Cc1nnc(-c2nn(Cc3ccc(F)cc3F)c3cc(Cl)ccc23)nc1C,Fe2+,Cc1nnc(-c2nn(Cc3ccc(F)cc3F)c3cc(Cl)ccc23)nc1C.[Fe+2],-0.08681393
TRZ04056,Cc1nnc(-c2cnc(N)c3nc(-c4cccc(F)c4)ccc23)nc1C,Fe2+,Cc1nnc(-c2cnc(N)c3nc(-c4cccc(F)c4)ccc23)nc1C.[Fe+2],-0.08818245
TRZ05104,CCn1c(C)c(C(=O)Nc2ccc(F)c(C)c2)c(C)c1C(=O)C(=O)NC(C)(C)c1nnc(C)c(C)n1,Fe2+,CCn1c(C)c(C(=O)Nc2ccc(F)c(C)c2)c(C)c1C(=O)C(=O)NC(C)(C)c1nnc(C)c(C)n1.[Fe+2],-0.090242386
TRZ03498,Cc1nnc(C(C#N)(CCCCl)c2ccc(F)cc2)nc1C,Fe2+,Cc1nnc(C(C#N)(CCCCl)c2ccc(F)cc2)nc1C.[Fe+2],-0.091459274
TRZ03841,COc1cc(Oc2cccc(C(F)(F)F)c2)nc(-c2nnc(C)c(C)n2)c1,Fe2+,COc1cc(Oc2cccc(C(F)(F)F)c2)nc(-c2nnc(C)c(C)n2)c1.[Fe+2],-0.09231806
TRZ02071,Cc1nnc(-c2cc3ccccc3n2Cc2ccccc2)nc1C,Fe2+,Cc1nnc(-c2cc3ccccc3n2Cc2ccccc2)nc1C.[Fe+2],-0.09471989
TRZ02832,Cc1nnc(/C(=C/c2ccc(Cl)c(Cl)c2)NC(=O)c2ccccc2)nc1C,Fe2+,Cc1nnc(/C(=C/c2ccc(Cl)c(Cl)c2)NC(=O)c2ccccc2)nc1C.[Fe+2],-0.0963707
TRZ00826,Cc1nnc(-c2cn(-c3ccccc3)nc2-c2ccccc2)nc1C,Fe2+,Cc1nnc(-c2cn(-c3ccccc3)nc2-c2ccccc2)nc1C.[Fe+2],-0.09828329
TRZ01676,Cc1nnc(COc2ccc3c(-c4ccccc4)cc(=O)oc3c2)nc1C,Fe2+,Cc1nnc(COc2ccc3c(-c4ccccc4)cc(=O)oc3c2)nc1C.[Fe+2],-0.09906912
TRZ02751,Cc1nnc(C2Oc3ccccc3NC2=O)nc1C,Fe2+,Cc1nnc(C2Oc3ccccc3NC2=O)nc1C.[Fe+2],-0.0993247
TRZ00414,Cc1nnc(-c2nc3ccccc3[nH]2)nc1C,Fe2+,Cc1nnc(-c2nc3ccccc3[nH]2)nc1C.[Fe+2],-0.09979248
TRZ00030,Cc1nnc(C(O)(c2ccccc2)c2ccccc2)nc1C,Fe2+,Cc1nnc(C(O)(c2ccccc2)c2ccccc2)nc1C.[Fe+2],-0.100777626
TRZ03927,Cc1nnc(C=Cn2cnc(-c3cc(OC(=O)OCC(C)C)cc(C(F)(F)F)c3)n2)nc1C,Fe2+,Cc1nnc(C=Cn2cnc(-c3cc(OC(=O)OCC(C)C)cc(C(F)(F)F)c3)n2)nc1C.[Fe+2],-0.101032734
TRZ03294,Cc1nnc(C(=O)Nc2ccc(C3CCC(C(=O)OC(C)(C)C)CC3)cc2F)nc1C,Fe2+,Cc1nnc(C(=O)Nc2ccc(C3CCC(C(=O)OC(C)(C)C)CC3)cc2F)nc1C.[Fe+2],-0.10159922
TRZ02178,Cc1nnc([C@H](N)Cc2ccccc2)nc1C,Fe2+,Cc1nnc([C@H](N)Cc2ccccc2)nc1C.[Fe+2],-0.102478504
TRZ02859,Cc1nnc(-c2c(C)[nH]c3ccc(OCc4ccccc4)cc23)nc1C,Fe2+,Cc1nnc(-c2c(C)[nH]c3ccc(OCc4ccccc4)cc23)nc1C.[Fe+2],-0.10438728
TRZ00770,Cc1nnc(-c2oc3ccccc3c2C)nc1C,Fe2+,Cc1nnc(-c2oc3ccccc3c2C)nc1C.[Fe+2],-0.104420185
TRZ05266,Cc1nnc([C@H](C)NC(=O)c2cc(Cl)cc(S(=O)(=O)C(F)(F)F)c2)nc1C,Fe2+,Cc1nnc([C@H](C)NC(=O)c2cc(Cl)cc(S(=O)(=O)C(F)(F)F)c2)nc1C.[Fe+2],-0.10444546
TRZ02969,Cc1nnc(Cc2nc3cc(F)c(N4CCN(C(=O)OC(C)(C)C)CC4)cc3n2C2CC2)nc1C,Fe2+,Cc1nnc(Cc2nc3cc(F)c(N4CCN(C(=O)OC(C)(C)C)CC4)cc3n2C2CC2)nc1C.[Fe+2],-0.10711241
TRZ02282,Cc1nnc(C(=O)Nc2nccs2)nc1C,Fe2+,Cc1nnc(C(=O)Nc2nccs2)nc1C.[Fe+2],-0.108195305
TRZ02158,Cc1nnc(-c2cc(-c3ccc(OCc4ccccc4)cc3)n[nH]2)nc1C,Fe2+,Cc1nnc(-c2cc(-c3ccc(OCc4ccccc4)cc3)n[nH]2)nc1C.[Fe+2],-0.11209917
TRZ00953,Cc1nnc(-c2nc3c(=O)[nH]c4cc(Cl)ccc4n3n2)nc1C,Fe2+,Cc1nnc(-c2nc3c(=O)[nH]c4cc(Cl)ccc4n3n2)nc1C.[Fe+2],-0.11298466
TRZ00945,Cc1nnc(C(C)Oc2ccc3c(C(F)(F)F)cc(=O)oc3c2)nc1C,Fe2+,Cc1nnc(C(C)Oc2ccc3c(C(F)(F)F)cc(=O)oc3c2)nc1C.[Fe+2],-0.113204956
TRZ04958,Cc1nnc(C2CCN(c3cccc(F)c3)C2)nc1C,Fe2+,Cc1nnc(C2CCN(c3cccc(F)c3)C2)nc1C.[Fe+2],-0.113349915
TRZ00050,Cc1nnc(-c2ccc3ccccc3n2)nc1C,Fe2+,Cc1nnc(-c2ccc3ccccc3n2)nc1C.[Fe+2],-0.11511898
TRZ05248,Cc1nnc([C@H]2CC[C@H](NC(=O)COc3ccc(Cl)c(F)c3)CN2C(=O)OC(C)(C)C)nc1C,Fe2+,Cc1nnc([C@H]2CC[C@H](NC(=O)COc3ccc(Cl)c(F)c3)CN2C(=O)OC(C)(C)C)nc1C.[Fe+2],-0.11552763
TRZ04959,Cc1nnc(C2CCN(c3ccc(F)cc3)C2)nc1C,Fe2+,Cc1nnc(C2CCN(c3ccc(F)cc3)C2)nc1C.[Fe+2],-0.119347095
TRZ00276,Cc1nnc(-c2ncoc2-c2ccc(Cl)cc2)nc1C,Fe2+,Cc1nnc(-c2ncoc2-c2ccc(Cl)cc2)nc1C.[Fe+2],-0.12001419
TRZ00626,Cc1nnc(-c2noc(C)c2-c2csc(COc3ccc(Cl)cc3)n2)nc1C,Fe2+,Cc1nnc(-c2noc(C)c2-c2csc(COc3ccc(Cl)cc3)n2)nc1C.[Fe+2],-0.12092209
TRZ03737,Cc1nnc(-c2nn(Cc3ccc(F)cc3Cl)c3cc([N+](=O)[O-])ccc23)nc1C,Fe2+,Cc1nnc(-c2nn(Cc3ccc(F)cc3Cl)c3cc([N+](=O)[O-])ccc23)nc1C.[Fe+2],-0.122356415
TRZ03865,Cc1nnc(/C=C\n2cnc(-c3cc(Cl)cc(OC(F)(F)F)c3)n2)nc1C,Fe2+,Cc1nnc(/C=C\n2cnc(-c3cc(Cl)cc(OC(F)(F)F)c3)n2)nc1C.[Fe+2],-0.1236496
TRZ05510,Cc1nnc(-c2cccc(-c3ccc(OC(F)(F)F)cc3)n2)nc1C,Fe2+,Cc1nnc(-c2cccc(-c3ccc(OC(F)(F)F)cc3)n2)nc1C.[Fe+2],-0.12381363
TRZ01974,Cc1nnc(-c2cc(-c3ccccc3)nn2-c2ccccc2)nc1C,Fe2+,Cc1nnc(-c2cc(-c3ccccc3)nn2-c2ccccc2)nc1C.[Fe+2],-0.12428951
TRZ04046,Cc1nnc(-c2cnn(C)c2COc2ccc(C(F)(F)F)cc2)nc1C,Fe2+,Cc1nnc(-c2cnn(C)c2COc2ccc(C(F)(F)F)cc2)nc1C.[Fe+2],-0.12709188
TRZ04841,Cc1nnc(-c2ccc(CN(C(=O)N3CCOCC3)c3ccc(F)c(Cl)c3)cn2)nc1C,Fe2+,Cc1nnc(-c2ccc(CN(C(=O)N3CCOCC3)c3ccc(F)c(Cl)c3)cn2)nc1C.[Fe+2],-0.12716818
TRZ00645,Cc1nnc(C(Cc2c[nH]c3ccccc23)NC(=O)c2ccccc2)nc1C,Fe2+,Cc1nnc(C(Cc2c[nH]c3ccccc23)NC(=O)c2ccccc2)nc1C.[Fe+2],-0.13330412
TRZ04063,Cc1nnc(Cc2nc3ccc(-c4ccc(F)cc4)cc3s2)nc1C,Fe2+,Cc1nnc(Cc2nc3ccc(-c4ccc(F)cc4)cc3s2)nc1C.[Fe+2],-0.13401031
TRZ03519,Cc1nnc(-c2cccn2CCF)nc1C,Fe2+,Cc1nnc(-c2cccn2CCF)nc1C.[Fe+2],-0.13434792
TRZ00601,Cc1nnc(-c2c[nH]c3ccc(OCc4ccccc4)cc23)nc1C,Fe2+,Cc1nnc(-c2c[nH]c3ccc(OCc4ccccc4)cc23)nc1C.[Fe+2],-0.13758612
TRZ05374,Cc1nnc(-c2nn(Cc3ccc(C(F)(F)F)cc3)c3ccccc23)nc1C,Fe2+,Cc1nnc(-c2nn(Cc3ccc(C(F)(F)F)cc3)c3ccccc23)nc1C.[Fe+2],-0.1385827
TRZ03298,Cc1nnc([C@@H](Cc2ccc(F)cn2)NC(=O)OC(C)(C)C)nc1C,Fe2+,Cc1nnc([C@@H](Cc2ccc(F)cn2)NC(=O)OC(C)(C)C)nc1C.[Fe+2],-0.13898516
TRZ05875,CCCOc1nccc(C(=O)c2ccccc2F)c1-c1nnc(C)c(C)n1,Fe2+,CCCOc1nccc(C(=O)c2ccccc2F)c1-c1nnc(C)c(C)n1.[Fe+2],-0.14049149
TRZ00036,Cc1nnc(Cn2cnc3ccccc32)nc1C,Fe2+,Cc1nnc(Cn2cnc3ccccc32)nc1C.[Fe+2],-0.14225149
TRZ00512,Cc1nnc(-c2sc3cc(C(F)(F)F)cnc3c2-c2ccccn2)nc1C,Fe2+,Cc1nnc(-c2sc3cc(C(F)(F)F)cnc3c2-c2ccccn2)nc1C.[Fe+2],-0.14560127
TRZ02229,Cc1nnc(-c2oc3nc(C(F)(F)F)ccc3c2N)nc1C,Fe2+,Cc1nnc(-c2oc3nc(C(F)(F)F)ccc3c2N)nc1C.[Fe+2],-0.1479187
TRZ00933,Cc1nnc(C(Cc2c[nH]c3ccccc23)NC(=O)c2ccc(OCC(C)C)cc2)nc1C,Fe2+,Cc1nnc(C(Cc2c[nH]c3ccccc23)NC(=O)c2ccc(OCC(C)C)cc2)nc1C.[Fe+2],-0.14893341
TRZ02210,Cc1nnc(C2CC(=O)N(c3cccc(C(F)(F)F)c3)C2)nc1C,Fe2+,Cc1nnc(C2CC(=O)N(c3cccc(C(F)(F)F)c3)C2)nc1C.[Fe+2],-0.1499033
TRZ03420,Cc1nnc(-c2nn(Cc3ccc(F)cc3F)c3cc(OC(F)(F)F)ccc23)nc1C,Fe2+,Cc1nnc(-c2nn(Cc3ccc(F)cc3F)c3cc(OC(F)(F)F)ccc23)nc1C.[Fe+2],-0.15029669
TRZ00029,Cc1nnc(C(O)c2ccccc2)nc1C,Fe2+,Cc1nnc(C(O)c2ccccc2)nc1C.[Fe+2],-0.15064144
TRZ04394,CCS(=O)(=O)c1cc(C(F)(F)F)cnc1-c1nnc(C)c(C)n1,Fe2+,CCS(=O)(=O)c1cc(C(F)(F)F)cnc1-c1nnc(C)c(C)n1.[Fe+2],-0.15254259
TRZ05315,Cc1nnc(Cc2ccc(C(F)F)cn2)nc1C,Fe2+,Cc1nnc(Cc2ccc(C(F)F)cn2)nc1C.[Fe+2],-0.15286207
TRZ03170,[C-]#[N+]c1cc(F)ccc1N1CCC(CNC(=O)[C@@H]2OC(C)(C)O[C@H]2c2nnc(C)c(C)n2)CC1,Fe2+,[C-]#[N+]c1cc(F)ccc1N1CCC(CNC(=O)[C@@H]2OC(C)(C)O[C@H]2c2nnc(C)c(C)n2)CC1.[Fe+2],-0.15286398
TRZ00283,Cc1nnc(CC2NCCN(Cc3ccccc3)C2=O)nc1C,Fe2+,Cc1nnc(CC2NCCN(Cc3ccccc3)C2=O)nc1C.[Fe+2],-0.15428495
TRZ01619,COc1c2occc2c(OC)c2c(C)c(-c3nnc(C)c(C)n3)c(=O)oc12,Fe2+,COc1c2occc2c(OC)c2c(C)c(-c3nnc(C)c(C)n3)c(=O)oc12.[Fe+2],-0.15509367
TRZ01042,COc1cccc(-c2cc(-c3ccc(C(F)(F)F)nc3)nc(-c3nnc(C)c(C)n3)n2)c1,Fe2+,COc1cccc(-c2cc(-c3ccc(C(F)(F)F)nc3)nc(-c3nnc(C)c(C)n3)n2)c1.[Fe+2],-0.15679884
TRZ02509,Cc1nnc(CSc2nnc(CNc3ccccc3)n2-c2ccccc2)nc1C,Fe2+,Cc1nnc(CSc2nnc(CNc3ccccc3)n2-c2ccccc2)nc1C.[Fe+2],-0.15940285
TRZ01585,Cc1nnc(CNC(=O)c2ccc(C(F)(F)F)cc2)nc1C,Fe2+,Cc1nnc(CNC(=O)c2ccc(C(F)(F)F)cc2)nc1C.[Fe+2],-0.16068506
TRZ05888,Cc1nnc(-c2ccc(Cl)nc2C(=O)c2c(F)cccc2F)nc1C,Fe2+,Cc1nnc(-c2ccc(Cl)nc2C(=O)c2c(F)cccc2F)nc1C.[Fe+2],-0.16069984
TRZ00505,Cc1nnc(CN2C(=O)C3(OCCO3)c3ccccc32)nc1C,Fe2+,Cc1nnc(CN2C(=O)C3(OCCO3)c3ccccc32)nc1C.[Fe+2],-0.16113234
TRZ01763,Cc1nnc(-c2cnc(-c3ccccc3)cc2-c2ccccc2)nc1C,Fe2+,Cc1nnc(-c2cnc(-c3ccccc3)cc2-c2ccccc2)nc1C.[Fe+2],-0.16225004
TRZ04724,Cc1nnc([C@H](CNC(=O)OC(C)(C)C)Nc2ccc(C(F)(F)F)cc2)nc1C,Fe2+,Cc1nnc([C@H](CNC(=O)OC(C)(C)C)Nc2ccc(C(F)(F)F)cc2)nc1C.[Fe+2],-0.16407394
TRZ04015,Cc1nnc(C2CC3(CN(C(=O)C(F)(F)F)C=N3)c3ccccc3O2)nc1C,Fe2+,Cc1nnc(C2CC3(CN(C(=O)C(F)(F)F)C=N3)c3ccccc3O2)nc1C.[Fe+2],-0.16474104
TRZ00312,CCOc1ccc(-c2cc(-c3nnc(C)c(C)n3)[nH]n2)cc1,Fe2+,CCOc1ccc(-c2cc(-c3nnc(C)c(C)n3)[nH]n2)cc1.[Fe+2],-0.16495514
TRZ02573,Cc1nnc(Cc2csc(-c3ccc(Cl)cc3)n2)nc1C,Fe2+,Cc1nnc(Cc2csc(-c3ccc(Cl)cc3)n2)nc1C.[Fe+2],-0.16622591
TRZ01033,COc1ccc(-c2cc(-c3ccc(C(F)(F)F)nc3)nc(-c3nnc(C)c(C)n3)n2)cc1,Fe2+,COc1ccc(-c2cc(-c3ccc(C(F)(F)F)nc3)nc(-c3nnc(C)c(C)n3)n2)cc1.[Fe+2],-0.1663456
TRZ01043,Cc1nnc(-c2nc(-c3ccc(C(F)(F)F)nc3)cc(-c3ccco3)n2)nc1C,Fe2+,Cc1nnc(-c2nc(-c3ccc(C(F)(F)F)nc3)cc(-c3ccco3)n2)nc1C.[Fe+2],-0.16646242
TRZ02301,Cc1cc(I)ccc1NCc1nnc(C)c(C)n1,Fe2+,Cc1cc(I)ccc1NCc1nnc(C)c(C)n1.[Fe+2],-0.16710424
TRZ02010,Cc1nnc(C(C)Oc2cccc3ccccc23)nc1C,Fe2+,Cc1nnc(C(C)Oc2cccc3ccccc23)nc1C.[Fe+2],-0.17025805
TRZ05059,Cc1nnc(-c2cc(C)c3cc(NCC(F)(F)F)cc(C4(C)OCCO4)c3n2)nc1C,Fe2+,Cc1nnc(-c2cc(C)c3cc(NCC(F)(F)F)cc(C4(C)OCCO4)c3n2)nc1C.[Fe+2],-0.17167139
TRZ04119,COc1cc(OC)c(-c2nnc(C)c(C)n2)c(OC(=O)c2ccc(C(F)(F)F)cc2)c1,Fe2+,COc1cc(OC)c(-c2nnc(C)c(C)n2)c(OC(=O)c2ccc(C(F)(F)F)cc2)c1.[Fe+2],-0.17169333
TRZ00608,Cc1nnc(-c2oc3ccccc3c2-n2cccc2)nc1C,Fe2+,Cc1nnc(-c2oc3ccccc3c2-n2cccc2)nc1C.[Fe+2],-0.17288303
TRZ02583,Cc1nnc(-c2cn(-c3ccccc3)nn2)nc1C,Fe2+,Cc1nnc(-c2cn(-c3ccccc3)nn2)nc1C.[Fe+2],-0.17516041
TRZ04469,Cc1nnc(Cn2nc(C3=CCC(Cl)C=C3)n(C[C@H](O)C(F)(F)F)c2=O)nc1C,Fe2+,Cc1nnc(Cn2nc(C3=CCC(Cl)C=C3)n(C[C@H](O)C(F)(F)F)c2=O)nc1C.[Fe+2],-0.1770091
TRZ02145,Cc1nnc(Cc2csc(N3CCOCC3)n2)nc1C,Fe2+,Cc1nnc(Cc2csc(N3CCOCC3)n2)nc1C.[Fe+2],-0.17735004
TRZ00630,Cc1nnc(-c2oc3nc(-c4ccccc4)cc(C)c3c2N)nc1C,Fe2+,Cc1nnc(-c2oc3nc(-c4ccccc4)cc(C)c3c2N)nc1C.[Fe+2],-0.17749691
TRZ04441,Cc1nnc(C(O)c2ccc(F)cc2)nc1C,Fe2+,Cc1nnc(C(O)c2ccc(F)cc2)nc1C.[Fe+2],-0.17778015
TRZ01360,Cc1ccc2nc3ccccc3c(SCc3nnc(C)c(C)n3)c2c1,Fe2+,Cc1ccc2nc3ccccc3c(SCc3nnc(C)c(C)n3)c2c1.[Fe+2],-0.17995024
TRZ02209,Cc1nnc(C2CC(=O)N(c3cccc(F)c3)C2)nc1C,Fe2+,Cc1nnc(C2CC(=O)N(c3cccc(F)c3)C2)nc1C.[Fe+2],-0.18035269
TRZ00189,Cc1nnc(C(N)Cc2ccccc2)nc1C,Fe2+,Cc1nnc(C(N)Cc2ccccc2)nc1C.[Fe+2],-0.18089914
TRZ02043,Cc1nnc(/C(=C/c2ccc(Cl)cc2Cl)NC(=O)c2ccccc2)nc1C,Fe2+,Cc1nnc(/C(=C/c2ccc(Cl)cc2Cl)NC(=O)c2ccccc2)nc1C.[Fe+2],-0.18221426
TRZ04977,Cc1nnc(-c2cn(-c3ccc(Cl)cc3C(F)(F)F)cn2)nc1C,Fe2+,Cc1nnc(-c2cn(-c3ccc(Cl)cc3C(F)(F)F)cn2)nc1C.[Fe+2],-0.1829176
TRZ03476,Cc1nnc(-c2nn(Cc3ccc(F)cc3Cl)c3cc(CO)ccc23)nc1C,Fe2+,Cc1nnc(-c2nn(Cc3ccc(F)cc3Cl)c3cc(CO)ccc23)nc1C.[Fe+2],-0.18390274
TRZ02890,Cc1nnc(-c2cncc(F)c2)nc1C,Fe2+,Cc1nnc(-c2cncc(F)c2)nc1C.[Fe+2],-0.18561697
TRZ03704,Cc1nnc(C[C@@H](Cc2cc(F)c(F)cc2F)N(C(=O)O)C(C)(C)C)nc1C,Fe2+,Cc1nnc(C[C@@H](Cc2cc(F)c(F)cc2F)N(C(=O)O)C(C)(C)C)nc1C.[Fe+2],-0.18586683
TRZ05352,Cc1nnc(-c2cc3c(N[C@H]4CCN(C)C[C@@H]4F)cccc3n2CC(F)(F)F)nc1C,Fe2+,Cc1nnc(-c2cc3c(N[C@H]4CCN(C)C[C@@H]4F)cccc3n2CC(F)(F)F)nc1C.[Fe+2],-0.18616438
TRZ01528,Cc1nnc(C2=NOC3COC4(CCN(c5ncccn5)CC4)OCC23)nc1C,Fe2+,Cc1nnc(C2=NOC3COC4(CCN(c5ncccn5)CC4)OCC23)nc1C.[Fe+2],-0.1870575
TRZ00025,Cc1nnc(-c2cc3ccccc3[nH]2)nc1C,Fe2+,Cc1nnc(-c2cc3ccccc3[nH]2)nc1C.[Fe+2],-0.19044161
TRZ01529,Cc1nnc(CNC(=O)c2ccc([N+](=O)[O-])cc2)nc1C,Fe2+,Cc1nnc(CNC(=O)c2ccc([N+](=O)[O-])cc2)nc1C.[Fe+2],-0.19135952
TRZ00042,Cc1nnc(-c2cnccn2)nc1C,Fe2+,Cc1nnc(-c2cnccn2)nc1C.[Fe+2],-0.19142103
TRZ03622,Cc1nnc(-c2cccc(-c3ccc(F)cc3)n2)nc1C,Fe2+,Cc1nnc(-c2cccc(-c3ccc(F)cc3)n2)nc1C.[Fe+2],-0.19150496
TRZ01370,COc1ccc2nc3ccccc3c(SCc3nnc(C)c(C)n3)c2c1,Fe2+,COc1ccc2nc3ccccc3c(SCc3nnc(C)c(C)n3)c2c1.[Fe+2],-0.1924038
TRZ03665,Cc1nnc(CCn2c3c(c4cc(F)ccc42)CN(C)CC3)nc1C,Fe2+,Cc1nnc(CCn2c3c(c4cc(F)ccc42)CN(C)CC3)nc1C.[Fe+2],-0.19260263
TRZ03851,Cc1nnc(-c2ccc(C3=CC=C(F)CC3C)nn2)nc1C,Fe2+,Cc1nnc(-c2ccc(C3=CC=C(F)CC3C)nn2)nc1C.[Fe+2],-0.19481182
TRZ03593,Cc1nnc(-c2cn3c4c(cc(F)cc4c2=O)CCC3C)nc1C,Fe2+,Cc1nnc(-c2cn3c4c(cc(F)cc4c2=O)CCC3C)nc1C.[Fe+2],-0.19485569
TRZ05238,Cc1nnc(C(=O)CNCc2ccc(F)cc2)nc1C,Fe2+,Cc1nnc(C(=O)CNCc2ccc(F)cc2)nc1C.[Fe+2],-0.19834995
TRZ05636,Cc1nnc(-c2cc3cccnc3c(N3CCC(F)(F)CC3)n2)nc1C,Fe2+,Cc1nnc(-c2cc3cccnc3c(N3CCC(F)(F)CC3)n2)nc1C.[Fe+2],-0.20429564
TRZ05247,Cc1nnc([C@H]2CC[C@H](NC(=O)COc3ccc(Cl)c(F)c3)CN2C(=O)O)nc1C,Fe2+,Cc1nnc([C@H]2CC[C@H](NC(=O)COc3ccc(Cl)c(F)c3)CN2C(=O)O)nc1C.[Fe+2],-0.20741844
TRZ05528,Cc1nnc(-c2nn3c(c2Nc2ccc(C(F)(F)F)cc2)CCC3)nc1C,Fe2+,Cc1nnc(-c2nn3c(c2Nc2ccc(C(F)(F)F)cc2)CCC3)nc1C.[Fe+2],-0.20755243
TRZ03330,Cc1nnc(C(=O)NCc2cc(F)ccc2F)nc1C,Fe2+,Cc1nnc(C(=O)NCc2cc(F)ccc2F)nc1C.[Fe+2],-0.20758533
TRZ00496,COc1ccc(-c2cc(-c3nnc(C)c(C)n3)n(-c3ccccc3)n2)cc1,Fe2+,COc1ccc(-c2cc(-c3nnc(C)c(C)n3)n(-c3ccccc3)n2)cc1.[Fe+2],-0.2076292
TRZ03121,Cc1nnc(-c2c(O)cccc2F)nc1C,Fe2+,Cc1nnc(-c2c(O)cccc2F)nc1C.[Fe+2],-0.20851183
TRZ01066,Cc1nnc(-c2nc(-c3ccccc3)cc(-c3ccc(C#N)nc3)n2)nc1C,Fe2+,Cc1nnc(-c2nc(-c3ccccc3)cc(-c3ccc(C#N)nc3)n2)nc1C.[Fe+2],-0.20969725
TRZ02439,Cc1ccc(N2CC(c3nnc(C)c(C)n3)CC2=O)cc1,Fe2+,Cc1ccc(N2CC(c3nnc(C)c(C)n3)CC2=O)cc1.[Fe+2],-0.20980883
TRZ05580,Cc1cc(-c2nnc(C)c(C)n2)nc(N2CCC(C(F)(F)F)C2)c1,Fe2+,Cc1cc(-c2nnc(C)c(C)n2)nc(N2CCC(C(F)(F)F)C2)c1.[Fe+2],-0.21193457
TRZ02681,Cc1nnc(-c2cnoc2)nc1C,Fe2+,Cc1nnc(-c2cnoc2)nc1C.[Fe+2],-0.21295595
TRZ04440,Cc1ncc(-c2nnc(C)c(C)n2)cc1F,Fe2+,Cc1ncc(-c2nnc(C)c(C)n2)cc1F.[Fe+2],-0.21480608
TRZ04042,COc1nc(-c2nnc(C)c(C)n2)c(OC(N)=O)cc1C(F)(F)F,Fe2+,COc1nc(-c2nnc(C)c(C)n2)c(OC(N)=O)cc1C(F)(F)F.[Fe+2],-0.21949196
TRZ01137,Cc1nnc(-c2ccc(NCc3ccc(F)cc3)cn2)nc1C,Fe2+,Cc1nnc(-c2ccc(NCc3ccc(F)cc3)cn2)nc1C.[Fe+2],-0.22046566
TRZ02095,Cc1nnc(C(=O)NCc2ccc(Cl)c(C(F)(F)F)c2)nc1C,Fe2+,Cc1nnc(C(=O)NCc2ccc(Cl)c(C(F)(F)F)c2)nc1C.[Fe+2],-0.22096062
TRZ03315,Cc1nnc(-c2ccc(F)c(F)c2Nc2ccc(I)cc2F)nc1C,Fe2+,Cc1nnc(-c2ccc(F)c(F)c2Nc2ccc(I)cc2F)nc1C.[Fe+2],-0.22205639
TRZ00946,Cc1nnc(-c2cncn2-c2ccc(F)cc2)nc1C,Fe2+,Cc1nnc(-c2cncn2-c2ccc(F)cc2)nc1C.[Fe+2],-0.22237778
TRZ02951,Cc1nnc(-c2c(N)cccc2C(F)(F)F)nc1C,Fe2+,Cc1nnc(-c2c(N)cccc2C(F)(F)F)nc1C.[Fe+2],-0.22427225
TRZ01961,Cc1nnc(C(CC(C)C)NC(=O)OCc2ccccc2)nc1C,Fe2+,Cc1nnc(C(CC(C)C)NC(=O)OCc2ccccc2)nc1C.[Fe+2],-0.22439194
TRZ03867,Cc1nnc(/C=C\n2cnc(-c3cc(C(F)(F)F)cc(S(C)(=O)=O)c3)n2)nc1C,Fe2+,Cc1nnc(/C=C\n2cnc(-c3cc(C(F)(F)F)cc(S(C)(=O)=O)c3)n2)nc1C.[Fe+2],-0.22550249
TRZ01887,Cc1nnc(Cc2nc3cccn(C)c-3n2)nc1C,Fe2+,Cc1nnc(Cc2nc3cccn(C)c-3n2)nc1C.[Fe+2],-0.22667694
TRZ03978,Cc1nnc(-c2ncc(C(F)(F)F)cc2N)nc1C,Fe2+,Cc1nnc(-c2ncc(C(F)(F)F)cc2N)nc1C.[Fe+2],-0.2267313
TRZ03736,Cc1nnc(-c2nn(Cc3ccc(F)cc3F)c3cc(C(F)(F)F)cnc23)nc1C,Fe2+,Cc1nnc(-c2nn(Cc3ccc(F)cc3F)c3cc(C(F)(F)F)cnc23)nc1C.[Fe+2],-0.22771883
TRZ01669,Cc1nnc(-c2c(-c3ccccc3)nn(-c3ccccc3)c2C)nc1C,Fe2+,Cc1nnc(-c2c(-c3ccccc3)nn(-c3ccccc3)c2C)nc1C.[Fe+2],-0.2284975
TRZ03012,Cc1nnc(-c2cn(-c3ccccc3C(F)(F)F)cn2)nc1C,Fe2+,Cc1nnc(-c2cn(-c3ccccc3C(F)(F)F)cn2)nc1C.[Fe+2],-0.22954416
TRZ01806,Cc1nnc(-c2nc(-c3ccc(C(F)(F)F)nc3)cc(-c3cccc(F)c3)n2)nc1C,Fe2+,Cc1nnc(-c2nc(-c3ccc(C(F)(F)F)nc3)cc(-c3cccc(F)c3)n2)nc1C.[Fe+2],-0.23028898
TRZ04134,Cc1nnc(C(N)c2ccc(F)cc2F)nc1C,Fe2+,Cc1nnc(C(N)c2ccc(F)cc2F)nc1C.[Fe+2],-0.23237705
TRZ01995,Cc1nnc(Cn2nnc(N3CCCC3)n2)nc1C,Fe2+,Cc1nnc(Cn2nnc(N3CCCC3)n2)nc1C.[Fe+2],-0.2330513
TRZ05891,Cc1nnc(-c2nnn(-c3cccc(F)c3)c2-c2cccc(F)c2F)nc1C,Fe2+,Cc1nnc(-c2nnn(-c3cccc(F)c3)c2-c2cccc(F)c2F)nc1C.[Fe+2],-0.23985338
TRZ00368,COc1ccc(N(C)c2nc(C)nc3ccccc23)cc1OC(C)c1nnc(C)c(C)n1,Fe2+,COc1ccc(N(C)c2nc(C)nc3ccccc23)cc1OC(C)c1nnc(C)c(C)n1.[Fe+2],-0.24022532
TRZ00617,Cc1nnc(Cc2nc3sc(C)c(C)c3c(=O)[nH]2)nc1C,Fe2+,Cc1nnc(Cc2nc3sc(C)c(C)c3c(=O)[nH]2)nc1C.[Fe+2],-0.24553776
TRZ01856,Cc1nnc(-c2cc3ccc(F)cc3[nH]2)nc1C,Fe2+,Cc1nnc(-c2cc3ccc(F)cc3[nH]2)nc1C.[Fe+2],-0.24628592
TRZ00602,Cc1nnc(C(C#N)(Cc2ccccc2)Cc2ccccc2)nc1C,Fe2+,Cc1nnc(C(C#N)(Cc2ccccc2)Cc2ccccc2)nc1C.[Fe+2],-0.24766111
TRZ04867,Cc1nnc(-c2ncc(C(F)(F)F)cc2Br)nc1C,Fe2+,Cc1nnc(-c2ncc(C(F)(F)F)cc2Br)nc1C.[Fe+2],-0.24989367
TRZ01046,Cc1nnc(-c2nc(-c3ccccc3)cc(-c3ccc(C(F)(F)F)nc3)n2)nc1C,Fe2+,Cc1nnc(-c2nc(-c3ccccc3)cc(-c3ccc(C(F)(F)F)nc3)n2)nc1C.[Fe+2],-0.25104094
TRZ02526,CCOC(=O)c1c(C)c(-c2ccccc2)n(Cc2nnc(C)c(C)n2)c1C,Fe2+,CCOC(=O)c1c(C)c(-c2ccccc2)n(Cc2nnc(C)c(C)n2)c1C.[Fe+2],-0.25184488
TRZ05115,Cc1nnc(-c2c(N)cccc2-c2ccc(F)cc2)nc1C,Fe2+,Cc1nnc(-c2c(N)cccc2-c2ccc(F)cc2)nc1C.[Fe+2],-0.25280666
TRZ00906,CCn1cc(Br)c(-c2nnc(C)c(C)n2)n1,Fe2+,CCn1cc(Br)c(-c2nnc(C)c(C)n2)n1.[Fe+2],-0.2545128
TRZ01615,Cc1nnc(-c2sc(Br)c(Br)c2OCC(=O)O)nc1C,Fe2+,Cc1nnc(-c2sc(Br)c(Br)c2OCC(=O)O)nc1C.[Fe+2],-0.2571001
TRZ02337,COc1ccc(OC)c(NC(=O)c2nnc(C)c(C)n2)c1,Fe2+,COc1ccc(OC)c(NC(=O)c2nnc(C)c(C)n2)c1.[Fe+2],-0.2574644
TRZ00932,Cc1nnc(-c2nc(-c3ccccc3)n3c2CCCCC3)nc1C,Fe2+,Cc1nnc(-c2nc(-c3ccccc3)n3c2CCCCC3)nc1C.[Fe+2],-0.25837755
TRZ00941,Cc1nnc(CSc2nnc(-c3ccncc3)o2)nc1C,Fe2+,Cc1nnc(CSc2nnc(-c3ccncc3)o2)nc1C.[Fe+2],-0.2585535
TRZ03288,Cc1nnc(-c2[nH]ncc2NC(=O)c2c(F)cccc2F)nc1C,Fe2+,Cc1nnc(-c2[nH]ncc2NC(=O)c2c(F)cccc2F)nc1C.[Fe+2],-0.25947332
TRZ03987,Cc1nnc(-c2cc3cc(Cl)ncc3n2OC(=O)C(F)(F)F)nc1C,Fe2+,Cc1nnc(-c2cc3cc(Cl)ncc3n2OC(=O)C(F)(F)F)nc1C.[Fe+2],-0.261868
TRZ00825,CCN(CC)Cc1ccc(-c2nnc(C)c(C)n2)o1,Fe2+,CCN(CC)Cc1ccc(-c2nnc(C)c(C)n2)o1.[Fe+2],-0.26207876
TRZ00818,Cc1nnc(CNC(=O)c2cccs2)nc1C,Fe2+,Cc1nnc(CNC(=O)c2cccs2)nc1C.[Fe+2],-0.26483774
TRZ03574,Cc1nnc(C(C)C(O)(Cn2cncn2)c2ccc(F)cc2F)nc1C,Fe2+,Cc1nnc(C(C)C(O)(Cn2cncn2)c2ccc(F)cc2F)nc1C.[Fe+2],-0.2649641
TRZ03678,Cc1nnc(-c2nn(Cc3ccc(Cl)cc3Cl)c3nc(C(F)(F)F)cnc23)nc1C,Fe2+,Cc1nnc(-c2nn(Cc3ccc(Cl)cc3Cl)c3nc(C(F)(F)F)cnc23)nc1C.[Fe+2],-0.26817942
TRZ01521,Cc1nnc(Cn2c3ccc(F)cc3c3nc4ccccc4nc32)nc1C,Fe2+,Cc1nnc(Cn2c3ccc(F)cc3c3nc4ccccc4nc32)nc1C.[Fe+2],-0.26970577
TRZ01896,Cc1nnc(-c2csc(C(CC(C)C)NC(=O)OC(C)(C)C)n2)nc1C,Fe2+,Cc1nnc(-c2csc(C(CC(C)C)NC(=O)OC(C)(C)C)n2)nc1C.[Fe+2],-0.27184772
TRZ05459,Cc1nnc(-c2[nH]ccc2F)nc1C,Fe2+,Cc1nnc(-c2[nH]ccc2F)nc1C.[Fe+2],-0.27334023
TRZ05241,C=CC(=O)C1(Nc2ccc(C(F)(F)F)cc2)C=CC=CC1c1nnc(C)c(C)n1,Fe2+,C=CC(=O)C1(Nc2ccc(C(F)(F)F)cc2)C=CC=CC1c1nnc(C)c(C)n1.[Fe+2],-0.27395916
TRZ00150,Cc1nnc(-c2nn(-c3ccccc3)nc2C)nc1C,Fe2+,Cc1nnc(-c2nn(-c3ccccc3)nc2C)nc1C.[Fe+2],-0.27475023
TRZ01640,Cc1nnc(C(=O)CC(=O)Nc2c(C)n(C)n(-c3ccccc3)c2=O)nc1C,Fe2+,Cc1nnc(C(=O)CC(=O)Nc2c(C)n(C)n(-c3ccccc3)c2=O)nc1C.[Fe+2],-0.27854872
TRZ00069,Cc1nnc(-c2cccnn2)nc1C,Fe2+,Cc1nnc(-c2cccnn2)nc1C.[Fe+2],-0.27861738
TRZ02579,Cc1nnc(CS(=O)(=O)Cc2ccccc2)nc1C,Fe2+,Cc1nnc(CS(=O)(=O)Cc2ccccc2)nc1C.[Fe+2],-0.27995443
TRZ02734,Cc1nnc(-c2ccccc2ON)nc1C,Fe2+,Cc1nnc(-c2ccccc2ON)nc1C.[Fe+2],-0.28162193
TRZ00457,Cc1nnc(CNC(=O)c2ccc(Br)cc2)nc1C,Fe2+,Cc1nnc(CNC(=O)c2ccc(Br)cc2)nc1C.[Fe+2],-0.28271437
TRZ04369,Cc1nnc(-c2cccc(OC(F)(F)F)n2)nc1C,Fe2+,Cc1nnc(-c2cccc(OC(F)(F)F)n2)nc1C.[Fe+2],-0.2833357
TRZ01386,Cc1nnc(/C(=C/c2ccc3ccccc3c2)N(C)C)nc1C,Fe2+,Cc1nnc(/C(=C/c2ccc3ccccc3c2)N(C)C)nc1C.[Fe+2],-0.28535366
TRZ02811,Cc1ccc(C(=O)N/C(=C/c2ccccc2F)c2nnc(C)c(C)n2)cc1,Fe2+,Cc1ccc(C(=O)N/C(=C/c2ccccc2F)c2nnc(C)c(C)n2)cc1.[Fe+2],-0.28628063
TRZ02480,Cc1nnc(-c2ccccc2NC(=O)C23CC4CC(CC(C4)C2)C3)nc1C,Fe2+,Cc1nnc(-c2ccccc2NC(=O)C23CC4CC(CC(C4)C2)C3)nc1C.[Fe+2],-0.2903762
TRZ04644,COCCNc1cc(C(F)(F)F)cnc1-c1nnc(C)c(C)n1,Fe2+,COCCNc1cc(C(F)(F)F)cnc1-c1nnc(C)c(C)n1.[Fe+2],-0.29205894
TRZ01435,Cc1nnc(Cc2cccn2C)nc1C,Fe2+,Cc1nnc(Cc2cccn2C)nc1C.[Fe+2],-0.29420137
TRZ02880,Cc1nnc(-c2cc3cccnc3nc2C(F)(F)F)nc1C,Fe2+,Cc1nnc(-c2cc3cccnc3nc2C(F)(F)F)nc1C.[Fe+2],-0.294703
TRZ00925,Cc1nnc(CN2C(=O)CSc3ccc(C(F)(F)F)cc32)nc1C,Fe2+,Cc1nnc(CN2C(=O)CSc3ccc(C(F)(F)F)cc32)nc1C.[Fe+2],-0.29512262
TRZ00830,Cc1nc(-c2ccccc2)ccc1-c1nnc(C)c(C)n1,Fe2+,Cc1nc(-c2ccccc2)ccc1-c1nnc(C)c(C)n1.[Fe+2],-0.29754353
TRZ05502,Cc1nnc(-c2cncc(N3CCCC(F)(F)CC3)n2)nc1C,Fe2+,Cc1nnc(-c2cncc(N3CCCC(F)(F)CC3)n2)nc1C.[Fe+2],-0.29768276
TRZ04925,Cc1nnc([C@@H]2O[C@@H]3CO[C@H](c4ccccc4)O[C@@H]3[C@H](N3N=NCC3F)[C@H]2O)nc1C,Fe2+,Cc1nnc([C@@H]2O[C@@H]3CO[C@H](c4ccccc4)O[C@@H]3[C@H](N3N=NCC3F)[C@H]2O)nc1C.[Fe+2],-0.2979927
TRZ02528,CCOC(=O)c1cc(-c2ccc([N+](=O)[O-])cc2)n(Cc2nnc(C)c(C)n2)c1C,Fe2+,CCOC(=O)c1cc(-c2ccc([N+](=O)[O-])cc2)n(Cc2nnc(C)c(C)n2)c1C.[Fe+2],-0.29888105
TRZ01633,Cc1nnc(Cn2ncc3cc([N+](=O)[O-])ccc32)nc1C,Fe2+,Cc1nnc(Cn2ncc3cc([N+](=O)[O-])ccc32)nc1C.[Fe+2],-0.30163002
TRZ03356,Cc1ccc2nc(-c3ccc(F)cc3)c(Cc3nnc(C)c(C)n3)n2n1,Fe2+,Cc1ccc2nc(-c3ccc(F)cc3)c(Cc3nnc(C)c(C)n3)n2n1.[Fe+2],-0.30257702
TRZ03729,Cc1nnc(-c2nn(Cc3ccc(F)cc3Cl)c3cc(C(F)(F)F)cnc23)nc1C,Fe2+,Cc1nnc(-c2nn(Cc3ccc(F)cc3Cl)c3cc(C(F)(F)F)cnc23)nc1C.[Fe+2],-0.30289268
TRZ00896,COc1ccccc1NC(=O)N[C@@H](Cc1c[nH]c2ccccc12)c1nnc(C)c(C)n1,Fe2+,COc1ccccc1NC(=O)N[C@@H](Cc1c[nH]c2ccccc12)c1nnc(C)c(C)n1.[Fe+2],-0.30295563
TRZ01414,Cc1ccc(-n2c(SCc3nnc(C)c(C)n3)nnc2-c2ccccc2)cc1,Fe2+,Cc1ccc(-n2c(SCc3nnc(C)c(C)n3)nnc2-c2ccccc2)cc1.[Fe+2],-0.30320644
TRZ01068,Cc1nnc(CN(C)c2ccc3ccccc3c2)nc1C,Fe2+,Cc1nnc(CN(C)c2ccc3ccccc3c2)nc1C.[Fe+2],-0.30321932
TRZ03518,Cc1nnc(-c2ccncc2Nc2ccc(Br)cc2F)nc1C,Fe2+,Cc1nnc(-c2ccncc2Nc2ccc(Br)cc2F)nc1C.[Fe+2],-0.30382442
TRZ01119,Cc1nnc(CSc2cc(C(F)(F)F)nc3ccccc23)nc1C,Fe2+,Cc1nnc(CSc2cc(C(F)(F)F)nc3ccccc23)nc1C.[Fe+2],-0.3054633
TRZ02488,Cc1nnc(C(C)Oc2ccc(C(=O)c3ccccc3)cc2)nc1C,Fe2+,Cc1nnc(C(C)Oc2ccc(C(=O)c3ccccc3)cc2)nc1C.[Fe+2],-0.30570507
TRZ02900,Cc1nnc(-c2cn3c(ccc4c(C(F)(F)F)cc(C(F)(F)F)nc43)n2)nc1C,Fe2+,Cc1nnc(-c2cn3c(ccc4c(C(F)(F)F)cc(C(F)(F)F)nc43)n2)nc1C.[Fe+2],-0.30814648
TRZ02366,Cc1nnc(-c2ccc(CN(C)C)o2)nc1C,Fe2+,Cc1nnc(-c2ccc(CN(C)C)o2)nc1C.[Fe+2],-0.30996275
TRZ03431,COc1ccc2c(-c3nnc(C)c(C)n3)nn(Cc3ccc(F)cc3F)c2c1,Fe2+,COc1ccc2c(-c3nnc(C)c(C)n3)nn(Cc3ccc(F)cc3F)c2c1.[Fe+2],-0.3106742
TRZ00039,Cc1nnc(CCn2c3ccccc3c3ccccc32)nc1C,Fe2+,Cc1nnc(CCn2c3ccccc3c3ccccc32)nc1C.[Fe+2],-0.31094646
TRZ00618,COC(=O)c1c(-c2c(Cl)cccc2Cl)noc1-c1nnc(C)c(C)n1,Fe2+,COC(=O)c1c(-c2c(Cl)cccc2Cl)noc1-c1nnc(C)c(C)n1.[Fe+2],-0.31128597
TRZ03752,Cc1nnc(C2C(=O)Nc3ccc(OC(F)(F)F)cc32)nc1C,Fe2+,Cc1nnc(C2C(=O)Nc3ccc(OC(F)(F)F)cc32)nc1C.[Fe+2],-0.31273317
TRZ04470,Cc1nnc(-c2cc(C)n3ncc(C(=O)NC(C4CC4)C(F)(F)F)c3n2)nc1C,Fe2+,Cc1nnc(-c2cc(C)n3ncc(C(=O)NC(C4CC4)C(F)(F)F)c3n2)nc1C.[Fe+2],-0.31486225
TRZ01432,Cc1nnc(-c2ccn(C)n2)nc1C,Fe2+,Cc1nnc(-c2ccn(C)n2)nc1C.[Fe+2],-0.3153453
TRZ00160,Cc1nnc(CNC(=O)c2ccccc2)nc1C,Fe2+,Cc1nnc(CNC(=O)c2ccccc2)nc1C.[Fe+2],-0.3158579
TRZ00943,Cc1nnc(CSc2nc(-c3ccccc3)nc3c2CCCC3)nc1C,Fe2+,Cc1nnc(CSc2nc(-c3ccccc3)nc3c2CCCC3)nc1C.[Fe+2],-0.3162942
TRZ01747,Cc1nnc(-c2nc(Oc3ccccc3)cc(-c3ccccc3)n2)nc1C,Fe2+,Cc1nnc(-c2nc(Oc3ccccc3)cc(-c3ccccc3)n2)nc1C.[Fe+2],-0.31790447
TRZ05079,Cc1nnc(-c2c(C)[nH]c(/C=C3/C(=O)Nc4ccc(F)cc43)c2C)nc1C,Fe2+,Cc1nnc(-c2c(C)[nH]c(/C=C3/C(=O)Nc4ccc(F)cc43)c2C)nc1C.[Fe+2],-0.31848764
TRZ00899,Cc1nnc(C2CN(S(C)(=O)=O)c3cc(Cl)ccc3O2)nc1C,Fe2+,Cc1nnc(C2CN(S(C)(=O)=O)c3cc(Cl)ccc3O2)nc1C.[Fe+2],-0.31940556
TRZ02104,Cc1ccc(F)cc1CNC(=O)c1nnc(C)c(C)n1,Fe2+,Cc1ccc(F)cc1CNC(=O)c1nnc(C)c(C)n1.[Fe+2],-0.31964397
TRZ01113,Cc1nnc(CSc2nc3ccccc3n2Cc2ccccc2)nc1C,Fe2+,Cc1nnc(CSc2nc3ccccc3n2Cc2ccccc2)nc1C.[Fe+2],-0.3224244
TRZ01012,Cc1nnc(-c2nc(-c3ccccc3)cc(-c3ccc(CO)cc3)n2)nc1C,Fe2+,Cc1nnc(-c2nc(-c3ccccc3)cc(-c3ccc(CO)cc3)n2)nc1C.[Fe+2],-0.3228507
TRZ02155,CCc1ccc(-c2cc(-c3nnc(C)c(C)n3)[nH]n2)cc1,Fe2+,CCc1ccc(-c2cc(-c3nnc(C)c(C)n3)[nH]n2)cc1.[Fe+2],-0.32451296
TRZ04114,COc1cc(OC)c(-c2nnc(C)c(C)n2)c(OC(=O)c2c(F)cccc2F)c1,Fe2+,COc1cc(OC)c(-c2nnc(C)c(C)n2)c(OC(=O)c2c(F)cccc2F)c1.[Fe+2],-0.32466507
TRZ01719,Cc1nnc(/C=C2/Nc3cc(Cl)c(Cl)cc3NC2=O)nc1C,Fe2+,Cc1nnc(/C=C2/Nc3cc(Cl)c(Cl)cc3NC2=O)nc1C.[Fe+2],-0.32883406
TRZ00126,Cc1nnc(-c2ccc(Cn3cccn3)o2)nc1C,Fe2+,Cc1nnc(-c2ccc(Cn3cccn3)o2)nc1C.[Fe+2],-0.32944775
TRZ05333,Cc1nnc(-c2ccc(OC(F)(F)F)cc2NC(=O)Nc2cccc(F)c2)nc1C,Fe2+,Cc1nnc(-c2ccc(OC(F)(F)F)cc2NC(=O)Nc2cccc(F)c2)nc1C.[Fe+2],-0.3321395
TRZ00068,Cc1nnc(-c2ncccn2)nc1C,Fe2+,Cc1nnc(-c2ncccn2)nc1C.[Fe+2],-0.33388853
TRZ01357,CCOc1ccc2nc3ccccc3c(SCc3nnc(C)c(C)n3)c2c1,Fe2+,CCOc1ccc2nc3ccccc3c(SCc3nnc(C)c(C)n3)c2c1.[Fe+2],-0.3354087
TRZ00401,CC(=O)NC(Cc1ccc(O)cc1)c1nnc(C)c(C)n1,Fe2+,CC(=O)NC(Cc1ccc(O)cc1)c1nnc(C)c(C)n1.[Fe+2],-0.33573008
TRZ04020,Cc1nnc(-c2cc(C)c3cc(OCC(F)F)cc(C(C)(C)C)c3n2)nc1C,Fe2+,Cc1nnc(-c2cc(C)c3cc(OCC(F)F)cc(C(C)(C)C)c3n2)nc1C.[Fe+2],-0.33629084
TRZ00129,Cc1nnc(-c2ccncn2)nc1C,Fe2+,Cc1nnc(-c2ccncn2)nc1C.[Fe+2],-0.33682823
TRZ02081,Cc1nnc(CNc2ccc(F)c(C(F)(F)F)c2)nc1C,Fe2+,Cc1nnc(CNc2ccc(F)c(C(F)(F)F)c2)nc1C.[Fe+2],-0.33735418
TRZ05789,Cc1nnc(-c2c(-c3ccc(F)cc3)[nH]c3c(C)cccc23)nc1C,Fe2+,Cc1nnc(-c2c(-c3ccc(F)cc3)[nH]c3c(C)cccc23)nc1C.[Fe+2],-0.34261274
TRZ01394,CCN(CC)c1ccc(/C=C(\NC(=O)c2ccc(NC(C)=O)cc2)c2nnc(C)c(C)n2)cc1,Fe2+,CCN(CC)c1ccc(/C=C(\NC(=O)c2ccc(NC(C)=O)cc2)c2nnc(C)c(C)n2)cc1.[Fe+2],-0.3432026
TRZ04643,Cc1nnc(-c2nc(C(F)(F)F)sc2N2CCOCC2)nc1C,Fe2+,Cc1nnc(-c2nc(C(F)(F)F)sc2N2CCOCC2)nc1C.[Fe+2],-0.34596252
TRZ01104,Cc1nnc(-c2nc[nH]c2-c2nnc(C)c(C)n2)nc1C,Fe2+,Cc1nnc(-c2nc[nH]c2-c2nnc(C)c(C)n2)nc1C.[Fe+2],-0.34786654
TRZ00419,Cc1nnc(Cc2nc3ccccc3n2C)nc1C,Fe2+,Cc1nnc(Cc2nc3ccccc3n2C)nc1C.[Fe+2],-0.34916115
TRZ02394,Cc1nnc(Cc2csc(-c3cccs3)n2)nc1C,Fe2+,Cc1nnc(Cc2csc(-c3cccs3)n2)nc1C.[Fe+2],-0.35074902
TRZ03181,Cc1ccc2c(-c3nnc(C)c(C)n3)nn(Cc3ccc(F)cc3F)c2c1,Fe2+,Cc1ccc2c(-c3nnc(C)c(C)n3)nn(Cc3ccc(F)cc3F)c2c1.[Fe+2],-0.3516612
TRZ05482,Cc1nnc([C@@H]2CC[C@@H](NC(=O)COc3ccc(C(F)(F)F)cc3)CO2)nc1C,Fe2+,Cc1nnc([C@@H]2CC[C@@H](NC(=O)COc3ccc(C(F)(F)F)cc3)CO2)nc1C.[Fe+2],-0.35195827
TRZ01698,Cc1ccc(S(=O)(=O)n2c(-c3nnc(C)c(C)n3)cc3ccccc32)cc1,Fe2+,Cc1ccc(S(=O)(=O)n2c(-c3nnc(C)c(C)n3)cc3ccccc32)cc1.[Fe+2],-0.35239363
TRZ02782,Cc1nnc(C(c2ccccc2)(c2ccccc2)c2nnc(C)c(C)n2)nc1C,Fe2+,Cc1nnc(C(c2ccccc2)(c2ccccc2)c2nnc(C)c(C)n2)nc1C.[Fe+2],-0.35270405
TRZ02467,COc1ccc(CN2CCCC(c3nnc(C)c(C)n3)C2)cc1,Fe2+,COc1ccc(CN2CCCC(c3nnc(C)c(C)n3)C2)cc1.[Fe+2],-0.3528309
TRZ05340,COc1ccc(-c2nnc(C)c(C)n2)c(NC(=O)Nc2cccc(F)c2)c1,Fe2+,COc1ccc(-c2nnc(C)c(C)n2)c(NC(=O)Nc2cccc(F)c2)c1.[Fe+2],-0.3529625
TRZ00829,Cc1nnc(Cc2nc(-c3cnccn3)no2)nc1C,Fe2+,Cc1nnc(Cc2nc(-c3cnccn3)no2)nc1C.[Fe+2],-0.35362482
TRZ05936,COCC(=C1Nc2c(C)cc(F)cc2NC1(C)C)c1nnc(C)c(C)n1,Fe2+,COCC(=C1Nc2c(C)cc(F)cc2NC1(C)C)c1nnc(C)c(C)n1.[Fe+2],-0.35392904
TRZ00596,CCOc1cccc(-c2cc(-c3nnc(C)c(C)n3)[nH]n2)c1,Fe2+,CCOc1cccc(-c2cc(-c3nnc(C)c(C)n3)[nH]n2)c1.[Fe+2],-0.35490608
TRZ05015,Cc1nnc(-c2cc(F)[nH]c2N)nc1C,Fe2+,Cc1nnc(-c2cc(F)[nH]c2N)nc1C.[Fe+2],-0.35744715
TRZ02183,Cc1nnc([C@@H](C)NC(=O)OCc2ccccc2)nc1C,Fe2+,Cc1nnc([C@@H](C)NC(=O)OCc2ccccc2)nc1C.[Fe+2],-0.36017704
TRZ00850,Cc1nnc(Cc2ccccn2)nc1C,Fe2+,Cc1nnc(Cc2ccccn2)nc1C.[Fe+2],-0.36164427
TRZ01925,CC(=O)c1c(C)[nH]c(-c2nnc(C)c(C)n2)c1C,Fe2+,CC(=O)c1c(C)[nH]c(-c2nnc(C)c(C)n2)c1C.[Fe+2],-0.3623047
TRZ05903,Cc1nnc(-c2nc(C(=O)c3ccccc3F)cnc2N)nc1C,Fe2+,Cc1nnc(-c2nc(C(=O)c3ccccc3F)cnc2N)nc1C.[Fe+2],-0.36526728
TRZ02747,CCSc1ccccc1-c1nnc(C)c(C)n1,Fe2+,CCSc1ccccc1-c1nnc(C)c(C)n1.[Fe+2],-0.36571693
TRZ00598,Cc1ccccc1NC(=O)c1[nH]cnc1-c1nnc(C)c(C)n1,Fe2+,Cc1ccccc1NC(=O)c1[nH]cnc1-c1nnc(C)c(C)n1.[Fe+2],-0.36613894
TRZ03577,Cc1nnc(-c2cnn(CC(F)(F)F)c2C)nc1C,Fe2+,Cc1nnc(-c2cnn(CC(F)(F)F)c2C)nc1C.[Fe+2],-0.3703618
TRZ05784,COc1ccc(-c2[nH]c3c(F)cc(F)cc3c2-c2nnc(C)c(C)n2)nc1,Fe2+,COc1ccc(-c2[nH]c3c(F)cc(F)cc3c2-c2nnc(C)c(C)n2)nc1.[Fe+2],-0.37079763
TRZ04050,Cc1nnc(-c2cc(C)c3cc(N4CC(F)(F)C4)cc(C(C)(C)C)c3n2)nc1C,Fe2+,Cc1nnc(-c2cc(C)c3cc(N4CC(F)(F)C4)cc(C(C)(C)C)c3n2)nc1C.[Fe+2],-0.37137556
TRZ00761,Cc1nnc(CNc2ccc(Cl)cc2)nc1C,Fe2+,Cc1nnc(CNc2ccc(Cl)cc2)nc1C.[Fe+2],-0.37182665
TRZ01527,Cc1nnc(-c2csc(-c3ccc(C(F)(F)F)cn3)n2)nc1C,Fe2+,Cc1nnc(-c2csc(-c3ccc(C(F)(F)F)cn3)n2)nc1C.[Fe+2],-0.3752408
TRZ02035,COc1cc(N)c(-c2nnc(C)c(C)n2)cc1OC,Fe2+,COc1cc(N)c(-c2nnc(C)c(C)n2)cc1OC.[Fe+2],-0.3758111
TRZ00355,CCc1c(-c2nnc(C)c(C)n2)ncc2[nH]c3cc(OC)c(OC)cc3c12,Fe2+,CCc1c(-c2nnc(C)c(C)n2)ncc2[nH]c3cc(OC)c(OC)cc3c12.[Fe+2],-0.37895298
TRZ00159,Cc1nnc(CNC(=O)OCc2ccccc2)nc1C,Fe2+,Cc1nnc(CNC(=O)OCc2ccccc2)nc1C.[Fe+2],-0.38042736
TRZ00269,Cc1nnc(-c2sc(-c3ccc(Cl)cc3)cc2N)nc1C,Fe2+,Cc1nnc(-c2sc(-c3ccc(Cl)cc3)cc2N)nc1C.[Fe+2],-0.38079834
TRZ05144,Cc1nnc(-c2c(N)cccc2-c2cccc(C(F)(F)F)c2)nc1C,Fe2+,Cc1nnc(-c2c(N)cccc2-c2cccc(C(F)(F)F)c2)nc1C.[Fe+2],-0.38202763
TRZ02740,Cc1nnc(-c2ncccc2C(=O)O)nc1C,Fe2+,Cc1nnc(-c2ncccc2C(=O)O)nc1C.[Fe+2],-0.3821578
TRZ00406,Cc1nnc(Cn2c(C)nc3ccccc32)nc1C,Fe2+,Cc1nnc(Cn2c(C)nc3ccccc32)nc1C.[Fe+2],-0.38322258
TRZ01296,Cc1nnc(-c2nnc3ccccc3n2)nc1C,Fe2+,Cc1nnc(-c2nnc3ccccc3n2)nc1C.[Fe+2],-0.3835001
TRZ03061,Cc1nnc(-c2c(NC(=O)c3ccc(F)cc3)ncn2C)nc1C,Fe2+,Cc1nnc(-c2c(NC(=O)c3ccc(F)cc3)ncn2C)nc1C.[Fe+2],-0.38457298
TRZ01525,Cc1nnc(-c2c(C)noc2-c2ccc(Cl)cc2)nc1C,Fe2+,Cc1nnc(-c2c(C)noc2-c2ccc(Cl)cc2)nc1C.[Fe+2],-0.38620996
TRZ02341,Cc1cccc(C(=O)NCc2nnc(C)c(C)n2)c1,Fe2+,Cc1cccc(C(=O)NCc2nnc(C)c(C)n2)c1.[Fe+2],-0.38742733
TRZ03384,Cc1cc(Cl)cc(-c2nnc(C)c(C)n2)c1NC(=O)c1cc(C(F)(F)F)nn1-c1ccccn1,Fe2+,Cc1cc(Cl)cc(-c2nnc(C)c(C)n2)c1NC(=O)c1cc(C(F)(F)F)nn1-c1ccccn1.[Fe+2],-0.3882451
TRZ00145,CCCCC#Cc1cncc(-c2nnc(C)c(C)n2)c1,Fe2+,CCCCC#Cc1cncc(-c2nnc(C)c(C)n2)c1.[Fe+2],-0.3886447
TRZ02525,CCOC(=O)c1cc(-c2ccccc2)n(Cc2nnc(C)c(C)n2)c1C,Fe2+,CCOC(=O)c1cc(-c2ccccc2)n(Cc2nnc(C)c(C)n2)c1C.[Fe+2],-0.39312983
TRZ05351,Cc1nnc(-c2cc3c(N[C@@H]4CCN(C)C[C@H]4F)cccc3n2CC(F)(F)F)nc1C,Fe2+,Cc1nnc(-c2cc3c(N[C@@H]4CCN(C)C[C@H]4F)cccc3n2CC(F)(F)F)nc1C.[Fe+2],-0.3931713
TRZ05822,Cc1nnc(-c2c(S)ccc(F)c2Cl)nc1C,Fe2+,Cc1nnc(-c2c(S)ccc(F)c2Cl)nc1C.[Fe+2],-0.39377022
TRZ03675,COc1ccc2c(-c3nnc(C)c(C)n3)nn(Cc3ccc(F)cc3Cl)c2c1,Fe2+,COc1ccc2c(-c3nnc(C)c(C)n3)nn(Cc3ccc(F)cc3Cl)c2c1.[Fe+2],-0.39443064
TRZ00091,Cc1nnc(-c2ccccn2)nc1C,Fe2+,Cc1nnc(-c2ccccn2)nc1C.[Fe+2],-0.39446545
TRZ00450,Cc1nnc(Cc2csc(N)n2)nc1C,Fe2+,Cc1nnc(Cc2csc(N)n2)nc1C.[Fe+2],-0.39540482
TRZ00876,COc1ccc(-c2ccc(-c3nnc(C)c(C)n3)c(C)n2)cc1,Fe2+,COc1ccc(-c2ccc(-c3nnc(C)c(C)n3)c(C)n2)cc1.[Fe+2],-0.39601994
TRZ05325,Cc1nnc(-c2ccc(Cl)cc2NC(=O)Nc2cccc(F)c2)nc1C,Fe2+,Cc1nnc(-c2ccc(Cl)cc2NC(=O)Nc2cccc(F)c2)nc1C.[Fe+2],-0.39628458
TRZ05689,Cc1nnc(CSc2nnc(-c3ccco3)n2-c2ccc(F)cc2)nc1C,Fe2+,Cc1nnc(CSc2nnc(-c3ccco3)n2-c2ccc(F)cc2)nc1C.[Fe+2],-0.39735556
TRZ00840,Cc1nnc(-c2ccc(Br)s2)nc1C,Fe2+,Cc1nnc(-c2ccc(Br)s2)nc1C.[Fe+2],-0.39802647
TRZ00216,Cc1nnc(-c2cccc3cc[nH]c23)nc1C,Fe2+,Cc1nnc(-c2cccc3cc[nH]c23)nc1C.[Fe+2],-0.39911413
TRZ01025,COc1ccc(-c2cc(N3Cc4ccccc4C3)nc(-c3nnc(C)c(C)n3)n2)cc1,Fe2+,COc1ccc(-c2cc(N3Cc4ccccc4C3)nc(-c3nnc(C)c(C)n3)n2)cc1.[Fe+2],-0.39920425
TRZ02376,CCCc1cc(=O)oc2cc(OCc3nnc(C)c(C)n3)ccc12,Fe2+,CCCc1cc(=O)oc2cc(OCc3nnc(C)c(C)n3)ccc12.[Fe+2],-0.3992386
TRZ01993,Cc1nnc(C(=O)Nc2ccc(Cl)cc2)nc1C,Fe2+,Cc1nnc(C(=O)Nc2ccc(Cl)cc2)nc1C.[Fe+2],-0.40017462
TRZ00032,Cc1nnc(COc2cccc3ccccc23)nc1C,Fe2+,Cc1nnc(COc2cccc3ccccc23)nc1C.[Fe+2],-0.40068102
TRZ03629,Cc1nnc(C[C@@H](Cc2cc(F)ccc2F)NC(=O)O)nc1C,Fe2+,Cc1nnc(C[C@@H](Cc2cc(F)ccc2F)NC(=O)O)nc1C.[Fe+2],-0.40278244
TRZ01865,Cc1nnc(-c2c(NC(=O)c3ccccc3)sc3c2CCC3)nc1C,Fe2+,Cc1nnc(-c2c(NC(=O)c3ccccc3)sc3c2CCC3)nc1C.[Fe+2],-0.4030676
TRZ00442,Cc1nnc(Cn2nnc3ccccc32)nc1C,Fe2+,Cc1nnc(Cn2nnc3ccccc32)nc1C.[Fe+2],-0.40313005
TRZ05345,Cc1nnc(-c2ccc(Br)cc2NC(=O)Nc2cccc(F)c2)nc1C,Fe2+,Cc1nnc(-c2ccc(Br)cc2NC(=O)Nc2cccc(F)c2)nc1C.[Fe+2],-0.40927982
TRZ02871,Cc1nnc(-c2cc3nc(-c4ccccc4)cc(C(F)(F)F)n3n2)nc1C,Fe2+,Cc1nnc(-c2cc3nc(-c4ccccc4)cc(C(F)(F)F)n3n2)nc1C.[Fe+2],-0.40941954
TRZ05491,Cc1nnc(-c2nc(N3CCN(C(=O)OC(C)(C)C)CC3)ncc2F)nc1C,Fe2+,Cc1nnc(-c2nc(N3CCN(C(=O)OC(C)(C)C)CC3)ncc2F)nc1C.[Fe+2],-0.40942478
TRZ01921,CCOC(=O)c1cc(-c2ccc(OC)cc2)n(Cc2nnc(C)c(C)n2)c1C,Fe2+,CCOC(=O)c1cc(-c2ccc(OC)cc2)n(Cc2nnc(C)c(C)n2)c1C.[Fe+2],-0.40963745
TRZ05019,Cc1cc(OC(F)(F)F)cc(-c2ncn(/C=C\c3nnc(C)c(C)n3)n2)c1,Fe2+,Cc1cc(OC(F)(F)F)cc(-c2ncn(/C=C\c3nnc(C)c(C)n3)n2)c1.[Fe+2],-0.41302538
TRZ01893,Cc1nnc(-c2csc(C(C)NC(=O)OC(C)(C)C)n2)nc1C,Fe2+,Cc1nnc(-c2csc(C(C)NC(=O)OC(C)(C)C)n2)nc1C.[Fe+2],-0.41421652
TRZ03612,Cc1nnc(Cc2nc3ccc(Br)c(F)c3s2)nc1C,Fe2+,Cc1nnc(Cc2nc3ccc(Br)c(F)c3s2)nc1C.[Fe+2],-0.4142661
TRZ02812,Cc1nnc(-c2cn(-c3ccccc3)nc2-c2ccc(F)cc2)nc1C,Fe2+,Cc1nnc(-c2cn(-c3ccccc3)nc2-c2ccc(F)cc2)nc1C.[Fe+2],-0.41487503
TRZ00057,Cc1nnc(-c2cc(Cl)ccn2)nc1C,Fe2+,Cc1nnc(-c2cc(Cl)ccn2)nc1C.[Fe+2],-0.41526127
TRZ00847,Cc1nn(C)cc1-c1nnc(C)c(C)n1,Fe2+,Cc1nn(C)cc1-c1nnc(C)c(C)n1.[Fe+2],-0.42143202
TRZ02923,Cc1nnc(Cc2csc3nc(-c4ccc(F)cc4)cn23)nc1C,Fe2+,Cc1nnc(Cc2csc3nc(-c4ccc(F)cc4)cn23)nc1C.[Fe+2],-0.42201853
TRZ04893,CCn1nc(C(F)(F)F)cc1CC(=O)Nc1c(C)cc(Cl)cc1-c1nnc(C)c(C)n1,Fe2+,CCn1nc(C(F)(F)F)cc1CC(=O)Nc1c(C)cc(Cl)cc1-c1nnc(C)c(C)n1.[Fe+2],-0.4231367
TRZ05666,Cc1nnc(CN2C(=O)CSc3cc(F)ccc32)nc1C,Fe2+,Cc1nnc(CN2C(=O)CSc3cc(F)ccc32)nc1C.[Fe+2],-0.42581844
TRZ03795,Cc1nnc(-c2cn(C)c3cccc(F)c23)nc1C,Fe2+,Cc1nnc(-c2cn(C)c3cccc(F)c23)nc1C.[Fe+2],-0.4274106
TRZ02349,Cc1nnc(-c2csc(N3CCOCC3)n2)nc1C,Fe2+,Cc1nnc(-c2csc(N3CCOCC3)n2)nc1C.[Fe+2],-0.42817545
TRZ01681,CCCCc1ccc(NC(=O)Cc2nnc(C)c(C)n2)cc1,Fe2+,CCCCc1ccc(NC(=O)Cc2nnc(C)c(C)n2)cc1.[Fe+2],-0.4287877
TRZ00260,Cc1nnc(Cc2nnc(N)s2)nc1C,Fe2+,Cc1nnc(Cc2nnc(N)s2)nc1C.[Fe+2],-0.4296875
TRZ01114,Cc1nnc(-c2nccnc2N)nc1C,Fe2+,Cc1nnc(-c2nccnc2N)nc1C.[Fe+2],-0.43042612
TRZ03471,Cc1nnc(-c2nn(Cc3ccc(Cl)cc3F)c3cc(F)ccc23)nc1C,Fe2+,Cc1nnc(-c2nn(Cc3ccc(Cl)cc3F)c3cc(F)ccc23)nc1C.[Fe+2],-0.43176222
TRZ02999,Cc1nnc(C2=Nc3c(F)cccc3C(c3ccccc3Cl)=NC2)nc1C,Fe2+,Cc1nnc(C2=Nc3c(F)cccc3C(c3ccccc3Cl)=NC2)nc1C.[Fe+2],-0.43333578
TRZ01070,Cc1nnc(Cn2c3ccc(Br)cc3c3nc4ccccc4nc32)nc1C,Fe2+,Cc1nnc(Cn2c3ccc(Br)cc3c3nc4ccccc4nc32)nc1C.[Fe+2],-0.43431377
TRZ01775,Cc1nnc(-c2nc(NCC3CC3)cc(-c3ccccc3)n2)nc1C,Fe2+,Cc1nnc(-c2nc(NCC3CC3)cc(-c3ccccc3)n2)nc1C.[Fe+2],-0.43457508
TRZ02023,Cc1ccc(-c2ccc(-c3nnc(C)c(C)n3)c(C)n2)cc1,Fe2+,Cc1ccc(-c2ccc(-c3nnc(C)c(C)n3)c(C)n2)cc1.[Fe+2],-0.43464994
TRZ04019,Cc1nnc(C(F)(F)C(=O)c2ccccn2)nc1C,Fe2+,Cc1nnc(C(F)(F)C(=O)c2ccccn2)nc1C.[Fe+2],-0.4367137
TRZ02796,Cc1nnc(CNc2cccc(F)c2C)nc1C,Fe2+,Cc1nnc(CNc2cccc(F)c2C)nc1C.[Fe+2],-0.436893
TRZ02885,Cc1nnc(-c2cn(-c3ccc(F)cc3)nn2)nc1C,Fe2+,Cc1nnc(-c2cn(-c3ccc(F)cc3)nn2)nc1C.[Fe+2],-0.4369464
TRZ01584,Cc1nnc(CNC(=O)Cc2cccc3ccccc23)nc1C,Fe2+,Cc1nnc(CNC(=O)Cc2cccc3ccccc23)nc1C.[Fe+2],-0.4375043
TRZ01781,Cc1nnc(-c2nc(NCCc3ccccc3)cc(-c3ccccc3)n2)nc1C,Fe2+,Cc1nnc(-c2nc(NCCc3ccccc3)cc(-c3ccccc3)n2)nc1C.[Fe+2],-0.4377513
TRZ05500,Cc1nnc(-c2cncc(N3CCC(F)(F)CC3)n2)nc1C,Fe2+,Cc1nnc(-c2cncc(N3CCC(F)(F)CC3)n2)nc1C.[Fe+2],-0.44166708
TRZ00839,Cc1nnc(CCn2ccnc2)nc1C,Fe2+,Cc1nnc(CCn2ccnc2)nc1C.[Fe+2],-0.44197607
TRZ05824,Cc1nnc(C=Cn2cnc(-c3cc(C(F)(F)F)cc(C(F)(F)F)c3)n2)nc1C,Fe2+,Cc1nnc(C=Cn2cnc(-c3cc(C(F)(F)F)cc(C(F)(F)F)c3)n2)nc1C.[Fe+2],-0.4421215
TRZ02508,Cc1ccc(NCc2nnc(SCc3nnc(C)c(C)n3)n2-c2ccccc2)cc1,Fe2+,Cc1ccc(NCc2nnc(SCc3nnc(C)c(C)n3)n2-c2ccccc2)cc1.[Fe+2],-0.4449954
TRZ04671,CN=NN(C(C)F)[C@@H]1[C@@H](O)[C@H](c2nnc(C)c(C)n2)O[C@@H]2CO[C@H](c3ccccc3)O[C@H]12,Fe2+,CN=NN(C(C)F)[C@@H]1[C@@H](O)[C@H](c2nnc(C)c(C)n2)O[C@@H]2CO[C@H](c3ccccc3)O[C@H]12.[Fe+2],-0.4462881
TRZ02392,Cc1nnc(-c2csc(-c3cccs3)n2)nc1C,Fe2+,Cc1nnc(-c2csc(-c3cccs3)n2)nc1C.[Fe+2],-0.44705343
TRZ01359,COc1cccc2c(SCc3nnc(C)c(C)n3)c3ccccc3nc12,Fe2+,COc1cccc2c(SCc3nnc(C)c(C)n3)c3ccccc3nc12.[Fe+2],-0.44759417
TRZ01208,Cc1nnc(-c2nc(N)n[nH]2)nc1C,Fe2+,Cc1nnc(-c2nc(N)n[nH]2)nc1C.[Fe+2],-0.44793463
TRZ02494,Cc1nnc(CSc2nnc3c(n2)[nH]c2ccccc23)nc1C,Fe2+,Cc1nnc(CSc2nnc3c(n2)[nH]c2ccccc23)nc1C.[Fe+2],-0.44807148
TRZ00275,Cc1cc(Br)c(OCc2nnc(C)c(C)n2)c2c1CCC2,Fe2+,Cc1cc(Br)c(OCc2nnc(C)c(C)n2)c2c1CCC2.[Fe+2],-0.4489026
TRZ04648,Cc1nnc(C(=O)NCc2ccc(Cl)c(OC(F)(F)F)c2)nc1C,Fe2+,Cc1nnc(C(=O)NCc2ccc(Cl)c(OC(F)(F)F)c2)nc1C.[Fe+2],-0.45005846
TRZ00685,Cc1nnc(-c2nc3ccccn3c2C)nc1C,Fe2+,Cc1nnc(-c2nc3ccccn3c2C)nc1C.[Fe+2],-0.4505577
TRZ02321,Cc1nnc(-c2n[nH]c3c2CCCCCCCCCC3)nc1C,Fe2+,Cc1nnc(-c2n[nH]c3c2CCCCCCCCCC3)nc1C.[Fe+2],-0.4506321
TRZ04433,Cc1nnc(-c2c(-c3ccc(F)c(Cl)c3)csc2N)nc1C,Fe2+,Cc1nnc(-c2c(-c3ccc(F)c(Cl)c3)csc2N)nc1C.[Fe+2],-0.45541382
TRZ00222,Cc1nnc(-c2cc3cc(F)ccc3[nH]2)nc1C,Fe2+,Cc1nnc(-c2cc3cc(F)ccc3[nH]2)nc1C.[Fe+2],-0.4556656
TRZ03792,Cc1nnc(-c2cn(Cc3cccc(C#N)c3)c3ccc(F)cc23)nc1C,Fe2+,Cc1nnc(-c2cn(Cc3cccc(C#N)c3)c3ccc(F)cc23)nc1C.[Fe+2],-0.4577813
TRZ01202,Cc1nnc(CNC(=O)CNC(=O)OCc2ccccc2)nc1C,Fe2+,Cc1nnc(CNC(=O)CNC(=O)OCc2ccccc2)nc1C.[Fe+2],-0.45983553
TRZ05857,CCn1nc(C(F)(F)F)cc1C(=O)Nc1c(CN)cc(Cl)cc1-c1nnc(C)c(C)n1,Fe2+,CCn1nc(C(F)(F)F)cc1C(=O)Nc1c(CN)cc(Cl)cc1-c1nnc(C)c(C)n1.[Fe+2],-0.46025085
TRZ03461,Cc1nnc(-c2nn(Cc3ccc(F)cc3F)c3cc(C(F)F)ccc23)nc1C,Fe2+,Cc1nnc(-c2nn(Cc3ccc(F)cc3F)c3cc(C(F)F)ccc23)nc1C.[Fe+2],-0.46177292
TRZ05342,COc1ccc(-c2nnc(C)c(C)n2)c(NC(=O)Nc2cc(F)cc(Cl)c2)c1,Fe2+,COc1ccc(-c2nnc(C)c(C)n2)c(NC(=O)Nc2cc(F)cc(Cl)c2)c1.[Fe+2],-0.46235466
TRZ02715,Cc1nnc(-c2cc3ccccc3cn2)nc1C,Fe2+,Cc1nnc(-c2cc3ccccc3cn2)nc1C.[Fe+2],-0.4625516
TRZ05017,Cc1nnc(-c2ccc3cc(OCC(F)(F)F)cc(C(C)(C)C)c3n2)nc1C,Fe2+,Cc1nnc(-c2ccc3cc(OCC(F)(F)F)cc(C(C)(C)C)c3n2)nc1C.[Fe+2],-0.46325827
TRZ01943,CCCc1cc(=O)oc2cc(OC(C)c3nnc(C)c(C)n3)ccc12,Fe2+,CCCc1cc(=O)oc2cc(OC(C)c3nnc(C)c(C)n3)ccc12.[Fe+2],-0.4647398
TRZ03772,Cc1nnc(C2C(=O)Nc3cccc(-c4ccc(F)cc4)c32)nc1C,Fe2+,Cc1nnc(C2C(=O)Nc3cccc(-c4ccc(F)cc4)c32)nc1C.[Fe+2],-0.4664874
TRZ05023,Cc1nnc(-c2c(F)c3n(c2C=N)CCCC3)nc1C,Fe2+,Cc1nnc(-c2c(F)c3n(c2C=N)CCCC3)nc1C.[Fe+2],-0.467268
TRZ01080,Cc1nnc(-c2csc(COc3cc(Cl)cc(Cl)c3)n2)nc1C,Fe2+,Cc1nnc(-c2csc(COc3cc(Cl)cc(Cl)c3)n2)nc1C.[Fe+2],-0.46727896
TRZ03479,Cc1cc(-c2nnc(C)c(C)n2)c(NS(=O)(=O)c2ccc(C(C)(C)C)cc2)cc1F,Fe2+,Cc1cc(-c2nnc(C)c(C)n2)c(NS(=O)(=O)c2ccc(C(C)(C)C)cc2)cc1F.[Fe+2],-0.46733713
TRZ01989,Cc1nnc(C2(O)c3ccccc3-c3ccccc32)nc1C,Fe2+,Cc1nnc(C2(O)c3ccccc3-c3ccccc32)nc1C.[Fe+2],-0.4723401
TRZ05121,Cc1nnc(-c2c(N)cccc2-c2cccc(F)c2)nc1C,Fe2+,Cc1nnc(-c2c(N)cccc2-c2cccc(F)c2)nc1C.[Fe+2],-0.47382832
TRZ02846,Cc1nc(-c2ccc(F)cc2)ccc1-c1nnc(C)c(C)n1,Fe2+,Cc1nc(-c2ccc(F)cc2)ccc1-c1nnc(C)c(C)n1.[Fe+2],-0.4772601
TRZ00074,Cc1cc(-c2nnc(C)c(C)n2)n[nH]1,Fe2+,Cc1cc(-c2nnc(C)c(C)n2)n[nH]1.[Fe+2],-0.48013115
TRZ01110,Cc1nnc(C(C)(C)Oc2ccc(Cl)cc2)nc1C,Fe2+,Cc1nnc(C(C)(C)Oc2ccc(Cl)cc2)nc1C.[Fe+2],-0.4819622
TRZ04201,Cc1nnc(/C=C\n2cnc(-c3cc(Cl)cc(OCF)c3)n2)nc1C,Fe2+,Cc1nnc(/C=C\n2cnc(-c3cc(Cl)cc(OCF)c3)n2)nc1C.[Fe+2],-0.483325
TRZ00038,Cc1nnc(-c2cnn(-c3ccccc3)c2C(F)(F)F)nc1C,Fe2+,Cc1nnc(-c2cnn(-c3ccccc3)c2C(F)(F)F)nc1C.[Fe+2],-0.48381567
TRZ02713,Cc1nnc([C@@H]2CCCN2C(=O)OCc2ccccc2)nc1C,Fe2+,Cc1nnc([C@@H]2CCCN2C(=O)OCc2ccccc2)nc1C.[Fe+2],-0.48486757
TRZ02545,Cc1nnc(Cc2nnc3nnc4c(n23)Nc2ccccc2C4)nc1C,Fe2+,Cc1nnc(Cc2nnc3nnc4c(n23)Nc2ccccc2C4)nc1C.[Fe+2],-0.48507738
TRZ02477,Cc1nnc(-c2n[nH]c(C)c2[N+](=O)[O-])nc1C,Fe2+,Cc1nnc(-c2n[nH]c(C)c2[N+](=O)[O-])nc1C.[Fe+2],-0.48588896
TRZ04950,Cc1nnc(-c2ccc(S(=O)(=O)c3ccc(OC(F)(F)F)cc3)cn2)nc1C,Fe2+,Cc1nnc(-c2ccc(S(=O)(=O)c3ccc(OC(F)(F)F)cc3)cn2)nc1C.[Fe+2],-0.48722792
TRZ00480,CCNc1nc(NCC)nc(-c2nnc(C)c(C)n2)n1,Fe2+,CCNc1nc(NCC)nc(-c2nnc(C)c(C)n2)n1.[Fe+2],-0.48777008
TRZ00897,CCCCc1nc2ccccc2n1Cc1nnc(C)c(C)n1,Fe2+,CCCCc1nc2ccccc2n1Cc1nnc(C)c(C)n1.[Fe+2],-0.48798704
TRZ01606,Cc1nnc(C2(NC(=O)CCCOc3ccc(Cl)cc3Cl)Cc3ccccc3C2)nc1C,Fe2+,Cc1nnc(C2(NC(=O)CCCOc3ccc(Cl)cc3Cl)Cc3ccccc3C2)nc1C.[Fe+2],-0.4883318
TRZ02940,Cc1nnc(-c2nn(Cc3ccc(F)cc3F)c3cc(C(F)(F)F)ccc23)nc1C,Fe2+,Cc1nnc(-c2nn(Cc3ccc(F)cc3F)c3cc(C(F)(F)F)ccc23)nc1C.[Fe+2],-0.48854446
TRZ04022,Cc1nnc(-c2cc(C)c3cc(C(=O)C(F)(F)F)cc(C(F)(F)F)c3n2)nc1C,Fe2+,Cc1nnc(-c2cc(C)c3cc(C(=O)C(F)(F)F)cc(C(F)(F)F)c3n2)nc1C.[Fe+2],-0.4909811
TRZ01039,Cc1nnc(-c2nc(-c3ccccc3)cc(N3Cc4ccccc4C3)n2)nc1C,Fe2+,Cc1nnc(-c2nc(-c3ccccc3)cc(N3Cc4ccccc4C3)n2)nc1C.[Fe+2],-0.49104452
TRZ02092,Cc1nnc(C(=O)NCc2ccc(C(F)(F)F)cc2)nc1C,Fe2+,Cc1nnc(C(=O)NCc2ccc(C(F)(F)F)cc2)nc1C.[Fe+2],-0.49155283
TRZ01729,COc1ccc(-c2cncn2Cc2nnc(C)c(C)n2)cc1OC,Fe2+,COc1ccc(-c2cncn2Cc2nnc(C)c(C)n2)cc1OC.[Fe+2],-0.49159527
TRZ05058,Cc1cc(-c2nnc(C)c(C)n2)nc2c1C=C(NCC(F)(F)F)CC2C(C)(C)C,Fe2+,Cc1cc(-c2nnc(C)c(C)n2)nc2c1C=C(NCC(F)(F)F)CC2C(C)(C)C.[Fe+2],-0.4927802
TRZ01504,Cc1nnc(CNC(=O)c2cccc(F)c2)nc1C,Fe2+,Cc1nnc(CNC(=O)c2cccc(F)c2)nc1C.[Fe+2],-0.49597025
TRZ02384,Cc1nnc(-c2cc(COc3cc(Cl)cc(Cl)c3)on2)nc1C,Fe2+,Cc1nnc(-c2cc(COc3cc(Cl)cc(Cl)c3)on2)nc1C.[Fe+2],-0.49768925
TRZ00253,Cc1ccc([N+](=O)[O-])cc1NCc1nnc(C)c(C)n1,Fe2+,Cc1ccc([N+](=O)[O-])cc1NCc1nnc(C)c(C)n1.[Fe+2],-0.49775505
TRZ02529,CCOC(=O)c1cc(-c2ccc(C)cc2)n(Cc2nnc(C)c(C)n2)c1C,Fe2+,CCOC(=O)c1cc(-c2ccc(C)cc2)n(Cc2nnc(C)c(C)n2)c1C.[Fe+2],-0.500576
TRZ01965,Cc1nnc(-c2ccc(-c3nnc(C)c(C)n3)nc2)nc1C,Fe2+,Cc1nnc(-c2ccc(-c3nnc(C)c(C)n3)nc2)nc1C.[Fe+2],-0.5007782
TRZ01544,Cc1nnc(-c2ccc(CSc3ccc(C(F)(F)F)cn3)o2)nc1C,Fe2+,Cc1nnc(-c2ccc(CSc3ccc(C(F)(F)F)cn3)o2)nc1C.[Fe+2],-0.5025358
TRZ05706,Cc1nnc(C2=NNC(c3cc(Cl)cc(Cl)c3)(C(F)(F)F)C2)nc1C,Fe2+,Cc1nnc(C2=NNC(c3cc(Cl)cc(Cl)c3)(C(F)(F)F)C2)nc1C.[Fe+2],-0.50418043
TRZ04231,Cc1nnc(-c2cccc(OCC(F)(F)F)n2)nc1C,Fe2+,Cc1nnc(-c2cccc(OCC(F)(F)F)n2)nc1C.[Fe+2],-0.5060377
TRZ01382,Cc1nnc(/C(=C\c2cc3ccccc3o2)NCCc2ccccc2)nc1C,Fe2+,Cc1nnc(/C(=C\c2cc3ccccc3o2)NCCc2ccccc2)nc1C.[Fe+2],-0.50695133
TRZ05805,Cc1nnc(C2=Cc3ccccc3S2=C(C(F)F)C(F)C(=O)c2ccco2)nc1C,Fe2+,Cc1nnc(C2=Cc3ccccc3S2=C(C(F)F)C(F)C(=O)c2ccco2)nc1C.[Fe+2],-0.5073633
TRZ00892,Cc1nnc(-c2n[nH]c3ccccc23)nc1C,Fe2+,Cc1nnc(-c2n[nH]c3ccccc23)nc1C.[Fe+2],-0.50904083
TRZ00240,Cc1nnc(-c2nc(-c3ccc(C(C)(C)C)cc3)no2)nc1C,Fe2+,Cc1nnc(-c2nc(-c3ccc(C(C)(C)C)cc3)no2)nc1C.[Fe+2],-0.50961924
TRZ02833,Cc1nnc(-c2cc([N+](=O)[O-])ccc2NC(=O)C23CC4CC(CC(C4)C2)C3)nc1C,Fe2+,Cc1nnc(-c2cc([N+](=O)[O-])ccc2NC(=O)C23CC4CC(CC(C4)C2)C3)nc1C.[Fe+2],-0.509799
TRZ02358,Cc1nnc(-c2ccccc2OCc2ccc(Cl)cc2)nc1C,Fe2+,Cc1nnc(-c2ccccc2OCc2ccc(Cl)cc2)nc1C.[Fe+2],-0.5100579
TRZ01096,Cc1nnc(C(Cc2ccccc2)NC(=O)OCc2ccccc2)nc1C,Fe2+,Cc1nnc(C(Cc2ccccc2)NC(=O)OCc2ccccc2)nc1C.[Fe+2],-0.510334
TRZ00378,Cc1nnc(-c2ccc(Cn3cc(Br)cn3)o2)nc1C,Fe2+,Cc1nnc(-c2ccc(Cn3cc(Br)cn3)o2)nc1C.[Fe+2],-0.5114651
TRZ02486,Cc1nnc(Cc2cc(=O)n(CC(C)C)[nH]2)nc1C,Fe2+,Cc1nnc(Cc2cc(=O)n(CC(C)C)[nH]2)nc1C.[Fe+2],-0.51194715
TRZ03818,Cc1nnc(-c2c[nH]c3ccc(CF)cc23)nc1C,Fe2+,Cc1nnc(-c2c[nH]c3ccc(CF)cc23)nc1C.[Fe+2],-0.51209116
TRZ02329,Cc1nnc(CSc2nnc(-c3cccc(Br)c3)n2-c2ccccc2)nc1C,Fe2+,Cc1nnc(CSc2nnc(-c3cccc(Br)c3)n2-c2ccccc2)nc1C.[Fe+2],-0.5149102
TRZ01791,COc1ccc(Nc2cc3c(cc2-c2nnc(C)c(C)n2)OCCO3)cc1,Fe2+,COc1ccc(Nc2cc3c(cc2-c2nnc(C)c(C)n2)OCCO3)cc1.[Fe+2],-0.5149598
TRZ03871,Cc1nnc(C=Cn2cnc(-c3cc(C#N)cc(C(F)(F)F)c3)n2)nc1C,Fe2+,Cc1nnc(C=Cn2cnc(-c3cc(C#N)cc(C(F)(F)F)c3)n2)nc1C.[Fe+2],-0.51544905
TRZ05346,Cc1nnc(-c2cc(F)c[nH]2)nc1C,Fe2+,Cc1nnc(-c2cc(F)c[nH]2)nc1C.[Fe+2],-0.516654
TRZ01136,Cc1nnc(-c2nc(Cl)c(N)nc2N)nc1C,Fe2+,Cc1nnc(-c2nc(Cl)c(N)nc2N)nc1C.[Fe+2],-0.51852655
TRZ03180,Cc1ccc2c(-c3nnc(C)c(C)n3)nn(Cc3ccc(F)cc3Cl)c2c1,Fe2+,Cc1ccc2c(-c3nnc(C)c(C)n3)nn(Cc3ccc(F)cc3Cl)c2c1.[Fe+2],-0.5189028
TRZ05504,Cc1nnc(-c2nccc(-c3ccc(OC(F)(F)F)cc3)n2)nc1C,Fe2+,Cc1nnc(-c2nccc(-c3ccc(OC(F)(F)F)cc3)n2)nc1C.[Fe+2],-0.5191288
TRZ02694,Cc1ccc2[nH]nc(-c3nnc(C)c(C)n3)c2c1,Fe2+,Cc1ccc2[nH]nc(-c3nnc(C)c(C)n3)c2c1.[Fe+2],-0.52236986
TRZ00096,Cc1nnc(-c2ccsc2)nc1C,Fe2+,Cc1nnc(-c2ccsc2)nc1C.[Fe+2],-0.5225611
TRZ00605,Cc1cc(C(F)(F)F)n(-c2nc(-c3ccccc3)c(Cc3nnc(C)c(C)n3)s2)n1,Fe2+,Cc1cc(C(F)(F)F)n(-c2nc(-c3ccccc3)c(Cc3nnc(C)c(C)n3)s2)n1.[Fe+2],-0.523087
TRZ05907,Cc1nnc(C(=O)Oc2cccc(F)c2)nc1C,Fe2+,Cc1nnc(C(=O)Oc2cccc(F)c2)nc1C.[Fe+2],-0.5243058
TRZ02180,Cc1ccc(OCc2nnc(C)c(C)n2)cn1,Fe2+,Cc1ccc(OCc2nnc(C)c(C)n2)cn1.[Fe+2],-0.5244489
TRZ05516,Cc1nnc(-c2cc(-c3cncc(F)c3)c(F)c(C)n2)nc1C,Fe2+,Cc1nnc(-c2cc(-c3cncc(F)c3)c(F)c(C)n2)nc1C.[Fe+2],-0.525156
TRZ01402,Cc1nnc(CC2Oc3ccccc3NC2=O)nc1C,Fe2+,Cc1nnc(CC2Oc3ccccc3NC2=O)nc1C.[Fe+2],-0.5258579
TRZ01323,CCCC[C@H](NC(=O)c1cccs1)c1nnc(C)c(C)n1,Fe2+,CCCC[C@H](NC(=O)c1cccs1)c1nnc(C)c(C)n1.[Fe+2],-0.5267086
TRZ00105,Cc1nnc(-c2ccc(-c3ccccc3Cl)o2)nc1C,Fe2+,Cc1nnc(-c2ccc(-c3ccccc3Cl)o2)nc1C.[Fe+2],-0.52751017
TRZ02107,Cc1nnc(C(=O)NCc2ccc(OC(F)(F)F)cc2)nc1C,Fe2+,Cc1nnc(C(=O)NCc2ccc(OC(F)(F)F)cc2)nc1C.[Fe+2],-0.52801085
TRZ01063,Cc1nnc(-c2nc(-c3ccccc3)cc(-c3ccc(C(F)F)nc3)n2)nc1C,Fe2+,Cc1nnc(-c2nc(-c3ccccc3)cc(-c3ccc(C(F)F)nc3)n2)nc1C.[Fe+2],-0.5280719
TRZ05515,Cc1ccncc1-c1cc(-c2nnc(C)c(C)n2)nc(C)c1F,Fe2+,Cc1ccncc1-c1cc(-c2nnc(C)c(C)n2)nc(C)c1F.[Fe+2],-0.52896833
TRZ02922,Cc1nnc(-c2ccccc2NC(=O)Nc2cccc(C(F)(F)F)c2)nc1C,Fe2+,Cc1nnc(-c2ccccc2NC(=O)Nc2cccc(C(F)(F)F)c2)nc1C.[Fe+2],-0.53054094
TRZ01950,Cc1nnc(C(C)NC(=O)c2ccccc2)nc1C,Fe2+,Cc1nnc(C(C)NC(=O)c2ccccc2)nc1C.[Fe+2],-0.5369811
TRZ02093,Cc1nnc(C(=O)NCc2cccc(OC(F)(F)F)c2)nc1C,Fe2+,Cc1nnc(C(=O)NCc2cccc(OC(F)(F)F)c2)nc1C.[Fe+2],-0.5408325
TRZ04483,Cc1nnc(-c2cc(C(F)(F)F)nn2-c2ncccn2)nc1C,Fe2+,Cc1nnc(-c2cc(C(F)(F)F)nn2-c2ncccn2)nc1C.[Fe+2],-0.54251003
TRZ03982,Cc1nnc(-c2cn3c(ccc4c(C(F)(F)F)cc(C(F)(F)F)cc43)n2)nc1C,Fe2+,Cc1nnc(-c2cn3c(ccc4c(C(F)(F)F)cc(C(F)(F)F)cc43)n2)nc1C.[Fe+2],-0.5429163
TRZ02874,Cc1nnc(-c2cnn3c2NC(c2ccccc2)CC3C(F)F)nc1C,Fe2+,Cc1nnc(-c2cnn3c2NC(c2ccccc2)CC3C(F)F)nc1C.[Fe+2],-0.54301786
TRZ00011,Cc1nnc(-c2ccccc2[N+](=O)[O-])nc1C,Fe2+,Cc1nnc(-c2ccccc2[N+](=O)[O-])nc1C.[Fe+2],-0.5489998
TRZ00195,Cc1nnc(-c2ccc(Br)o2)nc1C,Fe2+,Cc1nnc(-c2ccc(Br)o2)nc1C.[Fe+2],-0.54998016
TRZ03433,Cc1nnc(-c2nn(Cc3ccc(F)cc3F)c3ccc(Cl)cc23)nc1C,Fe2+,Cc1nnc(-c2nn(Cc3ccc(F)cc3F)c3ccc(Cl)cc23)nc1C.[Fe+2],-0.5504861
TRZ00021,Cc1nnc(-c2sc3cccc(Cl)c3c2Cl)nc1C,Fe2+,Cc1nnc(-c2sc3cccc(Cl)c3c2Cl)nc1C.[Fe+2],-0.55224514
TRZ00628,Cc1nnc(-c2csc(-c3ncc(C(F)(F)F)cc3Cl)n2)nc1C,Fe2+,Cc1nnc(-c2csc(-c3ncc(C(F)(F)F)cc3Cl)n2)nc1C.[Fe+2],-0.5524893
TRZ02311,COc1cccc(C(=O)NCc2nnc(C)c(C)n2)c1,Fe2+,COc1cccc(C(=O)NCc2nnc(C)c(C)n2)c1.[Fe+2],-0.5539923
TRZ00835,Cc1nnc(C(C)Nc2nc3ccccc3s2)nc1C,Fe2+,Cc1nnc(C(C)Nc2nc3ccccc3s2)nc1C.[Fe+2],-0.5543351
TRZ02577,Cc1nnc(-c2nscc2N)nc1C,Fe2+,Cc1nnc(-c2nscc2N)nc1C.[Fe+2],-0.55556583
TRZ04395,CCSc1cc(C(F)(F)F)ccc1-c1nnc(C)c(C)n1,Fe2+,CCSc1cc(C(F)(F)F)ccc1-c1nnc(C)c(C)n1.[Fe+2],-0.55743694
TRZ02600,CSc1cc(C)n(Cc2nnc(C)c(C)n2)c(=O)n1,Fe2+,CSc1cc(C)n(Cc2nnc(C)c(C)n2)c(=O)n1.[Fe+2],-0.55853415
TRZ01127,Cc1nnc([C@H](Cc2ccccc2)NC(=O)OC(C)(C)C)nc1C,Fe2+,Cc1nnc([C@H](Cc2ccccc2)NC(=O)OC(C)(C)C)nc1C.[Fe+2],-0.5622859
TRZ00921,Cc1nnc(-c2cc3ncc(C(F)(F)F)cc3s2)nc1C,Fe2+,Cc1nnc(-c2cc3ncc(C(F)(F)F)cc3s2)nc1C.[Fe+2],-0.56283045
TRZ01917,CCOC(=O)c1cc(-c2ccc(Cl)cc2)n(CCc2nnc(C)c(C)n2)c1C,Fe2+,CCOC(=O)c1cc(-c2ccc(Cl)cc2)n(CCc2nnc(C)c(C)n2)c1C.[Fe+2],-0.56348515
TRZ02524,Cc1cc(C)c(-c2nnc(C)c(C)n2)[nH]1,Fe2+,Cc1cc(C)c(-c2nnc(C)c(C)n2)[nH]1.[Fe+2],-0.56417704
TRZ05883,Cc1nnc(-c2ccc(C(F)(F)F)nc2C(=O)c2ccccc2F)nc1C,Fe2+,Cc1nnc(-c2ccc(C(F)(F)F)nc2C(=O)c2ccccc2F)nc1C.[Fe+2],-0.56516886
TRZ04187,Cc1nnc(C(=O)NCc2ccc(Cl)c(CF)c2)nc1C,Fe2+,Cc1nnc(C(=O)NCc2ccc(Cl)c(CF)c2)nc1C.[Fe+2],-0.5688567
TRZ01935,Cc1nnc(CSc2nc3ccccc3n2C)nc1C,Fe2+,Cc1nnc(CSc2nc3ccccc3n2C)nc1C.[Fe+2],-0.5689144
TRZ04229,Cc1nnc(-c2cncc(C(F)(F)F)c2)nc1C,Fe2+,Cc1nnc(-c2cncc(C(F)(F)F)c2)nc1C.[Fe+2],-0.5714154
TRZ01534,Cc1nnc(CNC(=O)c2c(F)cccc2F)nc1C,Fe2+,Cc1nnc(CNC(=O)c2c(F)cccc2F)nc1C.[Fe+2],-0.5722747
TRZ02264,Cc1nnc(CNc2ccccc2Br)nc1C,Fe2+,Cc1nnc(CNc2ccccc2Br)nc1C.[Fe+2],-0.573287
TRZ02096,Cc1nnc(C(=O)NCc2ccc(F)c(C(F)(F)F)c2)nc1C,Fe2+,Cc1nnc(C(=O)NCc2ccc(F)c(C(F)(F)F)c2)nc1C.[Fe+2],-0.5750189
TRZ02305,CCOc1ccc(-c2ncn(Cc3nnc(C)c(C)n3)c2[N+](=O)[O-])cc1,Fe2+,CCOc1ccc(-c2ncn(Cc3nnc(C)c(C)n3)c2[N+](=O)[O-])cc1.[Fe+2],-0.5763426
TRZ01023,COc1ccc(-c2cc(-c3ccc(OC)cc3)nc(-c3nnc(C)c(C)n3)n2)cc1,Fe2+,COc1ccc(-c2cc(-c3ccc(OC)cc3)nc(-c3nnc(C)c(C)n3)n2)cc1.[Fe+2],-0.57676744
TRZ01290,Cc1cc(N(C)C)nc(SCc2nnc(C)c(C)n2)n1,Fe2+,Cc1cc(N(C)C)nc(SCc2nnc(C)c(C)n2)n1.[Fe+2],-0.57974005
TRZ02595,CSc1ccn(Cc2nnc(C)c(C)n2)c(=O)n1,Fe2+,CSc1ccn(Cc2nnc(C)c(C)n2)c(=O)n1.[Fe+2],-0.58010435
TRZ03916,Cc1nnc(-c2ccc(C(F)(F)F)cn2)nc1C,Fe2+,Cc1nnc(-c2ccc(C(F)(F)F)cn2)nc1C.[Fe+2],-0.58051777
TRZ03544,Cc1nnc(-c2ccc3cccc(F)c3n2)nc1C,Fe2+,Cc1nnc(-c2ccc3cccc(F)c3n2)nc1C.[Fe+2],-0.5809474
TRZ04021,Cc1nnc(-c2cc(C)c3cc(OCC(F)(F)F)cc(OCC(F)(F)F)c3n2)nc1C,Fe2+,Cc1nnc(-c2cc(C)c3cc(OCC(F)(F)F)cc(OCC(F)(F)F)c3n2)nc1C.[Fe+2],-0.5816603
TRZ01795,Cc1nnc(-c2nc(NCc3ccccc3)cc(-c3ccccc3)n2)nc1C,Fe2+,Cc1nnc(-c2nc(NCc3ccccc3)cc(-c3ccccc3)n2)nc1C.[Fe+2],-0.5830698
TRZ04016,Cc1nnc(C2CC3(CN(C(=O)C(F)(F)F)CN3)c3ccccc3O2)nc1C,Fe2+,Cc1nnc(C2CC3(CN(C(=O)C(F)(F)F)CN3)c3ccccc3O2)nc1C.[Fe+2],-0.5843835
TRZ02631,Cc1nnc(Cc2ccn[nH]2)nc1C,Fe2+,Cc1nnc(Cc2ccn[nH]2)nc1C.[Fe+2],-0.5855036
TRZ01117,Cc1nnc(Cc2nc(-c3ccccc3)sc2C)nc1C,Fe2+,Cc1nnc(Cc2nc(-c3ccccc3)sc2C)nc1C.[Fe+2],-0.58733034
TRZ00295,Cc1nnc(-c2ccc(Cn3nc([N+](=O)[O-])c(Cl)c3C)o2)nc1C,Fe2+,Cc1nnc(-c2ccc(Cn3nc([N+](=O)[O-])c(Cl)c3C)o2)nc1C.[Fe+2],-0.5882883
TRZ00402,Cc1nnc(-c2cc(C(=O)c3ccc(Cl)cc3Cl)cn2C)nc1C,Fe2+,Cc1nnc(-c2cc(C(=O)c3ccc(Cl)cc3Cl)cn2C)nc1C.[Fe+2],-0.5889001
TRZ01516,Cc1nnc(Cn2ccc(C(F)(F)F)n2)nc1C,Fe2+,Cc1nnc(Cn2ccc(C(F)(F)F)n2)nc1C.[Fe+2],-0.5891361
TRZ03555,Cc1nnc(C(C)(Cc2ccc(F)cc2)NC(=O)O)nc1C,Fe2+,Cc1nnc(C(C)(Cc2ccc(F)cc2)NC(=O)O)nc1C.[Fe+2],-0.5895357
TRZ05560,Cc1nnc(-c2cccnc2OC(F)(F)F)nc1C,Fe2+,Cc1nnc(-c2cccnc2OC(F)(F)F)nc1C.[Fe+2],-0.5907216
TRZ05457,Cc1nnc(-c2cnc(C(=O)N3C[C@@H]4C(COc5cccc(C(F)(F)F)n5)[C@@H]4C3)cn2)nc1C,Fe2+,Cc1nnc(-c2cnc(C(=O)N3C[C@@H]4C(COc5cccc(C(F)(F)F)n5)[C@@H]4C3)cn2)nc1C.[Fe+2],-0.59143305
TRZ01881,Cc1nnc(CNc2cccc([N+](=O)[O-])c2)nc1C,Fe2+,Cc1nnc(CNc2cccc([N+](=O)[O-])c2)nc1C.[Fe+2],-0.5917411
TRZ04910,Cc1nnc(-c2nn(CC(F)(F)F)c(=O)o2)nc1C,Fe2+,Cc1nnc(-c2nn(CC(F)(F)F)c(=O)o2)nc1C.[Fe+2],-0.5924988
TRZ05062,Cc1nnc(-c2cc3sc(F)cc3[nH]2)nc1C,Fe2+,Cc1nnc(-c2cc3sc(F)cc3[nH]2)nc1C.[Fe+2],-0.5945296
TRZ00991,CCCc1ccc(NC(=O)Cc2nnc(C)c(C)n2)cc1,Fe2+,CCCc1ccc(NC(=O)Cc2nnc(C)c(C)n2)cc1.[Fe+2],-0.596004
TRZ02530,CCOC(=O)c1c(C)[nH]c(-c2nnc(C)c(C)n2)c1C,Fe2+,CCOC(=O)c1c(C)[nH]c(-c2nnc(C)c(C)n2)c1C.[Fe+2],-0.59724903
TRZ02418,Cc1nnc(-c2c(-c3ccccc3)c(-c3ccccc3)nn3nnnc23)nc1C,Fe2+,Cc1nnc(-c2c(-c3ccccc3)c(-c3ccccc3)nn3nnnc23)nc1C.[Fe+2],-0.5989351
TRZ03059,Cc1nnc(C(F)(F)c2ccccn2)nc1C,Fe2+,Cc1nnc(C(F)(F)c2ccccn2)nc1C.[Fe+2],-0.6008239
TRZ05303,Cc1nnc(-c2cnc(NC3Cc4ccccc4C3)nc2C(F)(F)F)nc1C,Fe2+,Cc1nnc(-c2cnc(NC3Cc4ccccc4C3)nc2C(F)(F)F)nc1C.[Fe+2],-0.6017456
TRZ02385,Cc1nnc(-c2cc(CSc3ccc(Cl)cc3)on2)nc1C,Fe2+,Cc1nnc(-c2cc(CSc3ccc(Cl)cc3)on2)nc1C.[Fe+2],-0.6036315
TRZ02124,Cc1nnc(CCn2cnc3ccccc32)nc1C,Fe2+,Cc1nnc(CCn2cnc3ccccc32)nc1C.[Fe+2],-0.60588646
TRZ01015,COc1cccc(-c2cc(-c3cccc(OC)c3)nc(-c3nnc(C)c(C)n3)n2)c1,Fe2+,COc1cccc(-c2cc(-c3cccc(OC)c3)nc(-c3nnc(C)c(C)n3)n2)c1.[Fe+2],-0.6058917
TRZ02319,Cc1nnc(-c2cc3c(C)nn(-c4ccccc4)c3s2)nc1C,Fe2+,Cc1nnc(-c2cc3c(C)nn(-c4ccccc4)c3s2)nc1C.[Fe+2],-0.60653925
TRZ00287,Cc1nnc(-c2scc(S(=O)(=O)C(C)C)c2Cl)nc1C,Fe2+,Cc1nnc(-c2scc(S(=O)(=O)C(C)C)c2Cl)nc1C.[Fe+2],-0.60813046
TRZ00428,Cc1nnc(C(Cc2ccccc2)NC(=O)OC(C)(C)C)nc1C,Fe2+,Cc1nnc(C(Cc2ccccc2)NC(=O)OC(C)(C)C)nc1C.[Fe+2],-0.6089263
TRZ03104,Cc1nnc(-c2cnn(C(F)F)c2)nc1C,Fe2+,Cc1nnc(-c2cnn(C(F)F)c2)nc1C.[Fe+2],-0.61034346
TRZ01307,Cc1nnc(Cc2ccc(-c3ccccc3)[nH]2)nc1C,Fe2+,Cc1nnc(Cc2ccc(-c3ccccc3)[nH]2)nc1C.[Fe+2],-0.6112385
TRZ02076,CCCCS(=O)(=O)Nc1ccccc1-c1nnc(C)c(C)n1,Fe2+,CCCCS(=O)(=O)Nc1ccccc1-c1nnc(C)c(C)n1.[Fe+2],-0.61224365
TRZ05158,Cc1nnc(C2CC(C(=O)Nc3ccc(F)c(Cl)c3)N(C)SN2)nc1C,Fe2+,Cc1nnc(C2CC(C(=O)Nc3ccc(F)c(Cl)c3)N(C)SN2)nc1C.[Fe+2],-0.6132951
TRZ03991,Cc1nnc([C@]23CCC(c4ncccc4F)C[C@@H]2NC3=S)nc1C,Fe2+,Cc1nnc([C@]23CCC(c4ncccc4F)C[C@@H]2NC3=S)nc1C.[Fe+2],-0.6133604
TRZ00441,Cc1nnc(-c2cc(OCC(F)(F)F)ccc2OCC(F)(F)F)nc1C,Fe2+,Cc1nnc(-c2cc(OCC(F)(F)F)ccc2OCC(F)(F)F)nc1C.[Fe+2],-0.6161866
TRZ01726,Cc1nnc(Cn2nnc(/C=C/c3ccccc3)n2)nc1C,Fe2+,Cc1nnc(Cn2nnc(/C=C/c3ccccc3)n2)nc1C.[Fe+2],-0.62000704
TRZ02254,Cc1nnc(C2=CN(CCc3ccccc3)C=CC2)nc1C,Fe2+,Cc1nnc(C2=CN(CCc3ccccc3)C=CC2)nc1C.[Fe+2],-0.6203208
TRZ03833,CCC(O)(c1ccc(F)cc1)c1nnc(C)c(C)n1,Fe2+,CCC(O)(c1ccc(F)cc1)c1nnc(C)c(C)n1.[Fe+2],-0.62123203
TRZ00466,Cc1nnc(-c2ccc(-c3ccc(Cl)cc3)o2)nc1C,Fe2+,Cc1nnc(-c2ccc(-c3ccc(Cl)cc3)o2)nc1C.[Fe+2],-0.6222868
TRZ00113,COc1ccc(-c2cc(-c3nnc(C)c(C)n3)[nH]n2)cc1OC,Fe2+,COc1ccc(-c2cc(-c3nnc(C)c(C)n3)[nH]n2)cc1OC.[Fe+2],-0.62247944
TRZ03200,Cc1nnc(C(C)(C)Oc2ccccc2C(F)(F)F)nc1C,Fe2+,Cc1nnc(C(C)(C)Oc2ccccc2C(F)(F)F)nc1C.[Fe+2],-0.623713
TRZ00073,Cc1nnc(-c2cncc(Br)c2)nc1C,Fe2+,Cc1nnc(-c2cncc(Br)c2)nc1C.[Fe+2],-0.62753487
TRZ00815,Cc1nnc(C(=O)NCc2ccco2)nc1C,Fe2+,Cc1nnc(C(=O)NCc2ccco2)nc1C.[Fe+2],-0.62776375
TRZ05701,Cc1nnc(-c2cc(Cl)cnc2OC(F)F)nc1C,Fe2+,Cc1nnc(-c2cc(Cl)cnc2OC(F)F)nc1C.[Fe+2],-0.62817
TRZ00421,CC1=C(c2nnc(C)c(C)n2)Sc2ccccc2N1,Fe2+,CC1=C(c2nnc(C)c(C)n2)Sc2ccccc2N1.[Fe+2],-0.62826014
TRZ02143,Cc1nnc(-c2sc3cc([N+](=O)[O-])ccc3c2Cl)nc1C,Fe2+,Cc1nnc(-c2sc3cc([N+](=O)[O-])ccc3c2Cl)nc1C.[Fe+2],-0.6309042
TRZ04917,Cc1nnc(CCN2C(=O)Cc3ccc(-c4ccc(OC(F)(F)F)cc4)cc32)nc1C,Fe2+,Cc1nnc(CCN2C(=O)Cc3ccc(-c4ccc(OC(F)(F)F)cc4)cc32)nc1C.[Fe+2],-0.630949
TRZ01198,Cc1nnc(-c2nnn(Cc3ccccc3)c2N)nc1C,Fe2+,Cc1nnc(-c2nnn(Cc3ccccc3)c2N)nc1C.[Fe+2],-0.63181686
TRZ05034,Cc1nnc(-c2cccc(OCC(O)C(F)(F)F)n2)nc1C,Fe2+,Cc1nnc(-c2cccc(OCC(O)C(F)(F)F)n2)nc1C.[Fe+2],-0.6322136
TRZ03600,Cc1nnc(/C=C\n2cnc(-c3cc(OC(=O)OCC(C)C)cc(C(F)(F)F)c3)n2)nc1C,Fe2+,Cc1nnc(/C=C\n2cnc(-c3cc(OC(=O)OCC(C)C)cc(C(F)(F)F)c3)n2)nc1C.[Fe+2],-0.6339607
TRZ03583,Cc1nnc(-c2cc(C)c3cc(C4CC4)cc(OC(F)(F)F)c3n2)nc1C,Fe2+,Cc1nnc(-c2cc(C)c3cc(C4CC4)cc(OC(F)(F)F)c3n2)nc1C.[Fe+2],-0.6350236
TRZ03537,Cc1nnc(C(=O)Nc2ccc(C3CCC(C(=O)O)CC3)cc2F)nc1C,Fe2+,Cc1nnc(C(=O)Nc2ccc(C3CCC(C(=O)O)CC3)cc2F)nc1C.[Fe+2],-0.6364579
TRZ03526,Cc1nnc(C(F)Nc2ccccc2)nc1C,Fe2+,Cc1nnc(C(F)Nc2ccccc2)nc1C.[Fe+2],-0.6376276
TRZ01017,COc1ccc(-c2cc(-c3ccccc3)nc(-c3nnc(C)c(C)n3)n2)cc1,Fe2+,COc1ccc(-c2cc(-c3ccccc3)nc(-c3nnc(C)c(C)n3)n2)cc1.[Fe+2],-0.63906384
TRZ01916,Cc1nnc(/C=C2/N(C)c3cccnc3N2C)nc1C,Fe2+,Cc1nnc(/C=C2/N(C)c3cccnc3N2C)nc1C.[Fe+2],-0.6398897
TRZ03667,Cc1nnc(-c2c(F)cncc2Nc2ccc(I)cc2F)nc1C,Fe2+,Cc1nnc(-c2c(F)cncc2Nc2ccc(I)cc2F)nc1C.[Fe+2],-0.64215326
TRZ04173,CCSc1cc(C(F)(F)F)cnc1-c1nnc(C)c(C)n1,Fe2+,CCSc1cc(C(F)(F)F)cnc1-c1nnc(C)c(C)n1.[Fe+2],-0.6428275
TRZ03032,Cc1cc(F)ccc1-c1ccc(-c2nnc(C)c(C)n2)nn1,Fe2+,Cc1cc(F)ccc1-c1ccc(-c2nnc(C)c(C)n2)nn1.[Fe+2],-0.64320946
TRZ00483,CCOc1ccc(-c2n[nH]c(-c3nnc(C)c(C)n3)c2C)cc1,Fe2+,CCOc1ccc(-c2n[nH]c(-c3nnc(C)c(C)n3)c2C)cc1.[Fe+2],-0.6485958
TRZ04072,Cc1nnc(-c2cc(C(F)(F)F)n(-c3ccc(Br)cn3)n2)nc1C,Fe2+,Cc1nnc(-c2cc(C(F)(F)F)n(-c3ccc(Br)cn3)n2)nc1C.[Fe+2],-0.6491065
TRZ02837,Cc1nnc(-c2nnn(-c3ccnc4c(C(F)(F)F)cccc34)c2C)nc1C,Fe2+,Cc1nnc(-c2nnn(-c3ccnc4c(C(F)(F)F)cccc34)c2C)nc1C.[Fe+2],-0.6508856
TRZ03688,Cc1nnc(-c2ccccc2NC(=O)c2ccc(F)cc2)nc1C,Fe2+,Cc1nnc(-c2ccccc2NC(=O)c2ccc(F)cc2)nc1C.[Fe+2],-0.6514487
TRZ02192,Cc1nnc(CNC(=O)c2ccccc2N=[N+]=[N-])nc1C,Fe2+,Cc1nnc(CNC(=O)c2ccccc2N=[N+]=[N-])nc1C.[Fe+2],-0.652184
TRZ02716,COc1nn(C)cc1-c1nnc(C)c(C)n1,Fe2+,COc1nn(C)cc1-c1nnc(C)c(C)n1.[Fe+2],-0.6537018
TRZ00289,Cc1nnc(CSCc2nc(-c3ccccc3)cs2)nc1C,Fe2+,Cc1nnc(CSCc2nc(-c3ccccc3)cs2)nc1C.[Fe+2],-0.65399027
TRZ00389,Cc1nnc(CNc2cccc(Cl)c2)nc1C,Fe2+,Cc1nnc(CNc2cccc(Cl)c2)nc1C.[Fe+2],-0.65557575
TRZ02912,Cc1nnc(CNC(=O)Nc2ccc(F)cc2)nc1C,Fe2+,Cc1nnc(CNC(=O)Nc2ccc(F)cc2)nc1C.[Fe+2],-0.6558299
TRZ02079,Cc1nnc(CNc2cccc(F)c2)nc1C,Fe2+,Cc1nnc(CNc2cccc(F)c2)nc1C.[Fe+2],-0.65830946
TRZ01420,Cc1ccc(NC(=O)c2nnc(C)c(C)n2)cc1C,Fe2+,Cc1ccc(NC(=O)c2nnc(C)c(C)n2)cc1C.[Fe+2],-0.65842676
TRZ04230,Cc1nnc(-c2cccc(OC(F)F)n2)nc1C,Fe2+,Cc1nnc(-c2cccc(OC(F)F)n2)nc1C.[Fe+2],-0.66291237
TRZ05324,Cc1nnc(-c2ccccc2NC(=O)Nc2cccc(F)c2)nc1C,Fe2+,Cc1nnc(-c2ccccc2NC(=O)Nc2cccc(F)c2)nc1C.[Fe+2],-0.6646471
TRZ03988,CONC(=O)c1cc(Nc2ncnn3cc(-c4nnc(C)c(C)n4)c(C(C)C)c23)c(F)cc1F,Fe2+,CONC(=O)c1cc(Nc2ncnn3cc(-c4nnc(C)c(C)n4)c(C(C)C)c23)c(F)cc1F.[Fe+2],-0.66711617
TRZ03864,COc1cc(-c2ncn(C=Cc3nnc(C)c(C)n3)n2)cc(C(F)(F)F)c1,Fe2+,COc1cc(-c2ncn(C=Cc3nnc(C)c(C)n3)n2)cc(C(F)(F)F)c1.[Fe+2],-0.6675081
TRZ02618,Cc1nnc(-c2cc3ccccc3n2C)nc1C,Fe2+,Cc1nnc(-c2cc3ccccc3n2C)nc1C.[Fe+2],-0.6703253
TRZ01654,Cc1nnc(-c2cccnc2SCc2ccccc2)nc1C,Fe2+,Cc1nnc(-c2cccnc2SCc2ccccc2)nc1C.[Fe+2],-0.6706815
TRZ04663,Cc1nnc(COc2cc(C(F)(F)F)ccn2)nc1C,Fe2+,Cc1nnc(COc2cc(C(F)(F)F)ccn2)nc1C.[Fe+2],-0.67443323
TRZ05494,Cc1nnc(-c2cncc(N3CCC(F)(F)C(C)C3)n2)nc1C,Fe2+,Cc1nnc(-c2cncc(N3CCC(F)(F)C(C)C3)n2)nc1C.[Fe+2],-0.6753392
TRZ00881,Cc1ccc(C(=O)Nc2ccccc2-c2nnc(C)c(C)n2)cc1,Fe2+,Cc1ccc(C(=O)Nc2ccccc2-c2nnc(C)c(C)n2)cc1.[Fe+2],-0.67760897
TRZ01932,Cc1cc(-c2nnc(C)c(C)n2)n(C(C)(C)C)n1,Fe2+,Cc1cc(-c2nnc(C)c(C)n2)n(C(C)(C)C)n1.[Fe+2],-0.6779175
TRZ04720,CCC(C)(CC)C(=O)N(CCc1nnc(C)c(C)n1)Cc1cc2c(cc1F)OCCO2,Fe2+,CCC(C)(CC)C(=O)N(CCc1nnc(C)c(C)n1)Cc1cc2c(cc1F)OCCO2.[Fe+2],-0.68100023
TRZ05897,Cc1nnc(-c2nc(C(=O)Cc3ccccc3)c(C(F)(F)F)nc2N)nc1C,Fe2+,Cc1nnc(-c2nc(C(=O)Cc3ccccc3)c(C(F)(F)F)nc2N)nc1C.[Fe+2],-0.68136406
TRZ05532,Cc1nnc(-c2c(-c3ccccc3F)ccnc2Cl)nc1C,Fe2+,Cc1nnc(-c2c(-c3ccccc3F)ccnc2Cl)nc1C.[Fe+2],-0.68165207
TRZ01507,Cc1nnc(CCS(=O)(=O)c2ccc3ccccc3c2)nc1C,Fe2+,Cc1nnc(CCS(=O)(=O)c2ccc3ccccc3c2)nc1C.[Fe+2],-0.6824269
TRZ05721,Cc1nnc(-c2nc(N3CCCC(F)(F)CC3)cnc2Cl)nc1C,Fe2+,Cc1nnc(-c2nc(N3CCCC(F)(F)CC3)cnc2Cl)nc1C.[Fe+2],-0.6844778
TRZ02514,Cc1nnc(-c2[nH]c(C)c(C(=O)NC3CCCCC3)c2C)nc1C,Fe2+,Cc1nnc(-c2[nH]c(C)c(C(=O)NC3CCCCC3)c2C)nc1C.[Fe+2],-0.6850834
TRZ04529,Cc1nnc(-c2ccc(CNC(=O)N3CCSC(c4ccc(F)c(Cl)c4)C3)cn2)nc1C,Fe2+,Cc1nnc(-c2ccc(CNC(=O)N3CCSC(c4ccc(F)c(Cl)c4)C3)cn2)nc1C.[Fe+2],-0.6877842
TRZ02265,Cc1cccc(NCc2nnc(C)c(C)n2)c1C,Fe2+,Cc1cccc(NCc2nnc(C)c(C)n2)c1C.[Fe+2],-0.6881914
TRZ00960,Cc1nnc(CC(=O)Nc2ccc(F)c(Cl)c2)nc1C,Fe2+,Cc1nnc(CC(=O)Nc2ccc(F)c(Cl)c2)nc1C.[Fe+2],-0.6890044
TRZ03127,Cc1nnc(-c2ccc(C(F)(F)F)cc2[N+](=O)[O-])nc1C,Fe2+,Cc1nnc(-c2ccc(C(F)(F)F)cc2[N+](=O)[O-])nc1C.[Fe+2],-0.690341
TRZ00139,Cc1nnc(-c2nc(-c3ccccc3)cc(-c3ccccc3)n2)nc1C,Fe2+,Cc1nnc(-c2nc(-c3ccccc3)cc(-c3ccccc3)n2)nc1C.[Fe+2],-0.69041395
TRZ04043,COc1nc(-c2nnc(C)c(C)n2)c(NC(=O)O)cc1C(F)(F)F,Fe2+,COc1nc(-c2nnc(C)c(C)n2)c(NC(=O)O)cc1C(F)(F)F.[Fe+2],-0.6912422
TRZ01236,Cc1nnc(-c2ncc(C(F)(F)F)cc2Cl)nc1C,Fe2+,Cc1nnc(-c2ncc(C(F)(F)F)cc2Cl)nc1C.[Fe+2],-0.6931796
TRZ01128,Cc1nnc(-c2sc3ncccc3c2N)nc1C,Fe2+,Cc1nnc(-c2sc3ncccc3c2N)nc1C.[Fe+2],-0.6940236
TRZ02435,Cc1nnc(C(C)Oc2ccccc2Br)nc1C,Fe2+,Cc1nnc(C(C)Oc2ccccc2Br)nc1C.[Fe+2],-0.6945796
TRZ01757,Cc1nnc(-c2cc(-c3ccccc3)cc(-c3ccccc3)n2)nc1C,Fe2+,Cc1nnc(-c2cc(-c3ccccc3)cc(-c3ccccc3)n2)nc1C.[Fe+2],-0.69539976
TRZ05506,Cc1nnc(-c2cc(-c3ccc(OC(F)(F)F)cc3)ccn2)nc1C,Fe2+,Cc1nnc(-c2cc(-c3ccc(OC(F)(F)F)cc3)ccn2)nc1C.[Fe+2],-0.6965828
TRZ01801,Cc1nnc(-c2nc(-c3ccccc3)cc(N3CCc4ccccc4C3C)n2)nc1C,Fe2+,Cc1nnc(-c2nc(-c3ccccc3)cc(N3CCc4ccccc4C3C)n2)nc1C.[Fe+2],-0.6968889
TRZ00609,Cc1nnc(-c2cc3cc4ccccc4nc3s2)nc1C,Fe2+,Cc1nnc(-c2cc3cc4ccccc4nc3s2)nc1C.[Fe+2],-0.69710255
TRZ02318,CSc1c(Cc2nnc(C)c(C)n2)n(C)c2ccccc12,Fe2+,CSc1c(Cc2nnc(C)c(C)n2)n(C)c2ccccc12.[Fe+2],-0.7010226
TRZ05016,Cc1nnc(-c2cc(C)c3cc(OCC(F)(F)F)cc(C(F)(F)F)c3n2)nc1C,Fe2+,Cc1nnc(-c2cc(C)c3cc(OCC(F)(F)F)cc(C(F)(F)F)c3n2)nc1C.[Fe+2],-0.7017584
TRZ04085,Cc1nnc(C(=O)NCc2ccccc2OC(F)(F)F)nc1C,Fe2+,Cc1nnc(C(=O)NCc2ccccc2OC(F)(F)F)nc1C.[Fe+2],-0.70410395
TRZ00300,Cc1nnc(C(C)Nc2ccc(Cl)cc2)nc1C,Fe2+,Cc1nnc(C(C)Nc2ccc(Cl)cc2)nc1C.[Fe+2],-0.7070956
TRZ02371,Cc1nnc(COc2ccc(C(C)(C)C)cc2C(C)(C)C)nc1C,Fe2+,Cc1nnc(COc2ccc(C(C)(C)C)cc2C(C)(C)C)nc1C.[Fe+2],-0.7072859
TRZ02689,Cc1nnc(C(=O)c2ccccc2)nc1C,Fe2+,Cc1nnc(C(=O)c2ccccc2)nc1C.[Fe+2],-0.70730925
TRZ05448,Cc1nnc(CN(Cc2ccc(C#N)nc2)C(=O)COc2cc(F)cc(F)c2Cl)nc1C,Fe2+,Cc1nnc(CN(Cc2ccc(C#N)nc2)C(=O)COc2cc(F)cc(F)c2Cl)nc1C.[Fe+2],-0.714488
TRZ03836,Cc1nnc(C(C)(C)Oc2ccc(N)c(F)c2)nc1C,Fe2+,Cc1nnc(C(C)(C)Oc2ccc(N)c(F)c2)nc1C.[Fe+2],-0.71487427
TRZ02517,Cc1nnc(-c2cc(SCc3ccc(Cl)cc3)ccn2)nc1C,Fe2+,Cc1nnc(-c2cc(SCc3ccc(Cl)cc3)ccn2)nc1C.[Fe+2],-0.71736956
TRZ01204,COc1ccccc1NCc1nnc(C)c(C)n1,Fe2+,COc1ccccc1NCc1nnc(C)c(C)n1.[Fe+2],-0.7183938
TRZ03182,Cc1ccc2c(c1)c(-c1nnc(C)c(C)n1)nn2Cc1ccc(F)cc1F,Fe2+,Cc1ccc2c(c1)c(-c1nnc(C)c(C)n1)nn2Cc1ccc(F)cc1F.[Fe+2],-0.7189264
TRZ00381,Cc1cc(SCc2nnc(C)c(C)n2)c2cc(Br)ccc2n1,Fe2+,Cc1cc(SCc2nnc(C)c(C)n2)c2cc(Br)ccc2n1.[Fe+2],-0.71897984
TRZ01857,Cc1nnc(-c2c[nH]c3ccc(F)cc23)nc1C,Fe2+,Cc1nnc(-c2c[nH]c3ccc(F)cc23)nc1C.[Fe+2],-0.7219229
TRZ01968,Cc1ccc(C)c(NCc2nnc(C)c(C)n2)c1,Fe2+,Cc1ccc(C)c(NCc2nnc(C)c(C)n2)c1.[Fe+2],-0.7222185
TRZ05003,Cc1nnc(C(C)(C)Oc2ccc(C(C)(F)F)cc2Cl)nc1C,Fe2+,Cc1nnc(C(C)(C)Oc2ccc(C(C)(F)F)cc2Cl)nc1C.[Fe+2],-0.72246885
TRZ02896,Cc1nnc(C(=O)N[C@H](C)c2ccccc2)nc1C,Fe2+,Cc1nnc(C(=O)N[C@H](C)c2ccccc2)nc1C.[Fe+2],-0.7229276
TRZ03169,Cc1nnc(C[C@@H](Cc2cc(F)c(F)cc2F)NC(=O)OC(C)(C)C)nc1C,Fe2+,Cc1nnc(C[C@@H](Cc2cc(F)c(F)cc2F)NC(=O)OC(C)(C)C)nc1C.[Fe+2],-0.7243767
TRZ02504,Cc1nnc(CNc2nc3ccccc3s2)nc1C,Fe2+,Cc1nnc(CNc2nc3ccccc3s2)nc1C.[Fe+2],-0.72449064
TRZ03411,Cc1nnc(-c2nn(Cc3ccc(F)cc3F)c3c2C=CN(C(F)(F)F)C3)nc1C,Fe2+,Cc1nnc(-c2nn(Cc3ccc(F)cc3F)c3c2C=CN(C(F)(F)F)C3)nc1C.[Fe+2],-0.72632885
TRZ01870,Cc1nnc(CSc2nc3cccnc3s2)nc1C,Fe2+,Cc1nnc(CSc2nc3cccnc3s2)nc1C.[Fe+2],-0.726501
TRZ02128,Cc1ncc([N+](=O)[O-])cc1-c1nnc(C)c(C)n1,Fe2+,Cc1ncc([N+](=O)[O-])cc1-c1nnc(C)c(C)n1.[Fe+2],-0.72707987
TRZ01891,Cc1ccc(NC(=O)C23CC4CC(CC(C4)C2)C3)c(-c2nnc(C)c(C)n2)c1,Fe2+,Cc1ccc(NC(=O)C23CC4CC(CC(C4)C2)C3)c(-c2nnc(C)c(C)n2)c1.[Fe+2],-0.7273922
TRZ05819,Cc1nnc(C2[C@@H](C=O)CCCN2C(=O)c2ccc(F)cc2)nc1C,Fe2+,Cc1nnc(C2[C@@H](C=O)CCCN2C(=O)c2ccc(F)cc2)nc1C.[Fe+2],-0.7277436
TRZ05322,Cc1nnc(-c2ccc(F)cc2NC(=O)Nc2cccc(Cl)c2)nc1C,Fe2+,Cc1nnc(-c2ccc(F)cc2NC(=O)Nc2cccc(Cl)c2)nc1C.[Fe+2],-0.7277789
TRZ01509,Cc1ccc2nc(NCc3nnc(C)c(C)n3)nc(-c3ccccc3)c2c1,Fe2+,Cc1ccc2nc(NCc3nnc(C)c(C)n3)nc(-c3ccccc3)c2c1.[Fe+2],-0.72916603
TRZ03460,Cc1nnc(-c2nn(Cc3ccc(Cl)cc3F)c3cc(CF)ccc23)nc1C,Fe2+,Cc1nnc(-c2nn(Cc3ccc(Cl)cc3F)c3cc(CF)ccc23)nc1C.[Fe+2],-0.7323365
TRZ03049,Cc1nnc(C(C)(C)Oc2ccc(F)cc2)nc1C,Fe2+,Cc1nnc(C(C)(C)Oc2ccc(F)cc2)nc1C.[Fe+2],-0.7326212
TRZ01927,CCOC(=O)c1cc(-c2cccc([N+](=O)[O-])c2)n(CCc2nnc(C)c(C)n2)c1C,Fe2+,CCOC(=O)c1cc(-c2cccc([N+](=O)[O-])c2)n(CCc2nnc(C)c(C)n2)c1C.[Fe+2],-0.73285294
TRZ03524,Cc1nnc(CNc2ccc(F)c(Br)c2)nc1C,Fe2+,Cc1nnc(CNc2ccc(F)c(Br)c2)nc1C.[Fe+2],-0.73436975
TRZ03131,Cc1nnc(-c2c(NC(=O)c3ccc(F)cc3)cnn2C)nc1C,Fe2+,Cc1nnc(-c2c(NC(=O)c3ccc(F)cc3)cnn2C)nc1C.[Fe+2],-0.7351966
TRZ02287,Cc1nnc(-c2c(-c3ccccc3Cl)noc2C)nc1C,Fe2+,Cc1nnc(-c2c(-c3ccccc3Cl)noc2C)nc1C.[Fe+2],-0.73914385
TRZ01800,Cc1nnc(-c2nc(-c3ccccc3)cc(N(C)Cc3ccccc3)n2)nc1C,Fe2+,Cc1nnc(-c2nc(-c3ccccc3)cc(N(C)Cc3ccccc3)n2)nc1C.[Fe+2],-0.7394533
TRZ01969,Cc1cccc(NCc2nnc(C)c(C)n2)c1,Fe2+,Cc1cccc(NCc2nnc(C)c(C)n2)c1.[Fe+2],-0.7397647
TRZ01999,Cc1nnc(-c2nc(-c3cccs3)no2)nc1C,Fe2+,Cc1nnc(-c2nc(-c3cccs3)no2)nc1C.[Fe+2],-0.7411165
TRZ01227,Cc1nnc(-c2cc(-c3cc(F)c(F)cc3F)n[nH]2)nc1C,Fe2+,Cc1nnc(-c2cc(-c3cc(F)c(F)cc3F)n[nH]2)nc1C.[Fe+2],-0.74161863
TRZ01477,Cc1nnc(-c2ccc(Br)cn2)nc1C,Fe2+,Cc1nnc(-c2ccc(Br)cn2)nc1C.[Fe+2],-0.74787855
TRZ00158,Cc1nnc(CNc2ccc3ccccc3c2)nc1C,Fe2+,Cc1nnc(CNc2ccc3ccccc3c2)nc1C.[Fe+2],-0.7480464
TRZ03069,Cc1nnc(-c2cc(C(F)(F)F)c3ccccc3n2)nc1C,Fe2+,Cc1nnc(-c2cc(C(F)(F)F)c3ccccc3n2)nc1C.[Fe+2],-0.75024223
TRZ02810,Cc1nnc(-c2sc(-c3ccc(F)cc3)cc2N)nc1C,Fe2+,Cc1nnc(-c2sc(-c3ccc(F)cc3)cc2N)nc1C.[Fe+2],-0.7524662
TRZ03635,CCC1(C(=O)O)CCC(c2ccc(NC(=O)c3nnc(C)c(C)n3)c(F)c2)CC1,Fe2+,CCC1(C(=O)O)CCC(c2ccc(NC(=O)c3nnc(C)c(C)n3)c(F)c2)CC1.[Fe+2],-0.7535701
TRZ01455,Cc1nnc(-c2cnn(-c3ccc(F)cc3)c2C(F)(F)F)nc1C,Fe2+,Cc1nnc(-c2cnn(-c3ccc(F)cc3)c2C(F)(F)F)nc1C.[Fe+2],-0.75445175
TRZ00171,CC(=O)Nc1ccccc1-c1nnc(C)c(C)n1,Fe2+,CC(=O)Nc1ccccc1-c1nnc(C)c(C)n1.[Fe+2],-0.75448465
TRZ04057,Cc1nnc(-c2c(C=O)ccc(C(F)(F)F)c2[N+](=O)[O-])nc1C,Fe2+,Cc1nnc(-c2c(C=O)ccc(C(F)(F)F)c2[N+](=O)[O-])nc1C.[Fe+2],-0.75469255
TRZ01440,COc1cccc(NCc2nnc(C)c(C)n2)c1,Fe2+,COc1cccc(NCc2nnc(C)c(C)n2)c1.[Fe+2],-0.75627756
TRZ01115,Cc1nnc(-c2csc(-c3ccc(C(F)(F)F)cc3)n2)nc1C,Fe2+,Cc1nnc(-c2csc(-c3ccc(C(F)(F)F)cc3)n2)nc1C.[Fe+2],-0.75793934
TRZ01632,Cc1nnc(-c2cc(CCCCC(=O)Nc3ccccc3)on2)nc1C,Fe2+,Cc1nnc(-c2cc(CCCCC(=O)Nc3ccccc3)on2)nc1C.[Fe+2],-0.75801754
TRZ00164,Cc1nnc(Cn2c(C)nc3c(Br)cc(Br)cc3c2=O)nc1C,Fe2+,Cc1nnc(Cn2c(C)nc3c(Br)cc(Br)cc3c2=O)nc1C.[Fe+2],-0.75854397
TRZ02640,Cc1nnc(-c2ccc(Cl)nn2)nc1C,Fe2+,Cc1nnc(-c2ccc(Cl)nn2)nc1C.[Fe+2],-0.75917196
TRZ01751,Cc1nnc(-c2nc(-c3ccc(F)cc3)cc(-c3ccc(F)cc3)n2)nc1C,Fe2+,Cc1nnc(-c2nc(-c3ccc(F)cc3)cc(-c3ccc(F)cc3)n2)nc1C.[Fe+2],-0.7619686
TRZ05774,Cc1nnc(C(CCCCC2OC=CO2)(OCc2ccccc2)C(F)(F)F)nc1C,Fe2+,Cc1nnc(C(CCCCC2OC=CO2)(OCc2ccccc2)C(F)(F)F)nc1C.[Fe+2],-0.7621627
TRZ03634,C=CCOc1ncc(F)c(C2(c3nnc(C)c(C)n3)C=CC=C(C)C2)n1,Fe2+,C=CCOc1ncc(F)c(C2(c3nnc(C)c(C)n3)C=CC=C(C)C2)n1.[Fe+2],-0.7624898
TRZ00296,Cc1nnc(-c2ccc(COc3cccc4ccccc34)o2)nc1C,Fe2+,Cc1nnc(-c2ccc(COc3cccc4ccccc34)o2)nc1C.[Fe+2],-0.7629709
TRZ00330,Cc1nnc(-c2cc3c(ccc4ccccc43)o2)nc1C,Fe2+,Cc1nnc(-c2cc3c(ccc4ccccc43)o2)nc1C.[Fe+2],-0.7648864
TRZ02993,CCC1N=C(c2ccccc2F)c2cc(F)ccc2N=C1c1nnc(C)c(C)n1,Fe2+,CCC1N=C(c2ccccc2F)c2cc(F)ccc2N=C1c1nnc(C)c(C)n1.[Fe+2],-0.76512814
TRZ05134,Cc1nnc(-c2occc2-c2ccc(F)cc2)nc1C,Fe2+,Cc1nnc(-c2occc2-c2ccc(F)cc2)nc1C.[Fe+2],-0.7665539
TRZ01564,Cc1nnc(Cc2csc(-c3ccc(F)cc3)n2)nc1C,Fe2+,Cc1nnc(Cc2csc(-c3ccc(F)cc3)n2)nc1C.[Fe+2],-0.76665306
TRZ05156,Cc1cc(-c2c(OCc3nnc(C)c(C)n3)nc(N)nc2-c2ccc(F)cc2)cc(C(F)F)n1,Fe2+,Cc1cc(-c2c(OCc3nnc(C)c(C)n3)nc(N)nc2-c2ccc(F)cc2)cc(C(F)F)n1.[Fe+2],-0.76768017
TRZ05022,C=C(NCc1ccc(F)c(C(F)(F)F)c1)c1nnc(C)c(C)n1,Fe2+,C=C(NCc1ccc(F)c(C(F)(F)F)c1)c1nnc(C)c(C)n1.[Fe+2],-0.7679796
TRZ01923,Cc1nnc(CSc2nnc(-c3ccco3)n2-c2ccc(Br)cc2)nc1C,Fe2+,Cc1nnc(CSc2nnc(-c3ccco3)n2-c2ccc(Br)cc2)nc1C.[Fe+2],-0.7696552
TRZ05344,Cc1nnc(-c2ccc(F)cc2NC(=O)Nc2cccc(Br)c2)nc1C,Fe2+,Cc1nnc(-c2ccc(F)cc2NC(=O)Nc2cccc(Br)c2)nc1C.[Fe+2],-0.7700052
TRZ04434,Cc1nnc(C2(C(=O)Nc3ccc(F)cc3)CC2)nc1C,Fe2+,Cc1nnc(C2(C(=O)Nc3ccc(F)cc3)CC2)nc1C.[Fe+2],-0.7702389
TRZ04706,Cc1nnc(C(O)c2ccccc2F)nc1C,Fe2+,Cc1nnc(C(O)c2ccccc2F)nc1C.[Fe+2],-0.77269983
TRZ05879,Cc1nnc(-c2c(C(=O)c3ccccc3F)ccnc2Cl)nc1C,Fe2+,Cc1nnc(-c2c(C(=O)c3ccccc3F)ccnc2Cl)nc1C.[Fe+2],-0.77371407
TRZ05126,Cc1nnc(-c2cc3cc(N)nnc3c(F)c2Nc2ccc(Br)cc2F)nc1C,Fe2+,Cc1nnc(-c2cc3cc(N)nnc3c(F)c2Nc2ccc(Br)cc2F)nc1C.[Fe+2],-0.7785263
TRZ04996,Cc1nnc(-c2cnn(C(F)(F)F)c2)nc1C,Fe2+,Cc1nnc(-c2cnn(C(F)(F)F)c2)nc1C.[Fe+2],-0.7804637
TRZ02899,Cc1nnc(-c2csc(-c3cnccc3C(F)(F)F)n2)nc1C,Fe2+,Cc1nnc(-c2csc(-c3cnccc3C(F)(F)F)n2)nc1C.[Fe+2],-0.7805891
TRZ00858,Cc1nnc(-c2cc(Br)ccn2)nc1C,Fe2+,Cc1nnc(-c2cc(Br)ccn2)nc1C.[Fe+2],-0.78176546
TRZ02231,Cc1nnc(-c2cn(Cc3nnc(C)n3N)c3cc(Cl)c(F)cc3c2=O)nc1C,Fe2+,Cc1nnc(-c2cn(Cc3nnc(C)n3N)c3cc(Cl)c(F)cc3c2=O)nc1C.[Fe+2],-0.7830324
TRZ00773,Cc1nnc(-c2cc3cc([N+](=O)[O-])ccc3s2)nc1C,Fe2+,Cc1nnc(-c2cc3cc([N+](=O)[O-])ccc3s2)nc1C.[Fe+2],-0.7831235
TRZ01498,Cc1cc(NCc2nnc(C)c(C)n2)ccc1Cl,Fe2+,Cc1cc(NCc2nnc(C)c(C)n2)ccc1Cl.[Fe+2],-0.78348875
TRZ04111,Cc1nnc(C2CCc3ccc(C(F)(F)F)cc3N2C)nc1C,Fe2+,Cc1nnc(C2CCc3ccc(C(F)(F)F)cc3N2C)nc1C.[Fe+2],-0.7837224
TRZ02333,Cc1nnc(-c2c(Br)cnn2C)nc1C,Fe2+,Cc1nnc(-c2c(Br)cnn2C)nc1C.[Fe+2],-0.78379107
TRZ04712,Cc1cc(-c2nnc(C)c(C)n2)nc(Oc2cccc(C(F)(F)F)c2)n1,Fe2+,Cc1cc(-c2nnc(C)c(C)n2)nc(Oc2cccc(C(F)(F)F)c2)n1.[Fe+2],-0.7839055
TRZ03896,Cc1nnc(-c2ccc(N3CC(Cc4ccccc4CF)C3)nn2)nc1C,Fe2+,Cc1nnc(-c2ccc(N3CC(Cc4ccccc4CF)C3)nn2)nc1C.[Fe+2],-0.7842331
TRZ02931,Cc1nnc(-c2nn(Cc3ccc(F)cc3F)c3ccc(C(F)(F)F)cc23)nc1C,Fe2+,Cc1nnc(-c2nn(Cc3ccc(F)cc3F)c3ccc(C(F)(F)F)cc23)nc1C.[Fe+2],-0.78428745
TRZ02198,Cc1nnc(-c2cc(-c3ccc(C(F)(F)F)cc3)n(C)n2)nc1C,Fe2+,Cc1nnc(-c2cc(-c3ccc(C(F)(F)F)cc3)n(C)n2)nc1C.[Fe+2],-0.7885847
TRZ04916,Cc1nnc(CCn2c(=O)oc3ccc(-c4ccc(OC(F)(F)F)cc4)cc32)nc1C,Fe2+,Cc1nnc(CCn2c(=O)oc3ccc(-c4ccc(OC(F)(F)F)cc4)cc32)nc1C.[Fe+2],-0.7889576
TRZ02799,Cc1nnc(CNC(=O)Nc2cccc(C(F)(F)F)c2)nc1C,Fe2+,Cc1nnc(CNC(=O)Nc2cccc(C(F)(F)F)c2)nc1C.[Fe+2],-0.78915405
TRZ02260,Cc1c[nH]c(C)c1-c1nnc(C)c(C)n1,Fe2+,Cc1c[nH]c(C)c1-c1nnc(C)c(C)n1.[Fe+2],-0.7900567
TRZ04096,Cc1nnc(-c2cc(C(F)(F)F)ccn2)nc1C,Fe2+,Cc1nnc(-c2cc(C(F)(F)F)ccn2)nc1C.[Fe+2],-0.79046345
TRZ03582,Cc1cc(C(F)(F)F)c2nc(-c3nnc(C)c(C)n3)cc(C)c2c1,Fe2+,Cc1cc(C(F)(F)F)c2nc(-c3nnc(C)c(C)n3)cc(C)c2c1.[Fe+2],-0.79066133
TRZ00622,Cc1nnc(-c2csc(-c3ccc(C(F)(F)F)cc3Cl)n2)nc1C,Fe2+,Cc1nnc(-c2csc(-c3ccc(C(F)(F)F)cc3Cl)n2)nc1C.[Fe+2],-0.7907796
TRZ01387,CCCN/C(=C\c1ccc2ccccc2c1)c1nnc(C)c(C)n1,Fe2+,CCCN/C(=C\c1ccc2ccccc2c1)c1nnc(C)c(C)n1.[Fe+2],-0.79078245
TRZ05557,Cc1nnc(-c2ncc(C(F)(F)F)cc2[N+](=O)[O-])nc1C,Fe2+,Cc1nnc(-c2ncc(C(F)(F)F)cc2[N+](=O)[O-])nc1C.[Fe+2],-0.7943549
TRZ01551,Cc1nnc(-c2cc3ccc4ccccc4c3s2)nc1C,Fe2+,Cc1nnc(-c2cc3ccc4ccccc4c3s2)nc1C.[Fe+2],-0.79555225
TRZ05326,Cc1nnc(-c2ccccc2NC(=O)Nc2cc(F)cc(Cl)c2)nc1C,Fe2+,Cc1nnc(-c2ccccc2NC(=O)Nc2cc(F)cc(Cl)c2)nc1C.[Fe+2],-0.7965369
TRZ01072,COc1ccc2cc(NCc3nnc(C)c(C)n3)ccc2c1,Fe2+,COc1ccc2cc(NCc3nnc(C)c(C)n3)ccc2c1.[Fe+2],-0.7984719
TRZ02624,Cc1nnc(Cc2ccc[nH]2)nc1C,Fe2+,Cc1nnc(Cc2ccc[nH]2)nc1C.[Fe+2],-0.7993717
TRZ01826,Cc1nnc([C@@H](O)Cc2csc(-c3ccc(F)cc3)n2)nc1C,Fe2+,Cc1nnc([C@@H](O)Cc2csc(-c3ccc(F)cc3)n2)nc1C.[Fe+2],-0.7994027
TRZ00407,COc1ccc2c(Cl)c(-c3nnc(C)c(C)n3)sc2c1,Fe2+,COc1ccc2c(Cl)c(-c3nnc(C)c(C)n3)sc2c1.[Fe+2],-0.80101585
TRZ01473,Cc1nnc(-c2nccn2C)nc1C,Fe2+,Cc1nnc(-c2nccn2C)nc1C.[Fe+2],-0.80119324
TRZ01132,Cc1nnc(Cc2cc3ccccc3[nH]2)nc1C,Fe2+,Cc1nnc(Cc2cc3ccccc3[nH]2)nc1C.[Fe+2],-0.80366087
TRZ01789,Cc1nnc(-c2nc(-c3ccccc3)cc(N3Cc4ccccc4[C@@H]3C)n2)nc1C,Fe2+,Cc1nnc(-c2nc(-c3ccccc3)cc(N3Cc4ccccc4[C@@H]3C)n2)nc1C.[Fe+2],-0.80426455
TRZ04911,Cc1nnc(-c2nc(=O)n(-c3ccccc3F)o2)nc1C,Fe2+,Cc1nnc(-c2nc(=O)n(-c3ccccc3F)o2)nc1C.[Fe+2],-0.80497646
TRZ00099,Cc1nnc(COc2ccc(Cl)cc2)nc1C,Fe2+,Cc1nnc(COc2ccc(Cl)cc2)nc1C.[Fe+2],-0.80686903
TRZ05102,Cc1nnc([C@H](Nc2ccc(C#N)c(C(F)(F)F)c2)[C@H](C)O)nc1C,Fe2+,Cc1nnc([C@H](Nc2ccc(C#N)c(C(F)(F)F)c2)[C@H](C)O)nc1C.[Fe+2],-0.80715084
TRZ05319,Cc1nnc(Cc2ccc(F)cn2)nc1C,Fe2+,Cc1nnc(Cc2ccc(F)cn2)nc1C.[Fe+2],-0.80881834
TRZ04705,Cc1nnc(Cc2ncccc2F)nc1C,Fe2+,Cc1nnc(Cc2ncccc2F)nc1C.[Fe+2],-0.8090496
TRZ02586,Cc1nnc(-c2nn(-c3ccccc3)c3c2Cc2ccccc2-3)nc1C,Fe2+,Cc1nnc(-c2nn(-c3ccccc3)c3c2Cc2ccccc2-3)nc1C.[Fe+2],-0.81277514
TRZ01400,Cc1nnc(-c2cc3oc(C)c(C)c3[nH]2)nc1C,Fe2+,Cc1nnc(-c2cc3oc(C)c(C)c3[nH]2)nc1C.[Fe+2],-0.817286
TRZ04928,Cc1nnc(-c2cncc(OCC(F)(F)F)c2F)nc1C,Fe2+,Cc1nnc(-c2cncc(OCC(F)(F)F)c2F)nc1C.[Fe+2],-0.81755877
TRZ04232,Cc1nnc(-c2cccc(OCC(O)(C(F)(F)F)C(F)(F)F)n2)nc1C,Fe2+,Cc1nnc(-c2cccc(OCC(O)(C(F)(F)F)C(F)(F)F)n2)nc1C.[Fe+2],-0.81767035
TRZ02866,Cc1nnc(-c2nc[nH]c2F)nc1C,Fe2+,Cc1nnc(-c2nc[nH]c2F)nc1C.[Fe+2],-0.81860304
TRZ00650,CO/N=C1\CCCc2c(-c3nnc(C)c(C)n3)sc(SC)c21,Fe2+,CO/N=C1\CCCc2c(-c3nnc(C)c(C)n3)sc(SC)c21.[Fe+2],-0.81936693
TRZ00834,Cc1nnc(Cc2nc(-c3ccccc3)cs2)nc1C,Fe2+,Cc1nnc(Cc2nc(-c3ccccc3)cs2)nc1C.[Fe+2],-0.8195567
TRZ00820,Cc1nnc(CCn2c3c(c4ccccc42)CCCC3)nc1C,Fe2+,Cc1nnc(CCn2c3c(c4ccccc42)CCCC3)nc1C.[Fe+2],-0.81959486
TRZ03206,Cc1nnc(C(C)(C)Oc2ccc(OC(F)(F)F)cc2)nc1C,Fe2+,Cc1nnc(C(C)(C)Oc2ccc(OC(F)(F)F)cc2)nc1C.[Fe+2],-0.82060766
TRZ03914,Cc1nnc(-c2cnc(OCC(F)(F)F)c(-c3ccc(Cl)c(F)c3)c2)nc1C,Fe2+,Cc1nnc(-c2cnc(OCC(F)(F)F)c(-c3ccc(Cl)c(F)c3)c2)nc1C.[Fe+2],-0.82108927
TRZ02199,Cc1nnc(Cn2ccc3ccc(F)cc32)nc1C,Fe2+,Cc1nnc(Cn2ccc3ccc(F)cc32)nc1C.[Fe+2],-0.82521296
TRZ02965,Cc1nnc(C(F)(F)C(O)c2ccncc2)nc1C,Fe2+,Cc1nnc(C(F)(F)C(O)c2ccncc2)nc1C.[Fe+2],-0.82725954
TRZ00603,COc1ccc(NC(=O)N[C@@H](Cc2ccccc2)c2nnc(C)c(C)n2)cc1,Fe2+,COc1ccc(NC(=O)N[C@@H](Cc2ccccc2)c2nnc(C)c(C)n2)cc1.[Fe+2],-0.82964087
TRZ03319,Cc1nnc(-c2cc(-c3ccc(C(F)(F)F)cc3)nn2C)nc1C,Fe2+,Cc1nnc(-c2cc(-c3ccc(C(F)(F)F)cc3)nn2C)nc1C.[Fe+2],-0.82964087
TRZ04704,Cc1nnc(C(F)(F)c2cn3cc(C4CC4)ccc3n2)nc1C,Fe2+,Cc1nnc(C(F)(F)c2cn3cc(C4CC4)ccc3n2)nc1C.[Fe+2],-0.83375406
TRZ01618,COc1ccc(C(=O)N/C(=C/c2cc(OC)c(OC)c(OC)c2)c2nnc(C)c(C)n2)cc1,Fe2+,COc1ccc(C(=O)N/C(=C/c2cc(OC)c(OC)c(OC)c2)c2nnc(C)c(C)n2)cc1.[Fe+2],-0.8346505
TRZ00430,Cc1nnc(COc2ccccc2-c2ccccc2)nc1C,Fe2+,Cc1nnc(COc2ccccc2-c2ccccc2)nc1C.[Fe+2],-0.8357663
TRZ00147,Cc1nnc(-c2sc(-c3ccc(Cl)cc3)nc2C)nc1C,Fe2+,Cc1nnc(-c2sc(-c3ccc(Cl)cc3)nc2C)nc1C.[Fe+2],-0.8367629
TRZ01750,Cc1nnc(-c2nc(-c3cccc(F)c3)cc(-c3cccc(F)c3)n2)nc1C,Fe2+,Cc1nnc(-c2nc(-c3cccc(F)c3)cc(-c3cccc(F)c3)n2)nc1C.[Fe+2],-0.83779573
TRZ00506,Cc1nnc(CNC(=O)c2cccc(Br)c2)nc1C,Fe2+,Cc1nnc(CNC(=O)c2cccc(Br)c2)nc1C.[Fe+2],-0.8383355
TRZ00256,Cc1cc(C)n2c(nc3ccccc32)c1-c1nnc(C)c(C)n1,Fe2+,Cc1cc(C)n2c(nc3ccccc32)c1-c1nnc(C)c(C)n1.[Fe+2],-0.8392844
TRZ02891,Cc1nnc(CNc2cccc(C(F)(F)F)c2)nc1C,Fe2+,Cc1nnc(CNc2cccc(C(F)(F)F)c2)nc1C.[Fe+2],-0.8406396
TRZ02904,Cc1nnc(-c2cnccc2C(F)(F)F)nc1C,Fe2+,Cc1nnc(-c2cnccc2C(F)(F)F)nc1C.[Fe+2],-0.84085894
TRZ00329,Cc1nnc(-c2sccc2OCc2ccc(Cl)cc2)nc1C,Fe2+,Cc1nnc(-c2sccc2OCc2ccc(Cl)cc2)nc1C.[Fe+2],-0.8427501
TRZ01746,Cc1nnc(-c2nc(-c3ccccc3)c(C)c(-c3ccccc3)n2)nc1C,Fe2+,Cc1nnc(-c2nc(-c3ccccc3)c(C)c(-c3ccccc3)n2)nc1C.[Fe+2],-0.8432584
TRZ01554,Cc1nnc(-c2cnn(-c3ccc([N+](=O)[O-])cc3)c2C(F)(F)F)nc1C,Fe2+,Cc1nnc(-c2cnn(-c3ccc([N+](=O)[O-])cc3)c2C(F)(F)F)nc1C.[Fe+2],-0.8444352
TRZ03097,Cc1nnc(C2CCCN(C(=O)c3ccc(F)cc3)C2)nc1C,Fe2+,Cc1nnc(C2CCCN(C(=O)c3ccc(F)cc3)C2)nc1C.[Fe+2],-0.8446317
TRZ01006,Cc1nnc(Cn2c(C3CC3)nc3cc(Cl)c(Cl)cc32)nc1C,Fe2+,Cc1nnc(Cn2c(C3CC3)nc3cc(Cl)c(Cl)cc32)nc1C.[Fe+2],-0.8468385
TRZ05873,Cc1nnc(-c2nc(C(F)(F)F)ccc2N)nc1C,Fe2+,Cc1nnc(-c2nc(C(F)(F)F)ccc2N)nc1C.[Fe+2],-0.84747744
TRZ01743,Cc1nnc(-c2nc(-c3ccccc3)cc(C3CCCCC3)n2)nc1C,Fe2+,Cc1nnc(-c2nc(-c3ccccc3)cc(C3CCCCC3)n2)nc1C.[Fe+2],-0.8487954
TRZ03267,CCOC(=O)C1CCC(Oc2ccc(NC(=O)c3nnc(C)c(C)n3)c(F)c2)CC1,Fe2+,CCOC(=O)C1CCC(Oc2ccc(NC(=O)c3nnc(C)c(C)n3)c(F)c2)CC1.[Fe+2],-0.84916925
TRZ02791,Cc1nnc(COc2ccc(Br)cc2CN(C)C)nc1C,Fe2+,Cc1nnc(COc2ccc(Br)cc2CN(C)C)nc1C.[Fe+2],-0.85061693
TRZ05086,Cc1nnc(C(=O)NCc2ccc(F)cc2Cl)nc1C,Fe2+,Cc1nnc(C(=O)NCc2ccc(F)cc2Cl)nc1C.[Fe+2],-0.8506961
TRZ02690,Cc1nnc(-c2c(C)c3ccccc3n2C)nc1C,Fe2+,Cc1nnc(-c2c(C)c3ccccc3n2C)nc1C.[Fe+2],-0.85141706
TRZ03793,Cc1nnc(-c2cn(C)c3ccc(F)cc23)nc1C,Fe2+,Cc1nnc(-c2cn(C)c3ccc(F)cc23)nc1C.[Fe+2],-0.85288477
TRZ02421,Cc1nnc(C(CC(C)C)NC(=O)Cc2ccsc2)nc1C,Fe2+,Cc1nnc(C(CC(C)C)NC(=O)Cc2ccsc2)nc1C.[Fe+2],-0.8529792
TRZ05686,Cc1nnc(-c2ncc(F)cc2C2CCN(C(=O)OC(C)(C)C)CC2)nc1C,Fe2+,Cc1nnc(-c2ncc(F)cc2C2CCN(C(=O)OC(C)(C)C)CC2)nc1C.[Fe+2],-0.8540225
TRZ05702,Cc1nnc(-c2c(F)ccc3c2OCO3)nc1C,Fe2+,Cc1nnc(-c2c(F)ccc3c2OCO3)nc1C.[Fe+2],-0.8544173
TRZ00662,Cc1nnc(-c2nn(-c3ccc(Cl)cc3)c(=O)c(C#N)c2C)nc1C,Fe2+,Cc1nnc(-c2nn(-c3ccc(Cl)cc3)c(=O)c(C#N)c2C)nc1C.[Fe+2],-0.854651
TRZ05021,Cc1nnc(-c2ncc(C3=CC=C(OC(F)(F)F)CC3)o2)nc1C,Fe2+,Cc1nnc(-c2ncc(C3=CC=C(OC(F)(F)F)CC3)o2)nc1C.[Fe+2],-0.8570466
TRZ01752,COc1cc(-c2ccccc2)nc(-c2nnc(C)c(C)n2)n1,Fe2+,COc1cc(-c2ccccc2)nc(-c2nnc(C)c(C)n2)n1.[Fe+2],-0.8572707
TRZ04884,Cc1nnc(CNC(=O)c2cn(C)nc2C(F)(F)F)nc1C,Fe2+,Cc1nnc(CNC(=O)c2cn(C)nc2C(F)(F)F)nc1C.[Fe+2],-0.8582616
TRZ00760,Cc1nnc(CNc2ccc(F)cc2)nc1C,Fe2+,Cc1nnc(CNc2ccc(F)cc2)nc1C.[Fe+2],-0.86262083
TRZ02963,Cc1nnc(C(F)(F)C(O)c2ccccn2)nc1C,Fe2+,Cc1nnc(C(F)(F)C(O)c2ccccn2)nc1C.[Fe+2],-0.86532164
TRZ04609,Cc1nnc(CCn2c(=O)oc3ccc(-c4ccc(OC(F)(F)F)cc4)nc32)nc1C,Fe2+,Cc1nnc(CCn2c(=O)oc3ccc(-c4ccc(OC(F)(F)F)cc4)nc32)nc1C.[Fe+2],-0.8663974
TRZ01085,Cc1nnc(C(=O)Nc2ccc(F)cc2)nc1C,Fe2+,Cc1nnc(C(=O)Nc2ccc(F)cc2)nc1C.[Fe+2],-0.8665204
TRZ01361,Cc1nnc(CSc2c3ccccc3nc3c(C)cccc23)nc1C,Fe2+,Cc1nnc(CSc2c3ccccc3nc3c(C)cccc23)nc1C.[Fe+2],-0.86689997
TRZ03360,Cc1nnc(C(=O)Nc2cccc(C(F)(F)F)c2F)nc1C,Fe2+,Cc1nnc(C(=O)Nc2cccc(C(F)(F)F)c2F)nc1C.[Fe+2],-0.86809015
TRZ02011,Cc1nnc(C2C(=O)NCC2c2ccccc2)nc1C,Fe2+,Cc1nnc(C2C(=O)NCC2c2ccccc2)nc1C.[Fe+2],-0.870914
TRZ03157,Cc1nnc(Cn2c(C(F)F)cc3c(Cl)c(C#N)ccc32)nc1C,Fe2+,Cc1nnc(Cn2c(C(F)F)cc3c(Cl)c(C#N)ccc32)nc1C.[Fe+2],-0.871263
TRZ03388,Cc1nnc(-c2nn(Cc3ccc(F)cc3F)c3cc(F)ccc23)nc1C,Fe2+,Cc1nnc(-c2nn(Cc3ccc(F)cc3F)c3cc(F)ccc23)nc1C.[Fe+2],-0.8729291
TRZ03883,Cc1nnc(C=Cn2cnc(-c3cc(OC(C)C)nc(C(F)(F)F)c3)n2)nc1C,Fe2+,Cc1nnc(C=Cn2cnc(-c3cc(OC(C)C)nc(C(F)(F)F)c3)n2)nc1C.[Fe+2],-0.8741355
TRZ03783,Cc1nnc(C2=CNC(C3CC3)N2c2ccc(C(F)(F)F)cc2)nc1C,Fe2+,Cc1nnc(C2=CNC(C3CC3)N2c2ccc(C(F)(F)F)cc2)nc1C.[Fe+2],-0.87427664
TRZ02701,Cc1nnc(-c2cc(-c3ccccc3)nn2C)nc1C,Fe2+,Cc1nnc(-c2cc(-c3ccccc3)nn2C)nc1C.[Fe+2],-0.87467337
TRZ01103,CCn1cc(-c2nnc(C)c(C)n2)c(=O)c2cc(F)c(Cl)cc21,Fe2+,CCn1cc(-c2nnc(C)c(C)n2)c(=O)c2cc(F)c(Cl)cc21.[Fe+2],-0.8767619
TRZ03585,CCOc1cc(OCC(F)(F)F)c2nc(-c3nnc(C)c(C)n3)cc(C)c2c1,Fe2+,CCOc1cc(OCC(F)(F)F)c2nc(-c3nnc(C)c(C)n3)cc(C)c2c1.[Fe+2],-0.8775153
TRZ01696,Cc1nnc(CCn2ccc(N)nc2=O)nc1C,Fe2+,Cc1nnc(CCn2ccc(N)nc2=O)nc1C.[Fe+2],-0.87782526
TRZ02324,Cc1nnc(COc2cc(Cl)ccc2Cl)nc1C,Fe2+,Cc1nnc(COc2cc(Cl)ccc2Cl)nc1C.[Fe+2],-0.87981176
TRZ00895,Cc1nnc(CSCc2ccc(Cl)cc2Cl)nc1C,Fe2+,Cc1nnc(CSCc2ccc(Cl)cc2Cl)nc1C.[Fe+2],-0.88314676
TRZ05574,COc1nc(OCc2c(-c3ccc(F)cc3)noc2C)ccc1-c1nnc(C)c(C)n1,Fe2+,COc1nc(OCc2c(-c3ccc(F)cc3)noc2C)ccc1-c1nnc(C)c(C)n1.[Fe+2],-0.8848481
TRZ02447,C=C(C)Cn1c(SCc2nnc(C)c(C)n2)nnc1-c1ccc(Br)cc1,Fe2+,C=C(C)Cn1c(SCc2nnc(C)c(C)n2)nnc1-c1ccc(Br)cc1.[Fe+2],-0.8854184
TRZ02036,Cc1nnc(-c2sc3ccccc3c2N)nc1C,Fe2+,Cc1nnc(-c2sc3ccccc3c2N)nc1C.[Fe+2],-0.88712835
TRZ00597,Cc1cc(C)c2c(N)c(-c3nnc(C)c(C)n3)sc2n1,Fe2+,Cc1cc(C)c2c(N)c(-c3nnc(C)c(C)n3)sc2n1.[Fe+2],-0.8880172
TRZ02207,Cc1nnc(-c2nnn(-c3cc(C(F)(F)F)nc4c(C(F)(F)F)cccc34)c2C)nc1C,Fe2+,Cc1nnc(-c2nnn(-c3cc(C(F)(F)F)nc4c(C(F)(F)F)cccc34)c2C)nc1C.[Fe+2],-0.89013815
TRZ05408,C=CCCN(C)c1nc(-c2nnc(C)c(C)n2)c([N+](=O)[O-])cc1C(F)(F)F,Fe2+,C=CCCN(C)c1nc(-c2nnc(C)c(C)n2)c([N+](=O)[O-])cc1C(F)(F)F.[Fe+2],-0.89069223
TRZ05605,Cc1nc(C)c(-c2nnc(C)c(C)n2)cc1F,Fe2+,Cc1nc(C)c(-c2nnc(C)c(C)n2)cc1F.[Fe+2],-0.8910203
TRZ01280,CC(=O)NC(c1nnc(C)c(C)n1)C(C)Cc1ccccc1,Fe2+,CC(=O)NC(c1nnc(C)c(C)n1)C(C)Cc1ccccc1.[Fe+2],-0.89155436
TRZ05692,Cc1nnc(-c2cccnc2OC(F)F)nc1C,Fe2+,Cc1nnc(-c2cccnc2OC(F)F)nc1C.[Fe+2],-0.89338064
TRZ05036,COC[C@H]1C[C@@H]1c1cc(C(F)(F)F)cnc1-c1nnc(C)c(C)n1,Fe2+,COC[C@H]1C[C@@H]1c1cc(C(F)(F)F)cnc1-c1nnc(C)c(C)n1.[Fe+2],-0.8952279
TRZ03543,Cc1nnc(-c2csc(-c3ccc(F)cc3)n2)nc1C,Fe2+,Cc1nnc(-c2csc(-c3ccc(F)cc3)n2)nc1C.[Fe+2],-0.8954463
TRZ00173,Cc1nnc(CSc2ccc(Cl)cc2)nc1C,Fe2+,Cc1nnc(CSc2ccc(Cl)cc2)nc1C.[Fe+2],-0.89580965
TRZ02954,Cc1nnc(-c2nc(C)n3c2CN=C(c2ccccc2F)c2cc(Cl)ccc2-3)nc1C,Fe2+,Cc1nnc(-c2nc(C)n3c2CN=C(c2ccccc2F)c2cc(Cl)ccc2-3)nc1C.[Fe+2],-0.8958812
TRZ02652,COc1ccc2nc(-c3nnc(C)c(C)n3)sc2c1,Fe2+,COc1ccc2nc(-c3nnc(C)c(C)n3)sc2c1.[Fe+2],-0.8959956
TRZ03832,Cc1nnc(CC(C)(O)c2ccc(F)cc2)nc1C,Fe2+,Cc1nnc(CC(C)(O)c2ccc(F)cc2)nc1C.[Fe+2],-0.89870596
TRZ03885,Cc1cc(-c2ncn(/C=C\c3nnc(C)c(C)n3)n2)cc(C(F)(F)F)c1,Fe2+,Cc1cc(-c2ncn(/C=C\c3nnc(C)c(C)n3)n2)cc(C(F)(F)F)c1.[Fe+2],-0.90050745
TRZ03968,Cc1nnc(-c2cccn2C(F)(F)F)nc1C,Fe2+,Cc1nnc(-c2cccn2C(F)(F)F)nc1C.[Fe+2],-0.9008136
TRZ00293,CCC(C)(C)C1CCc2[nH]nc(-c3nnc(C)c(C)n3)c2C1,Fe2+,CCC(C)(C)C1CCc2[nH]nc(-c3nnc(C)c(C)n3)c2C1.[Fe+2],-0.90113497
TRZ02717,Cc1nnc(-c2coc(-c3ccccc3)n2)nc1C,Fe2+,Cc1nnc(-c2coc(-c3ccccc3)n2)nc1C.[Fe+2],-0.905252
TRZ01194,Cc1nnc(-c2cccc(-c3nnc(C)c(C)n3)n2)nc1C,Fe2+,Cc1nnc(-c2cccc(-c3nnc(C)c(C)n3)n2)nc1C.[Fe+2],-0.9054637
TRZ04204,Cc1nnc(-c2nc(C(=O)N3CCC(F)CC3)cs2)nc1C,Fe2+,Cc1nnc(-c2nc(C(=O)N3CCC(F)CC3)cs2)nc1C.[Fe+2],-0.90581846
TRZ03197,Cc1nnc(C(C)(C)Oc2ccc(C(F)(F)F)cc2)nc1C,Fe2+,Cc1nnc(C(C)(C)Oc2ccc(C(F)(F)F)cc2)nc1C.[Fe+2],-0.9067893
TRZ05431,Cc1cccc(F)c1C(O)c1nnc(C)c(C)n1,Fe2+,Cc1cccc(F)c1C(O)c1nnc(C)c(C)n1.[Fe+2],-0.90758085
TRZ03981,Cc1nnc(-c2cn3c(ccc4c(C(F)(F)F)nc(C(F)(F)F)nc43)n2)nc1C,Fe2+,Cc1nnc(-c2cn3c(ccc4c(C(F)(F)F)nc(C(F)(F)F)nc43)n2)nc1C.[Fe+2],-0.9082494
TRZ00072,Cc1nnc(-c2nc3ccccc3s2)nc1C,Fe2+,Cc1nnc(-c2nc3ccccc3s2)nc1C.[Fe+2],-0.9120536
TRZ00311,Cc1nnc(Cn2c(-c3nonc3N)nc3ccccc32)nc1C,Fe2+,Cc1nnc(Cn2c(-c3nonc3N)nc3ccccc32)nc1C.[Fe+2],-0.913012
TRZ00855,Cc1nnc(-c2nn(C)c3ccccc23)nc1C,Fe2+,Cc1nnc(-c2nn(C)c3ccccc23)nc1C.[Fe+2],-0.91444254
TRZ05479,Cc1nnc(-c2ccc(OC(F)(F)F)cc2NC(=O)Nc2cc(F)cc(F)c2)nc1C,Fe2+,Cc1nnc(-c2ccc(OC(F)(F)F)cc2NC(=O)Nc2cc(F)cc(F)c2)nc1C.[Fe+2],-0.9154773
TRZ02344,Cc1nnc(CNC(=O)COc2ccc(Cl)cc2Cl)nc1C,Fe2+,Cc1nnc(CNC(=O)COc2ccc(Cl)cc2Cl)nc1C.[Fe+2],-0.9163747
TRZ03188,Cc1nnc(C(C)(C)Oc2ccc(C(F)(F)F)cc2Cl)nc1C,Fe2+,Cc1nnc(C(C)(C)Oc2ccc(C(F)(F)F)cc2Cl)nc1C.[Fe+2],-0.9167199
TRZ01138,Cc1nnc(-c2ccnc(-c3nnc(C)c(C)n3)c2)nc1C,Fe2+,Cc1nnc(-c2ccnc(-c3nnc(C)c(C)n3)c2)nc1C.[Fe+2],-0.9172902
TRZ00623,Cc1nnc(Cc2csc(-c3ccccc3)n2)nc1C,Fe2+,Cc1nnc(Cc2csc(-c3ccccc3)n2)nc1C.[Fe+2],-0.9205041
TRZ01945,Cc1nnc(CC2CC(c3cccc([N+](=O)[O-])c3)=NN2)nc1C,Fe2+,Cc1nnc(CC2CC(c3cccc([N+](=O)[O-])c3)=NN2)nc1C.[Fe+2],-0.921268
TRZ03972,Cc1nnc(-c2cc(-c3ccc(OC(F)(F)F)cc3)no2)nc1C,Fe2+,Cc1nnc(-c2cc(-c3ccc(OC(F)(F)F)cc3)no2)nc1C.[Fe+2],-0.9216628
TRZ05481,Cc1nnc(-c2ccc(OC(F)(F)F)cc2NC(N)=O)nc1C,Fe2+,Cc1nnc(-c2ccc(OC(F)(F)F)cc2NC(N)=O)nc1C.[Fe+2],-0.9220042
TRZ01538,Cc1nnc(CON=Cc2ccc(Cl)cc2Cl)nc1C,Fe2+,Cc1nnc(CON=Cc2ccc(Cl)cc2Cl)nc1C.[Fe+2],-0.9233985
TRZ01118,Cc1nnc(-c2nc(-c3ccc(OC(F)(F)F)cc3)no2)nc1C,Fe2+,Cc1nnc(-c2nc(-c3ccc(OC(F)(F)F)cc3)no2)nc1C.[Fe+2],-0.92592096
TRZ05240,Cc1nnc(-c2cc(N)cc(C(F)(F)F)n2)nc1C,Fe2+,Cc1nnc(-c2cc(N)cc(C(F)(F)F)n2)nc1C.[Fe+2],-0.9277663
TRZ05456,Cc1nnc(-c2ccnc(N3C[C@@H]4C(COc5cccnc5C(F)(F)F)[C@@H]4C3)n2)nc1C,Fe2+,Cc1nnc(-c2ccnc(N3C[C@@H]4C(COc5cccnc5C(F)(F)F)[C@@H]4C3)n2)nc1C.[Fe+2],-0.9278407
TRZ04619,Cc1nnc(CCn2nnc3ccc(-c4ccc(OC(F)(F)F)cc4)nc32)nc1C,Fe2+,Cc1nnc(CCn2nnc3ccc(-c4ccc(OC(F)(F)F)cc4)nc32)nc1C.[Fe+2],-0.9317155
TRZ03525,Cc1nnc(C(F)Nc2ccc(F)cc2)nc1C,Fe2+,Cc1nnc(C(F)Nc2ccc(F)cc2)nc1C.[Fe+2],-0.9319024
TRZ00307,Cc1nnc(CNc2ccccc2Cl)nc1C,Fe2+,Cc1nnc(CNc2ccccc2Cl)nc1C.[Fe+2],-0.93239737
TRZ00827,Cc1nnc(COc2ccccc2Cc2ccccc2)nc1C,Fe2+,Cc1nnc(COc2ccccc2Cc2ccccc2)nc1C.[Fe+2],-0.93246317
TRZ00078,Cc1nnc(COc2ccc(F)cc2)nc1C,Fe2+,Cc1nnc(COc2ccc(F)cc2)nc1C.[Fe+2],-0.9332175
TRZ01226,Cc1cc(Cc2nnc(C)c(C)n2)n[nH]1,Fe2+,Cc1cc(Cc2nnc(C)c(C)n2)n[nH]1.[Fe+2],-0.9343238
TRZ00146,Cc1nnc(-c2csc(-c3ccccc3)n2)nc1C,Fe2+,Cc1nnc(-c2csc(-c3ccccc3)n2)nc1C.[Fe+2],-0.93454695
TRZ01524,COCCCn1c(SCc2nnc(C)c(C)n2)nnc1-c1ccc(C(F)(F)F)cc1,Fe2+,COCCCn1c(SCc2nnc(C)c(C)n2)nnc1-c1ccc(C(F)(F)F)cc1.[Fe+2],-0.9346328
TRZ00399,Cc1nnc(-c2sc(-c3cccs3)nc2C)nc1C,Fe2+,Cc1nnc(-c2sc(-c3cccs3)nc2C)nc1C.[Fe+2],-0.93514585
TRZ01620,Cc1nnc(-c2sc(NC(=O)Nc3ccccc3)nc2C)nc1C,Fe2+,Cc1nnc(-c2sc(NC(=O)Nc3ccccc3)nc2C)nc1C.[Fe+2],-0.9363723
TRZ01667,Cc1nnc(-c2cn(C3CC3)c3cc(Cl)c(F)cc3c2=O)nc1C,Fe2+,Cc1nnc(-c2cn(C3CC3)c3cc(Cl)c(F)cc3c2=O)nc1C.[Fe+2],-0.9393735
TRZ00627,Cc1nnc(-c2noc(C)c2-c2csc(COc3ccccc3)n2)nc1C,Fe2+,Cc1nnc(-c2noc(C)c2-c2csc(COc3ccccc3)n2)nc1C.[Fe+2],-0.9402642
TRZ00942,Cc1nnc(Cn2c(SCc3ccccc3)nc3ccccc32)nc1C,Fe2+,Cc1nnc(Cn2c(SCc3ccccc3)nc3ccccc32)nc1C.[Fe+2],-0.94059515
TRZ01851,Cc1nnc(-c2cccnc2C(F)(F)F)nc1C,Fe2+,Cc1nnc(-c2cccnc2C(F)(F)F)nc1C.[Fe+2],-0.9407916
TRZ01549,COc1ccc(C2=NOC(c3nnc(C)c(C)n3)C2)cc1,Fe2+,COc1ccc(C2=NOC(c3nnc(C)c(C)n3)C2)cc1.[Fe+2],-0.947289
TRZ03039,Cc1nnc(-c2cc(-c3ccc(F)cc3)nn2C)nc1C,Fe2+,Cc1nnc(-c2cc(-c3ccc(F)cc3)nn2C)nc1C.[Fe+2],-0.9475293
TRZ02184,Cc1nnc([C@@H]2CCCO[C@H]2c2nccn2C)nc1C,Fe2+,Cc1nnc([C@@H]2CCCO[C@H]2c2nccn2C)nc1C.[Fe+2],-0.9491286
TRZ05279,Cc1nnc(-c2cc(Cl)ccc2OC(F)(F)F)nc1C,Fe2+,Cc1nnc(-c2cc(Cl)ccc2OC(F)(F)F)nc1C.[Fe+2],-0.9498725
TRZ05320,Cc1nnc(Cc2ncc(F)cc2Cl)nc1C,Fe2+,Cc1nnc(Cc2ncc(F)cc2Cl)nc1C.[Fe+2],-0.952683
TRZ02102,Cc1nnc(C(=O)NCc2cc(C(F)(F)F)cc(C(F)(F)F)c2)nc1C,Fe2+,Cc1nnc(C(=O)NCc2cc(C(F)(F)F)cc(C(F)(F)F)c2)nc1C.[Fe+2],-0.95314455
TRZ03953,Cc1nnc(-c2c(OCC(F)(F)F)cccc2OCC(F)(F)F)nc1C,Fe2+,Cc1nnc(-c2c(OCC(F)(F)F)cccc2OCC(F)(F)F)nc1C.[Fe+2],-0.95314837
TRZ05339,COc1ccc(-c2nnc(C)c(C)n2)c(NC(=O)Nc2cc(F)cc(F)c2)c1,Fe2+,COc1ccc(-c2nnc(C)c(C)n2)c(NC(=O)Nc2cc(F)cc(F)c2)c1.[Fe+2],-0.9539609
TRZ02091,Cc1nnc(C(=O)NCc2cccc(C(F)(F)F)c2)nc1C,Fe2+,Cc1nnc(C(=O)NCc2cccc(C(F)(F)F)c2)nc1C.[Fe+2],-0.9548106
TRZ03870,Cc1nnc(/C=C\n2cnc(-c3cc(C#N)cc(C(F)(F)F)c3)n2)nc1C,Fe2+,Cc1nnc(/C=C\n2cnc(-c3cc(C#N)cc(C(F)(F)F)c3)n2)nc1C.[Fe+2],-0.9548354
TRZ04930,Cc1nnc(-c2nccc(OCC(F)(F)F)c2Br)nc1C,Fe2+,Cc1nnc(-c2nccc(OCC(F)(F)F)c2Br)nc1C.[Fe+2],-0.9553666
TRZ03965,Cc1nnc(Cc2nc3c(F)cc(-c4ccccc4)cc3s2)nc1C,Fe2+,Cc1nnc(Cc2nc3c(F)cc(-c4ccccc4)cc3s2)nc1C.[Fe+2],-0.9565625
TRZ01209,Cc1nnc(CNc2ccc(Br)cc2)nc1C,Fe2+,Cc1nnc(CNc2ccc(Br)cc2)nc1C.[Fe+2],-0.95704126
TRZ05861,Cc1nnc(-c2cc(CF)c(CF)nc2CF)nc1C,Fe2+,Cc1nnc(-c2cc(CF)c(CF)nc2CF)nc1C.[Fe+2],-0.95847654
TRZ03320,Cc1nnc(COc2ccccc2C(F)(F)F)nc1C,Fe2+,Cc1nnc(COc2ccccc2C(F)(F)F)nc1C.[Fe+2],-0.95856905
TRZ03060,Cc1nnc(CNc2ccc(C(F)(F)F)cc2)nc1C,Fe2+,Cc1nnc(CNc2ccc(C(F)(F)F)cc2)nc1C.[Fe+2],-0.9593673
TRZ02130,Cc1ccc(NCc2nnc(C)c(C)n2)c(C)c1,Fe2+,Cc1ccc(NCc2nnc(C)c(C)n2)c(C)c1.[Fe+2],-0.962811
TRZ04091,Cc1nnc(CC(C(F)F)N2Cc3cccnc3C2)nc1C,Fe2+,Cc1nnc(CC(C(F)F)N2Cc3cccnc3C2)nc1C.[Fe+2],-0.9670148
TRZ00782,Cc1nnc(-c2ccccc2NC(=O)c2ccccc2)nc1C,Fe2+,Cc1nnc(-c2ccccc2NC(=O)c2ccccc2)nc1C.[Fe+2],-0.9674878
TRZ03753,Cc1nnc(C2C(=O)Nc3cccc(-c4cccc(F)c4)c32)nc1C,Fe2+,Cc1nnc(C2C(=O)Nc3cccc(-c4cccc(F)c4)c32)nc1C.[Fe+2],-0.9689603
TRZ01886,Cc1nnc(CSc2ccnc(C#N)c2)nc1C,Fe2+,Cc1nnc(CSc2ccnc(C#N)c2)nc1C.[Fe+2],-0.97072077
TRZ02398,Cc1nnc(-c2cc(C(C)(C)C)on2)nc1C,Fe2+,Cc1nnc(-c2cc(C(C)(C)C)on2)nc1C.[Fe+2],-0.9708419
TRZ00467,Cc1nnc(CSc2ccccc2[N+](=O)[O-])nc1C,Fe2+,Cc1nnc(CSc2ccccc2[N+](=O)[O-])nc1C.[Fe+2],-0.972734
TRZ05393,Cc1nnc(C(Cc2cc(F)cc(F)c2)NC(=O)OC(C)(C)C)nc1C,Fe2+,Cc1nnc(C(Cc2cc(F)cc(F)c2)NC(=O)OC(C)(C)C)nc1C.[Fe+2],-0.9757924
TRZ03910,COc1ccc(Cn2nc(C(F)(F)F)cc2-c2nnc(C)c(C)n2)cc1,Fe2+,COc1ccc(Cn2nc(C(F)(F)F)cc2-c2nnc(C)c(C)n2)cc1.[Fe+2],-0.9773345
TRZ01976,Cc1ccccc1NCc1nnc(C)c(C)n1,Fe2+,Cc1ccccc1NCc1nnc(C)c(C)n1.[Fe+2],-0.9786687
TRZ00427,Cc1ccc(NCc2nnc(C)c(C)n2)cc1,Fe2+,Cc1ccc(NCc2nnc(C)c(C)n2)cc1.[Fe+2],-0.98060465
TRZ05794,C=CC[C@@H](C)Oc1nc(-c2nnc(C)c(C)n2)c([N+](=O)[O-])cc1C(F)(F)F,Fe2+,C=CC[C@@H](C)Oc1nc(-c2nnc(C)c(C)n2)c([N+](=O)[O-])cc1C(F)(F)F.[Fe+2],-0.98313475
TRZ02870,Cc1nnc(COc2ccc(C(F)(F)F)cc2[N+](=O)[O-])nc1C,Fe2+,Cc1nnc(COc2ccc(C(F)(F)F)cc2[N+](=O)[O-])nc1C.[Fe+2],-0.98322725
TRZ02313,Cc1nnc(-c2c(-c3ccccc3)nc3n(C)c4ccccc4n23)nc1C,Fe2+,Cc1nnc(-c2c(-c3ccccc3)nc3n(C)c4ccccc4n23)nc1C.[Fe+2],-0.98369455
TRZ05327,Cc1nnc(-c2ccc(Cl)cc2NC(=O)Nc2cc(F)cc(F)c2)nc1C,Fe2+,Cc1nnc(-c2ccc(Cl)cc2NC(=O)Nc2cc(F)cc(F)c2)nc1C.[Fe+2],-0.98430777
TRZ03811,Cc1nnc(-c2ncccc2C(F)(F)F)nc1C,Fe2+,Cc1nnc(-c2ncccc2C(F)(F)F)nc1C.[Fe+2],-0.9864335
TRZ00575,COc1cc(Nc2cc3c(cc2-c2nnc(C)c(C)n2)OCO3)cc(OC)c1OC,Fe2+,COc1cc(Nc2cc3c(cc2-c2nnc(C)c(C)n2)OCO3)cc(OC)c1OC.[Fe+2],-0.9870877
TRZ01983,Cc1nnc(CSc2ccc3ccccc3c2)nc1C,Fe2+,Cc1nnc(CSc2ccc3ccccc3c2)nc1C.[Fe+2],-0.98805857
TRZ00054,Cc1nnc(C(=O)Nc2ccc(Cl)c(Cl)c2)nc1C,Fe2+,Cc1nnc(C(=O)Nc2ccc(Cl)c(Cl)c2)nc1C.[Fe+2],-0.991282
TRZ05004,Cc1nnc(C(O)c2cccc(F)c2)nc1C,Fe2+,Cc1nnc(C(O)c2cccc(F)c2)nc1C.[Fe+2],-0.9915986
TRZ00868,Cc1nnc(CNC(=O)COc2ccccc2)nc1C,Fe2+,Cc1nnc(CNC(=O)COc2ccccc2)nc1C.[Fe+2],-0.9917817
TRZ02743,Cc1nnc(-c2cc3cccnc3s2)nc1C,Fe2+,Cc1nnc(-c2cc3cccnc3s2)nc1C.[Fe+2],-0.9921031
TRZ05330,Cc1nnc(-c2ccc(Br)cc2NC(=O)Nc2cc(F)cc(F)c2)nc1C,Fe2+,Cc1nnc(-c2ccc(Br)cc2NC(=O)Nc2cc(F)cc(F)c2)nc1C.[Fe+2],-0.99371386
TRZ00590,Cc1nnc(-c2c(C)nc3sccn23)nc1C,Fe2+,Cc1nnc(-c2c(C)nc3sccn23)nc1C.[Fe+2],-0.9941478
TRZ05273,COc1ccc(-c2nnc(C)c(C)n2)c(OC(F)(F)F)c1,Fe2+,COc1ccc(-c2nnc(C)c(C)n2)c(OC(F)(F)F)c1.[Fe+2],-0.9962907
TRZ03438,Cc1nnc(-c2nn(Cc3ccc(F)cc3Cl)c3cc(F)ccc23)nc1C,Fe2+,Cc1nnc(-c2nn(Cc3ccc(F)cc3Cl)c3cc(F)ccc23)nc1C.[Fe+2],-0.99720144
TRZ05694,Cc1cnc(OC(F)F)c(-c2nnc(C)c(C)n2)c1,Fe2+,Cc1cnc(OC(F)F)c(-c2nnc(C)c(C)n2)c1.[Fe+2],-0.9976516
TRZ01074,Cc1nnc(CC(C)Nc2ccc3ccccc3c2)nc1C,Fe2+,Cc1nnc(CC(C)Nc2ccc3ccccc3c2)nc1C.[Fe+2],-1.0012851
TRZ02312,Cc1nnc(CNc2ccc(Cl)cc2Br)nc1C,Fe2+,Cc1nnc(CNc2ccc(Cl)cc2Br)nc1C.[Fe+2],-1.0030065
TRZ01919,CCOC(=O)c1c(C)c(-c2ccccc2)n(CCc2nnc(C)c(C)n2)c1C,Fe2+,CCOC(=O)c1c(C)c(-c2ccccc2)n(CCc2nnc(C)c(C)n2)c1C.[Fe+2],-1.003325
TRZ00037,Cc1ccc(NC(=O)c2nnc(C)c(C)n2)cc1,Fe2+,Cc1ccc(NC(=O)c2nnc(C)c(C)n2)cc1.[Fe+2],-1.0035663
TRZ02789,CCN(CC)Cc1cc(Br)ccc1OCc1nnc(C)c(C)n1,Fe2+,CCN(CC)Cc1cc(Br)ccc1OCc1nnc(C)c(C)n1.[Fe+2],-1.0080705
TRZ03030,Cc1nnc(-c2ccccc2OC(=O)C(F)(F)F)nc1C,Fe2+,Cc1nnc(-c2ccccc2OC(=O)C(F)(F)F)nc1C.[Fe+2],-1.0098691
TRZ05035,Cc1nnc(-c2cn(Cc3ccc(C(F)(F)F)cc3C3CC3)nc2CF)nc1C,Fe2+,Cc1nnc(-c2cn(Cc3ccc(C(F)(F)F)cc3C3CC3)nc2CF)nc1C.[Fe+2],-1.010242
TRZ04997,Cc1nnc(C2(C(=O)Nc3ccccc3F)CC2)nc1C,Fe2+,Cc1nnc(C2(C(=O)Nc3ccccc3F)CC2)nc1C.[Fe+2],-1.0112433
TRZ03794,Cc1nnc(-c2cn(CCCOCc3ccccc3)c3ccc(F)cc23)nc1C,Fe2+,Cc1nnc(-c2cn(CCCOCc3ccccc3)c3ccc(F)cc23)nc1C.[Fe+2],-1.0136514
TRZ04166,Cc1nnc(-c2nc(-c3ccc(OCF)cc3)no2)nc1C,Fe2+,Cc1nnc(-c2nc(-c3ccc(OCF)cc3)no2)nc1C.[Fe+2],-1.0141463
TRZ04444,COc1cccc2c(N3CC=CC4=C3CN(C(Cc3nnc(C)c(C)n3)C(F)F)C4)nc(N)nc12,Fe2+,COc1cccc2c(N3CC=CC4=C3CN(C(Cc3nnc(C)c(C)n3)C(F)F)C4)nc(N)nc12.[Fe+2],-1.0141501
TRZ03113,Cc1nnc(-c2c(Cl)cc(C(F)(F)F)cc2[N+](=O)[O-])nc1C,Fe2+,Cc1nnc(-c2c(Cl)cc(C(F)(F)F)cc2[N+](=O)[O-])nc1C.[Fe+2],-1.0149379
TRZ03165,Cc1nnc(-c2cc3cc(F)ccc3cn2)nc1C,Fe2+,Cc1nnc(-c2cc3cc(F)ccc3cn2)nc1C.[Fe+2],-1.0149808
TRZ01459,Cc1ccc(-n2ncc(-c3nnc(C)c(C)n3)c2C(F)(F)F)cc1,Fe2+,Cc1ccc(-n2ncc(-c3nnc(C)c(C)n3)c2C(F)(F)F)cc1.[Fe+2],-1.016748
TRZ00426,Cc1nnc(CNc2ccccc2F)nc1C,Fe2+,Cc1nnc(CNc2ccccc2F)nc1C.[Fe+2],-1.0180621
TRZ02516,Cc1nnc(-c2cc(SCc3cccc(Cl)c3)ccn2)nc1C,Fe2+,Cc1nnc(-c2cc(SCc3cccc(Cl)c3)ccn2)nc1C.[Fe+2],-1.0183129
TRZ01071,Cc1nnc(C(C)Nc2ccc3ccccc3c2)nc1C,Fe2+,Cc1nnc(C(C)Nc2ccc3ccccc3c2)nc1C.[Fe+2],-1.01895
TRZ00169,CNc1ccccc1-c1nnc(C)c(C)n1,Fe2+,CNc1ccccc1-c1nnc(C)c(C)n1.[Fe+2],-1.020165
TRZ05790,Cc1nnc(-c2c(-c3ccc(F)cc3)[nH]c3cc(F)c(F)cc23)nc1C,Fe2+,Cc1nnc(-c2c(-c3ccc(F)cc3)[nH]c3cc(F)c(F)cc23)nc1C.[Fe+2],-1.0249028
TRZ02326,COc1ccc2c(c1)cc(-c1nnc(C)c(C)n1)n2C,Fe2+,COc1ccc2c(c1)cc(-c1nnc(C)c(C)n1)n2C.[Fe+2],-1.0252366
TRZ05773,Cc1nnc(C(CCCC2OC=CO2)(OCc2ccccc2)C(F)(F)F)nc1C,Fe2+,Cc1nnc(C(CCCC2OC=CO2)(OCc2ccccc2)C(F)(F)F)nc1C.[Fe+2],-1.0257964
TRZ02090,Cc1nnc(C(=O)NCc2cccc(F)c2)nc1C,Fe2+,Cc1nnc(C(=O)NCc2cccc(F)c2)nc1C.[Fe+2],-1.0260453
TRZ01480,Cc1ccc(-c2cc(-c3nnc(C)c(C)n3)no2)cc1,Fe2+,Cc1ccc(-c2cc(-c3nnc(C)c(C)n3)no2)cc1.[Fe+2],-1.0280461
TRZ04205,Cc1nnc(-c2nc(C(=O)N3CCC(F)(F)CC3)cs2)nc1C,Fe2+,Cc1nnc(-c2nc(C(=O)N3CCC(F)(F)CC3)cs2)nc1C.[Fe+2],-1.0288453
TRZ02228,Cc1nnc(-c2nc3cc(C(F)(F)F)ccc3s2)nc1C,Fe2+,Cc1nnc(-c2nc3cc(C(F)(F)F)ccc3s2)nc1C.[Fe+2],-1.0301862
TRZ00363,COc1ccc(N(C)c2nc(C)nc3ccccc23)cc1OC1(c2nnc(C)c(C)n2)CCC1,Fe2+,COc1ccc(N(C)c2nc(C)nc3ccccc23)cc1OC1(c2nnc(C)c(C)n2)CCC1.[Fe+2],-1.0333695
TRZ02581,Cc1ccc(-n2nnc(-c3nnc(C)c(C)n3)c2C)cc1,Fe2+,Cc1ccc(-n2nnc(-c3nnc(C)c(C)n3)c2C)cc1.[Fe+2],-1.0350776
TRZ00168,Cc1nnc(-c2csnn2)nc1C,Fe2+,Cc1nnc(-c2csnn2)nc1C.[Fe+2],-1.0369649
TRZ02446,COc1ccc(Cc2nc3ccccc3n2Cc2nnc(C)c(C)n2)cc1OC,Fe2+,COc1ccc(Cc2nc3ccccc3n2Cc2nnc(C)c(C)n2)cc1OC.[Fe+2],-1.0382705
TRZ02473,Cc1nnc(C2CCCN(S(=O)(=O)c3cccs3)C2)nc1C,Fe2+,Cc1nnc(C2CCCN(S(=O)(=O)c3cccs3)C2)nc1C.[Fe+2],-1.0392442
TRZ00385,Cc1nnc(-c2snnc2-c2ccccc2)nc1C,Fe2+,Cc1nnc(-c2snnc2-c2ccccc2)nc1C.[Fe+2],-1.0395474
TRZ01670,CCOc1ccccc1C1=NOC(c2nnc(C)c(C)n2)C1,Fe2+,CCOc1ccccc1C1=NOC(c2nnc(C)c(C)n2)C1.[Fe+2],-1.0403619
TRZ01073,COc1ccc2cc(NC(C)c3nnc(C)c(C)n3)ccc2c1,Fe2+,COc1ccc2cc(NC(C)c3nnc(C)c(C)n3)ccc2c1.[Fe+2],-1.0403781
TRZ02714,Cc1nnc(-c2ccccc2OS)nc1C,Fe2+,Cc1nnc(-c2ccccc2OS)nc1C.[Fe+2],-1.0428605
TRZ00217,Cc1nnc(COc2ccc3ccccc3c2)nc1C,Fe2+,Cc1nnc(COc2ccc3ccccc3c2)nc1C.[Fe+2],-1.0447145
TRZ05514,Cc1nnc(-c2cc(-c3cncc(F)c3)cc(C(F)F)n2)nc1C,Fe2+,Cc1nnc(-c2cc(-c3cncc(F)c3)cc(C(F)F)n2)nc1C.[Fe+2],-1.0451312
TRZ02824,Cc1nnc(-c2cc3sccc3nc2C(F)(F)F)nc1C,Fe2+,Cc1nnc(-c2cc3sccc3nc2C(F)(F)F)nc1C.[Fe+2],-1.0458465
TRZ04135,Cc1nnc(C(N)c2ccc(F)c(Cl)c2)nc1C,Fe2+,Cc1nnc(C(N)c2ccc(F)c(Cl)c2)nc1C.[Fe+2],-1.0472903
TRZ01600,Cc1nnc(-c2cc(SCc3ccc(C(F)(F)F)cc3)ccn2)nc1C,Fe2+,Cc1nnc(-c2cc(SCc3ccc(C(F)(F)F)cc3)ccn2)nc1C.[Fe+2],-1.0486512
TRZ03044,Cc1nnc(CSc2ccc(F)cc2)nc1C,Fe2+,Cc1nnc(CSc2ccc(F)cc2)nc1C.[Fe+2],-1.0493665
TRZ03983,Cc1nnc(C(F)(F)C(O)c2cccs2)nc1C,Fe2+,Cc1nnc(C(F)(F)C(O)c2cccs2)nc1C.[Fe+2],-1.04989
TRZ05760,CCOC(=O)c1cc(CC(F)(F)F)c2n1CCc1cc(OC)c(-c3nnc(C)c(C)n3)cc1-2,Fe2+,CCOC(=O)c1cc(CC(F)(F)F)c2n1CCc1cc(OC)c(-c3nnc(C)c(C)n3)cc1-2.[Fe+2],-1.0503421
TRZ00265,COc1ccc(OC)c(NC(=O)N[C@H](Cc2ccccc2)c2nnc(C)c(C)n2)c1,Fe2+,COc1ccc(OC)c(NC(=O)N[C@H](Cc2ccccc2)c2nnc(C)c(C)n2)c1.[Fe+2],-1.0504088
TRZ02746,Cc1nnc(C2=Cc3ccccc3NC2)nc1C,Fe2+,Cc1nnc(C2=Cc3ccccc3NC2)nc1C.[Fe+2],-1.0505338
TRZ03662,Cc1nnc(C2(C)CC(c3ccc(OC(F)F)c(OCc4ccccc4)c3)=NO2)nc1C,Fe2+,Cc1nnc(C2(C)CC(c3ccc(OC(F)F)c(OCc4ccccc4)c3)=NO2)nc1C.[Fe+2],-1.0511909
TRZ01281,CC(=O)NC(c1nnc(C)c(C)n1)C(C)CCc1ccccc1,Fe2+,CC(=O)NC(c1nnc(C)c(C)n1)C(C)CCc1ccccc1.[Fe+2],-1.0512805
TRZ00326,Cc1nnc(COc2ccccc2[N+](=O)[O-])nc1C,Fe2+,Cc1nnc(COc2ccccc2[N+](=O)[O-])nc1C.[Fe+2],-1.0513673
TRZ00877,CCOc1ccccc1-c1nnc(C)c(C)n1,Fe2+,CCOc1ccccc1-c1nnc(C)c(C)n1.[Fe+2],-1.0528455
TRZ04942,Cc1nnc(-c2ccccc2NC(=O)c2cccc(F)c2)nc1C,Fe2+,Cc1nnc(-c2ccccc2NC(=O)c2cccc(F)c2)nc1C.[Fe+2],-1.0546517
TRZ01422,Cc1nnc(-c2ccc(-c3ccc(F)cc3)s2)nc1C,Fe2+,Cc1nnc(-c2ccc(-c3ccc(F)cc3)s2)nc1C.[Fe+2],-1.0578351
TRZ01827,Cc1nnc(-c2cnns2)nc1C,Fe2+,Cc1nnc(-c2cnns2)nc1C.[Fe+2],-1.0581365
TRZ05088,Cc1nnc([C@]2(F)CCCN(C(=O)OCc3ccccc3)C2)nc1C,Fe2+,Cc1nnc([C@]2(F)CCCN(C(=O)OCc3ccccc3)C2)nc1C.[Fe+2],-1.0586972
TRZ01338,Cc1cc(OC(C)(C)c2nnc(C)c(C)n2)ccc1Cl,Fe2+,Cc1cc(OC(C)(C)c2nnc(C)c(C)n2)ccc1Cl.[Fe+2],-1.0603395
TRZ03751,Cc1nnc(C2C(=O)Nc3ccc(F)cc32)nc1C,Fe2+,Cc1nnc(C2C(=O)Nc3ccc(F)cc32)nc1C.[Fe+2],-1.0605178
TRZ03693,Cc1nnc(-c2nc3ccnn3c(F)c2Nc2ccc(Br)cc2F)nc1C,Fe2+,Cc1nnc(-c2nc3ccnn3c(F)c2Nc2ccc(Br)cc2F)nc1C.[Fe+2],-1.0612168
TRZ01511,COc1cc(/C=C(/NC(=O)c2ccccc2)c2nnc(C)c(C)n2)cc(OC)c1OC,Fe2+,COc1cc(/C=C(/NC(=O)c2ccccc2)c2nnc(C)c(C)n2)cc(OC)c1OC.[Fe+2],-1.0633674
TRZ04184,Cc1nnc(C(=O)NCc2ccc(F)c(CF)c2)nc1C,Fe2+,Cc1nnc(C(=O)NCc2ccc(F)c(CF)c2)nc1C.[Fe+2],-1.0635495
TRZ02819,Cc1nnc(-c2sc(-c3ccc(C(F)(F)F)cn3)nc2C)nc1C,Fe2+,Cc1nnc(-c2sc(-c3ccc(C(F)(F)F)cn3)nc2C)nc1C.[Fe+2],-1.0641141
TRZ01425,Cc1ccc2c(Cl)c(-c3nnc(C)c(C)n3)sc2c1,Fe2+,Cc1ccc2c(Cl)c(-c3nnc(C)c(C)n3)sc2c1.[Fe+2],-1.0662122
TRZ05157,Cc1nnc(-c2ccc(-c3ccc(OC(F)(F)F)cc3)o2)nc1C,Fe2+,Cc1nnc(-c2ccc(-c3ccc(OC(F)(F)F)cc3)o2)nc1C.[Fe+2],-1.067163
TRZ02407,Cc1cc(NC(=O)c2nnc(C)c(C)n2)no1,Fe2+,Cc1cc(NC(=O)c2nnc(C)c(C)n2)no1.[Fe+2],-1.0725741
TRZ03153,Cc1nnc(-c2cnc(N3CC(Oc4ccccc4C(F)(F)F)C3)s2)nc1C,Fe2+,Cc1nnc(-c2cnc(N3CC(Oc4ccccc4C(F)(F)F)C3)s2)nc1C.[Fe+2],-1.0734553
TRZ03594,Cc1nnc(-c2ccc3ccccc3c2OCC(F)(F)F)nc1C,Fe2+,Cc1nnc(-c2ccc3ccccc3c2OCC(F)(F)F)nc1C.[Fe+2],-1.0752559
TRZ01892,COc1cc(NC(=O)C23CC4CC(CC(C4)C2)C3)c(-c2nnc(C)c(C)n2)cc1OC,Fe2+,COc1cc(NC(=O)C23CC4CC(CC(C4)C2)C3)c(-c2nnc(C)c(C)n2)cc1OC.[Fe+2],-1.0773454
TRZ00975,Cc1nnc(-c2sc(NC(=O)NC3CCCCC3)nc2C)nc1C,Fe2+,Cc1nnc(-c2sc(NC(=O)NC3CCCCC3)nc2C)nc1C.[Fe+2],-1.0783668
TRZ05291,Cc1nnc(C2(F)CCCN(C(O)OCc3ccccc3)C2)nc1C,Fe2+,Cc1nnc(C2(F)CCCN(C(O)OCc3ccccc3)C2)nc1C.[Fe+2],-1.0804839
TRZ00814,Cc1nnc(-c2cc(Br)c(Br)s2)nc1C,Fe2+,Cc1nnc(-c2cc(Br)c(Br)s2)nc1C.[Fe+2],-1.0810485
TRZ01385,CN/C(=C\c1ccc2ccccc2c1)c1nnc(C)c(C)n1,Fe2+,CN/C(=C\c1ccc2ccccc2c1)c1nnc(C)c(C)n1.[Fe+2],-1.0823636
TRZ02005,Cc1nnc(C(=O)Nc2ccc(Cl)cc2Cl)nc1C,Fe2+,Cc1nnc(C(=O)Nc2ccc(Cl)cc2Cl)nc1C.[Fe+2],-1.0837855
TRZ05349,Cc1nnc(-c2csc(Oc3ccc(N)c(F)c3)n2)nc1C,Fe2+,Cc1nnc(-c2csc(Oc3ccc(N)c(F)c3)n2)nc1C.[Fe+2],-1.0853066
TRZ05083,COc1ccc(OC(F)(F)F)cc1CNC(=O)c1nnc(C)c(C)n1,Fe2+,COc1ccc(OC(F)(F)F)cc1CNC(=O)c1nnc(C)c(C)n1.[Fe+2],-1.0855098
TRZ01832,Cc1nnc(CCSSc2ccccn2)nc1C,Fe2+,Cc1nnc(CCSSc2ccccn2)nc1C.[Fe+2],-1.0862784
TRZ03279,Cc1nnc(-c2cc(F)c(F)cc2NS(=O)(=O)c2ccc(C(C)(C)C)cc2)nc1C,Fe2+,Cc1nnc(-c2cc(F)c(F)cc2NS(=O)(=O)c2ccc(C(C)(C)C)cc2)nc1C.[Fe+2],-1.0874066
TRZ00161,Cc1cc(C)n(Cc2nnc(C)c(C)n2)n1,Fe2+,Cc1cc(C)n(Cc2nnc(C)c(C)n2)n1.[Fe+2],-1.0876136
TRZ02593,CCOc1ccc(-n2nnc(-c3nnc(C)c(C)n3)c2C)cc1,Fe2+,CCOc1ccc(-n2nnc(-c3nnc(C)c(C)n3)c2C)cc1.[Fe+2],-1.0888295
TRZ03542,Cc1nnc(-c2csc(N3CCC(F)(F)CC3)n2)nc1C,Fe2+,Cc1nnc(-c2csc(N3CCC(F)(F)CC3)n2)nc1C.[Fe+2],-1.0908036
TRZ01225,Cc1nnc(C(C)Oc2ccc3ccccc3c2)nc1C,Fe2+,Cc1nnc(C(C)Oc2ccc3ccccc3c2)nc1C.[Fe+2],-1.0940728
TRZ02396,Cc1nc(-c2noc(-c3nnc(C)c(C)n3)n2)cs1,Fe2+,Cc1nc(-c2noc(-c3nnc(C)c(C)n3)n2)cs1.[Fe+2],-1.0958705
TRZ02535,CC1=C(c2nnc(C)c(C)n2)C(c2ccccc2)NC(=O)N1,Fe2+,CC1=C(c2nnc(C)c(C)n2)C(c2ccccc2)NC(=O)N1.[Fe+2],-1.0991654
TRZ03128,Cc1nnc(-c2cccnc2NCc2ccc(F)c(F)c2)nc1C,Fe2+,Cc1nnc(-c2cccnc2NCc2ccc(F)c(F)c2)nc1C.[Fe+2],-1.09936
TRZ00221,Cc1nnc(-c2n[nH]c3c2CCCC3)nc1C,Fe2+,Cc1nnc(-c2n[nH]c3c2CCCC3)nc1C.[Fe+2],-1.1008334
TRZ01651,Cc1nnc(CSc2nnc3sc4ccccc4n23)nc1C,Fe2+,Cc1nnc(CSc2nnc3sc4ccccc4n23)nc1C.[Fe+2],-1.1023288
TRZ02642,Cc1nnc(CCn2ccc3ccccc32)nc1C,Fe2+,Cc1nnc(CCn2ccc3ccccc32)nc1C.[Fe+2],-1.1030545
TRZ04611,COCC=Cc1c(-c2nnc(C)c(C)n2)ncc(C(F)(F)F)c1I,Fe2+,COCC=Cc1c(-c2nnc(C)c(C)n2)ncc(C(F)(F)F)c1I.[Fe+2],-1.104486
TRZ01706,Cc1nnc(-c2no[n+]([O-])c2C)nc1C,Fe2+,Cc1nnc(-c2no[n+]([O-])c2C)nc1C.[Fe+2],-1.1079097
TRZ05399,Cc1nnc(-c2cnn(C3CC3)c2C(F)(F)F)nc1C,Fe2+,Cc1nnc(-c2cnn(C3CC3)c2C(F)(F)F)nc1C.[Fe+2],-1.1087661
TRZ05433,Cc1nnc(-c2cn(C)nc2CF)nc1C,Fe2+,Cc1nnc(-c2cn(C)nc2CF)nc1C.[Fe+2],-1.1100202
TRZ00398,Cc1nnc(-c2sc(-c3ccccc3)cc2N)nc1C,Fe2+,Cc1nnc(-c2sc(-c3ccccc3)cc2N)nc1C.[Fe+2],-1.1106696
TRZ05276,Cc1nnc(-c2ccc(Br)cc2OC(F)(F)F)nc1C,Fe2+,Cc1nnc(-c2ccc(Br)cc2OC(F)(F)F)nc1C.[Fe+2],-1.1129174
TRZ02353,CCCCOc1ccc(OCc2nnc(C)c(C)n2)cc1,Fe2+,CCCCOc1ccc(OCc2nnc(C)c(C)n2)cc1.[Fe+2],-1.1139312
TRZ03199,Cc1nnc(C(C)(C)Oc2cccc(F)c2)nc1C,Fe2+,Cc1nnc(C(C)(C)Oc2cccc(F)c2)nc1C.[Fe+2],-1.1146646
TRZ00211,Cc1nnc(-c2nonc2N)nc1C,Fe2+,Cc1nnc(-c2nonc2N)nc1C.[Fe+2],-1.1156859
TRZ04636,Cc1nnc(Cc2nc(C(F)(F)F)c(Cc3ccc(Cl)c(Cl)c3)c(=O)[nH]2)nc1C,Fe2+,Cc1nnc(Cc2nc(C(F)(F)F)c(Cc3ccc(Cl)c(Cl)c3)c(=O)[nH]2)nc1C.[Fe+2],-1.1157117
TRZ05700,Cc1nnc(-c2cc(F)cnc2OC(F)F)nc1C,Fe2+,Cc1nnc(-c2cc(F)cnc2OC(F)F)nc1C.[Fe+2],-1.1170421
TRZ00778,Cc1nnc(C(C)Oc2ccc(Cl)cc2)nc1C,Fe2+,Cc1nnc(C(C)Oc2ccc(Cl)cc2)nc1C.[Fe+2],-1.1176181
TRZ03960,Cc1nnc(/C=C\n2cnc(-c3cc(C(F)(F)F)cc(C(F)(F)F)c3)n2)nc1C,Fe2+,Cc1nnc(/C=C\n2cnc(-c3cc(C(F)(F)F)cc(C(F)(F)F)c3)n2)nc1C.[Fe+2],-1.1180692
TRZ03973,Cc1nnc(-c2cc(-c3ccc(OC(F)(F)F)cc3)on2)nc1C,Fe2+,Cc1nnc(-c2cc(-c3ccc(OC(F)(F)F)cc3)on2)nc1C.[Fe+2],-1.1185384
TRZ00454,Cc1nnc(-c2ccc(Cl)s2)nc1C,Fe2+,Cc1nnc(-c2ccc(Cl)s2)nc1C.[Fe+2],-1.119884
TRZ03738,Cc1nnc(CSc2nnc(-c3ccc(F)cc3)n2C2CCCCC2)nc1C,Fe2+,Cc1nnc(CSc2nnc(-c3ccc(F)cc3)n2C2CCCCC2)nc1C.[Fe+2],-1.1199803
TRZ00436,Cc1nnc(-c2ccccc2OC(F)(F)F)nc1C,Fe2+,Cc1nnc(-c2ccccc2OC(F)(F)F)nc1C.[Fe+2],-1.1211877
TRZ05277,Cc1nnc(-c2ccc(Cl)cc2OC(F)F)nc1C,Fe2+,Cc1nnc(-c2ccc(Cl)cc2OC(F)F)nc1C.[Fe+2],-1.1213822
TRZ02818,Cc1nnc(-c2nc(-c3c(F)cccc3Cl)no2)nc1C,Fe2+,Cc1nnc(-c2nc(-c3c(F)cccc3Cl)no2)nc1C.[Fe+2],-1.1227689
TRZ01864,Cc1nnc(COc2ccccc2C(C)(C)C)nc1C,Fe2+,Cc1nnc(COc2ccccc2C(C)(C)C)nc1C.[Fe+2],-1.1257548
TRZ01016,CCOc1ccc(-c2cc(-c3ccccc3)nc(-c3nnc(C)c(C)n3)n2)cc1,Fe2+,CCOc1ccc(-c2cc(-c3ccccc3)nc(-c3nnc(C)c(C)n3)n2)cc1.[Fe+2],-1.1278434
TRZ03009,Cc1nnc(-c2nccc(C(F)(F)F)n2)nc1C,Fe2+,Cc1nnc(-c2nccc(C(F)(F)F)n2)nc1C.[Fe+2],-1.1294341
TRZ02679,Cc1nnc(-c2cccc(O)c2-c2nnc(C)c(C)n2)nc1C,Fe2+,Cc1nnc(-c2cccc(O)c2-c2nnc(C)c(C)n2)nc1C.[Fe+2],-1.129744
TRZ02368,Cc1nnc(Cn2cc(Cl)c(=O)c(Cl)c2)nc1C,Fe2+,Cc1nnc(Cn2cc(Cl)c(=O)c(Cl)c2)nc1C.[Fe+2],-1.1301446
TRZ04850,Cc1nnc(-c2cc(F)c(N3CCCC3)c(Cl)c2NC2CC2)nc1C,Fe2+,Cc1nnc(-c2cc(F)c(N3CCCC3)c(Cl)c2NC2CC2)nc1C.[Fe+2],-1.1303477
TRZ00083,Cc1nnc(-c2cccs2)nc1C,Fe2+,Cc1nnc(-c2cccs2)nc1C.[Fe+2],-1.1315408
TRZ02860,Cc1nnc(C2CC(O)Cc3cc(F)ccc3N2)nc1C,Fe2+,Cc1nnc(C2CC(O)Cc3cc(F)ccc3N2)nc1C.[Fe+2],-1.133223
TRZ05392,Cc1nnc([C@H](CC(C)C)NC(=O)/C=C/c2ccc(Cl)cc2F)nc1C,Fe2+,Cc1nnc([C@H](CC(C)C)NC(=O)/C=C/c2ccc(Cl)cc2F)nc1C.[Fe+2],-1.1338229
TRZ03558,Cc1nnc(COc2ncccc2C(F)(F)F)nc1C,Fe2+,Cc1nnc(COc2ncccc2C(F)(F)F)nc1C.[Fe+2],-1.1339345
TRZ05561,Cc1nnc(-c2cccc3c2OC(F)(F)O3)nc1C,Fe2+,Cc1nnc(-c2cccc3c2OC(F)(F)O3)nc1C.[Fe+2],-1.1344934
TRZ01559,Cc1nnc(Cc2cc(=O)n(-c3ccc(F)cc3)[nH]2)nc1C,Fe2+,Cc1nnc(Cc2cc(=O)n(-c3ccc(F)cc3)[nH]2)nc1C.[Fe+2],-1.1387715
TRZ01291,CCN(CC)c1cc(C)nc(SCc2nnc(C)c(C)n2)n1,Fe2+,CCN(CC)c1cc(C)nc(SCc2nnc(C)c(C)n2)n1.[Fe+2],-1.14082
TRZ03342,Cc1nnc([C@H]2CCCN(C(=O)c3ccc(F)cc3)C2)nc1C,Fe2+,Cc1nnc([C@H]2CCCN(C(=O)c3ccc(F)cc3)C2)nc1C.[Fe+2],-1.1419635
TRZ05403,COc1c(Cl)ccc(-c2cc(N)c(Cl)c(-c3nnc(C)c(C)n3)n2)c1F,Fe2+,COc1c(Cl)ccc(-c2cc(N)c(Cl)c(-c3nnc(C)c(C)n3)n2)c1F.[Fe+2],-1.1456227
TRZ01536,Cc1nnc(COc2ccc(SC(F)(F)F)cc2)nc1C,Fe2+,Cc1nnc(COc2ccc(SC(F)(F)F)cc2)nc1C.[Fe+2],-1.145989
TRZ02821,Cc1nc(C(F)(F)F)ccc1-c1nnc(C)c(C)n1,Fe2+,Cc1nc(C(F)(F)F)ccc1-c1nnc(C)c(C)n1.[Fe+2],-1.1476798
TRZ02378,Cc1nnc(-c2ccc(C(C)(C)C)s2)nc1C,Fe2+,Cc1nnc(-c2ccc(C(C)(C)C)s2)nc1C.[Fe+2],-1.1493459
TRZ02585,Cc1nnc(-c2nn(-c3ccccc3)c(-c3ccco3)c2C#N)nc1C,Fe2+,Cc1nnc(-c2nn(-c3ccccc3)c(-c3ccco3)c2C#N)nc1C.[Fe+2],-1.1517386
TRZ02129,Cc1nnc(CNC(=O)CNC(=O)c2ccccc2)nc1C,Fe2+,Cc1nnc(CNC(=O)CNC(=O)c2ccccc2)nc1C.[Fe+2],-1.1523738
TRZ04868,Cc1nnc(-c2nccnc2F)nc1C,Fe2+,Cc1nnc(-c2nccnc2F)nc1C.[Fe+2],-1.1538358
TRZ01964,Cc1nnc(-c2cccc(N)c2-c2nnc(C)c(C)n2)nc1C,Fe2+,Cc1nnc(-c2cccc(N)c2-c2nnc(C)c(C)n2)nc1C.[Fe+2],-1.1548114
TRZ00020,Cc1nnc(-c2sc3ccccc3c2Cl)nc1C,Fe2+,Cc1nnc(-c2sc3ccccc3c2Cl)nc1C.[Fe+2],-1.1563277
TRZ04080,Cc1nnc(Cc2nc3c(F)cc(Br)cc3s2)nc1C,Fe2+,Cc1nnc(Cc2nc3c(F)cc(Br)cc3s2)nc1C.[Fe+2],-1.1567044
TRZ04289,Cc1nnc(-c2nc(C(F)(F)F)sc2N2CCOCC2=O)nc1C,Fe2+,Cc1nnc(-c2nc(C(F)(F)F)sc2N2CCOCC2=O)nc1C.[Fe+2],-1.1573424
TRZ02413,Cc1nnc(-c2sccc2NC(=O)c2ccccc2Cl)nc1C,Fe2+,Cc1nnc(-c2sccc2NC(=O)c2ccccc2Cl)nc1C.[Fe+2],-1.1574368
TRZ01894,Cc1nnc(-c2csc(C(C)N)n2)nc1C,Fe2+,Cc1nnc(-c2csc(C(C)N)n2)nc1C.[Fe+2],-1.1586156
TRZ03011,Cc1nnc(-c2c(NC=O)cccc2C(F)(F)F)nc1C,Fe2+,Cc1nnc(-c2c(NC=O)cccc2C(F)(F)F)nc1C.[Fe+2],-1.1586986
TRZ05835,COCC[C@H](C)c1cc(C(F)(F)F)cnc1-c1nnc(C)c(C)n1,Fe2+,COCC[C@H](C)c1cc(C(F)(F)F)cnc1-c1nnc(C)c(C)n1.[Fe+2],-1.1602225
TRZ00324,Cc1nnc(CNc2cccc(Br)c2)nc1C,Fe2+,Cc1nnc(CNc2cccc(Br)c2)nc1C.[Fe+2],-1.1639342
TRZ01548,Cc1nnc(COc2ncn(-c3ccccc3)n2)nc1C,Fe2+,Cc1nnc(COc2ncn(-c3ccccc3)n2)nc1C.[Fe+2],-1.1639886
TRZ02327,CCn1c(SCc2nnc(C)c(C)n2)nc2ccccc21,Fe2+,CCn1c(SCc2nnc(C)c(C)n2)nc2ccccc21.[Fe+2],-1.164432
TRZ03098,Cc1nnc(C(=O)Nc2ccc(Br)cc2C(F)(F)F)nc1C,Fe2+,Cc1nnc(C(=O)Nc2ccc(Br)cc2C(F)(F)F)nc1C.[Fe+2],-1.1651473
TRZ03862,Cc1nnc(C=Cn2cnc(-c3cc(OC(C)C)cc(C(F)(F)F)c3)n2)nc1C,Fe2+,Cc1nnc(C=Cn2cnc(-c3cc(OC(C)C)cc(C(F)(F)F)c3)n2)nc1C.[Fe+2],-1.1651578
TRZ02346,CCOc1cc(C(=O)NCc2nnc(C)c(C)n2)cc(OCC)c1OCC,Fe2+,CCOc1cc(C(=O)NCc2nnc(C)c(C)n2)cc(OCC)c1OCC.[Fe+2],-1.1664615
TRZ03581,Cc1nnc(-c2cc(C)c3cc(C4CC4)cc(C(F)(F)F)c3n2)nc1C,Fe2+,Cc1nnc(-c2cc(C)c3cc(C4CC4)cc(C(F)(F)F)c3n2)nc1C.[Fe+2],-1.1665168
TRZ01533,CCOC(=O)c1cc(-c2nc(-c3nnc(C)c(C)n3)cs2)c(C)nc1C(F)(F)F,Fe2+,CCOC(=O)c1cc(-c2nc(-c3nnc(C)c(C)n3)cs2)c(C)nc1C(F)(F)F.[Fe+2],-1.1671548
TRZ02491,Cc1nnc(CO/N=C\c2ccc(Cl)cc2Cl)nc1C,Fe2+,Cc1nnc(CO/N=C\c2ccc(Cl)cc2Cl)nc1C.[Fe+2],-1.1679397
TRZ02077,Cc1nnc(-c2nsnc2N)nc1C,Fe2+,Cc1nnc(-c2nsnc2N)nc1C.[Fe+2],-1.1684823
TRZ02475,Cc1ccccc1-n1nnnc1SCc1nnc(C)c(C)n1,Fe2+,Cc1ccccc1-n1nnnc1SCc1nnc(C)c(C)n1.[Fe+2],-1.1721206
TRZ00437,Cc1nnc(COc2ccc(OC(F)(F)F)cc2)nc1C,Fe2+,Cc1nnc(COc2ccc(OC(F)(F)F)cc2)nc1C.[Fe+2],-1.1721358
TRZ02399,Cc1nnc(-c2noc(C)c2-c2csc(-c3ccccc3)n2)nc1C,Fe2+,Cc1nnc(-c2noc(C)c2-c2csc(-c3ccccc3)n2)nc1C.[Fe+2],-1.1730466
TRZ00262,Cc1nnc(-c2csc(-c3cccc(C(F)(F)F)c3)n2)nc1C,Fe2+,Cc1nnc(-c2csc(-c3cccc(C(F)(F)F)c3)n2)nc1C.[Fe+2],-1.1733747
TRZ02603,Cc1nnc(-c2csc(C34CC5CC(CC(C5)C3)C4)n2)nc1C,Fe2+,Cc1nnc(-c2csc(C34CC5CC(CC(C5)C3)C4)n2)nc1C.[Fe+2],-1.1733832
TRZ05394,C=CCC[C@@H](C)Oc1nc(-c2nnc(C)c(C)n2)c([N+](=O)[O-])cc1C(F)(F)F,Fe2+,C=CCC[C@@H](C)Oc1nc(-c2nnc(C)c(C)n2)c([N+](=O)[O-])cc1C(F)(F)F.[Fe+2],-1.1737189
TRZ02139,COc1ccccc1-n1ncc(-c2nnc(C)c(C)n2)c1C(F)(F)F,Fe2+,COc1ccccc1-n1ncc(-c2nnc(C)c(C)n2)c1C(F)(F)F.[Fe+2],-1.1744704
TRZ05091,Cc1nnc(C2(F)CCCN(C(=O)OCc3ccccc3)C2)nc1C,Fe2+,Cc1nnc(C2(F)CCCN(C(=O)OCc3ccccc3)C2)nc1C.[Fe+2],-1.1744905
TRZ02612,Cc1nnc(CSc2ccccn2)nc1C,Fe2+,Cc1nnc(CSc2ccccn2)nc1C.[Fe+2],-1.17767
TRZ05640,Cc1nnc([C@]23CN(c4ccc(C#N)c5ncccc45)C[C@@]2(C(F)(F)F)C3)nc1C,Fe2+,Cc1nnc([C@]23CN(c4ccc(C#N)c5ncccc45)C[C@@]2(C(F)(F)F)C3)nc1C.[Fe+2],-1.1826186
TRZ03967,Cc1nnc(-c2cccn2C(F)F)nc1C,Fe2+,Cc1nnc(-c2cccn2C(F)F)nc1C.[Fe+2],-1.1846166
TRZ03459,Cc1nnc(-c2nn(Cc3ccc(F)cc3F)c3cc(CF)ccc23)nc1C,Fe2+,Cc1nnc(-c2nn(Cc3ccc(F)cc3F)c3cc(CF)ccc23)nc1C.[Fe+2],-1.1846251
TRZ02032,Cc1nnc(CCn2c(C)nc3ccccc32)nc1C,Fe2+,Cc1nnc(CCn2c(C)nc3ccccc32)nc1C.[Fe+2],-1.1846538
TRZ00944,Cc1nnc(C(C)Oc2ccc(F)cc2)nc1C,Fe2+,Cc1nnc(C(C)Oc2ccc(F)cc2)nc1C.[Fe+2],-1.185492
TRZ03329,Cc1nnc(CCN(C)c2ccc(F)cc2)nc1C,Fe2+,Cc1nnc(CCN(C)c2ccc(F)cc2)nc1C.[Fe+2],-1.1857886
TRZ02433,COc1ccc(OC)c(CN2CCCC(c3nnc(C)c(C)n3)C2)c1,Fe2+,COc1ccc(OC)c(CN2CCCC(c3nnc(C)c(C)n3)C2)c1.[Fe+2],-1.1881032
TRZ02429,Cc1nnc(C(Oc2ccccc2)Oc2ccccc2)nc1C,Fe2+,Cc1nnc(C(Oc2ccccc2)Oc2ccccc2)nc1C.[Fe+2],-1.1898875
TRZ05562,Cc1nnc(-c2cc3c(F)cncc3s2)nc1C,Fe2+,Cc1nnc(-c2cc3c(F)cncc3s2)nc1C.[Fe+2],-1.1906953
TRZ01944,Cc1nnc(-c2sccc2N)nc1C,Fe2+,Cc1nnc(-c2sccc2N)nc1C.[Fe+2],-1.1908269
TRZ01159,Cc1nnc(CC(=O)NCc2ccco2)nc1C,Fe2+,Cc1nnc(CC(=O)NCc2ccco2)nc1C.[Fe+2],-1.1909537
TRZ02409,Cc1nnc(-c2sccc2N(C)C)nc1C,Fe2+,Cc1nnc(-c2sccc2N(C)C)nc1C.[Fe+2],-1.1911435
TRZ05881,Cc1nnc(-c2c(Cl)ncc(C(F)(F)F)c2C(=O)c2ccccc2F)nc1C,Fe2+,Cc1nnc(-c2c(Cl)ncc(C(F)(F)F)c2C(=O)c2ccccc2F)nc1C.[Fe+2],-1.1946788
TRZ04284,Cc1nnc(-c2ncc(C(F)(F)F)cc2CCO)nc1C,Fe2+,Cc1nnc(-c2ncc(C(F)(F)F)cc2CCO)nc1C.[Fe+2],-1.1952319
TRZ02783,Cc1nnc(-c2ncn(C)n2)nc1C,Fe2+,Cc1nnc(-c2ncn(C)n2)nc1C.[Fe+2],-1.1989036
TRZ00423,Cc1nnc(Cc2cccs2)nc1C,Fe2+,Cc1nnc(Cc2cccs2)nc1C.[Fe+2],-1.2004762
TRZ05920,Cc1nnc(-c2cc(C(=O)c3c(Cl)ccc(F)c3Cl)cnc2N)nc1C,Fe2+,Cc1nnc(-c2cc(C(=O)c3c(Cl)ccc(F)c3Cl)cnc2N)nc1C.[Fe+2],-1.2013955
TRZ00142,Cc1nnc(CCn2nnc3ccccc32)nc1C,Fe2+,Cc1nnc(CCn2nnc3ccccc32)nc1C.[Fe+2],-1.206512
TRZ01454,Cc1ccccc1-n1ncc(-c2nnc(C)c(C)n2)c1C(F)(F)F,Fe2+,Cc1ccccc1-n1ncc(-c2nnc(C)c(C)n2)c1C(F)(F)F.[Fe+2],-1.2065701
TRZ02718,Cc1ccc2oc(-c3nnc(C)c(C)n3)cc2c1,Fe2+,Cc1ccc2oc(-c3nnc(C)c(C)n3)cc2c1.[Fe+2],-1.2080216
TRZ05588,Cc1cc(-c2nnc(C)c(C)n2)nc(N2CCCC(F)C2)n1,Fe2+,Cc1cc(-c2nnc(C)c(C)n2)nc(N2CCCC(F)C2)n1.[Fe+2],-1.2094693
TRZ03362,Cc1nnc(C(=O)Nc2cccc(C(F)(F)F)c2C)nc1C,Fe2+,Cc1nnc(C(=O)Nc2cccc(C(F)(F)F)c2C)nc1C.[Fe+2],-1.209477
TRZ05545,Cc1cc(C(=O)c2ccc(F)cc2)c(-c2nnc(C)c(C)n2)nc1C,Fe2+,Cc1cc(C(=O)c2ccc(F)cc2)c(-c2nnc(C)c(C)n2)nc1C.[Fe+2],-1.2095695
TRZ00676,Cc1nnc(-c2sc(-c3cnccc3C(F)(F)F)nc2C)nc1C,Fe2+,Cc1nnc(-c2sc(-c3cnccc3C(F)(F)F)nc2C)nc1C.[Fe+2],-1.2113175
TRZ01218,Cc1nnc(-c2ccc(COc3cc(Cl)ccc3Cl)o2)nc1C,Fe2+,Cc1nnc(-c2ccc(COc3cc(Cl)ccc3Cl)o2)nc1C.[Fe+2],-1.2128072
TRZ03100,Cc1nnc(-c2ncccc2F)nc1C,Fe2+,Cc1nnc(-c2ncccc2F)nc1C.[Fe+2],-1.212976
TRZ01998,Cc1nnc(-c2nc(-c3ccccc3)no2)nc1C,Fe2+,Cc1nnc(-c2nc(-c3ccccc3)no2)nc1C.[Fe+2],-1.2167554
TRZ00499,Cc1nnc(-c2cc3sccc3s2)nc1C,Fe2+,Cc1nnc(-c2cc3sccc3s2)nc1C.[Fe+2],-1.2186847
TRZ05878,CCCOc1nccc(C(=O)c2c(F)cccc2F)c1-c1nnc(C)c(C)n1,Fe2+,CCCOc1nccc(C(=O)c2c(F)cccc2F)c1-c1nnc(C)c(C)n1.[Fe+2],-1.2193971
TRZ01942,COc1ccc(-c2nnc(SCc3nnc(C)c(C)n3)n2-c2ccccc2)cc1OC,Fe2+,COc1ccc(-c2nnc(SCc3nnc(C)c(C)n3)n2-c2ccccc2)cc1OC.[Fe+2],-1.2206521
TRZ04121,Cc1nnc(-c2cc3c(N4CCCN(c5c(F)c(F)nc(F)c5F)CC4)ccnc3s2)nc1C,Fe2+,Cc1nnc(-c2cc3c(N4CCCN(c5c(F)c(F)nc(F)c5F)CC4)ccnc3s2)nc1C.[Fe+2],-1.2220397
TRZ02239,Cc1nnc(C(CO)NC(=O)Cn2c(C(F)(F)F)nc3ccccc32)nc1C,Fe2+,Cc1nnc(C(CO)NC(=O)Cn2c(C(F)(F)F)nc3ccccc32)nc1C.[Fe+2],-1.224278
TRZ03546,Cc1nnc(-c2nc(-c3ccc(F)cc3F)no2)nc1C,Fe2+,Cc1nnc(-c2nc(-c3ccc(F)cc3F)no2)nc1C.[Fe+2],-1.2248769
TRZ03580,Cc1nnc(C(C)(C)Sc2ccc(F)cc2)nc1C,Fe2+,Cc1nnc(C(C)(C)Sc2ccc(F)cc2)nc1C.[Fe+2],-1.2254834
TRZ02370,Cc1nnc(-c2nn(-c3ccc(C(C)(C)C)cc3)c(=O)c(C#N)c2C)nc1C,Fe2+,Cc1nnc(-c2nn(-c3ccc(C(C)(C)C)cc3)c(=O)c(C#N)c2C)nc1C.[Fe+2],-1.2261806
TRZ02748,Cc1nnc(CSc2cccc([N+](=O)[O-])c2)nc1C,Fe2+,Cc1nnc(CSc2cccc([N+](=O)[O-])c2)nc1C.[Fe+2],-1.2281756
TRZ03971,Cc1nnc(-c2ncc(-c3ccc(OC(F)(F)F)cc3)o2)nc1C,Fe2+,Cc1nnc(-c2ncc(-c3ccc(OC(F)(F)F)cc3)o2)nc1C.[Fe+2],-1.2287917
TRZ02572,Cc1nnc(Cc2c([N+](=O)[O-])ncn2C)nc1C,Fe2+,Cc1nnc(Cc2c([N+](=O)[O-])ncn2C)nc1C.[Fe+2],-1.2344642
TRZ02082,Cc1nnc(-c2cccc(F)n2)nc1C,Fe2+,Cc1nnc(-c2cccc(F)n2)nc1C.[Fe+2],-1.2358203
TRZ00411,Cc1nnc(COc2cccc(C(F)(F)F)c2)nc1C,Fe2+,Cc1nnc(COc2cccc(C(F)(F)F)c2)nc1C.[Fe+2],-1.2358737
TRZ01366,Cc1cccc(OC(C)(C)c2nnc(C)c(C)n2)c1,Fe2+,Cc1cccc(OC(C)(C)c2nnc(C)c(C)n2)c1.[Fe+2],-1.2369561
TRZ03966,Cc1nnc(-c2cccn2CF)nc1C,Fe2+,Cc1nnc(-c2cccn2CF)nc1C.[Fe+2],-1.2371736
TRZ01224,Cc1nnc(-c2cc(C)n(C)n2)nc1C,Fe2+,Cc1nnc(-c2cc(C)n(C)n2)nc1C.[Fe+2],-1.2403026
TRZ01575,Cc1nnc(C2Cc3cc(C(=O)c4cccs4)c(Cl)c(Cl)c3O2)nc1C,Fe2+,Cc1nnc(C2Cc3cc(C(=O)c4cccs4)c(Cl)c(Cl)c3O2)nc1C.[Fe+2],-1.241653
TRZ04864,Cc1nnc(C(Br)Nc2ccc(F)cc2)nc1C,Fe2+,Cc1nnc(C(Br)Nc2ccc(F)cc2)nc1C.[Fe+2],-1.2420201
TRZ04294,CC[C@H]1C[C@@H]1c1cc(C(F)(F)F)cnc1-c1nnc(C)c(C)n1,Fe2+,CC[C@H]1C[C@@H]1c1cc(C(F)(F)F)cnc1-c1nnc(C)c(C)n1.[Fe+2],-1.2462115
TRZ01539,Cc1nnc(-c2ccccc2NC(=O)c2c(F)cccc2F)nc1C,Fe2+,Cc1nnc(-c2ccccc2NC(=O)c2c(F)cccc2F)nc1C.[Fe+2],-1.2486205
TRZ03892,Cc1nnc(-c2cc(F)c(NC3CCCCC3)cc2NC(C)C)nc1C,Fe2+,Cc1nnc(-c2cc(F)c(NC3CCCCC3)cc2NC(C)C)nc1C.[Fe+2],-1.2488322
TRZ05872,Cc1nnc(-c2nc(C(F)(F)F)cnc2N)nc1C,Fe2+,Cc1nnc(-c2nc(C(F)(F)F)cnc2N)nc1C.[Fe+2],-1.2511477
TRZ00849,Cc1nnc(-c2cc(-c3ccccc3)on2)nc1C,Fe2+,Cc1nnc(-c2cc(-c3ccccc3)on2)nc1C.[Fe+2],-1.2514262
TRZ05318,Cc1nnc(Cc2ncncc2F)nc1C,Fe2+,Cc1nnc(Cc2ncncc2F)nc1C.[Fe+2],-1.2522016
TRZ03565,Cc1nnc(CCNC(=O)Nc2ccc(C(F)(F)F)cc2)nc1C,Fe2+,Cc1nnc(CCNC(=O)Nc2ccc(C(F)(F)F)cc2)nc1C.[Fe+2],-1.2523589
TRZ05305,Cc1nnc(-c2cnc(NC3(c4c(F)cccc4F)CC3)s2)nc1C,Fe2+,Cc1nnc(-c2cnc(NC3(c4c(F)cccc4F)CC3)s2)nc1C.[Fe+2],-1.2527556
TRZ01903,Cc1nnc(-c2cc(C3CCCCC3)c3ccccc3n2)nc1C,Fe2+,Cc1nnc(-c2cc(C3CCCCC3)c3ccccc3n2)nc1C.[Fe+2],-1.2528338
TRZ01592,CCCC1CCc2[nH]nc(-c3nnc(C)c(C)n3)c2C1,Fe2+,CCCC1CCc2[nH]nc(-c3nnc(C)c(C)n3)c2C1.[Fe+2],-1.2554154
TRZ01598,Cc1nnc(-c2cc(SCc3ccc(F)cc3)ccn2)nc1C,Fe2+,Cc1nnc(-c2cc(SCc3ccc(F)cc3)ccn2)nc1C.[Fe+2],-1.2579083
TRZ05336,Cc1nnc(-c2ccccc2NC(=O)Nc2cc(F)cc(F)c2)nc1C,Fe2+,Cc1nnc(-c2ccccc2NC(=O)Nc2cc(F)cc(F)c2)nc1C.[Fe+2],-1.2603345
TRZ01497,Cc1ccc(NCc2nnc(C)c(C)n2)cc1F,Fe2+,Cc1ccc(NCc2nnc(C)c(C)n2)cc1F.[Fe+2],-1.2614217
TRZ05508,CCOc1ccc(-c2cc(C(F)(F)F)cc(-c3nnc(C)c(C)n3)n2)cc1,Fe2+,CCOc1ccc(-c2cc(C(F)(F)F)cc(-c3nnc(C)c(C)n3)n2)cc1.[Fe+2],-1.2616639
TRZ00445,Cc1nnc(COc2ccc([N+](=O)[O-])cc2)nc1C,Fe2+,Cc1nnc(COc2ccc([N+](=O)[O-])cc2)nc1C.[Fe+2],-1.2635436
TRZ02647,Cc1nnc(CSc2ccc([N+](=O)[O-])cc2)nc1C,Fe2+,Cc1nnc(CSc2ccc([N+](=O)[O-])cc2)nc1C.[Fe+2],-1.2637181
TRZ00739,Cc1nnc(-c2cncs2)nc1C,Fe2+,Cc1nnc(-c2cncs2)nc1C.[Fe+2],-1.2640214
TRZ00148,Cc1nnc(-c2sc(-c3ccc(C(F)(F)F)cc3)nc2C)nc1C,Fe2+,Cc1nnc(-c2sc(-c3ccc(C(F)(F)F)cc3)nc2C)nc1C.[Fe+2],-1.2653632
TRZ00584,Cc1nnc(COc2ccc(C(F)(F)F)cc2)nc1C,Fe2+,Cc1nnc(COc2ccc(C(F)(F)F)cc2)nc1C.[Fe+2],-1.2663245
TRZ01574,Cc1nnc(COc2ccc(C(=O)Nc3cccc(F)c3)c3ccccc23)nc1C,Fe2+,Cc1nnc(COc2ccc(C(=O)Nc3cccc(F)c3)c3ccccc23)nc1C.[Fe+2],-1.2666516
TRZ02895,Cc1nnc(C(=O)N[C@@H](C)c2ccccc2)nc1C,Fe2+,Cc1nnc(C(=O)N[C@@H](C)c2ccccc2)nc1C.[Fe+2],-1.2683578
TRZ05586,Cc1cc(-c2nnc(C)c(C)n2)nc(N2CCCC(C(F)(F)F)C2)n1,Fe2+,Cc1cc(-c2nnc(C)c(C)n2)nc(N2CCCC(C(F)(F)F)C2)n1.[Fe+2],-1.2693582
TRZ00474,COCc1cc(C)nc2sc(-c3nnc(C)c(C)n3)c(-n3cccc3)c12,Fe2+,COCc1cc(C)nc2sc(-c3nnc(C)c(C)n3)c(-n3cccc3)c12.[Fe+2],-1.2694898
TRZ00061,Cc1nnc(C(C)Oc2cccc(Cl)c2)nc1C,Fe2+,Cc1nnc(C(C)Oc2cccc(Cl)c2)nc1C.[Fe+2],-1.2705417
TRZ03922,Cc1nnc(-c2cc3cc(C(F)(F)F)ccc3s2)nc1C,Fe2+,Cc1nnc(-c2cc3cc(C(F)(F)F)ccc3s2)nc1C.[Fe+2],-1.2717175
TRZ00415,Cc1nnc(-c2cccc(C(F)(F)F)n2)nc1C,Fe2+,Cc1nnc(-c2cccc(C(F)(F)F)n2)nc1C.[Fe+2],-1.2727656
TRZ04846,Cc1nnc(-c2cc(C(F)(F)F)sc2N2CCOCC2=O)nc1C,Fe2+,Cc1nnc(-c2cc(C(F)(F)F)sc2N2CCOCC2=O)nc1C.[Fe+2],-1.2739177
TRZ01485,Cc1nnc(-c2nc(Cl)cnc2N)nc1C,Fe2+,Cc1nnc(-c2nc(Cl)cnc2N)nc1C.[Fe+2],-1.2745166
TRZ02085,Cc1nnc(-c2ccccc2OCc2ccc(F)cc2)nc1C,Fe2+,Cc1nnc(-c2ccccc2OCc2ccc(F)cc2)nc1C.[Fe+2],-1.2773538
TRZ00245,Cc1nnc(-c2cc3cc(OCc4ccccc4)ccc3n2C)nc1C,Fe2+,Cc1nnc(-c2cc3cc(OCc4ccccc4)ccc3n2C)nc1C.[Fe+2],-1.2774615
TRZ05328,Cc1nnc(-c2ccc(F)cc2NC(=O)Nc2cccc(F)c2)nc1C,Fe2+,Cc1nnc(-c2ccc(F)cc2NC(=O)Nc2cccc(F)c2)nc1C.[Fe+2],-1.2801328
TRZ05639,Cc1nnc([C@@]23CN(c4ccc(C#N)c5ncccc45)C[C@]2(C(F)(F)F)C3)nc1C,Fe2+,Cc1nnc([C@@]23CN(c4ccc(C#N)c5ncccc45)C[C@]2(C(F)(F)F)C3)nc1C.[Fe+2],-1.2811341
TRZ02125,CC(=O)Nc1ccc(OCc2nnc(C)c(C)n2)cc1,Fe2+,CC(=O)Nc1ccc(OCc2nnc(C)c(C)n2)cc1.[Fe+2],-1.281281
TRZ05851,Cc1nnc(C(=O)Nc2ccc(OCc3cccc(F)c3)cc2)nc1C,Fe2+,Cc1nnc(C(=O)Nc2ccc(OCc3cccc(F)c3)cc2)nc1C.[Fe+2],-1.2813582
TRZ05711,Cc1cc(-c2nnc(C)c(C)n2)c(Oc2cccc(C3CC3)c2F)nn1,Fe2+,Cc1cc(-c2nnc(C)c(C)n2)c(Oc2cccc(C3CC3)c2F)nn1.[Fe+2],-1.2820001
TRZ01471,Cc1ccoc1-c1nnc(C)c(C)n1,Fe2+,Cc1ccoc1-c1nnc(C)c(C)n1.[Fe+2],-1.2833896
TRZ02400,Cc1nc(-c2c(-c3nnc(C)c(C)n3)noc2C)cs1,Fe2+,Cc1nc(-c2c(-c3nnc(C)c(C)n3)noc2C)cs1.[Fe+2],-1.2851396
TRZ03628,Cc1nnc(C[C@@H](Cc2cc(F)c(F)cc2F)NC(=O)O)nc1C,Fe2+,Cc1nnc(C[C@@H](Cc2cc(F)c(F)cc2F)NC(=O)O)nc1C.[Fe+2],-1.2854505
TRZ00880,Cc1nnc(COc2ccccc2C#N)nc1C,Fe2+,Cc1nnc(COc2ccccc2C#N)nc1C.[Fe+2],-1.2894692
TRZ03545,Cc1nnc(-c2csc(-c3cccc(F)c3)n2)nc1C,Fe2+,Cc1nnc(-c2csc(-c3cccc(F)c3)n2)nc1C.[Fe+2],-1.2896276
TRZ05613,Cc1nnc(C(CC(C)C)NC(=O)/C=C/c2ccc(Cl)cc2F)nc1C,Fe2+,Cc1nnc(C(CC(C)C)NC(=O)/C=C/c2ccc(Cl)cc2F)nc1C.[Fe+2],-1.2901378
TRZ05274,Cc1nnc(-c2cn(C3CC3)nc2C(F)F)nc1C,Fe2+,Cc1nnc(-c2cn(C3CC3)nc2C(F)F)nc1C.[Fe+2],-1.2904582
TRZ03390,Cc1nnc(-c2nn(Cc3ccc(F)cc3Cl)c3cc(CF)ccc23)nc1C,Fe2+,Cc1nnc(-c2nn(Cc3ccc(F)cc3Cl)c3cc(CF)ccc23)nc1C.[Fe+2],-1.2937684
TRZ00223,Cc1nnc(C(C)Oc2ccc(Cl)cc2Cl)nc1C,Fe2+,Cc1nnc(C(C)Oc2ccc(Cl)cc2Cl)nc1C.[Fe+2],-1.2955909
TRZ04649,Cc1nnc(C(=O)NCc2ccc(F)c(OC(F)(F)F)c2)nc1C,Fe2+,Cc1nnc(C(=O)NCc2ccc(F)c(OC(F)(F)F)c2)nc1C.[Fe+2],-1.2956042
TRZ01918,CCOC(=O)c1cc(-c2ccc(OC)cc2)n(CCc2nnc(C)c(C)n2)c1C,Fe2+,CCOC(=O)c1cc(-c2ccc(OC)cc2)n(CCc2nnc(C)c(C)n2)c1C.[Fe+2],-1.298307
TRZ03970,Cc1nnc(-c2nc(-c3ccc(OC(F)(F)F)cc3)cs2)nc1C,Fe2+,Cc1nnc(-c2nc(-c3ccc(OC(F)(F)F)cc3)cs2)nc1C.[Fe+2],-1.2987666
TRZ02097,Cc1cc(CNC(=O)c2nnc(C)c(C)n2)ccc1F,Fe2+,Cc1cc(CNC(=O)c2nnc(C)c(C)n2)ccc1F.[Fe+2],-1.301435
TRZ02916,Cc1nnc([C@H](C)Oc2ccccc2F)nc1C,Fe2+,Cc1nnc([C@H](C)Oc2ccccc2F)nc1C.[Fe+2],-1.3021665
TRZ00728,COc1cc(C(=O)NCc2nnc(C)c(C)n2)cc(OC)c1OC,Fe2+,COc1cc(C(=O)NCc2nnc(C)c(C)n2)cc(OC)c1OC.[Fe+2],-1.3033319
TRZ00055,Cc1nnc(-c2ccc([N+](=O)[O-])o2)nc1C,Fe2+,Cc1nnc(-c2ccc([N+](=O)[O-])o2)nc1C.[Fe+2],-1.3040814
TRZ01461,COc1ccc(-c2cc(-c3nnc(C)c(C)n3)no2)cc1,Fe2+,COc1ccc(-c2cc(-c3nnc(C)c(C)n3)no2)cc1.[Fe+2],-1.3059812
TRZ01909,Cc1nnc(-c2cc(C3CCCC3)c3ccccc3n2)nc1C,Fe2+,Cc1nnc(-c2cc(C3CCCC3)c3ccccc3n2)nc1C.[Fe+2],-1.3072248
TRZ02182,Cc1nnc(-c2ncoc2C(C)(C)C)nc1C,Fe2+,Cc1nnc(-c2ncoc2C(C)(C)C)nc1C.[Fe+2],-1.3082623
TRZ00446,Cc1nnc(COc2ccccc2Cl)nc1C,Fe2+,Cc1nnc(COc2ccccc2Cl)nc1C.[Fe+2],-1.3089986
TRZ02217,CC1=C(c2nnc(C)c(C)n2)C(c2ccccc2F)NC(=O)N1,Fe2+,CC1=C(c2nnc(C)c(C)n2)C(c2ccccc2F)NC(=O)N1.[Fe+2],-1.309073
TRZ01213,Cc1nnc(-c2nn(-c3ccccc3)c(=O)c(C#N)c2C)nc1C,Fe2+,Cc1nnc(-c2nn(-c3ccccc3)c(=O)c(C#N)c2C)nc1C.[Fe+2],-1.3106723
TRZ00208,Cc1nnc(-c2cc3ccccc3s2)nc1C,Fe2+,Cc1nnc(-c2cc3ccccc3s2)nc1C.[Fe+2],-1.3109775
TRZ02291,Cc1nnc(CSc2nnc(-c3ccccc3)n2C)nc1C,Fe2+,Cc1nnc(CSc2nnc(-c3ccccc3)n2C)nc1C.[Fe+2],-1.3149524
TRZ04069,Cc1cc(F)cc(C2CCOC2)c1OCc1nnc(C)c(C)n1,Fe2+,Cc1cc(F)cc(C2CCOC2)c1OCc1nnc(C)c(C)n1.[Fe+2],-1.316709
TRZ03523,Cc1nnc(C(F)(F)Nc2ccccc2)nc1C,Fe2+,Cc1nnc(C(F)(F)Nc2ccccc2)nc1C.[Fe+2],-1.3171325
TRZ01217,Cc1nnc(COc2ccc(Br)cc2)nc1C,Fe2+,Cc1nnc(COc2ccc(Br)cc2)nc1C.[Fe+2],-1.317163
TRZ05697,Cc1nnc(-c2cc(Cl)ccc2OC(F)F)nc1C,Fe2+,Cc1nnc(-c2cc(Cl)ccc2OC(F)F)nc1C.[Fe+2],-1.3181386
TRZ01251,Cc1nnc(-c2ccc(COc3ccc(F)cc3)o2)nc1C,Fe2+,Cc1nnc(-c2ccc(COc3ccc(F)cc3)o2)nc1C.[Fe+2],-1.3188119
TRZ03685,COc1c(-c2nnc(C)c(C)n2)ccc2[nH]nc(C=Cc3cccc(F)c3)c12,Fe2+,COc1c(-c2nnc(C)c(C)n2)ccc2[nH]nc(C=Cc3cccc(F)c3)c12.[Fe+2],-1.3202767
TRZ02523,COc1cccc(CSc2ccnc(-c3nnc(C)c(C)n3)c2)c1,Fe2+,COc1cccc(CSc2ccnc(-c3nnc(C)c(C)n3)c2)c1.[Fe+2],-1.3232417
TRZ01920,CCOC(=O)c1cc(-c2ccccc2)n(CCc2nnc(C)c(C)n2)c1C,Fe2+,CCOC(=O)c1cc(-c2ccccc2)n(CCc2nnc(C)c(C)n2)c1C.[Fe+2],-1.3232598
TRZ03599,Cc1nnc(/C=C\n2cnc(-c3cc(OC(C)C)nc(C(F)(F)F)c3)n2)nc1C,Fe2+,Cc1nnc(/C=C\n2cnc(-c3cc(OC(C)C)nc(C(F)(F)F)c3)n2)nc1C.[Fe+2],-1.3236423
TRZ02898,Cc1nnc(-c2csc(-c3ccc(F)cc3F)n2)nc1C,Fe2+,Cc1nnc(-c2csc(-c3ccc(F)cc3F)n2)nc1C.[Fe+2],-1.3248
TRZ05488,Cc1nnc(-c2nc(C(F)(F)F)sc2N(C)CCOCC=O)nc1C,Fe2+,Cc1nnc(-c2nc(C(F)(F)F)sc2N(C)CCOCC=O)nc1C.[Fe+2],-1.3259835
TRZ03163,Cc1nnc(-c2cc(-c3cccc(F)c3)no2)nc1C,Fe2+,Cc1nnc(-c2cc(-c3cccc(F)c3)no2)nc1C.[Fe+2],-1.3286738
TRZ03903,Cc1ccc([N+](=O)[O-])c(NC(=O)c2nnc(C)c(C)n2)c1F,Fe2+,Cc1ccc([N+](=O)[O-])c(NC(=O)c2nnc(C)c(C)n2)c1F.[Fe+2],-1.3287148
TRZ02520,Cc1cccc(CSc2ccnc(-c3nnc(C)c(C)n3)c2)c1,Fe2+,Cc1cccc(CSc2ccnc(-c3nnc(C)c(C)n3)c2)c1.[Fe+2],-1.3311477
TRZ04907,Cc1ccc(Nc2c(-c3nnc(C)c(C)n3)ccc(F)c2F)c(C)c1,Fe2+,Cc1ccc(Nc2c(-c3nnc(C)c(C)n3)ccc(F)c2F)c(C)c1.[Fe+2],-1.3321881
TRZ00206,Cc1nnc(CSc2nc3ccccc3s2)nc1C,Fe2+,Cc1nnc(CSc2nc3ccccc3s2)nc1C.[Fe+2],-1.3330607
TRZ05483,Cc1nnc(-c2cc(C3CC3(F)F)[nH]n2)nc1C,Fe2+,Cc1nnc(-c2cc(C3CC3(F)F)[nH]n2)nc1C.[Fe+2],-1.333343
TRZ03863,COc1cc(-c2ncn(/C=C\c3nnc(C)c(C)n3)n2)cc(C(F)(F)F)c1,Fe2+,COc1cc(-c2ncn(/C=C\c3nnc(C)c(C)n3)n2)cc(C(F)(F)F)c1.[Fe+2],-1.333672
TRZ00851,Cc1nnc(-c2ccc(-c3ccccc3)s2)nc1C,Fe2+,Cc1nnc(-c2ccc(-c3ccccc3)s2)nc1C.[Fe+2],-1.3337264
TRZ03205,COc1cc(F)ccc1OC(C)(C)c1nnc(C)c(C)n1,Fe2+,COc1cc(F)ccc1OC(C)(C)c1nnc(C)c(C)n1.[Fe+2],-1.3342462
TRZ03566,Cc1nnc(CCNC(=O)Nc2ccccc2C(F)(F)F)nc1C,Fe2+,Cc1nnc(CCNC(=O)Nc2ccccc2C(F)(F)F)nc1C.[Fe+2],-1.3348565
TRZ01439,Cc1nnc(COc2ccc(C#N)cc2)nc1C,Fe2+,Cc1nnc(COc2ccc(C#N)cc2)nc1C.[Fe+2],-1.3354602
TRZ02205,CC(=O)Nc1cccc(F)c1-c1nnc(C)c(C)n1,Fe2+,CC(=O)Nc1cccc(F)c1-c1nnc(C)c(C)n1.[Fe+2],-1.337318
TRZ00251,Cc1ccc(-c2sc(-c3nnc(C)c(C)n3)c(C)c2C#N)cc1,Fe2+,Cc1ccc(-c2sc(-c3nnc(C)c(C)n3)c(C)c2C#N)cc1.[Fe+2],-1.3381228
TRZ05317,Cc1nnc(Cc2ncccc2C(F)F)nc1C,Fe2+,Cc1nnc(Cc2ncccc2C(F)F)nc1C.[Fe+2],-1.3391938
TRZ05525,Cc1nnc(-c2nn(C)c(F)c2Nc2ccc(C(F)(F)F)cc2)nc1C,Fe2+,Cc1nnc(-c2nn(C)c(F)c2Nc2ccc(C(F)(F)F)cc2)nc1C.[Fe+2],-1.342504
TRZ05589,Cc1cc(-c2nnc(C)c(C)n2)nc(N2CCCC(F)(F)C2)n1,Fe2+,Cc1cc(-c2nnc(C)c(C)n2)nc(N2CCCC(F)(F)C2)n1.[Fe+2],-1.3435369
TRZ00375,Cc1ccc(OCc2ccc(-c3nnc(C)c(C)n3)o2)c([N+](=O)[O-])c1,Fe2+,Cc1ccc(OCc2ccc(-c3nnc(C)c(C)n3)o2)c([N+](=O)[O-])c1.[Fe+2],-1.3446889
TRZ05103,C=Cc1cccc(F)c1C(O)c1nnc(C)c(C)n1,Fe2+,C=Cc1cccc(F)c1C(O)c1nnc(C)c(C)n1.[Fe+2],-1.3471017
TRZ02507,Cc1nnc(CO/N=C/c2ccc(Cl)cc2Cl)nc1C,Fe2+,Cc1nnc(CO/N=C/c2ccc(Cl)cc2Cl)nc1C.[Fe+2],-1.3510594
TRZ02073,Cc1nnc(C(C)Oc2cccc(C(F)(F)F)c2)nc1C,Fe2+,Cc1nnc(C(C)Oc2cccc(C(F)(F)F)c2)nc1C.[Fe+2],-1.3525147
TRZ01047,COc1c(F)cc(Nc2cc3c(cc2-c2nnc(C)c(C)n2)OCO3)cc1F,Fe2+,COc1c(F)cc(Nc2cc3c(cc2-c2nnc(C)c(C)n2)OCO3)cc1F.[Fe+2],-1.3551135
TRZ05596,Cc1cc(-c2nnc(C)c(C)n2)nc(N2CCC(F)(F)CC2)n1,Fe2+,Cc1cc(-c2nnc(C)c(C)n2)nc(N2CCC(F)(F)CC2)n1.[Fe+2],-1.3555827
TRZ00115,Cc1nnc(-c2sc(-c3ccccc3)c(C#N)c2C)nc1C,Fe2+,Cc1nnc(-c2sc(-c3ccccc3)c(C#N)c2C)nc1C.[Fe+2],-1.3561902
TRZ03203,Cc1nnc(C(C)(C)Oc2ccc(F)cc2Cl)nc1C,Fe2+,Cc1nnc(C(C)(C)Oc2ccc(F)cc2Cl)nc1C.[Fe+2],-1.3568292
TRZ01228,Cc1nnc(-c2cc(-c3ccc(Cl)c(Cl)c3Cl)n[nH]2)nc1C,Fe2+,Cc1nnc(-c2cc(-c3ccc(Cl)c(Cl)c3Cl)n[nH]2)nc1C.[Fe+2],-1.3577666
TRZ02293,Cc1cc(OCc2nnc(C)c(C)n2)c(C(C)C)cc1Br,Fe2+,Cc1cc(OCc2nnc(C)c(C)n2)c(C(C)C)cc1Br.[Fe+2],-1.3583398
TRZ03692,Cc1nnc(-c2nc3c(ncn3C)c(F)c2Nc2ccc(Br)cc2F)nc1C,Fe2+,Cc1nnc(-c2nc3c(ncn3C)c(F)c2Nc2ccc(Br)cc2F)nc1C.[Fe+2],-1.359612
TRZ00043,Cc1nnc(Cn2nc(C)c(Br)c2C)nc1C,Fe2+,Cc1nnc(Cn2nc(C)c(Br)c2C)nc1C.[Fe+2],-1.3602014
TRZ04875,Cc1nnc(-c2cnn(C)c2C(F)(F)F)nc1C,Fe2+,Cc1nnc(-c2cnn(C)c2C(F)(F)F)nc1C.[Fe+2],-1.3604493
TRZ02915,Cc1nnc(-c2ccccc2OC(F)F)nc1C,Fe2+,Cc1nnc(-c2ccccc2OC(F)F)nc1C.[Fe+2],-1.3613591
TRZ05654,Cc1nnc(-c2cn3c(ccc4c(-c5ccn(C)n5)cc(C(F)(F)C(F)(F)F)nc43)n2)nc1C,Fe2+,Cc1nnc(-c2cn3c(ccc4c(-c5ccn(C)n5)cc(C(F)(F)C(F)(F)F)nc43)n2)nc1C.[Fe+2],-1.3619733
TRZ03196,Cc1nnc(C(C)(C)Oc2ccc(C#N)c(F)c2)nc1C,Fe2+,Cc1nnc(C(C)(C)Oc2ccc(C#N)c(F)c2)nc1C.[Fe+2],-1.3630309
TRZ03576,Cc1nnc(-c2nc3ccc(F)cn3c2C)nc1C,Fe2+,Cc1nnc(-c2nc3ccc(F)cn3c2C)nc1C.[Fe+2],-1.366921
TRZ00529,COc1c(F)cc(C(=O)NCc2nnc(C)c(C)n2)c(F)c1F,Fe2+,COc1c(F)cc(C(=O)NCc2nnc(C)c(C)n2)c(F)c1F.[Fe+2],-1.3675809
TRZ04073,Cc1nnc(-c2cc(C(F)(F)F)nn2-c2ccc(Br)cn2)nc1C,Fe2+,Cc1nnc(-c2cc(C(F)(F)F)nn2-c2ccc(Br)cn2)nc1C.[Fe+2],-1.3675818
TRZ05642,Cc1nnc(C23CN(Cc4ccccc4)CC2(C(F)(F)F)C3)nc1C,Fe2+,Cc1nnc(C23CN(Cc4ccccc4)CC2(C(F)(F)F)C3)nc1C.[Fe+2],-1.3684697
TRZ02774,Cc1nnc(C2=Cc3ccccc3OC2)nc1C,Fe2+,Cc1nnc(C2=Cc3ccccc3OC2)nc1C.[Fe+2],-1.374557
TRZ01537,Cc1nnc(CS(=O)Cc2cccc(C(F)(F)F)c2)nc1C,Fe2+,Cc1nnc(CS(=O)Cc2cccc(C(F)(F)F)c2)nc1C.[Fe+2],-1.3757262
TRZ03024,C=Nc1cccc(F)c1-c1nnc(C)c(C)n1,Fe2+,C=Nc1cccc(F)c1-c1nnc(C)c(C)n1.[Fe+2],-1.375855
TRZ02754,CCc1cccc2c3c([nH]c12)C(CC)(Cc1nnc(C)c(C)n1)OCC3,Fe2+,CCc1cccc2c3c([nH]c12)C(CC)(Cc1nnc(C)c(C)n1)OCC3.[Fe+2],-1.3763204
TRZ01540,CCOC(=O)c1cn(Cc2nnc(C)c(C)n2)nc1C(F)(F)F,Fe2+,CCOC(=O)c1cn(Cc2nnc(C)c(C)n2)nc1C(F)(F)F.[Fe+2],-1.3779216
TRZ05748,Cc1nnc(-c2ncc3c(F)cc(SCc4ccccc4)cn23)nc1C,Fe2+,Cc1nnc(-c2ncc3c(F)cc(SCc4ccccc4)cn23)nc1C.[Fe+2],-1.3781095
TRZ03313,COc1c(-c2nnc(C)c(C)n2)ccc2[nH]nc(/C=C/c3cccc(F)c3)c12,Fe2+,COc1c(-c2nnc(C)c(C)n2)ccc2[nH]nc(/C=C/c3cccc(F)c3)c12.[Fe+2],-1.3793445
TRZ05924,Cc1nnc(-c2occc2C(=O)c2ccc(F)c([N+](=O)[O-])c2)nc1C,Fe2+,Cc1nnc(-c2occc2C(=O)c2ccc(F)c([N+](=O)[O-])c2)nc1C.[Fe+2],-1.379869
TRZ04524,Cc1nnc(-c2ccc(CNC(=O)N3CCOC(c4ccc(F)c(Cl)c4)C3)cn2)nc1C,Fe2+,Cc1nnc(-c2ccc(CNC(=O)N3CCOC(c4ccc(F)c(Cl)c4)C3)cn2)nc1C.[Fe+2],-1.3803515
TRZ03257,COc1c(-c2nnc(C)c(C)n2)ccc(O)c1F,Fe2+,COc1c(-c2nnc(C)c(C)n2)ccc(O)c1F.[Fe+2],-1.3829122
TRZ01727,COc1cc2c(cc1-c1nnc(C)c(C)n1)CCC1C(C)(C)c3nc(C)ncc3C[C@]21C,Fe2+,COc1cc2c(cc1-c1nnc(C)c(C)n1)CCC1C(C)(C)c3nc(C)ncc3C[C@]21C.[Fe+2],-1.3850284
TRZ02000,Cc1nnc(-c2csc(COc3ccccc3Cl)n2)nc1C,Fe2+,Cc1nnc(-c2csc(COc3ccccc3Cl)n2)nc1C.[Fe+2],-1.3867555
TRZ02807,C/C(=C(/C#N)c1nnc(C)c(C)n1)c1ccc(F)cc1,Fe2+,C/C(=C(/C#N)c1nnc(C)c(C)n1)c1ccc(F)cc1.[Fe+2],-1.3885713
TRZ00882,Cc1ccc(-c2nnc(C)c(C)n2)s1,Fe2+,Cc1ccc(-c2nnc(C)c(C)n2)s1.[Fe+2],-1.3892779
TRZ04693,Cc1nnc(-c2nccnc2C(F)(F)F)nc1C,Fe2+,Cc1nnc(-c2nccnc2C(F)(F)F)nc1C.[Fe+2],-1.3925481
TRZ01438,Cc1nnc(COc2cccc(F)c2)nc1C,Fe2+,Cc1nnc(COc2cccc(F)c2)nc1C.[Fe+2],-1.3968272
TRZ00802,Cc1cc(OCc2nnc(C)c(C)n2)ccc1Cl,Fe2+,Cc1cc(OCc2nnc(C)c(C)n2)ccc1Cl.[Fe+2],-1.3979917
TRZ05343,Cc1nnc(-c2ccc(F)cc2NC(=O)Nc2cc(F)cc(Cl)c2)nc1C,Fe2+,Cc1nnc(-c2ccc(F)cc2NC(=O)Nc2cc(F)cc(Cl)c2)nc1C.[Fe+2],-1.3986201
TRZ03102,Cc1nnc(-c2ccc(F)cn2)nc1C,Fe2+,Cc1nnc(-c2ccc(F)cn2)nc1C.[Fe+2],-1.4002585
TRZ00264,Cc1cc(C(F)(F)F)n(-c2nc(-c3nnc(C)c(C)n3)cs2)n1,Fe2+,Cc1cc(C(F)(F)F)n(-c2nc(-c3nnc(C)c(C)n3)cs2)n1.[Fe+2],-1.4042077
TRZ00092,Cc1nnc(COc2ccc(Cl)cc2Cl)nc1C,Fe2+,Cc1nnc(COc2ccc(Cl)cc2Cl)nc1C.[Fe+2],-1.4047599
TRZ00175,Cc1ccsc1-c1nnc(C)c(C)n1,Fe2+,Cc1ccsc1-c1nnc(C)c(C)n1.[Fe+2],-1.4050746
TRZ01852,Cc1nnc(-c2nc(-c3ccc(F)cc3)no2)nc1C,Fe2+,Cc1nnc(-c2nc(-c3ccc(F)cc3)no2)nc1C.[Fe+2],-1.4078212
TRZ02241,Cc1nnc(C(CC(C)C)NC(=O)Cn2c(C(F)(F)F)nc3ccccc32)nc1C,Fe2+,Cc1nnc(C(CC(C)C)NC(=O)Cn2c(C(F)(F)F)nc3ccccc32)nc1C.[Fe+2],-1.408133
TRZ02646,Cc1nnc(Cn2cnnn2)nc1C,Fe2+,Cc1nnc(Cn2cnnn2)nc1C.[Fe+2],-1.4091306
TRZ00027,Cc1nnc(-c2ccco2)nc1C,Fe2+,Cc1nnc(-c2ccco2)nc1C.[Fe+2],-1.4108434
TRZ02001,CCn1nc(C)cc1-c1nnc(C)c(C)n1,Fe2+,CCn1nc(C)cc1-c1nnc(C)c(C)n1.[Fe+2],-1.411264
TRZ04457,Cc1nnc(-c2nc(Cl)ccc2F)nc1C,Fe2+,Cc1nnc(-c2nc(Cl)ccc2F)nc1C.[Fe+2],-1.4118714
TRZ00047,Cc1nnc(-c2ccccc2OCc2ccccc2)nc1C,Fe2+,Cc1nnc(-c2ccccc2OCc2ccccc2)nc1C.[Fe+2],-1.4170413
TRZ02527,CCOC(=O)c1cc(-c2ccc(C)cc2)n(CCc2nnc(C)c(C)n2)c1C,Fe2+,CCOC(=O)c1cc(-c2ccc(C)cc2)n(CCc2nnc(C)c(C)n2)c1C.[Fe+2],-1.4199777
TRZ02391,Cc1nnc(-c2c(-c3snnc3C)n[nH]c2C)nc1C,Fe2+,Cc1nnc(-c2c(-c3snnc3C)n[nH]c2C)nc1C.[Fe+2],-1.4216609
TRZ02948,Cc1nnc(-c2c(C(F)(F)F)cc(C(F)(F)F)nc2N)nc1C,Fe2+,Cc1nnc(-c2c(C(F)(F)F)cc(C(F)(F)F)nc2N)nc1C.[Fe+2],-1.4240661
TRZ01188,Cc1nnc(CCOc2ccc(-c3nnc(C)c(C)n3)cc2)nc1C,Fe2+,Cc1nnc(CCOc2ccc(-c3nnc(C)c(C)n3)cc2)nc1C.[Fe+2],-1.4242454
TRZ04669,Cc1nnc(-c2ccc(=O)n(SF)c2Cl)nc1C,Fe2+,Cc1nnc(-c2ccc(=O)n(SF)c2Cl)nc1C.[Fe+2],-1.424768
TRZ02243,Cc1nnc(C(Cc2c[nH]c3ccccc23)NC(=O)Cn2c(C(F)(F)F)nc3ccccc32)nc1C,Fe2+,Cc1nnc(C(Cc2c[nH]c3ccccc23)NC(=O)Cn2c(C(F)(F)F)nc3ccccc32)nc1C.[Fe+2],-1.4253964
TRZ05213,Cc1cccc(-c2nnc(C)c(C)n2)c1-n1nc(C(F)(F)F)cc1C(N)=O,Fe2+,Cc1cccc(-c2nnc(C)c(C)n2)c1-n1nc(C(F)(F)F)cc1C(N)=O.[Fe+2],-1.4272647
TRZ04081,Cc1nnc(-c2cnn(-c3c(F)cccc3F)n2)nc1C,Fe2+,Cc1nnc(-c2cnn(-c3c(F)cccc3F)n2)nc1C.[Fe+2],-1.4283872
TRZ02322,COc1cc(C)ccc1OCc1nnc(C)c(C)n1,Fe2+,COc1cc(C)ccc1OCc1nnc(C)c(C)n1.[Fe+2],-1.4299445
TRZ01829,Cc1nnc(-c2cccnc2-c2nnc(C)c(C)n2)nc1C,Fe2+,Cc1nnc(-c2cccnc2-c2nnc(C)c(C)n2)nc1C.[Fe+2],-1.4309821
TRZ05396,C=CC(OC(C)(C)C)C(OCc1ccccc1)(c1nnc(C)c(C)n1)C(F)(F)F,Fe2+,C=CC(OC(C)(C)C)C(OCc1ccccc1)(c1nnc(C)c(C)n1)C(F)(F)F.[Fe+2],-1.432138
TRZ03065,Cc1nnc(-c2ccc(-c3cccc(C(F)(F)F)c3)o2)nc1C,Fe2+,Cc1nnc(-c2ccc(-c3cccc(C(F)(F)F)c3)o2)nc1C.[Fe+2],-1.4331393
TRZ04618,Cc1nnc(CCn2nnc3ccc(-c4ccc(OC(F)(F)F)cc4)cc32)nc1C,Fe2+,Cc1nnc(CCn2nnc3ccc(-c4ccc(OC(F)(F)F)cc4)cc32)nc1C.[Fe+2],-1.4340262
TRZ02122,COc1cc2ccccc2cc1-c1nnc(C)c(C)n1,Fe2+,COc1cc2ccccc2cc1-c1nnc(C)c(C)n1.[Fe+2],-1.4344687
TRZ00923,CSc1sc(-c2nnc(C)c(C)n2)c2c1C(O)CCC2,Fe2+,CSc1sc(-c2nnc(C)c(C)n2)c2c1C(O)CCC2.[Fe+2],-1.4352202
TRZ03204,Cc1nnc(C(C)(C)Oc2ccc(Cl)cc2F)nc1C,Fe2+,Cc1nnc(C(C)(C)Oc2ccc(Cl)cc2F)nc1C.[Fe+2],-1.4354119
TRZ02440,COc1cc(C(=O)NC(C)c2nnc(C)c(C)n2)cc(OC)c1OC,Fe2+,COc1cc(C(=O)NC(C)c2nnc(C)c(C)n2)cc(OC)c1OC.[Fe+2],-1.4385295
TRZ00384,Cc1nnc(-c2nn(-c3ccc(F)cc3)c(=O)c(C#N)c2C)nc1C,Fe2+,Cc1nnc(-c2nn(-c3ccc(F)cc3)c(=O)c(C#N)c2C)nc1C.[Fe+2],-1.4387755
TRZ04100,Cc1nnc(-c2cccc(C(F)(F)F)c2OCc2ccccc2)nc1C,Fe2+,Cc1nnc(-c2cccc(C(F)(F)F)c2OCc2ccccc2)nc1C.[Fe+2],-1.4411769
TRZ02177,Cc1nnc(-c2ccc(CO)o2)nc1C,Fe2+,Cc1nnc(-c2ccc(CO)o2)nc1C.[Fe+2],-1.4478011
TRZ00117,Cc1nnc(-c2ccc(COc3ccc([N+](=O)[O-])cc3)o2)nc1C,Fe2+,Cc1nnc(-c2ccc(COc3ccc([N+](=O)[O-])cc3)o2)nc1C.[Fe+2],-1.4485841
TRZ00259,Cc1nnc(-c2ccc(COc3ccc(C(C)(C)C)cc3)o2)nc1C,Fe2+,Cc1nnc(-c2ccc(COc3ccc(C(C)(C)C)cc3)o2)nc1C.[Fe+2],-1.454597
TRZ04185,Cc1nnc(C(=O)NCc2cccc(CF)c2)nc1C,Fe2+,Cc1nnc(C(=O)NCc2cccc(CF)c2)nc1C.[Fe+2],-1.4553962
TRZ02798,Cc1nnc(CNc2ccc(F)cc2Br)nc1C,Fe2+,Cc1nnc(CNc2ccc(F)cc2Br)nc1C.[Fe+2],-1.4562831
TRZ05893,Cc1nnc(-c2c(C(F)(F)F)nn(-c3ccccc3)c2Cl)nc1C,Fe2+,Cc1nnc(-c2c(C(F)(F)F)nn(-c3ccccc3)c2Cl)nc1C.[Fe+2],-1.4575944
TRZ01979,Cc1nnc(COc2ccc(C(C)(C)C)cc2)nc1C,Fe2+,Cc1nnc(COc2ccc(C(C)(C)C)cc2)nc1C.[Fe+2],-1.4583554
TRZ01761,COc1ccccc1-c1cc(-c2ccccc2OC)nc(-c2nnc(C)c(C)n2)n1,Fe2+,COc1ccccc1-c1cc(-c2ccccc2OC)nc(-c2nnc(C)c(C)n2)n1.[Fe+2],-1.4612784
TRZ02892,CCOc1ccc(NCc2nnc(C)c(C)n2)cc1,Fe2+,CCOc1ccc(NCc2nnc(C)c(C)n2)cc1.[Fe+2],-1.4615102
TRZ01444,Cc1nc(-c2nnc(C)c(C)n2)cs1,Fe2+,Cc1nc(-c2nnc(C)c(C)n2)cs1.[Fe+2],-1.461781
TRZ05604,Cc1nnc(C2CCN(c3nnc(-c4cnc(NC5Cc6cc(F)c(F)cc6C5)nc4)o3)C2)nc1C,Fe2+,Cc1nnc(C2CCN(c3nnc(-c4cnc(NC5Cc6cc(F)c(F)cc6C5)nc4)o3)C2)nc1C.[Fe+2],-1.4620366
TRZ02868,Cc1nnc(-c2cnc(F)n2C)nc1C,Fe2+,Cc1nnc(-c2cnc(F)n2C)nc1C.[Fe+2],-1.4624772
TRZ05499,CCOc1ccc(-c2nc(-c3nnc(C)c(C)n3)cnc2C(F)(F)F)cc1,Fe2+,CCOc1ccc(-c2nc(-c3nnc(C)c(C)n3)cnc2C(F)(F)F)cc1.[Fe+2],-1.4636016
TRZ03202,Cc1nnc(C(C)(C)Oc2cc(F)cc(F)c2)nc1C,Fe2+,Cc1nnc(C(C)(C)Oc2cc(F)cc(F)c2)nc1C.[Fe+2],-1.4642015
TRZ02083,Cc1nnc(-c2sc3cc(F)ccc3c2Cl)nc1C,Fe2+,Cc1nnc(-c2sc3cc(F)ccc3c2Cl)nc1C.[Fe+2],-1.4642997
TRZ01668,CCOc1ccc(C2=NOC(c3nnc(C)c(C)n3)C2)cc1,Fe2+,CCOc1ccc(C2=NOC(c3nnc(C)c(C)n3)C2)cc1.[Fe+2],-1.474585
TRZ05002,Cc1cc(F)ccc1OC(C)(C)c1nnc(C)c(C)n1,Fe2+,Cc1cc(F)ccc1OC(C)(C)c1nnc(C)c(C)n1.[Fe+2],-1.4780011
TRZ02387,Cc1nnc(-c2nc(COc3ccccc3Cl)no2)nc1C,Fe2+,Cc1nnc(-c2nc(COc3ccccc3Cl)no2)nc1C.[Fe+2],-1.479198
TRZ00519,Cc1nnc(C(Cc2c[nH]c3ccccc23)NC(=O)c2ccc(OC(C)C)cc2)nc1C,Fe2+,Cc1nnc(C(Cc2c[nH]c3ccccc23)NC(=O)c2ccc(OC(C)C)cc2)nc1C.[Fe+2],-1.4810939
TRZ01589,COc1ccc2c3c1O[C@H]1[C@@]4(OC)C=C[C@@]5(C[C@H]4c4nnc(C)c(C)n4)[C@@H](C2)N(C)CC[C@]315,Fe2+,COc1ccc2c3c1O[C@H]1[C@@]4(OC)C=C[C@@]5(C[C@H]4c4nnc(C)c(C)n4)[C@@H](C2)N(C)CC[C@]315.[Fe+2],-1.4812245
TRZ05168,Cc1nnc(-c2c(NS(=O)(=O)c3ccccc3)ccc(Cl)c2F)nc1C,Fe2+,Cc1nnc(-c2c(NS(=O)(=O)c3ccccc3)ccc(Cl)c2F)nc1C.[Fe+2],-1.4822307
TRZ05703,Cc1nc(OC(F)F)c(-c2nnc(C)c(C)n2)cc1Cl,Fe2+,Cc1nc(OC(F)F)c(-c2nnc(C)c(C)n2)cc1Cl.[Fe+2],-1.483583
TRZ00737,Cc1nnc(C2Cc3ccccc3O2)nc1C,Fe2+,Cc1nnc(C2Cc3ccccc3O2)nc1C.[Fe+2],-1.4884877
TRZ02515,Cc1nnc(-c2cc(SCc3ccccc3)ccn2)nc1C,Fe2+,Cc1nnc(-c2cc(SCc3ccccc3)ccn2)nc1C.[Fe+2],-1.4886231
TRZ00376,Cc1nnc(-c2ccc(COc3ccc(Br)cc3)o2)nc1C,Fe2+,Cc1nnc(-c2ccc(COc3ccc(Br)cc3)o2)nc1C.[Fe+2],-1.4895806
TRZ05908,Cc1nnc(C(=O)Oc2cccc(F)c2F)nc1C,Fe2+,Cc1nnc(C(=O)Oc2cccc(F)c2F)nc1C.[Fe+2],-1.4913898
TRZ05275,Cc1nnc(-c2ccc(Br)cc2OC(F)F)nc1C,Fe2+,Cc1nnc(-c2ccc(Br)cc2OC(F)F)nc1C.[Fe+2],-1.4922948
TRZ00120,Cc1cc(C)n(Cc2ccc(-c3nnc(C)c(C)n3)o2)n1,Fe2+,Cc1cc(C)n(Cc2ccc(-c3nnc(C)c(C)n3)o2)n1.[Fe+2],-1.4932446
TRZ00996,COC1CCC(c2cc(-c3nnc(C)c(C)n3)nc3ccccc23)CC1,Fe2+,COC1CCC(c2cc(-c3nnc(C)c(C)n3)nc3ccccc23)CC1.[Fe+2],-1.4941163
TRZ01241,Cc1nnc(CNC(=O)Cc2ccccc2)nc1C,Fe2+,Cc1nnc(CNC(=O)Cc2ccccc2)nc1C.[Fe+2],-1.4968705
TRZ01508,Cc1ccc(OCc2nnc(C)c(C)n2)c(Br)c1,Fe2+,Cc1ccc(OCc2nnc(C)c(C)n2)c(Br)c1.[Fe+2],-1.497601
TRZ01022,COCc1ccc(-c2cc(-c3ccccc3)nc(-c3nnc(C)c(C)n3)n2)cc1,Fe2+,COCc1ccc(-c2cc(-c3ccccc3)nc(-c3nnc(C)c(C)n3)n2)cc1.[Fe+2],-1.498651
TRZ02284,Cc1nnc(C(CO)c2ccccc2)nc1C,Fe2+,Cc1nnc(C(CO)c2ccccc2)nc1C.[Fe+2],-1.5012155
TRZ05658,Cc1nnc(-c2cn3c(ccc4c(N(C)C)cc(C(F)(F)C(F)(F)F)nc43)n2)nc1C,Fe2+,Cc1nnc(-c2cn3c(ccc4c(N(C)C)cc(C(F)(F)C(F)(F)F)nc43)n2)nc1C.[Fe+2],-1.5021834
TRZ03070,Cc1nnc(-c2cc(C(F)(F)F)c3cc(F)ccc3n2)nc1C,Fe2+,Cc1nnc(-c2cc(C(F)(F)F)c3cc(F)ccc3n2)nc1C.[Fe+2],-1.5025105
TRZ03942,Cc1nnc(-c2nc3ccc(F)cc3s2)nc1C,Fe2+,Cc1nnc(-c2nc3ccc(F)cc3s2)nc1C.[Fe+2],-1.5087628
TRZ02705,Cc1ccc(NCCc2nnc(C)c(C)n2)cc1,Fe2+,Cc1ccc(NCCc2nnc(C)c(C)n2)cc1.[Fe+2],-1.5116944
TRZ00268,Cc1nnc([C@H](Cc2ccccc2)NC(=O)NCCc2ccccc2)nc1C,Fe2+,Cc1nnc([C@H](Cc2ccccc2)NC(=O)NCCc2ccccc2)nc1C.[Fe+2],-1.5124297
TRZ02240,Cc1nnc(C(NC(=O)Cn2c(C(F)(F)F)nc3ccccc32)C(C)C)nc1C,Fe2+,Cc1nnc(C(NC(=O)Cn2c(C(F)(F)F)nc3ccccc32)C(C)C)nc1C.[Fe+2],-1.5133319
TRZ02521,Cc1ccc(CSc2ccnc(-c3nnc(C)c(C)n3)c2)cc1,Fe2+,Cc1ccc(CSc2ccnc(-c3nnc(C)c(C)n3)c2)cc1.[Fe+2],-1.5168748
TRZ02644,Cc1nnc(-c2ncco2)nc1C,Fe2+,Cc1nnc(-c2ncco2)nc1C.[Fe+2],-1.5200658
TRZ01149,Cc1nnc(CSc2ccccc2Cl)nc1C,Fe2+,Cc1nnc(CSc2ccccc2Cl)nc1C.[Fe+2],-1.5200791
TRZ02519,Cc1nnc(-c2cc(SCc3ccc(Br)cc3)ccn2)nc1C,Fe2+,Cc1nnc(-c2cc(SCc3ccc(Br)cc3)ccn2)nc1C.[Fe+2],-1.5209336
TRZ02742,Cc1nnc(CCN(CCc2nnc(C)c(C)n2)c2ccc(Cl)cc2)nc1C,Fe2+,Cc1nnc(CCN(CCc2nnc(C)c(C)n2)c2ccc(Cl)cc2)nc1C.[Fe+2],-1.5217462
TRZ03293,CCOC(=O)C1CCC(c2ccc(NC(=O)c3nnc(C)c(C)n3)c(F)c2)CC1,Fe2+,CCOC(=O)C1CCC(c2ccc(NC(=O)c3nnc(C)c(C)n3)c(F)c2)CC1.[Fe+2],-1.5248408
TRZ05695,Cc1nnc(-c2c(OC(F)F)cnc3sccc23)nc1C,Fe2+,Cc1nnc(-c2c(OC(F)F)cnc3sccc23)nc1C.[Fe+2],-1.5286384
TRZ00488,Cc1nnc(-c2sccc2OCc2cccc(C(F)(F)F)c2)nc1C,Fe2+,Cc1nnc(-c2sccc2OCc2cccc(C(F)(F)F)c2)nc1C.[Fe+2],-1.5286841
TRZ00396,Cc1nnc(-c2sc(-c3ccccc3)nc2C)nc1C,Fe2+,Cc1nnc(-c2sc(-c3ccccc3)nc2C)nc1C.[Fe+2],-1.528687
TRZ03784,Cc1nnc(C(O)c2cc(F)cc(F)c2)nc1C,Fe2+,Cc1nnc(C(O)c2cc(F)cc(F)c2)nc1C.[Fe+2],-1.5321774
TRZ02220,Cc1nnc(-c2cc3ccc(C(F)(F)F)nc3o2)nc1C,Fe2+,Cc1nnc(-c2cc3ccc(C(F)(F)F)nc3o2)nc1C.[Fe+2],-1.5329967
TRZ00010,COc1ccccc1-c1nnc(C)c(C)n1,Fe2+,COc1ccccc1-c1nnc(C)c(C)n1.[Fe+2],-1.5354133
TRZ02411,Cc1nnc(-c2cc3c(C)nn(C)c3s2)nc1C,Fe2+,Cc1nnc(-c2cc3c(C)nn(C)c3s2)nc1C.[Fe+2],-1.5357156
TRZ02357,Cc1nnc(-c2c(C)c(C#N)c3ccccn23)nc1C,Fe2+,Cc1nnc(-c2c(C)c(C#N)c3ccccn23)nc1C.[Fe+2],-1.5359683
TRZ02699,Cc1nnc(-c2nccs2)nc1C,Fe2+,Cc1nnc(-c2nccs2)nc1C.[Fe+2],-1.5393443
TRZ04628,COc1c(-c2nnc(C)c(C)n2)ccc2n[nH]c(/C=C/c3cccc(F)c3)c12,Fe2+,COc1c(-c2nnc(C)c(C)n2)ccc2n[nH]c(/C=C/c3cccc(F)c3)c12.[Fe+2],-1.5434079
TRZ02202,Cc1nnc(-c2ncoc2C(F)(F)F)nc1C,Fe2+,Cc1nnc(-c2ncoc2C(F)(F)F)nc1C.[Fe+2],-1.543531
TRZ02281,Cc1nnc(-c2nnc(N)o2)nc1C,Fe2+,Cc1nnc(-c2nnc(N)o2)nc1C.[Fe+2],-1.5498462
TRZ03361,Cc1nnc(C(=O)Nc2cccc(C(F)(F)F)c2Cl)nc1C,Fe2+,Cc1nnc(C(=O)Nc2cccc(C(F)(F)F)c2Cl)nc1C.[Fe+2],-1.5498471
TRZ02749,Cc1nnc(-c2nc(-c3ccccc3)cs2)nc1C,Fe2+,Cc1nnc(-c2nc(-c3ccccc3)cs2)nc1C.[Fe+2],-1.5501552
TRZ01599,Cc1nnc(-c2cc(SCc3cccc(C(F)(F)F)c3)ccn2)nc1C,Fe2+,Cc1nnc(-c2cc(SCc3cccc(C(F)(F)F)c3)ccn2)nc1C.[Fe+2],-1.5502706
TRZ04949,Cc1cc(C(=O)N[C@H](C(=O)N[C@@H](Cc2ccc(F)cc2)c2nnc(C)c(C)n2)C(C)C)no1,Fe2+,Cc1cc(C(=O)N[C@H](C(=O)N[C@@H](Cc2ccc(F)cc2)c2nnc(C)c(C)n2)C(C)C)no1.[Fe+2],-1.5508971
TRZ03026,C=Nc1ccc(F)cc1-c1nnc(C)c(C)n1,Fe2+,C=Nc1ccc(F)cc1-c1nnc(C)c(C)n1.[Fe+2],-1.5513186
TRZ00403,Cc1nnc(C(C)Nc2ccc(Cl)c(Cl)c2)nc1C,Fe2+,Cc1nnc(C(C)Nc2ccc(Cl)c(Cl)c2)nc1C.[Fe+2],-1.5534883
TRZ02522,Cc1nnc(-c2cc(SCc3cccc(C#N)c3)ccn2)nc1C,Fe2+,Cc1nnc(-c2cc(SCc3cccc(C#N)c3)ccn2)nc1C.[Fe+2],-1.5581927
TRZ02518,Cc1nnc(-c2cc(SCc3cccc(Br)c3)ccn2)nc1C,Fe2+,Cc1nnc(-c2cc(SCc3cccc(Br)c3)ccn2)nc1C.[Fe+2],-1.5586076
TRZ04189,Cc1nnc(C(=O)NCc2cc(CF)cc(C(F)(F)F)c2)nc1C,Fe2+,Cc1nnc(C(=O)NCc2cc(CF)cc(C(F)(F)F)c2)nc1C.[Fe+2],-1.5603614
TRZ03052,Cc1nnc(C(C)Oc2cccc(F)c2)nc1C,Fe2+,Cc1nnc(C(C)Oc2cccc(F)c2)nc1C.[Fe+2],-1.5609422
TRZ00679,Cc1nnc(-c2sccc2OCc2ccc(F)cc2)nc1C,Fe2+,Cc1nnc(-c2sccc2OCc2ccc(F)cc2)nc1C.[Fe+2],-1.5633588
TRZ02168,Cc1nnc(-c2ccc(-c3ccc(Br)cc3)s2)nc1C,Fe2+,Cc1nnc(-c2ccc(-c3ccc(Br)cc3)s2)nc1C.[Fe+2],-1.5635982
TRZ00438,Cc1csc(-c2nnc(C)c(C)n2)c1,Fe2+,Cc1csc(-c2nnc(C)c(C)n2)c1.[Fe+2],-1.5652518
TRZ01095,Cc1nnc(-c2sccc2-n2c(C)ccc2C)nc1C,Fe2+,Cc1nnc(-c2sccc2-n2c(C)ccc2C)nc1C.[Fe+2],-1.5661616
TRZ04853,Cc1nnc([C@H](N)Cc2c(F)c(F)c(F)c(F)c2F)nc1C,Fe2+,Cc1nnc([C@H](N)Cc2c(F)c(F)c(F)c(F)c2F)nc1C.[Fe+2],-1.5695653
TRZ01279,COc1ccc(-c2nnc(C)c(C)n2)c(OC)c1,Fe2+,COc1ccc(-c2nnc(C)c(C)n2)c(OC)c1.[Fe+2],-1.5725541
TRZ03483,Cc1nnc(-c2csc(-c3ccc(C(C)(C)O)cc3F)n2)nc1C,Fe2+,Cc1nnc(-c2csc(-c3ccc(C(C)(C)O)cc3F)n2)nc1C.[Fe+2],-1.5733933
TRZ01672,COc1ccc(C(=O)Nc2nc(C)c(-c3nnc(C)c(C)n3)s2)cc1,Fe2+,COc1ccc(C(=O)Nc2nc(C)c(-c3nnc(C)c(C)n3)s2)cc1.[Fe+2],-1.5735965
TRZ04103,Cc1nnc(C2(C)C=C(c3ccc(OC(F)F)c(OCc4ccccc4)c3)NO2)nc1C,Fe2+,Cc1nnc(C2(C)C=C(c3ccc(OC(F)F)c(OCc4ccccc4)c3)NO2)nc1C.[Fe+2],-1.5742984
TRZ02731,Cc1nn2c(C)c(-c3nnc(C)c(C)n3)nc2s1,Fe2+,Cc1nn2c(C)c(-c3nnc(C)c(C)n3)nc2s1.[Fe+2],-1.5761943
TRZ04202,Cc1nnc(/C=C\n2cnc(-c3cc(CF)cc(C(F)(F)F)c3)n2)nc1C,Fe2+,Cc1nnc(/C=C\n2cnc(-c3cc(CF)cc(C(F)(F)F)c3)n2)nc1C.[Fe+2],-1.5771165
TRZ02002,CC(=O)N[C@@H](Cc1ccccc1)c1nnc(C)c(C)n1,Fe2+,CC(=O)N[C@@H](Cc1ccccc1)c1nnc(C)c(C)n1.[Fe+2],-1.5790544
TRZ03522,Cc1nnc(CNc2cccc(F)c2F)nc1C,Fe2+,Cc1nnc(CNc2cccc(F)c2F)nc1C.[Fe+2],-1.5800366
TRZ00079,Cc1nnc(-c2cc(Br)cs2)nc1C,Fe2+,Cc1nnc(-c2cc(Br)cs2)nc1C.[Fe+2],-1.5805964
TRZ00112,Cc1nnc(-c2ccc(COc3ccc4ccccc4c3)o2)nc1C,Fe2+,Cc1nnc(-c2ccc(COc3ccc4ccccc4c3)o2)nc1C.[Fe+2],-1.5808911
TRZ00887,Cc1nnc(-c2cc(-c3ccc(Br)cc3)on2)nc1C,Fe2+,Cc1nnc(-c2cc(-c3ccc(Br)cc3)on2)nc1C.[Fe+2],-1.581325
TRZ03377,CCn1nc(C(F)(F)F)cc1C(=O)Nc1c(C)cc(Cl)cc1-c1nnc(C)c(C)n1,Fe2+,CCn1nc(C(F)(F)F)cc1C(=O)Nc1c(C)cc(Cl)cc1-c1nnc(C)c(C)n1.[Fe+2],-1.5822263
TRZ04117,Cc1nnc(C(C)c2nc(C(C)(F)F)cs2)nc1C,Fe2+,Cc1nnc(C(C)c2nc(C(C)(F)F)cs2)nc1C.[Fe+2],-1.5836663
TRZ02379,Cc1nnc(-c2nc(-c3ccccc3)c(C)o2)nc1C,Fe2+,Cc1nnc(-c2nc(-c3ccccc3)c(C)o2)nc1C.[Fe+2],-1.5847936
TRZ01650,CC1=CCCC(C)(C)C1/C=C/c1cc(-c2nnc(C)c(C)n2)no1,Fe2+,CC1=CCCC(C)(C)C1/C=C/c1cc(-c2nnc(C)c(C)n2)no1.[Fe+2],-1.5879474
TRZ00298,Cc1nnc(C2COc3cc4ccccc4cc3O2)nc1C,Fe2+,Cc1nnc(C2COc3cc4ccccc4cc3O2)nc1C.[Fe+2],-1.590097
TRZ02100,Cc1ccc(CNC(=O)c2nnc(C)c(C)n2)cc1F,Fe2+,Cc1ccc(CNC(=O)c2nnc(C)c(C)n2)cc1F.[Fe+2],-1.5945287
TRZ02777,Cc1nnc(-c2nnco2)nc1C,Fe2+,Cc1nnc(-c2nnco2)nc1C.[Fe+2],-1.5963769
TRZ05830,COCC=Cc1cc(C(F)(F)F)cnc1-c1nnc(C)c(C)n1,Fe2+,COCC=Cc1cc(C(F)(F)F)cnc1-c1nnc(C)c(C)n1.[Fe+2],-1.5980897
TRZ01475,Cc1nnc(COCc2ccccc2)nc1C,Fe2+,Cc1nnc(COCc2ccccc2)nc1C.[Fe+2],-1.6010575
TRZ03105,Cc1nnc(-c2ccc(F)nc2F)nc1C,Fe2+,Cc1nnc(-c2ccc(F)nc2F)nc1C.[Fe+2],-1.6030002
TRZ00184,Cc1nnc(C(C)Oc2ccccc2F)nc1C,Fe2+,Cc1nnc(C(C)Oc2ccccc2F)nc1C.[Fe+2],-1.6031156
TRZ01125,Cc1cc(C)nc(-c2nnc(C)c(C)n2)n1,Fe2+,Cc1cc(C)nc(-c2nnc(C)c(C)n2)n1.[Fe+2],-1.6032472
TRZ02464,Cc1nnc(C(C)Oc2ccc(C#N)cc2)nc1C,Fe2+,Cc1nnc(C(C)Oc2ccc(C#N)cc2)nc1C.[Fe+2],-1.6055665
TRZ03198,Cc1nnc(C2(Oc3ccc(C(F)(F)F)cc3)CCC2)nc1C,Fe2+,Cc1nnc(C2(Oc3ccc(C(F)(F)F)cc3)CCC2)nc1C.[Fe+2],-1.6091838
TRZ00121,Cc1nnc(-c2ccc(Cn3nc(C)c(Cl)c3C)o2)nc1C,Fe2+,Cc1nnc(-c2ccc(Cn3nc(C)c(Cl)c3C)o2)nc1C.[Fe+2],-1.6114945
TRZ05843,Cc1nnc(C(F)(F)C(O)C(C(=O)OCc2ccccc2)C(C)C)nc1C,Fe2+,Cc1nnc(C(F)(F)C(O)C(C(=O)OCc2ccccc2)C(C)C)nc1C.[Fe+2],-1.6131473
TRZ01677,COc1ccc(-n2nc(-c3nnc(C)c(C)n3)nc2-c2cc(OC)c(OC)c(OC)c2)cc1,Fe2+,COc1ccc(-n2nc(-c3nnc(C)c(C)n3)nc2-c2cc(OC)c(OC)c(OC)c2)cc1.[Fe+2],-1.6133132
TRZ05699,Cc1nnc(-c2cc(Cl)cc(Br)c2OC(F)F)nc1C,Fe2+,Cc1nnc(-c2cc(Cl)cc(Br)c2OC(F)F)nc1C.[Fe+2],-1.614161
TRZ04044,Cc1nnc(-c2csc(C(F)(F)F)n2)nc1C,Fe2+,Cc1nnc(-c2csc(C(F)(F)F)n2)nc1C.[Fe+2],-1.6146026
TRZ01243,COC(c1ccccc1)c1nnc(C)c(C)n1,Fe2+,COC(c1ccccc1)c1nnc(C)c(C)n1.[Fe+2],-1.6155314
TRZ03777,Cc1nnc(-c2nccc(Cl)c2C(F)(F)F)nc1C,Fe2+,Cc1nnc(-c2nccc(Cl)c2C(F)(F)F)nc1C.[Fe+2],-1.6182408
TRZ05558,Cc1nnc(-c2nc3cc(C#N)c(F)cc3s2)nc1C,Fe2+,Cc1nnc(-c2nc3cc(C#N)c(F)cc3s2)nc1C.[Fe+2],-1.6199222
TRZ05934,Cc1nnc(C(c2nc(N)nc(Cl)c2Br)c2c(F)cccc2F)nc1C,Fe2+,Cc1nnc(C(c2nc(N)nc(Cl)c2Br)c2c(F)cccc2F)nc1C.[Fe+2],-1.6211286
TRZ01597,Cc1nnc(-c2cc(SCc3cccc(F)c3)ccn2)nc1C,Fe2+,Cc1nnc(-c2cc(SCc3cccc(F)c3)ccn2)nc1C.[Fe+2],-1.6232047
TRZ02445,CCCC(Oc1ccc(Br)cc1)c1nnc(C)c(C)n1,Fe2+,CCCC(Oc1ccc(Br)cc1)c1nnc(C)c(C)n1.[Fe+2],-1.6239972
TRZ00992,Cc1nnc(-c2cc(CC3CC4CCC3C4)c3ccccc3n2)nc1C,Fe2+,Cc1nnc(-c2cc(CC3CC4CCC3C4)c3ccccc3n2)nc1C.[Fe+2],-1.6241937
TRZ02867,Cc1nnc(-c2c(F)ncn2C)nc1C,Fe2+,Cc1nnc(-c2c(F)ncn2C)nc1C.[Fe+2],-1.628345
TRZ00740,Cc1nnc(-c2cnc(N)s2)nc1C,Fe2+,Cc1nnc(-c2cnc(N)s2)nc1C.[Fe+2],-1.6293197
TRZ02103,Cc1nnc(C(=O)NCc2cc(F)cc(F)c2)nc1C,Fe2+,Cc1nnc(C(=O)NCc2cc(F)cc(F)c2)nc1C.[Fe+2],-1.6296124
TRZ04159,Cc1nnc(C(F)Oc2ccccc2)nc1C,Fe2+,Cc1nnc(C(F)Oc2ccccc2)nc1C.[Fe+2],-1.6305385
TRZ03895,Cc1nnc(-c2cc(F)c(NCC3CC3)cc2NC2CCCC2)nc1C,Fe2+,Cc1nnc(-c2cc(F)c(NCC3CC3)cc2NC2CCCC2)nc1C.[Fe+2],-1.6306996
TRZ00213,COc1ccc(OCc2nnc(C)c(C)n2)cc1,Fe2+,COc1ccc(OCc2nnc(C)c(C)n2)cc1.[Fe+2],-1.6385455
TRZ05592,Cc1cc(-c2nnc(C)c(C)n2)nc(N2CCC(F)(F)C2)n1,Fe2+,Cc1cc(-c2nnc(C)c(C)n2)nc(N2CCC(F)(F)C2)n1.[Fe+2],-1.6385751
TRZ03192,Cc1nnc(C(C)(C)Oc2ccc(F)cc2F)nc1C,Fe2+,Cc1nnc(C(C)(C)Oc2ccc(F)cc2F)nc1C.[Fe+2],-1.6403689
TRZ05487,CCc1cc(C(F)(F)F)cnc1-c1nnc(C)c(C)n1,Fe2+,CCc1cc(C(F)(F)F)cnc1-c1nnc(C)c(C)n1.[Fe+2],-1.643292
TRZ01951,Cc1nnc(C(C)Oc2ccc(Br)cc2)nc1C,Fe2+,Cc1nnc(C(C)Oc2ccc(Br)cc2)nc1C.[Fe+2],-1.6442866
TRZ01963,Cc1nnc(C2COc3ccccc3O2)nc1C,Fe2+,Cc1nnc(C2COc3ccccc3O2)nc1C.[Fe+2],-1.6450963
TRZ00674,Cc1nnc(-c2sc(N3CCOCC3)nc2C)nc1C,Fe2+,Cc1nnc(-c2sc(N3CCOCC3)nc2C)nc1C.[Fe+2],-1.6460032
TRZ05264,Cc1nnc(-c2nnsc2C(F)(F)F)nc1C,Fe2+,Cc1nnc(-c2nnsc2C(F)(F)F)nc1C.[Fe+2],-1.6530023
TRZ03087,Cc1nnc(-c2c(NC(N)=O)cccc2-c2ccccc2C(F)(F)F)nc1C,Fe2+,Cc1nnc(-c2c(NC(N)=O)cccc2-c2ccccc2C(F)(F)F)nc1C.[Fe+2],-1.6532454
TRZ05603,Cc1nnc(C2CN(c3nnc(-c4cnc(NC5Cc6cc(F)c(F)cc6C5)nc4)o3)C2)nc1C,Fe2+,Cc1nnc(C2CN(c3nnc(-c4cnc(NC5Cc6cc(F)c(F)cc6C5)nc4)o3)C2)nc1C.[Fe+2],-1.6548381
TRZ03118,Cc1nnc(-c2ccc(F)cc2OC(F)(F)F)nc1C,Fe2+,Cc1nnc(-c2ccc(F)cc2OC(F)(F)F)nc1C.[Fe+2],-1.6578526
TRZ03802,Cc1nnc(C2C=CC=CC2(OCc2ccccc2)C(F)(F)F)nc1C,Fe2+,Cc1nnc(C2C=CC=CC2(OCc2ccccc2)C(F)(F)F)nc1C.[Fe+2],-1.6581683
TRZ00875,Cc1ccc(-c2nnc(C)c(C)n2)o1,Fe2+,Cc1ccc(-c2nnc(C)c(C)n2)o1.[Fe+2],-1.6616015
TRZ05884,Cc1nnc(-c2ccc(C(F)(F)F)nc2C(=O)c2c(F)cccc2F)nc1C,Fe2+,Cc1nnc(-c2ccc(C(F)(F)F)nc2C(=O)c2c(F)cccc2F)nc1C.[Fe+2],-1.6634164
TRZ02027,Cc1nnc(Cn2c([N+](=O)[O-])cnc2C)nc1C,Fe2+,Cc1nnc(Cn2c([N+](=O)[O-])cnc2C)nc1C.[Fe+2],-1.665853
TRZ00803,Cc1cccc(OC(C)c2nnc(C)c(C)n2)c1,Fe2+,Cc1cccc(OC(C)c2nnc(C)c(C)n2)c1.[Fe+2],-1.6672797
TRZ00530,Cc1nnc(-c2n[nH]c3c2CC(C2CCCCC2)CC3)nc1C,Fe2+,Cc1nnc(-c2n[nH]c3c2CC(C2CCCCC2)CC3)nc1C.[Fe+2],-1.6675687
TRZ05278,Cc1nnc(-c2cc(F)ccc2OC(F)(F)F)nc1C,Fe2+,Cc1nnc(-c2cc(F)ccc2OC(F)(F)F)nc1C.[Fe+2],-1.6686664
TRZ01451,Cc1cc(C)cc(OCc2nnc(C)c(C)n2)c1,Fe2+,Cc1cc(C)cc(OCc2nnc(C)c(C)n2)c1.[Fe+2],-1.6715388
TRZ02146,Cc1nnc(-c2cc3c(s2)CCC(C(C)(C)C)C3)nc1C,Fe2+,Cc1nnc(-c2cc3c(s2)CCC(C(C)(C)C)C3)nc1C.[Fe+2],-1.6727929
TRZ04462,CCSc1cc2c(cc1-c1nnc(C)c(C)n1)nc(C(F)(F)F)n2C,Fe2+,CCSc1cc2c(cc1-c1nnc(C)c(C)n1)nc(C(F)(F)F)n2C.[Fe+2],-1.6761174
TRZ01424,CCc1ccc2c(Cl)c(-c3nnc(C)c(C)n3)sc2c1,Fe2+,CCc1ccc2c(Cl)c(-c3nnc(C)c(C)n3)sc2c1.[Fe+2],-1.6787572
TRZ05369,Cc1nnc(-c2cc(C(F)(F)F)ccc2OC2CC2)nc1C,Fe2+,Cc1nnc(-c2cc(C(F)(F)F)ccc2OC2CC2)nc1C.[Fe+2],-1.6787658
TRZ01541,COc1cc2ncnc(SCc3nnc(C)c(C)n3)c2cc1OC,Fe2+,COc1cc2ncnc(SCc3nnc(C)c(C)n3)c2cc1OC.[Fe+2],-1.6829658
TRZ00995,COC1CCCC(c2cc(-c3nnc(C)c(C)n3)nc3ccccc23)C1,Fe2+,COC1CCCC(c2cc(-c3nnc(C)c(C)n3)nc3ccccc23)C1.[Fe+2],-1.684938
TRZ02017,Cc1nnc(-c2cnc(-c3nnc(C)c(C)n3)cn2)nc1C,Fe2+,Cc1nnc(-c2cnc(-c3nnc(C)c(C)n3)cn2)nc1C.[Fe+2],-1.6876855
TRZ05598,Cc1cc(-c2nnc(C)c(C)n2)nc(N2CCC(C(F)(F)F)C2)n1,Fe2+,Cc1cc(-c2nnc(C)c(C)n2)nc(N2CCC(C(F)(F)F)C2)n1.[Fe+2],-1.6889853
TRZ03164,Cc1nnc(-c2cc(-c3cccc(F)c3)on2)nc1C,Fe2+,Cc1nnc(-c2cc(-c3cccc(F)c3)on2)nc1C.[Fe+2],-1.6890159
TRZ04664,Cc1nnc(C(c2cc(Cl)ccn2)C2CC2(F)F)nc1C,Fe2+,Cc1nnc(C(c2cc(Cl)ccn2)C2CC2(F)F)nc1C.[Fe+2],-1.6890445
TRZ00155,Cc1nnc(-c2ccc(COc3ccc4c(c3)CCC4)o2)nc1C,Fe2+,Cc1nnc(-c2ccc(COc3ccc4c(c3)CCC4)o2)nc1C.[Fe+2],-1.691174
TRZ00372,Cc1nnc(-c2c(Cl)c(C)nn2C)nc1C,Fe2+,Cc1nnc(-c2c(Cl)c(C)nn2C)nc1C.[Fe+2],-1.6912274
TRZ02295,Cc1nnc(CSc2nc3ccccc3o2)nc1C,Fe2+,Cc1nnc(CSc2nc3ccccc3o2)nc1C.[Fe+2],-1.6942134
TRZ02881,Cc1nnc(-c2nc3cccc(C)n3c2F)nc1C,Fe2+,Cc1nnc(-c2nc3cccc(C)n3c2F)nc1C.[Fe+2],-1.6955409
TRZ02414,Cc1nnc(-c2ccsc2-n2c(C)ccc2C)nc1C,Fe2+,Cc1nnc(-c2ccsc2-n2c(C)ccc2C)nc1C.[Fe+2],-1.6973395
TRZ02672,Cc1nnc(Cn2nnnc2N)nc1C,Fe2+,Cc1nnc(Cn2nnnc2N)nc1C.[Fe+2],-1.6993613
TRZ04924,Cc1nnc(-c2ncc(CF)cc2Cl)nc1C,Fe2+,Cc1nnc(-c2ncc(CF)cc2Cl)nc1C.[Fe+2],-1.705236
TRZ05593,Cc1cc(-c2nnc(C)c(C)n2)nc(N2CCC(C(F)(F)F)CC2)n1,Fe2+,Cc1cc(-c2nnc(C)c(C)n2)nc(N2CCC(C(F)(F)F)CC2)n1.[Fe+2],-1.70612
TRZ05587,Cc1cc(-c2nnc(C)c(C)n2)nc(OCCC(F)(F)F)n1,Fe2+,Cc1cc(-c2nnc(C)c(C)n2)nc(OCCC(F)(F)F)n1.[Fe+2],-1.7120681
TRZ01404,Cc1nnc(COc2ccc(OCc3ccccc3)cc2)nc1C,Fe2+,Cc1nnc(COc2ccc(OCc3ccccc3)cc2)nc1C.[Fe+2],-1.7144341
TRZ05385,Cc1nnc(-c2nc3cnc(F)cc3s2)nc1C,Fe2+,Cc1nnc(-c2nc3cnc(F)cc3s2)nc1C.[Fe+2],-1.716702
TRZ01097,Cc1nnc(C(C)Oc2ccc(C(C)(C)C)cc2)nc1C,Fe2+,Cc1nnc(C(C)Oc2ccc(C(C)(C)C)cc2)nc1C.[Fe+2],-1.7180552
TRZ05641,Cc1nnc([C@]23CN(Cc4ccccc4)C[C@@]2(C(F)(F)F)C3)nc1C,Fe2+,Cc1nnc([C@]23CN(Cc4ccccc4)C[C@@]2(C(F)(F)F)C3)nc1C.[Fe+2],-1.7190585
TRZ02636,Cc1nnc(CSCc2ccccc2)nc1C,Fe2+,Cc1nnc(CSCc2ccccc2)nc1C.[Fe+2],-1.7236447
TRZ04291,CCCCc1cc(C(F)(F)F)cnc1-c1nnc(C)c(C)n1,Fe2+,CCCCc1cc(C(F)(F)F)cnc1-c1nnc(C)c(C)n1.[Fe+2],-1.7253137
TRZ00170,Cc1cccc(OCc2nnc(C)c(C)n2)c1,Fe2+,Cc1cccc(OCc2nnc(C)c(C)n2)c1.[Fe+2],-1.7303338
TRZ02542,C/C(=N\N)c1c(C)[nH]c(-c2nnc(C)c(C)n2)c1C,Fe2+,C/C(=N\N)c1c(C)[nH]c(-c2nnc(C)c(C)n2)c1C.[Fe+2],-1.7310252
TRZ03861,Cc1nnc(/C=C\n2cnc(-c3cc(OC(C)C)cc(C(F)(F)F)c3)n2)nc1C,Fe2+,Cc1nnc(/C=C\n2cnc(-c3cc(OC(C)C)cc(C(F)(F)F)c3)n2)nc1C.[Fe+2],-1.7335467
TRZ00127,CCOc1ccc(OCc2ccc(-c3nnc(C)c(C)n3)o2)cc1,Fe2+,CCOc1ccc(OCc2ccc(-c3nnc(C)c(C)n3)o2)cc1.[Fe+2],-1.7380338
TRZ05594,Cc1cc(-c2nnc(C)c(C)n2)nc(N2CC(F)(F)C2)n1,Fe2+,Cc1cc(-c2nnc(C)c(C)n2)nc(N2CC(F)(F)C2)n1.[Fe+2],-1.7447371
TRZ04219,Cc1nnc([C@@]23CC(F)(F)[C@@H](C)[C@H](/C=C/c4ccc(N)cn4)[C@@H]2[C@@H](C)OC3=O)nc1C,Fe2+,Cc1nnc([C@@]23CC(F)(F)[C@@H](C)[C@H](/C=C/c4ccc(N)cn4)[C@@H]2[C@@H](C)OC3=O)nc1C.[Fe+2],-1.7573724
TRZ02286,Cc1ccc(OCc2nnc(C)c(C)n2)cc1C,Fe2+,Cc1ccc(OCc2nnc(C)c(C)n2)cc1C.[Fe+2],-1.769155
TRZ02390,Cc1nnc(-c2sc(COc3ccc(C(C)(C)C)cc3)nc2C)nc1C,Fe2+,Cc1nnc(-c2sc(COc3ccc(C(C)(C)C)cc3)nc2C)nc1C.[Fe+2],-1.7693439
TRZ02914,Cc1nnc(-c2cc(C(F)(F)F)nn2C)nc1C,Fe2+,Cc1nnc(-c2cc(C(F)(F)F)nn2C)nc1C.[Fe+2],-1.7699552
TRZ01948,COC1(c2nnc(C)c(C)n2)COc2ccccc2O1,Fe2+,COC1(c2nnc(C)c(C)n2)COc2ccccc2O1.[Fe+2],-1.7755618
TRZ05707,CC(=O)N1N=C(c2nnc(C)c(C)n2)CC1(c1ccccc1)C(F)(F)F,Fe2+,CC(=O)N1N=C(c2nnc(C)c(C)n2)CC1(c1ccccc1)C(F)(F)F.[Fe+2],-1.7798381
TRZ05117,Cc1nnc(-c2scnc2C(F)(F)F)nc1C,Fe2+,Cc1nnc(-c2scnc2C(F)(F)F)nc1C.[Fe+2],-1.7810702
TRZ00124,Cc1ccc(-n2nc(-c3nnc(C)c(C)n3)c(C)c(C#N)c2=O)cc1Cl,Fe2+,Cc1ccc(-n2nc(-c3nnc(C)c(C)n3)c(C)c(C#N)c2=O)cc1Cl.[Fe+2],-1.7815394
TRZ05876,Cc1nnc(-c2c(C(=O)c3c(F)cccc3F)ccnc2Cl)nc1C,Fe2+,Cc1nnc(-c2c(C(=O)c3c(F)cccc3F)ccnc2Cl)nc1C.[Fe+2],-1.7833533
TRZ00087,Cc1nnc(COc2ccccc2)nc1C,Fe2+,Cc1nnc(COc2ccccc2)nc1C.[Fe+2],-1.7864413
TRZ02080,Cc1nnc(CNc2ccc(F)c(F)c2)nc1C,Fe2+,Cc1nnc(CNc2ccc(F)c(F)c2)nc1C.[Fe+2],-1.7871947
TRZ04877,Cc1nnc(-c2cn(C)nc2C(F)F)nc1C,Fe2+,Cc1nnc(-c2cn(C)nc2C(F)F)nc1C.[Fe+2],-1.7875228
TRZ04095,COc1ccc(F)cc1-c1ccc(CC(CC(=O)O)NC(=O)c2nnc(C)c(C)n2)cc1,Fe2+,COc1ccc(F)cc1-c1ccc(CC(CC(=O)O)NC(=O)c2nnc(C)c(C)n2)cc1.[Fe+2],-1.7897315
TRZ02591,CCn1nc(Cc2nnc(C)c(C)n2)nc1C,Fe2+,CCn1nc(Cc2nnc(C)c(C)n2)nc1C.[Fe+2],-1.7901378
TRZ02078,Cc1nnc(CNc2ccc(F)cc2F)nc1C,Fe2+,Cc1nnc(CNc2ccc(F)cc2F)nc1C.[Fe+2],-1.7904048
TRZ02280,Cc1nnc(COc2ccc(Br)cc2Br)nc1C,Fe2+,Cc1nnc(COc2ccc(Br)cc2Br)nc1C.[Fe+2],-1.7944694
TRZ04670,Cc1nnc(-c2ncc(C(F)(F)F)cc2C2CC2)nc1C,Fe2+,Cc1nnc(-c2ncc(C(F)(F)F)cc2C2CC2)nc1C.[Fe+2],-1.7963223
TRZ05037,COCC1C[C@H]1c1cc(C(F)(F)F)cnc1-c1nnc(C)c(C)n1,Fe2+,COCC1C[C@H]1c1cc(C(F)(F)F)cnc1-c1nnc(C)c(C)n1.[Fe+2],-1.8009973
TRZ02372,Cc1cc(SCc2nnc(C)c(C)n2)c(C)cc1Cl,Fe2+,Cc1cc(SCc2nnc(C)c(C)n2)c(C)cc1Cl.[Fe+2],-1.804666
TRZ01543,CSc1sc(-c2nnc(C)c(C)n2)c2c1C=CCC2,Fe2+,CSc1sc(-c2nnc(C)c(C)n2)c2c1C=CCC2.[Fe+2],-1.8052535
TRZ01563,Cc1nnc(Cn2nc(C(F)(F)F)c(Cl)c2C)nc1C,Fe2+,Cc1nnc(Cn2nc(C(F)(F)F)c(Cl)c2C)nc1C.[Fe+2],-1.8081203
TRZ00162,Cc1cc(-c2nnc(C)c(C)n2)c(C)o1,Fe2+,Cc1cc(-c2nnc(C)c(C)n2)c(C)o1.[Fe+2],-1.8123126
TRZ03880,Cc1nnc(-c2cc(Br)ccc2OC(F)(F)F)nc1C,Fe2+,Cc1nnc(-c2cc(Br)ccc2OC(F)(F)F)nc1C.[Fe+2],-1.8126864
TRZ02188,Cc1nnc([C@H](C)Oc2ccccc2)nc1C,Fe2+,Cc1nnc([C@H](C)Oc2ccccc2)nc1C.[Fe+2],-1.8210483
TRZ00514,Cc1nnc(-c2cc3c(s2)CCCCCC3)nc1C,Fe2+,Cc1nnc(-c2cc3c(s2)CCCCCC3)nc1C.[Fe+2],-1.8218846
TRZ02410,Cc1nnc(CSc2ncnc3c(C)csc23)nc1C,Fe2+,Cc1nnc(CSc2ncnc3c(C)csc23)nc1C.[Fe+2],-1.8232493
TRZ03143,COc1cc(NC(=O)c2ccc(F)cc2)ccc1-c1nnc(C)c(C)n1,Fe2+,COc1cc(NC(=O)c2ccc(F)cc2)ccc1-c1nnc(C)c(C)n1.[Fe+2],-1.8237662
TRZ02960,CO[C@@](c1ccccc1)(c1nnc(C)c(C)n1)C(F)(F)F,Fe2+,CO[C@@](c1ccccc1)(c1nnc(C)c(C)n1)C(F)(F)F.[Fe+2],-1.8257756
TRZ03627,COc1cc(-c2ccc(F)cc2)ccc1-c1nnc(C)c(C)n1,Fe2+,COc1cc(-c2ccc(F)cc2)ccc1-c1nnc(C)c(C)n1.[Fe+2],-1.8259883
TRZ04474,Cc1nnc(-c2c(C)ncn2CC(F)F)nc1C,Fe2+,Cc1nnc(-c2c(C)ncn2CC(F)F)nc1C.[Fe+2],-1.8292422
TRZ00063,COc1ccccc1OCc1nnc(C)c(C)n1,Fe2+,COc1ccccc1OCc1nnc(C)c(C)n1.[Fe+2],-1.8307195
TRZ02222,Cc1nnc(-c2sc(-c3cccc(F)c3)nc2C)nc1C,Fe2+,Cc1nnc(-c2sc(-c3cccc(F)c3)nc2C)nc1C.[Fe+2],-1.8309283
TRZ04218,Cc1ccc(/C=C/[C@@H]2[C@@H]3[C@@H](C)OC(=O)[C@]3(c3nnc(C)c(C)n3)CC(F)(F)[C@H]2C)nc1,Fe2+,Cc1ccc(/C=C/[C@@H]2[C@@H]3[C@@H](C)OC(=O)[C@]3(c3nnc(C)c(C)n3)CC(F)(F)[C@H]2C)nc1.[Fe+2],-1.8379884
TRZ03135,COc1cc(NC(=O)c2ccccc2F)ccc1-c1nnc(C)c(C)n1,Fe2+,COc1cc(NC(=O)c2ccccc2F)ccc1-c1nnc(C)c(C)n1.[Fe+2],-1.8417459
TRZ00458,Cc1cc(Cl)ccc1OCc1nnc(C)c(C)n1,Fe2+,Cc1cc(Cl)ccc1OCc1nnc(C)c(C)n1.[Fe+2],-1.8447881
TRZ05581,Cc1cc(-c2nnc(C)c(C)n2)nc(N2CCC(F)CC2)n1,Fe2+,Cc1cc(-c2nnc(C)c(C)n2)nc(N2CCC(F)CC2)n1.[Fe+2],-1.8472695
TRZ05332,Cc1nnc(-c2ccc(F)cc2NC(=O)Nc2cc(F)cc(F)c2)nc1C,Fe2+,Cc1nnc(-c2ccc(F)cc2NC(=O)Nc2cc(F)cc(F)c2)nc1C.[Fe+2],-1.8521008
TRZ01846,Cc1nnc(-c2cn(C)nc2C(F)(F)F)nc1C,Fe2+,Cc1nnc(-c2cn(C)nc2C(F)(F)F)nc1C.[Fe+2],-1.8525939
TRZ05313,Cc1nnc(-c2nc(Br)cnc2F)nc1C,Fe2+,Cc1nnc(-c2nc(Br)cnc2F)nc1C.[Fe+2],-1.854363
TRZ00611,Cc1nnc([C@H](Cc2ccccc2)NC(=O)Nc2ccc3c(c2)OCCO3)nc1C,Fe2+,Cc1nnc([C@H](Cc2ccccc2)NC(=O)Nc2ccc3c(c2)OCCO3)nc1C.[Fe+2],-1.857019
TRZ04098,Cc1nc(-c2nnc(C)c(C)n2)ccc1F,Fe2+,Cc1nc(-c2nnc(C)c(C)n2)ccc1F.[Fe+2],-1.8583503
TRZ02420,CSc1c(C#N)c(-c2ccccc2)nn1Cc1nnc(C)c(C)n1,Fe2+,CSc1c(C#N)c(-c2ccccc2)nn1Cc1nnc(C)c(C)n1.[Fe+2],-1.8630309
TRZ03195,Cc1nnc(C(C)(C)Oc2ccc(F)c(F)c2)nc1C,Fe2+,Cc1nnc(C(C)(C)Oc2ccc(F)c(F)c2)nc1C.[Fe+2],-1.8669639
TRZ01086,Cc1nnc(CSCc2c(C)c(C)c(C)c(C)c2C)nc1C,Fe2+,Cc1nnc(CSCc2c(C)c(C)c(C)c(C)c2C)nc1C.[Fe+2],-1.8699574
TRZ00422,Cc1nnc(-c2cc3c(s2)CCCCC3)nc1C,Fe2+,Cc1nnc(-c2cc3c(s2)CCCCC3)nc1C.[Fe+2],-1.8766751
TRZ02594,Cc1nnc(-c2sc3nc4ccccc4n3c2C)nc1C,Fe2+,Cc1nnc(-c2sc3nc4ccccc4n3c2C)nc1C.[Fe+2],-1.8773046
TRZ00432,Cc1nnc(-c2ccc(COc3ccccc3)o2)nc1C,Fe2+,Cc1nnc(-c2ccc(COc3ccccc3)o2)nc1C.[Fe+2],-1.8792901
TRZ04045,C=C[C@H](c1nnc(C)c(C)n1)C(O)c1cc(C(F)(F)F)cc(C(F)(F)F)c1,Fe2+,C=C[C@H](c1nnc(C)c(C)n1)C(O)c1cc(C(F)(F)F)cc(C(F)(F)F)c1.[Fe+2],-1.8795257
TRZ05540,Cc1nnc(-c2cc3cc(F)ccc3o2)nc1C,Fe2+,Cc1nnc(-c2cc3cc(F)ccc3o2)nc1C.[Fe+2],-1.8818183
TRZ02476,Cc1ccccc1C(=O)NC(CCc1nnc(C)c(C)n1)c1nnc(C)c(C)n1,Fe2+,Cc1ccccc1C(=O)NC(CCc1nnc(C)c(C)n1)c1nnc(C)c(C)n1.[Fe+2],-1.8835855
TRZ03935,Cc1cc(F)ccc1OCc1nnc(C)c(C)n1,Fe2+,Cc1cc(F)ccc1OCc1nnc(C)c(C)n1.[Fe+2],-1.884892
TRZ04242,CCC(c1nnc(C)c(C)n1)C(O)c1cc(C(F)(F)F)cc(C(F)(F)F)c1,Fe2+,CCC(c1nnc(C)c(C)n1)C(O)c1cc(C(F)(F)F)cc(C(F)(F)F)c1.[Fe+2],-1.8866324
TRZ02637,Cc1nnc(Cn2nnnc2C)nc1C,Fe2+,Cc1nnc(Cn2nnnc2C)nc1C.[Fe+2],-1.8901305
TRZ01466,Cc1nnc(CCOc2ccccc2)nc1C,Fe2+,Cc1nnc(CCOc2ccccc2)nc1C.[Fe+2],-1.8942323
TRZ01381,Cc1cc(C)c(C)c(/C=C(\c2nnc(C)c(C)n2)N(C)C)c1C,Fe2+,Cc1cc(C)c(C)c(/C=C(\c2nnc(C)c(C)n2)N(C)C)c1C.[Fe+2],-1.9006295
TRZ02030,Cc1nnc(-c2cc3c(s2)-c2ccccc2OC3)nc1C,Fe2+,Cc1nnc(-c2cc3c(s2)-c2ccccc2OC3)nc1C.[Fe+2],-1.9025931
TRZ05906,Cc1nnc(C(=O)Oc2c(F)cccc2F)nc1C,Fe2+,Cc1nnc(C(=O)Oc2c(F)cccc2F)nc1C.[Fe+2],-1.9054351
TRZ05509,CCOc1ccc(-c2cc(F)cc(-c3nnc(C)c(C)n3)n2)cc1,Fe2+,CCOc1ccc(-c2cc(F)cc(-c3nnc(C)c(C)n3)n2)cc1.[Fe+2],-1.9059243
TRZ02412,COc1c(Br)csc1-c1nnc(C)c(C)n1,Fe2+,COc1c(Br)csc1-c1nnc(C)c(C)n1.[Fe+2],-1.9066539
TRZ02307,C=CCc1ccccc1OCc1nnc(C)c(C)n1,Fe2+,C=CCc1ccccc1OCc1nnc(C)c(C)n1.[Fe+2],-1.9083934
TRZ03588,Cc1nnc(-c2cc(C)c3cc(C4CC4)cc(CF)c3n2)nc1C,Fe2+,Cc1nnc(-c2cc(C)c3cc(C4CC4)cc(CF)c3n2)nc1C.[Fe+2],-1.9094605
TRZ02797,Cc1nnc(CNc2ccc(Br)cc2F)nc1C,Fe2+,Cc1nnc(CNc2ccc(Br)cc2F)nc1C.[Fe+2],-1.9110217
TRZ00871,Cc1nc(C)c(-c2nnc(C)c(C)n2)s1,Fe2+,Cc1nc(C)c(-c2nnc(C)c(C)n2)s1.[Fe+2],-1.9170804
TRZ02770,Cc1nnc(C(C#N)=Cc2ccccc2)nc1C,Fe2+,Cc1nnc(C(C#N)=Cc2ccccc2)nc1C.[Fe+2],-1.9170995
TRZ03357,Cc1nnc(C(C)c2nc(C(F)(F)F)cs2)nc1C,Fe2+,Cc1nnc(C(C)c2nc(C(F)(F)F)cs2)nc1C.[Fe+2],-1.9215837
TRZ01306,Cc1nnc(Cc2scnc2C)nc1C,Fe2+,Cc1nnc(Cc2scnc2C)nc1C.[Fe+2],-1.9224687
TRZ00738,Cc1nnc(-c2nccnc2-c2nnc(C)c(C)n2)nc1C,Fe2+,Cc1nnc(-c2nccnc2-c2nnc(C)c(C)n2)nc1C.[Fe+2],-1.925427
TRZ05775,Cc1nnc(-c2noc(C)c2F)nc1C,Fe2+,Cc1nnc(-c2noc(C)c2F)nc1C.[Fe+2],-1.9263873
TRZ00408,Cc1nnc(COc2ccccc2F)nc1C,Fe2+,Cc1nnc(COc2ccccc2F)nc1C.[Fe+2],-1.9265571
TRZ05573,Cc1nnc(C2(n3cc(N=O)c(F)n3)CC2)nc1C,Fe2+,Cc1nnc(C2(n3cc(N=O)c(F)n3)CC2)nc1C.[Fe+2],-1.9311242
TRZ00677,Cc1ccc(COc2ccsc2-c2nnc(C)c(C)n2)cc1,Fe2+,Cc1ccc(COc2ccsc2-c2nnc(C)c(C)n2)cc1.[Fe+2],-1.9330554
TRZ03201,Cc1nnc(C(C)(C)Oc2c(F)cccc2F)nc1C,Fe2+,Cc1nnc(C(C)(C)Oc2c(F)cccc2F)nc1C.[Fe+2],-1.9334159
TRZ02795,Cc1nnc(CNc2ccc(F)cc2Cl)nc1C,Fe2+,Cc1nnc(CNc2ccc(F)cc2Cl)nc1C.[Fe+2],-1.9337487
TRZ01953,Cc1nnc(Cc2nc(C)n(C)n2)nc1C,Fe2+,Cc1nnc(Cc2nc(C)n(C)n2)nc1C.[Fe+2],-1.9337592
TRZ01952,COc1ccccc1OC(C)c1nnc(C)c(C)n1,Fe2+,COc1ccccc1OC(C)c1nnc(C)c(C)n1.[Fe+2],-1.9343247
TRZ03980,CCOC(=O)C[C@@H](Cc1ccc(-c2cc(F)ccc2OC)cc1)NC(=O)c1nnc(C)c(C)n1,Fe2+,CCOC(=O)C[C@@H](Cc1ccc(-c2cc(F)ccc2OC)cc1)NC(=O)c1nnc(C)c(C)n1.[Fe+2],-1.9371142
TRZ04927,COC[C@@H]1C[C@H]1c1cc(C(F)(F)F)cnc1-c1nnc(C)c(C)n1,Fe2+,COC[C@@H]1C[C@H]1c1cc(C(F)(F)F)cnc1-c1nnc(C)c(C)n1.[Fe+2],-1.9380298
TRZ03995,Cc1nnc(C2=C(Cl)c3ccc(F)cc3/S2=C(/CC=O)C(F)(F)F)nc1C,Fe2+,Cc1nnc(C2=C(Cl)c3ccc(F)cc3/S2=C(/CC=O)C(F)(F)F)nc1C.[Fe+2],-1.9398627
TRZ05597,Cc1cc(-c2nnc(C)c(C)n2)nc(N2CC(F)(F)CC(F)(F)C2)n1,Fe2+,Cc1cc(-c2nnc(C)c(C)n2)nc(N2CC(F)(F)CC(F)(F)C2)n1.[Fe+2],-1.9402719
TRZ02200,COc1cc(-c2nnc(C)c(C)n2)nc2ccc(F)cc12,Fe2+,COc1cc(-c2nnc(C)c(C)n2)nc2ccc(F)cc12.[Fe+2],-1.9403205
TRZ01399,COc1ccc(/C(=N/N)c2nnc(C)c(C)n2)cc1OC,Fe2+,COc1ccc(/C(=N/N)c2nnc(C)c(C)n2)cc1OC.[Fe+2],-1.9409709
TRZ03932,Cc1nnc(C(C)Oc2ccc(C#N)c(F)c2)nc1C,Fe2+,Cc1nnc(C(C)Oc2ccc(C#N)c(F)c2)nc1C.[Fe+2],-1.9424071
TRZ05776,Cc1nnc(-c2cc(C(F)(F)F)on2)nc1C,Fe2+,Cc1nnc(-c2cc(C(F)(F)F)on2)nc1C.[Fe+2],-1.942946
TRZ02074,Cc1nnc(C(C)Oc2ccc(F)cc2Cl)nc1C,Fe2+,Cc1nnc(C(C)Oc2ccc(F)cc2Cl)nc1C.[Fe+2],-1.9443231
TRZ05696,Cc1nnc(-c2cc(Br)cnc2OC(F)F)nc1C,Fe2+,Cc1nnc(-c2cc(Br)cnc2OC(F)F)nc1C.[Fe+2],-1.9562726
TRZ01499,Cc1nnc(CNc2cccc(Cl)c2F)nc1C,Fe2+,Cc1nnc(CNc2cccc(Cl)c2F)nc1C.[Fe+2],-1.9571052
TRZ05810,Cc1nnc(C2=C(Cl)c3ccc(F)cc3S2=C(CC(=O)F)C(F)F)nc1C,Fe2+,Cc1nnc(C2=C(Cl)c3ccc(F)cc3S2=C(CC(=O)F)C(F)F)nc1C.[Fe+2],-1.9607263
TRZ02034,Cc1nnc(CSc2ccccc2)nc1C,Fe2+,Cc1nnc(CSc2ccccc2)nc1C.[Fe+2],-1.9621291
TRZ05809,Cc1nnc(C2=C(Cl)c3ccc(F)cc3S2=C(CC=O)C(F)(F)F)nc1C,Fe2+,Cc1nnc(C2=C(Cl)c3ccc(F)cc3S2=C(CC=O)C(F)(F)F)nc1C.[Fe+2],-1.9663959
TRZ03046,Cc1nnc(C(=O)Nc2cccc(Cl)c2F)nc1C,Fe2+,Cc1nnc(C(=O)Nc2cccc(Cl)c2F)nc1C.[Fe+2],-1.9676614
TRZ03977,Cc1nnc(-c2nc(Br)c(C(F)(F)F)nc2N)nc1C,Fe2+,Cc1nnc(-c2nc(Br)c(C(F)(F)F)nc2N)nc1C.[Fe+2],-1.9701076
TRZ01446,CCc1ccc(-c2nnc(C)c(C)n2)s1,Fe2+,CCc1ccc(-c2nnc(C)c(C)n2)s1.[Fe+2],-1.9714732
TRZ00214,Cc1ccc(OCc2nnc(C)c(C)n2)cc1,Fe2+,Cc1ccc(OCc2nnc(C)c(C)n2)cc1.[Fe+2],-1.9716878
TRZ03316,CCc1ccc(Nc2c(-c3nnc(C)c(C)n3)ccc(F)c2F)c(F)c1,Fe2+,CCc1ccc(Nc2c(-c3nnc(C)c(C)n3)ccc(F)c2F)c(F)c1.[Fe+2],-1.9717135
TRZ05777,Cc1nnc(-c2cc(C(F)F)on2)nc1C,Fe2+,Cc1nnc(-c2cc(C(F)F)on2)nc1C.[Fe+2],-1.9719758
TRZ03699,Cc1nnc(CCN(CCc2nnc(C)c(C)n2)c2ccc(F)cc2)nc1C,Fe2+,Cc1nnc(CCN(CCc2nnc(C)c(C)n2)c2ccc(F)cc2)nc1C.[Fe+2],-1.972754
TRZ00111,Cc1cc(C)cc(OCc2ccc(-c3nnc(C)c(C)n3)o2)c1,Fe2+,Cc1cc(C)cc(OCc2ccc(-c3nnc(C)c(C)n3)o2)c1.[Fe+2],-1.9743648
TRZ01502,Cc1nnc(COc2cccc(Br)c2)nc1C,Fe2+,Cc1nnc(COc2cccc(Br)c2)nc1C.[Fe+2],-1.980103
TRZ02134,Cc1nnc(-c2cc3c(s2)CCCC3)nc1C,Fe2+,Cc1nnc(-c2cc3c(s2)CCCC3)nc1C.[Fe+2],-1.9809184
TRZ00451,Cc1nnc(-c2snnc2C)nc1C,Fe2+,Cc1nnc(-c2snnc2C)nc1C.[Fe+2],-1.9827027
TRZ01885,CCn1c(SCc2nnc(C)c(C)n2)nnc1-c1ccco1,Fe2+,CCn1c(SCc2nnc(C)c(C)n2)nnc1-c1ccco1.[Fe+2],-1.9832416
TRZ04290,CC/C=C/c1cc(C(F)(F)F)cnc1-c1nnc(C)c(C)n1,Fe2+,CC/C=C/c1cc(C(F)(F)F)cnc1-c1nnc(C)c(C)n1.[Fe+2],-1.9904828
TRZ00838,Cc1nnc(-c2scnc2C)nc1C,Fe2+,Cc1nnc(-c2scnc2C)nc1C.[Fe+2],-1.9908891
TRZ02294,CCCc1nn2cc(Cc3nnc(C)c(C)n3)nc2s1,Fe2+,CCCc1nn2cc(Cc3nnc(C)c(C)n3)nc2s1.[Fe+2],-1.9917512
TRZ02029,Cc1nnc(-c2cc(Br)cc(Br)c2N)nc1C,Fe2+,Cc1nnc(-c2cc(Br)cc(Br)c2N)nc1C.[Fe+2],-1.9953618
TRZ01996,Cc1nnc(CCn2nnc(-c3cccc(Cl)c3Cl)n2)nc1C,Fe2+,Cc1nnc(CCn2nnc(-c3cccc(Cl)c3Cl)n2)nc1C.[Fe+2],-1.9990935
TRZ00271,Cc1nnc(-c2ccc(-n3c(C)ccc3C)s2)nc1C,Fe2+,Cc1nnc(-c2ccc(-n3c(C)ccc3C)s2)nc1C.[Fe+2],-2.003408
TRZ02959,CO[C@](c1ccccc1)(c1nnc(C)c(C)n1)C(F)(F)F,Fe2+,CO[C@](c1ccccc1)(c1nnc(C)c(C)n1)C(F)(F)F.[Fe+2],-2.0052447
TRZ00468,Cc1nnc(CSc2ccccc2F)nc1C,Fe2+,Cc1nnc(CSc2ccccc2F)nc1C.[Fe+2],-2.0087428
TRZ04034,Cc1nnc(-c2nnc(C(F)(F)F)c(C(F)(F)F)n2)nc1C,Fe2+,Cc1nnc(-c2nnc(C(F)(F)F)c(C(F)(F)F)n2)nc1C.[Fe+2],-2.0089517
TRZ05698,Cc1nnc(-c2c(F)ccc3c2OCCO3)nc1C,Fe2+,Cc1nnc(-c2c(F)ccc3c2OCCO3)nc1C.[Fe+2],-2.010508
TRZ03909,CCn1nc(C(F)(F)F)c(C)c1C(=O)Nc1c(C)cc(Cl)cc1-c1nnc(C)c(C)n1,Fe2+,CCn1nc(C(F)(F)F)c(C)c1C(=O)Nc1c(C)cc(Cl)cc1-c1nnc(C)c(C)n1.[Fe+2],-2.0116963
TRZ00487,Cc1nnc(-c2c(C)nn(C)c2C)nc1C,Fe2+,Cc1nnc(-c2c(C)nn(C)c2C)nc1C.[Fe+2],-2.0188718
TRZ02619,Cc1nnc(-c2ccc(-c3nnc(C)c(C)n3)s2)nc1C,Fe2+,Cc1nnc(-c2ccc(-c3nnc(C)c(C)n3)s2)nc1C.[Fe+2],-2.0284677
TRZ00856,COc1ccccc1SCc1nnc(C)c(C)n1,Fe2+,COc1ccccc1SCc1nnc(C)c(C)n1.[Fe+2],-2.0328927
TRZ02365,Cc1ccc(SCCc2nnc(C)c(C)n2)cc1,Fe2+,Cc1ccc(SCCc2nnc(C)c(C)n2)cc1.[Fe+2],-2.0336633
TRZ02105,CO/N=C(/c1nnc(C)c(C)n1)c1ccccc1COc1cc(C)ccc1C,Fe2+,CO/N=C(/c1nnc(C)c(C)n1)c1ccccc1COc1cc(C)ccc1C.[Fe+2],-2.0438905
TRZ02667,CCc1nn(C)c(-c2nnc(C)c(C)n2)c1Cl,Fe2+,CCc1nn(C)c(-c2nnc(C)c(C)n2)c1Cl.[Fe+2],-2.0460057
TRZ02088,Cc1nnc(-c2nn(C)c(C(F)(F)F)c2Br)nc1C,Fe2+,Cc1nnc(-c2nn(C)c(C(F)(F)F)c2Br)nc1C.[Fe+2],-2.047793
TRZ02911,Cc1nnc(COc2ccc(F)cc2Cl)nc1C,Fe2+,Cc1nnc(COc2ccc(F)cc2Cl)nc1C.[Fe+2],-2.048204
TRZ03964,C=C[C@H](c1nnc(C)c(C)n1)[C@H](O)c1cc(C(F)(F)F)cc(C(F)(F)F)c1,Fe2+,C=C[C@H](c1nnc(C)c(C)n1)[C@H](O)c1cc(C(F)(F)F)cc(C(F)(F)F)c1.[Fe+2],-2.0482163
TRZ01223,Cc1ccc(SCc2nnc(C)c(C)n2)cc1,Fe2+,Cc1ccc(SCc2nnc(C)c(C)n2)cc1.[Fe+2],-2.048778
TRZ02574,COc1cc2c(cc1OC)C(c1nnc(C)c(C)n1)C(C)=NN=C2C,Fe2+,COc1cc2c(cc1OC)C(c1nnc(C)c(C)n1)C(C)=NN=C2C.[Fe+2],-2.0494666
TRZ01437,Cc1ccc(C)c(OCc2nnc(C)c(C)n2)c1,Fe2+,Cc1ccc(C)c(OCc2nnc(C)c(C)n2)c1.[Fe+2],-2.0494761
TRZ03101,Cc1nnc(-c2ncc(F)cc2F)nc1C,Fe2+,Cc1nnc(-c2ncc(F)cc2F)nc1C.[Fe+2],-2.0496392
TRZ00172,Cc1cc(-c2nnc(C)c(C)n2)no1,Fe2+,Cc1cc(-c2nnc(C)c(C)n2)no1.[Fe+2],-2.0515199
TRZ02465,CCOc1ccc(OC(C)c2nnc(C)c(C)n2)cc1,Fe2+,CCOc1ccc(OC(C)c2nnc(C)c(C)n2)cc1.[Fe+2],-2.052833
TRZ04293,CC[C@@H]1C[C@H]1c1cc(C(F)(F)F)cnc1-c1nnc(C)c(C)n1,Fe2+,CC[C@@H]1C[C@H]1c1cc(C(F)(F)F)cnc1-c1nnc(C)c(C)n1.[Fe+2],-2.0530515
TRZ03696,COc1ccc(F)cc1-c1nnc(C)c(C)n1,Fe2+,COc1ccc(F)cc1-c1nnc(C)c(C)n1.[Fe+2],-2.056789
TRZ02009,Cc1nnc(-c2cc3c(s2)-c2ccccc2CC3)nc1C,Fe2+,Cc1nnc(-c2cc3c(s2)-c2ccccc2CC3)nc1C.[Fe+2],-2.0578084
TRZ00859,Cc1nsc(-c2nnc(C)c(C)n2)n1,Fe2+,Cc1nsc(-c2nnc(C)c(C)n2)n1.[Fe+2],-2.0633864
TRZ05281,Cc1nnc(-c2ccccc2OC(F)(F)C(F)F)nc1C,Fe2+,Cc1nnc(-c2ccccc2OC(F)(F)C(F)F)nc1C.[Fe+2],-2.066671
TRZ05808,Cc1nnc(C2=Cc3ccc(F)cc3S2=C(CC(=O)F)C(F)F)nc1C,Fe2+,Cc1nnc(C2=Cc3ccc(F)cc3S2=C(CC(=O)F)C(F)F)nc1C.[Fe+2],-2.071259
TRZ00732,Cc1nnc(C(C)Oc2ccccc2)nc1C,Fe2+,Cc1nnc(C(C)Oc2ccccc2)nc1C.[Fe+2],-2.0723166
TRZ05139,COc1ccc(C(F)(F)F)cc1-c1nnc(C)c(C)n1,Fe2+,COc1ccc(C(F)(F)F)cc1-c1nnc(C)c(C)n1.[Fe+2],-2.0775056
TRZ04082,Cc1nnc(-c2ccnc(C(F)(F)F)n2)nc1C,Fe2+,Cc1nnc(-c2ccnc(C(F)(F)F)n2)nc1C.[Fe+2],-2.079018
TRZ02386,Cc1nnc(-c2cc(COc3c(Cl)cccc3Cl)on2)nc1C,Fe2+,Cc1nnc(-c2cc(COc3c(Cl)cccc3Cl)on2)nc1C.[Fe+2],-2.0795856
TRZ03194,Cc1cc(F)c(OC(C)(C)c2nnc(C)c(C)n2)c(F)c1,Fe2+,Cc1cc(F)c(OC(C)(C)c2nnc(C)c(C)n2)c(F)c1.[Fe+2],-2.0843263
TRZ03603,C=C(F)c1c(-c2nnc(C)c(C)n2)c(C)c2n1[C@@H](C)CN(C(C)C)C2=O,Fe2+,C=C(F)c1c(-c2nnc(C)c(C)n2)c(C)c2n1[C@@H](C)CN(C(C)C)C2=O.[Fe+2],-2.087399
TRZ00905,CCOc1ccc(CC(c2nnc(C)c(C)n2)c2nnc(C)c(C)n2)cc1CN(C)C,Fe2+,CCOc1ccc(CC(c2nnc(C)c(C)n2)c2nnc(C)c(C)n2)cc1CN(C)C.[Fe+2],-2.0894332
TRZ00831,Cc1cccc(OC(C)c2nnc(C)c(C)n2)c1C,Fe2+,Cc1cccc(OC(C)c2nnc(C)c(C)n2)c1C.[Fe+2],-2.0895658
TRZ05569,Cc1nnc(C(CCCCC2OCCO2)(OCc2ccccc2)C(F)(F)F)nc1C,Fe2+,Cc1nnc(C(CCCCC2OCCO2)(OCc2ccccc2)C(F)(F)F)nc1C.[Fe+2],-2.091968
TRZ00836,Cc1nnc(-c2ncoc2C)nc1C,Fe2+,Cc1nnc(-c2ncoc2C)nc1C.[Fe+2],-2.0927005
TRZ02242,Cc1nnc(C(Cc2ccccc2)NC(=O)Cn2c(C(F)(F)F)nc3ccccc32)nc1C,Fe2+,Cc1nnc(C(Cc2ccccc2)NC(=O)Cn2c(C(F)(F)F)nc3ccccc32)nc1C.[Fe+2],-2.0983624
TRZ01100,Cc1nnc(-c2nc(C(C)C)cs2)nc1C,Fe2+,Cc1nnc(-c2nc(C(C)C)cs2)nc1C.[Fe+2],-2.1136146
TRZ00284,Cc1csc(-c2nnc(C)c(C)n2)c1N(C)C,Fe2+,Cc1csc(-c2nnc(C)c(C)n2)c1N(C)C.[Fe+2],-2.1201844
TRZ04259,CCOC(=O)CC(Cc1ccc(-c2cc(F)ccc2OC)cc1)NC(=O)c1nnc(C)c(C)n1,Fe2+,CCOC(=O)CC(Cc1ccc(-c2cc(F)ccc2OC)cc1)NC(=O)c1nnc(C)c(C)n1.[Fe+2],-2.1223092
TRZ01550,CCC1CCc2sc(-c3nnc(C)c(C)n3)cc2C1,Fe2+,CCC1CCc2sc(-c3nnc(C)c(C)n3)cc2C1.[Fe+2],-2.128014
TRZ05316,COc1cnc(Cc2nnc(C)c(C)n2)c(F)c1,Fe2+,COc1cnc(Cc2nnc(C)c(C)n2)c(F)c1.[Fe+2],-2.1303926
TRZ03295,Cc1nnc(C(=O)Nc2ccc(C3CCC(C)CC3)cc2F)nc1C,Fe2+,Cc1nnc(C(=O)Nc2ccc(C3CCC(C)CC3)cc2F)nc1C.[Fe+2],-2.1322064
TRZ03148,COc1cc(NC(=O)c2cccc(F)c2)ccc1-c1nnc(C)c(C)n1,Fe2+,COc1cc(NC(=O)c2cccc(F)c2)ccc1-c1nnc(C)c(C)n1.[Fe+2],-2.1335292
TRZ00374,Cc1ccc(OCc2ccc(-c3nnc(C)c(C)n3)o2)cc1C,Fe2+,Cc1ccc(OCc2ccc(-c3nnc(C)c(C)n3)o2)cc1C.[Fe+2],-2.1408238
TRZ00044,Cc1cc(C)nc(SCc2nnc(C)c(C)n2)n1,Fe2+,Cc1cc(C)nc(SCc2nnc(C)c(C)n2)n1.[Fe+2],-2.1443572
TRZ02147,Cc1nc(C(F)(F)F)c(-c2nnc(C)c(C)n2)s1,Fe2+,Cc1nc(C(F)(F)F)c(-c2nnc(C)c(C)n2)s1.[Fe+2],-2.1539664
TRZ00215,Cc1ccccc1OCc1nnc(C)c(C)n1,Fe2+,Cc1ccccc1OCc1nnc(C)c(C)n1.[Fe+2],-2.1607223
TRZ03936,Cc1nnc(COc2ccc(Cl)c(F)c2)nc1C,Fe2+,Cc1nnc(COc2ccc(Cl)c(F)c2)nc1C.[Fe+2],-2.1653342
TRZ00279,Cc1cc(-c2nc(C)c(-c3nnc(C)c(C)n3)s2)no1,Fe2+,Cc1cc(-c2nc(C)c(-c3nnc(C)c(C)n3)s2)no1.[Fe+2],-2.1674
TRZ02075,Cc1nnc(C(C)Oc2ccc(F)cc2F)nc1C,Fe2+,Cc1nnc(C(C)Oc2ccc(F)cc2F)nc1C.[Fe+2],-2.176478
TRZ02655,Cc1nnc(CC(O)c2ccccc2)nc1C,Fe2+,Cc1nnc(CC(O)c2ccccc2)nc1C.[Fe+2],-2.1806073
TRZ04956,COc1nc(-c2nnc(C)c(C)n2)c(CC(C)(N)C(F)(F)F)cc1C(F)(F)F,Fe2+,COc1nc(-c2nnc(C)c(C)n2)c(CC(C)(N)C(F)(F)F)cc1C(F)(F)F.[Fe+2],-2.181728
TRZ00817,Cc1ccc(C(C)C)c(OCc2nnc(C)c(C)n2)c1,Fe2+,Cc1ccc(C(C)C)c(OCc2nnc(C)c(C)n2)c1.[Fe+2],-2.1880202
TRZ03051,Cc1nnc(CSc2ccc(F)cc2F)nc1C,Fe2+,Cc1nnc(CSc2ccc(F)cc2F)nc1C.[Fe+2],-2.1969552
TRZ05806,Cc1nnc(C2=Cc3ccc(F)cc3S2=C(CC=O)C(F)(F)F)nc1C,Fe2+,Cc1nnc(C2=Cc3ccc(F)cc3S2=C(CC=O)C(F)(F)F)nc1C.[Fe+2],-2.1976466
TRZ01107,Cc1nnc(CNc2ccc(F)c(Cl)c2)nc1C,Fe2+,Cc1nnc(CNc2ccc(F)c(Cl)c2)nc1C.[Fe+2],-2.2024245
TRZ02958,COC(c1ccccc1)(c1nnc(C)c(C)n1)C(F)(F)F,Fe2+,COC(c1ccccc1)(c1nnc(C)c(C)n1)C(F)(F)F.[Fe+2],-2.204083
TRZ03048,Cc1nnc(CCOc2ccccc2F)nc1C,Fe2+,Cc1nnc(CCOc2ccccc2F)nc1C.[Fe+2],-2.2057786
TRZ03324,Cc1nnc(C(=O)NCc2ccc(F)c(Cl)c2)nc1C,Fe2+,Cc1nnc(C(=O)NCc2ccc(F)c(Cl)c2)nc1C.[Fe+2],-2.2060733
TRZ03994,Cc1nnc(C2=Cc3ccc(F)cc3/S2=C(/CC=O)C(F)(F)F)nc1C,Fe2+,Cc1nnc(C2=Cc3ccc(F)cc3/S2=C(/CC=O)C(F)(F)F)nc1C.[Fe+2],-2.2064147
TRZ00065,Cc1nnc(-c2cc3c(s2)CCC(C)C3)nc1C,Fe2+,Cc1nnc(-c2cc3c(s2)CCC(C)C3)nc1C.[Fe+2],-2.2071538
TRZ04286,COC/C=C/c1cc(C(F)(F)F)cnc1-c1nnc(C)c(C)n1,Fe2+,COC/C=C/c1cc(C(F)(F)F)cnc1-c1nnc(C)c(C)n1.[Fe+2],-2.2084842
TRZ02298,C=CCc1ccc(OCc2nnc(C)c(C)n2)c(OC)c1,Fe2+,C=CCc1ccc(OCc2nnc(C)c(C)n2)c(OC)c1.[Fe+2],-2.2110543
TRZ00872,Cc1csc(-c2nnc(C)c(C)n2)c1Cl,Fe2+,Cc1csc(-c2nnc(C)c(C)n2)c1Cl.[Fe+2],-2.2368617
TRZ00424,Cc1nc(-c2nnc(C)c(C)n2)co1,Fe2+,Cc1nc(-c2nnc(C)c(C)n2)co1.[Fe+2],-2.238028
TRZ02352,CCCCc1ccc(OCc2nnc(C)c(C)n2)cc1,Fe2+,CCCCc1ccc(OCc2nnc(C)c(C)n2)cc1.[Fe+2],-2.2385373
TRZ00165,Cc1nnc(-c2nonc2C)nc1C,Fe2+,Cc1nnc(-c2nonc2C)nc1C.[Fe+2],-2.2395911
TRZ05568,Cc1nnc(C(CCCC2OCCO2)(OCc2ccccc2)C(F)(F)F)nc1C,Fe2+,Cc1nnc(C(CCCC2OCCO2)(OCc2ccccc2)C(F)(F)F)nc1C.[Fe+2],-2.24095
TRZ03189,Cc1nnc(C(C)(C)Oc2c(F)cc(Cl)cc2F)nc1C,Fe2+,Cc1nnc(C(C)(C)Oc2c(F)cc(Cl)cc2F)nc1C.[Fe+2],-2.2443957
TRZ01146,Cc1ccccc1SCc1nnc(C)c(C)n1,Fe2+,Cc1ccccc1SCc1nnc(C)c(C)n1.[Fe+2],-2.245623
TRZ02415,COc1cc(-c2nnc(C)c(C)n2)c(-n2c(C)ccc2C)cc1OC,Fe2+,COc1cc(-c2nnc(C)c(C)n2)c(-n2c(C)ccc2C)cc1OC.[Fe+2],-2.25847
TRZ05286,Cc1nnc(-c2nc(F)ccc2F)nc1C,Fe2+,Cc1nnc(-c2nc(F)ccc2F)nc1C.[Fe+2],-2.2634797
TRZ04169,COc1c(F)cccc1-c1nnc(C)c(C)n1,Fe2+,COc1c(F)cccc1-c1nnc(C)c(C)n1.[Fe+2],-2.2637734
TRZ03721,Cc1nnc(-c2nn(-c3ccc(F)cc3F)c3c2C2CCC3C2)nc1C,Fe2+,Cc1nnc(-c2nn(-c3ccc(F)cc3F)c3c2C2CCC3C2)nc1C.[Fe+2],-2.2645469
TRZ05395,C=CC[C@@](OCc1ccccc1)(c1nnc(C)c(C)n1)C(F)(F)F,Fe2+,C=CC[C@@](OCc1ccccc1)(c1nnc(C)c(C)n1)C(F)(F)F.[Fe+2],-2.2740073
TRZ02003,COc1cccc(OC)c1-c1nnc(C)c(C)n1,Fe2+,COc1cccc(OC)c1-c1nnc(C)c(C)n1.[Fe+2],-2.274261
TRZ02873,Cc1nnc(-c2cc3c(s2)-c2cc(F)ccc2OC3)nc1C,Fe2+,Cc1nnc(-c2cc3c(s2)-c2cc(F)ccc2OC3)nc1C.[Fe+2],-2.2743258
TRZ01519,Cc1nc(-c2nnc(C)c(C)n2)c(C(F)(F)F)o1,Fe2+,Cc1nc(-c2nnc(C)c(C)n2)c(C(F)(F)F)o1.[Fe+2],-2.275581
TRZ02219,COc1ccc(-c2cc(-c3nnc(C)c(C)n3)no2)cc1F,Fe2+,COc1ccc(-c2cc(-c3nnc(C)c(C)n3)no2)cc1F.[Fe+2],-2.2786565
TRZ04125,Cc1nnc(COc2ccc(Cl)cc2F)nc1C,Fe2+,Cc1nnc(COc2ccc(Cl)cc2F)nc1C.[Fe+2],-2.2810445
TRZ00116,COc1ccccc1OCc1ccc(-c2nnc(C)c(C)n2)o1,Fe2+,COc1ccccc1OCc1ccc(-c2nnc(C)c(C)n2)o1.[Fe+2],-2.2820659
TRZ02031,Cc1nnc(COc2c(Cl)cccc2Cl)nc1C,Fe2+,Cc1nnc(COc2c(Cl)cccc2Cl)nc1C.[Fe+2],-2.2829223
TRZ03141,COc1cc(NC(=O)c2c(F)cccc2F)ccc1-c1nnc(C)c(C)n1,Fe2+,COc1cc(NC(=O)c2c(F)cccc2F)ccc1-c1nnc(C)c(C)n1.[Fe+2],-2.2939076
TRZ03979,Cc1nnc(-c2nc(C(F)(F)F)c(C(F)(F)F)nc2N)nc1C,Fe2+,Cc1nnc(-c2nc(C(F)(F)F)c(C(F)(F)F)nc2N)nc1C.[Fe+2],-2.3001037
TRZ03573,Cc1nnc(-c2sc(Cl)nc2C(F)(F)F)nc1C,Fe2+,Cc1nnc(-c2sc(Cl)nc2C(F)(F)F)nc1C.[Fe+2],-2.3101296
TRZ03955,C#Cc1ccc(Nc2c(-c3nnc(C)c(C)n3)ccc(F)c2F)c(F)c1,Fe2+,C#Cc1ccc(Nc2c(-c3nnc(C)c(C)n3)ccc(F)c2F)c(F)c1.[Fe+2],-2.3362823
TRZ05075,Cc1nnc(CC(O)c2cc(-c3ccc(Cl)cc3)ccc2F)nc1C,Fe2+,Cc1nnc(CC(O)c2cc(-c3ccc(Cl)cc3)ccc2F)nc1C.[Fe+2],-2.3403296
TRZ00500,COc1ccc(CCN2C(=O)C3C4CC(C5C(c6nnc(C)c(C)n6)=NOC45)C3C2=O)cc1OC,Fe2+,COc1ccc(CCN2C(=O)C3C4CC(C5C(c6nnc(C)c(C)n6)=NOC45)C3C2=O)cc1OC.[Fe+2],-2.3438392
TRZ02406,COc1ccccc1C1OC(=O)C[C@H]1c1nnc(C)c(C)n1,Fe2+,COc1ccccc1C1OC(=O)C[C@H]1c1nnc(C)c(C)n1.[Fe+2],-2.36616
TRZ00823,Cc1nnc(-c2ccoc2C)nc1C,Fe2+,Cc1nnc(-c2ccoc2C)nc1C.[Fe+2],-2.3666902
TRZ02436,CCC(Oc1cccc(Br)c1)c1nnc(C)c(C)n1,Fe2+,CCC(Oc1cccc(Br)c1)c1nnc(C)c(C)n1.[Fe+2],-2.3770242
TRZ05813,Cc1nnc(-c2nc(F)ccc2C=O)nc1C,Fe2+,Cc1nnc(-c2nc(F)ccc2C=O)nc1C.[Fe+2],-2.3783793
TRZ03190,Cc1nnc(C(C)(C)Oc2c(F)cc(F)cc2F)nc1C,Fe2+,Cc1nnc(C(C)(C)Oc2c(F)cc(F)cc2F)nc1C.[Fe+2],-2.3980613
TRZ05265,Cc1nnc(-c2snnc2C(F)F)nc1C,Fe2+,Cc1nnc(-c2snnc2C(F)F)nc1C.[Fe+2],-2.3991256
TRZ01868,Cc1nnc(Cc2nn3c(C4CCCCC4)nnc3s2)nc1C,Fe2+,Cc1nnc(Cc2nn3c(C4CCCCC4)nnc3s2)nc1C.[Fe+2],-2.4015346
TRZ05384,Cc1nnc(-c2nc3cc(F)c(F)cc3s2)nc1C,Fe2+,Cc1nnc(-c2nc3cc(F)c(F)cc3s2)nc1C.[Fe+2],-2.4105287
TRZ05890,Cc1nnc(-c2c(Cl)ncc(C(F)(F)F)c2C(=O)c2c(F)cccc2F)nc1C,Fe2+,Cc1nnc(-c2c(Cl)ncc(C(F)(F)F)c2C(=O)c2c(F)cccc2F)nc1C.[Fe+2],-2.411983
TRZ03255,COc1cc(O)cc(F)c1-c1nnc(C)c(C)n1,Fe2+,COc1cc(O)cc(F)c1-c1nnc(C)c(C)n1.[Fe+2],-2.4154916
TRZ03695,COc1cc(F)ccc1-c1nnc(C)c(C)n1,Fe2+,COc1cc(F)ccc1-c1nnc(C)c(C)n1.[Fe+2],-2.4164567
TRZ00727,Cc1nnc(-c2ccc(-c3nnc(C)c(C)n3)o2)nc1C,Fe2+,Cc1nnc(-c2ccc(-c3nnc(C)c(C)n3)o2)nc1C.[Fe+2],-2.4245658
TRZ00579,COc1cc(Nc2cc3c(cc2-c2nnc(C)c(C)n2)OCCO3)cc(OC)c1OC,Fe2+,COc1cc(Nc2cc3c(cc2-c2nnc(C)c(C)n2)OCCO3)cc(OC)c1OC.[Fe+2],-2.4271417
TRZ00371,Cc1ccc(C)c(OCc2ccc(-c3nnc(C)c(C)n3)o2)c1,Fe2+,Cc1ccc(C)c(OCc2ccc(-c3nnc(C)c(C)n3)o2)c1.[Fe+2],-2.4314332
TRZ02876,Cc1nnc(COc2ccc(F)cc2F)nc1C,Fe2+,Cc1nnc(COc2ccc(F)cc2F)nc1C.[Fe+2],-2.432942
TRZ01492,Cc1nnc(-c2sc(-c3nnc(C)c(C)n3)c(C)c2C)nc1C,Fe2+,Cc1nnc(-c2sc(-c3nnc(C)c(C)n3)c(C)c2C)nc1C.[Fe+2],-2.4342895
TRZ03835,Cc1nnc(C2(C)Oc3c(F)cc(F)cc3C2F)nc1C,Fe2+,Cc1nnc(C2(C)Oc3c(F)cc(F)cc3C2F)nc1C.[Fe+2],-2.4343772
TRZ02099,Cc1nnc(C(=O)NCc2cc(F)c(F)c(F)c2)nc1C,Fe2+,Cc1nnc(C(=O)NCc2cc(F)c(F)c(F)c2)nc1C.[Fe+2],-2.4344077
TRZ04432,Cc1nnc(-c2cscc2-c2ccc(F)c(Cl)c2)nc1C,Fe2+,Cc1nnc(-c2cscc2-c2ccc(F)c(Cl)c2)nc1C.[Fe+2],-2.4359136
TRZ02887,Cc1nnc(CC(O)c2ccc(F)cc2)nc1C,Fe2+,Cc1nnc(CC(O)c2ccc(F)cc2)nc1C.[Fe+2],-2.4592042
TRZ05397,C=CCC(OCc1ccccc1)(c1nnc(C)c(C)n1)C(F)(F)F,Fe2+,C=CCC(OCc1ccccc1)(c1nnc(C)c(C)n1)C(F)(F)F.[Fe+2],-2.4629426
TRZ05407,C=CC[C@](OCc1ccccc1)(c1nnc(C)c(C)n1)C(F)(F)F,Fe2+,C=CC[C@](OCc1ccccc1)(c1nnc(C)c(C)n1)C(F)(F)F.[Fe+2],-2.476457
TRZ05693,Cc1nnc(-c2cc(Cl)cc(F)c2OC(F)F)nc1C,Fe2+,Cc1nnc(-c2cc(Cl)cc(F)c2OC(F)F)nc1C.[Fe+2],-2.477984
TRZ03626,COc1cc(-c2cccc(F)c2)ccc1-c1nnc(C)c(C)n1,Fe2+,COc1cc(-c2cccc(F)c2)ccc1-c1nnc(C)c(C)n1.[Fe+2],-2.4838176
TRZ03778,Cc1nnc(C(=O)c2c(F)cccc2F)nc1C,Fe2+,Cc1nnc(C(=O)c2c(F)cccc2F)nc1C.[Fe+2],-2.486216
TRZ02283,Cc1nnc(CCn2[nH]c(=O)c(Cl)c(Cl)c2=O)nc1C,Fe2+,Cc1nnc(CCn2[nH]c(=O)c(Cl)c(Cl)c2=O)nc1C.[Fe+2],-2.491323
TRZ05239,Cc1nnc(-c2cc(C(C)C)cc(C(F)(F)F)n2)nc1C,Fe2+,Cc1nnc(-c2cc(C(C)C)cc(C(F)(F)F)n2)nc1C.[Fe+2],-2.4977756
TRZ05538,Cc1nnc(-c2c(F)cnn2C)nc1C,Fe2+,Cc1nnc(-c2c(F)cnn2C)nc1C.[Fe+2],-2.501495
TRZ02474,CCc1sc(-c2nnc(C)c(C)n2)cc1C,Fe2+,CCc1sc(-c2nnc(C)c(C)n2)cc1C.[Fe+2],-2.511952
TRZ01839,Cc1nnc(Cn2c(C(F)(F)F)nc3ccccc32)nc1C,Fe2+,Cc1nnc(Cn2c(C(F)(F)F)nc3ccccc32)nc1C.[Fe+2],-2.5164618
TRZ05246,Cc1nnc(-c2nc(C3(F)CC3)ns2)nc1C,Fe2+,Cc1nnc(-c2nc(C3(F)CC3)ns2)nc1C.[Fe+2],-2.5179782
TRZ05127,Cc1nnc(-c2ccc(F)c(Cl)n2)nc1C,Fe2+,Cc1nnc(-c2ccc(F)c(Cl)n2)nc1C.[Fe+2],-2.526857
TRZ02485,Cc1cc(OCc2nnc(C)c(C)n2)no1,Fe2+,Cc1cc(OCc2nnc(C)c(C)n2)no1.[Fe+2],-2.551784
TRZ00035,Cc1nnc(-c2sc(N)nc2C)nc1C,Fe2+,Cc1nnc(-c2sc(N)nc2C)nc1C.[Fe+2],-2.5654817
TRZ05391,C=CCCC(OCc1ccccc1)(c1nnc(C)c(C)n1)C(F)(F)F,Fe2+,C=CCCC(OCc1ccccc1)(c1nnc(C)c(C)n1)C(F)(F)F.[Fe+2],-2.5820699
TRZ05807,Cc1nnc(C2=Cc3ccc(F)cc3S2=C(C(F)F)C(F)C=O)nc1C,Fe2+,Cc1nnc(C2=Cc3ccc(F)cc3S2=C(C(F)F)C(F)C=O)nc1C.[Fe+2],-2.5910993
TRZ05207,Cc1nnc([C@@]23CC(F)(F)[C@@H](C)[C@H](C=Cc4ccc(Br)cn4)[C@@H]2[C@@H](C)OC3=O)nc1C,Fe2+,Cc1nnc([C@@]23CC(F)(F)[C@@H](C)[C@H](C=Cc4ccc(Br)cn4)[C@@H]2[C@@H](C)OC3=O)nc1C.[Fe+2],-2.592754
TRZ00383,CCCc1ccc(OCc2ccc(-c3nnc(C)c(C)n3)o2)c(OC)c1,Fe2+,CCCc1ccc(OCc2ccc(-c3nnc(C)c(C)n3)o2)c(OC)c1.[Fe+2],-2.6084943
TRZ01483,Cc1nnc(CCOCc2ccccc2)nc1C,Fe2+,Cc1nnc(CCOCc2ccccc2)nc1C.[Fe+2],-2.6127925
TRZ02712,Cc1nnc(-c2ccoc2-c2nnc(C)c(C)n2)nc1C,Fe2+,Cc1nnc(-c2ccoc2-c2nnc(C)c(C)n2)nc1C.[Fe+2],-2.6155381
TRZ02888,Cc1nnc(CC(O)c2cccc(F)c2)nc1C,Fe2+,Cc1nnc(CC(O)c2cccc(F)c2)nc1C.[Fe+2],-2.6186233
TRZ01796,COc1cc(C(=O)Nc2cc3c(cc2-c2nnc(C)c(C)n2)OCCO3)cc(OC)c1OC,Fe2+,COc1cc(C(=O)Nc2cc3c(cc2-c2nnc(C)c(C)n2)OCCO3)cc(OC)c1OC.[Fe+2],-2.6233554
TRZ03669,Cc1nnc(-c2cc(F)c(F)nc2F)nc1C,Fe2+,Cc1nnc(-c2cc(F)c(F)nc2F)nc1C.[Fe+2],-2.6402678
TRZ02875,Cc1nnc(-c2ccn(COc3c(F)c(F)cc(F)c3F)n2)nc1C,Fe2+,Cc1nnc(-c2ccn(COc3c(F)c(F)cc(F)c3F)n2)nc1C.[Fe+2],-2.648047
TRZ03191,Cc1nnc(C(C)(C)Oc2cc(F)c(F)cc2F)nc1C,Fe2+,Cc1nnc(C(C)(C)Oc2cc(F)c(F)cc2F)nc1C.[Fe+2],-2.6596704
TRZ04147,Cc1nnc([C@@]23CC(F)(F)[C@@H](C)[C@H](/C=C/c4ccc(Br)cn4)[C@@H]2[C@@H](C)OC3=O)nc1C,Fe2+,Cc1nnc([C@@]23CC(F)(F)[C@@H](C)[C@H](/C=C/c4ccc(Br)cn4)[C@@H]2[C@@H](C)OC3=O)nc1C.[Fe+2],-2.6821532
TRZ02578,Cc1nnc(COc2ccc(/C=C/c3ccc(Cl)cc3)cc2)nc1C,Fe2+,Cc1nnc(COc2ccc(/C=C/c3ccc(Cl)cc3)cc2)nc1C.[Fe+2],-2.710688
TRZ05894,Cc1nnc(-c2c(C(F)(F)F)nn(C)c2Cl)nc1C,Fe2+,Cc1nnc(-c2c(C(F)(F)F)nn(C)c2Cl)nc1C.[Fe+2],-2.7157178
TRZ00600,Cc1nnc(-c2c(-n3c(C)ccc3C)sc(C)c2C)nc1C,Fe2+,Cc1nnc(-c2c(-n3c(C)ccc3C)sc(C)c2C)nc1C.[Fe+2],-2.7237258
TRZ01028,COc1c(F)cc(Nc2cc3c(cc2-c2nnc(C)c(C)n2)OCCO3)cc1F,Fe2+,COc1c(F)cc(Nc2cc3c(cc2-c2nnc(C)c(C)n2)OCCO3)cc1F.[Fe+2],-2.7473626
TRZ05591,Cc1cc(-c2nnc(C)c(C)n2)nc(N2CC3C(C2)C3(F)F)n1,Fe2+,Cc1cc(-c2nnc(C)c(C)n2)nc(N2CC3C(C2)C3(F)F)n1.[Fe+2],-2.7801976
TRZ02759,CCOc1cc(-c2nnc(C)c(C)n2)c(OCC)cc1-c1nnc(C)c(C)n1,Fe2+,CCOc1cc(-c2nnc(C)c(C)n2)c(OCC)cc1-c1nnc(C)c(C)n1.[Fe+2],-2.7913604
TRZ05585,Cc1cc(-c2nnc(C)c(C)n2)nc(N2C[C@@H](F)[C@@H](F)C2)n1,Fe2+,Cc1cc(-c2nnc(C)c(C)n2)nc(N2C[C@@H](F)[C@@H](F)C2)n1.[Fe+2],-2.8007474
TRZ03301,CCOc1cc(C(Nc2ccc(C(=N)N)cc2)c2nnc(C)c(C)n2)c(F)cc1OC(C)C,Fe2+,CCOc1cc(C(Nc2ccc(C(=N)N)cc2)c2nnc(C)c(C)n2)c(F)cc1OC(C)C.[Fe+2],-2.8323617
TRZ01375,Cc1cc(C)c(/C=C(\c2nnc(C)c(C)n2)N(C)C)c(C)c1,Fe2+,Cc1cc(C)c(/C=C(\c2nnc(C)c(C)n2)N(C)C)c(C)c1.[Fe+2],-2.862064
TRZ01788,COc1c(F)cc(C(=O)Nc2cc3c(cc2-c2nnc(C)c(C)n2)OCCO3)cc1F,Fe2+,COc1c(F)cc(C(=O)Nc2cc3c(cc2-c2nnc(C)c(C)n2)OCCO3)cc1F.[Fe+2],-2.8646855
TRZ03894,Cc1nnc(-c2cc(F)c(F)cc2NC2CCCC2)nc1C,Fe2+,Cc1nnc(-c2cc(F)c(F)cc2NC2CCCC2)nc1C.[Fe+2],-2.9114013
TRZ05076,Cc1nnc(CC(O)c2cccc(OCC(F)(F)C(F)F)c2)nc1C,Fe2+,Cc1nnc(CC(O)c2cccc(OCC(F)(F)C(F)F)c2)nc1C.[Fe+2],-2.9171653
TRZ01380,CCCN/C(=C\c1c(C)c(C)cc(C)c1C)c1nnc(C)c(C)n1,Fe2+,CCCN/C(=C\c1c(C)c(C)cc(C)c1C)c1nnc(C)c(C)n1.[Fe+2],-2.9185138
TRZ04389,CCc1nc(F)c(-c2nnc(C)c(C)n2)c(F)c1F,Fe2+,CCc1nc(F)c(-c2nnc(C)c(C)n2)c(F)c1F.[Fe+2],-2.9550195
TRZ00805,COc1cccc(-c2nnc(C)c(C)n2)c1-c1nnc(C)c(C)n1,Fe2+,COc1cccc(-c2nnc(C)c(C)n2)c1-c1nnc(C)c(C)n1.[Fe+2],-2.9618592
TRZ03481,COC(c1ccc(Br)cn1)C(F)(F)c1nnc(C)c(C)n1,Fe2+,COC(c1ccc(Br)cn1)C(F)(F)c1nnc(C)c(C)n1.[Fe+2],-2.987163
TRZ04167,CCOc1cc(F)c(Cl)cc1-c1nnc(C)c(C)n1,Fe2+,CCOc1cc(F)c(Cl)cc1-c1nnc(C)c(C)n1.[Fe+2],-3.0032668
TRZ01556,COc1ccc(CCCc2nnc(SCc3nnc(C)c(C)n3)o2)c(C)c1,Fe2+,COc1ccc(CCCc2nnc(SCc3nnc(C)c(C)n3)o2)c(C)c1.[Fe+2],-3.005776
TRZ05439,COc1cc2cc(-c3nnc(C)c(C)n3)n(C)c2c(F)c1Cl,Fe2+,COc1cc2cc(-c3nnc(C)c(C)n3)n(C)c2c(F)c1Cl.[Fe+2],-3.0536103
TRZ01430,COc1c(C)cccc1-c1nnc(C)c(C)n1,Fe2+,COc1c(C)cccc1-c1nnc(C)c(C)n1.[Fe+2],-3.066918
TRZ01981,Cc1ccc(C(C)C)cc1OCc1nnc(C)c(C)n1,Fe2+,Cc1ccc(C(C)C)cc1OCc1nnc(C)c(C)n1.[Fe+2],-3.0676532
TRZ05171,Cc1nnc(C(C)Oc2c(F)cc(F)cc2F)nc1C,Fe2+,Cc1nnc(C(C)Oc2c(F)cc(F)cc2F)nc1C.[Fe+2],-3.0956645
TRZ03300,COc1cc(F)c(C(Nc2ccc(C(=N)N)cc2)c2nnc(C)c(C)n2)cc1OC,Fe2+,COc1cc(F)c(C(Nc2ccc(C(=N)N)cc2)c2nnc(C)c(C)n2)cc1OC.[Fe+2],-3.0971513
TRZ00241,Cc1cc(OCc2nnc(C)c(C)n2)cc(C)c1Cl,Fe2+,Cc1cc(OCc2nnc(C)c(C)n2)cc(C)c1Cl.[Fe+2],-3.1088567
TRZ03633,COc1cc(-c2ccc(F)c(Cl)c2)ccc1-c1nnc(C)c(C)n1,Fe2+,COc1cc(-c2ccc(F)c(Cl)c2)ccc1-c1nnc(C)c(C)n1.[Fe+2],-3.263369
TRZ01532,Cc1cc(OC(C)c2nnc(C)c(C)n2)cc(C)c1Cl,Fe2+,Cc1cc(OC(C)c2nnc(C)c(C)n2)cc(C)c1Cl.[Fe+2],-3.2818456
TRZ00075,Cc1nnc(-c2nc(Cl)c(Cl)c(N)c2Cl)nc1C,Fe2+,Cc1nnc(-c2nc(Cl)c(Cl)c(N)c2Cl)nc1C.[Fe+2],-3.3856063
TRZ00647,COc1ccc(CCCc2nnc(SCc3nnc(C)c(C)n3)o2)cc1,Fe2+,COc1ccc(CCCc2nnc(SCc3nnc(C)c(C)n3)o2)cc1.[Fe+2],-3.4008641
TRZ04880,Cc1nnc(COc2c(F)cc(C#N)cc2F)nc1C,Fe2+,Cc1nnc(COc2c(F)cc(C#N)cc2F)nc1C.[Fe+2],-3.4357696
TRZ01378,CN/C(=C\c1c(C)c(C)cc(C)c1C)c1nnc(C)c(C)n1,Fe2+,CN/C(=C\c1c(C)c(C)cc(C)c1C)c1nnc(C)c(C)n1.[Fe+2],-3.4476275
TRZ01379,CCN/C(=C\c1c(C)c(C)cc(C)c1C)c1nnc(C)c(C)n1,Fe2+,CCN/C(=C\c1c(C)c(C)cc(C)c1C)c1nnc(C)c(C)n1.[Fe+2],-3.467054
TRZ04012,Cc1nnc(CCOCOc2c(F)c(F)cc(F)c2F)nc1C,Fe2+,Cc1nnc(CCOCOc2c(F)c(F)cc(F)c2F)nc1C.[Fe+2],-3.514378
TRZ02776,COc1cc(-c2nnc(C)c(C)n2)c(OC)cc1-c1nnc(C)c(C)n1,Fe2+,COc1cc(-c2nnc(C)c(C)n2)c(OC)cc1-c1nnc(C)c(C)n1.[Fe+2],-3.540896
TRZ04851,Cc1nnc(-c2cc(F)c(F)c(Cl)c2NC2CC2)nc1C,Fe2+,Cc1nnc(-c2cc(F)c(F)c(Cl)c2NC2CC2)nc1C.[Fe+2],-3.5571847
TRZ04180,Cc1nnc(-c2c(C(F)(F)F)c(C(F)(F)C(F)(F)F)nn2C)nc1C,Fe2+,Cc1nnc(-c2c(C(F)(F)F)c(C(F)(F)C(F)(F)F)nn2C)nc1C.[Fe+2],-3.5608172
TRZ01376,Cc1cc(C)c(/C=C(\NCCc2ccccc2)c2nnc(C)c(C)n2)c(C)c1,Fe2+,Cc1cc(C)c(/C=C(\NCCc2ccccc2)c2nnc(C)c(C)n2)c(C)c1.[Fe+2],-3.7609944
TRZ05388,Cc1nnc(-c2nc(F)c(F)nc2-c2nnc(C)c(C)n2)nc1C,Fe2+,Cc1nnc(-c2nc(F)c(F)nc2-c2nnc(C)c(C)n2)nc1C.[Fe+2],-3.9785705
TRZ02877,Cc1nnc(COc2c(F)c(F)cc(F)c2F)nc1C,Fe2+,Cc1nnc(COc2c(F)c(F)cc(F)c2F)nc1C.[Fe+2],-4.0147386
