molecule_id,triazine_smiles,metal,cmplx_smiles,Exp LgK1
TRZ05617,Cc1nnc(CN2CCN(C(=O)c3cc(Cc4n[nH]c(=O)c5ccccc45)ccc3F)CC2)nc1C,Fe3+,Cc1nnc(CN2CCN(C(=O)c3cc(Cc4n[nH]c(=O)c5ccccc45)ccc3F)CC2)nc1C.[Fe+3],14.82464
TRZ02808,Cc1nnc(C(=NNc2ccccc2)S(=O)(=O)c2ccc(Cl)cc2)nc1C,Fe3+,Cc1nnc(C(=NNc2ccccc2)S(=O)(=O)c2ccc(Cl)cc2)nc1C.[Fe+3],14.396587
TRZ03962,Cc1nnc(CN2CCN(Cc3c(F)cccc3Cl)CC2)nc1C,Fe3+,Cc1nnc(CN2CCN(Cc3c(F)cccc3Cl)CC2)nc1C.[Fe+3],14.1421585
TRZ04691,Cc1nnc(/C(=C\c2cccc(O)c2O)N(C)CCN(C)Cc2cccc(C(F)(F)F)c2)nc1C,Fe3+,Cc1nnc(/C(=C\c2cccc(O)c2O)N(C)CCN(C)Cc2cccc(C(F)(F)F)c2)nc1C.[Fe+3],13.907349
TRZ00950,Cc1nnc(/C(=N/Nc2ccc(Cl)cc2)S(=O)(=O)c2ccc(Cl)cc2)nc1C,Fe3+,Cc1nnc(/C(=N/Nc2ccc(Cl)cc2)S(=O)(=O)c2ccc(Cl)cc2)nc1C.[Fe+3],13.708328
TRZ00522,Cc1nnc(/C(=N/Nc2ccccc2)S(=O)(=O)c2ccc(Cl)cc2)nc1C,Fe3+,Cc1nnc(/C(=N/Nc2ccccc2)S(=O)(=O)c2ccc(Cl)cc2)nc1C.[Fe+3],13.660189
TRZ04688,Cc1nnc(COCC(=O)NC23CC(NC(=O)COc4ccc(Cl)c(F)c4)(C2)C3)nc1C,Fe3+,Cc1nnc(COCC(=O)NC23CC(NC(=O)COc4ccc(Cl)c(F)c4)(C2)C3)nc1C.[Fe+3],13.388506
TRZ00235,Cc1nnc(-c2[nH]c3ccc(S(N)(=O)=O)cc3c2-c2ccccc2Br)nc1C,Fe3+,Cc1nnc(-c2[nH]c3ccc(S(N)(=O)=O)cc3c2-c2ccccc2Br)nc1C.[Fe+3],13.27154
TRZ00370,Cc1nnc(CC(=O)NC2(Cc3ccc(O)cc3)CCCCC2)nc1C,Fe3+,Cc1nnc(CC(=O)NC2(Cc3ccc(O)cc3)CCCCC2)nc1C.[Fe+3],13.197452
TRZ02164,Cc1ccc(N/N=C(\c2nnc(C)c(C)n2)S(=O)(=O)c2ccc(Cl)cc2)cc1,Fe3+,Cc1ccc(N/N=C(\c2nnc(C)c(C)n2)S(=O)(=O)c2ccc(Cl)cc2)cc1.[Fe+3],13.104073
TRZ00544,Cc1nnc(CN2C(=O)c3ccccc3NC2c2ccco2)nc1C,Fe3+,Cc1nnc(CN2C(=O)c3ccccc3NC2c2ccco2)nc1C.[Fe+3],13.050036
TRZ01215,Cc1nnc(C(NC(=O)c2ccccc2)c2n[nH]c(=O)c3ccccc23)nc1C,Fe3+,Cc1nnc(C(NC(=O)c2ccccc2)c2n[nH]c(=O)c3ccccc23)nc1C.[Fe+3],13.013874
TRZ02171,Cc1nnc(CN2CCN(Cc3ccccc3Cl)CC2)nc1C,Fe3+,Cc1nnc(CN2CCN(Cc3ccccc3Cl)CC2)nc1C.[Fe+3],12.736703
TRZ02342,Cc1nnc(CNC(=O)c2ccc(S(=O)(=O)N(C)C)cc2)nc1C,Fe3+,Cc1nnc(CNC(=O)c2ccc(S(=O)(=O)N(C)C)cc2)nc1C.[Fe+3],12.657219
TRZ00547,Cc1nnc(C(C)N2C(=O)c3ccccc3NC2c2ccco2)nc1C,Fe3+,Cc1nnc(C(C)N2C(=O)c3ccccc3NC2c2ccco2)nc1C.[Fe+3],12.582834
TRZ01165,Cc1nnc(-c2ccccc2Nc2nc(Nc3ccc(N4CCN(C)CC4)cc3)ncc2F)nc1C,Fe3+,Cc1nnc(-c2ccccc2Nc2nc(Nc3ccc(N4CCN(C)CC4)cc3)ncc2F)nc1C.[Fe+3],12.578558
TRZ00469,Cc1nnc(CN2CCN(Cc3ccccc3)CC2)nc1C,Fe3+,Cc1nnc(CN2CCN(Cc3ccccc3)CC2)nc1C.[Fe+3],12.573076
TRZ02272,Cc1nnc(C(CS)NC(=O)C(Cc2c[nH]c3ccccc23)NC(=O)OC(C)(C)C)nc1C,Fe3+,Cc1nnc(C(CS)NC(=O)C(Cc2c[nH]c3ccccc23)NC(=O)OC(C)(C)C)nc1C.[Fe+3],12.302573
TRZ01168,Cc1nnc(-c2ccccc2Nc2nc(Nc3ccc(N4CCOCC4)cc3)ncc2F)nc1C,Fe3+,Cc1nnc(-c2ccccc2Nc2nc(Nc3ccc(N4CCOCC4)cc3)ncc2F)nc1C.[Fe+3],12.101977
TRZ00812,Cc1nnc(-c2cccc(Cc3cnc[nH]3)c2O)nc1C,Fe3+,Cc1nnc(-c2cccc(Cc3cnc[nH]3)c2O)nc1C.[Fe+3],12.017953
TRZ03706,COc1nc(NCCc2c(F)cccc2Cl)cc(-c2ccc(=O)n(Cc3nnc(C)c(C)n3)c2)n1,Fe3+,COc1nc(NCCc2c(F)cccc2Cl)cc(-c2ccc(=O)n(Cc3nnc(C)c(C)n3)c2)n1.[Fe+3],11.949297
TRZ03963,Cc1nnc(CN2CCN(Cc3ccc(C(F)(F)F)cc3)CC2)nc1C,Fe3+,Cc1nnc(CN2CCN(Cc3ccc(C(F)(F)F)cc3)CC2)nc1C.[Fe+3],11.848007
TRZ01175,CCN1CCN(c2ccc(Nc3ncc(F)c(Nc4ccccc4-c4nnc(C)c(C)n4)n3)cc2)CC1,Fe3+,CCN1CCN(c2ccc(Nc3ncc(F)c(Nc4ccccc4-c4nnc(C)c(C)n4)n3)cc2)CC1.[Fe+3],11.716202
TRZ01419,Cc1nnc(-c2cc(S(=O)(=O)NCc3ccccc3)ccc2O)nc1C,Fe3+,Cc1nnc(-c2cc(S(=O)(=O)NCc3ccccc3)ccc2O)nc1C.[Fe+3],11.627049
TRZ04077,Cc1nnc(CN2CCN(Cc3ccc(F)cc3)CC2)nc1C,Fe3+,Cc1nnc(CN2CCN(Cc3ccc(F)cc3)CC2)nc1C.[Fe+3],11.554563
TRZ00545,Cc1nnc(CN2C(=O)c3ccccc3NC2c2ccc(Cl)cc2)nc1C,Fe3+,Cc1nnc(CN2C(=O)c3ccccc3NC2c2ccc(Cl)cc2)nc1C.[Fe+3],11.409578
TRZ00548,Cc1nnc(C(Cc2ccccc2)N2C(=O)c3ccccc3NC2c2ccco2)nc1C,Fe3+,Cc1nnc(C(Cc2ccccc2)N2C(=O)c3ccccc3NC2c2ccco2)nc1C.[Fe+3],11.327509
TRZ04505,Cc1nnc(-c2ccc(CN3CCN(C)CC3c3ccccc3F)nc2)nc1C,Fe3+,Cc1nnc(-c2ccc(CN3CCN(C)CC3c3ccccc3F)nc2)nc1C.[Fe+3],11.22225
TRZ01731,COc1ccc(-c2cncn2Cc2nnc(C)c(C)n2)cc1O,Fe3+,COc1ccc(-c2cncn2Cc2nnc(C)c(C)n2)cc1O.[Fe+3],11.215763
TRZ02550,Cc1nnc(-c2ccccc2S(=O)(=O)NCC2CC(c3ccc(Cl)cc3)=NO2)nc1C,Fe3+,Cc1nnc(-c2ccccc2S(=O)(=O)NCC2CC(c3ccc(Cl)cc3)=NO2)nc1C.[Fe+3],11.20153
TRZ04545,Cc1nnc(-c2ccc(CN3CCN(C)CC3c3ccc(F)cc3)nc2)nc1C,Fe3+,Cc1nnc(-c2ccc(CN3CCN(C)CC3c3ccc(F)cc3)nc2)nc1C.[Fe+3],11.19771
TRZ00229,Cc1nnc(-c2[nH]c3ccc(S(N)(=O)=O)cc3c2-c2ccccc2F)nc1C,Fe3+,Cc1nnc(-c2[nH]c3ccc(S(N)(=O)=O)cc3c2-c2ccccc2F)nc1C.[Fe+3],11.103417
TRZ05870,Cc1nnc(C(C(c2ccc(F)cc2)c2ccc(F)cc2)N2CCNCC2)nc1C,Fe3+,Cc1nnc(C(C(c2ccc(F)cc2)c2ccc(F)cc2)N2CCNCC2)nc1C.[Fe+3],11.092118
TRZ01843,Cc1nnc(CN2CCN(c3ccccc3)CC2)nc1C,Fe3+,Cc1nnc(CN2CCN(c3ccccc3)CC2)nc1C.[Fe+3],11.031125
TRZ04572,Cc1nnc(-c2ccc(CN3CCN(C)CC3c3cccc(F)c3)nc2)nc1C,Fe3+,Cc1nnc(-c2ccc(CN3CCN(C)CC3c3cccc(F)c3)nc2)nc1C.[Fe+3],10.964032
TRZ00587,Cc1nnc(CN2CCN(c3ncc(C(F)(F)F)cc3Cl)CC2)nc1C,Fe3+,Cc1nnc(CN2CCN(c3ncc(C(F)(F)F)cc3Cl)CC2)nc1C.[Fe+3],10.956395
TRZ00654,COc1ccc(Oc2cn[nH]c2-c2ccc(OCc3nnc(C)c(C)n3)cc2O)cc1,Fe3+,COc1ccc(Oc2cn[nH]c2-c2ccc(OCc3nnc(C)c(C)n3)cc2O)cc1.[Fe+3],10.935023
TRZ01987,Cc1nnc(COc2c(Br)cc(Br)c3cccnc23)nc1C,Fe3+,Cc1nnc(COc2c(Br)cc(Br)c3cccnc23)nc1C.[Fe+3],10.925849
TRZ04870,Cc1nnc(CN2CCNCC2C(c2ccc(F)cc2)c2ccc(F)cc2)nc1C,Fe3+,Cc1nnc(CN2CCNCC2C(c2ccc(F)cc2)c2ccc(F)cc2)nc1C.[Fe+3],10.904959
TRZ02172,Cc1ccc(S(=O)(=O)N2CCN(Cc3nnc(C)c(C)n3)CC2)cc1,Fe3+,Cc1ccc(S(=O)(=O)N2CCN(Cc3nnc(C)c(C)n3)CC2)cc1.[Fe+3],10.901199
TRZ00232,Cc1nnc(-c2[nH]c3ccc(S(N)(=O)=O)cc3c2-c2ccccc2Cl)nc1C,Fe3+,Cc1nnc(-c2[nH]c3ccc(S(N)(=O)=O)cc3c2-c2ccccc2Cl)nc1C.[Fe+3],10.870373
TRZ03513,Cc1nnc(Cn2nc(-c3c(C)n(CC(=O)O)c4ccc(F)cc34)c3ccccc3c2=O)nc1C,Fe3+,Cc1nnc(Cn2nc(-c3c(C)n(CC(=O)O)c4ccc(F)cc34)c3ccccc3c2=O)nc1C.[Fe+3],10.856827
TRZ00542,Cc1nnc(CN2C(=O)c3ccccc3NC2c2ccccc2)nc1C,Fe3+,Cc1nnc(CN2C(=O)c3ccccc3NC2c2ccccc2)nc1C.[Fe+3],10.835878
TRZ02549,Cc1nnc(-c2ccccc2S(=O)(=O)NCC2CC(c3ccccc3Cl)=NO2)nc1C,Fe3+,Cc1nnc(-c2ccccc2S(=O)(=O)NCC2CC(c3ccccc3Cl)=NO2)nc1C.[Fe+3],10.806766
TRZ00495,Cc1nnc(CCN2CCN(C(c3ccccc3)c3ccccc3)CC2)nc1C,Fe3+,Cc1nnc(CCN2CCN(C(c3ccccc3)c3ccccc3)CC2)nc1C.[Fe+3],10.739412
TRZ01490,Cc1nnc(-c2ccc(CN(c3cccc(Cl)c3)S(C)(=O)=O)nc2)nc1C,Fe3+,Cc1nnc(-c2ccc(CN(c3cccc(Cl)c3)S(C)(=O)=O)nc2)nc1C.[Fe+3],10.730585
TRZ00397,COc1cccc(Oc2cn[nH]c2-c2ccc(OCc3nnc(C)c(C)n3)cc2O)c1,Fe3+,COc1cccc(Oc2cn[nH]c2-c2ccc(OCc3nnc(C)c(C)n3)cc2O)c1.[Fe+3],10.697582
TRZ01144,Cc1nnc(-c2cccc(O)c2O)nc1C,Fe3+,Cc1nnc(-c2cccc(O)c2O)nc1C.[Fe+3],10.636478
TRZ01140,Cc1nnc(-c2cnc3n(c2=O)C(C)CC/C3=N\Nc2ccccc2)nc1C,Fe3+,Cc1nnc(-c2cnc3n(c2=O)C(C)CC/C3=N\Nc2ccccc2)nc1C.[Fe+3],10.60688
TRZ00137,Cc1nnc(-c2ccc(F)c3c(C(=O)C(=O)N4CCN(C(=O)c5ccccc5)CC4)c[nH]c23)nc1C,Fe3+,Cc1nnc(-c2ccc(F)c3c(C(=O)C(=O)N4CCN(C(=O)c5ccccc5)CC4)c[nH]c23)nc1C.[Fe+3],10.546798
TRZ01005,COc1ccccc1Oc1cn[nH]c1-c1ccc(OCc2nnc(C)c(C)n2)cc1O,Fe3+,COc1ccccc1Oc1cn[nH]c1-c1ccc(OCc2nnc(C)c(C)n2)cc1O.[Fe+3],10.510188
TRZ02548,Cc1ccc(C2=NOC(CNS(=O)(=O)c3ccccc3-c3nnc(C)c(C)n3)C2)cc1,Fe3+,Cc1ccc(C2=NOC(CNS(=O)(=O)c3ccccc3-c3nnc(C)c(C)n3)C2)cc1.[Fe+3],10.47985
TRZ00644,Cc1nnc(C(Cc2ccc(O)cc2)N2Cc3ccccc3C2=O)nc1C,Fe3+,Cc1nnc(C(Cc2ccc(O)cc2)N2Cc3ccccc3C2=O)nc1C.[Fe+3],10.44565
TRZ02551,Cc1nnc(-c2ccccc2S(=O)(=O)NCC2CC(c3ccccc3)=NO2)nc1C,Fe3+,Cc1nnc(-c2ccccc2S(=O)(=O)NCC2CC(c3ccccc3)=NO2)nc1C.[Fe+3],10.443293
TRZ00306,COc1ccc(-c2cn[nH]c2-c2ccc(OCc3nnc(C)c(C)n3)cc2O)cc1,Fe3+,COc1ccc(-c2cn[nH]c2-c2ccc(OCc3nnc(C)c(C)n3)cc2O)cc1.[Fe+3],10.427309
TRZ01594,Cc1nnc([C@H](CCCN)NC(=O)c2cc(C34CC5CC(CC(C5)C3)C4)c3ccccc3n2)nc1C,Fe3+,Cc1nnc([C@H](CCCN)NC(=O)c2cc(C34CC5CC(CC(C5)C3)C4)c3ccccc3n2)nc1C.[Fe+3],10.416053
TRZ00100,Cc1nnc([C@@H](N)Cc2ccc(O)cc2)nc1C,Fe3+,Cc1nnc([C@@H](N)Cc2ccc(O)cc2)nc1C.[Fe+3],10.395199
TRZ00234,Cc1nnc(-c2[nH]c3ccc(S(N)(=O)=O)cc3c2-c2ccc(Cl)cc2)nc1C,Fe3+,Cc1nnc(-c2[nH]c3ccc(S(N)(=O)=O)cc3c2-c2ccc(Cl)cc2)nc1C.[Fe+3],10.386644
TRZ01143,Cc1nnc(C2(C)C(=O)Nc3cc4nc(-c5ccncc5)[nH]c4cc32)nc1C,Fe3+,Cc1nnc(C2(C)C(=O)Nc3cc4nc(-c5ccncc5)[nH]c4cc32)nc1C.[Fe+3],10.38167
TRZ04328,Cc1nnc(-c2ccc(CN(c3cccc(F)c3)S(C)(=O)=O)nc2)nc1C,Fe3+,Cc1nnc(-c2ccc(CN(c3cccc(F)c3)S(C)(=O)=O)nc2)nc1C.[Fe+3],10.378435
TRZ04318,Cc1nnc(-c2ccc(CN(c3cccc(C(F)(F)F)c3)S(C)(=O)=O)nc2)nc1C,Fe3+,Cc1nnc(-c2ccc(CN(c3cccc(C(F)(F)F)c3)S(C)(=O)=O)nc2)nc1C.[Fe+3],10.377918
TRZ04428,Cc1nnc(C2C=NC(NC3(c4ccc(Cl)c(F)c4)CC3)=NC2)nc1C,Fe3+,Cc1nnc(C2C=NC(NC3(c4ccc(Cl)c(F)c4)CC3)=NC2)nc1C.[Fe+3],10.355867
TRZ04678,Cc1nnc(-c2cnc3c(c2)C(=O)N(C2COCCC2Oc2ccc(F)cc2)C3)nc1C,Fe3+,Cc1nnc(-c2cnc3c(c2)C(=O)N(C2COCCC2Oc2ccc(F)cc2)C3)nc1C.[Fe+3],10.290391
TRZ03663,Cc1nnc(CNS(=O)(=O)c2ccccc2C(F)(F)F)nc1C,Fe3+,Cc1nnc(CNS(=O)(=O)c2ccccc2C(F)(F)F)nc1C.[Fe+3],10.282958
TRZ04682,Cc1nnc(-c2cnc3c(c2)C(=O)N(C2CCCCC2Oc2ccc(F)cc2)C3)nc1C,Fe3+,Cc1nnc(-c2cnc3c(c2)C(=O)N(C2CCCCC2Oc2ccc(F)cc2)C3)nc1C.[Fe+3],10.24748
TRZ02432,Cc1nnc(CN2CCN(Cc3ccc4c(c3)OCO4)CC2)nc1C,Fe3+,Cc1nnc(CN2CCN(Cc3ccc4c(c3)OCO4)CC2)nc1C.[Fe+3],10.245426
TRZ00927,Cc1nnc(CNC(=O)CNS(=O)(=O)c2ccccc2)nc1C,Fe3+,Cc1nnc(CNC(=O)CNS(=O)(=O)c2ccccc2)nc1C.[Fe+3],10.211324
TRZ04660,CNS(=O)(=O)c1ccc(Nc2ccc(C(F)(F)F)cc2)c(-c2nnc(C)c(C)n2)c1,Fe3+,CNS(=O)(=O)c1ccc(Nc2ccc(C(F)(F)F)cc2)c(-c2nnc(C)c(C)n2)c1.[Fe+3],10.206354
TRZ00999,CCN1CCN(CCCNc2ccc(Nc3c(-c4nnc(C)c(C)n4)cnc4ccccc34)cc2)CC1,Fe3+,CCN1CCN(CCCNc2ccc(Nc3c(-c4nnc(C)c(C)n4)cnc4ccccc34)cc2)CC1.[Fe+3],10.204948
TRZ00226,Cc1ccccc1-c1c(-c2nnc(C)c(C)n2)[nH]c2ccc(S(N)(=O)=O)cc12,Fe3+,Cc1ccccc1-c1c(-c2nnc(C)c(C)n2)[nH]c2ccc(S(N)(=O)=O)cc12.[Fe+3],10.2040415
TRZ00404,Cc1nnc([C@@H](N)Cc2cnc[nH]2)nc1C,Fe3+,Cc1nnc([C@@H](N)Cc2cnc[nH]2)nc1C.[Fe+3],10.197287
TRZ01713,Cc1nnc(CN2CCN(c3cc4c(cc3F)c(=O)c(C(=O)O)cn4C3CC3)CC2)nc1C,Fe3+,Cc1nnc(CN2CCN(c3cc4c(cc3F)c(=O)c(C(=O)O)cn4C3CC3)CC2)nc1C.[Fe+3],10.144467
TRZ03540,Cc1nnc(CN(Cc2ccccc2)S(=O)(=O)c2ccccc2C(F)(F)F)nc1C,Fe3+,Cc1nnc(CN(Cc2ccccc2)S(=O)(=O)c2ccccc2C(F)(F)F)nc1C.[Fe+3],10.123703
TRZ05202,Cc1nnc(-c2ccc(N3CCC(S(=O)(=O)N(C)c4ccc(F)c(Cl)c4)CC3)nc2)nc1C,Fe3+,Cc1nnc(-c2ccc(N3CCC(S(=O)(=O)N(C)c4ccc(F)c(Cl)c4)CC3)nc2)nc1C.[Fe+3],10.114939
TRZ01407,Cc1nnc(CN(Cc2ccccc2)S(=O)(=O)c2ccc(Cl)cc2)nc1C,Fe3+,Cc1nnc(CN(Cc2ccccc2)S(=O)(=O)c2ccc(Cl)cc2)nc1C.[Fe+3],10.03513
TRZ00048,Cc1nnc(-c2[nH]c3ccc(S(N)(=O)=O)cc3c2-c2ccccc2)nc1C,Fe3+,Cc1nnc(-c2[nH]c3ccc(S(N)(=O)=O)cc3c2-c2ccccc2)nc1C.[Fe+3],10.028232
TRZ02320,Cc1nnc(Cc2csc(CC(N)=O)n2)nc1C,Fe3+,Cc1nnc(Cc2csc(CC(N)=O)n2)nc1C.[Fe+3],10.009621
TRZ04677,Cc1nnc(-c2cnc3c(c2)C(=O)N([C@@H]2COCC[C@H]2Oc2ccc(F)cc2)C3)nc1C,Fe3+,Cc1nnc(-c2cnc3c(c2)C(=O)N([C@@H]2COCC[C@H]2Oc2ccc(F)cc2)C3)nc1C.[Fe+3],10.00088
TRZ01833,Cc1nnc([C@@H](N)Cc2cc(I)c(O)c(I)c2)nc1C,Fe3+,Cc1nnc([C@@H](N)Cc2cc(I)c(O)c(I)c2)nc1C.[Fe+3],9.972949
TRZ00231,Cc1nnc(-c2[nH]c3ccc(S(N)(=O)=O)cc3c2-c2ccc(F)cc2)nc1C,Fe3+,Cc1nnc(-c2[nH]c3ccc(S(N)(=O)=O)cc3c2-c2ccc(F)cc2)nc1C.[Fe+3],9.937136
TRZ01008,CCN1C(=O)c2cccc3c(S(=O)(=O)N4CCC[C@@H]4c4nnc(C)c(C)n4)ccc1c23,Fe3+,CCN1C(=O)c2cccc3c(S(=O)(=O)N4CCC[C@@H]4c4nnc(C)c(C)n4)ccc1c23.[Fe+3],9.904381
TRZ04076,Cc1nnc(CN2CCN(C(=O)c3ccc(F)cc3)CC2)nc1C,Fe3+,Cc1nnc(CN2CCN(C(=O)c3ccc(F)cc3)CC2)nc1C.[Fe+3],9.881849
TRZ05747,Cc1nnc(-c2ncc3c(F)cc(S(=O)(=O)NC4(C)CC4)cn23)nc1C,Fe3+,Cc1nnc(-c2ncc3c(F)cc(S(=O)(=O)NC4(C)CC4)cn23)nc1C.[Fe+3],9.868918
TRZ04408,Cc1nnc(-c2cnc(NC3(c4ccc(F)c(N5CCOCC5)c4)CCC3)nc2)nc1C,Fe3+,Cc1nnc(-c2cnc(NC3(c4ccc(F)c(N5CCOCC5)c4)CCC3)nc2)nc1C.[Fe+3],9.822984
TRZ01692,CCN1CCN(CCCOc2ccc(Nc3c(-c4nnc(C)c(C)n4)cnc4ccccc34)cc2)CC1,Fe3+,CCN1CCN(CCCOc2ccc(Nc3c(-c4nnc(C)c(C)n4)cnc4ccccc34)cc2)CC1.[Fe+3],9.792599
TRZ04673,Cc1nnc(C2(c3nc4cc(F)ccc4n4cccc34)C=NC=CN2)nc1C,Fe3+,Cc1nnc(C2(c3nc4cc(F)ccc4n4cccc34)C=NC=CN2)nc1C.[Fe+3],9.779516
TRZ04378,Cc1nnc(-c2ccc(CN(C(=O)c3ccncc3)c3cccc(F)c3)nc2)nc1C,Fe3+,Cc1nnc(-c2ccc(CN(C(=O)c3ccncc3)c3cccc(F)c3)nc2)nc1C.[Fe+3],9.76908
TRZ02540,Cc1nnc(COc2ccc(-c3n[nH]c(C)c3-c3ccc(Cl)cc3)c(O)c2)nc1C,Fe3+,Cc1nnc(COc2ccc(-c3n[nH]c(C)c3-c3ccc(Cl)cc3)c(O)c2)nc1C.[Fe+3],9.7601
TRZ04742,Cc1nnc(-c2ccc(CN(C(=O)N3CCN(C)CC3)c3ccc(F)cc3)nc2)nc1C,Fe3+,Cc1nnc(-c2ccc(CN(C(=O)N3CCN(C)CC3)c3ccc(F)cc3)nc2)nc1C.[Fe+3],9.757669
TRZ00552,Cc1nnc(CCN2C(=O)c3ccccc3NC2c2ccc(Cl)cc2)nc1C,Fe3+,Cc1nnc(CCN2C(=O)c3ccccc3NC2c2ccc(Cl)cc2)nc1C.[Fe+3],9.748593
TRZ01860,COCCOc1ccc(Nc2ncc(F)c(Nc3ccccc3-c3nnc(C)c(C)n3)n2)cc1,Fe3+,COCCOc1ccc(Nc2ncc(F)c(Nc3ccccc3-c3nnc(C)c(C)n3)n2)cc1.[Fe+3],9.7451105
TRZ04383,Cc1nnc(-c2ccc(CN(C(=O)C3CCN(C)CC3)c3cccc(F)c3)nc2)nc1C,Fe3+,Cc1nnc(-c2ccc(CN(C(=O)C3CCN(C)CC3)c3cccc(F)c3)nc2)nc1C.[Fe+3],9.733482
TRZ02487,CCN(CC)S(=O)(=O)c1ccc(C(=O)NCc2nnc(C)c(C)n2)cc1,Fe3+,CCN(CC)S(=O)(=O)c1ccc(C(=O)NCc2nnc(C)c(C)n2)cc1.[Fe+3],9.704129
TRZ02547,C#CCNS(=O)(=O)c1ccccc1-c1nnc(C)c(C)n1,Fe3+,C#CCNS(=O)(=O)c1ccccc1-c1nnc(C)c(C)n1.[Fe+3],9.683383
TRZ02245,Cc1nnc([C@@H]2CCCN2Cc2c(F)cccc2Cl)nc1C,Fe3+,Cc1nnc([C@@H]2CCCN2Cc2c(F)cccc2Cl)nc1C.[Fe+3],9.674306
TRZ05615,Cc1nnc(C(c2ccc(F)cc2)N2C[C@H](C)N(C(=O)O)CC2C)nc1C,Fe3+,Cc1nnc(C(c2ccc(F)cc2)N2C[C@H](C)N(C(=O)O)CC2C)nc1C.[Fe+3],9.665965
TRZ04075,Cc1nnc(CN2CCN(C(=O)c3ccc(C(F)(F)F)cc3)CC2)nc1C,Fe3+,Cc1nnc(CN2CCN(C(=O)c3ccc(C(F)(F)F)cc3)CC2)nc1C.[Fe+3],9.657332
TRZ00653,CCOc1ccccc1Oc1cn[nH]c1-c1ccc(OCc2nnc(C)c(C)n2)cc1O,Fe3+,CCOc1ccccc1Oc1cn[nH]c1-c1ccc(OCc2nnc(C)c(C)n2)cc1O.[Fe+3],9.649357
TRZ02343,Cc1nnc(CNC(=O)c2ccc(S(=O)(=O)N3CCOCC3)cc2)nc1C,Fe3+,Cc1nnc(CNC(=O)c2ccc(S(=O)(=O)N3CCOCC3)cc2)nc1C.[Fe+3],9.632307
TRZ03354,Cc1nnc(CNC(=O)c2cncc3c2cnn3-c2ccc(F)cc2)nc1C,Fe3+,Cc1nnc(CNC(=O)c2cncc3c2cnn3-c2ccc(F)cc2)nc1C.[Fe+3],9.622007
TRZ02894,Cc1nnc(CNS(=O)(=O)c2ccc(F)cc2)nc1C,Fe3+,Cc1nnc(CNS(=O)(=O)c2ccc(F)cc2)nc1C.[Fe+3],9.564096
TRZ00543,Cc1nnc(CN2C(=O)c3ccccc3NC2c2ccc3c(c2)OCO3)nc1C,Fe3+,Cc1nnc(CN2C(=O)c3ccccc3NC2c2ccc3c(c2)OCO3)nc1C.[Fe+3],9.534389
TRZ04396,Cc1nnc(CN(C)CCN(C)Cc2cccc(C(F)(F)F)c2)nc1C,Fe3+,Cc1nnc(CN(C)CCN(C)Cc2cccc(C(F)(F)F)c2)nc1C.[Fe+3],9.533382
TRZ00546,COc1ccc(C2Nc3ccccc3C(=O)N2Cc2nnc(C)c(C)n2)cc1,Fe3+,COc1ccc(C2Nc3ccccc3C(=O)N2Cc2nnc(C)c(C)n2)cc1.[Fe+3],9.528694
TRZ00233,Cc1nnc(-c2[nH]c3ccc(S(N)(=O)=O)cc3c2-c2cccc(Cl)c2)nc1C,Fe3+,Cc1nnc(-c2[nH]c3ccc(S(N)(=O)=O)cc3c2-c2cccc(Cl)c2)nc1C.[Fe+3],9.506056
TRZ01878,Cc1nnc(CNc2c(-c3ccsc3)nc3ccccn23)nc1C,Fe3+,Cc1nnc(CNc2c(-c3ccsc3)nc3ccccn23)nc1C.[Fe+3],9.497008
TRZ01984,Cc1nnc(CNS(=O)(=O)c2ccccc2)nc1C,Fe3+,Cc1nnc(CNS(=O)(=O)c2ccccc2)nc1C.[Fe+3],9.491786
TRZ00227,Cc1cccc(-c2c(-c3nnc(C)c(C)n3)[nH]c3ccc(S(N)(=O)=O)cc23)c1,Fe3+,Cc1cccc(-c2c(-c3nnc(C)c(C)n3)[nH]c3ccc(S(N)(=O)=O)cc23)c1.[Fe+3],9.473459
TRZ05563,Cc1nnc(-c2ccc(CN(C(=O)N3CCSCC3)c3ccc(F)cc3)nc2)nc1C,Fe3+,Cc1nnc(-c2ccc(CN(C(=O)N3CCSCC3)c3ccc(F)cc3)nc2)nc1C.[Fe+3],9.461481
TRZ04235,Cc1nnc(C(CC2=CC=C(F)CC2)N2CC=C(C3=CC(Cl)=CCC3n3cnnn3)CC2)nc1C,Fe3+,Cc1nnc(C(CC2=CC=C(F)CC2)N2CC=C(C3=CC(Cl)=CCC3n3cnnn3)CC2)nc1C.[Fe+3],9.44537
TRZ04674,Cc1nnc(-c2cnc3c(c2)C(=O)N([C@@H]2CCCC(F)(F)[C@H]2NC(=O)O)C3)nc1C,Fe3+,Cc1nnc(-c2cnc3c(c2)C(=O)N([C@@H]2CCCC(F)(F)[C@H]2NC(=O)O)C3)nc1C.[Fe+3],9.43859
TRZ02354,Cc1ccc(S(=O)(=O)N(C)Cc2nnc(C)c(C)n2)cc1,Fe3+,Cc1ccc(S(=O)(=O)N(C)Cc2nnc(C)c(C)n2)cc1.[Fe+3],9.427982
TRZ02553,Cc1nnc(-c2ccccc2S(=O)(=O)NCC2CC(c3ccc(Cl)cc3Cl)=NO2)nc1C,Fe3+,Cc1nnc(-c2ccccc2S(=O)(=O)NCC2CC(c3ccc(Cl)cc3Cl)=NO2)nc1C.[Fe+3],9.427301
TRZ00237,Cc1nnc(-c2[nH]c3ccc(S(N)(=O)=O)cc3c2-c2ccc(Br)cc2)nc1C,Fe3+,Cc1nnc(-c2[nH]c3ccc(S(N)(=O)=O)cc3c2-c2ccc(Br)cc2)nc1C.[Fe+3],9.422972
TRZ01512,Cc1nnc(CN(CCc2ccccc2)S(=O)(=O)c2ccc(Cl)cc2)nc1C,Fe3+,Cc1nnc(CN(CCc2ccccc2)S(=O)(=O)c2ccc(Cl)cc2)nc1C.[Fe+3],9.393663
TRZ02839,Cc1nnc(Cn2ncc3c(C)n(Cc4ccccc4F)c(C)c3c2=O)nc1C,Fe3+,Cc1nnc(Cn2ncc3c(C)n(Cc4ccccc4F)c(C)c3c2=O)nc1C.[Fe+3],9.392989
TRZ00443,COc1cccc(-c2nnc(C)c(C)n2)c1O,Fe3+,COc1cccc(-c2nnc(C)c(C)n2)c1O.[Fe+3],9.386448
TRZ04738,Cc1nnc(-c2ccc(CN(C(=O)N3CCN(C)CC3)c3ccccc3F)nc2)nc1C,Fe3+,Cc1nnc(-c2ccc(CN(C(=O)N3CCN(C)CC3)c3ccccc3F)nc2)nc1C.[Fe+3],9.369194
TRZ01956,C=CCNS(=O)(=O)c1ccccc1-c1nnc(C)c(C)n1,Fe3+,C=CCNS(=O)(=O)c1ccccc1-c1nnc(C)c(C)n1.[Fe+3],9.368784
TRZ00228,Cc1ccc(-c2c(-c3nnc(C)c(C)n3)[nH]c3ccc(S(N)(=O)=O)cc23)cc1,Fe3+,Cc1ccc(-c2c(-c3nnc(C)c(C)n3)[nH]c3ccc(S(N)(=O)=O)cc23)cc1.[Fe+3],9.349556
TRZ00673,COc1ccc(-c2cn[nH]c2-c2ccc(OCc3nnc(C)c(C)n3)cc2O)cc1OC,Fe3+,COc1ccc(-c2cn[nH]c2-c2ccc(OCc3nnc(C)c(C)n3)cc2O)cc1OC.[Fe+3],9.346483
TRZ02046,Cc1nnc(CC2CSC(N3N=C(c4ccccc4)CC3c3c(F)cccc3F)=N2)nc1C,Fe3+,Cc1nnc(CC2CSC(N3N=C(c4ccccc4)CC3c3c(F)cccc3F)=N2)nc1C.[Fe+3],9.333601
TRZ04405,Cc1nnc(-c2cnc(NC3(c4ccccc4F)CCC3)nc2)nc1C,Fe3+,Cc1nnc(-c2cnc(NC3(c4ccccc4F)CCC3)nc2)nc1C.[Fe+3],9.323601
TRZ01880,Cc1nnc(-c2[nH]c(=O)c3c(C)nc(-c4ccccc4)cc3c2O)nc1C,Fe3+,Cc1nnc(-c2[nH]c(=O)c3c(C)nc(-c4ccccc4)cc3c2O)nc1C.[Fe+3],9.286092
TRZ02928,Cc1nnc(-c2cn(C)c(=O)cc2Nc2ccc(I)cc2F)nc1C,Fe3+,Cc1nnc(-c2cn(C)c(=O)cc2Nc2ccc(I)cc2F)nc1C.[Fe+3],9.2808
TRZ03241,CCC(CC)C(=O)Nc1ccc(N2CCN(C(c3ccccc3)c3nnc(C)c(C)n3)CC2)c(F)c1,Fe3+,CCC(CC)C(=O)Nc1ccc(N2CCN(C(c3ccccc3)c3nnc(C)c(C)n3)CC2)c(F)c1.[Fe+3],9.260111
TRZ02778,Cc1nnc(-c2[nH]c3nc2C(O)=CC=C3O)nc1C,Fe3+,Cc1nnc(-c2[nH]c3nc2C(O)=CC=C3O)nc1C.[Fe+3],9.225383
TRZ00978,Cc1cc(O)ccc1-n1cc(-c2nnc(C)c(C)n2)c(=O)c2ccc(-c3ccncc3)cc21,Fe3+,Cc1cc(O)ccc1-n1cc(-c2nnc(C)c(C)n2)c(=O)c2ccc(-c3ccncc3)cc21.[Fe+3],9.223325
TRZ02270,Cc1nnc(C2CCN2C(c2ccccc2)c2ccccc2)nc1C,Fe3+,Cc1nnc(C2CCN2C(c2ccccc2)c2ccccc2)nc1C.[Fe+3],9.218479
TRZ00143,Cc1nnc(CCN2CCN(Cc3ccccc3)CC2)nc1C,Fe3+,Cc1nnc(CCN2CCN(Cc3ccccc3)CC2)nc1C.[Fe+3],9.215654
TRZ01874,Cc1nnc(-c2cc(=S)nc[nH]2)nc1C,Fe3+,Cc1nnc(-c2cc(=S)nc[nH]2)nc1C.[Fe+3],9.1944895
TRZ05074,Cc1nnc(C(c2ccc(F)cc2)N2C[C@H](C)N(C(=O)O)C[C@H]2C)nc1C,Fe3+,Cc1nnc(C(c2ccc(F)cc2)N2C[C@H](C)N(C(=O)O)C[C@H]2C)nc1C.[Fe+3],9.191473
TRZ00550,Cc1nnc(CCN2C(=O)c3ccccc3NC2c2ccccc2)nc1C,Fe3+,Cc1nnc(CCN2C(=O)c3ccccc3NC2c2ccccc2)nc1C.[Fe+3],9.177724
TRZ05925,Cc1nnc(C(Cc2ccc(F)cc2)N2CSC(S)N(C)C2)nc1C,Fe3+,Cc1nnc(C(Cc2ccc(F)cc2)N2CSC(S)N(C)C2)nc1C.[Fe+3],9.177141
TRZ04552,Cc1nnc(-c2ccc(CN(C(=O)N3CCN(C4COC4)CC3)c3ccc(F)cc3)nc2)nc1C,Fe3+,Cc1nnc(-c2ccc(CN(C(=O)N3CCN(C4COC4)CC3)c3ccc(F)cc3)nc2)nc1C.[Fe+3],9.172515
TRZ04523,CCN1CCN(C(=O)N(Cc2ccc(-c3nnc(C)c(C)n3)cn2)c2ccc(F)cc2)CC1,Fe3+,CCN1CCN(C(=O)N(Cc2ccc(-c3nnc(C)c(C)n3)cn2)c2ccc(F)cc2)CC1.[Fe+3],9.170447
TRZ02552,Cc1nnc(-c2ccccc2S(=O)(=O)NCC2CC(c3ccc(Cl)c(Cl)c3)=NO2)nc1C,Fe3+,Cc1nnc(-c2ccccc2S(=O)(=O)NCC2CC(c3ccc(Cl)c(Cl)c3)=NO2)nc1C.[Fe+3],9.153228
TRZ04835,Cc1nnc(-c2ccc(CN(C(=O)N3CCOCC3)c3ccc(F)cc3)nc2)nc1C,Fe3+,Cc1nnc(-c2ccc(CN(C(=O)N3CCOCC3)c3ccc(F)cc3)nc2)nc1C.[Fe+3],9.135008
TRZ04379,CCN1CCC(C(=O)N(Cc2ccc(-c3nnc(C)c(C)n3)cn2)c2cccc(F)c2)CC1,Fe3+,CCN1CCC(C(=O)N(Cc2ccc(-c3nnc(C)c(C)n3)cn2)c2cccc(F)c2)CC1.[Fe+3],9.112853
TRZ00180,Cc1nnc(Cn2nc(-c3ccccc3)c3ccccc3c2=O)nc1C,Fe3+,Cc1nnc(Cn2nc(-c3ccccc3)c3ccccc3c2=O)nc1C.[Fe+3],9.073936
TRZ02710,Cc1nnc([C@H](N)Cc2ccc(O)cc2)nc1C,Fe3+,Cc1nnc([C@H](N)Cc2ccc(O)cc2)nc1C.[Fe+3],9.055885
TRZ00915,COc1ccccc1-c1cn[nH]c1-c1ccc(OCc2nnc(C)c(C)n2)cc1O,Fe3+,COc1ccccc1-c1cn[nH]c1-c1ccc(OCc2nnc(C)c(C)n2)cc1O.[Fe+3],9.0428
TRZ00230,Cc1nnc(-c2[nH]c3ccc(S(N)(=O)=O)cc3c2-c2cccc(F)c2)nc1C,Fe3+,Cc1nnc(-c2[nH]c3ccc(S(N)(=O)=O)cc3c2-c2cccc(F)c2)nc1C.[Fe+3],9.018675
TRZ00725,Cc1nnc([C@H](Cc2cnc[nH]2)NC(=O)CCN)nc1C,Fe3+,Cc1nnc([C@H](Cc2cnc[nH]2)NC(=O)CCN)nc1C.[Fe+3],9.016306
TRZ03776,Cc1nnc(-c2c(-c3ccc(Cl)cc3)[nH]c3c(F)cccc3c2=O)nc1C,Fe3+,Cc1nnc(-c2c(-c3ccc(Cl)cc3)[nH]c3c(F)cccc3c2=O)nc1C.[Fe+3],9.008604
TRZ05564,Cc1nnc(-c2ccc(CN(C(=O)N3CCSCC3)c3cccc(F)c3)nc2)nc1C,Fe3+,Cc1nnc(-c2ccc(CN(C(=O)N3CCSCC3)c3cccc(F)c3)nc2)nc1C.[Fe+3],9.006702
TRZ04581,Cc1nnc(-c2ccc(CN(C(=O)N3CCSCC3)c3ccccc3F)nc2)nc1C,Fe3+,Cc1nnc(-c2ccc(CN(C(=O)N3CCSCC3)c3ccccc3F)nc2)nc1C.[Fe+3],9.00473
TRZ04346,Cc1nnc(-c2ccc(CN(c3ccc(F)c(Cl)c3)S(C)(=O)=O)nc2)nc1C,Fe3+,Cc1nnc(-c2ccc(CN(c3ccc(F)c(Cl)c3)S(C)(=O)=O)nc2)nc1C.[Fe+3],8.986531
TRZ00763,Cc1nnc(-c2cc(O)ccc2O)nc1C,Fe3+,Cc1nnc(-c2cc(O)ccc2O)nc1C.[Fe+3],8.98605
TRZ00562,Cc1nnc(CNC(=O)c2ccccc2N)nc1C,Fe3+,Cc1nnc(CNC(=O)c2ccccc2N)nc1C.[Fe+3],8.981667
TRZ02857,Cc1nnc(-c2cnc3c(ccc4[nH]c(Cl)cc(C)c43)c2=O)nc1C,Fe3+,Cc1nnc(-c2cnc3c(ccc4[nH]c(Cl)cc(C)c43)c2=O)nc1C.[Fe+3],8.978396
TRZ02221,Cc1nnc(Cn2nc(N3CCN(c4ccccc4F)CC3)ccc2=O)nc1C,Fe3+,Cc1nnc(Cn2nc(N3CCN(c4ccccc4F)CC3)ccc2=O)nc1C.[Fe+3],8.973904
TRZ00204,Cc1cccc(-c2nnc(C)c(C)n2)c1O,Fe3+,Cc1cccc(-c2nnc(C)c(C)n2)c1O.[Fe+3],8.960784
TRZ03327,Cc1nnc(CN2CCN(c3cccc(C(F)(F)F)c3)CC2)nc1C,Fe3+,Cc1nnc(CN2CCN(c3cccc(C(F)(F)F)c3)CC2)nc1C.[Fe+3],8.9536
TRZ04422,Cc1nnc(-c2cnc(NC3(c4ccc(F)cc4)CCC3)nc2)nc1C,Fe3+,Cc1nnc(-c2cnc(NC3(c4ccc(F)cc4)CCC3)nc2)nc1C.[Fe+3],8.911671
TRZ01523,CSCCC(NS(=O)(=O)c1cc(C(F)(F)F)cc(C(F)(F)F)c1)c1nnc(C)c(C)n1,Fe3+,CSCCC(NS(=O)(=O)c1cc(C(F)(F)F)cc(C(F)(F)F)c1)c1nnc(C)c(C)n1.[Fe+3],8.909255
TRZ00765,Cc1nnc(Cc2nn(C)c(=O)c3ccccc23)nc1C,Fe3+,Cc1nnc(Cc2nn(C)c(=O)c3ccccc23)nc1C.[Fe+3],8.90492
TRZ05869,Cc1nnc(C(C(N)=O)c2cccc(C(F)(F)F)c2)nc1C,Fe3+,Cc1nnc(C(C(N)=O)c2cccc(C(F)(F)F)c2)nc1C.[Fe+3],8.90269
TRZ00903,Cc1nnc(-c2[nH]cnc2N=NN(C)C2CCCCC2)nc1C,Fe3+,Cc1nnc(-c2[nH]cnc2N=NN(C)C2CCCCC2)nc1C.[Fe+3],8.889454
TRZ05007,Cc1ccc(S(=O)(=O)N2CCN(Cc3nnc(C)c(C)n3)CC(F)C2)cc1,Fe3+,Cc1ccc(S(=O)(=O)N2CCN(Cc3nnc(C)c(C)n3)CC(F)C2)cc1.[Fe+3],8.886585
TRZ04237,CCNC(=O)NC1=NCC(C2=CN=CC(c3nnc(C)c(C)n3)C2)=C(n2cc(C(F)(F)F)cn2)C1,Fe3+,CCNC(=O)NC1=NCC(C2=CN=CC(c3nnc(C)c(C)n3)C2)=C(n2cc(C(F)(F)F)cn2)C1.[Fe+3],8.886158
TRZ00291,Cc1nnc(CCN(Cc2ccco2)S(=O)(=O)c2ccc(Cl)cc2)nc1C,Fe3+,Cc1nnc(CCN(Cc2ccco2)S(=O)(=O)c2ccc(Cl)cc2)nc1C.[Fe+3],8.878012
TRZ01583,Cc1nnc(CNC(=O)c2cc(N)cc(N)c2)nc1C,Fe3+,Cc1nnc(CNC(=O)c2cc(N)cc(N)c2)nc1C.[Fe+3],8.871945
TRZ05521,Cc1nnc(CN2CCC(c3cccc(OCc4ccc(Cl)cc4F)n3)CC2)nc1C,Fe3+,Cc1nnc(CN2CCC(c3cccc(OCc4ccc(Cl)cc4F)n3)CC2)nc1C.[Fe+3],8.867127
TRZ03617,CCC(C)(C)CC[C@H](NC1NC(=O)Oc2cc(F)ccc21)c1nnc(C)c(C)n1,Fe3+,CCC(C)(C)CC[C@H](NC1NC(=O)Oc2cc(F)ccc21)c1nnc(C)c(C)n1.[Fe+3],8.861418
TRZ02489,Cc1ccc2nc(-c3ccsc3)c(NCc3nnc(C)c(C)n3)n2c1,Fe3+,Cc1ccc2nc(-c3ccsc3)c(NCc3nnc(C)c(C)n3)n2c1.[Fe+3],8.858916
TRZ01975,CCCc1cc(-c2[nH]ncc2-c2ccc(-c3nnc(C)c(C)n3)o2)c(O)cc1O,Fe3+,CCCc1cc(-c2[nH]ncc2-c2ccc(-c3nnc(C)c(C)n3)o2)c(O)cc1O.[Fe+3],8.848442
TRZ02244,Cc1nnc([C@@H]2CCCN2Cc2ccccc2F)nc1C,Fe3+,Cc1nnc([C@@H]2CCCN2Cc2ccccc2F)nc1C.[Fe+3],8.833476
TRZ04421,Cc1nnc(-c2cnc(NC3(c4ccc(F)cc4)CC3)nc2)nc1C,Fe3+,Cc1nnc(-c2cnc(NC3(c4ccc(F)cc4)CC3)nc2)nc1C.[Fe+3],8.828451
TRZ05376,Cc1nnc(-c2ccc(Cn3cc(C4CCN(CC(C)(C)F)CC4)nn3)nc2)nc1C,Fe3+,Cc1nnc(-c2ccc(Cn3cc(C4CCN(CC(C)(C)F)CC4)nn3)nc2)nc1C.[Fe+3],8.8228
TRZ05289,Cc1nnc(C2C=CC=CC2(Nc2ccc(C(F)(F)F)cc2)C(=O)CC(=O)CCl)nc1C,Fe3+,Cc1nnc(C2C=CC=CC2(Nc2ccc(C(F)(F)F)cc2)C(=O)CC(=O)CCl)nc1C.[Fe+3],8.784515
TRZ04058,Cc1nnc(-c2cccn(C[C@@H]3CN(C(=O)O)CCO[C@H]3c3ccc(Cl)c(F)c3)c2=O)nc1C,Fe3+,Cc1nnc(-c2cccn(C[C@@H]3CN(C(=O)O)CCO[C@H]3c3ccc(Cl)c(F)c3)c2=O)nc1C.[Fe+3],8.784469
TRZ00982,Cc1nnc(C2=C(O)c3ccccc3S(=O)(=O)N2)nc1C,Fe3+,Cc1nnc(C2=C(O)c3ccccc3S(=O)(=O)N2)nc1C.[Fe+3],8.773647
TRZ04059,Cc1nnc(-c2cccn(C[C@H]3CN(C(=O)O)CCO[C@H]3c3ccc(Cl)c(F)c3)c2=O)nc1C,Fe3+,Cc1nnc(-c2cccn(C[C@H]3CN(C(=O)O)CCO[C@H]3c3ccc(Cl)c(F)c3)c2=O)nc1C.[Fe+3],8.773563
TRZ05413,Cc1nnc(-c2ccc(CN(c3ccc(F)cc3F)C(O)N3CCOCC3)nc2)nc1C,Fe3+,Cc1nnc(-c2ccc(CN(c3ccc(F)cc3F)C(O)N3CCOCC3)nc2)nc1C.[Fe+3],8.755578
TRZ05839,Cc1nnc(-c2cc(C3(C)CCNC3=O)ccc2Nc2ccc(C(F)(F)F)cc2)nc1C,Fe3+,Cc1nnc(-c2cc(C3(C)CCNC3=O)ccc2Nc2ccc(C(F)(F)F)cc2)nc1C.[Fe+3],8.754324
TRZ04377,Cc1nnc(-c2ccc(CN(C(=O)c3cccnc3)c3cccc(F)c3)nc2)nc1C,Fe3+,Cc1nnc(-c2ccc(CN(C(=O)c3cccnc3)c3cccc(F)c3)nc2)nc1C.[Fe+3],8.746977
TRZ04411,Cc1nnc(-c2cnc(NC3(c4cc(Cl)ccc4F)CCC3)nc2)nc1C,Fe3+,Cc1nnc(-c2cnc(NC3(c4cc(Cl)ccc4F)CCC3)nc2)nc1C.[Fe+3],8.742161
TRZ05437,Cc1nnc(CN(c2ccc(C(F)(F)F)cc2)S(C)(=O)=O)nc1C,Fe3+,Cc1nnc(CN(c2ccc(C(F)(F)F)cc2)S(C)(=O)=O)nc1C.[Fe+3],8.738942
TRZ02536,Cc1nnc(CN2c3c(-c4ccccc4)n[nH]c3-c3ccccc3S2(=O)=O)nc1C,Fe3+,Cc1nnc(CN2c3c(-c4ccccc4)n[nH]c3-c3ccccc3S2(=O)=O)nc1C.[Fe+3],8.72571
TRZ02438,Cc1nnc(C(NS(=O)(=O)c2ccc(Cl)cc2)C(C)C)nc1C,Fe3+,Cc1nnc(C(NS(=O)(=O)c2ccc(Cl)cc2)C(C)C)nc1C.[Fe+3],8.724672
TRZ05685,Cc1nnc(Cc2cn3cc(CN(CC45CC(F)(C4)C5)C(=O)OC(C)(C)C)ccc3n2)nc1C,Fe3+,Cc1nnc(Cc2cn3cc(CN(CC45CC(F)(C4)C5)C(=O)OC(C)(C)C)ccc3n2)nc1C.[Fe+3],8.711044
TRZ04558,CCN1CCN(C(=O)N(Cc2ccc(-c3nnc(C)c(C)n3)cn2)c2cccc(F)c2)CC1,Fe3+,CCN1CCN(C(=O)N(Cc2ccc(-c3nnc(C)c(C)n3)cn2)c2cccc(F)c2)CC1.[Fe+3],8.697298
TRZ01233,Cc1nnc(-c2ccccc2NC(=O)/C(=C/c2ccccc2O)NC(=O)c2ccccc2)nc1C,Fe3+,Cc1nnc(-c2ccccc2NC(=O)/C(=C/c2ccccc2O)NC(=O)c2ccccc2)nc1C.[Fe+3],8.697105
TRZ04812,Cc1nnc(-c2ccc(CN(C(=O)N3CCN(C4COC4)CC3)c3cccc(F)c3)nc2)nc1C,Fe3+,Cc1nnc(-c2ccc(CN(C(=O)N3CCN(C4COC4)CC3)c3cccc(F)c3)nc2)nc1C.[Fe+3],8.678099
TRZ03857,CCC(c1nnc(C)c(C)n1)N1CCN(c2cccc(C(F)(F)F)c2)CC1,Fe3+,CCC(c1nnc(C)c(C)n1)N1CCN(c2cccc(C(F)(F)F)c2)CC1.[Fe+3],8.6716
TRZ05297,COCOc1ccc(F)cc1C(c1nnc(C)c(C)n1)N1Cc2ccc(Br)cc2C1=O,Fe3+,COCOc1ccc(F)cc1C(c1nnc(C)c(C)n1)N1Cc2ccc(Br)cc2C1=O.[Fe+3],8.670523
TRZ04425,Cc1nnc(-c2cnc(NC3(c4cc(F)ccc4Cl)CCC3)nc2)nc1C,Fe3+,Cc1nnc(-c2cnc(NC3(c4cc(F)ccc4Cl)CCC3)nc2)nc1C.[Fe+3],8.661995
TRZ05637,Cc1nnc(-c2ccc(CN(C(=O)N3CCS(=O)CC3)c3ccc(F)cc3)nc2)nc1C,Fe3+,Cc1nnc(-c2ccc(CN(C(=O)N3CCS(=O)CC3)c3ccc(F)cc3)nc2)nc1C.[Fe+3],8.660805
TRZ00651,Cc1nnc(-c2cc(S(=O)(=O)N3CCOCC3)c[nH]2)nc1C,Fe3+,Cc1nnc(-c2cc(S(=O)(=O)N3CCOCC3)c[nH]2)nc1C.[Fe+3],8.64572
TRZ04787,Cc1nnc(-c2ccc(CN(C(=O)N3CCOCC3)c3cccc(F)c3)nc2)nc1C,Fe3+,Cc1nnc(-c2ccc(CN(C(=O)N3CCOCC3)c3cccc(F)c3)nc2)nc1C.[Fe+3],8.639539
TRZ04402,Cc1nnc(-c2cnc(NC3(c4ccc(C(F)(F)F)cc4)CCC3)nc2)nc1C,Fe3+,Cc1nnc(-c2cnc(NC3(c4ccc(C(F)(F)F)cc4)CCC3)nc2)nc1C.[Fe+3],8.638763
TRZ03798,Cc1cc(F)c2[nH]c(-c3ccc(Cl)cc3)c(-c3nnc(C)c(C)n3)c(=O)c2c1,Fe3+,Cc1cc(F)c2[nH]c(-c3ccc(Cl)cc3)c(-c3nnc(C)c(C)n3)c(=O)c2c1.[Fe+3],8.63038
TRZ05014,Cc1nnc(C(C)c2ccnc3c(-c4ccc(C(F)(F)F)cc4)cnn23)nc1C,Fe3+,Cc1nnc(C(C)c2ccnc3c(-c4ccc(C(F)(F)F)cc4)cnn23)nc1C.[Fe+3],8.630107
TRZ05181,Cc1nnc(-c2cnc(NC3(c4ccccc4F)CCC3)nc2C(=O)C(F)F)nc1C,Fe3+,Cc1nnc(-c2cnc(NC3(c4ccccc4F)CCC3)nc2C(=O)C(F)F)nc1C.[Fe+3],8.623283
TRZ04641,Cc1nnc(C2=CNC(=NC3(c4cc(F)ccc4Cl)CCC3)N(C)C2)nc1C,Fe3+,Cc1nnc(C2=CNC(=NC3(c4cc(F)ccc4Cl)CCC3)N(C)C2)nc1C.[Fe+3],8.618277
TRZ04578,Cc1nnc(-c2ccc(CNC(=O)N3CCN(C)CC3c3cccc(F)c3)nc2)nc1C,Fe3+,Cc1nnc(-c2ccc(CNC(=O)N3CCN(C)CC3c3cccc(F)c3)nc2)nc1C.[Fe+3],8.6144495
TRZ01343,Cc1nnc(C(CN2CCN(c3ccccc3)CC2)C(CO)c2ccccc2)nc1C,Fe3+,Cc1nnc(C(CN2CCN(c3ccccc3)CC2)C(CO)c2ccccc2)nc1C.[Fe+3],8.613365
TRZ04435,Cc1nnc(CC(=O)N(C)c2ccc(F)cc2)nc1C,Fe3+,Cc1nnc(CC(=O)N(C)c2ccc(F)cc2)nc1C.[Fe+3],8.560167
TRZ04404,Cc1nnc(-c2cnc(NC3(c4cc(F)ccc4F)CCC3)nc2)nc1C,Fe3+,Cc1nnc(-c2cnc(NC3(c4cc(F)ccc4F)CCC3)nc2)nc1C.[Fe+3],8.558949
TRZ00735,Cc1nnc(-c2ccccc2S)nc1C,Fe3+,Cc1nnc(-c2ccccc2S)nc1C.[Fe+3],8.557241
TRZ04403,Cc1nnc(-c2cnc(NC3(c4ccc(C(F)(F)F)cc4)CC3)nc2)nc1C,Fe3+,Cc1nnc(-c2cnc(NC3(c4ccc(C(F)(F)F)cc4)CC3)nc2)nc1C.[Fe+3],8.552099
TRZ04684,Cc1nnc(-c2cnc3c(c2)C(=O)N(C2COCCC2Oc2ccc(F)cc2F)C3)nc1C,Fe3+,Cc1nnc(-c2cnc3c(c2)C(=O)N(C2COCCC2Oc2ccc(F)cc2F)C3)nc1C.[Fe+3],8.547145
TRZ00261,COc1ccc(-c2c(-c3ccc(OCc4nnc(C)c(C)n4)cc3O)n[nH]c2C)cc1,Fe3+,COc1ccc(-c2c(-c3ccc(OCc4nnc(C)c(C)n4)cc3O)n[nH]c2C)cc1.[Fe+3],8.544728
TRZ01688,Cc1nnc(-c2cnc3ccccc3c2Nc2ccc(NCCCN3CCOCC3)cc2)nc1C,Fe3+,Cc1nnc(-c2cnc3ccccc3c2Nc2ccc(NCCCN3CCOCC3)cc2)nc1C.[Fe+3],8.544279
TRZ01593,Cc1nnc(C2=NOC(c3ccc(N4CCN(Cc5ccccc5)CC4)cc3)C2)nc1C,Fe3+,Cc1nnc(C2=NOC(c3ccc(N4CCN(Cc5ccccc5)CC4)cc3)C2)nc1C.[Fe+3],8.539543
TRZ02025,Cc1ccc(O)c(-c2nnc(C)c(C)n2)c1,Fe3+,Cc1ccc(O)c(-c2nnc(C)c(C)n2)c1.[Fe+3],8.534337
TRZ03758,Cc1nnc(C(C)(C)N(C)S(=O)(=O)c2ccc(C(F)(F)F)cc2Cl)nc1C,Fe3+,Cc1nnc(C(C)(C)N(C)S(=O)(=O)c2ccc(C(F)(F)F)cc2Cl)nc1C.[Fe+3],8.534
TRZ04827,Cc1ccc(N(Cc2ccc(-c3nnc(C)c(C)n3)cn2)C(=O)N2CCOCC2)c(F)c1,Fe3+,Cc1ccc(N(Cc2ccc(-c3nnc(C)c(C)n3)cn2)C(=O)N2CCOCC2)c(F)c1.[Fe+3],8.529771
TRZ00348,Cc1nnc(COc2cccc3c2c(CC(N)=O)c(C)n3Cc2ccccc2)nc1C,Fe3+,Cc1nnc(COc2cccc3c2c(CC(N)=O)c(C)n3Cc2ccccc2)nc1C.[Fe+3],8.518835
TRZ02022,CCOc1nc(-c2ccccc2)cc2c(O)c(-c3nnc(C)c(C)n3)[nH]c(=O)c12,Fe3+,CCOc1nc(-c2ccccc2)cc2c(O)c(-c3nnc(C)c(C)n3)[nH]c(=O)c12.[Fe+3],8.512116
TRZ04427,Cc1nnc(-c2cnc(NC3(c4ccc(OC(F)(F)F)cc4)CCC3)nc2)nc1C,Fe3+,Cc1nnc(-c2cnc(NC3(c4ccc(OC(F)(F)F)cc4)CCC3)nc2)nc1C.[Fe+3],8.504203
TRZ00236,Cc1nnc(-c2[nH]c3ccc(S(N)(=O)=O)cc3c2-c2cccc(Br)c2)nc1C,Fe3+,Cc1nnc(-c2[nH]c3ccc(S(N)(=O)=O)cc3c2-c2cccc(Br)c2)nc1C.[Fe+3],8.501731
TRZ02537,Cc1nnc(-c2ccc(-n3cc(-c4ccccc4)nn3)cc2O)nc1C,Fe3+,Cc1nnc(-c2ccc(-n3cc(-c4ccccc4)nn3)cc2O)nc1C.[Fe+3],8.482589
TRZ00762,Cc1nnc(C(N)Cc2ccc(O)cc2)nc1C,Fe3+,Cc1nnc(C(N)Cc2ccc(O)cc2)nc1C.[Fe+3],8.478866
TRZ01946,Cc1nnc(CN2CCN(c3ccc([N+](=O)[O-])cc3)CC2)nc1C,Fe3+,Cc1nnc(CN2CCN(c3ccc([N+](=O)[O-])cc3)CC2)nc1C.[Fe+3],8.472298
TRZ02332,COc1ccc(/C=C(/NC(=O)c2ccc(Br)o2)c2nnc(C)c(C)n2)cc1,Fe3+,COc1ccc(/C=C(/NC(=O)c2ccc(Br)o2)c2nnc(C)c(C)n2)cc1.[Fe+3],8.446197
TRZ04353,CCS(=O)(=O)N(Cc1ccc(-c2nnc(C)c(C)n2)cn1)c1ccc(F)c(C)c1,Fe3+,CCS(=O)(=O)N(Cc1ccc(-c2nnc(C)c(C)n2)cn1)c1ccc(F)c(C)c1.[Fe+3],8.440198
TRZ04401,Cc1nnc(-c2cnc(NC3(c4cccc(F)c4F)CCC3)nc2)nc1C,Fe3+,Cc1nnc(-c2cnc(NC3(c4cccc(F)c4F)CCC3)nc2)nc1C.[Fe+3],8.436778
TRZ03741,Cc1cc(I)ccc1NC1=CC2=NCN(C)C2=CC1(F)c1nnc(C)c(C)n1,Fe3+,Cc1cc(I)ccc1NC1=CC2=NCN(C)C2=CC1(F)c1nnc(C)c(C)n1.[Fe+3],8.432529
TRZ00532,Cc1nnc(CN2CCN(c3nc4cc(F)ccc4n4cccc34)CC2)nc1C,Fe3+,Cc1nnc(CN2CCN(c3nc4cc(F)ccc4n4cccc34)CC2)nc1C.[Fe+3],8.431864
TRZ00006,Cc1nnc(-c2ccccc2O)nc1C,Fe3+,Cc1nnc(-c2ccccc2O)nc1C.[Fe+3],8.430298
TRZ04595,Cc1nnc(-c2ccc(CN(C(=O)N3CCC(N(C)C)C3)c3ccc(F)c(Cl)c3)nc2)nc1C,Fe3+,Cc1nnc(-c2ccc(CN(C(=O)N3CCC(N(C)C)C3)c3ccc(F)c(Cl)c3)nc2)nc1C.[Fe+3],8.414946
TRZ02989,Cc1nnc(-c2cccc(F)c2O)nc1C,Fe3+,Cc1nnc(-c2cccc(F)c2O)nc1C.[Fe+3],8.398098
TRZ04152,Cc1nnc(C2NC=CN2c2ccc(F)nc2)nc1C,Fe3+,Cc1nnc(C2NC=CN2c2ccc(F)nc2)nc1C.[Fe+3],8.39764
TRZ01876,Cc1nnc(C(C)C2=NC(C)(C)Cc3ccccc32)nc1C,Fe3+,Cc1nnc(C(C)C2=NC(C)(C)Cc3ccccc32)nc1C.[Fe+3],8.391336
TRZ04309,CCS(=O)(=O)N(Cc1ccc(-c2nnc(C)c(C)n2)cn1)c1cc(F)cc(F)c1,Fe3+,CCS(=O)(=O)N(Cc1ccc(-c2nnc(C)c(C)n2)cn1)c1cc(F)cc(F)c1.[Fe+3],8.384435
TRZ01429,Cc1nnc(-c2ccncc2O)nc1C,Fe3+,Cc1nnc(-c2ccncc2O)nc1C.[Fe+3],8.379596
TRZ00556,Cc1nnc(-c2cnc3ccccc3c2Nc2ccc(OCCCN3CCOCC3)cc2)nc1C,Fe3+,Cc1nnc(-c2cnc3ccccc3c2Nc2ccc(OCCCN3CCOCC3)cc2)nc1C.[Fe+3],8.379264
TRZ04245,Cc1nnc(C2CC3CSC(NC(=O)c4ccccc4)=NC3(c3ccc(F)cc3F)CO2)nc1C,Fe3+,Cc1nnc(C2CC3CSC(NC(=O)c4ccccc4)=NC3(c3ccc(F)cc3F)CO2)nc1C.[Fe+3],8.369225
TRZ01929,Cc1nnc(Cc2nc3ccccc3[nH]c2=O)nc1C,Fe3+,Cc1nnc(Cc2nc3ccccc3[nH]c2=O)nc1C.[Fe+3],8.36507
TRZ05554,Cc1nnc(CNC2c3ncc(C(F)(F)F)n3N=C(N3CCOCC3)N2C)nc1C,Fe3+,Cc1nnc(CNC2c3ncc(C(F)(F)F)n3N=C(N3CCOCC3)N2C)nc1C.[Fe+3],8.358591
TRZ04406,Cc1nnc(-c2cnc(NC3(c4ccccc4OC(F)(F)F)CCC3)nc2)nc1C,Fe3+,Cc1nnc(-c2cnc(NC3(c4ccccc4OC(F)(F)F)CCC3)nc2)nc1C.[Fe+3],8.356163
TRZ02733,Cc1nnc(-c2cccc(N)c2O)nc1C,Fe3+,Cc1nnc(-c2cccc(N)c2O)nc1C.[Fe+3],8.346654
TRZ01351,Cc1nnc(C(=O)C=P(c2ccccc2)(c2ccccc2)c2ccccc2)nc1C,Fe3+,Cc1nnc(C(=O)C=P(c2ccccc2)(c2ccccc2)c2ccccc2)nc1C.[Fe+3],8.346127
TRZ00561,Cc1nnc(C(C)NC(=O)c2ccccc2N)nc1C,Fe3+,Cc1nnc(C(C)NC(=O)c2ccccc2N)nc1C.[Fe+3],8.344906
TRZ01214,Cc1ccc(S(=O)(=O)NCc2nnc(C)c(C)n2)cc1,Fe3+,Cc1ccc(S(=O)(=O)NCc2nnc(C)c(C)n2)cc1.[Fe+3],8.342657
TRZ04198,Cc1nnc(CN2CCN(c3cccc4c3cnn4-c3ccccc3F)C2=O)nc1C,Fe3+,Cc1nnc(CN2CCN(c3cccc4c3cnn4-c3ccccc3F)C2=O)nc1C.[Fe+3],8.323958
TRZ04419,Cc1nnc(-c2cnc(NC3(c4c(F)cccc4F)CCC3)nc2)nc1C,Fe3+,Cc1nnc(-c2cnc(NC3(c4c(F)cccc4F)CCC3)nc2)nc1C.[Fe+3],8.316349
TRZ00525,CCc1c(CC(N)=O)c2c(OCc3nnc(C)c(C)n3)cccc2n1Cc1ccccc1,Fe3+,CCc1c(CC(N)=O)c2c(OCc3nnc(C)c(C)n3)cccc2n1Cc1ccccc1.[Fe+3],8.312706
TRZ04409,Cc1nnc(-c2cnc(NC3(c4ccccc4C(F)(F)F)CCC3)nc2)nc1C,Fe3+,Cc1nnc(-c2cnc(NC3(c4ccccc4C(F)(F)F)CCC3)nc2)nc1C.[Fe+3],8.312099
TRZ02253,CCN(CC)C(c1ccccc1)c1nnc(C)c(C)n1,Fe3+,CCN(CC)C(c1ccccc1)c1nnc(C)c(C)n1.[Fe+3],8.310768
TRZ01141,Cc1nnc(-c2cc(C(O)CNC(C)(C)C)ccc2O)nc1C,Fe3+,Cc1nnc(-c2cc(C(O)CNC(C)(C)C)ccc2O)nc1C.[Fe+3],8.309979
TRZ05105,Cc1nnc(C2=CNC(NC3(c4cc(F)cc(F)c4)CC3)=NC2)nc1C,Fe3+,Cc1nnc(C2=CNC(NC3(c4cc(F)cc(F)c4)CC3)=NC2)nc1C.[Fe+3],8.29108
TRZ00806,Cc1nnc(C(c2ccccc2)N2CCCCC2)nc1C,Fe3+,Cc1nnc(C(c2ccccc2)N2CCCCC2)nc1C.[Fe+3],8.276217
TRZ04681,Cc1nnc(-c2cnc3c(c2)C(=O)N(C2COCCC2Oc2ccc(F)c(F)c2)C3)nc1C,Fe3+,Cc1nnc(-c2cnc3c(c2)C(=O)N(C2COCCC2Oc2ccc(F)c(F)c2)C3)nc1C.[Fe+3],8.27536
TRZ02063,Cc1nnc(/C(NC(=O)c2ccccc2)=C(\N)c2ccc(Cl)cc2)nc1C,Fe3+,Cc1nnc(/C(NC(=O)c2ccccc2)=C(\N)c2ccc(Cl)cc2)nc1C.[Fe+3],8.271467
TRZ00795,Cc1nnc(-c2ccc3nc(-c4nc[nH]c4C)c(NCCN4CCOCC4)n3c2)nc1C,Fe3+,Cc1nnc(-c2ccc3nc(-c4nc[nH]c4C)c(NCCN4CCOCC4)n3c2)nc1C.[Fe+3],8.270477
TRZ05182,Cc1nnc(-c2cnc(NC3(c4ccc(F)cc4)CCC3)nc2C(=O)C(F)F)nc1C,Fe3+,Cc1nnc(-c2cnc(NC3(c4ccc(F)cc4)CCC3)nc2C(=O)C(F)F)nc1C.[Fe+3],8.26502
TRZ02141,CCC(c1nnc(C)c(C)n1)n1ncc2ccccc2c1=O,Fe3+,CCC(c1nnc(C)c(C)n1)n1ncc2ccccc2c1=O.[Fe+3],8.262858
TRZ02148,Cc1nnc(-c2cnn(-c3ccc(F)cc3)c2N)nc1C,Fe3+,Cc1nnc(-c2cnn(-c3ccc(F)cc3)c2N)nc1C.[Fe+3],8.249528
TRZ04683,Cc1nnc(-c2cnc3c(c2)C(=O)N([C@@H]2COCC[C@H]2Oc2ccc(F)cc2F)C3)nc1C,Fe3+,Cc1nnc(-c2cnc3c(c2)C(=O)N([C@@H]2COCC[C@H]2Oc2ccc(F)cc2F)C3)nc1C.[Fe+3],8.247951
TRZ03854,Cc1nnc(C2CC3(NC(=O)N(c4ccc(Cl)cc4)C3=O)c3cc(F)ccc3O2)nc1C,Fe3+,Cc1nnc(C2CC3(NC(=O)N(c4ccc(Cl)cc4)C3=O)c3cc(F)ccc3O2)nc1C.[Fe+3],8.242941
TRZ05647,Cc1nnc(-c2ccc(CN(C(=O)N3CCS(=O)CC3)c3cccc(F)c3)nc2)nc1C,Fe3+,Cc1nnc(-c2ccc(CN(C(=O)N3CCS(=O)CC3)c3cccc(F)c3)nc2)nc1C.[Fe+3],8.2385845
TRZ04680,Cc1nnc(-c2cnc3c(c2)C(=O)N([C@@H]2COCC[C@H]2Oc2ccc(F)c(F)c2)C3)nc1C,Fe3+,Cc1nnc(-c2cnc3c(c2)C(=O)N([C@@H]2COCC[C@H]2Oc2ccc(F)c(F)c2)C3)nc1C.[Fe+3],8.223209
TRZ05378,CCC(F)(CC)CN1CCC(c2cn(Cc3ccc(-c4nnc(C)c(C)n4)cn3)nn2)CC1,Fe3+,CCC(F)(CC)CN1CCC(c2cn(Cc3ccc(-c4nnc(C)c(C)n4)cn3)nn2)CC1.[Fe+3],8.215958
TRZ00751,Cc1nnc(-c2cc(-c3ccc(F)cc3F)ccc2O)nc1C,Fe3+,Cc1nnc(-c2cc(-c3ccc(F)cc3F)ccc2O)nc1C.[Fe+3],8.197253
TRZ04413,Cc1nnc(-c2cnc(NC3(c4cccc(C(F)(F)F)c4)CCC3)nc2)nc1C,Fe3+,Cc1nnc(-c2cnc(NC3(c4cccc(C(F)(F)F)c4)CCC3)nc2)nc1C.[Fe+3],8.163595
TRZ02401,Cc1nnc(-c2ccc(Oc3ccc(Cl)cc3)nc2)nc1C,Fe3+,Cc1nnc(-c2ccc(Oc3ccc(Cl)cc3)nc2)nc1C.[Fe+3],8.163334
TRZ05529,Cc1nnc(-c2c(Nc3ccc(C(F)(F)F)cc3)ccn(C)c2=O)nc1C,Fe3+,Cc1nnc(-c2c(Nc3ccc(C(F)(F)F)cc3)ccn(C)c2=O)nc1C.[Fe+3],8.149059
TRZ00969,Cc1nnc([C@H](Cc2cnc[nH]2)NC(=O)[C@@H](N)CC(C)C)nc1C,Fe3+,Cc1nnc([C@H](Cc2cnc[nH]2)NC(=O)[C@@H](N)CC(C)C)nc1C.[Fe+3],8.119421
TRZ04886,Cc1nnc(-c2ccc(CN(C(=O)N3CC[C@H](N(C)C)C3)c3ccc(F)c(Cl)c3)nc2)nc1C,Fe3+,Cc1nnc(-c2ccc(CN(C(=O)N3CC[C@H](N(C)C)C3)c3ccc(F)c(Cl)c3)nc2)nc1C.[Fe+3],8.107444
TRZ04614,Cc1nnc(-c2ccc(NC3(c4ccc(F)cc4)CCC3)nc2)nc1C,Fe3+,Cc1nnc(-c2ccc(NC3(c4ccc(F)cc4)CCC3)nc2)nc1C.[Fe+3],8.098001
TRZ02149,Cc1nnc(-c2cnn(-c3ccc(Br)cc3)c2N)nc1C,Fe3+,Cc1nnc(-c2cnn(-c3ccc(Br)cc3)c2N)nc1C.[Fe+3],8.08807
TRZ01712,Cc1nnc(C2=C(O)c3ccccc3S(=O)(=O)N2Cc2ccccc2)nc1C,Fe3+,Cc1nnc(C2=C(O)c3ccccc3S(=O)(=O)N2Cc2ccccc2)nc1C.[Fe+3],8.087202
TRZ03640,Cc1nnc(-c2c[nH]c(=O)c(CF)c2Nc2ccc(Br)cc2F)nc1C,Fe3+,Cc1nnc(-c2c[nH]c(=O)c(CF)c2Nc2ccc(Br)cc2F)nc1C.[Fe+3],8.082508
TRZ04418,Cc1nnc(-c2cnc(NC3(c4cccc(F)c4)CCC3)nc2)nc1C,Fe3+,Cc1nnc(-c2cnc(NC3(c4cccc(F)c4)CCC3)nc2)nc1C.[Fe+3],8.075713
TRZ04400,Cc1nnc(-c2cnc(NC3(c4ccc(F)cc4F)CCC3)nc2)nc1C,Fe3+,Cc1nnc(-c2cnc(NC3(c4ccc(F)cc4F)CCC3)nc2)nc1C.[Fe+3],8.061984
TRZ00968,Cc1nnc([C@H](Cc2cnc[nH]2)NC(=O)[C@@H](N)Cc2ccccc2)nc1C,Fe3+,Cc1nnc([C@H](Cc2cnc[nH]2)NC(=O)[C@@H](N)Cc2ccccc2)nc1C.[Fe+3],8.060051
TRZ05151,CC(=O)NN=C(c1ccc(F)cc1)c1nnc(C)c(C)n1,Fe3+,CC(=O)NN=C(c1ccc(F)cc1)c1nnc(C)c(C)n1.[Fe+3],8.052843
TRZ01986,COc1ccccc1N1CCN(CCc2nnc(C)c(C)n2)CC1,Fe3+,COc1ccccc1N1CCN(CCc2nnc(C)c(C)n2)CC1.[Fe+3],8.051653
TRZ00060,Cc1nnc(-c2ccc(O)cc2O)nc1C,Fe3+,Cc1nnc(-c2ccc(O)cc2O)nc1C.[Fe+3],8.048803
TRZ02271,CC(=O)Nc1ccccc1C(=O)C(=O)Nc1ccccc1-c1nnc(C)c(C)n1,Fe3+,CC(=O)Nc1ccccc1C(=O)C(=O)Nc1ccccc1-c1nnc(C)c(C)n1.[Fe+3],8.032739
TRZ04397,Cc1nnc(-c2cnc(NC3(c4cccc(C(F)(F)F)c4)CC3)nc2)nc1C,Fe3+,Cc1nnc(-c2cnc(NC3(c4cccc(C(F)(F)F)c4)CC3)nc2)nc1C.[Fe+3],8.029064
TRZ01468,Cc1nnc(C(N)c2ccccc2)nc1C,Fe3+,Cc1nnc(C(N)c2ccccc2)nc1C.[Fe+3],8.008598
TRZ02055,Cc1ccc(N(C(=O)Cc2nnc(C)c(C)n2)C(=O)c2ccccc2Cl)cc1,Fe3+,Cc1ccc(N(C(=O)Cc2nnc(C)c(C)n2)C(=O)c2ccccc2Cl)cc1.[Fe+3],7.9791393
TRZ00916,COc1ccc(-c2c(-c3ccc(OCc4nnc(C)c(C)n4)cc3O)n[nH]c2C(F)(F)F)cc1,Fe3+,COc1ccc(-c2c(-c3ccc(OCc4nnc(C)c(C)n4)cc3O)n[nH]c2C(F)(F)F)cc1.[Fe+3],7.9746966
TRZ02278,Cc1nnc(C(=O)C2CC(c3ccc(Cl)cc3)=NNC2=O)nc1C,Fe3+,Cc1nnc(C(=O)C2CC(c3ccc(Cl)cc3)=NNC2=O)nc1C.[Fe+3],7.97176
TRZ05190,Cc1nnc(-c2cnc(NC3(c4cc(F)ccc4F)CCC3)nc2C(=O)C(F)F)nc1C,Fe3+,Cc1nnc(-c2cnc(NC3(c4cc(F)ccc4F)CCC3)nc2C(=O)C(F)F)nc1C.[Fe+3],7.9660115
TRZ01828,CC(=O)NN=C(c1ccccc1)c1nnc(C)c(C)n1,Fe3+,CC(=O)NN=C(c1ccccc1)c1nnc(C)c(C)n1.[Fe+3],7.9603453
TRZ01448,Cc1nnc(-c2cc(Cl)ccc2O)nc1C,Fe3+,Cc1nnc(-c2cc(Cl)ccc2O)nc1C.[Fe+3],7.959206
TRZ01674,Cc1nnc(-c2cc(-c3ccccc3)n[nH]c2=O)nc1C,Fe3+,Cc1nnc(-c2cc(-c3ccccc3)n[nH]c2=O)nc1C.[Fe+3],7.9583664
TRZ01081,Cc1nnc(-c2c[nH]c(=S)[nH]2)nc1C,Fe3+,Cc1nnc(-c2c[nH]c(=S)[nH]2)nc1C.[Fe+3],7.955995
TRZ04799,Cc1nnc(-c2ccc(CN(C(=O)N3CCOCC3)c3ccc(F)cc3F)nc2)nc1C,Fe3+,Cc1nnc(-c2ccc(CN(C(=O)N3CCOCC3)c3ccc(F)cc3F)nc2)nc1C.[Fe+3],7.9538927
TRZ02768,Cc1nnc(C(C(=O)O)C(=O)Nc2ccccc2)nc1C,Fe3+,Cc1nnc(C(C(=O)O)C(=O)Nc2ccccc2)nc1C.[Fe+3],7.951449
TRZ05619,Cc1nnc(-c2cn(Cc3ccc(Cn4cc(F)ccc4=O)cc3)nc2C2(C)COC2)nc1C,Fe3+,Cc1nnc(-c2cn(Cc3ccc(Cn4cc(F)ccc4=O)cc3)nc2C2(C)COC2)nc1C.[Fe+3],7.941592
TRZ04416,Cc1nnc(-c2cnc(NC3(c4cccc(F)c4)CC3)nc2)nc1C,Fe3+,Cc1nnc(-c2cnc(NC3(c4cccc(F)c4)CC3)nc2)nc1C.[Fe+3],7.937967
TRZ04344,CCS(=O)(=O)N(Cc1ccc(-c2nnc(C)c(C)n2)cn1)c1ccc(C)c(F)c1,Fe3+,CCS(=O)(=O)N(Cc1ccc(-c2nnc(C)c(C)n2)cn1)c1ccc(C)c(F)c1.[Fe+3],7.9368978
TRZ04461,Cc1nnc(-c2cnc(N3CCN(C(=O)Nc4ccc(C(F)(F)F)cn4)CC3)c(Cl)c2)nc1C,Fe3+,Cc1nnc(-c2cnc(N3CCN(C(=O)Nc4ccc(C(F)(F)F)cn4)CC3)c(Cl)c2)nc1C.[Fe+3],7.9301715
TRZ04492,CCN1CCC(C(=O)N(Cc2ccc(-c3nnc(C)c(C)n3)cn2)C2=CC=CC(F)C2C)CC1,Fe3+,CCN1CCC(C(=O)N(Cc2ccc(-c3nnc(C)c(C)n3)cn2)C2=CC=CC(F)C2C)CC1.[Fe+3],7.8957567
TRZ02582,Cc1ccc2[nH]cc(-c3nnc(C)c(C)n3)c(=O)c2c1,Fe3+,Cc1ccc2[nH]cc(-c3nnc(C)c(C)n3)c(=O)c2c1.[Fe+3],7.893708
TRZ01164,Cc1nnc([C@H]2Cc3c([nH]c4ccccc34)[C@H](C)N2)nc1C,Fe3+,Cc1nnc([C@H]2Cc3c([nH]c4ccccc34)[C@H](C)N2)nc1C.[Fe+3],7.8924026
TRZ00551,Cc1nnc(CCN2C(=O)c3ccccc3NC2c2ccc3c(c2)OCO3)nc1C,Fe3+,Cc1nnc(CCN2C(=O)c3ccccc3NC2c2ccc3c(c2)OCO3)nc1C.[Fe+3],7.885094
TRZ01531,Cc1nnc(C2SCCN2S(=O)(=O)c2ccc(Cl)cc2)nc1C,Fe3+,Cc1nnc(C2SCCN2S(=O)(=O)c2ccc(Cl)cc2)nc1C.[Fe+3],7.880704
TRZ05756,Cc1nnc(-c2ccc(N3CCC(C#N)(c4ccc(C(F)(F)F)cc4)CC3)nn2)nc1C,Fe3+,Cc1nnc(-c2ccc(N3CCC(C#N)(c4ccc(C(F)(F)F)cc4)CC3)nn2)nc1C.[Fe+3],7.874942
TRZ05184,Cc1ccccc1C1(Nc2ncc(-c3nnc(C)c(C)n3)c(C(=O)C(F)F)n2)CCC1,Fe3+,Cc1ccccc1C1(Nc2ncc(-c3nnc(C)c(C)n3)c(C(=O)C(F)F)n2)CCC1.[Fe+3],7.872491
TRZ00824,Cc1nnc(CCN2CCN(c3ccccc3)CC2)nc1C,Fe3+,Cc1nnc(CCN2CCN(c3ccccc3)CC2)nc1C.[Fe+3],7.865304
TRZ00280,Cc1nnc(-c2cccn(Cc3ccc(Cl)cc3Cl)c2=O)nc1C,Fe3+,Cc1nnc(-c2cccn(Cc3ccc(Cl)cc3Cl)c2=O)nc1C.[Fe+3],7.8611274
TRZ05191,Cc1nnc(-c2cnc(NC3(c4ccc(OC(F)(F)F)cc4)CCC3)nc2C(=O)C(F)F)nc1C,Fe3+,Cc1nnc(-c2cnc(NC3(c4ccc(OC(F)(F)F)cc4)CCC3)nc2C(=O)C(F)F)nc1C.[Fe+3],7.8581357
TRZ01582,Cc1nnc(Cn2nc(-c3ccccc3)c(-c3ccccc3)nc2=O)nc1C,Fe3+,Cc1nnc(Cn2nc(-c3ccccc3)c(-c3ccccc3)nc2=O)nc1C.[Fe+3],7.839039
TRZ00490,Cc1ccnc(N/C=C(/NC(=O)c2ccccc2)c2nnc(C)c(C)n2)n1,Fe3+,Cc1ccnc(N/C=C(/NC(=O)c2ccccc2)c2nnc(C)c(C)n2)n1.[Fe+3],7.8316264
TRZ03847,Cc1cc(Oc2cccc(C(F)(F)F)c2)nc(-c2nnc(C)c(C)n2)c1S,Fe3+,Cc1cc(Oc2cccc(C(F)(F)F)c2)nc(-c2nnc(C)c(C)n2)c1S.[Fe+3],7.825622
TRZ04414,Cc1nnc(-c2cnc(NC3(c4ccc(F)cc4Cl)CCC3)nc2)nc1C,Fe3+,Cc1nnc(-c2cnc(NC3(c4ccc(F)cc4Cl)CCC3)nc2)nc1C.[Fe+3],7.82023
TRZ02534,Cc1nnc(CN2C(=O)NC(=O)C2(c2ccccc2)c2ccccc2)nc1C,Fe3+,Cc1nnc(CN2C(=O)NC(=O)C2(c2ccccc2)c2ccccc2)nc1C.[Fe+3],7.8192587
TRZ01007,Cc1nnc(C(Cc2ccccc2)NC(=O)c2ccccc2N)nc1C,Fe3+,Cc1nnc(C(Cc2ccccc2)NC(=O)c2ccccc2N)nc1C.[Fe+3],7.8170614
TRZ04412,Cc1nnc(-c2cnc(NC3(c4ccc(Cl)cc4F)CC3)nc2)nc1C,Fe3+,Cc1nnc(-c2cnc(NC3(c4ccc(Cl)cc4F)CC3)nc2)nc1C.[Fe+3],7.814797
TRZ02727,Cc1nnc([C@@H](N)Cc2c[nH]c3ccccc23)nc1C,Fe3+,Cc1nnc([C@@H](N)Cc2c[nH]c3ccccc23)nc1C.[Fe+3],7.7974463
TRZ04476,Cc1nnc(C2(c3ccc(F)cc3)CCCN2O)nc1C,Fe3+,Cc1nnc(C2(c3ccc(F)cc3)CCCN2O)nc1C.[Fe+3],7.7950177
TRZ05192,Cc1nnc(-c2cnc(NC3(c4cccc(F)c4F)CCC3)nc2C(=O)C(F)F)nc1C,Fe3+,Cc1nnc(-c2cnc(NC3(c4cccc(F)c4F)CCC3)nc2C(=O)C(F)F)nc1C.[Fe+3],7.788169
TRZ00212,Cc1nnc(CSc2nc3ccccc3[nH]2)nc1C,Fe3+,Cc1nnc(CSc2nc3ccccc3[nH]2)nc1C.[Fe+3],7.7820206
TRZ00670,Cc1nnc([C@H](Cc2cnc[nH]2)NC(=O)OCc2ccccc2)nc1C,Fe3+,Cc1nnc([C@H](Cc2cnc[nH]2)NC(=O)OCc2ccccc2)nc1C.[Fe+3],7.7817545
TRZ04420,Cc1nnc(-c2cnc(NC3(c4ccc(F)cc4F)CC3)nc2)nc1C,Fe3+,Cc1nnc(-c2cnc(NC3(c4ccc(F)cc4F)CC3)nc2)nc1C.[Fe+3],7.7651043
TRZ02484,COc1cccc(C=C2Oc3cc(OCc4nnc(C)c(C)n4)ccc3C2=O)c1OC,Fe3+,COc1cccc(C=C2Oc3cc(OCc4nnc(C)c(C)n4)ccc3C2=O)c1OC.[Fe+3],7.7645
TRZ01467,Cc1nnc(-c2ccc(I)cc2O)nc1C,Fe3+,Cc1nnc(-c2ccc(I)cc2O)nc1C.[Fe+3],7.7610836
TRZ02047,Cc1nnc([C@H](C)N2C(=O)c3ccccc3C2=O)nc1C,Fe3+,Cc1nnc([C@H](C)N2C(=O)c3ccccc3C2=O)nc1C.[Fe+3],7.7524095
TRZ02541,COc1ccccc1-c1c(-c2ccc(OCc3nnc(C)c(C)n3)cc2O)n[nH]c1C,Fe3+,COc1ccccc1-c1c(-c2ccc(OCc3nnc(C)c(C)n3)cc2O)n[nH]c1C.[Fe+3],7.7515817
TRZ05177,Cc1nnc(-c2cnc(NC3(c4ccccc4)CCC3)nc2C(=O)C(F)F)nc1C,Fe3+,Cc1nnc(-c2cnc(NC3(c4ccccc4)CCC3)nc2C(=O)C(F)F)nc1C.[Fe+3],7.7386436
TRZ02643,Cc1nnc(-c2ccc(-c3ccc(-c4nnc(C)c(C)n4)cn3)nc2)nc1C,Fe3+,Cc1nnc(-c2ccc(-c3ccc(-c4nnc(C)c(C)n4)cn3)nc2)nc1C.[Fe+3],7.7172484
TRZ00629,Cc1nnc(-c2cccn(Cc3cccc(C(F)(F)F)c3)c2=O)nc1C,Fe3+,Cc1nnc(-c2cccn(Cc3cccc(C(F)(F)F)c3)c2=O)nc1C.[Fe+3],7.7139583
TRZ01553,Cc1nnc(-c2c[nH]c3ccc(Cl)cc3c2=O)nc1C,Fe3+,Cc1nnc(-c2c[nH]c3ccc(Cl)cc3c2=O)nc1C.[Fe+3],7.7122393
TRZ05803,Cc1nnc(C(C)(C=O)S(=O)(=O)c2ccc(F)cc2)nc1C,Fe3+,Cc1nnc(C(C)(C=O)S(=O)(=O)c2ccc(F)cc2)nc1C.[Fe+3],7.7113686
TRZ02483,COc1ccc(C=C2Oc3cc(OCc4nnc(C)c(C)n4)ccc3C2=O)cc1,Fe3+,COc1ccc(C=C2Oc3cc(OCc4nnc(C)c(C)n4)ccc3C2=O)cc1.[Fe+3],7.704997
TRZ01734,Cc1nnc(C2Cc3c([nH]c4ccccc34)[C@@H](C)N2)nc1C,Fe3+,Cc1nnc(C2Cc3c([nH]c4ccccc34)[C@@H](C)N2)nc1C.[Fe+3],7.6967216
TRZ05193,Cc1nnc(-c2cnc(NC3(c4c(F)cccc4F)CCC3)nc2C(=O)C(F)F)nc1C,Fe3+,Cc1nnc(-c2cnc(NC3(c4c(F)cccc4F)CCC3)nc2C(=O)C(F)F)nc1C.[Fe+3],7.6909304
TRZ00016,Cc1nnc(-c2ccc(N)cc2O)nc1C,Fe3+,Cc1nnc(-c2ccc(N)cc2O)nc1C.[Fe+3],7.6794186
TRZ02539,Cc1nnc(-c2[nH]cnc2/N=N/N(C)C2CCCCC2)nc1C,Fe3+,Cc1nnc(-c2[nH]cnc2/N=N/N(C)C2CCCCC2)nc1C.[Fe+3],7.677566
TRZ04530,Cc1nnc(-c2ccc(CNC(=O)N3CCSC(c4ccc(F)cc4)C3)nc2)nc1C,Fe3+,Cc1nnc(-c2ccc(CNC(=O)N3CCSC(c4ccc(F)cc4)C3)nc2)nc1C.[Fe+3],7.676362
TRZ04133,Cc1nnc(C(N)c2ccc(F)cc2)nc1C,Fe3+,Cc1nnc(C(N)c2ccc(F)cc2)nc1C.[Fe+3],7.6742992
TRZ03762,Cc1nnc(C(C)CN(C)S(=O)(=O)c2ccc(C(F)(F)F)cc2Cl)nc1C,Fe3+,Cc1nnc(C(C)CN(C)S(=O)(=O)c2ccc(C(F)(F)F)cc2Cl)nc1C.[Fe+3],7.668104
TRZ04594,Cc1nnc(-c2ccc(CN(C(=O)N3CC[C@@H](N(C)C)C3)c3ccc(F)c(Cl)c3)nc2)nc1C,Fe3+,Cc1nnc(-c2ccc(CN(C(=O)N3CC[C@@H](N(C)C)C3)c3ccc(F)c(Cl)c3)nc2)nc1C.[Fe+3],7.653826
TRZ05152,CCC(=O)NN=C(c1ccc(F)cc1)c1nnc(C)c(C)n1,Fe3+,CCC(=O)NN=C(c1ccc(F)cc1)c1nnc(C)c(C)n1.[Fe+3],7.6534963
TRZ05178,Cc1nnc(-c2cnc(NC3(c4ccccc4)CCCC3)nc2C(=O)C(F)F)nc1C,Fe3+,Cc1nnc(-c2cnc(NC3(c4ccccc4)CCCC3)nc2C(=O)C(F)F)nc1C.[Fe+3],7.65015
TRZ01882,Cc1nnc(C(C)c2nc3ncccc3[nH]2)nc1C,Fe3+,Cc1nnc(C(C)c2nc3ncccc3[nH]2)nc1C.[Fe+3],7.6491346
TRZ05179,Cc1nnc(-c2cnc(NC3(c4ccccc4)CCCCC3)nc2C(=O)C(F)F)nc1C,Fe3+,Cc1nnc(-c2cnc(NC3(c4ccccc4)CCCCC3)nc2C(=O)C(F)F)nc1C.[Fe+3],7.6481156
TRZ00066,Cc1nnc(CC2Sc3ccccc3NC2=O)nc1C,Fe3+,Cc1nnc(CC2Sc3ccccc3NC2=O)nc1C.[Fe+3],7.647912
TRZ04657,Cc1nnc(-c2ccc(=O)n(CC(=O)Nc3ccc(C(F)(F)F)cc3)c2)nc1C,Fe3+,Cc1nnc(-c2ccc(=O)n(CC(=O)Nc3ccc(C(F)(F)F)cc3)c2)nc1C.[Fe+3],7.6475706
TRZ05176,Cc1nnc(-c2cnc(NC3(c4ccccc4)CC3)nc2C(=O)C(F)F)nc1C,Fe3+,Cc1nnc(-c2cnc(NC3(c4ccccc4)CC3)nc2C(=O)C(F)F)nc1C.[Fe+3],7.646354
TRZ00015,Cc1nnc(-c2cc3ccccc3cc2O)nc1C,Fe3+,Cc1nnc(-c2cc3ccccc3cc2O)nc1C.[Fe+3],7.6459684
TRZ05712,Cc1nnc(-c2cc(C(F)(F)F)cc(C(F)(F)F)c2O)nc1C,Fe3+,Cc1nnc(-c2cc(C(F)(F)F)cc(C(F)(F)F)c2O)nc1C.[Fe+3],7.6421733
TRZ04000,CC(=O)C(c1nnc(C)c(C)n1)n1nc(-c2ccncc2)cc1Cc1ccc(F)cc1,Fe3+,CC(=O)C(c1nnc(C)c(C)n1)n1nc(-c2ccncc2)cc1Cc1ccc(F)cc1.[Fe+3],7.634771
TRZ05734,Cc1nnc(-c2cncc(-c3ccc(OC(F)F)[nH]c3=O)n2)nc1C,Fe3+,Cc1nnc(-c2cncc(-c3ccc(OC(F)F)[nH]c3=O)n2)nc1C.[Fe+3],7.628091
TRZ02218,Cc1nnc(Cn2c(C3CC(=O)N(c4ccc(F)cc4)C3)nc3ccccc32)nc1C,Fe3+,Cc1nnc(Cn2c(C3CC(=O)N(c4ccc(F)cc4)C3)nc3ccccc32)nc1C.[Fe+3],7.626199
TRZ02602,Cc1nnc(-c2cnn(-c3ccc(-c4ccccc4)nn3)c2N)nc1C,Fe3+,Cc1nnc(-c2cnn(-c3ccc(-c4ccccc4)nn3)c2N)nc1C.[Fe+3],7.621797
TRZ02024,Cc1nnc(-c2cc(Br)ccc2O)nc1C,Fe3+,Cc1nnc(-c2cc(Br)ccc2O)nc1C.[Fe+3],7.61855
TRZ05194,Cc1nnc(-c2cnc(NC3(c4cccnc4)CCC3)nc2C(=O)C(F)F)nc1C,Fe3+,Cc1nnc(-c2cnc(NC3(c4cccnc4)CCC3)nc2C(=O)C(F)F)nc1C.[Fe+3],7.6113644
TRZ05517,Cc1ccc(F)c(C(C)C(c2nnc(C)c(C)n2)N2CCc3cc(Cl)ccc3S2(=O)=O)c1C,Fe3+,Cc1ccc(F)c(C(C)C(c2nnc(C)c(C)n2)N2CCc3cc(Cl)ccc3S2(=O)=O)c1C.[Fe+3],7.60742
TRZ05197,Cc1nnc(-c2cnc(NC3(c4ccccc4C(F)(F)F)CCC3)nc2C(=O)C(F)F)nc1C,Fe3+,Cc1nnc(-c2cnc(NC3(c4ccccc4C(F)(F)F)CCC3)nc2C(=O)C(F)F)nc1C.[Fe+3],7.604735
TRZ04808,Cc1nnc(-c2ccc(CN(C(=O)N3CCN(C)CC3)c3ccc(F)c(Cl)c3)nc2)nc1C,Fe3+,Cc1nnc(-c2ccc(CN(C(=O)N3CCN(C)CC3)c3ccc(F)c(Cl)c3)nc2)nc1C.[Fe+3],7.603988
TRZ01772,COCC(=O)Nc1ccc(-c2cc(-c3ccccc3)nc(-c3nnc(C)c(C)n3)n2)cn1,Fe3+,COCC(=O)Nc1ccc(-c2cc(-c3ccccc3)nc(-c3nnc(C)c(C)n3)n2)cn1.[Fe+3],7.6020513
TRZ00985,Cc1nnc(CNc2ccc(N3CCOCC3)nc2)nc1C,Fe3+,Cc1nnc(CNc2ccc(N3CCOCC3)nc2)nc1C.[Fe+3],7.598197
TRZ02842,Cc1nnc(C(C(=O)OCc2ccccc2)c2ccccc2)nc1C,Fe3+,Cc1nnc(C(C(=O)OCc2ccccc2)c2ccccc2)nc1C.[Fe+3],7.5966754
TRZ00671,Cc1nnc(-c2[nH]c3ccccc3c2N)nc1C,Fe3+,Cc1nnc(-c2[nH]c3ccccc3c2N)nc1C.[Fe+3],7.582384
TRZ04963,Cc1ccc(Nc2c(-c3nnc(C)c(C)n3)cn3ccnc3c2Cl)c(F)c1,Fe3+,Cc1ccc(Nc2c(-c3nnc(C)c(C)n3)cn3ccnc3c2Cl)c(F)c1.[Fe+3],7.5813293
TRZ02666,Cc1cccc(Nc2ccccc2-c2nnc(C)c(C)n2)c1C,Fe3+,Cc1cccc(Nc2ccccc2-c2nnc(C)c(C)n2)c1C.[Fe+3],7.5805607
TRZ01689,COc1ccc2ncc(-c3nnc(C)c(C)n3)c(Nc3ccc(NCCCN4CCOCC4)cc3)c2c1,Fe3+,COc1ccc2ncc(-c3nnc(C)c(C)n3)c(Nc3ccc(NCCCN4CCOCC4)cc3)c2c1.[Fe+3],7.555926
TRZ04246,Cc1nnc(C(C)N=Cc2ccc(F)c(C(F)(F)F)c2)nc1C,Fe3+,Cc1nnc(C(C)N=Cc2ccc(F)c(C(F)(F)F)c2)nc1C.[Fe+3],7.551384
TRZ00388,Cc1nnc(C(Cc2cnc[nH]2)NC(=O)OCc2ccccc2)nc1C,Fe3+,Cc1nnc(C(Cc2cnc[nH]2)NC(=O)OCc2ccccc2)nc1C.[Fe+3],7.5467453
TRZ05186,CSc1ncc(-c2nnc(C)c(C)n2)c(C(=O)C(F)F)n1,Fe3+,CSc1ncc(-c2nnc(C)c(C)n2)c(C(=O)C(F)F)n1.[Fe+3],7.54599
TRZ04112,Cc1nnc(C2=NN(Cc3ccc(Cl)cc3Cl)C3=CN(C(F)(F)F)C=NC32)nc1C,Fe3+,Cc1nnc(C2=NN(Cc3ccc(Cl)cc3Cl)C3=CN(C(F)(F)F)C=NC32)nc1C.[Fe+3],7.5402756
TRZ00523,Cc1ccc(/C=C2\Oc3cc(OCc4nnc(C)c(C)n4)ccc3C2=O)o1,Fe3+,Cc1ccc(/C=C2\Oc3cc(OCc4nnc(C)c(C)n4)ccc3C2=O)o1.[Fe+3],7.538243
TRZ02048,Cc1nnc([C@H](Cc2ccccc2)N2C(=O)c3ccccc3C2=O)nc1C,Fe3+,Cc1nnc([C@H](Cc2ccccc2)N2C(=O)c3ccccc3C2=O)nc1C.[Fe+3],7.5298953
TRZ00510,Cc1nnc(-c2noc(C)c2C(=O)N2CCN(C(c3ccccc3)c3ccccc3)CC2)nc1C,Fe3+,Cc1nnc(-c2noc(C)c2C(=O)N2CCN(C(c3ccccc3)c3ccccc3)CC2)nc1C.[Fe+3],7.524895
TRZ01514,Cc1nnc(Cn2cc(C(F)(F)F)ccc2=O)nc1C,Fe3+,Cc1nnc(Cn2cc(C(F)(F)F)ccc2=O)nc1C.[Fe+3],7.521393
TRZ02133,Cc1nnc(COc2ccccc2O)nc1C,Fe3+,Cc1nnc(COc2ccccc2O)nc1C.[Fe+3],7.5120263
TRZ05195,Cc1nnc(-c2cnc(NC3(c4ccc(F)cc4F)CCC3)nc2C(=O)C(F)F)nc1C,Fe3+,Cc1nnc(-c2cnc(NC3(c4ccc(F)cc4F)CCC3)nc2C(=O)C(F)F)nc1C.[Fe+3],7.511375
TRZ00800,Cc1nnc(-c2c(O)c3ccccc3n(C)c2=O)nc1C,Fe3+,Cc1nnc(-c2c(O)c3ccccc3n(C)c2=O)nc1C.[Fe+3],7.5090103
TRZ05311,Cc1nnc(-c2ccc(Cc3c(NS(C)(=O)=O)cccc3C(F)(F)F)nc2)nc1C,Fe3+,Cc1nnc(-c2ccc(Cc3c(NS(C)(=O)=O)cccc3C(F)(F)F)nc2)nc1C.[Fe+3],7.5085354
TRZ03109,Cc1nnc(-c2ccccc2N2C(=O)N[C@]3(CCOc4ccc(F)cc43)C2=O)nc1C,Fe3+,Cc1nnc(-c2ccccc2N2C(=O)N[C@]3(CCOc4ccc(F)cc43)C2=O)nc1C.[Fe+3],7.5053124
TRZ05183,Cc1nnc(-c2cnc(NC3(c4cccc(C(F)(F)F)c4)CCC3)nc2C(=O)C(F)F)nc1C,Fe3+,Cc1nnc(-c2cnc(NC3(c4cccc(C(F)(F)F)c4)CCC3)nc2C(=O)C(F)F)nc1C.[Fe+3],7.5015674
TRZ05360,Cc1nnc(-c2cnc(C(=O)C(F)F)nc2)nc1C,Fe3+,Cc1nnc(-c2cnc(C(=O)C(F)F)nc2)nc1C.[Fe+3],7.4993258
TRZ02144,Cc1nnc(CCn2nc(-c3ccccc3)c3ccccc3c2=O)nc1C,Fe3+,Cc1nnc(CCn2nc(-c3ccccc3)c3ccccc3c2=O)nc1C.[Fe+3],7.4872746
TRZ02455,Cc1nnc(-c2cnc(C(C)(C)C)[nH]2)nc1C,Fe3+,Cc1nnc(-c2cnc(C(C)(C)C)[nH]2)nc1C.[Fe+3],7.480294
TRZ02161,Cc1nnc(CCn2ncc3ccccc3c2=O)nc1C,Fe3+,Cc1nnc(CCn2ncc3ccccc3c2=O)nc1C.[Fe+3],7.4797072
TRZ00379,Cc1nnc(-c2n[nH]c(=O)c3ccccc23)nc1C,Fe3+,Cc1nnc(-c2n[nH]c(=O)c3ccccc23)nc1C.[Fe+3],7.4746246
TRZ02850,Cc1nnc(Cn2nc(C)n(CCCn3ccnc3)c2=O)nc1C,Fe3+,Cc1nnc(Cn2nc(C)n(CCCn3ccnc3)c2=O)nc1C.[Fe+3],7.4744163
TRZ03236,Cc1nnc(-c2cc(Cl)ccc2OCC(=O)N2CCC(C(=O)c3ccc(F)cc3)CC2)nc1C,Fe3+,Cc1nnc(-c2cc(Cl)ccc2OCC(=O)N2CCC(C(=O)c3ccc(F)cc3)CC2)nc1C.[Fe+3],7.4692698
TRZ01721,Cc1nnc(COc2ccc(NC(=O)c3cc(Br)c(Br)[nH]3)cc2)nc1C,Fe3+,Cc1nnc(COc2ccc(NC(=O)c3cc(Br)c(Br)[nH]3)cc2)nc1C.[Fe+3],7.467041
TRZ01489,CC(=O)N[C@@H](Cc1ccc(O)cc1)c1nnc(C)c(C)n1,Fe3+,CC(=O)N[C@@H](Cc1ccc(O)cc1)c1nnc(C)c(C)n1.[Fe+3],7.4625077
TRZ04216,Cc1nnc(-c2cc(-c3cccc(-n4ccc5cc(C6CC6)cc(F)c5c4=O)c3CON)c[nH]2)nc1C,Fe3+,Cc1nnc(-c2cc(-c3cccc(-n4ccc5cc(C6CC6)cc(F)c5c4=O)c3CON)c[nH]2)nc1C.[Fe+3],7.4613724
TRZ05185,Cc1ccc(C2(Nc3ncc(-c4nnc(C)c(C)n4)c(C(=O)C(F)F)n3)CCC2)cc1,Fe3+,Cc1ccc(C2(Nc3ncc(-c4nnc(C)c(C)n4)c(C(=O)C(F)F)n3)CCC2)cc1.[Fe+3],7.455292
TRZ00947,Cc1nnc(-c2nn(-c3ccc(Cl)cc3)ccc2=O)nc1C,Fe3+,Cc1nnc(-c2nn(-c3ccc(Cl)cc3)ccc2=O)nc1C.[Fe+3],7.4548388
TRZ02879,Cc1nnc(C(S)Cc2csc(-c3ccc(F)cc3)n2)nc1C,Fe3+,Cc1nnc(C(S)Cc2csc(-c3ccc(F)cc3)n2)nc1C.[Fe+3],7.4507127
TRZ00958,Cc1nnc(-c2cc(-c3ccc(Cl)cc3)nn2CC(O)COc2ccc(Cl)cc2)nc1C,Fe3+,Cc1nnc(-c2cc(-c3ccc(Cl)cc3)nn2CC(O)COc2ccc(Cl)cc2)nc1C.[Fe+3],7.4482455
TRZ02449,COc1ccc(C(=O)NC(c2nnc(C)c(C)n2)C23CC4CC(CC(C4)C2)C3)cc1,Fe3+,COc1ccc(C(=O)NC(c2nnc(C)c(C)n2)C23CC4CC(CC(C4)C2)C3)cc1.[Fe+3],7.448171
TRZ04407,Cc1nnc(-c2cnc(NC3(c4cc(F)cc(F)c4)CCC3)nc2)nc1C,Fe3+,Cc1nnc(-c2cnc(NC3(c4cc(F)cc(F)c4)CCC3)nc2)nc1C.[Fe+3],7.444764
TRZ03782,Cc1nnc(C(C(N)=O)c2ccc(OCc3cccc(F)c3)cc2)nc1C,Fe3+,Cc1nnc(C(C(N)=O)c2ccc(OCc3cccc(F)c3)cc2)nc1C.[Fe+3],7.4392676
TRZ05752,Cc1nnc(-c2ccc(N3CCC(C#N)CC3c3cc(F)ccc3Cl)nc2)nc1C,Fe3+,Cc1nnc(-c2ccc(N3CCC(C#N)CC3c3cc(F)ccc3Cl)nc2)nc1C.[Fe+3],7.4392323
TRZ00507,Cc1nnc(-c2ccc3nc(-c4ccc(Br)cc4)cn3c2)nc1C,Fe3+,Cc1nnc(-c2ccc3nc(-c4ccc(Br)cc4)cn3c2)nc1C.[Fe+3],7.436205
TRZ01082,Cc1nnc(-c2[nH]nc3c(O)c4ccccc4c(O)c23)nc1C,Fe3+,Cc1nnc(-c2[nH]nc3c(O)c4ccccc4c(O)c23)nc1C.[Fe+3],7.435383
TRZ02802,Cc1nnc(-c2ccccc2Nc2ccccc2-c2nnc(C)c(C)n2)nc1C,Fe3+,Cc1nnc(-c2ccccc2Nc2ccccc2-c2nnc(C)c(C)n2)nc1C.[Fe+3],7.434259
TRZ03034,Cc1ccc2c(=O)c(-c3ccc(F)cc3)cn(Cc3nnc(C)c(C)n3)c2c1,Fe3+,Cc1ccc2c(=O)c(-c3ccc(F)cc3)cn(Cc3nnc(C)c(C)n3)c2c1.[Fe+3],7.43083
TRZ01163,Cc1nnc(-c2cn(C)c3c(cc([N+](=O)[O-])c4cccnc43)c2=O)nc1C,Fe3+,Cc1nnc(-c2cn(C)c3c(cc([N+](=O)[O-])c4cccnc43)c2=O)nc1C.[Fe+3],7.419484
TRZ01586,Cc1nnc(CNC(=O)c2cc3ccccc3cc2N)nc1C,Fe3+,Cc1nnc(CNC(=O)c2cc3ccccc3cc2N)nc1C.[Fe+3],7.4143653
TRZ05109,Cc1ccc(-c2nn(Cc3nnc(C)c(C)n3)c(=O)n2C[C@H](O)C(C)(F)F)cc1,Fe3+,Cc1ccc(-c2nn(Cc3nnc(C)c(C)n3)c(=O)n2C[C@H](O)C(C)(F)F)cc1.[Fe+3],7.4087944
TRZ05180,COc1ccc(C2(Nc3ncc(-c4nnc(C)c(C)n4)c(C(=O)C(F)F)n3)CCC2)cc1,Fe3+,COc1ccc(C2(Nc3ncc(-c4nnc(C)c(C)n4)c(C(=O)C(F)F)n3)CCC2)cc1.[Fe+3],7.404037
TRZ03008,Cc1nnc(CCNS(=O)(=O)c2ccccc2)nc1C,Fe3+,Cc1nnc(CCNS(=O)(=O)c2ccccc2)nc1C.[Fe+3],7.3989177
TRZ00358,Cc1nnc(C2=C(O)c3ccccc3S(=O)(=O)N2C)nc1C,Fe3+,Cc1nnc(C2=C(O)c3ccccc3S(=O)(=O)N2C)nc1C.[Fe+3],7.396682
TRZ01855,Cc1nnc(-c2cc3c(F)cccc3[nH]2)nc1C,Fe3+,Cc1nnc(-c2cc3c(F)cccc3[nH]2)nc1C.[Fe+3],7.3842826
TRZ01690,Cc1nnc(-c2cnc3ccc(F)cc3c2Nc2ccc(NCCCN3CCOCC3)cc2)nc1C,Fe3+,Cc1nnc(-c2cnc3ccc(F)cc3c2Nc2ccc(NCCCN3CCOCC3)cc2)nc1C.[Fe+3],7.3838677
TRZ04136,Cc1nnc(C(N)c2ccccc2F)nc1C,Fe3+,Cc1nnc(C(N)c2ccccc2F)nc1C.[Fe+3],7.3778653
TRZ02314,Cc1nnc(Cn2nnc(-c3ccccc3Cl)n2)nc1C,Fe3+,Cc1nnc(Cn2nnc(-c3ccccc3Cl)n2)nc1C.[Fe+3],7.377022
TRZ01653,Cc1nnc(-c2cn(C3CC3)c3cc(N4CCNCC4)c(F)cc3c2=O)nc1C,Fe3+,Cc1nnc(-c2cn(C3CC3)c3cc(N4CCNCC4)c(F)cc3c2=O)nc1C.[Fe+3],7.3756924
TRZ01212,Cc1nnc(-c2ccc3ccccc3c2O)nc1C,Fe3+,Cc1nnc(-c2ccc3ccccc3c2O)nc1C.[Fe+3],7.36344
TRZ05204,Cc1nnc(-c2cc(-c3ccc(F)cc3)c(=O)n(C)c2)nc1C,Fe3+,Cc1nnc(-c2cc(-c3ccc(F)cc3)c(=O)n(C)c2)nc1C.[Fe+3],7.358127
TRZ00889,Cc1nnc(-c2cn(C3CC3)c3cc(N4CCN(C(=O)c5ccccc5)CC4)c(F)cc3c2=O)nc1C,Fe3+,Cc1nnc(-c2cn(C3CC3)c3cc(N4CCN(C(=O)c5ccccc5)CC4)c(F)cc3c2=O)nc1C.[Fe+3],7.3553314
TRZ03318,COc1cnc(-c2cc(Cl)ccc2F)nc1Nc1ccncc1-c1nnc(C)c(C)n1,Fe3+,COc1cnc(-c2cc(Cl)ccc2F)nc1Nc1ccncc1-c1nnc(C)c(C)n1.[Fe+3],7.35255
TRZ03268,Cc1nnc(-c2ncc(Cl)cc2NS(=O)(=O)c2ccc(Cl)c(C(F)(F)F)c2)nc1C,Fe3+,Cc1nnc(-c2ncc(Cl)cc2NS(=O)(=O)c2ccc(Cl)c(C(F)(F)F)c2)nc1C.[Fe+3],7.352067
TRZ05187,Cc1nnc(-c2cnc(NC3(c4cccc(C(F)(F)F)c4)CC3)nc2C(=O)C(F)F)nc1C,Fe3+,Cc1nnc(-c2cnc(NC3(c4cccc(C(F)(F)F)c4)CC3)nc2C(=O)C(F)F)nc1C.[Fe+3],7.351854
TRZ03759,Cc1nnc(CC(C)N(C)S(=O)(=O)c2ccc(C(F)(F)F)cc2Cl)nc1C,Fe3+,Cc1nnc(CC(C)N(C)S(=O)(=O)c2ccc(C(F)(F)F)cc2Cl)nc1C.[Fe+3],7.350248
TRZ04342,CCS(=O)(=O)N(Cc1ccc(-c2nnc(C)c(C)n2)cn1)c1ccc(F)c(F)c1,Fe3+,CCS(=O)(=O)N(Cc1ccc(-c2nnc(C)c(C)n2)cn1)c1ccc(F)c(F)c1.[Fe+3],7.3468747
TRZ02441,Cc1ccc(N)c(C(NCc2nnc(C)c(C)n2)c2ccccc2)c1,Fe3+,Cc1ccc(N)c(C(NCc2nnc(C)c(C)n2)c2ccccc2)c1.[Fe+3],7.346636
TRZ05196,Cc1nnc(-c2cnc(NC3(c4cccs4)CC3)nc2C(=O)C(F)F)nc1C,Fe3+,Cc1nnc(-c2cnc(NC3(c4cccs4)CC3)nc2C(=O)C(F)F)nc1C.[Fe+3],7.3445635
TRZ04101,Cc1nnc(-c2cnc(-c3ccc(C(F)(F)F)cc3)[nH]2)nc1C,Fe3+,Cc1nnc(-c2cnc(-c3ccc(C(F)(F)F)cc3)[nH]2)nc1C.[Fe+3],7.3321404
TRZ00705,Cc1nnc(-c2nn(-c3ccccc3)c(=O)cc2O)nc1C,Fe3+,Cc1nnc(-c2nn(-c3ccccc3)c(=O)cc2O)nc1C.[Fe+3],7.326847
TRZ01624,CC(/C=C/c1ccc(Cl)cc1)=N\OCc1nnc(C)c(C)n1,Fe3+,CC(/C=C/c1ccc(Cl)cc1)=N\OCc1nnc(C)c(C)n1.[Fe+3],7.3183484
TRZ01024,Cc1nnc(COc2ccc3c4c(c(=O)oc3c2Br)CCCC4)nc1C,Fe3+,Cc1nnc(COc2ccc3c4c(c(=O)oc3c2Br)CCCC4)nc1C.[Fe+3],7.315315
TRZ00281,Cc1nnc(-c2cnn(-c3ccccc3)c2-n2cccc2)nc1C,Fe3+,Cc1nnc(-c2cnn(-c3ccccc3)c2-n2cccc2)nc1C.[Fe+3],7.3098693
TRZ01089,Cc1cc2nc(SCc3nnc(C)c(C)n3)[nH]c2cc1C,Fe3+,Cc1cc2nc(SCc3nnc(C)c(C)n3)[nH]c2cc1C.[Fe+3],7.304292
TRZ03557,Cc1nnc(Cn2cccc(C(F)(F)F)c2=O)nc1C,Fe3+,Cc1nnc(Cn2cccc(C(F)(F)F)c2=O)nc1C.[Fe+3],7.3035197
TRZ00181,Cc1nnc(-c2nn(-c3ccc(Cl)cc3)cc2O)nc1C,Fe3+,Cc1nnc(-c2nn(-c3ccc(Cl)cc3)cc2O)nc1C.[Fe+3],7.297318
TRZ05484,Cc1nnc(-c2cnc3[nH]nc(N4CC[C@H](F)C4)c3c2)nc1C,Fe3+,Cc1nnc(-c2cnc3[nH]nc(N4CC[C@H](F)C4)c3c2)nc1C.[Fe+3],7.2925086
TRZ04398,Cc1nnc(-c2cnc(NC3(c4cc(F)cc(F)c4)CC3)nc2)nc1C,Fe3+,Cc1nnc(-c2cnc(NC3(c4cc(F)cc(F)c4)CC3)nc2)nc1C.[Fe+3],7.2922316
TRZ05745,CCOc1ccc(-c2nc(-c3nnc(C)c(C)n3)c[nH]c2=O)c(F)c1,Fe3+,CCOc1ccc(-c2nc(-c3nnc(C)c(C)n3)c[nH]c2=O)c(F)c1.[Fe+3],7.2890654
TRZ02458,CCCCOc1ccccc1C(=O)NCc1nnc(C)c(C)n1,Fe3+,CCCCOc1ccccc1C(=O)NCc1nnc(C)c(C)n1.[Fe+3],7.2890534
TRZ02501,CCCCCOc1ccc(O)c(-c2nnc(C)c(C)n2)c1,Fe3+,CCCCCOc1ccc(O)c(-c2nnc(C)c(C)n2)c1.[Fe+3],7.274702
TRZ04904,Cc1nnc(C(C)N2C3CCC2CC(Oc2ccnc4ccc(F)cc24)C3)nc1C,Fe3+,Cc1nnc(C(C)N2C3CCC2CC(Oc2ccnc4ccc(F)cc24)C3)nc1C.[Fe+3],7.273805
TRZ05419,Cc1nnc(-c2cn3c4c(c(N5CCN(C)CC5)c(F)cc4c2=O)OCC32CC2)nc1C,Fe3+,Cc1nnc(-c2cn3c4c(c(N5CCN(C)CC5)c(F)cc4c2=O)OCC32CC2)nc1C.[Fe+3],7.2692437
TRZ00914,COc1ccccc1-c1c(-c2ccc(OCc3nnc(C)c(C)n3)cc2O)n[nH]c1C(F)(F)F,Fe3+,COc1ccccc1-c1c(-c2ccc(OCc3nnc(C)c(C)n3)cc2O)n[nH]c1C(F)(F)F.[Fe+3],7.2683473
TRZ00141,CCn1cc(-c2nnc(C)c(C)n2)c(=O)c2cc(F)c(N3CCN(C)CC3)cc21,Fe3+,CCn1cc(-c2nnc(C)c(C)n2)c(=O)c2cc(F)c(N3CCN(C)CC3)cc21.[Fe+3],7.2651515
TRZ00509,COc1ccc(-c2cn3cc(-c4nnc(C)c(C)n4)ccc3n2)cc1,Fe3+,COc1ccc(-c2cn3cc(-c4nnc(C)c(C)n4)ccc3n2)cc1.[Fe+3],7.263511
TRZ02424,Cc1nnc(CSCCCN2CCN(c3cccc(Cl)c3)CC2)nc1C,Fe3+,Cc1nnc(CSCCCN2CCN(c3cccc(Cl)c3)CC2)nc1C.[Fe+3],7.2565055
TRZ02843,Cc1nnc(-c2cnn(-c3ccnc4c(C(F)(F)F)cccc34)c2N)nc1C,Fe3+,Cc1nnc(-c2cnn(-c3ccnc4c(C(F)(F)F)cccc34)c2N)nc1C.[Fe+3],7.254762
TRZ01686,Cc1nnc(-c2cnc3ccc(F)cc3c2Nc2ccc(OCCCN3CCOCC3)cc2)nc1C,Fe3+,Cc1nnc(-c2cnc3ccc(F)cc3c2Nc2ccc(OCCCN3CCOCC3)cc2)nc1C.[Fe+3],7.250743
TRZ01526,Cc1nnc(-c2ccc(Oc3cccc(C(F)(F)F)c3)nc2)nc1C,Fe3+,Cc1nnc(-c2ccc(Oc3cccc(C(F)(F)F)c3)nc2)nc1C.[Fe+3],7.248118
TRZ02499,CCCOc1ccc(O)c(-c2nnc(C)c(C)n2)c1,Fe3+,CCCOc1ccc(O)c(-c2nnc(C)c(C)n2)c1.[Fe+3],7.2370405
TRZ01546,Cc1ccc(S(=O)(=O)NC(Cc2ccccc2)c2nnc(C)c(C)n2)cc1,Fe3+,Cc1ccc(S(=O)(=O)NC(Cc2ccccc2)c2nnc(C)c(C)n2)cc1.[Fe+3],7.2365947
TRZ02838,Cc1nnc(C(NC(=O)c2ccccc2F)C(C)C)nc1C,Fe3+,Cc1nnc(C(NC(=O)c2ccccc2F)C(C)C)nc1C.[Fe+3],7.2330513
TRZ01959,Cc1nnc(-c2c[nH]c3ccccc3c2=O)nc1C,Fe3+,Cc1nnc(-c2c[nH]c3ccccc3c2=O)nc1C.[Fe+3],7.2274528
TRZ00089,Cc1nnc(-c2cnc[nH]2)nc1C,Fe3+,Cc1nnc(-c2cnc[nH]2)nc1C.[Fe+3],7.2235293
TRZ02918,Cc1nnc(-c2ccc3cc4ccccc4cc3c2O)nc1C,Fe3+,Cc1nnc(-c2ccc3cc4ccccc4cc3c2O)nc1C.[Fe+3],7.2231636
TRZ05744,CCOc1ccc(-c2c[nH]c(=O)c(-c3nnc(C)c(C)n3)n2)c(F)c1,Fe3+,CCOc1ccc(-c2c[nH]c(=O)c(-c3nnc(C)c(C)n3)n2)c(F)c1.[Fe+3],7.2193155
TRZ05169,Cc1nnc(C(N)c2ccc(F)c(Br)c2)nc1C,Fe3+,Cc1nnc(C(N)c2ccc(F)c(Br)c2)nc1C.[Fe+3],7.2170258
TRZ01673,Cc1nnc(CCN2CCN(c3ccnc4cc(Cl)ccc34)CC2)nc1C,Fe3+,Cc1nnc(CCN2CCN(c3ccnc4cc(Cl)ccc34)CC2)nc1C.[Fe+3],7.215969
TRZ04062,Cc1nnc([C@H]2C[C@H]3CSC(NC(=O)c4ccccc4)=N[C@@]3(c3ccc(F)cc3F)CO2)nc1C,Fe3+,Cc1nnc([C@H]2C[C@H]3CSC(NC(=O)c4ccccc4)=N[C@@]3(c3ccc(F)cc3F)CO2)nc1C.[Fe+3],7.210446
TRZ05453,Cc1nnc(-c2ccc(Oc3ccc(C(F)(F)F)cc3)cc2[N+](=O)[O-])nc1C,Fe3+,Cc1nnc(-c2ccc(Oc3ccc(C(F)(F)F)cc3)cc2[N+](=O)[O-])nc1C.[Fe+3],7.207668
TRZ05201,Cc1nnc(-c2cnc(NC3(c4ccc(F)cc4F)CC3)nc2C(=O)C(F)F)nc1C,Fe3+,Cc1nnc(-c2cnc(NC3(c4ccc(F)cc4F)CC3)nc2C(=O)C(F)F)nc1C.[Fe+3],7.205968
TRZ03514,Cc1nc(C(=O)N2CCCCC2Cc2nnc(C)c(C)n2)c(-c2ccc(F)cc2)s1,Fe3+,Cc1nc(C(=O)N2CCCCC2Cc2nnc(C)c(C)n2)c(-c2ccc(F)cc2)s1.[Fe+3],7.2020435
TRZ01558,Cc1nnc(C2CC(O)CN2S(=O)(=O)c2ccc3ccccc3c2)nc1C,Fe3+,Cc1nnc(C2CC(O)CN2S(=O)(=O)c2ccc3ccccc3c2)nc1C.[Fe+3],7.1985426
TRZ00178,CCOC(=O)c1c(-c2ccccc2)oc2ccc(OCc3nnc(C)c(C)n3)cc12,Fe3+,CCOC(=O)c1c(-c2ccccc2)oc2ccc(OCc3nnc(C)c(C)n3)cc12.[Fe+3],7.197702
TRZ04244,Cc1nnc(-c2cn3c4c(c(N5CCN(C)CC5)c(F)cc4c2=O)OCC3C)nc1C,Fe3+,Cc1nnc(-c2cn3c4c(c(N5CCN(C)CC5)c(F)cc4c2=O)OCC3C)nc1C.[Fe+3],7.196476
TRZ00937,Cc1nnc(C(C)Oc2ccc(-c3nccc(-c4ccccn4)n3)cc2)nc1C,Fe3+,Cc1nnc(C(C)Oc2ccc(-c3nccc(-c4ccccn4)n3)cc2)nc1C.[Fe+3],7.1913157
TRZ00382,COc1ccc2c(N)c(-c3nnc(C)c(C)n3)[nH]c2c1,Fe3+,COc1ccc2c(N)c(-c3nnc(C)c(C)n3)[nH]c2c1.[Fe+3],7.18983
TRZ03799,Cc1nc(C(=O)N2CCCC[C@@H]2Cc2nnc(C)c(C)n2)c(-c2ccc(F)cc2)s1,Fe3+,Cc1nc(C(=O)N2CCCC[C@@H]2Cc2nnc(C)c(C)n2)c(-c2ccc(F)cc2)s1.[Fe+3],7.1849008
TRZ01205,Cc1nnc(CNC(c2ccccc2)(c2ccccc2)c2ccccc2)nc1C,Fe3+,Cc1nnc(CNC(c2ccccc2)(c2ccccc2)c2ccccc2)nc1C.[Fe+3],7.175124
TRZ00479,Cc1nnc(CNC(=O)c2ccccc2F)nc1C,Fe3+,Cc1nnc(CNC(=O)c2ccccc2F)nc1C.[Fe+3],7.174868
TRZ05153,CCC(=O)NN=C(c1ccc(OC(F)(F)F)cc1)c1nnc(C)c(C)n1,Fe3+,CCC(=O)NN=C(c1ccc(OC(F)(F)F)cc1)c1nnc(C)c(C)n1.[Fe+3],7.1716685
TRZ02575,Cc1nnc(-c2ccccc2Nc2ccc(Cl)cc2)nc1C,Fe3+,Cc1nnc(-c2ccccc2Nc2ccc(Cl)cc2)nc1C.[Fe+3],7.1674323
TRZ04974,Cc1ccc(C(=N)c2nnc(C)c(C)n2)c(NCc2ccc(F)cc2F)c1,Fe3+,Cc1ccc(C(=N)c2nnc(C)c(C)n2)c(NCc2ccc(F)cc2F)c1.[Fe+3],7.166223
TRZ02658,Cc1nnc(C2C=C3c4cccc5[nH]cc(c45)CC3N(C)C2)nc1C,Fe3+,Cc1nnc(C2C=C3c4cccc5[nH]cc(c45)CC3N(C)C2)nc1C.[Fe+3],7.16573
TRZ04055,Cc1nnc(-c2cnc(Nc3ccc(F)cc3)cc2NC(C)C)nc1C,Fe3+,Cc1nnc(-c2cnc(Nc3ccc(F)cc3)cc2NC(C)C)nc1C.[Fe+3],7.164478
TRZ05836,Cc1nnc(/C=N/NCc2ccc(F)cc2)nc1C,Fe3+,Cc1nnc(/C=N/NCc2ccc(F)cc2)nc1C.[Fe+3],7.1599207
TRZ01875,Cc1nnc(COc2ccc3c(c2Br)CCCC3)nc1C,Fe3+,Cc1nnc(COc2ccc3c(c2Br)CCCC3)nc1C.[Fe+3],7.1576657
TRZ04885,Cc1nnc(CS(=O)(=O)c2ccc(F)cc2)nc1C,Fe3+,Cc1nnc(CS(=O)(=O)c2ccc(F)cc2)nc1C.[Fe+3],7.1333013
TRZ00753,Cc1nnc(CS(=O)(=O)c2ccc(Cl)cc2)nc1C,Fe3+,Cc1nnc(CS(=O)(=O)c2ccc(Cl)cc2)nc1C.[Fe+3],7.1319203
TRZ00242,Cc1nnc(Cc2nn[nH]n2)nc1C,Fe3+,Cc1nnc(Cc2nn[nH]n2)nc1C.[Fe+3],7.123234
TRZ01675,Cc1nnc(-c2cc(-c3ccc(OCC(C)C)cc3)n[nH]c2=O)nc1C,Fe3+,Cc1nnc(-c2cc(-c3ccc(OCC(C)C)cc3)n[nH]c2=O)nc1C.[Fe+3],7.1175013
TRZ01087,Cc1nnc(CSc2ncnc3nc[nH]c23)nc1C,Fe3+,Cc1nnc(CSc2ncnc3nc[nH]c23)nc1C.[Fe+3],7.1108737
TRZ05233,Cc1nnc(C(Oc2cc(-c3cccnc3)c3ncccc3c2)c2ccc(F)cn2)nc1C,Fe3+,Cc1nnc(C(Oc2cc(-c3cccnc3)c3ncccc3c2)c2ccc(F)cn2)nc1C.[Fe+3],7.108746
TRZ05417,Cc1nnc(C(=N)C(=O)/C=C\Nc2cccc(C(F)(F)F)c2)nc1C,Fe3+,Cc1nnc(C(=N)C(=O)/C=C\Nc2cccc(C(F)(F)F)c2)nc1C.[Fe+3],7.100274
TRZ01568,COc1cccc(OC)c1C(=O)NCc1nnc(C)c(C)n1,Fe3+,COc1cccc(OC)c1C(=O)NCc1nnc(C)c(C)n1.[Fe+3],7.100207
TRZ02503,CCCCCCOc1ccc(O)c(-c2nnc(C)c(C)n2)c1,Fe3+,CCCCCCOc1ccc(O)c(-c2nnc(C)c(C)n2)c1.[Fe+3],7.095618
TRZ02404,Cc1nnc(CNC(=O)c2cccnc2Oc2ccccc2)nc1C,Fe3+,Cc1nnc(CNC(=O)c2cccnc2Oc2ccccc2)nc1C.[Fe+3],7.0951343
TRZ02135,CCCCn1nc(-c2nnc(C)c(C)n2)c2ccccc2c1=O,Fe3+,CCCCn1nc(-c2nnc(C)c(C)n2)c2ccccc2c1=O.[Fe+3],7.0939207
TRZ03769,Cc1ccc(S(=O)(=O)N2C(c3ccc(F)cc3)CCC2c2nnc(C)c(C)n2)cc1,Fe3+,Cc1ccc(S(=O)(=O)N2C(c3ccc(F)cc3)CCC2c2nnc(C)c(C)n2)cc1.[Fe+3],7.093476
TRZ04175,Cc1nnc(Cc2cc(NC(=O)OC(C)(C)C)n(-c3ccc(F)cc3)n2)nc1C,Fe3+,Cc1nnc(Cc2cc(NC(=O)OC(C)(C)C)n(-c3ccc(F)cc3)n2)nc1C.[Fe+3],7.091823
TRZ04410,Cc1nnc(-c2cnc(NC3(c4cccc(Cl)c4F)CCC3)nc2)nc1C,Fe3+,Cc1nnc(-c2cnc(NC3(c4cccc(Cl)c4F)CCC3)nc2)nc1C.[Fe+3],7.090619
TRZ02450,Cc1nnc(C(NC(=O)c2ccc([N+](=O)[O-])cc2)C23CC4CC(CC(C4)C2)C3)nc1C,Fe3+,Cc1nnc(C(NC(=O)c2ccc([N+](=O)[O-])cc2)C23CC4CC(CC(C4)C2)C3)nc1C.[Fe+3],7.08613
TRZ04755,CCN1CCN(C(=O)N(Cc2ccc(-c3nnc(C)c(C)n3)cn2)c2ccc(F)c(Cl)c2)CC1,Fe3+,CCN1CCN(C(=O)N(Cc2ccc(-c3nnc(C)c(C)n3)cn2)c2ccc(F)c(Cl)c2)CC1.[Fe+3],7.084533
TRZ04399,Cc1nnc(-c2cnc(NC3(c4ccc(F)c(F)c4)CCC3)nc2)nc1C,Fe3+,Cc1nnc(-c2cnc(NC3(c4ccc(F)c(F)c4)CCC3)nc2)nc1C.[Fe+3],7.0759645
TRZ04345,CCS(=O)(=O)N(Cc1ccc(-c2nnc(C)c(C)n2)cn1)c1ccc(F)c(Cl)c1,Fe3+,CCS(=O)(=O)N(Cc1ccc(-c2nnc(C)c(C)n2)cn1)c1ccc(F)c(Cl)c1.[Fe+3],7.0651937
TRZ00122,COc1cccc2[nH]c(-c3nnc(C)c(C)n3)c(N)c12,Fe3+,COc1cccc2[nH]c(-c3nnc(C)c(C)n3)c(N)c12.[Fe+3],7.060177
TRZ02625,Cc1nnc(Cn2cncn2)nc1C,Fe3+,Cc1nnc(Cn2cncn2)nc1C.[Fe+3],7.0579147
TRZ05260,Cc1nnc(-c2cnc3ccc(N4CCC[C@@H]4c4cc(F)cnc4CC[C@@H](C)N)nn23)nc1C,Fe3+,Cc1nnc(-c2cnc3ccc(N4CCC[C@@H]4c4cc(F)cnc4CC[C@@H](C)N)nn23)nc1C.[Fe+3],7.0572605
TRZ00305,Cc1nnc(CO/N=C/c2cc(C(C)(C)C)c(O)c(C(C)(C)C)c2)nc1C,Fe3+,Cc1nnc(CO/N=C/c2cc(C(C)(C)C)c(O)c(C(C)(C)C)c2)nc1C.[Fe+3],7.0548625
TRZ00901,Cc1nc(C)c(-c2nnc(-c3ccccc3Cl)o2)cc1-c1nnc(C)c(C)n1,Fe3+,Cc1nc(C)c(-c2nnc(-c3ccccc3Cl)o2)cc1-c1nnc(C)c(C)n1.[Fe+3],7.053171
TRZ02351,Cc1nnc(CC(=O)Nc2nc3ccccc3s2)nc1C,Fe3+,Cc1nnc(CC(=O)Nc2nc3ccccc3s2)nc1C.[Fe+3],7.0528026
TRZ00301,COc1ccc2c(c1)CCC/C2=N\Nc1nc(-c2nnc(C)c(C)n2)cs1,Fe3+,COc1ccc2c(c1)CCC/C2=N\Nc1nc(-c2nnc(C)c(C)n2)cs1.[Fe+3],7.0501614
TRZ03796,Cc1nnc(-c2c(-c3ccc(Cl)cc3)[nH]c3c(F)c(F)c(F)cc3c2=O)nc1C,Fe3+,Cc1nnc(-c2c(-c3ccc(Cl)cc3)[nH]c3c(F)c(F)c(F)cc3c2=O)nc1C.[Fe+3],7.0493865
TRZ05087,Cc1nnc(C(=O)NCc2c(F)cccc2F)nc1C,Fe3+,Cc1nnc(C(=O)NCc2c(F)cccc2F)nc1C.[Fe+3],7.0381823
TRZ02453,Cc1nnc(-c2cnc(C3CCCC3)[nH]2)nc1C,Fe3+,Cc1nnc(-c2cnc(C3CCCC3)[nH]2)nc1C.[Fe+3],7.0371103
TRZ04582,Cc1nnc(-c2ccc(CN(C(=O)N3CCOCC3)c3ccc(F)c(Cl)c3)nc2)nc1C,Fe3+,Cc1nnc(-c2ccc(CN(C(=O)N3CCOCC3)c3ccc(F)c(Cl)c3)nc2)nc1C.[Fe+3],7.033849
TRZ00768,CCn1cc(-c2nnc(C)c(C)n2)c(=O)c2cc(F)c(N3CCCCCC3)cc21,Fe3+,CCn1cc(-c2nnc(C)c(C)n2)c(=O)c2cc(F)c(N3CCCCCC3)cc21.[Fe+3],7.032388
TRZ04759,Cc1nnc(-c2ccc(CN(C(=O)N3CCS(=O)(=O)CC3)c3ccc(F)cc3)nc2)nc1C,Fe3+,Cc1nnc(-c2ccc(CN(C(=O)N3CCS(=O)(=O)CC3)c3ccc(F)cc3)nc2)nc1C.[Fe+3],7.0320706
TRZ00470,Cc1nnc(-c2cn3c4c(c(N5CCN(C)CC5)c(F)cc4c2=O)OC[C@@H]3C)nc1C,Fe3+,Cc1nnc(-c2cn3c4c(c(N5CCN(C)CC5)c(F)cc4c2=O)OC[C@@H]3C)nc1C.[Fe+3],7.026965
TRZ05366,Cc1nnc(-c2cnc(C(=O)C(F)(F)F)nc2)nc1C,Fe3+,Cc1nnc(-c2cnc(C(=O)C(F)(F)F)nc2)nc1C.[Fe+3],7.0228033
TRZ01644,Cc1nnc(CCn2cc(C)c(=O)[nH]c2=O)nc1C,Fe3+,Cc1nnc(CCn2cc(C)c(=O)[nH]c2=O)nc1C.[Fe+3],7.017211
TRZ04482,Cc1nnc(-c2cc(N3CCOCC3)cc3c2nc(C)n3-c2ccnc3cc(F)ccc23)nc1C,Fe3+,Cc1nnc(-c2cc(N3CCOCC3)cc3c2nc(C)n3-c2ccnc3cc(F)ccc23)nc1C.[Fe+3],7.0156655
TRZ00774,Cc1nnc(C2Cc3c([nH]c4ccccc34)CN2)nc1C,Fe3+,Cc1nnc(C2Cc3c([nH]c4ccccc34)CN2)nc1C.[Fe+3],7.0116057
TRZ01289,Cc1nnc(CNC(C)Cc2cccc(C(F)(F)F)c2)nc1C,Fe3+,Cc1nnc(CNC(C)Cc2cccc(C(F)(F)F)c2)nc1C.[Fe+3],7.010774
TRZ01220,Cc1nnc(-c2cc(-c3c[nH]c4ccccc34)n[nH]2)nc1C,Fe3+,Cc1nnc(-c2cc(-c3c[nH]c4ccccc34)n[nH]2)nc1C.[Fe+3],7.0101185
TRZ03270,Cc1ccc(S(=O)(=O)Nc2cc(Cl)cnc2-c2nnc(C)c(C)n2)cc1C(F)(F)F,Fe3+,Cc1ccc(S(=O)(=O)Nc2cc(Cl)cnc2-c2nnc(C)c(C)n2)cc1C(F)(F)F.[Fe+3],7.0085835
TRZ01349,Cc1nnc(CSc2cc(Oc3ccc(F)cc3)ncn2)nc1C,Fe3+,Cc1nnc(CSc2cc(Oc3ccc(F)cc3)ncn2)nc1C.[Fe+3],7.005691
TRZ02611,Cc1nnc(Cn2nnc(-c3ccccc3)n2)nc1C,Fe3+,Cc1nnc(Cn2nnc(-c3ccccc3)n2)nc1C.[Fe+3],7.0050097
TRZ02992,Cc1nnc(C2=Nc3cccc(Br)c3C(c3ccccc3F)=NC2)nc1C,Fe3+,Cc1nnc(C2=Nc3cccc(Br)c3C(c3ccccc3F)=NC2)nc1C.[Fe+3],7.0035415
TRZ00724,CCn1cc(-c2nnc(C)c(C)n2)c(=O)c2cc([N+](=O)[O-])c3cccnc3c21,Fe3+,CCn1cc(-c2nnc(C)c(C)n2)c(=O)c2cc([N+](=O)[O-])c3cccnc3c21.[Fe+3],7.002133
TRZ00539,Cc1nnc(Cn2c(-c3ccc(CNc4ccncc4)o3)nc3ccccc32)nc1C,Fe3+,Cc1nnc(Cn2c(-c3ccc(CNc4ccncc4)o3)nc3ccccc32)nc1C.[Fe+3],6.9883037
TRZ04661,CCCC(F)N(CC(c1ccccc1)c1nnc(C)c(C)n1)C(=O)O,Fe3+,CCCC(F)N(CC(c1ccccc1)c1nnc(C)c(C)n1)C(=O)O.[Fe+3],6.9809766
TRZ05199,COc1ccccc1C1(Nc2ncc(-c3nnc(C)c(C)n3)c(C(=O)C(F)F)n2)CC1,Fe3+,COc1ccccc1C1(Nc2ncc(-c3nnc(C)c(C)n3)c(C(=O)C(F)F)n2)CC1.[Fe+3],6.980733
TRZ01720,Cc1nnc(/C=C2/Nc3ccccc3NC2=O)nc1C,Fe3+,Cc1nnc(/C=C2/Nc3ccccc3NC2=O)nc1C.[Fe+3],6.9730372
TRZ02872,Cc1nnc(-c2[nH]c3ccc(F)cc3c2N)nc1C,Fe3+,Cc1nnc(-c2[nH]c3ccc(F)cc3c2N)nc1C.[Fe+3],6.9704623
TRZ05261,Cc1nnc(-c2cnc3ccc(N4CCCC4c4cc(F)cnc4CC[C@@H](C)N)nn23)nc1C,Fe3+,Cc1nnc(-c2cnc3ccc(N4CCCC4c4cc(F)cnc4CC[C@@H](C)N)nn23)nc1C.[Fe+3],6.970333
TRZ02176,Cc1nnc(C2CCN2Cc2ccccc2)nc1C,Fe3+,Cc1nnc(C2CCN2Cc2ccccc2)nc1C.[Fe+3],6.9670343
TRZ00920,Cc1nnc(COc2ccc(C3SCCS3)cc2)nc1C,Fe3+,Cc1nnc(COc2ccc(C3SCCS3)cc2)nc1C.[Fe+3],6.9631033
TRZ00961,Cc1nnc(CNC(=O)c2cc(C34CC5CC(CC(C5)C3)C4)c3ccccc3n2)nc1C,Fe3+,Cc1nnc(CNC(=O)c2cc(C34CC5CC(CC(C5)C3)C4)c3ccccc3n2)nc1C.[Fe+3],6.962947
TRZ04113,Cc1nnc(C2=CC(C(=O)O)C(=O)N(c3cccc(C(F)(F)F)c3)C2C)nc1C,Fe3+,Cc1nnc(C2=CC(C(=O)O)C(=O)N(c3cccc(C(F)(F)F)c3)C2C)nc1C.[Fe+3],6.9616656
TRZ05769,Cc1nnc(-c2ccc(I)cc2N2CCC(C)(F)CC2)nc1C,Fe3+,Cc1nnc(-c2ccc(I)cc2N2CCC(C)(F)CC2)nc1C.[Fe+3],6.959544
TRZ01679,Cc1nnc(Cn2c(-c3ccc(CNCc4ccccc4)o3)nc3ccccc32)nc1C,Fe3+,Cc1nnc(Cn2c(-c3ccc(CNCc4ccccc4)o3)nc3ccccc32)nc1C.[Fe+3],6.958723
TRZ01933,Cc1nnc(-c2ccc(OCC(O)CO)cc2O)nc1C,Fe3+,Cc1nnc(-c2ccc(OCC(O)CO)cc2O)nc1C.[Fe+3],6.9488454
TRZ00863,Cc1nnc(-c2nn(-c3ccccc3)cc2O)nc1C,Fe3+,Cc1nnc(-c2nn(-c3ccccc3)cc2O)nc1C.[Fe+3],6.946268
TRZ00621,Cc1nnc(Cn2nnc(-c3ccc(C(F)(F)F)cc3)n2)nc1C,Fe3+,Cc1nnc(Cn2nnc(-c3ccc(C(F)(F)F)cc3)n2)nc1C.[Fe+3],6.944871
TRZ04436,Cc1nnc(C2(C(=O)N(C)c3ccccc3F)CC2)nc1C,Fe3+,Cc1nnc(C2(C(=O)N(C)c3ccccc3F)CC2)nc1C.[Fe+3],6.9360957
TRZ04415,Cc1nnc(-c2cnc(NC3(c4ccc(F)c(F)c4)CC3)nc2)nc1C,Fe3+,Cc1nnc(-c2cnc(NC3(c4ccc(F)c(F)c4)CC3)nc2)nc1C.[Fe+3],6.935709
TRZ03116,Cc1nnc(-c2cc(Cl)ccc2N2C(=O)N[C@]3(CCOc4ccc(F)cc43)C2=O)nc1C,Fe3+,Cc1nnc(-c2cc(Cl)ccc2N2C(=O)N[C@]3(CCOc4ccc(F)cc43)C2=O)nc1C.[Fe+3],6.9264674
TRZ00492,Cc1nnc(CNC(=O)c2ccccc2C(F)(F)F)nc1C,Fe3+,Cc1nnc(CNC(=O)c2ccccc2C(F)(F)F)nc1C.[Fe+3],6.925154
TRZ02457,Cc1nnc(-c2cnc(C(C)C)[nH]2)nc1C,Fe3+,Cc1nnc(-c2cnc(C(C)C)[nH]2)nc1C.[Fe+3],6.9251466
TRZ04471,Cc1nnc(-c2cc(C)n3ncc(C(=O)N[C@@H](C4CC4)C(F)(F)F)c3n2)nc1C,Fe3+,Cc1nnc(-c2cc(C)n3ncc(C(=O)N[C@@H](C4CC4)C(F)(F)F)c3n2)nc1C.[Fe+3],6.923035
TRZ01513,COc1ccc(-c2c(-c3ccc(OCc4nnc(C)c(C)n4)cc3O)n[nH]c2C)cc1OC,Fe3+,COc1ccc(-c2c(-c3ccc(OCc4nnc(C)c(C)n4)cc3O)n[nH]c2C)cc1OC.[Fe+3],6.913116
TRZ05880,Cc1nnc(-c2ccc(Cl)nc2C(=O)c2ccccc2C(F)(F)F)nc1C,Fe3+,Cc1nnc(-c2ccc(Cl)nc2C(=O)c2ccccc2C(F)(F)F)nc1C.[Fe+3],6.911221
TRZ01495,Cc1nnc(-c2ccccc2N=NN(C)C2CCCCC2)nc1C,Fe3+,Cc1nnc(-c2ccccc2N=NN(C)C2CCCCC2)nc1C.[Fe+3],6.9076476
TRZ01326,Cc1nnc(Cn2c(C)nc3ccc(I)cc3c2=O)nc1C,Fe3+,Cc1nnc(Cn2c(C)nc3ccc(I)cc3c2=O)nc1C.[Fe+3],6.895291
TRZ05148,CCC(=O)NN=C(c1cccc(C(F)(F)F)c1)c1nnc(C)c(C)n1,Fe3+,CCC(=O)NN=C(c1cccc(C(F)(F)F)c1)c1nnc(C)c(C)n1.[Fe+3],6.8944077
TRZ02584,Cc1nnc(-c2cnc3c(-c4ccccc4)c(C)nn3c2N)nc1C,Fe3+,Cc1nnc(-c2cnc3c(-c4ccccc4)c(C)nn3c2N)nc1C.[Fe+3],6.8938932
TRZ02771,Cc1nnc(-c2cccc(C(=O)O)n2)nc1C,Fe3+,Cc1nnc(-c2cccc(C(=O)O)n2)nc1C.[Fe+3],6.8937507
TRZ00984,Cc1nnc(CCn2ccc(=O)[nH]c2=O)nc1C,Fe3+,Cc1nnc(CCn2ccc(=O)[nH]c2=O)nc1C.[Fe+3],6.88676
TRZ05189,Cc1nnc(-c2cnc(NC3(c4cc(F)cc(F)c4)CCC3)nc2C(=O)C(F)F)nc1C,Fe3+,Cc1nnc(-c2cnc(NC3(c4cc(F)cc(F)c4)CCC3)nc2C(=O)C(F)F)nc1C.[Fe+3],6.885139
TRZ02195,CC(=O)N/N=C(/c1ccccc1)c1nnc(C)c(C)n1,Fe3+,CC(=O)N/N=C(/c1ccccc1)c1nnc(C)c(C)n1.[Fe+3],6.8828015
TRZ00625,Cc1nnc(-c2csc(CS(=O)(=O)c3ccc(Cl)cc3)n2)nc1C,Fe3+,Cc1nnc(-c2csc(CS(=O)(=O)c3ccc(Cl)cc3)n2)nc1C.[Fe+3],6.8707
TRZ00970,Cc1nnc(-c2cc(-c3ccccc3)nn2CC(O)COc2ccc(Cl)cc2)nc1C,Fe3+,Cc1nnc(-c2cc(-c3ccccc3)nn2CC(O)COc2ccc(Cl)cc2)nc1C.[Fe+3],6.8614416
TRZ02830,Cc1nnc(C2CCC(=O)N2S(=O)(=O)c2ccc(Cl)cc2)nc1C,Fe3+,Cc1nnc(C2CCC(=O)N2S(=O)(=O)c2ccc(Cl)cc2)nc1C.[Fe+3],6.855357
TRZ04090,Cc1nnc(-c2cn(Cc3c(F)cccc3F)nn2)nc1C,Fe3+,Cc1nnc(-c2cn(Cc3c(F)cccc3F)nn2)nc1C.[Fe+3],6.8543334
TRZ01415,CCn1nc(-c2nnc(C)c(C)n2)c2ccccc2c1=O,Fe3+,CCn1nc(-c2nnc(C)c(C)n2)c2ccccc2c1=O.[Fe+3],6.8525963
TRZ02426,Cc1nnc(Cn2nnc(-c3ccccc3Oc3ccc(Cl)cc3Cl)n2)nc1C,Fe3+,Cc1nnc(Cn2nnc(-c3ccccc3Oc3ccc(Cl)cc3Cl)n2)nc1C.[Fe+3],6.8445745
TRZ00110,CCn1cc(-c2nnc(C)c(C)n2)c(=O)c2cc(F)c(N3CCCCC3)cc21,Fe3+,CCn1cc(-c2nnc(C)c(C)n2)c(=O)c2cc(F)c(N3CCCCC3)cc21.[Fe+3],6.844102
TRZ01350,Cc1nnc(CSc2cc(Oc3ccc(Cl)cc3)ncn2)nc1C,Fe3+,Cc1nnc(CSc2cc(Oc3ccc(Cl)cc3)ncn2)nc1C.[Fe+3],6.8434606
TRZ00919,COc1cc(Cl)ccc1NC(=O)COc1ccccc1-c1nnc(C)c(C)n1,Fe3+,COc1cc(Cl)ccc1NC(=O)COc1ccccc1-c1nnc(C)c(C)n1.[Fe+3],6.831904
TRZ05141,Cc1nnc(-c2cc(-c3cccc(F)c3)c(=O)n(C)c2)nc1C,Fe3+,Cc1nnc(-c2cc(-c3cccc(F)c3)c(=O)n(C)c2)nc1C.[Fe+3],6.8246107
TRZ02340,COc1ccc(-c2c(C)oc3cc(OCc4nnc(C)c(C)n4)ccc3c2=O)cc1,Fe3+,COc1ccc(-c2c(C)oc3cc(OCc4nnc(C)c(C)n4)ccc3c2=O)cc1.[Fe+3],6.8237534
TRZ01605,Cc1nnc(CN2Cc3c(Cl)cccc3NC2=O)nc1C,Fe3+,Cc1nnc(CN2Cc3c(Cl)cccc3NC2=O)nc1C.[Fe+3],6.8230286
TRZ02533,Cc1nnc(-c2c(O)c3c([nH]c2=O)CCCC3)nc1C,Fe3+,Cc1nnc(-c2c(O)c3c([nH]c2=O)CCCC3)nc1C.[Fe+3],6.82091
TRZ04565,Cc1nnc(-c2ccc(CNC(=O)N3CCN(C)CC3c3ccc(F)c(Cl)c3)nc2)nc1C,Fe3+,Cc1nnc(-c2ccc(CNC(=O)N3CCN(C)CC3c3ccc(F)c(Cl)c3)nc2)nc1C.[Fe+3],6.8196497
TRZ05130,COc1cccc(C2(Nc3ncc(-c4nnc(C)c(C)n4)c(C(=O)C(F)F)n3)CC2)c1,Fe3+,COc1cccc(C2(Nc3ncc(-c4nnc(C)c(C)n4)c(C(=O)C(F)F)n3)CC2)c1.[Fe+3],6.819181
TRZ02869,Cc1nnc(-c2ccccc2Nc2ccc(F)cc2)nc1C,Fe3+,Cc1nnc(-c2ccccc2Nc2ccc(F)cc2)nc1C.[Fe+3],6.818402
TRZ05078,Cc1nnc(C(c2ccc(F)cc2)N2C[C@H](C)N(C(=O)OC(C)(C)C)C[C@H]2C)nc1C,Fe3+,Cc1nnc(C(c2ccc(F)cc2)N2C[C@H](C)N(C(=O)OC(C)(C)C)C[C@H]2C)nc1C.[Fe+3],6.818088
TRZ03780,Cc1nnc(-c2cnc(-c3ccccc3C(F)(F)F)[nH]2)nc1C,Fe3+,Cc1nnc(-c2cnc(-c3ccccc3C(F)(F)F)[nH]2)nc1C.[Fe+3],6.8164854
TRZ00573,Cc1nnc(-c2nc(-c3ccc(O)cc3)cc(N3CCc4ccccc4C3)n2)nc1C,Fe3+,Cc1nnc(-c2nc(-c3ccc(O)cc3)cc(N3CCc4ccccc4C3)n2)nc1C.[Fe+3],6.816315
TRZ02259,Cc1nnc(C(Cc2ccc(O)cc2)NC(=O)OCc2ccccc2)nc1C,Fe3+,Cc1nnc(C(Cc2ccc(O)cc2)NC(=O)OCc2ccccc2)nc1C.[Fe+3],6.8096447
TRZ02688,Cc1nnc(-c2cc(C(C)(C)C)cc(C(C)(C)C)c2O)nc1C,Fe3+,Cc1nnc(-c2cc(C(C)(C)C)cc(C(C)(C)C)c2O)nc1C.[Fe+3],6.804157
TRZ02196,Cc1nnc(-c2cc(=O)c3cc(F)ccc3[nH]2)nc1C,Fe3+,Cc1nnc(-c2cc(=O)c3cc(F)ccc3[nH]2)nc1C.[Fe+3],6.801066
TRZ05673,Cc1nnc(Cc2nc(C3CCOCC3)ccc2F)nc1C,Fe3+,Cc1nnc(Cc2nc(C3CCOCC3)ccc2F)nc1C.[Fe+3],6.7937117
TRZ01134,Cc1nnc(CSc2nc3ccccc3c(=O)n2-c2ccccc2)nc1C,Fe3+,Cc1nnc(CSc2nc3ccccc3c(=O)n2-c2ccccc2)nc1C.[Fe+3],6.792487
TRZ04999,Cc1nnc(C2CCCN(c3ccc(F)cc3)C2=O)nc1C,Fe3+,Cc1nnc(C2CCCN(c3ccc(F)cc3)C2=O)nc1C.[Fe+3],6.791327
TRZ05797,Cc1nnc(C(N)(F)c2ccccc2)nc1C,Fe3+,Cc1nnc(C(N)(F)c2ccccc2)nc1C.[Fe+3],6.790909
TRZ04423,Cc1nnc(-c2cnc(NC3(c4ccc(F)c(Cl)c4)CCC3)nc2)nc1C,Fe3+,Cc1nnc(-c2cnc(NC3(c4ccc(F)c(Cl)c4)CCC3)nc2)nc1C.[Fe+3],6.7865496
TRZ01708,Cc1nnc(-c2nc3c(c(=O)[nH]2)C2CCCN2C(=O)N3c2ccccc2)nc1C,Fe3+,Cc1nnc(-c2nc3c(c(=O)[nH]2)C2CCCN2C(=O)N3c2ccccc2)nc1C.[Fe+3],6.780187
TRZ04417,Cc1nnc(-c2cnc(NC3(c4ccc(Cl)c(F)c4)CC3)nc2)nc1C,Fe3+,Cc1nnc(-c2cnc(NC3(c4ccc(Cl)c(F)c4)CC3)nc2)nc1C.[Fe+3],6.7729473
TRZ05024,Cc1nnc(-c2cc3c(nn2)N(C)CCN3Cc2c(F)ccc(F)c2C)nc1C,Fe3+,Cc1nnc(-c2cc3c(nn2)N(C)CCN3Cc2c(F)ccc(F)c2C)nc1C.[Fe+3],6.772454
TRZ01091,CCn1cc(-c2nnc(C)c(C)n2)c(=O)c2cc(F)c(N3CCCC3)cc21,Fe3+,CCn1cc(-c2nnc(C)c(C)n2)c(=O)c2cc(F)c(N3CCCC3)cc21.[Fe+3],6.769605
TRZ00244,Cc1nnc(Cn2c(=O)c(Cc3ccccc3)nc3ccccc32)nc1C,Fe3+,Cc1nnc(Cn2c(=O)c(Cc3ccccc3)nc3ccccc32)nc1C.[Fe+3],6.768263
TRZ00862,Cc1nnc(-c2nn(CCC(C)C)c(=O)c3ccccc23)nc1C,Fe3+,Cc1nnc(-c2nn(CCC(C)C)c(=O)c3ccccc23)nc1C.[Fe+3],6.7646956
TRZ02660,Cc1nnc(-c2cn[nH]c2N)nc1C,Fe3+,Cc1nnc(-c2cn[nH]c2N)nc1C.[Fe+3],6.7646422
TRZ04617,CCOc1cc(F)ccc1N(Cc1nnc(C)c(C)n1)c1ccnc(SC)n1,Fe3+,CCOc1cc(F)ccc1N(Cc1nnc(C)c(C)n1)c1ccnc(SC)n1.[Fe+3],6.760945
TRZ03334,Cc1nnc(-c2cnn(-c3ccc(F)cc3)c2)nc1C,Fe3+,Cc1nnc(-c2cnn(-c3ccc(F)cc3)c2)nc1C.[Fe+3],6.758952
TRZ01090,Cc1nnc(Cn2c(=S)[nH]c3ccccc32)nc1C,Fe3+,Cc1nnc(Cn2c(=S)[nH]c3ccccc32)nc1C.[Fe+3],6.7580266
TRZ04104,Cc1nnc(C2=NN(Cc3ccc(F)cc3F)C3=CN(C(F)(F)F)C=CC32)nc1C,Fe3+,Cc1nnc(C2=NN(Cc3ccc(F)cc3F)C3=CN(C(F)(F)F)C=CC32)nc1C.[Fe+3],6.75401
TRZ01094,Cc1nnc(C(C)n2nnc(-c3cc(C(F)(F)F)cc(C(F)(F)F)c3)n2)nc1C,Fe3+,Cc1nnc(C(C)n2nnc(-c3cc(C(F)(F)F)cc(C(F)(F)F)c3)n2)nc1C.[Fe+3],6.752214
TRZ05527,Cc1nnc(-c2cn(C)nc2Nc2ccc(C(F)(F)F)cc2)nc1C,Fe3+,Cc1nnc(-c2cn(C)nc2Nc2ccc(C(F)(F)F)cc2)nc1C.[Fe+3],6.7517467
TRZ03807,Cc1nnc(Cn2nc(-c3ccc(Cl)cc3)n(CCC(F)(F)F)c2=O)nc1C,Fe3+,Cc1nnc(Cn2nc(-c3ccc(Cl)cc3)n(CCC(F)(F)F)c2=O)nc1C.[Fe+3],6.7514577
TRZ00416,CCn1c(=O)c(-c2nnc(C)c(C)n2)c(O)c2ccccc21,Fe3+,CCn1c(=O)c(-c2nnc(C)c(C)n2)c(O)c2ccccc21.[Fe+3],6.7406783
TRZ04146,Cc1nnc(-c2c(C)nc3c(OCc4c(F)cccc4F)cccn23)nc1C,Fe3+,Cc1nnc(-c2c(C)nc3c(OCc4c(F)cccc4F)cccn23)nc1C.[Fe+3],6.735554
TRZ01627,CC(/C=C/c1ccc(Cl)cc1)=N\OC(C)c1nnc(C)c(C)n1,Fe3+,CC(/C=C/c1ccc(Cl)cc1)=N\OC(C)c1nnc(C)c(C)n1.[Fe+3],6.721422
TRZ01580,Cc1nnc(Cn2c(=O)c(C)nc3ccccc32)nc1C,Fe3+,Cc1nnc(Cn2c(=O)c(C)nc3ccccc32)nc1C.[Fe+3],6.7206335
TRZ05200,Cc1nnc(-c2cnc(NC3(c4cc(F)cc(F)c4)CC3)nc2C(=O)C(F)F)nc1C,Fe3+,Cc1nnc(-c2cnc(NC3(c4cc(F)cc(F)c4)CC3)nc2C(=O)C(F)F)nc1C.[Fe+3],6.7191505
TRZ02972,Cc1nnc(Cc2csc(Nc3ccc(Cl)c(C(F)(F)F)c3)n2)nc1C,Fe3+,Cc1nnc(Cc2csc(Nc3ccc(Cl)c(C(F)(F)F)c3)n2)nc1C.[Fe+3],6.7187824
TRZ05421,CCn1cc(-c2nnc(C)c(C)n2)c(=O)c2cc(F)c(N3CCNCC3)nc21,Fe3+,CCn1cc(-c2nnc(C)c(C)n2)c(=O)c2cc(F)c(N3CCNCC3)nc21.[Fe+3],6.716412
TRZ02502,CCCC(C)Oc1ccc(O)c(-c2nnc(C)c(C)n2)c1,Fe3+,CCCC(C)Oc1ccc(O)c(-c2nnc(C)c(C)n2)c1.[Fe+3],6.715926
TRZ04424,Cc1nnc(-c2cnc(NC3(c4cc(F)c(F)cc4F)CCC3)nc2)nc1C,Fe3+,Cc1nnc(-c2cnc(NC3(c4cc(F)c(F)cc4F)CCC3)nc2)nc1C.[Fe+3],6.706891
TRZ03749,Cc1nnc(C2C(=O)Nc3ccc(Br)c(-c4cccc(F)c4)c32)nc1C,Fe3+,Cc1nnc(C2C(=O)Nc3ccc(Br)c(-c4cccc(F)c4)c32)nc1C.[Fe+3],6.704723
TRZ00574,COCCNc1ccc(-c2cc(N3CCc4ccccc4C3)nc(-c3nnc(C)c(C)n3)n2)cn1,Fe3+,COCCNc1ccc(-c2cc(N3CCc4ccccc4C3)nc(-c3nnc(C)c(C)n3)n2)cn1.[Fe+3],6.702861
TRZ00954,Cc1nnc(CC(=O)Nc2ccccc2C(=O)O)nc1C,Fe3+,Cc1nnc(CC(=O)Nc2ccccc2C(=O)O)nc1C.[Fe+3],6.699758
TRZ02456,Cc1nnc(-c2nc(C(C)(C)C)[nH]c2C(C)(C)C)nc1C,Fe3+,Cc1nnc(-c2nc(C(C)(C)C)[nH]c2C(C)(C)C)nc1C.[Fe+3],6.6991873
TRZ01449,Cc1nnc(-c2cnn(-c3ccc(Cl)cc3)c2C)nc1C,Fe3+,Cc1nnc(-c2cnn(-c3ccc(Cl)cc3)c2C)nc1C.[Fe+3],6.6935616
TRZ02883,Cc1nnc(CN2C(=O)CSC2c2ccc(F)cc2)nc1C,Fe3+,Cc1nnc(CN2C(=O)CSC2c2ccc(F)cc2)nc1C.[Fe+3],6.691353
TRZ02645,Cc1nnc(CS(=O)(=O)c2ccccc2)nc1C,Fe3+,Cc1nnc(CS(=O)(=O)c2ccccc2)nc1C.[Fe+3],6.683166
TRZ01623,CC(/C=C/c1ccccc1)=N\OCc1nnc(C)c(C)n1,Fe3+,CC(/C=C/c1ccccc1)=N\OCc1nnc(C)c(C)n1.[Fe+3],6.679414
TRZ04174,Cc1nnc(Cc2cc(NC(=O)O)n(-c3ccc(F)cc3)n2)nc1C,Fe3+,Cc1nnc(Cc2cc(NC(=O)O)n(-c3ccc(F)cc3)n2)nc1C.[Fe+3],6.6757007
TRZ02987,Cc1nnc(C(F)(F)C(O)(Cn2cncn2)c2ccc(F)cc2F)nc1C,Fe3+,Cc1nnc(C(F)(F)C(O)(Cn2cncn2)c2ccc(F)cc2F)nc1C.[Fe+3],6.66932
TRZ02750,Cc1ncc(-c2nnc(C)c(C)n2)c(N)n1,Fe3+,Cc1ncc(-c2nnc(C)c(C)n2)c(N)n1.[Fe+3],6.666465
TRZ01700,Cc1nnc(-c2nn(-c3ccc(Cl)cc3)c(=O)c3c2cnn3-c2ccc(Cl)cc2)nc1C,Fe3+,Cc1nnc(-c2nn(-c3ccc(Cl)cc3)c(=O)c3c2cnn3-c2ccc(Cl)cc2)nc1C.[Fe+3],6.6638417
TRZ01813,Cc1nnc(C2C(=O)N(C)c3ccccc3N2C)nc1C,Fe3+,Cc1nnc(C2C(=O)N(C)c3ccccc3N2C)nc1C.[Fe+3],6.6593184
TRZ02835,Cc1ccc2nc(SCc3nnc(C)c(C)n3)n(-c3ccccc3)c(=O)c2c1,Fe3+,Cc1ccc2nc(SCc3nnc(C)c(C)n3)n(-c3ccccc3)c(=O)c2c1.[Fe+3],6.6593046
TRZ02990,Cc1nnc(-c2ccc(C(F)(F)F)cc2O)nc1C,Fe3+,Cc1nnc(-c2ccc(C(F)(F)F)cc2O)nc1C.[Fe+3],6.6558113
TRZ01026,COCCNc1ccc(-c2cc(-c3cc(F)ccc3F)nc(-c3nnc(C)c(C)n3)n2)cn1,Fe3+,COCCNc1ccc(-c2cc(-c3cc(F)ccc3F)nc(-c3nnc(C)c(C)n3)n2)cn1.[Fe+3],6.6539955
TRZ01836,COc1ccc(-c2nnc(C)c(C)n2)c(O)c1,Fe3+,COc1ccc(-c2nnc(C)c(C)n2)c(O)c1.[Fe+3],6.653273
TRZ03810,Cc1nnc(Cn2nc(-c3ccc(Cl)cc3)n(CC(O)C(F)(F)F)c2=O)nc1C,Fe3+,Cc1nnc(Cn2nc(-c3ccc(Cl)cc3)n(CC(O)C(F)(F)F)c2=O)nc1C.[Fe+3],6.6495495
TRZ04973,Cc1nnc(C(=N)c2ccc(C(F)(F)F)cc2NCc2ccc(F)cc2F)nc1C,Fe3+,Cc1nnc(C(=N)c2ccc(C(F)(F)F)cc2NCc2ccc(F)cc2F)nc1C.[Fe+3],6.6465325
TRZ04426,Cc1nnc(-c2cnc(NC3(c4ccc(F)c(Cl)c4)CC3)nc2)nc1C,Fe3+,Cc1nnc(-c2cnc(NC3(c4ccc(F)c(Cl)c4)CC3)nc2)nc1C.[Fe+3],6.6463013
TRZ02468,Cc1ccc(-c2nnc(-c3cc(-c4nnc(C)c(C)n4)c(C)nc3C)o2)cc1,Fe3+,Cc1ccc(-c2nnc(-c3cc(-c4nnc(C)c(C)n4)c(C)nc3C)o2)cc1.[Fe+3],6.639612
TRZ00791,Cc1nnc(-c2cnc3ccc(-c4c(-c5ccc(F)cc5)ncn4CC(F)F)nn23)nc1C,Fe3+,Cc1nnc(-c2cnc3ccc(-c4c(-c5ccc(F)cc5)ncn4CC(F)F)nn23)nc1C.[Fe+3],6.6392303
TRZ02006,COc1cccn(Cc2nnc(C)c(C)n2)c1=O,Fe3+,COc1cccn(Cc2nnc(C)c(C)n2)c1=O.[Fe+3],6.6387486
TRZ01957,CCCn1c(=O)c(-c2nnc(C)c(C)n2)c(O)c2ccccc21,Fe3+,CCCn1c(=O)c(-c2nnc(C)c(C)n2)c(O)c2ccccc21.[Fe+3],6.637723
TRZ03765,Cc1nnc(-c2cc(C(F)(F)F)nn2-c2cccc(CNC[C@H](C)C(=O)OC(C)(C)C)c2)nc1C,Fe3+,Cc1nnc(-c2cc(C(F)(F)F)nn2-c2cccc(CNC[C@H](C)C(=O)OC(C)(C)C)c2)nc1C.[Fe+3],6.636612
TRZ00642,Cc1nnc(-c2cc3cc(Oc4ccccc4)ccc3[nH]2)nc1C,Fe3+,Cc1nnc(-c2cc3cc(Oc4ccccc4)ccc3[nH]2)nc1C.[Fe+3],6.636125
TRZ04730,Cc1nnc(-c2ccc(CN(C(=O)N3CCS(=O)(=O)CC3)c3cccc(F)c3)nc2)nc1C,Fe3+,Cc1nnc(-c2ccc(CN(C(=O)N3CCS(=O)(=O)CC3)c3cccc(F)c3)nc2)nc1C.[Fe+3],6.635398
TRZ02459,Cc1nnc(C2(C)NC3(CCCCC3)Cc3ccccc32)nc1C,Fe3+,Cc1nnc(C2(C)NC3(CCCCC3)Cc3ccccc32)nc1C.[Fe+3],6.633197
TRZ02753,Cc1nnc(C(C)c2ccn[nH]2)nc1C,Fe3+,Cc1nnc(C(C)c2ccn[nH]2)nc1C.[Fe+3],6.630956
TRZ01566,Cc1nnc(-c2[nH]c3ccc(CCN4C(=O)NC(C)(C)C4=O)cc3c2CCN(C)C)nc1C,Fe3+,Cc1nnc(-c2[nH]c3ccc(CCN4C(=O)NC(C)(C)C4=O)cc3c2CCN(C)C)nc1C.[Fe+3],6.6205473
TRZ05501,Cc1nnc(-c2cncc(-c3ccccc3F)n2)nc1C,Fe3+,Cc1nnc(-c2cncc(-c3ccccc3F)n2)nc1C.[Fe+3],6.620457
TRZ01938,Cc1nnc(CNC(=O)c2ccco2)nc1C,Fe3+,Cc1nnc(CNC(=O)c2ccco2)nc1C.[Fe+3],6.6200027
TRZ02913,Cc1nnc([C@H](CO)NC(=O)OCc2ccccc2)nc1C,Fe3+,Cc1nnc([C@H](CO)NC(=O)OCc2ccccc2)nc1C.[Fe+3],6.617124
TRZ04854,Cc1nnc([C@H](N)Cc2ccc(C(F)(F)F)cc2)nc1C,Fe3+,Cc1nnc([C@H](N)Cc2ccc(C(F)(F)F)cc2)nc1C.[Fe+3],6.6079445
TRZ02072,CCn1cc(-c2nnc(C)c(C)n2)c(=O)c2cc(F)c(N3CCSCC3)cc21,Fe3+,CCn1cc(-c2nnc(C)c(C)n2)c(=O)c2cc(F)c(N3CCSCC3)cc21.[Fe+3],6.605281
TRZ01076,Cc1ncc(-c2nnc(C)c(C)n2)c(=O)[nH]1,Fe3+,Cc1ncc(-c2nnc(C)c(C)n2)c(=O)[nH]1.[Fe+3],6.6041427
TRZ03271,Cc1cnc(-c2nnc(C)c(C)n2)c(NS(=O)(=O)c2ccc(Cl)c(C(F)(F)F)c2)c1,Fe3+,Cc1cnc(-c2nnc(C)c(C)n2)c(NS(=O)(=O)c2ccc(Cl)c(C(F)(F)F)c2)c1.[Fe+3],6.603897
TRZ03350,Cc1nnc(-c2cn(C)c(=O)c(C)c2Nc2ccc(Br)cc2F)nc1C,Fe3+,Cc1nnc(-c2cn(C)c(=O)c(C)c2Nc2ccc(Br)cc2F)nc1C.[Fe+3],6.603547
TRZ01029,Cc1nnc(-c2nc(-c3ccc(C(F)(F)F)nc3)cc(-c3ccc(O)c(F)c3)n2)nc1C,Fe3+,Cc1nnc(-c2nc(-c3ccc(C(F)(F)F)nc3)cc(-c3ccc(O)c(F)c3)n2)nc1C.[Fe+3],6.6013813
TRZ00973,COc1ccc(-c2cc(-c3nnc(C)c(C)n3)n(CC(O)COc3ccc(Cl)cc3)n2)cc1,Fe3+,COc1ccc(-c2cc(-c3nnc(C)c(C)n3)n(CC(O)COc3ccc(Cl)cc3)n2)cc1.[Fe+3],6.6002927
TRZ00183,Cc1nnc(CN2CCCc3ccccc32)nc1C,Fe3+,Cc1nnc(CN2CCCc3ccccc32)nc1C.[Fe+3],6.599052
TRZ02822,COc1ccc2c(c1)CCCC2=NNc1nc(-c2nnc(C)c(C)n2)cs1,Fe3+,COc1ccc2c(c1)CCCC2=NNc1nc(-c2nnc(C)c(C)n2)cs1.[Fe+3],6.5982804
TRZ05687,Cc1ccc(F)c(C(C)[C@@H](c2nnc(C)c(C)n2)N2CNc3cc(Cl)ccc3S2(=O)=O)c1C,Fe3+,Cc1ccc(F)c(C(C)[C@@H](c2nnc(C)c(C)n2)N2CNc3cc(Cl)ccc3S2(=O)=O)c1C.[Fe+3],6.5937963
TRZ02961,Cc1nnc(-c2cc(F)ccc2O)nc1C,Fe3+,Cc1nnc(-c2cc(F)ccc2O)nc1C.[Fe+3],6.592256
TRZ05793,Cc1nnc(-c2c(-c3ccc(F)cc3)[nH]c3c(F)cccc23)nc1C,Fe3+,Cc1nnc(-c2c(-c3ccc(F)cc3)[nH]c3c(F)cccc23)nc1C.[Fe+3],6.58651
TRZ04255,CCNC(=O)NC1=NCC2=C(C1)c1cc(C(F)(F)F)nn1C1C2=CN=CC1c1nnc(C)c(C)n1,Fe3+,CCNC(=O)NC1=NCC2=C(C1)c1cc(C(F)(F)F)nn1C1C2=CN=CC1c1nnc(C)c(C)n1.[Fe+3],6.584405
TRZ03844,Cc1nnc(-c2cccc(Oc3ccc(N(C)C)c(C(F)(F)F)c3)n2)nc1C,Fe3+,Cc1nnc(-c2cccc(Oc3ccc(N(C)C)c(C(F)(F)F)c3)n2)nc1C.[Fe+3],6.58349
TRZ03702,Cc1nnc(C[C@@H](Cc2cc(F)ccc2F)N(C(=O)O)C(C)(C)C)nc1C,Fe3+,Cc1nnc(C[C@@H](Cc2cc(F)ccc2F)N(C(=O)O)C(C)(C)C)nc1C.[Fe+3],6.5825415
TRZ04108,Cc1nnc(-c2c(C=O)nn(-c3ccc(F)cc3)c2-c2ccccn2)nc1C,Fe3+,Cc1nnc(-c2c(C=O)nn(-c3ccc(F)cc3)c2-c2ccccn2)nc1C.[Fe+3],6.5811586
TRZ02827,Cc1nnc(C(NC(=O)c2ccc(F)cc2)C(C)C)nc1C,Fe3+,Cc1nnc(C(NC(=O)c2ccc(F)cc2)C(C)C)nc1C.[Fe+3],6.580799
TRZ02991,Cc1nnc(C2=Nc3c(cccc3C(F)(F)F)C(c3ccccn3)=NC2)nc1C,Fe3+,Cc1nnc(C2=Nc3c(cccc3C(F)(F)F)C(c3ccccn3)=NC2)nc1C.[Fe+3],6.57845
TRZ00750,CCn1cc(-c2nnc(C)c(C)n2)c(=O)c2ccc(-c3ccncc3)cc21,Fe3+,CCn1cc(-c2nnc(C)c(C)n2)c(=O)c2ccc(-c3ccncc3)cc21.[Fe+3],6.5780387
TRZ00606,Cc1nnc(-c2cnn(-c3ccccc3)c2-n2c(C)ccc2C)nc1C,Fe3+,Cc1nnc(-c2cnn(-c3ccccc3)c2-n2c(C)ccc2C)nc1C.[Fe+3],6.5748096
TRZ01365,Cc1nnc(C(O)(c2ccc(Cl)cc2)c2ccc(Cl)cc2)nc1C,Fe3+,Cc1nnc(C(O)(c2ccc(Cl)cc2)c2ccc(Cl)cc2)nc1C.[Fe+3],6.572576
TRZ05198,Cc1nnc(-c2cnc(NC3(c4ccc(F)c(F)c4)CCC3)nc2C(=O)C(F)F)nc1C,Fe3+,Cc1nnc(-c2cnc(NC3(c4ccc(F)c(F)c4)CCC3)nc2C(=O)C(F)F)nc1C.[Fe+3],6.571619
TRZ02986,Cc1nnc(C2CC3(NC(=O)NC3=O)c3cc(F)ccc3O2)nc1C,Fe3+,Cc1nnc(C2CC3(NC(=O)NC3=O)c3cc(F)ccc3O2)nc1C.[Fe+3],6.5706153
TRZ04620,Cc1nnc(-c2ccccc2Nc2ccc(C(F)(F)F)cc2)nc1C,Fe3+,Cc1nnc(-c2ccccc2Nc2ccc(C(F)(F)F)cc2)nc1C.[Fe+3],6.5685687
TRZ00904,Cc1nnc(-c2cnn(Cc3ccccc3)c2N)nc1C,Fe3+,Cc1nnc(-c2cnn(Cc3ccccc3)c2N)nc1C.[Fe+3],6.56686
TRZ00109,CCn1cc(-c2nnc(C)c(C)n2)c(=O)c2cc(F)c(N3CCOCC3)cc21,Fe3+,CCn1cc(-c2nnc(C)c(C)n2)c(=O)c2cc(F)c(N3CCOCC3)cc21.[Fe+3],6.566326
TRZ05447,CCc1c(F)cc(F)cc1OC(C)C(=O)N(Cc1nnc(C)c(C)n1)Cc1ccc(C#N)cc1F,Fe3+,CCc1c(F)cc(F)cc1OC(C)C(=O)N(Cc1nnc(C)c(C)n1)Cc1ccc(C#N)cc1F.[Fe+3],6.564537
TRZ01161,Cc1nnc(-c2nc3ccccc3c(=O)[nH]2)nc1C,Fe3+,Cc1nnc(-c2nc3ccccc3c(=O)[nH]2)nc1C.[Fe+3],6.5638804
TRZ02825,Cc1nnc(-c2c(N)n[nH]c2-c2ccc(F)cc2)nc1C,Fe3+,Cc1nnc(-c2c(N)n[nH]c2-c2ccc(F)cc2)nc1C.[Fe+3],6.561652
TRZ04906,Cc1nnc(-c2cn3ccnc3c(Cc3ccccc3F)n2)nc1C,Fe3+,Cc1nnc(-c2cn3ccnc3c(Cc3ccccc3F)n2)nc1C.[Fe+3],6.5611877
TRZ01486,Cc1nnc(-c2ncnc3nc[nH]c23)nc1C,Fe3+,Cc1nnc(-c2ncnc3nc[nH]c23)nc1C.[Fe+3],6.560904
TRZ05442,Cc1nnc(-c2cc(Oc3ccc(NC(=O)OC(C)(C)C)c(F)c3)ccn2)nc1C,Fe3+,Cc1nnc(-c2cc(Oc3ccc(NC(=O)OC(C)(C)C)c(F)c3)ccn2)nc1C.[Fe+3],6.5567493
TRZ03834,Cc1nnc(-c2cccnc2Oc2ccc(F)cc2)nc1C,Fe3+,Cc1nnc(-c2cccnc2Oc2ccc(F)cc2)nc1C.[Fe+3],6.554477
TRZ01709,Cc1nnc(-c2c(C)nc[nH]c2=O)nc1C,Fe3+,Cc1nnc(-c2c(C)nc[nH]c2=O)nc1C.[Fe+3],6.5544696
TRZ01562,COc1ccc2c(c1)CCC/C2=N/Nc1nc(-c2nnc(C)c(C)n2)cs1,Fe3+,COc1ccc2c(c1)CCC/C2=N/Nc1nc(-c2nnc(C)c(C)n2)cs1.[Fe+3],6.5514927
TRZ01293,Cc1nnc(CSc2cc(N3CCCCC3)ncn2)nc1C,Fe3+,Cc1nnc(CSc2cc(N3CCCCC3)ncn2)nc1C.[Fe+3],6.5506277
TRZ00270,Cc1nnc(CSc2ncc(-c3ccccc3)[nH]2)nc1C,Fe3+,Cc1nnc(CSc2ncc(-c3ccccc3)[nH]2)nc1C.[Fe+3],6.550131
TRZ03575,Cc1nnc(C(C)C(O)(Cn2cncn2)c2ccccc2F)nc1C,Fe3+,Cc1nnc(C(C)C(O)(Cn2cncn2)c2ccccc2F)nc1C.[Fe+3],6.5487313
TRZ02498,CCOc1ccc(O)c(-c2nnc(C)c(C)n2)c1,Fe3+,CCOc1ccc(O)c(-c2nnc(C)c(C)n2)c1.[Fe+3],6.543939
TRZ00680,Cc1nnc(-c2cc(-c3ccc(Cl)cc3)n[nH]2)nc1C,Fe3+,Cc1nnc(-c2cc(-c3ccc(Cl)cc3)n[nH]2)nc1C.[Fe+3],6.54387
TRZ03162,Cc1nnc(CCN(Cc2cc3c(cc2F)OCCO3)C(=O)OC(C)(C)C)nc1C,Fe3+,Cc1nnc(CCN(Cc2cc3c(cc2F)OCCO3)C(=O)OC(C)(C)C)nc1C.[Fe+3],6.5394063
TRZ01966,Cc1nnc(-c2c(O)ccc3ccccc23)nc1C,Fe3+,Cc1nnc(-c2c(O)ccc3ccccc23)nc1C.[Fe+3],6.5371037
TRZ02588,CCCCCn1c(=O)c(-c2nnc(C)c(C)n2)c(O)c2ccccc21,Fe3+,CCCCCn1c(=O)c(-c2nnc(C)c(C)n2)c(O)c2ccccc21.[Fe+3],6.535636
TRZ02638,Cc1ccc(-c2nnc(C)c(C)n2)cn1,Fe3+,Cc1ccc(-c2nnc(C)c(C)n2)cn1.[Fe+3],6.53491
TRZ03297,Cc1nnc(-c2nn(-c3cccc(C(F)(F)F)c3)ccc2=O)nc1C,Fe3+,Cc1nnc(-c2nn(-c3cccc(C(F)(F)F)c3)ccc2=O)nc1C.[Fe+3],6.5330935
TRZ01453,Cc1nnc(-c2cnn(-c3ccccc3)c2C)nc1C,Fe3+,Cc1nnc(-c2cnn(-c3ccccc3)c2C)nc1C.[Fe+3],6.530548
TRZ01802,Cc1nnc(-c2nc(-c3ccccc3)cc(N3CCN(c4ccccc4)CC3)n2)nc1C,Fe3+,Cc1nnc(-c2nc(-c3ccccc3)cc(N3CCN(c4ccccc4)CC3)n2)nc1C.[Fe+3],6.5283303
TRZ02844,Cc1nnc(-c2ccccc2Nc2ccnc(C(F)(F)F)c2)nc1C,Fe3+,Cc1nnc(-c2ccccc2Nc2ccnc(C(F)(F)F)c2)nc1C.[Fe+3],6.5279465
TRZ01189,Cc1nnc(Cn2cc(F)c(=O)[nH]c2=O)nc1C,Fe3+,Cc1nnc(Cn2cc(F)c(=O)[nH]c2=O)nc1C.[Fe+3],6.5245447
TRZ01760,Cc1nnc(-c2nc(-c3ccccc3F)cc(-c3ccccc3F)n2)nc1C,Fe3+,Cc1nnc(-c2nc(-c3ccccc3F)cc(-c3ccccc3F)n2)nc1C.[Fe+3],6.5228863
TRZ01701,Cc1nnc(-c2nn(-c3ccc(Cl)cc3)c(=O)c3c2cnn3-c2ccccc2)nc1C,Fe3+,Cc1nnc(-c2nn(-c3ccc(Cl)cc3)c(=O)c3c2cnn3-c2ccccc2)nc1C.[Fe+3],6.5208993
TRZ02299,C=C(C)Cn1c(SCc2nnc(C)c(C)n2)nc2ccccc2c1=O,Fe3+,C=C(C)Cn1c(SCc2nnc(C)c(C)n2)nc2ccccc2c1=O.[Fe+3],6.5196123
TRZ02021,Cc1nnc(-c2c(O)c3ccccc3[nH]c2=O)nc1C,Fe3+,Cc1nnc(-c2c(O)c3ccccc3[nH]c2=O)nc1C.[Fe+3],6.5099354
TRZ02373,Cc1ccc(OCc2nnc(C)c(C)n2)c2c1CCC2,Fe3+,Cc1ccc(OCc2nnc(C)c(C)n2)c2c1CCC2.[Fe+3],6.509785
TRZ02460,CC1=Nc2ccc(Cl)cc2C(c2ccccc2)N1Cc1nnc(C)c(C)n1,Fe3+,CC1=Nc2ccc(Cl)cc2C(c2ccccc2)N1Cc1nnc(C)c(C)n1.[Fe+3],6.5089006
TRZ02981,Cc1nnc(-c2nc3c(=O)[nH]c4cc(C(F)(F)F)ccc4n3c2Cc2ncc[nH]2)nc1C,Fe3+,Cc1nnc(-c2nc3c(=O)[nH]c4cc(C(F)(F)F)ccc4n3c2Cc2ncc[nH]2)nc1C.[Fe+3],6.5045238
TRZ05355,Cc1nnc(-c2cc3c(Br)cccc3n2CC(F)(F)F)nc1C,Fe3+,Cc1nnc(-c2cc3c(Br)cccc3n2CC(F)(F)F)nc1C.[Fe+3],6.503066
TRZ03806,Cc1nnc(Cn2nc(-c3ccc(Cl)cc3)n(C[C@H](O)C(F)(F)F)c2=O)nc1C,Fe3+,Cc1nnc(Cn2nc(-c3ccc(Cl)cc3)n(C[C@H](O)C(F)(F)F)c2=O)nc1C.[Fe+3],6.4959164
TRZ03119,Cc1nnc(C(C)(Cc2ccc(F)cc2)N(C(=O)O)C(C)(C)C)nc1C,Fe3+,Cc1nnc(C(C)(Cc2ccc(F)cc2)N(C(=O)O)C(C)(C)C)nc1C.[Fe+3],6.4947653
TRZ02587,CC(=O)c1sc(N)c(-c2nnc(C)c(C)n2)c1C,Fe3+,CC(=O)c1sc(N)c(-c2nnc(C)c(C)n2)c1C.[Fe+3],6.492823
TRZ01607,Cc1nnc(C(=O)c2cc3ccccc3n2S(=O)(=O)c2ccccc2)nc1C,Fe3+,Cc1nnc(C(=O)c2cc3ccccc3n2S(=O)(=O)c2ccccc2)nc1C.[Fe+3],6.4921265
TRZ00783,Cc1nnc(-c2ccccc2Nc2ccccc2)nc1C,Fe3+,Cc1nnc(-c2ccccc2Nc2ccccc2)nc1C.[Fe+3],6.491927
TRZ02814,Cc1nnc(-c2ccccc2OCC(=O)Nc2ccc(SC(F)F)cc2)nc1C,Fe3+,Cc1nnc(-c2ccccc2OCC(=O)Nc2ccc(SC(F)F)cc2)nc1C.[Fe+3],6.4913583
TRZ05011,Cc1nnc(C(=N)c2ccc(Cl)cc2NCc2ccc(F)cc2F)nc1C,Fe3+,Cc1nnc(C(=N)c2ccc(Cl)cc2NCc2ccc(F)cc2F)nc1C.[Fe+3],6.490472
TRZ05454,Cc1nnc(-c2ccc(Oc3cccc(C(F)(F)F)c3)cc2[N+](=O)[O-])nc1C,Fe3+,Cc1nnc(-c2ccc(Oc3cccc(C(F)(F)F)c3)cc2[N+](=O)[O-])nc1C.[Fe+3],6.4885464
TRZ05788,Cc1nnc(-c2c(-c3ccc(F)cc3)[nH]c3c(F)c(F)ccc23)nc1C,Fe3+,Cc1nnc(-c2c(-c3ccc(F)cc3)[nH]c3c(F)c(F)ccc23)nc1C.[Fe+3],6.485139
TRZ01730,Cc1nnc(Cn2cncc2-c2ccc(C(C)(C)C)cc2)nc1C,Fe3+,Cc1nnc(Cn2cncc2-c2ccc(C(C)(C)C)cc2)nc1C.[Fe+3],6.4850993
TRZ05825,Cc1nnc(C(=Cn2cnc(-c3cc(C(F)(F)F)cc(C(F)(F)F)c3)n2)c2cnccn2)nc1C,Fe3+,Cc1nnc(C(=Cn2cnc(-c3cc(C(F)(F)F)cc(C(F)(F)F)c3)n2)c2cnccn2)nc1C.[Fe+3],6.4801245
TRZ03115,COc1ccc(N2C(=O)N[C@]3(CCOc4ccc(F)cc43)C2=O)c(-c2nnc(C)c(C)n2)c1,Fe3+,COc1ccc(N2C(=O)N[C@]3(CCOc4ccc(F)cc43)C2=O)c(-c2nnc(C)c(C)n2)c1.[Fe+3],6.4796495
TRZ05436,Cc1nnc(-c2ccc(F)cc2NS(=O)(=O)C2C=CC(C(C)(C)C)=CC2)nc1C,Fe3+,Cc1nnc(-c2ccc(F)cc2NS(=O)(=O)C2C=CC(C(C)(C)C)=CC2)nc1C.[Fe+3],6.469634
TRZ00718,Cc1nnc(-c2cc(-c3ccc(OCCC(C)C)c(C#N)c3)n[nH]c2=O)nc1C,Fe3+,Cc1nnc(-c2cc(-c3ccc(OCCC(C)C)c(C#N)c3)n[nH]c2=O)nc1C.[Fe+3],6.4695773
TRZ00873,CCc1nc2ccccc2n1Cc1nnc(C)c(C)n1,Fe3+,CCc1nc2ccccc2n1Cc1nnc(C)c(C)n1.[Fe+3],6.468409
TRZ00716,Cc1nnc(-c2cc(-c3c[nH]c4ccccc34)nn2Cc2ccc(F)cc2)nc1C,Fe3+,Cc1nnc(-c2cc(-c3c[nH]c4ccccc34)nn2Cc2ccc(F)cc2)nc1C.[Fe+3],6.4682174
TRZ02543,Cc1nnc(-c2ccc(/C=N\O)nc2)nc1C,Fe3+,Cc1nnc(-c2ccc(/C=N\O)nc2)nc1C.[Fe+3],6.4660525
TRZ02661,Cc1nnc(-c2cccnc2Nc2ccccc2)nc1C,Fe3+,Cc1nnc(-c2cccnc2Nc2ccccc2)nc1C.[Fe+3],6.4649463
TRZ05905,Cc1nnc(C(N)(Cl)c2ccc(F)cc2)nc1C,Fe3+,Cc1nnc(C(N)(Cl)c2ccc(F)cc2)nc1C.[Fe+3],6.4551287
TRZ00189,Cc1nnc(C(N)Cc2ccccc2)nc1C,Fe3+,Cc1nnc(C(N)Cc2ccccc2)nc1C.[Fe+3],6.446578
TRZ04145,Cc1cc(OCc2c(F)cccc2F)c2nc(C)c(-c3nnc(C)c(C)n3)n2c1,Fe3+,Cc1cc(OCc2c(F)cccc2F)c2nc(C)c(-c3nnc(C)c(C)n3)n2c1.[Fe+3],6.4390798
TRZ02481,Cc1nnc(CC2=Nn3c(nnc3-c3ccc(Cl)cc3)SC2)nc1C,Fe3+,Cc1nnc(CC2=Nn3c(nnc3-c3ccc(Cl)cc3)SC2)nc1C.[Fe+3],6.435905
TRZ01705,Cc1nnc(-c2nn(-c3ccccc3)c(=O)c3c2cnn3-c2ccc(Cl)cc2)nc1C,Fe3+,Cc1nnc(-c2nn(-c3ccccc3)c(=O)c3c2cnn3-c2ccc(Cl)cc2)nc1C.[Fe+3],6.435658
TRZ02191,Cc1nnc(CNCc2ccc(N)cc2[N+](=O)[O-])nc1C,Fe3+,Cc1nnc(CNCc2ccc(N)cc2[N+](=O)[O-])nc1C.[Fe+3],6.4312143
TRZ02012,Cc1nnc(C(O)c2ccc(Cl)cc2)nc1C,Fe3+,Cc1nnc(C(O)c2ccc(Cl)cc2)nc1C.[Fe+3],6.429298
TRZ03367,Cc1ccc(-c2nnc(C)c(C)n2)c(NC(=O)c2cc(C(F)(F)F)nn2-c2ncccc2Cl)c1,Fe3+,Cc1ccc(-c2nnc(C)c(C)n2)c(NC(=O)c2cc(C(F)(F)F)nn2-c2ncccc2Cl)c1.[Fe+3],6.427842
TRZ00102,Cc1nnc(-c2ccccc2S(N)(=O)=O)nc1C,Fe3+,Cc1nnc(-c2ccccc2S(N)(=O)=O)nc1C.[Fe+3],6.4217396
TRZ02178,Cc1nnc([C@H](N)Cc2ccccc2)nc1C,Fe3+,Cc1nnc([C@H](N)Cc2ccccc2)nc1C.[Fe+3],6.419568
TRZ05188,Cc1nnc(-c2cnc(NC3(c4ccc(F)c(F)c4)CC3)nc2C(=O)C(F)F)nc1C,Fe3+,Cc1nnc(-c2cnc(NC3(c4ccc(F)c(F)c4)CC3)nc2C(=O)C(F)F)nc1C.[Fe+3],6.415866
TRZ02471,Cc1nnc(-c2cc3sc(Cl)cc3[nH]2)nc1C,Fe3+,Cc1nnc(-c2cc3sc(Cl)cc3[nH]2)nc1C.[Fe+3],6.4083295
TRZ00360,Cc1nnc(C(C)(C)NC(=O)c2cc3c(n(CC4CCCCC4)c2=O)CCCCCC3)nc1C,Fe3+,Cc1nnc(C(C)(C)NC(=O)c2cc3c(n(CC4CCCCC4)c2=O)CCCCCC3)nc1C.[Fe+3],6.4063916
TRZ00356,Cc1nnc(-c2c(N)ncnc2Nc2ccc(OCc3ccccc3)c(Cl)c2)nc1C,Fe3+,Cc1nnc(-c2c(N)ncnc2Nc2ccc(OCc3ccccc3)c(Cl)c2)nc1C.[Fe+3],6.404129
TRZ03488,Cc1nnc(-c2ncnn2Cc2c(-c3ccc(F)cc3)nc3ccc(F)cn23)nc1C,Fe3+,Cc1nnc(-c2ncnn2Cc2c(-c3ccc(F)cc3)nc3ccc(F)cn23)nc1C.[Fe+3],6.3984113
TRZ01122,CSCCC(NC(=O)c1ccc(C(F)(F)F)cc1)c1nnc(C)c(C)n1,Fe3+,CSCCC(NC(=O)c1ccc(C(F)(F)F)cc1)c1nnc(C)c(C)n1.[Fe+3],6.395371
TRZ04633,Cc1nnc(-c2cc[n+]([O-])cc2Nc2ccc(I)cc2F)nc1C,Fe3+,Cc1nnc(-c2cc[n+]([O-])cc2Nc2ccc(I)cc2F)nc1C.[Fe+3],6.393024
TRZ03800,CC1=CSC(c2nnc(C)c(C)n2)(c2cnccc2C(F)(F)F)N1,Fe3+,CC1=CSC(c2nnc(C)c(C)n2)(c2cnccc2C(F)(F)F)N1.[Fe+3],6.3920956
TRZ03619,Cc1cc(C(F)(F)F)cnc1NCc1nnc(C)c(C)n1,Fe3+,Cc1cc(C(F)(F)F)cnc1NCc1nnc(C)c(C)n1.[Fe+3],6.3899703
TRZ02630,Cc1nnc(-c2cc([N+](=O)[O-])ccc2O)nc1C,Fe3+,Cc1nnc(-c2cc([N+](=O)[O-])ccc2O)nc1C.[Fe+3],6.389019
TRZ00988,Cc1nnc(CC(=O)Nc2cc(Cl)cc(Cl)c2)nc1C,Fe3+,Cc1nnc(CC(=O)Nc2cc(Cl)cc(Cl)c2)nc1C.[Fe+3],6.3884444
TRZ00304,Cc1nnc(-c2c(O)c3cccc4c3n(c2=O)CCC4)nc1C,Fe3+,Cc1nnc(-c2c(O)c3cccc4c3n(c2=O)CCC4)nc1C.[Fe+3],6.3826385
TRZ03355,Cc1nnc(Cc2c(-c3ccc(F)cc3)nc3ccc(N4CCCC4)nn23)nc1C,Fe3+,Cc1nnc(Cc2c(-c3ccc(F)cc3)nc3ccc(N4CCCC4)nn23)nc1C.[Fe+3],6.3801613
TRZ00594,Cc1nnc(Cc2c(Sc3ccccc3)c3ccccc3n2C)nc1C,Fe3+,Cc1nnc(Cc2c(Sc3ccccc3)c3ccccc3n2C)nc1C.[Fe+3],6.378282
TRZ01954,Cc1nnc(Cc2nc3n(n2)CCCCC3)nc1C,Fe3+,Cc1nnc(Cc2nc3n(n2)CCCCC3)nc1C.[Fe+3],6.376819
TRZ00249,Cc1nnc(/C(=C\c2ccco2)NC(=O)c2ccco2)nc1C,Fe3+,Cc1nnc(/C(=C\c2ccco2)NC(=O)c2ccco2)nc1C.[Fe+3],6.3758698
TRZ04089,Cc1nnc([C@@H](CCC(F)(F)F)N[C@H](C)c2ccccc2)nc1C,Fe3+,Cc1nnc([C@@H](CCC(F)(F)F)N[C@H](C)c2ccccc2)nc1C.[Fe+3],6.3663545
TRZ01621,Cc1nnc(CSc2nnc(-c3ccncc3)n2/N=C/c2ccccc2Cl)nc1C,Fe3+,Cc1nnc(CSc2nnc(-c3ccncc3)n2/N=C/c2ccccc2Cl)nc1C.[Fe+3],6.3655515
TRZ01234,COc1cc2[nH]c(-c3nnc(C)c(C)n3)c(N)c2cc1OC,Fe3+,COc1cc2[nH]c(-c3nnc(C)c(C)n3)c(N)c2cc1OC.[Fe+3],6.358175
TRZ03808,Cc1nnc(Cn2nc(-c3ccc(Cl)cc3)n(C[C@@H](O)C(F)(F)F)c2=O)nc1C,Fe3+,Cc1nnc(Cn2nc(-c3ccc(Cl)cc3)n(C[C@@H](O)C(F)(F)F)c2=O)nc1C.[Fe+3],6.3562074
TRZ01733,Cc1nnc(Cn2cncc2-c2ccc(F)cc2)nc1C,Fe3+,Cc1nnc(Cn2cncc2-c2ccc(F)cc2)nc1C.[Fe+3],6.3560004
TRZ02019,CCCCOc1ccc(-c2nnc(C)c(C)n2)c(O)c1,Fe3+,CCCCOc1ccc(-c2nnc(C)c(C)n2)c(O)c1.[Fe+3],6.3542013
TRZ03809,Cc1nnc(Cn2nc(-c3ccc(Cl)s3)n(Cc3ccccc3F)c2=O)nc1C,Fe3+,Cc1nnc(Cn2nc(-c3ccc(Cl)s3)n(Cc3ccccc3F)c2=O)nc1C.[Fe+3],6.3526907
TRZ03280,Cc1nnc(Cn2c(=O)c3cc(F)c(NC4CCCCC4)cc3n(C3CCCC3)c2=O)nc1C,Fe3+,Cc1nnc(Cn2c(=O)c3cc(F)c(NC4CCCCC4)cc3n(C3CCCC3)c2=O)nc1C.[Fe+3],6.3469443
TRZ01345,Cc1nnc(Cn2c(=O)c3c(nc4n3CC(c3ccccc3)=NN4c3ccccc3)n(C)c2=O)nc1C,Fe3+,Cc1nnc(Cn2c(=O)c3c(nc4n3CC(c3ccccc3)=NN4c3ccccc3)n(C)c2=O)nc1C.[Fe+3],6.3450365
TRZ02934,Cc1nnc(-c2ccncc2Nc2ccc(I)cc2F)nc1C,Fe3+,Cc1nnc(-c2ccncc2Nc2ccc(I)cc2F)nc1C.[Fe+3],6.343012
TRZ02834,Cc1nnc(COc2ccc3c(c2)O/C(=C\c2c(F)cccc2Cl)C3=O)nc1C,Fe3+,Cc1nnc(COc2ccc3c(c2)O/C(=C\c2c(F)cccc2Cl)C3=O)nc1C.[Fe+3],6.342269
TRZ02132,Cc1nnc(-c2cc(-c3ccc(OCc4ccccc4Cl)cc3)n[nH]2)nc1C,Fe3+,Cc1nnc(-c2cc(-c3ccc(OCc4ccccc4Cl)cc3)n[nH]2)nc1C.[Fe+3],6.34192
TRZ01019,Cc1nnc(CSc2nc3ccccc3c(=O)n2Cc2ccc3c(c2)OCO3)nc1C,Fe3+,Cc1nnc(CSc2nc3ccccc3c(=O)n2Cc2ccc3c(c2)OCO3)nc1C.[Fe+3],6.3391953
TRZ02405,Cc1cc(-c2nn(C)c(=O)c3ccccc23)cc(C)c1OCc1nnc(C)c(C)n1,Fe3+,Cc1cc(-c2nn(C)c(=O)c3ccccc23)cc(C)c1OCc1nnc(C)c(C)n1.[Fe+3],6.33816
TRZ01671,Cc1nnc(-c2cc(-c3ccc(Cl)cc3)n(-c3ccccc3)n2)nc1C,Fe3+,Cc1nnc(-c2cc(-c3ccc(Cl)cc3)n(-c3ccccc3)n2)nc1C.[Fe+3],6.3356557
TRZ00243,Cc1cc(O)cc(C)c1C[C@H](N)C(=O)N1Cc2ccccc2C[C@H]1c1nnc(C)c(C)n1,Fe3+,Cc1cc(O)cc(C)c1C[C@H](N)C(=O)N1Cc2ccccc2C[C@H]1c1nnc(C)c(C)n1.[Fe+3],6.3345594
TRZ00238,Cc1nnc(-c2[nH]c3ccc(S(N)(=O)=O)cc3c2-c2c(F)c(F)c(F)c(F)c2F)nc1C,Fe3+,Cc1nnc(-c2[nH]c3ccc(S(N)(=O)=O)cc3c2-c2c(F)c(F)c(F)c(F)c2F)nc1C.[Fe+3],6.333352
TRZ04247,Cc1nnc(C(O)c2ccc(-c3noc(-c4cnn(-c5ccccc5)c4C(F)(F)F)n3)cc2)nc1C,Fe3+,Cc1nnc(C(O)c2ccc(-c3noc(-c4cnn(-c5ccccc5)c4C(F)(F)F)n3)cc2)nc1C.[Fe+3],6.328363
TRZ01704,Cc1nnc(-c2nn(-c3ccccc3)c(=O)c3c2cnn3-c2ccccc2)nc1C,Fe3+,Cc1nnc(-c2nn(-c3ccccc3)c(=O)c3c2cnn3-c2ccccc2)nc1C.[Fe+3],6.327038
TRZ01139,CCn1c(=O)c(-c2nnc(C)c(C)n2)c(N)c2cccnc21,Fe3+,CCn1c(=O)c(-c2nnc(C)c(C)n2)c(N)c2cccnc21.[Fe+3],6.3216386
TRZ04939,Cc1nnc(-c2ccc(F)cc2N(C(C)(C)C)S(=O)(=O)c2ccccc2)nc1C,Fe3+,Cc1nnc(-c2ccc(F)cc2N(C(C)(C)C)S(=O)(=O)c2ccccc2)nc1C.[Fe+3],6.3214226
TRZ04156,Cc1nnc(-c2cccc(O)c2-n2cc(C(F)(F)F)cn2)nc1C,Fe3+,Cc1nnc(-c2cccc(O)c2-n2cc(C(F)(F)F)cn2)nc1C.[Fe+3],6.3129754
TRZ02114,Cc1nnc(-c2[nH]c3ccccc3c2Cl)nc1C,Fe3+,Cc1nnc(-c2[nH]c3ccccc3c2Cl)nc1C.[Fe+3],6.311945
TRZ02796,Cc1nnc(CNc2cccc(F)c2C)nc1C,Fe3+,Cc1nnc(CNc2cccc(F)c2C)nc1C.[Fe+3],6.3057475
TRZ01535,Cc1nnc(CS(=O)(=O)c2ccc(C(F)(F)F)cn2)nc1C,Fe3+,Cc1nnc(CS(=O)(=O)c2ccc(C(F)(F)F)cn2)nc1C.[Fe+3],6.3039784
TRZ05887,Cc1nnc(-c2ccc(Cl)nc2C(=O)c2ccccc2F)nc1C,Fe3+,Cc1nnc(-c2ccc(Cl)nc2C(=O)c2ccccc2F)nc1C.[Fe+3],6.2986965
TRZ02296,Cc1nnc(CNc2ccc(I)cc2)nc1C,Fe3+,Cc1nnc(CNc2ccc(I)cc2)nc1C.[Fe+3],6.291492
TRZ02495,CCCOc1ccc(-c2nnc(C)c(C)n2)c(O)c1,Fe3+,CCCOc1ccc(-c2nnc(C)c(C)n2)c(O)c1.[Fe+3],6.2910695
TRZ02461,Cc1nnc(CNC(C)c2ccccc2)nc1C,Fe3+,Cc1nnc(CNC(C)c2ccccc2)nc1C.[Fe+3],6.289323
TRZ00026,Cc1nnc(-c2ccccc2N)nc1C,Fe3+,Cc1nnc(-c2ccccc2N)nc1C.[Fe+3],6.28773
TRZ05012,Cc1nnc(C(=N)c2cc(C(F)(F)F)ccc2NCc2ccc(F)cc2F)nc1C,Fe3+,Cc1nnc(C(=N)c2cc(C(F)(F)F)ccc2NCc2ccc(F)cc2F)nc1C.[Fe+3],6.283953
TRZ05735,Cc1nnc(-c2cncc(-c3ccc(OC(F)F)nc3)c2)nc1C,Fe3+,Cc1nnc(-c2cncc(-c3ccc(OC(F)F)nc3)c2)nc1C.[Fe+3],6.278045
TRZ02723,Cc1nnc(Cn2nccn2)nc1C,Fe3+,Cc1nnc(Cn2nccn2)nc1C.[Fe+3],6.277562
TRZ00429,Cc1nnc(Cc2nc3ccccc3[nH]2)nc1C,Fe3+,Cc1nnc(Cc2nc3ccccc3[nH]2)nc1C.[Fe+3],6.273571
TRZ05551,Cc1nnc(/C(=C/n2cnc(-c3cc(C4CC4)nc(C(F)(F)F)c3)n2)c2cncnc2)nc1C,Fe3+,Cc1nnc(/C(=C/n2cnc(-c3cc(C4CC4)nc(C(F)(F)F)c3)n2)c2cncnc2)nc1C.[Fe+3],6.2711043
TRZ00854,Cc1nnc(-c2ccc3nccn3c2)nc1C,Fe3+,Cc1nnc(-c2ccc3nccn3c2)nc1C.[Fe+3],6.2685966
TRZ00759,Cc1nnc(-c2cc(=O)[nH]c(=O)[nH]2)nc1C,Fe3+,Cc1nnc(-c2cc(=O)[nH]c(=O)[nH]2)nc1C.[Fe+3],6.2670765
TRZ02882,Cc1nnc(-c2cnc3c(F)cccc3c2N)nc1C,Fe3+,Cc1nnc(-c2cnc3c(F)cccc3c2N)nc1C.[Fe+3],6.261622
TRZ02186,Cc1cccc(O)c1-c1nnc(C)c(C)n1,Fe3+,Cc1cccc(O)c1-c1nnc(C)c(C)n1.[Fe+3],6.2606335
TRZ03730,Cc1nnc(-c2nn(Cc3ccc(Cl)cc3F)c3cc(S(C)(=O)=O)ccc23)nc1C,Fe3+,Cc1nnc(-c2nn(Cc3ccc(Cl)cc3F)c3cc(S(C)(=O)=O)ccc23)nc1C.[Fe+3],6.2468667
TRZ05847,Cc1cc(I)ccc1Nc1c(F)cccc1-c1nnc(C)c(C)n1,Fe3+,Cc1cc(I)ccc1Nc1c(F)cccc1-c1nnc(C)c(C)n1.[Fe+3],6.246611
TRZ05821,Cc1nnc(-c2c(F)cccc2S)nc1C,Fe3+,Cc1nnc(-c2c(F)cccc2S)nc1C.[Fe+3],6.2446394
TRZ00641,Cc1nnc(-c2[nH]c3ccc([N+](=O)[O-])cc3c2C)nc1C,Fe3+,Cc1nnc(-c2[nH]c3ccc([N+](=O)[O-])cc3c2C)nc1C.[Fe+3],6.2433877
TRZ01304,Cc1nnc(Cn2c(C)nc3ccccc3c2=O)nc1C,Fe3+,Cc1nnc(Cn2c(C)nc3ccccc3c2=O)nc1C.[Fe+3],6.242143
TRZ04869,Cc1nnc(-c2cc(Oc3ccc(N)c(F)c3)ccn2)nc1C,Fe3+,Cc1nnc(-c2cc(Oc3ccc(N)c(F)c3)ccn2)nc1C.[Fe+3],6.242012
TRZ01298,Cc1nnc(CNc2ccc([N+](=O)[O-])cc2C(=O)c2ccccc2)nc1C,Fe3+,Cc1nnc(CNc2ccc([N+](=O)[O-])cc2C(=O)c2ccccc2)nc1C.[Fe+3],6.233688
TRZ05922,Cc1nnc(-c2nc3cc4c(-c5ccncc5)[nH]n(-c5ccc(F)cc5)c4cc3n2)nc1C,Fe3+,Cc1nnc(-c2nc3cc4c(-c5ccncc5)[nH]n(-c5ccc(F)cc5)c4cc3n2)nc1C.[Fe+3],6.2318983
TRZ02444,Cc1nnc(CNC(c2cc(Br)ccc2N)c2ccccc2Cl)nc1C,Fe3+,Cc1nnc(CNC(c2cc(Br)ccc2N)c2ccccc2Cl)nc1C.[Fe+3],6.231525
TRZ02862,COc1c(N2CC3CCCNC3C2)c(F)cc2c(=O)c(-c3nnc(C)c(C)n3)cn(C3CC3)c12,Fe3+,COc1c(N2CC3CCCNC3C2)c(F)cc2c(=O)c(-c3nnc(C)c(C)n3)cn(C3CC3)c12.[Fe+3],6.230905
TRZ05254,Cc1cc(-c2cnc(NCc3c(F)ccc4c3CCO4)n3cc(-c4nnc(C)c(C)n4)nc23)n(C)n1,Fe3+,Cc1cc(-c2cnc(NCc3c(F)ccc4c3CCO4)n3cc(-c4nnc(C)c(C)n4)nc23)n(C)n1.[Fe+3],6.230809
TRZ00634,Cc1nnc(CSc2nc(-c3ccccc3)cn2-c2ccccc2)nc1C,Fe3+,Cc1nnc(CSc2nc(-c3ccccc3)cn2-c2ccccc2)nc1C.[Fe+3],6.2305136
TRZ00599,Cc1nnc(Cn2c(-c3ccccn3)nc3ccccc32)nc1C,Fe3+,Cc1nnc(Cn2c(-c3ccccn3)nc3ccccc32)nc1C.[Fe+3],6.229454
TRZ03238,Cc1nnc(-c2cc3c(ncn3C)c(F)c2Nc2ccc(I)cc2F)nc1C,Fe3+,Cc1nnc(-c2cc3c(ncn3C)c(F)c2Nc2ccc(I)cc2F)nc1C.[Fe+3],6.229022
TRZ05886,Cc1nnc(C(=Cc2cccc(F)c2)O/N=C\C(CC(C)(C)C)n2cncn2)nc1C,Fe3+,Cc1nnc(C(=Cc2cccc(F)c2)O/N=C\C(CC(C)(C)C)n2cncn2)nc1C.[Fe+3],6.228443
TRZ01740,Cc1nnc(Cn2cncc2-c2ccc3c(c2)OCO3)nc1C,Fe3+,Cc1nnc(Cn2cncc2-c2ccc3c(c2)OCO3)nc1C.[Fe+3],6.225655
TRZ05743,Cc1nnc(-c2cncc(-c3ccc(OC(F)(F)F)nc3)n2)nc1C,Fe3+,Cc1nnc(-c2cncc(-c3ccc(OC(F)(F)F)nc3)n2)nc1C.[Fe+3],6.2249336
TRZ05263,Cc1nnc(-c2cnc3ccc(N4CCCC4c4cc(F)cnc4C#C[C@@H](C)N)nn23)nc1C,Fe3+,Cc1nnc(-c2cnc3ccc(N4CCCC4c4cc(F)cnc4C#C[C@@H](C)N)nn23)nc1C.[Fe+3],6.2247663
TRZ03382,Cc1cccc(NC(=O)c2cc(C(F)(F)F)nn2-c2ncccc2Cl)c1-c1nnc(C)c(C)n1,Fe3+,Cc1cccc(NC(=O)c2cc(C(F)(F)F)nn2-c2ncccc2Cl)c1-c1nnc(C)c(C)n1.[Fe+3],6.2215786
TRZ01108,Cc1nnc(CNc2cccc(I)c2)nc1C,Fe3+,Cc1nnc(CNc2cccc(I)c2)nc1C.[Fe+3],6.220434
TRZ03120,Cc1nnc(C(C)(Cc2ccc(F)cc2)NC(=O)OC(C)(C)C)nc1C,Fe3+,Cc1nnc(C(C)(Cc2ccc(F)cc2)NC(=O)OC(C)(C)C)nc1C.[Fe+3],6.2191663
TRZ01199,Cc1nnc(-c2cc3c(cn2)[nH]c2ccccc23)nc1C,Fe3+,Cc1nnc(-c2cc3c(cn2)[nH]c2ccccc23)nc1C.[Fe+3],6.2166495
TRZ04037,Cc1nnc(/C(=C/n2cnc(-c3cc(C(F)(F)F)cc(C(F)(F)F)c3)n2)c2cnccn2)nc1C,Fe3+,Cc1nnc(/C(=C/n2cnc(-c3cc(C(F)(F)F)cc(C(F)(F)F)c3)n2)c2cnccn2)nc1C.[Fe+3],6.2157464
TRZ00248,Cc1ccc(-c2cc(-c3nnc(C)c(C)n3)n[nH]2)o1,Fe3+,Cc1ccc(-c2cc(-c3nnc(C)c(C)n3)n[nH]2)o1.[Fe+3],6.2150974
TRZ01190,Cc1nnc(CN2CC(c3ccccc3)CC2=O)nc1C,Fe3+,Cc1nnc(CN2CC(c3ccccc3)CC2=O)nc1C.[Fe+3],6.2089505
TRZ01062,Cc1nnc(-c2nc(-c3ccc(O)cc3)cc(-c3ccc(C(F)(F)F)nc3)n2)nc1C,Fe3+,Cc1nnc(-c2nc(-c3ccc(O)cc3)cc(-c3ccc(C(F)(F)F)nc3)n2)nc1C.[Fe+3],6.2061553
TRZ01845,Cc1nnc(-c2ccccc2Nc2cccc(C(F)(F)F)c2)nc1C,Fe3+,Cc1nnc(-c2ccccc2Nc2cccc(C(F)(F)F)c2)nc1C.[Fe+3],6.2047977
TRZ05009,Cc1nnc(-c2cc(F)c(OCC3COC(C)(C)N3C(=O)OC(C)(C)C)cc2O)nc1C,Fe3+,Cc1nnc(-c2cc(F)c(OCC3COC(C)(C)N3C(=O)OC(C)(C)C)cc2O)nc1C.[Fe+3],6.202766
TRZ01678,Cc1nnc(Cn2c(-c3ccco3)nc3ccccc32)nc1C,Fe3+,Cc1nnc(Cn2c(-c3ccco3)nc3ccccc32)nc1C.[Fe+3],6.1984277
TRZ05542,Cc1nnc(-c2cccnc2Nc2ccc(OC(F)(F)Cl)cc2)nc1C,Fe3+,Cc1nnc(-c2cccnc2Nc2ccc(OC(F)(F)Cl)cc2)nc1C.[Fe+3],6.1926584
TRZ02057,Cc1nnc(C2CCC(=O)N2S(=O)(=O)c2ccccc2)nc1C,Fe3+,Cc1nnc(C2CCC(=O)N2S(=O)(=O)c2ccccc2)nc1C.[Fe+3],6.1920567
TRZ02858,Cc1nnc(C(Cc2ccc(F)cc2)=NC(=O)c2ccccc2)nc1C,Fe3+,Cc1nnc(C(Cc2ccc(F)cc2)=NC(=O)c2ccccc2)nc1C.[Fe+3],6.189581
TRZ02185,Cc1nnc(C2CN(Cc3ccccc3)CC(C)O2)nc1C,Fe3+,Cc1nnc(C2CN(Cc3ccccc3)CC(C)O2)nc1C.[Fe+3],6.1892533
TRZ05300,Cc1nnc(-c2cccnc2Nc2ccc(C(F)(F)F)cc2)nc1C,Fe3+,Cc1nnc(-c2cccnc2Nc2ccc(C(F)(F)F)cc2)nc1C.[Fe+3],6.188414
TRZ05519,Cc1ccc(F)c(C(C)[C@@H](c2nnc(C)c(C)n2)N2CCc3ccc(Cl)cc3S2(=O)=O)c1C,Fe3+,Cc1ccc(F)c(C(C)[C@@H](c2nnc(C)c(C)n2)N2CCc3ccc(Cl)cc3S2(=O)=O)c1C.[Fe+3],6.18745
TRZ05262,Cc1nnc(-c2cnc3ccc(N4CCC[C@@H]4c4cc(F)cnc4C#C[C@@H](C)N)nn23)nc1C,Fe3+,Cc1nnc(-c2cnc3ccc(N4CCC[C@@H]4c4cc(F)cnc4C#C[C@@H](C)N)nn23)nc1C.[Fe+3],6.1848264
TRZ01292,Cc1nnc(CSc2cc(N3CCOCC3)ncn2)nc1C,Fe3+,Cc1nnc(CSc2cc(N3CCOCC3)ncn2)nc1C.[Fe+3],6.1840124
TRZ00619,Cc1nnc(C(C)n2nnc(N3CCOCC3)n2)nc1C,Fe3+,Cc1nnc(C(C)n2nnc(N3CCOCC3)n2)nc1C.[Fe+3],6.1828117
TRZ00465,CC(=O)N1CCN(c2cc3c(cc2F)c(=O)c(-c2nnc(C)c(C)n2)cn3C2CC2)CC1,Fe3+,CC(=O)N1CCN(c2cc3c(cc2F)c(=O)c(-c2nnc(C)c(C)n2)cn3C2CC2)CC1.[Fe+3],6.1821895
TRZ02580,Cc1nnc(-c2cnn(-c3ccccc3)n2)nc1C,Fe3+,Cc1nnc(-c2cnn(-c3ccccc3)n2)nc1C.[Fe+3],6.180108
TRZ05234,Cc1ncc(-c2nc(C(F)(F)F)ccc2-c2nnc(C)c(C)n2)cn1,Fe3+,Cc1ncc(-c2nc(C(F)(F)F)ccc2-c2nnc(C)c(C)n2)cn1.[Fe+3],6.17959
TRZ02279,Cc1nnc(CNC(=O)C(Cc2c[nH]c3ccccc23)NC(=O)OCc2ccccc2)nc1C,Fe3+,Cc1nnc(CNC(=O)C(Cc2c[nH]c3ccccc23)NC(=O)OCc2ccccc2)nc1C.[Fe+3],6.176265
TRZ00893,Cc1nnc(CNC(=O)c2ccc(F)cc2)nc1C,Fe3+,Cc1nnc(CNC(=O)c2ccc(F)cc2)nc1C.[Fe+3],6.1726565
TRZ00723,CCCCOc1ccc(-c2cc(-c3nnc(C)c(C)n3)c(=O)[nH]n2)cc1C#N,Fe3+,CCCCOc1ccc(-c2cc(-c3nnc(C)c(C)n3)c(=O)[nH]n2)cc1C#N.[Fe+3],6.1689153
TRZ02081,Cc1nnc(CNc2ccc(F)c(C(F)(F)F)c2)nc1C,Fe3+,Cc1nnc(CNc2ccc(F)c(C(F)(F)F)c2)nc1C.[Fe+3],6.167987
TRZ02226,Cc1nnc(-c2ccc(-n3nc(-c4ccccc4)cc3C(F)(F)F)nc2)nc1C,Fe3+,Cc1nnc(-c2ccc(-n3nc(-c4ccccc4)cc3C(F)(F)F)nc2)nc1C.[Fe+3],6.164231
TRZ05025,Cc1nnc(Cn2nc(-c3ccc(Cl)cc3)n(CCC(C)(F)F)c2=O)nc1C,Fe3+,Cc1nnc(Cn2nc(-c3ccc(Cl)cc3)n(CCC(C)(F)F)c2=O)nc1C.[Fe+3],6.163413
TRZ00412,Cc1nnc(-c2cc3c([nH]c4ccccc43)c(-c3ccccc3)n2)nc1C,Fe3+,Cc1nnc(-c2cc3c([nH]c4ccccc43)c(-c3ccccc3)n2)nc1C.[Fe+3],6.1618185
TRZ05462,Cc1cc(F)c(F)c2c1NC(=Cc1nnc(C)c(C)n1)C(C)(C)N2,Fe3+,Cc1cc(F)c(F)c2c1NC(=Cc1nnc(C)c(C)n1)C(C)(C)N2.[Fe+3],6.1603003
TRZ00029,Cc1nnc(C(O)c2ccccc2)nc1C,Fe3+,Cc1nnc(C(O)c2ccccc2)nc1C.[Fe+3],6.15874
TRZ05754,Cc1nnc(-c2ccc(N3CCC(C#N)(Oc4cc(F)ccc4Cl)CC3)nn2)nc1C,Fe3+,Cc1nnc(-c2ccc(N3CCC(C#N)(Oc4cc(F)ccc4Cl)CC3)nn2)nc1C.[Fe+3],6.156709
TRZ01542,Cc1nnc(CSc2nnc(-c3ccncc3)n2-c2ccccc2)nc1C,Fe3+,Cc1nnc(CSc2nnc(-c3ccncc3)n2-c2ccccc2)nc1C.[Fe+3],6.1545696
TRZ01889,Cc1nnc(-c2cn(Cc3ccc(Cl)cc3)cc2-c2ccncc2)nc1C,Fe3+,Cc1nnc(-c2cn(Cc3ccc(Cl)cc3)cc2-c2ccncc2)nc1C.[Fe+3],6.144123
TRZ04874,Cc1nnc(-c2cc3c(cc2Nc2ccc(I)cc2F)OCC3)nc1C,Fe3+,Cc1nnc(-c2cc3c(cc2Nc2ccc(I)cc2F)OCC3)nc1C.[Fe+3],6.143695
TRZ01058,Cc1nnc(-c2nc(-c3ccc(C(F)(F)F)nc3)cc(-c3cncc(O)c3)n2)nc1C,Fe3+,Cc1nnc(-c2nc(-c3ccc(C(F)(F)F)nc3)cc(-c3cncc(O)c3)n2)nc1C.[Fe+3],6.1406803
TRZ01305,Cc1nnc(CN2Cc3ccccc3OC2=O)nc1C,Fe3+,Cc1nnc(CN2Cc3ccccc3OC2=O)nc1C.[Fe+3],6.137451
TRZ05008,Cc1nnc(-c2cc(F)c(OCC3C(C)OC(C)(C)N3C(=O)OC(C)(C)C)cc2O)nc1C,Fe3+,Cc1nnc(-c2cc(F)c(OCC3C(C)OC(C)(C)N3C(=O)OC(C)(C)C)cc2O)nc1C.[Fe+3],6.1356173
TRZ00848,Cc1nnc(-c2ccn[nH]2)nc1C,Fe3+,Cc1nnc(-c2ccn[nH]2)nc1C.[Fe+3],6.1354
TRZ05154,COc1c(N2CCN(C)C(C)C2)c(F)cc2c(=O)c(-c3nnc(C)c(C)n3)cn(C3CC3)c12,Fe3+,COc1c(N2CCN(C)C(C)C2)c(F)cc2c(=O)c(-c3nnc(C)c(C)n3)cn(C3CC3)c12.[Fe+3],6.132535
TRZ01790,Cc1nnc(-c2nc(C(=O)N3Cc4ccccc4C3)cc(-c3ccccc3)n2)nc1C,Fe3+,Cc1nnc(-c2nc(C(=O)N3Cc4ccccc4C3)cc(-c3ccccc3)n2)nc1C.[Fe+3],6.129942
TRZ02108,Cc1nnc(-c2cnc3[nH]nc(N4C[C@@H](F)C[C@@H]4c4cc(F)ccc4F)c3c2)nc1C,Fe3+,Cc1nnc(-c2cnc3[nH]nc(N4C[C@@H](F)C[C@@H]4c4cc(F)ccc4F)c3c2)nc1C.[Fe+3],6.129017
TRZ04475,Cc1nnc(C2CCCN2c2ccc(F)cc2)nc1C,Fe3+,Cc1nnc(C2CCCN2c2ccc(F)cc2)nc1C.[Fe+3],6.1279635
TRZ05885,Cc1nnc(C(=Cc2ccccc2F)O/N=C\C(CC(C)(C)C)n2cncn2)nc1C,Fe3+,Cc1nnc(C(=Cc2ccccc2F)O/N=C\C(CC(C)(C)C)n2cncn2)nc1C.[Fe+3],6.1272817
TRZ02601,Cc1ccc(Nc2n[nH]nc2-c2nnc(C)c(C)n2)cc1,Fe3+,Cc1ccc(Nc2n[nH]nc2-c2nnc(C)c(C)n2)cc1.[Fe+3],6.1263514
TRZ01456,Cc1nnc(-c2cnn(-c3ccc(F)cc3)c2C)nc1C,Fe3+,Cc1nnc(-c2cnn(-c3ccc(F)cc3)c2C)nc1C.[Fe+3],6.122077
TRZ01403,Cc1nnc(-c2c[nH]c3c(C(F)(F)F)cccc3c2=O)nc1C,Fe3+,Cc1nnc(-c2c[nH]c3c(C(F)(F)F)cccc3c2=O)nc1C.[Fe+3],6.106746
TRZ00719,CCCCCOc1ccc(-c2cc(-c3nnc(C)c(C)n3)c(=O)[nH]n2)cc1C#N,Fe3+,CCCCCOc1ccc(-c2cc(-c3nnc(C)c(C)n3)c(=O)[nH]n2)cc1C#N.[Fe+3],6.103655
TRZ01036,Cc1nnc(-c2nc(-c3ccccc3)cc(N3CC4CSCC4C3)n2)nc1C,Fe3+,Cc1nnc(-c2nc(-c3ccccc3)cc(N3CC4CSCC4C3)n2)nc1C.[Fe+3],6.0987234
TRZ01192,Cc1ccc2c(c1)C1(OCCCO1)C(=O)N2Cc1nnc(C)c(C)n1,Fe3+,Cc1ccc2c(c1)C1(OCCCO1)C(=O)N2Cc1nnc(C)c(C)n1.[Fe+3],6.095994
TRZ00558,Cc1nnc(CSc2nc3ccccc3c(=O)n2CCc2ccccn2)nc1C,Fe3+,Cc1nnc(CSc2nc3ccccc3c(=O)n2CCc2ccccn2)nc1C.[Fe+3],6.0949717
TRZ05742,Cc1cc(OC(F)F)ncc1-c1cncc(-c2nnc(C)c(C)n2)n1,Fe3+,Cc1cc(OC(F)F)ncc1-c1cncc(-c2nnc(C)c(C)n2)n1.[Fe+3],6.094371
TRZ00327,Cc1nnc(-c2cc(-c3ccc(Cl)cc3Cl)n[nH]2)nc1C,Fe3+,Cc1nnc(-c2cc(-c3ccc(Cl)cc3Cl)n[nH]2)nc1C.[Fe+3],6.087222
TRZ02423,Cc1nnc(-c2cncc(C#CCN(C)C)c2)nc1C,Fe3+,Cc1nnc(-c2cncc(C#CCN(C)C)c2)nc1C.[Fe+3],6.0848517
TRZ01778,Cc1nnc(-c2nc(-c3ccc(C(F)(F)F)nc3)cc(-c3cc(F)c(O)c(F)c3)n2)nc1C,Fe3+,Cc1nnc(-c2nc(-c3ccc(C(F)(F)F)nc3)cc(-c3cc(F)c(O)c(F)c3)n2)nc1C.[Fe+3],6.0835385
TRZ02462,Cc1nnc(C(Cc2ccccc2)NC(=O)C=[N+]=[N-])nc1C,Fe3+,Cc1nnc(C(Cc2ccccc2)NC(=O)C=[N+]=[N-])nc1C.[Fe+3],6.081376
TRZ03733,Cc1nnc(-c2nn(Cc3ccc(F)cc3F)c3cc(S(C)(=O)=O)ccc23)nc1C,Fe3+,Cc1nnc(-c2nn(Cc3ccc(F)cc3F)c3cc(S(C)(=O)=O)ccc23)nc1C.[Fe+3],6.0786366
TRZ05241,C=CC(=O)C1(Nc2ccc(C(F)(F)F)cc2)C=CC=CC1c1nnc(C)c(C)n1,Fe3+,C=CC(=O)C1(Nc2ccc(C(F)(F)F)cc2)C=CC=CC1c1nnc(C)c(C)n1.[Fe+3],6.0764256
TRZ02165,Cc1nnc(-c2[nH]ncc2Br)nc1C,Fe3+,Cc1nnc(-c2[nH]ncc2Br)nc1C.[Fe+3],6.075097
TRZ01328,Cc1nnc(-c2cc(C)c(=O)[nH]n2)nc1C,Fe3+,Cc1nnc(-c2cc(C)c(=O)[nH]n2)nc1C.[Fe+3],6.073262
TRZ00922,Cc1nnc(CNC(=O)c2ccccc2[N+](=O)[O-])nc1C,Fe3+,Cc1nnc(CNC(=O)c2ccccc2[N+](=O)[O-])nc1C.[Fe+3],6.0689216
TRZ00794,Cc1ncccc1-c1cnc(NCc2c(F)ccc3c2CCO3)n2cnc(-c3nnc(C)c(C)n3)c12,Fe3+,Cc1ncccc1-c1cnc(NCc2c(F)ccc3c2CCO3)n2cnc(-c3nnc(C)c(C)n3)c12.[Fe+3],6.066883
TRZ01684,Cc1nnc(Cn2c(=O)c(C)nc3cc(Br)ccc32)nc1C,Fe3+,Cc1nnc(Cn2c(=O)c(C)nc3cc(Br)ccc32)nc1C.[Fe+3],6.064836
TRZ05113,Cc1nnc(-c2cn(C)c(=O)cc2-c2ccc(F)cc2)nc1C,Fe3+,Cc1nnc(-c2cn(C)c(=O)cc2-c2ccc(F)cc2)nc1C.[Fe+3],6.063732
TRZ02037,CC(=O)Oc1ccccc1-c1nnc(C)c(C)n1,Fe3+,CC(=O)Oc1ccccc1-c1nnc(C)c(C)n1.[Fe+3],6.0620794
TRZ05258,Cc1nnc(-c2ccc(Nc3ncc(-c4ccc(C(F)(F)F)cc4)o3)cn2)nc1C,Fe3+,Cc1nnc(-c2ccc(Nc3ncc(-c4ccc(C(F)(F)F)cc4)o3)cn2)nc1C.[Fe+3],6.060773
TRZ05445,Cc1nnc(Cn2cc(-c3ccc(Cl)cc3)n(C[C@H](O)C(F)(F)F)c2=O)nc1C,Fe3+,Cc1nnc(Cn2cc(-c3ccc(Cl)cc3)n(C[C@H](O)C(F)(F)F)c2=O)nc1C.[Fe+3],6.0555744
TRZ01702,Cc1nnc(-c2n[nH]c(=O)c3c2cnn3-c2ccccc2)nc1C,Fe3+,Cc1nnc(-c2n[nH]c(=O)c3c2cnn3-c2ccccc2)nc1C.[Fe+3],6.0538206
TRZ04878,Cc1nnc(-c2cc3c([nH]c4ccccc43)c(-c3ccc(F)cc3)n2)nc1C,Fe3+,Cc1nnc(-c2cc3c([nH]c4ccccc43)c(-c3ccc(F)cc3)n2)nc1C.[Fe+3],6.0530224
TRZ02613,Cc1nnc(-c2cncc(O)c2)nc1C,Fe3+,Cc1nnc(-c2cncc(O)c2)nc1C.[Fe+3],6.0475063
TRZ01303,CCC(c1nnc(C)c(C)n1)n1nc(C)ccc1=O,Fe3+,CCC(c1nnc(C)c(C)n1)n1nc(C)ccc1=O.[Fe+3],6.03881
TRZ02026,Cc1nnc(Cn2ccnc2)nc1C,Fe3+,Cc1nnc(Cn2ccnc2)nc1C.[Fe+3],6.0360956
TRZ00266,Cc1nnc(C(=O)Nc2ccc(O)cc2)nc1C,Fe3+,Cc1nnc(C(=O)Nc2ccc(O)cc2)nc1C.[Fe+3],6.031532
TRZ05923,Cc1nnc(-c2nc3cc4c(-c5ccncc5)[nH]n(-c5cccc(F)c5)c4cc3n2)nc1C,Fe3+,Cc1nnc(-c2nc3cc4c(-c5ccncc5)[nH]n(-c5cccc(F)c5)c4cc3n2)nc1C.[Fe+3],6.031517
TRZ02174,Cc1ccc(C)c(-c2cc(-c3nnc(C)c(C)n3)[nH]n2)c1,Fe3+,Cc1ccc(C)c(-c2cc(-c3nnc(C)c(C)n3)[nH]n2)c1.[Fe+3],6.030751
TRZ02153,CCOc1ccc(-c2nnc(C)c(C)n2)c(O)c1,Fe3+,CCOc1ccc(-c2nnc(C)c(C)n2)c(O)c1.[Fe+3],6.030484
TRZ05733,Cc1nnc(-c2cncc(-c3ccc(OC(F)F)nc3)n2)nc1C,Fe3+,Cc1nnc(-c2cncc(-c3ccc(OC(F)F)nc3)n2)nc1C.[Fe+3],6.0265107
TRZ05461,Cc1cc(F)c(F)c2c1N/C(=C/c1nnc(C)c(C)n1)C(C)(C)N2,Fe3+,Cc1cc(F)c(F)c2c1N/C(=C/c1nnc(C)c(C)n1)C(C)(C)N2.[Fe+3],6.0258822
TRZ01626,CC(/C=C/c1ccccc1)=N\OC(C)c1nnc(C)c(C)n1,Fe3+,CC(/C=C/c1ccccc1)=N\OC(C)c1nnc(C)c(C)n1.[Fe+3],6.025844
TRZ01018,Cc1nnc(-c2nc(-c3ccccc3)cc(-c3ccc(O)cc3)n2)nc1C,Fe3+,Cc1nnc(-c2nc(-c3ccccc3)cc(-c3ccc(O)cc3)n2)nc1C.[Fe+3],6.0214267
TRZ03089,Cc1nnc(CN(C(N)=O)c2ccc(F)cc2)nc1C,Fe3+,Cc1nnc(CN(C(N)=O)c2ccc(F)cc2)nc1C.[Fe+3],6.0203705
TRZ00637,Cc1nnc(CNC(c2ccccc2)c2cc(Br)ccc2N)nc1C,Fe3+,Cc1nnc(CNC(c2ccccc2)c2cc(Br)ccc2N)nc1C.[Fe+3],6.0152636
TRZ01324,Cc1nnc(Cn2c(C)nc3ccc(Cl)cc3c2=O)nc1C,Fe3+,Cc1nnc(Cn2c(C)nc3ccc(Cl)cc3c2=O)nc1C.[Fe+3],6.014282
TRZ02382,Cc1nnc(-c2cc(C)n(-c3c(Cl)cc(Cl)cc3Cl)n2)nc1C,Fe3+,Cc1nnc(-c2cc(C)n(-c3c(Cl)cc(Cl)cc3Cl)n2)nc1C.[Fe+3],6.013329
TRZ01162,CC1=C(c2nnc(C)c(C)n2)C(c2ccc(F)cc2Cl)N=C(c2nccs2)N1,Fe3+,CC1=C(c2nnc(C)c(C)n2)C(c2ccc(F)cc2Cl)N=C(c2nccs2)N1.[Fe+3],6.010886
TRZ05786,Cc1nnc(-c2c(-c3ccc(F)cc3)[nH]c3ccccc23)nc1C,Fe3+,Cc1nnc(-c2c(-c3ccc(F)cc3)[nH]c3ccccc23)nc1C.[Fe+3],6.010605
TRZ05736,Cc1nc(OC(F)F)ccc1-c1cncc(-c2nnc(C)c(C)n2)n1,Fe3+,Cc1nc(OC(F)F)ccc1-c1cncc(-c2nnc(C)c(C)n2)n1.[Fe+3],6.0097194
TRZ05935,COC(Cc1nnc(C)c(C)n1)=C1Nc2c(C)cc(F)cc2NC1(C)C,Fe3+,COC(Cc1nnc(C)c(C)n1)=C1Nc2c(C)cc(F)cc2NC1(C)C.[Fe+3],6.009195
TRZ01585,Cc1nnc(CNC(=O)c2ccc(C(F)(F)F)cc2)nc1C,Fe3+,Cc1nnc(CNC(=O)c2ccc(C(F)(F)F)cc2)nc1C.[Fe+3],6.0074353
TRZ02863,Cc1nnc(CSc2nc3ccc(F)cc3c(=O)n2-c2ccccc2)nc1C,Fe3+,Cc1nnc(CSc2nc3ccc(F)cc3c(=O)n2-c2ccccc2)nc1C.[Fe+3],6.004414
TRZ01578,Cc1nnc(CC(=O)Nc2cccc([N+](=O)[O-])c2)nc1C,Fe3+,Cc1nnc(CC(=O)Nc2cccc([N+](=O)[O-])c2)nc1C.[Fe+3],5.994335
TRZ02054,CC(=O)c1cccc(NC(=O)C(=O)C(c2ccccc2)c2nnc(C)c(C)n2)c1,Fe3+,CC(=O)c1cccc(NC(=O)C(=O)C(c2ccccc2)c2nnc(C)c(C)n2)c1.[Fe+3],5.9917593
TRZ02726,Cc1nnc(-c2cn(C3CCNCC3)nn2)nc1C,Fe3+,Cc1nnc(-c2cn(C3CCNCC3)nn2)nc1C.[Fe+3],5.9904013
TRZ03239,Cc1cc(I)ccc1Nc1c(-c2nnc(C)c(C)n2)cc2c(ncn2C)c1F,Fe3+,Cc1cc(I)ccc1Nc1c(-c2nnc(C)c(C)n2)cc2c(ncn2C)c1F.[Fe+3],5.9834056
TRZ01347,Cc1ccc(Oc2cc(SCc3nnc(C)c(C)n3)ncn2)cc1,Fe3+,Cc1ccc(Oc2cc(SCc3nnc(C)c(C)n3)ncn2)cc1.[Fe+3],5.9830923
TRZ04883,Cc1nnc(-c2cc(-c3ccon3)n(Cc3ccccc3F)n2)nc1C,Fe3+,Cc1nnc(-c2cc(-c3ccon3)n(Cc3ccccc3F)n2)nc1C.[Fe+3],5.981613
TRZ00833,Cc1nnc(-c2ccc(CS(=O)(=O)c3ccccc3)o2)nc1C,Fe3+,Cc1nnc(-c2ccc(CS(=O)(=O)c3ccccc3)o2)nc1C.[Fe+3],5.9740047
TRZ02500,CCC(C)Oc1ccc(O)c(-c2nnc(C)c(C)n2)c1,Fe3+,CCC(C)Oc1ccc(O)c(-c2nnc(C)c(C)n2)c1.[Fe+3],5.9738073
TRZ02060,Cc1nnc(CC(=O)Nc2ccc(Cl)cc2)nc1C,Fe3+,Cc1nnc(CC(=O)Nc2ccc(Cl)cc2)nc1C.[Fe+3],5.9678526
TRZ02225,Cc1cc(C(F)(F)F)n(-c2ccc(-c3nnc(C)c(C)n3)cn2)n1,Fe3+,Cc1cc(C(F)(F)F)n(-c2ccc(-c3nnc(C)c(C)n3)cn2)n1.[Fe+3],5.9666758
TRZ00247,Cc1nnc(-c2[nH]c3ccc(Cl)cc3c2S(=O)(=O)c2cc(Cl)ccc2N)nc1C,Fe3+,Cc1nnc(-c2[nH]c3ccc(Cl)cc3c2S(=O)(=O)c2cc(Cl)ccc2N)nc1C.[Fe+3],5.966406
TRZ01154,CCCn1cc(-c2cc(-c3nnc(C)c(C)n3)[nH]n2)c2ccccc21,Fe3+,CCCn1cc(-c2cc(-c3nnc(C)c(C)n3)[nH]n2)c2ccccc21.[Fe+3],5.9658394
TRZ02786,Cc1nnc(Cc2ccc(Cl)cn2)nc1C,Fe3+,Cc1nnc(Cc2ccc(Cl)cn2)nc1C.[Fe+3],5.962201
TRZ00008,Cc1nnc(CN2C(=O)CN=C(c3ccccc3)c3cc(Br)ccc32)nc1C,Fe3+,Cc1nnc(CN2C(=O)CN=C(c3ccccc3)c3cc(Br)ccc32)nc1C.[Fe+3],5.9570694
TRZ02167,Cc1nnc(Cn2c(C)csc2=O)nc1C,Fe3+,Cc1nnc(Cn2c(C)csc2=O)nc1C.[Fe+3],5.956686
TRZ01368,Cc1nnc(C(CC(O)c2ccc(Cl)cc2)CN2CCCC2)nc1C,Fe3+,Cc1nnc(C(CC(O)c2ccc(Cl)cc2)CN2CCCC2)nc1C.[Fe+3],5.9528503
TRZ00721,CCCOc1ccc(-c2cc(-c3nnc(C)c(C)n3)c(=O)[nH]n2)cc1C#N,Fe3+,CCCOc1ccc(-c2cc(-c3nnc(C)c(C)n3)c(=O)[nH]n2)cc1C#N.[Fe+3],5.9523582
TRZ01777,Cc1nnc(-c2nc(-c3ccc(C(F)(F)F)nc3)cc(-c3ccc4[nH]ncc4c3)n2)nc1C,Fe3+,Cc1nnc(-c2nc(-c3ccc(C(F)(F)F)nc3)cc(-c3ccc4[nH]ncc4c3)n2)nc1C.[Fe+3],5.951531
TRZ04976,Cc1ccc(Nc2cnccc2-c2nnc(C)c(C)n2)c(F)c1,Fe3+,Cc1ccc(Nc2cnccc2-c2nnc(C)c(C)n2)c(F)c1.[Fe+3],5.949397
TRZ00784,Cc1nnc(-c2cnc3ccccc3c2)nc1C,Fe3+,Cc1nnc(-c2cnc3ccccc3c2)nc1C.[Fe+3],5.9465075
TRZ01204,COc1ccccc1NCc1nnc(C)c(C)n1,Fe3+,COc1ccccc1NCc1nnc(C)c(C)n1.[Fe+3],5.945486
TRZ01001,Cc1nnc(-c2nc(N)nc(Nc3ccc(Cl)cc3)n2)nc1C,Fe3+,Cc1nnc(-c2nc(N)nc(Nc3ccc(Cl)cc3)n2)nc1C.[Fe+3],5.942371
TRZ01625,COc1ccc(/C=C/C(C)=N/OCc2nnc(C)c(C)n2)cc1,Fe3+,COc1ccc(/C=C/C(C)=N/OCc2nnc(C)c(C)n2)cc1.[Fe+3],5.941699
TRZ01898,Cc1nnc(-c2cccn2S(=O)(=O)c2cc(Cl)ccc2N)nc1C,Fe3+,Cc1nnc(-c2cccn2S(=O)(=O)c2cc(Cl)ccc2N)nc1C.[Fe+3],5.941652
TRZ01435,Cc1nnc(Cc2cccn2C)nc1C,Fe3+,Cc1nnc(Cc2cccn2C)nc1C.[Fe+3],5.940096
TRZ01764,Cc1nnc(-c2nc(-c3ccc(C(F)(F)F)nc3)cc(-c3cc[nH]c(=O)c3)n2)nc1C,Fe3+,Cc1nnc(-c2nc(-c3ccc(C(F)(F)F)nc3)cc(-c3cc[nH]c(=O)c3)n2)nc1C.[Fe+3],5.939501
TRZ03996,Cc1nnc(C2=CC=CS2=C(CC(=O)c2cccs2)C(F)(F)F)nc1C,Fe3+,Cc1nnc(C2=CC=CS2=C(CC(=O)c2cccs2)C(F)(F)F)nc1C.[Fe+3],5.938945
TRZ02854,Cc1nnc(CNn2c(C)nc3ccccc3c2=O)nc1C,Fe3+,Cc1nnc(CNn2c(C)nc3ccccc3c2=O)nc1C.[Fe+3],5.9386377
TRZ02853,Cc1nnc(Cn2nc(C)n(/N=C/c3ccncc3)c2=O)nc1C,Fe3+,Cc1nnc(Cn2nc(C)n(/N=C/c3ccncc3)c2=O)nc1C.[Fe+3],5.9373264
TRZ02264,Cc1nnc(CNc2ccccc2Br)nc1C,Fe3+,Cc1nnc(CNc2ccccc2Br)nc1C.[Fe+3],5.934345
TRZ03605,Cc1nnc(-c2cnc(N3C[C@H]4C[C@@]4(c4cccc(C(F)(F)F)c4)C3)nc2)nc1C,Fe3+,Cc1nnc(-c2cnc(N3C[C@H]4C[C@@]4(c4cccc(C(F)(F)F)c4)C3)nc2)nc1C.[Fe+3],5.933971
TRZ02650,Cc1nnc(-c2ccc(C(=O)O)cc2N)nc1C,Fe3+,Cc1nnc(-c2ccc(C(=O)O)cc2N)nc1C.[Fe+3],5.932453
TRZ01897,CC(=O)c1c(C)nc2ccc(I)cc2c1OCc1nnc(C)c(C)n1,Fe3+,CC(=O)c1c(C)nc2ccc(I)cc2c1OCc1nnc(C)c(C)n1.[Fe+3],5.9282465
TRZ05552,Cc1nnc(/C(=C/n2cnc(-c3cc(C(F)(F)F)cc(C(F)(F)F)c3)n2)c2cncnc2)nc1C,Fe3+,Cc1nnc(/C(=C/n2cnc(-c3cc(C(F)(F)F)cc(C(F)(F)F)c3)n2)c2cncnc2)nc1C.[Fe+3],5.9245534
TRZ04478,Cc1nnc(-c2cc(-c3ccc(OCC(F)(F)F)nc3)ccc2N)nc1C,Fe3+,Cc1nnc(-c2cc(-c3ccc(OCC(F)(F)F)nc3)ccc2N)nc1C.[Fe+3],5.9203224
TRZ05244,Cc1nnc(C2C=CC=CC2(Nc2ccc(C(F)(F)F)cc2)C(=O)CCC#N)nc1C,Fe3+,Cc1nnc(C2C=CC=CC2(Nc2ccc(C(F)(F)F)cc2)C(=O)CCC#N)nc1C.[Fe+3],5.91661
TRZ01614,Cc1nnc(-c2cc(-c3ccc(Cl)cc3)nn2Cc2ccc(Cl)nc2)nc1C,Fe3+,Cc1nnc(-c2cc(-c3ccc(Cl)cc3)nn2Cc2ccc(Cl)nc2)nc1C.[Fe+3],5.915928
TRZ00658,Cc1nnc(CSc2c(-c3cccs3)[nH]c3ccccc23)nc1C,Fe3+,Cc1nnc(CSc2c(-c3cccs3)[nH]c3ccccc23)nc1C.[Fe+3],5.9109073
TRZ03349,Cc1nnc(-c2cn(C)c(=O)c(F)c2Nc2ccc(Br)cc2F)nc1C,Fe3+,Cc1nnc(-c2cn(C)c(=O)c(F)c2Nc2ccc(Br)cc2F)nc1C.[Fe+3],5.910527
TRZ05259,Cc1nnc(C(F)(F)C(C)(O)c2cccc(NC(=O)OC(C)(C)C)c2)nc1C,Fe3+,Cc1nnc(C(F)(F)C(C)(O)c2cccc(NC(=O)OC(C)(C)C)c2)nc1C.[Fe+3],5.909176
TRZ02213,Cc1nnc(Cn2c(Cc3ccc(F)cc3)nc3ccccc32)nc1C,Fe3+,Cc1nnc(Cn2c(Cc3ccc(F)cc3)nc3ccccc32)nc1C.[Fe+3],5.9067926
TRZ03781,Cc1nnc([C@@](C)(Cc2ccc(F)cc2)NC(=O)OC(C)(C)C)nc1C,Fe3+,Cc1nnc([C@@](C)(Cc2ccc(F)cc2)NC(=O)OC(C)(C)C)nc1C.[Fe+3],5.9060926
TRZ05315,Cc1nnc(Cc2ccc(C(F)F)cn2)nc1C,Fe3+,Cc1nnc(Cc2ccc(C(F)F)cn2)nc1C.[Fe+3],5.9055357
TRZ04288,Cc1nnc(-c2cn(CC(F)(F)F)nc2N2CCOCC2)nc1C,Fe3+,Cc1nnc(-c2cn(CC(F)(F)F)nc2N2CCOCC2)nc1C.[Fe+3],5.9021006
TRZ01055,COCCNc1ccc(-c2cc(-c3ccccc3)nc(-c3nnc(C)c(C)n3)n2)cn1,Fe3+,COCCNc1ccc(-c2cc(-c3ccccc3)nc(-c3nnc(C)c(C)n3)n2)cn1.[Fe+3],5.901114
TRZ03347,Cc1nnc(C(C)(C)S(=O)(=O)c2ccc(F)cc2)nc1C,Fe3+,Cc1nnc(C(C)(C)S(=O)(=O)c2ccc(F)cc2)nc1C.[Fe+3],5.900664
TRZ00187,Cc1nnc(-c2ccc[nH]2)nc1C,Fe3+,Cc1nnc(-c2ccc[nH]2)nc1C.[Fe+3],5.895876
TRZ02300,Cc1nnc(-c2cc(-c3ccc(Br)cc3)n[nH]2)nc1C,Fe3+,Cc1nnc(-c2cc(-c3ccc(Br)cc3)n[nH]2)nc1C.[Fe+3],5.8924
TRZ04053,Cc1nnc(-c2cc(C)c3c(n2)=C(C(C)(C)C)CC(NCC(F)(F)F)C=3)nc1C,Fe3+,Cc1nnc(-c2cc(C)c3c(n2)=C(C(C)(C)C)CC(NCC(F)(F)F)C=3)nc1C.[Fe+3],5.8888006
TRZ04134,Cc1nnc(C(N)c2ccc(F)cc2F)nc1C,Fe3+,Cc1nnc(C(N)c2ccc(F)cc2F)nc1C.[Fe+3],5.8879848
TRZ00511,Cc1nnc(Cn2c(COc3ccc(Cl)cc3)nc3ccccc32)nc1C,Fe3+,Cc1nnc(Cn2c(COc3ccc(Cl)cc3)nc3ccccc32)nc1C.[Fe+3],5.887826
TRZ02157,Cc1nnc(-c2cc(-c3ccc(F)cc3)n[nH]2)nc1C,Fe3+,Cc1nnc(-c2cc(-c3ccc(F)cc3)n[nH]2)nc1C.[Fe+3],5.8851867
TRZ00464,Cc1nnc(Cn2c(Cc3ccc(Cl)cc3Cl)nc3ccc([N+](=O)[O-])cc32)nc1C,Fe3+,Cc1nnc(Cn2c(Cc3ccc(Cl)cc3Cl)nc3ccc([N+](=O)[O-])cc32)nc1C.[Fe+3],5.8832307
TRZ02437,Cc1nnc(C(C)Oc2cccc3cccnc23)nc1C,Fe3+,Cc1nnc(C(C)Oc2cccc3cccnc23)nc1C.[Fe+3],5.881976
TRZ04161,Cc1cc(Nc2cc(C(F)(F)F)ccn2)nc(-c2nnc(C)c(C)n2)c1,Fe3+,Cc1cc(Nc2cc(C(F)(F)F)ccn2)nc(-c2nnc(C)c(C)n2)c1.[Fe+3],5.879153
TRZ01242,Cc1nnc(CC(=O)Nc2ccccc2F)nc1C,Fe3+,Cc1nnc(CC(=O)Nc2ccccc2F)nc1C.[Fe+3],5.8785043
TRZ01335,COc1ccc(Nc2ncccc2-c2nnc(C)c(C)n2)cc1,Fe3+,COc1ccc(Nc2ncccc2-c2nnc(C)c(C)n2)cc1.[Fe+3],5.877312
TRZ00282,Cc1nnc(-c2cc(C(C)(C)C)nn2Cc2ccc(F)cc2)nc1C,Fe3+,Cc1nnc(-c2cc(C(C)(C)C)nn2Cc2ccc(F)cc2)nc1C.[Fe+3],5.86766
TRZ03112,Cc1cc(I)ccc1Nc1cc(F)ccc1-c1nnc(C)c(C)n1,Fe3+,Cc1cc(I)ccc1Nc1cc(F)ccc1-c1nnc(C)c(C)n1.[Fe+3],5.866704
TRZ00989,COc1ccc(OC)c(NC(=O)Cc2nnc(C)c(C)n2)c1,Fe3+,COc1ccc(OC)c(NC(=O)Cc2nnc(C)c(C)n2)c1.[Fe+3],5.8632655
TRZ02708,Cc1nnc(-c2cn[nH]n2)nc1C,Fe3+,Cc1nnc(-c2cn[nH]n2)nc1C.[Fe+3],5.8607903
TRZ00472,Cc1nnc(COc2nc(-c3cccs3)nc3ccc(I)cc23)nc1C,Fe3+,Cc1nnc(COc2nc(-c3cccs3)nc3ccc(I)cc23)nc1C.[Fe+3],5.8605013
TRZ05452,Cc1nnc(-c2ccc(Oc3ccc(F)c(F)c3)cc2[N+](=O)[O-])nc1C,Fe3+,Cc1nnc(-c2ccc(Oc3ccc(F)c(F)c3)cc2[N+](=O)[O-])nc1C.[Fe+3],5.8593106
TRZ00729,Cc1nnc(-c2cnc3ccccc3n2)nc1C,Fe3+,Cc1nnc(-c2cnc3ccccc3n2)nc1C.[Fe+3],5.8556385
TRZ04441,Cc1nnc(C(O)c2ccc(F)cc2)nc1C,Fe3+,Cc1nnc(C(O)c2ccc(F)cc2)nc1C.[Fe+3],5.8543005
TRZ02659,Cc1nnc([C@@H]2C=C3c4cccc5[nH]cc(c45)C[C@H]3N(C)C2)nc1C,Fe3+,Cc1nnc([C@@H]2C=C3c4cccc5[nH]cc(c45)C[C@H]3N(C)C2)nc1C.[Fe+3],5.8521376
TRZ02061,COc1cccc(NC(=O)Cc2nnc(C)c(C)n2)c1,Fe3+,COc1cccc(NC(=O)Cc2nnc(C)c(C)n2)c1.[Fe+3],5.8486395
TRZ02160,Cc1ccccc1-n1ncc(-c2nnc(C)c(C)n2)c1C,Fe3+,Cc1ccccc1-n1ncc(-c2nnc(C)c(C)n2)c1C.[Fe+3],5.847702
TRZ05450,Cc1nnc(-c2cnc3c(c2)C(N2C[C@@H](F)C[C@@H]2c2cc(F)ccc2F)=NC3)nc1C,Fe3+,Cc1nnc(-c2cnc3c(c2)C(N2C[C@@H](F)C[C@@H]2c2cc(F)ccc2F)=NC3)nc1C.[Fe+3],5.84631
TRZ00733,Cc1nnc(Cn2ccnn2)nc1C,Fe3+,Cc1nnc(Cn2ccnn2)nc1C.[Fe+3],5.8445764
TRZ04431,COC(=O)C1CN(CCc2nnc(C)c(C)n2)C[C@H]1c1ccc(F)cc1F,Fe3+,COC(=O)C1CN(CCc2nnc(C)c(C)n2)C[C@H]1c1ccc(F)cc1F.[Fe+3],5.841793
TRZ02258,Cc1nnc(-c2nn(C)c(=O)[nH]c2=O)nc1C,Fe3+,Cc1nnc(-c2nn(C)c(=O)[nH]c2=O)nc1C.[Fe+3],5.8416767
TRZ04888,Cc1nnc(-c2ccc(C(C)C(C)n3[nH]c(=O)nc3-c3ccc(F)cc3F)cn2)nc1C,Fe3+,Cc1nnc(-c2ccc(C(C)C(C)n3[nH]c(=O)nc3-c3ccc(F)cc3F)cn2)nc1C.[Fe+3],5.839198
TRZ03554,Cc1nnc([C@@](C)(Cc2ccc(F)cc2)N(C(=O)O)C(C)(C)C)nc1C,Fe3+,Cc1nnc([C@@](C)(Cc2ccc(F)cc2)N(C(=O)O)C(C)(C)C)nc1C.[Fe+3],5.837372
TRZ03526,Cc1nnc(C(F)Nc2ccccc2)nc1C,Fe3+,Cc1nnc(C(F)Nc2ccccc2)nc1C.[Fe+3],5.83641
TRZ00852,Cc1nnc(-c2cn[nH]c2)nc1C,Fe3+,Cc1nnc(-c2cn[nH]c2)nc1C.[Fe+3],5.8308597
TRZ01930,Cc1nnc(-c2n[nH]nc2N)nc1C,Fe3+,Cc1nnc(-c2n[nH]nc2N)nc1C.[Fe+3],5.827605
TRZ00821,Cc1nnc(CSc2nnc(-c3ccc(Cl)cc3)n2-c2ccccc2)nc1C,Fe3+,Cc1nnc(CSc2nnc(-c3ccc(Cl)cc3)n2-c2ccccc2)nc1C.[Fe+3],5.8230324
TRZ04961,Cc1nnc(-c2cnccc2N2COc3cnc(-c4cc(Cl)ccc4F)nc32)nc1C,Fe3+,Cc1nnc(-c2cnccc2N2COc3cnc(-c4cc(Cl)ccc4F)nc32)nc1C.[Fe+3],5.822302
TRZ03672,Cc1nnc(C(C(N)=O)c2ccc(-c3ccc(F)c(Cl)c3)cc2)nc1C,Fe3+,Cc1nnc(C(C(N)=O)c2ccc(-c3ccc(F)c(Cl)c3)cc2)nc1C.[Fe+3],5.8209076
TRZ00160,Cc1nnc(CNC(=O)c2ccccc2)nc1C,Fe3+,Cc1nnc(CNC(=O)c2ccccc2)nc1C.[Fe+3],5.819546
TRZ01803,Cc1nnc(-c2nc(-c3ccc(C(F)(F)F)nc3)cc(-c3ccc(=O)[nH]c3)n2)nc1C,Fe3+,Cc1nnc(-c2nc(-c3ccc(C(F)(F)F)nc3)cc(-c3ccc(=O)[nH]c3)n2)nc1C.[Fe+3],5.8184366
TRZ04442,Cc1nnc(-c2c(F)ccc(O)c2O)nc1C,Fe3+,Cc1nnc(-c2c(F)ccc(O)c2O)nc1C.[Fe+3],5.8163304
TRZ00218,Cc1nnc(-c2cc(-c3ccccc3)n[nH]2)nc1C,Fe3+,Cc1nnc(-c2cc(-c3ccccc3)n[nH]2)nc1C.[Fe+3],5.8145566
TRZ02790,Cc1nnc(COc2ccc(Br)cc2CN2CCOCC2)nc1C,Fe3+,Cc1nnc(COc2ccc(Br)cc2CN2CCOCC2)nc1C.[Fe+3],5.814228
TRZ03099,Cc1nnc(-c2ccc(F)cc2O)nc1C,Fe3+,Cc1nnc(-c2ccc(F)cc2O)nc1C.[Fe+3],5.813432
TRZ00864,Cc1ccc(-c2cc(-c3nnc(C)c(C)n3)[nH]n2)cc1,Fe3+,Cc1ccc(-c2cc(-c3nnc(C)c(C)n3)[nH]n2)cc1.[Fe+3],5.8098927
TRZ00254,Cc1nnc(-c2cc3ccccc3cc2NS(=O)(=O)c2ccccc2)nc1C,Fe3+,Cc1nnc(-c2cc3ccccc3cc2NS(=O)(=O)c2ccccc2)nc1C.[Fe+3],5.804521
TRZ00578,Cc1nnc(/C=C2/Nc3ccc(Br)cc3NC2=O)nc1C,Fe3+,Cc1nnc(/C=C2/Nc3ccc(Br)cc3NC2=O)nc1C.[Fe+3],5.803026
TRZ05110,Cc1nnc(-c2cc(-c3ccc(F)c(F)c3)c(=O)n(C)c2)nc1C,Fe3+,Cc1nnc(-c2cc(-c3ccc(F)c(F)c3)c(=O)n(C)c2)nc1C.[Fe+3],5.7993164
TRZ03369,Cc1ccc(NC(=O)c2cc(C(F)(F)F)nn2-c2ncccc2Cl)c(-c2nnc(C)c(C)n2)c1,Fe3+,Cc1ccc(NC(=O)c2cc(C(F)(F)F)nn2-c2ncccc2Cl)c(-c2nnc(C)c(C)n2)c1.[Fe+3],5.797257
TRZ03209,Cc1nnc(-c2c(Cc3ccc(I)cc3F)n(C)c(=O)n(C)c2=O)nc1C,Fe3+,Cc1nnc(-c2c(Cc3ccc(I)cc3F)n(C)c(=O)n(C)c2=O)nc1C.[Fe+3],5.7922735
TRZ02497,Cc1nnc(-c2ccc(OCc3ccccc3)cc2O)nc1C,Fe3+,Cc1nnc(-c2ccc(OCc3ccccc3)cc2O)nc1C.[Fe+3],5.78983
TRZ02163,Cc1cc(-c2nnc(C)c(C)n2)n(Cc2ccc(Cl)cc2)n1,Fe3+,Cc1cc(-c2nnc(C)c(C)n2)n(Cc2ccc(Cl)cc2)n1.[Fe+3],5.787312
TRZ01038,Cc1nnc(-c2nc(-c3ccc(C(F)(F)F)nc3)cc(-c3cccc(O)c3)n2)nc1C,Fe3+,Cc1nnc(-c2nc(-c3ccc(C(F)(F)F)nc3)cc(-c3cccc(O)c3)n2)nc1C.[Fe+3],5.7837768
TRZ03991,Cc1nnc([C@]23CCC(c4ncccc4F)C[C@@H]2NC3=S)nc1C,Fe3+,Cc1nnc([C@]23CCC(c4ncccc4F)C[C@@H]2NC3=S)nc1C.[Fe+3],5.782919
TRZ01821,Cc1nnc(-c2c[nH]c3c([N+](=O)[O-])cc(C(F)(F)F)cc3c2=O)nc1C,Fe3+,Cc1nnc(-c2c[nH]c3c([N+](=O)[O-])cc(C(F)(F)F)cc3c2=O)nc1C.[Fe+3],5.78146
TRZ04852,Cc1nnc(CCn2c(=O)n(Cc3ccccc3F)c(=O)c3[nH]cnc32)nc1C,Fe3+,Cc1nnc(CCn2c(=O)n(Cc3ccccc3F)c(=O)c3[nH]cnc32)nc1C.[Fe+3],5.7775054
TRZ04971,Cc1nnc(C(=N)c2ccc(F)cc2NCc2ccc(Cl)cc2Cl)nc1C,Fe3+,Cc1nnc(C(=N)c2ccc(F)cc2NCc2ccc(Cl)cc2Cl)nc1C.[Fe+3],5.7612243
TRZ03036,Cc1nnc(-c2c(Nc3ccc(I)cc3F)n(C)c(=O)n(C)c2=O)nc1C,Fe3+,Cc1nnc(-c2c(Nc3ccc(I)cc3F)n(C)c(=O)n(C)c2=O)nc1C.[Fe+3],5.7554765
TRZ01402,Cc1nnc(CC2Oc3ccccc3NC2=O)nc1C,Fe3+,Cc1nnc(CC2Oc3ccccc3NC2=O)nc1C.[Fe+3],5.753516
TRZ03524,Cc1nnc(CNc2ccc(F)c(Br)c2)nc1C,Fe3+,Cc1nnc(CNc2ccc(F)c(Br)c2)nc1C.[Fe+3],5.7530756
TRZ01030,COCCNc1ccc(-c2cc(-c3cccc(OC(F)F)c3)nc(-c3nnc(C)c(C)n3)n2)cn1,Fe3+,COCCNc1ccc(-c2cc(-c3cccc(OC(F)F)c3)nc(-c3nnc(C)c(C)n3)n2)cn1.[Fe+3],5.752888
TRZ00896,COc1ccccc1NC(=O)N[C@@H](Cc1c[nH]c2ccccc12)c1nnc(C)c(C)n1,Fe3+,COc1ccccc1NC(=O)N[C@@H](Cc1c[nH]c2ccccc12)c1nnc(C)c(C)n1.[Fe+3],5.7510777
TRZ02632,Cc1nnc(CNc2cccc3ccccc23)nc1C,Fe3+,Cc1nnc(CNc2cccc3ccccc23)nc1C.[Fe+3],5.7497616
TRZ02976,Cc1nnc(-c2cncc(-c3c(F)cccc3F)c2)nc1C,Fe3+,Cc1nnc(-c2cncc(-c3c(F)cccc3F)c2)nc1C.[Fe+3],5.7487516
TRZ01244,COc1ccccc1NC(=O)Cc1nnc(C)c(C)n1,Fe3+,COc1ccccc1NC(=O)Cc1nnc(C)c(C)n1.[Fe+3],5.748393
TRZ01327,Cc1nnc(Cn2c(C)nc3c(Cl)cc(Cl)cc3c2=O)nc1C,Fe3+,Cc1nnc(Cn2c(C)nc3c(Cl)cc(Cl)cc3c2=O)nc1C.[Fe+3],5.747086
TRZ05030,Cc1nnc(-c2cc(C(F)(F)F)ccc2N)nc1C,Fe3+,Cc1nnc(-c2cc(C(F)(F)F)ccc2N)nc1C.[Fe+3],5.745322
TRZ01457,Cc1ccc(-n2ncc(-c3nnc(C)c(C)n3)c2C)cc1,Fe3+,Cc1ccc(-n2ncc(-c3nnc(C)c(C)n3)c2C)cc1.[Fe+3],5.7450037
TRZ04182,CCC1(S(=O)(=O)c2cccc(C(F)(F)F)c2)CCOC(c2nnc(C)c(C)n2)C1,Fe3+,CCC1(S(=O)(=O)c2cccc(C(F)(F)F)c2)CCOC(c2nnc(C)c(C)n2)C1.[Fe+3],5.740831
TRZ00949,Cc1nnc(/C(=C/c2cccs2)NC(=O)c2ccccc2Cl)nc1C,Fe3+,Cc1nnc(/C(=C/c2cccs2)NC(=O)c2ccccc2Cl)nc1C.[Fe+3],5.7368593
TRZ03351,Cc1nnc(-c2cnc3ccc(N4CCC[C@@H]4c4cccc(F)c4)nn23)nc1C,Fe3+,Cc1nnc(-c2cnc3ccc(N4CCC[C@@H]4c4cccc(F)c4)nn23)nc1C.[Fe+3],5.736465
TRZ01496,Cc1cc(N)c(-c2nnc(C)c(C)n2)cc1C,Fe3+,Cc1cc(N)c(-c2nnc(C)c(C)n2)cc1C.[Fe+3],5.736213
TRZ00857,Cc1nnc(CSc2ccccc2O)nc1C,Fe3+,Cc1nnc(CSc2ccccc2O)nc1C.[Fe+3],5.735768
TRZ00046,Cc1nnc(-c2cn3ccc4ccccc4c3n2)nc1C,Fe3+,Cc1nnc(-c2cn3ccc4ccccc4c3n2)nc1C.[Fe+3],5.7345066
TRZ01658,Cc1nnc(Cn2nc(N)c3c(C(F)(F)F)cc(-c4ccccc4)nc32)nc1C,Fe3+,Cc1nnc(Cn2nc(N)c3c(C(F)(F)F)cc(-c4ccccc4)nc32)nc1C.[Fe+3],5.734439
TRZ00799,CC(=O)N1CCN(c2ccc(CCc3ccc(Cc4nnc(C)c(C)n4)s3)nc2)CC1,Fe3+,CC(=O)N1CCN(c2ccc(CCc3ccc(Cc4nnc(C)c(C)n4)s3)nc2)CC1.[Fe+3],5.734368
TRZ03604,Cc1ccc(Nc2c(-c3nnc(C)c(C)n3)cc3[nH]cnc3c2F)c(C)c1,Fe3+,Cc1ccc(Nc2c(-c3nnc(C)c(C)n3)cc3[nH]cnc3c2F)c(C)c1.[Fe+3],5.7340107
TRZ01054,COCCNc1ccc(-c2cc(-c3cccc(F)c3)nc(-c3nnc(C)c(C)n3)n2)cn1,Fe3+,COCCNc1ccc(-c2cc(-c3cccc(F)c3)nc(-c3nnc(C)c(C)n3)n2)cn1.[Fe+3],5.733745
TRZ00159,Cc1nnc(CNC(=O)OCc2ccccc2)nc1C,Fe3+,Cc1nnc(CNC(=O)OCc2ccccc2)nc1C.[Fe+3],5.7327943
TRZ05531,Cc1nnc(-c2ncccc2Nc2ccc(C(F)(F)F)cc2)nc1C,Fe3+,Cc1nnc(-c2ncccc2Nc2ccc(C(F)(F)F)cc2)nc1C.[Fe+3],5.72832
TRZ01102,CCn1cc(-c2nnc(C)c(C)n2)c(=O)c2cc(Cl)ccc21,Fe3+,CCn1cc(-c2nnc(C)c(C)n2)c(=O)c2cc(Cl)ccc21.[Fe+3],5.723025
TRZ05782,Cc1ccnc(-c2[nH]c3c(F)cc(F)cc3c2-c2nnc(C)c(C)n2)c1,Fe3+,Cc1ccnc(-c2[nH]c3c(F)cc(F)cc3c2-c2nnc(C)c(C)n2)c1.[Fe+3],5.722866
TRZ05146,Cc1nnc(-c2cc(=O)c3cc(F)ccc3n2C2CCCCC2)nc1C,Fe3+,Cc1nnc(-c2cc(=O)c3cc(F)ccc3n2C2CCCCC2)nc1C.[Fe+3],5.722326
TRZ00888,Cc1nnc(CS(=O)(=O)Nc2ncccn2)nc1C,Fe3+,Cc1nnc(CS(=O)(=O)Nc2ncccn2)nc1C.[Fe+3],5.721942
TRZ02335,Cc1ccc(S(=O)(=O)Nc2ccccc2-c2nnc(C)c(C)n2)cc1,Fe3+,Cc1ccc(S(=O)(=O)Nc2ccccc2-c2nnc(C)c(C)n2)cc1.[Fe+3],5.7207007
TRZ05485,Cc1nnc(-c2cnn3ccc(N4CCCC4c4cc(F)ccc4F)nc23)nc1C,Fe3+,Cc1nnc(-c2cnn3ccc(N4CCCC4c4cc(F)ccc4F)nc23)nc1C.[Fe+3],5.717477
TRZ02977,Cc1nnc(-c2ccccc2N(C(N)=O)c2cccc(C(F)(F)F)c2)nc1C,Fe3+,Cc1nnc(-c2ccccc2N(C(N)=O)c2cccc(C(F)(F)F)c2)nc1C.[Fe+3],5.717243
TRZ03639,Cc1nnc(-c2cc3c(N)cnnc3c(F)c2Nc2ccc(Br)cc2F)nc1C,Fe3+,Cc1nnc(-c2cc3c(N)cnnc3c(F)c2Nc2ccc(Br)cc2F)nc1C.[Fe+3],5.715892
TRZ01934,Cc1nnc(Cn2c3ccccc3c(=O)c3ccccc32)nc1C,Fe3+,Cc1nnc(Cn2c3ccccc3c(=O)c3ccccc32)nc1C.[Fe+3],5.7111855
TRZ05787,Cc1nnc(-c2c(-c3ccc(Cl)cn3)[nH]c3c(F)cc(F)cc23)nc1C,Fe3+,Cc1nnc(-c2c(-c3ccc(Cl)cn3)[nH]c3c(F)cc(F)cc23)nc1C.[Fe+3],5.710089
TRZ03244,Cc1cc(Cl)ccc1Nc1c(-c2nnc(C)c(C)n2)cc2[nH]cnc2c1F,Fe3+,Cc1cc(Cl)ccc1Nc1c(-c2nnc(C)c(C)n2)cc2[nH]cnc2c1F.[Fe+3],5.709126
TRZ05301,Cc1nnc(C2(C)CCCN(C(=O)c3ccccc3Nc3ccc(C(F)(F)F)cc3)C2=O)nc1C,Fe3+,Cc1nnc(C2(C)CCCN(C(=O)c3ccccc3Nc3ccc(C(F)(F)F)cc3)C2=O)nc1C.[Fe+3],5.708752
TRZ01992,Cc1nnc(CNC(=O)c2cccc3ccccc23)nc1C,Fe3+,Cc1nnc(CNC(=O)c2cccc3ccccc23)nc1C.[Fe+3],5.708434
TRZ05097,Cc1cc(F)c(C(=O)Nc2cccc(-c3nnc(C)c(C)n3)n2)cc1-n1cnc(C2CC2)c1,Fe3+,Cc1cc(F)c(C(=O)Nc2cccc(-c3nnc(C)c(C)n3)n2)cc1-n1cnc(C2CC2)c1.[Fe+3],5.7080207
TRZ05526,Cc1nnc(-c2c(Nc3ccc(C(F)(F)F)cc3)nn3ccccc23)nc1C,Fe3+,Cc1nnc(-c2c(Nc3ccc(C(F)(F)F)cc3)nn3ccccc23)nc1C.[Fe+3],5.7062297
TRZ00310,CCCn1c(=O)c2[nH]c(-c3ccc(OCc4nnc(C)c(C)n4)cc3)nc2n(CCC)c1=O,Fe3+,CCCn1c(=O)c2[nH]c(-c3ccc(OCc4nnc(C)c(C)n4)cc3)nc2n(CCC)c1=O.[Fe+3],5.706187
TRZ02062,Cc1nnc(CSc2nc3ccccc3c(=O)n2N)nc1C,Fe3+,Cc1nnc(CSc2nc3ccccc3c(=O)n2N)nc1C.[Fe+3],5.705685
TRZ03925,Cc1nnc(-c2cnc3ccc(N4CCCC4c4cccc(F)c4)nn23)nc1C,Fe3+,Cc1nnc(-c2cnc3ccc(N4CCCC4c4cccc(F)c4)nn23)nc1C.[Fe+3],5.7054286
TRZ00401,CC(=O)NC(Cc1ccc(O)cc1)c1nnc(C)c(C)n1,Fe3+,CC(=O)NC(Cc1ccc(O)cc1)c1nnc(C)c(C)n1.[Fe+3],5.7009997
TRZ01936,Cc1ccc(NC(=O)Cc2nnc(C)c(C)n2)cc1,Fe3+,Cc1ccc(NC(=O)Cc2nnc(C)c(C)n2)cc1.[Fe+3],5.6988053
TRZ00576,Cc1nnc(-c2nc(-c3ccc(O)cc3)cc(N3Cc4ccccc4C3)n2)nc1C,Fe3+,Cc1nnc(-c2nc(-c3ccc(O)cc3)cc(N3Cc4ccccc4C3)n2)nc1C.[Fe+3],5.6979227
TRZ05739,COc1nc(OC(F)F)ccc1-c1cncc(-c2nnc(C)c(C)n2)n1,Fe3+,COc1nc(OC(F)F)ccc1-c1cncc(-c2nnc(C)c(C)n2)n1.[Fe+3],5.697795
TRZ05783,Cc1cc(F)c2[nH]c(-c3ccc(F)cc3)c(-c3nnc(C)c(C)n3)c2c1,Fe3+,Cc1cc(F)c2[nH]c(-c3ccc(F)cc3)c(-c3nnc(C)c(C)n3)c2c1.[Fe+3],5.6952453
TRZ03709,Cc1nnc(-c2nc(-c3ccccn3)nn2Cc2ccccc2F)nc1C,Fe3+,Cc1nnc(-c2nc(-c3ccccn3)nn2Cc2ccccc2F)nc1C.[Fe+3],5.6898804
TRZ01401,COc1ccccc1-n1ncc(-c2nnc(C)c(C)n2)c1C,Fe3+,COc1ccccc1-n1ncc(-c2nnc(C)c(C)n2)c1C.[Fe+3],5.687339
TRZ02154,Cc1ccccc1-n1c(SCc2nnc(C)c(C)n2)nc2ccccc2c1=O,Fe3+,Cc1ccccc1-n1c(SCc2nnc(C)c(C)n2)nc2ccccc2c1=O.[Fe+3],5.6856813
TRZ04437,Cc1nnc(CC(=O)Nc2cccc(F)c2)nc1C,Fe3+,Cc1nnc(CC(=O)Nc2cccc(F)c2)nc1C.[Fe+3],5.6854415
TRZ02816,Cc1nnc(Cn2nnc(-c3ccccc3C(F)(F)F)n2)nc1C,Fe3+,Cc1nnc(Cn2nnc(-c3ccccc3C(F)(F)F)n2)nc1C.[Fe+3],5.683503
TRZ04241,Cc1ccc(-c2nnc(C)c(C)n2)c(NC(=O)c2cn(-c3ncccc3Cl)nc2C(F)(F)F)c1,Fe3+,Cc1ccc(-c2nnc(C)c(C)n2)c(NC(=O)c2cn(-c3ncccc3Cl)nc2C(F)(F)F)c1.[Fe+3],5.682572
TRZ01348,Cc1nnc(CSc2cc(Oc3ccccc3)ncn2)nc1C,Fe3+,Cc1nnc(CSc2cc(Oc3ccccc3)ncn2)nc1C.[Fe+3],5.681651
TRZ01997,Cc1nnc(-c2cc(Br)c[nH]2)nc1C,Fe3+,Cc1nnc(-c2cc(Br)c[nH]2)nc1C.[Fe+3],5.6803575
TRZ05031,Cc1nnc(-c2cccc(C(F)(F)F)c2N)nc1C,Fe3+,Cc1nnc(-c2cccc(C(F)(F)F)c2N)nc1C.[Fe+3],5.6794515
TRZ02227,Cc1nnc(-c2[nH]c3cc(F)ccc3c2C)nc1C,Fe3+,Cc1nnc(-c2[nH]c3cc(F)ccc3c2C)nc1C.[Fe+3],5.6792226
TRZ00313,COc1ccc(-c2cc(-c3nnc(C)c(C)n3)[nH]n2)cc1,Fe3+,COc1ccc(-c2cc(-c3nnc(C)c(C)n3)[nH]n2)cc1.[Fe+3],5.676387
TRZ02772,Cc1nnc(-c2cnc3ncccc3c2)nc1C,Fe3+,Cc1nnc(-c2cnc3ncccc3c2)nc1C.[Fe+3],5.675537
TRZ00489,CCC(CC)C(=O)c1c[nH]c(-c2nnc(C)c(C)n2)c1,Fe3+,CCC(CC)C(=O)c1c[nH]c(-c2nnc(C)c(C)n2)c1.[Fe+3],5.6719036
TRZ02159,Cc1nnc(-c2cc(-c3ccc(OCc4ccc(Cl)cc4)cc3)n[nH]2)nc1C,Fe3+,Cc1nnc(-c2cc(-c3ccc(OCc4ccc(Cl)cc4)cc3)n[nH]2)nc1C.[Fe+3],5.6707354
TRZ02138,Cc1nnc(Cc2csc(C(C)(C)C)n2)nc1C,Fe3+,Cc1nnc(Cc2csc(C(C)(C)C)n2)nc1C.[Fe+3],5.669941
TRZ03088,COC=C(c1nnc(C)c(C)n1)c1ccccc1C(=NOC(C)=O)c1cccc(C(F)(F)F)c1,Fe3+,COC=C(c1nnc(C)c(C)n1)c1ccccc1C(=NOC(C)=O)c1cccc(C(F)(F)F)c1.[Fe+3],5.669743
TRZ02173,Cc1ccc(-n2c(SCc3nnc(C)c(C)n3)nnc2-c2ccncc2)cc1,Fe3+,Cc1ccc(-n2c(SCc3nnc(C)c(C)n3)nnc2-c2ccncc2)cc1.[Fe+3],5.6696286
TRZ02765,Cc1nnc(Cn2c(=O)cc(C)n(C3CSC3)c2=O)nc1C,Fe3+,Cc1nnc(Cn2c(=O)cc(C)n(C3CSC3)c2=O)nc1C.[Fe+3],5.6684213
TRZ00275,Cc1cc(Br)c(OCc2nnc(C)c(C)n2)c2c1CCC2,Fe3+,Cc1cc(Br)c(OCc2nnc(C)c(C)n2)c2c1CCC2.[Fe+3],5.6666284
TRZ04969,Cc1nnc(C(=N)c2ccc(Cl)cc2NCc2ccc(F)cc2Cl)nc1C,Fe3+,Cc1nnc(C(=N)c2ccc(Cl)cc2NCc2ccc(F)cc2Cl)nc1C.[Fe+3],5.6651587
TRZ02265,Cc1cccc(NCc2nnc(C)c(C)n2)c1C,Fe3+,Cc1cccc(NCc2nnc(C)c(C)n2)c1C.[Fe+3],5.6623583
TRZ05111,Cc1nnc(-c2cn(C)c(=O)cc2-c2cccc(F)c2)nc1C,Fe3+,Cc1nnc(-c2cn(C)c(=O)cc2-c2cccc(F)c2)nc1C.[Fe+3],5.660021
TRZ00283,Cc1nnc(CC2NCCN(Cc3ccccc3)C2=O)nc1C,Fe3+,Cc1nnc(CC2NCCN(Cc3ccccc3)C2=O)nc1C.[Fe+3],5.659198
TRZ01460,Cc1nnc(-c2cnn(C)c2)nc1C,Fe3+,Cc1nnc(-c2cnn(C)c2)nc1C.[Fe+3],5.6563864
TRZ00426,Cc1nnc(CNc2ccccc2F)nc1C,Fe3+,Cc1nnc(CNc2ccccc2F)nc1C.[Fe+3],5.6518717
TRZ02162,Cc1nnc(-c2cnn(-c3cccc(Cl)c3)c2C)nc1C,Fe3+,Cc1nnc(-c2cnn(-c3cccc(Cl)c3)c2C)nc1C.[Fe+3],5.650776
TRZ02059,Cc1nnc(CC(=O)Nc2cccc(Cl)c2)nc1C,Fe3+,Cc1nnc(CC(=O)Nc2cccc(Cl)c2)nc1C.[Fe+3],5.6492567
TRZ02301,Cc1cc(I)ccc1NCc1nnc(C)c(C)n1,Fe3+,Cc1cc(I)ccc1NCc1nnc(C)c(C)n1.[Fe+3],5.6488113
TRZ00321,CC1=Nc2ccc(Br)cc2C(c2ccccc2)N1Cc1nnc(C)c(C)n1,Fe3+,CC1=Nc2ccc(Br)cc2C(c2ccccc2)N1Cc1nnc(C)c(C)n1.[Fe+3],5.647667
TRZ00769,Cc1nnc(-c2cc(C(C)(C)C)[nH]n2)nc1C,Fe3+,Cc1nnc(-c2cc(C(C)(C)C)[nH]n2)nc1C.[Fe+3],5.6476545
TRZ00108,Cc1nnc(-c2nc[nH]c2C(=O)Nc2ccccn2)nc1C,Fe3+,Cc1nnc(-c2nc[nH]c2C(=O)Nc2ccccn2)nc1C.[Fe+3],5.6475496
TRZ02836,Cc1nnc(C2CCCN(Cc3ccccc3F)C2)nc1C,Fe3+,Cc1nnc(C2CCCN(Cc3ccccc3F)C2)nc1C.[Fe+3],5.6467185
TRZ04181,Cc1nnc(C2CC(C)(S(=O)(=O)c3cccc(C(F)(F)F)c3)CCO2)nc1C,Fe3+,Cc1nnc(C2CC(C)(S(=O)(=O)c3cccc(C(F)(F)F)c3)CCO2)nc1C.[Fe+3],5.6453123
TRZ02377,Cc1nnc(CSc2ccnc3cc(Cl)ccc23)nc1C,Fe3+,Cc1nnc(CSc2ccnc3cc(Cl)ccc23)nc1C.[Fe+3],5.645286
TRZ02995,Cc1nnc(C2=Nc3ccccc3C(c3ccccc3F)=NC2)nc1C,Fe3+,Cc1nnc(C2=Nc3ccccc3C(c3ccccc3F)=NC2)nc1C.[Fe+3],5.643881
TRZ05299,Cc1nnc(-c2nccnc2Nc2ccc(C(F)(F)F)cc2)nc1C,Fe3+,Cc1nnc(-c2nccnc2Nc2ccc(C(F)(F)F)cc2)nc1C.[Fe+3],5.6431966
TRZ02848,Cc1ccc2nc(SCc3nnc(C)c(C)n3)n(Cc3ccccc3)c(=O)c2c1,Fe3+,Cc1ccc2nc(SCc3nnc(C)c(C)n3)n(Cc3ccccc3)c(=O)c2c1.[Fe+3],5.643091
TRZ01364,Cc1nnc(COc2ccc(C(=O)c3cc4cccnc4nc3-c3ccccc3)cc2)nc1C,Fe3+,Cc1nnc(COc2ccc(C(=O)c3cc4cccnc4nc3-c3ccccc3)cc2)nc1C.[Fe+3],5.643073
TRZ02131,Cc1nnc(-c2cc(-c3ccc4c(c3)OCO4)n[nH]2)nc1C,Fe3+,Cc1nnc(-c2cc(-c3ccc4c(c3)OCO4)n[nH]2)nc1C.[Fe+3],5.642564
TRZ02510,COc1cccc2c(=O)c(-c3nnc(C)c(C)n3)c[nH]c12,Fe3+,COc1cccc2c(=O)c(-c3nnc(C)c(C)n3)c[nH]c12.[Fe+3],5.6420593
TRZ01280,CC(=O)NC(c1nnc(C)c(C)n1)C(C)Cc1ccccc1,Fe3+,CC(=O)NC(c1nnc(C)c(C)n1)C(C)Cc1ccccc1.[Fe+3],5.6415377
TRZ01661,C#CCn1cc(-c2nnc(C)c(C)n2)c(=O)c2ccc(C(F)(F)F)cc21,Fe3+,C#CCn1cc(-c2nnc(C)c(C)n2)c(=O)c2ccc(C(F)(F)F)cc21.[Fe+3],5.640153
TRZ02112,Cc1nnc(Cn2cnc3c2c(=O)[nH]c(=O)n3C)nc1C,Fe3+,Cc1nnc(Cn2cnc3c2c(=O)[nH]c(=O)n3C)nc1C.[Fe+3],5.6383395
TRZ01570,Cc1nnc(-c2cc3c([nH]c4ccccc43)c(-c3ccsc3)n2)nc1C,Fe3+,Cc1nnc(-c2cc3c([nH]c4ccccc43)c(-c3ccsc3)n2)nc1C.[Fe+3],5.637562
TRZ05236,Cc1nnc(-c2ncc(C(F)F)cc2-c2cnc(C3CC3)nc2)nc1C,Fe3+,Cc1nnc(-c2ncc(C(F)F)cc2-c2cnc(C3CC3)nc2)nc1C.[Fe+3],5.6375246
TRZ04629,Cc1nnc(-c2cc(-c3c[nH]c4ccccc34)nn2Cc2cccc(F)c2)nc1C,Fe3+,Cc1nnc(-c2cc(-c3c[nH]c4ccccc34)nn2Cc2cccc(F)c2)nc1C.[Fe+3],5.634959
TRZ03571,Cc1nnc([C@H]2C[C@]3(NC(=O)NC3=O)c3cc(F)ccc3O2)nc1C,Fe3+,Cc1nnc([C@H]2C[C@]3(NC(=O)NC3=O)c3cc(F)ccc3O2)nc1C.[Fe+3],5.6326523
TRZ00633,Cc1nnc(Cn2nc3n(c2=O)-c2ccccc2SC3)nc1C,Fe3+,Cc1nnc(Cn2nc3n(c2=O)-c2ccccc2SC3)nc1C.[Fe+3],5.63208
TRZ01522,Cc1nnc(Cn2nnc(-c3cc(C(F)(F)F)cc(C(F)(F)F)c3)n2)nc1C,Fe3+,Cc1nnc(Cn2nnc(-c3cc(C(F)(F)F)cc(C(F)(F)F)c3)n2)nc1C.[Fe+3],5.6296787
TRZ04138,Cc1nnc(-c2cnc3c(c2)c2ccccc2n3CCCF)nc1C,Fe3+,Cc1nnc(-c2cnc3c(c2)c2ccccc2n3CCCF)nc1C.[Fe+3],5.629236
TRZ05541,Cc1nnc(-c2nccnc2Nc2ccc(OC(F)(F)Cl)cc2)nc1C,Fe3+,Cc1nnc(-c2nccnc2Nc2ccc(OC(F)(F)Cl)cc2)nc1C.[Fe+3],5.625547
TRZ01961,Cc1nnc(C(CC(C)C)NC(=O)OCc2ccccc2)nc1C,Fe3+,Cc1nnc(C(CC(C)C)NC(=O)OCc2ccccc2)nc1C.[Fe+3],5.6248612
TRZ02375,Cc1ccc(-c2nnn(Cc3nnc(C)c(C)n3)n2)cc1Cl,Fe3+,Cc1ccc(-c2nnn(Cc3nnc(C)c(C)n3)n2)cc1Cl.[Fe+3],5.6228347
TRZ03928,Cc1nnc(-c2ccc(N3CCC(Oc4ccccc4C(F)(F)F)C3)nn2)nc1C,Fe3+,Cc1nnc(-c2ccc(N3CCC(Oc4ccccc4C(F)(F)F)C3)nn2)nc1C.[Fe+3],5.621191
TRZ05375,Cc1nnc(-c2cnn(CC(F)(F)F)c2)nc1C,Fe3+,Cc1nnc(-c2cnn(CC(F)(F)F)c2)nc1C.[Fe+3],5.6196666
TRZ02966,Cc1nnc(-c2cccnc2Nc2cccc(C(F)(F)F)c2)nc1C,Fe3+,Cc1nnc(-c2cccnc2Nc2cccc(C(F)(F)F)c2)nc1C.[Fe+3],5.618328
TRZ02194,Cc1nnc(C2CC(=O)N(c3ccc(F)cc3)C2)nc1C,Fe3+,Cc1nnc(C2CC(=O)N(c3ccc(F)cc3)C2)nc1C.[Fe+3],5.61777
TRZ00591,Cc1nnc(CC(=O)Nc2ccc(C(=O)O)cc2)nc1C,Fe3+,Cc1nnc(CC(=O)Nc2ccc(C(=O)O)cc2)nc1C.[Fe+3],5.6135383
TRZ02751,Cc1nnc(C2Oc3ccccc3NC2=O)nc1C,Fe3+,Cc1nnc(C2Oc3ccccc3NC2=O)nc1C.[Fe+3],5.6093388
TRZ03815,Cc1nnc(-c2ccc(C(C)C(O)(Cn3cncn3)c3ccc(F)cc3F)cn2)nc1C,Fe3+,Cc1nnc(-c2ccc(C(C)C(O)(Cn3cncn3)c3ccc(F)cc3F)cn2)nc1C.[Fe+3],5.606872
TRZ01990,Cc1nnc(-c2cc(N)c(=O)[nH]n2)nc1C,Fe3+,Cc1nnc(-c2cc(N)c(=O)[nH]n2)nc1C.[Fe+3],5.605501
TRZ02884,Cc1nnc(-c2ccccc2Oc2ccccc2F)nc1C,Fe3+,Cc1nnc(-c2ccccc2Oc2ccccc2F)nc1C.[Fe+3],5.6034727
TRZ01711,Cc1nnc([C@H](NC(=O)CCCCc2ccccc2)c2nn[nH]n2)nc1C,Fe3+,Cc1nnc([C@H](NC(=O)CCCCc2ccccc2)c2nn[nH]n2)nc1C.[Fe+3],5.6018667
TRZ05555,Cc1nnc(CNc2nc(N3CCOCC3)nn3c(C(F)(F)F)cnc23)nc1C,Fe3+,Cc1nnc(CNc2nc(N3CCOCC3)nn3c(C(F)(F)F)cnc23)nc1C.[Fe+3],5.6017914
TRZ05859,Cc1nnc(Cc2nc(C(F)(F)F)nc(-c3ccncc3)c2-c2ccc(F)cc2)nc1C,Fe3+,Cc1nnc(Cc2nc(C(F)(F)F)nc(-c3ccncc3)c2-c2ccc(F)cc2)nc1C.[Fe+3],5.5954146
TRZ02051,Cc1nnc(CNC(=O)c2ccc(Cl)cc2Cl)nc1C,Fe3+,Cc1nnc(CNC(=O)c2ccc(Cl)cc2Cl)nc1C.[Fe+3],5.5889826
TRZ04706,Cc1nnc(C(O)c2ccccc2F)nc1C,Fe3+,Cc1nnc(C(O)c2ccccc2F)nc1C.[Fe+3],5.588805
TRZ01697,Cc1nnc(-c2n[nH]c(=O)c3nc(-c4ccccc4)ncc23)nc1C,Fe3+,Cc1nnc(-c2n[nH]c(=O)c3nc(-c4ccccc4)ncc23)nc1C.[Fe+3],5.5869174
TRZ00535,Cc1nnc(COc2ccc(-c3cc4ccccc4[nH]3)cc2)nc1C,Fe3+,Cc1nnc(COc2ccc(-c3cc4ccccc4[nH]3)cc2)nc1C.[Fe+3],5.586633
TRZ01065,Cc1nnc(-c2nc(-c3ccccc3)cc(N3CCc4cccnc4C3)n2)nc1C,Fe3+,Cc1nnc(-c2nc(-c3ccccc3)cc(N3CCc4cccnc4C3)n2)nc1C.[Fe+3],5.58593
TRZ00652,CSc1ccc(/C=C(\NC(=O)c2ccc(C)cc2)c2nnc(C)c(C)n2)cc1,Fe3+,CSc1ccc(/C=C(\NC(=O)c2ccc(C)cc2)c2nnc(C)c(C)n2)cc1.[Fe+3],5.5858045
TRZ05768,Cc1nnc(-c2cnc(NCCc3ccc(F)cc3)nc2)nc1C,Fe3+,Cc1nnc(-c2cnc(NCCc3ccc(F)cc3)nc2)nc1C.[Fe+3],5.584868
TRZ01628,COc1ccc(/C=C/C(C)=N/OC(C)c2nnc(C)c(C)n2)cc1,Fe3+,COc1ccc(/C=C/C(C)=N/OC(C)c2nnc(C)c(C)n2)cc1.[Fe+3],5.582897
TRZ00320,Cc1nnc(/C(=C\c2cccs2)NC(=O)c2ccccc2)nc1C,Fe3+,Cc1nnc(/C(=C\c2cccs2)NC(=O)c2ccccc2)nc1C.[Fe+3],5.582788
TRZ04282,Cc1nnc(-c2ccc(C(F)(F)F)cc2N2CCOCC2)nc1C,Fe3+,Cc1nnc(-c2ccc(C(F)(F)F)cc2N2CCOCC2)nc1C.[Fe+3],5.581991
TRZ05210,Cc1nnc(-c2cncc(-c3ccc(F)cc3)n2)nc1C,Fe3+,Cc1nnc(-c2cncc(-c3ccc(F)cc3)n2)nc1C.[Fe+3],5.580656
TRZ02997,Cc1nnc(C2=Nc3cc(F)ccc3C(c3ccccc3Cl)=NC2C)nc1C,Fe3+,Cc1nnc(C2=Nc3cc(F)ccc3C(c3ccccc3Cl)=NC2C)nc1C.[Fe+3],5.5771627
TRZ03570,Cc1nnc([C@H]2C[C@@]3(NC(=O)NC3=O)c3cc(F)ccc3O2)nc1C,Fe3+,Cc1nnc([C@H]2C[C@@]3(NC(=O)NC3=O)c3cc(F)ccc3O2)nc1C.[Fe+3],5.576665
TRZ00977,Cc1nnc(-c2cn(COCCO)c3ccc(Cl)cc3c2=O)nc1C,Fe3+,Cc1nnc(-c2cn(COCCO)c3ccc(Cl)cc3c2=O)nc1C.[Fe+3],5.576474
TRZ05444,Cc1nnc(Cn2c(C)c(-c3ccc(Cl)cc3)n(C[C@H](O)C(F)(F)F)c2=O)nc1C,Fe3+,Cc1nnc(Cn2c(C)c(-c3ccc(Cl)cc3)n(C[C@H](O)C(F)(F)F)c2=O)nc1C.[Fe+3],5.5762577
TRZ03497,COC(CCO)(c1ccc(F)cc1)c1nnc(C)c(C)n1,Fe3+,COC(CCO)(c1ccc(F)cc1)c1nnc(C)c(C)n1.[Fe+3],5.5725055
TRZ05738,Cc1nnc(-c2cccc(-c3ccc(OC(F)F)nc3)n2)nc1C,Fe3+,Cc1nnc(-c2cccc(-c3ccc(OC(F)F)nc3)n2)nc1C.[Fe+3],5.5713396
TRZ02187,Cc1nnc(-c2ncsc2Br)nc1C,Fe3+,Cc1nnc(-c2ncsc2Br)nc1C.[Fe+3],5.5709286
TRZ01406,COc1ccc2ccccc2c1-c1cc(-c2nnc(C)c(C)n2)[nH]n1,Fe3+,COc1ccc2ccccc2c1-c1cc(-c2nnc(C)c(C)n2)[nH]n1.[Fe+3],5.5704856
TRZ03597,Cc1nnc(C(NC(=O)O)c2cccc(C(F)(F)F)c2)nc1C,Fe3+,Cc1nnc(C(NC(=O)O)c2cccc(C(F)(F)F)c2)nc1C.[Fe+3],5.5675817
TRZ00103,COc1ccc(-n2[nH]c(-c3nnc(C)c(C)n3)c3ccc4nncc4c32)cc1,Fe3+,COc1ccc(-n2[nH]c(-c3nnc(C)c(C)n3)c3ccc4nncc4c32)cc1.[Fe+3],5.561974
TRZ01000,Cc1nnc(-c2nc(N)nc(Nc3ccccc3)n2)nc1C,Fe3+,Cc1nnc(-c2nc(N)nc(Nc3ccccc3)n2)nc1C.[Fe+3],5.5617576
TRZ00913,Cc1nnc(CSc2c(-c3ccccc3)c3cc(Cl)ccc3[nH]c2=O)nc1C,Fe3+,Cc1nnc(CSc2c(-c3ccccc3)c3cc(Cl)ccc3[nH]c2=O)nc1C.[Fe+3],5.5518274
TRZ05931,Cc1nnc(-c2cc3nc(C(=O)c4cccc(F)c4)nc(N4CCOCC4)c3s2)nc1C,Fe3+,Cc1nnc(-c2cc3nc(C(=O)c4cccc(F)c4)nc(N4CCOCC4)c3s2)nc1C.[Fe+3],5.551296
TRZ04099,Cc1nnc(-c2cnc(OC(=O)C(F)(F)F)[nH]2)nc1C,Fe3+,Cc1nnc(-c2cnc(OC(=O)C(F)(F)F)[nH]2)nc1C.[Fe+3],5.5493345
TRZ01534,Cc1nnc(CNC(=O)c2c(F)cccc2F)nc1C,Fe3+,Cc1nnc(CNC(=O)c2c(F)cccc2F)nc1C.[Fe+3],5.5488505
TRZ00444,Cc1nnc(-c2ccccc2Oc2ccccc2)nc1C,Fe3+,Cc1nnc(-c2ccccc2Oc2ccccc2)nc1C.[Fe+3],5.5483932
TRZ05505,Cc1nnc(-c2cncc(-c3ccc(OC(F)(F)F)cc3)c2)nc1C,Fe3+,Cc1nnc(-c2cncc(-c3ccc(OC(F)(F)F)cc3)c2)nc1C.[Fe+3],5.547565
TRZ02189,COc1ccc(NC(=O)C(=O)O)cc1-c1nnc(C)c(C)n1,Fe3+,COc1ccc(NC(=O)C(=O)O)cc1-c1nnc(C)c(C)n1.[Fe+3],5.5456023
TRZ04454,Cc1nnc(-c2cc(-c3ccc(OC(F)(F)F)cc3)cc(NC(=O)C3CC3)n2)nc1C,Fe3+,Cc1nnc(-c2cc(-c3ccc(OC(F)(F)F)cc3)cc(NC(=O)C3CC3)n2)nc1C.[Fe+3],5.5425615
TRZ05493,Cc1nnc(-c2cncc(-c3ccc(C(F)F)cc3)n2)nc1C,Fe3+,Cc1nnc(-c2cncc(-c3ccc(C(F)F)cc3)n2)nc1C.[Fe+3],5.542127
TRZ02840,Cc1ccc(S(=O)(=O)N2C(=O)CCC2c2nnc(C)c(C)n2)cc1,Fe3+,Cc1ccc(S(=O)(=O)N2C(=O)CCC2c2nnc(C)c(C)n2)cc1.[Fe+3],5.541692
TRZ04845,COC(=O)[C@@H]1CN(CCc2nnc(C)c(C)n2)C[C@H]1c1ccc(F)cc1F,Fe3+,COC(=O)[C@@H]1CN(CCc2nnc(C)c(C)n2)C[C@H]1c1ccc(F)cc1F.[Fe+3],5.54138
TRZ05092,Cc1nnc(-c2cnn3ccc(N4CCC[C@@H]4c4cc(F)ccc4F)nc23)nc1C,Fe3+,Cc1nnc(-c2cnn3ccc(N4CCC[C@@H]4c4cc(F)ccc4F)nc23)nc1C.[Fe+3],5.54128
TRZ03563,Cc1nnc(-c2ncn3c2CN(C)C(=O)c2cc(F)ccc2-3)nc1C,Fe3+,Cc1nnc(-c2ncn3c2CN(C)C(=O)c2cc(F)ccc2-3)nc1C.[Fe+3],5.5408335
TRZ03705,Cc1nnc(C(=O)Nc2ccc(N3CCOCC3)c(F)c2)nc1C,Fe3+,Cc1nnc(C(=O)Nc2ccc(N3CCOCC3)c(F)c2)nc1C.[Fe+3],5.5402613
TRZ02428,Cc1nnc(CSCC(=O)Nc2ccc(C(C)(C)C)cc2)nc1C,Fe3+,Cc1nnc(CSCC(=O)Nc2ccc(C(C)(C)C)cc2)nc1C.[Fe+3],5.5351014
TRZ02089,Cc1nnc(C(=O)NCc2ccccc2F)nc1C,Fe3+,Cc1nnc(C(=O)NCc2ccccc2F)nc1C.[Fe+3],5.5303216
TRZ00972,COc1ccccc1OCC(O)Cn1nc(-c2ccc(Cl)cc2)cc1-c1nnc(C)c(C)n1,Fe3+,COc1ccccc1OCC(O)Cn1nc(-c2ccc(Cl)cc2)cc1-c1nnc(C)c(C)n1.[Fe+3],5.5300903
TRZ02649,Cc1nnc(COc2ccc3ccc(=O)oc3c2)nc1C,Fe3+,Cc1nnc(COc2ccc3ccc(=O)oc3c2)nc1C.[Fe+3],5.5283227
TRZ02631,Cc1nnc(Cc2ccn[nH]2)nc1C,Fe3+,Cc1nnc(Cc2ccn[nH]2)nc1C.[Fe+3],5.5268893
TRZ05819,Cc1nnc(C2[C@@H](C=O)CCCN2C(=O)c2ccc(F)cc2)nc1C,Fe3+,Cc1nnc(C2[C@@H](C=O)CCCN2C(=O)c2ccc(F)cc2)nc1C.[Fe+3],5.52357
TRZ03572,Cc1nnc([C@@H]2C[C@@]3(NC(=O)NC3=O)c3cc(F)ccc3O2)nc1C,Fe3+,Cc1nnc([C@@H]2C[C@@]3(NC(=O)NC3=O)c3cc(F)ccc3O2)nc1C.[Fe+3],5.522307
TRZ02166,Cc1nnc([C@@H](C)Oc2ccc(O)cc2)nc1C,Fe3+,Cc1nnc([C@@H](C)Oc2ccc(O)cc2)nc1C.[Fe+3],5.5156565
TRZ01506,Cc1nnc(Cn2cnc(-c3ccc(F)cc3)c2)nc1C,Fe3+,Cc1nnc(Cn2cnc(-c3ccc(F)cc3)c2)nc1C.[Fe+3],5.513479
TRZ00134,Cc1nnc(-c2[nH]c3ccc(Cl)cc3c2S(=O)(=O)c2ccc(F)cc2)nc1C,Fe3+,Cc1nnc(-c2[nH]c3ccc(Cl)cc3c2S(=O)(=O)c2ccc(F)cc2)nc1C.[Fe+3],5.506446
TRZ05256,Cc1nnc(Cn2ncc3ncc(-c4ccc(F)c(C(F)F)c4)cc32)nc1C,Fe3+,Cc1nnc(Cn2ncc3ncc(-c4ccc(F)c(C(F)F)c4)cc32)nc1C.[Fe+3],5.5037985
TRZ01715,Cc1nnc(C2=C(N)Nc3n[nH]c(C)c3C2c2ccc(N(C)C)cc2)nc1C,Fe3+,Cc1nnc(C2=C(N)Nc3n[nH]c(C)c3C2c2ccc(N(C)C)cc2)nc1C.[Fe+3],5.5021996
TRZ05495,COc1ccc(-c2cncc(-c3nnc(C)c(C)n3)n2)c(F)c1,Fe3+,COc1ccc(-c2cncc(-c3nnc(C)c(C)n3)n2)c(F)c1.[Fe+3],5.5011888
TRZ00135,Cc1nnc(-c2[nH]c3ccc(Cl)cc3c2S(=O)(=O)c2ccc(Cl)cc2)nc1C,Fe3+,Cc1nnc(-c2[nH]c3ccc(Cl)cc3c2S(=O)(=O)c2ccc(Cl)cc2)nc1C.[Fe+3],5.5007668
TRZ04713,Cc1nnc(-c2cccnc2Oc2cccc(C(F)(F)F)c2)nc1C,Fe3+,Cc1nnc(-c2cccnc2Oc2cccc(C(F)(F)F)c2)nc1C.[Fe+3],5.498797
TRZ00577,COCCNc1ccc(-c2cc(N3Cc4ccccc4C3)nc(-c3nnc(C)c(C)n3)n2)cn1,Fe3+,COCCNc1ccc(-c2cc(N3Cc4ccccc4C3)nc(-c3nnc(C)c(C)n3)n2)cn1.[Fe+3],5.4980726
TRZ02589,Cc1nnc(Cn2ncc3ccccc32)nc1C,Fe3+,Cc1nnc(Cn2ncc3ccccc32)nc1C.[Fe+3],5.497944
TRZ01950,Cc1nnc(C(C)NC(=O)c2ccccc2)nc1C,Fe3+,Cc1nnc(C(C)NC(=O)c2ccccc2)nc1C.[Fe+3],5.496401
TRZ01505,Cc1nnc(-c2cc(-c3ccccc3)n(-c3ccccc3)n2)nc1C,Fe3+,Cc1nnc(-c2cc(-c3ccccc3)n(-c3ccccc3)n2)nc1C.[Fe+3],5.495168
TRZ00292,Cc1nnc(-c2cc(C34CC5CC(CC(C5)C3)C4)[nH]n2)nc1C,Fe3+,Cc1nnc(-c2cc(C34CC5CC(CC(C5)C3)C4)[nH]n2)nc1C.[Fe+3],5.4943414
TRZ03473,Cc1nnc(-c2nn(Cc3ccc(Cl)cc3F)c3cc(N(C)C)ccc23)nc1C,Fe3+,Cc1nnc(-c2nn(Cc3ccc(Cl)cc3F)c3cc(N(C)C)ccc23)nc1C.[Fe+3],5.4911227
TRZ02393,Cc1nnc(Cn2nnc(-c3cccs3)n2)nc1C,Fe3+,Cc1nnc(Cn2nnc(-c3cccs3)n2)nc1C.[Fe+3],5.4909964
TRZ03261,Cc1nnc(-c2nn(Cc3ccccc3F)c3ncccc23)nc1C,Fe3+,Cc1nnc(-c2nn(Cc3ccccc3F)c3ncccc23)nc1C.[Fe+3],5.4909286
TRZ02339,COc1ccc(-c2c(C)oc3cc(OCc4nnc(C)c(C)n4)ccc3c2=O)cc1OC,Fe3+,COc1ccc(-c2c(C)oc3cc(OCc4nnc(C)c(C)n4)ccc3c2=O)cc1OC.[Fe+3],5.490494
TRZ03820,CCCN(C(=O)OC(C)(C)C)n1cc(-c2nnc(C)c(C)n2)c2cc(F)ccc21,Fe3+,CCCN(C(=O)OC(C)(C)C)n1cc(-c2nnc(C)c(C)n2)c2cc(F)ccc21.[Fe+3],5.4890594
TRZ04233,Cc1nnc(C(C)N=Cc2cc(F)cc(F)c2)nc1C,Fe3+,Cc1nnc(C(C)N=Cc2cc(F)cc(F)c2)nc1C.[Fe+3],5.487919
TRZ03642,CCNC(=O)Nc1cc2c(cn1)c1cncc(-c3nnc(C)c(C)n3)c1n1nc(C(F)(F)F)cc21,Fe3+,CCNC(=O)Nc1cc2c(cn1)c1cncc(-c3nnc(C)c(C)n3)c1n1nc(C(F)(F)F)cc21.[Fe+3],5.4876094
TRZ00589,Cc1nnc(C2C(O)CCC3CN4CCc5c([nH]c6ccccc56)C4CC32)nc1C,Fe3+,Cc1nnc(C2C(O)CCC3CN4CCc5c([nH]c6ccccc56)C4CC32)nc1C.[Fe+3],5.4871883
TRZ02439,Cc1ccc(N2CC(c3nnc(C)c(C)n3)CC2=O)cc1,Fe3+,Cc1ccc(N2CC(c3nnc(C)c(C)n3)CC2=O)cc1.[Fe+3],5.4868965
TRZ03839,Cc1ccc(Oc2cccc(-c3nnc(C)c(C)n3)n2)cc1C(F)(F)F,Fe3+,Cc1ccc(Oc2cccc(-c3nnc(C)c(C)n3)n2)cc1C(F)(F)F.[Fe+3],5.478537
TRZ00649,Cc1nnc(-c2[nH]c(-c3ccccc3)cc2-c2ccccc2)nc1C,Fe3+,Cc1nnc(-c2[nH]c(-c3ccccc3)cc2-c2ccccc2)nc1C.[Fe+3],5.478363
TRZ02700,Cc1nnc(-c2cccc(Br)n2)nc1C,Fe3+,Cc1nnc(-c2cccc(Br)n2)nc1C.[Fe+3],5.476567
TRZ00386,COc1ccc2c3c([nH]c2c1)C(C)N(CCc1nnc(C)c(C)n1)CC3,Fe3+,COc1ccc2c3c([nH]c2c1)C(C)N(CCc1nnc(C)c(C)n1)CC3.[Fe+3],5.474911
TRZ03734,Cc1nnc(-c2nn(Cc3ccc(F)cc3Cl)c3cc(S(C)(=O)=O)ccc23)nc1C,Fe3+,Cc1nnc(-c2nn(Cc3ccc(F)cc3Cl)c3cc(S(C)(=O)=O)ccc23)nc1C.[Fe+3],5.4737763
TRZ00493,Cc1nnc(/C(=C\c2ccc(Br)cc2)NC(=O)c2cccs2)nc1C,Fe3+,Cc1nnc(/C(=C\c2ccc(Br)cc2)NC(=O)c2cccs2)nc1C.[Fe+3],5.46598
TRZ00638,Cc1nnc(COc2ccc3oc4c(c3c2)CCCC4)nc1C,Fe3+,Cc1nnc(COc2ccc3oc4c(c3c2)CCCC4)nc1C.[Fe+3],5.465593
TRZ00434,Cc1nnc(-c2cccn2C)nc1C,Fe3+,Cc1nnc(-c2cccn2C)nc1C.[Fe+3],5.4629903
TRZ03505,COC(=O)C1CCC(Oc2ccc(NC(=O)c3nnc(C)c(C)n3)c(F)n2)CC1,Fe3+,COC(=O)C1CCC(Oc2ccc(NC(=O)c3nnc(C)c(C)n3)c(F)n2)CC1.[Fe+3],5.4628196
TRZ04624,Cc1nnc(-c2c(OC3CCN(C(=O)O)CC3)cccc2C(F)(F)F)nc1C,Fe3+,Cc1nnc(-c2c(OC3CCN(C(=O)O)CC3)cccc2C(F)(F)F)nc1C.[Fe+3],5.460834
TRZ05257,Cc1nnc(Cn2ncc3ncc(-c4cccc(C(F)(F)F)c4)cc32)nc1C,Fe3+,Cc1nnc(Cn2ncc3ncc(-c4cccc(C(F)(F)F)c4)cc32)nc1C.[Fe+3],5.4602876
TRZ00571,Cc1nnc(-c2nc(-c3ccc4ccncc4c3)cc(N3Cc4ccccc4C3)n2)nc1C,Fe3+,Cc1nnc(-c2nc(-c3ccc4ccncc4c3)cc(N3Cc4ccccc4C3)n2)nc1C.[Fe+3],5.458719
TRZ00640,Cc1nnc(CN2C(=O)Nc3ccc(Cl)cc3C2c2ccccc2)nc1C,Fe3+,Cc1nnc(CN2C(=O)Nc3ccc(Cl)cc3C2c2ccccc2)nc1C.[Fe+3],5.456331
TRZ03723,Cc1nnc(Cc2nc(C(F)(F)F)nc(-c3ccncc3)c2-c2ccccc2)nc1C,Fe3+,Cc1nnc(Cc2nc(C(F)(F)F)nc(-c3ccncc3)c2-c2ccccc2)nc1C.[Fe+3],5.4532914
TRZ03378,Cc1cccc(-c2nnc(C)c(C)n2)c1NC(=O)c1cc(C(F)(F)F)nn1-c1ncccc1Cl,Fe3+,Cc1cccc(-c2nnc(C)c(C)n2)c1NC(=O)c1cc(C(F)(F)F)nn1-c1ncccc1Cl.[Fe+3],5.4505816
TRZ00761,Cc1nnc(CNc2ccc(Cl)cc2)nc1C,Fe3+,Cc1nnc(CNc2ccc(Cl)cc2)nc1C.[Fe+3],5.450486
TRZ00156,Cc1nnc(-c2ccccc2-n2cccc2)nc1C,Fe3+,Cc1nnc(-c2ccccc2-n2cccc2)nc1C.[Fe+3],5.448607
TRZ02330,Cc1nnc(CSc2nnc(-c3ccc(Br)cc3)n2-c2ccccc2)nc1C,Fe3+,Cc1nnc(CSc2nnc(-c3ccc(Br)cc3)n2-c2ccccc2)nc1C.[Fe+3],5.4462285
TRZ05302,Cc1nnc(CNc2nc(N3CCOCC3)nc3c(C(F)(F)F)cnn23)nc1C,Fe3+,Cc1nnc(CNc2nc(N3CCOCC3)nc3c(C(F)(F)F)cnn23)nc1C.[Fe+3],5.4456654
TRZ05722,Cc1nnc(-c2cncc(-c3ccc(OC(F)(F)F)cc3)n2)nc1C,Fe3+,Cc1nnc(-c2cncc(-c3ccc(OC(F)(F)F)cc3)n2)nc1C.[Fe+3],5.440243
TRZ04694,Cc1nnc(C(F)(F)C(C)(O)c2cc(Cl)nc(Cl)c2)nc1C,Fe3+,Cc1nnc(C(F)(F)C(C)(O)c2cc(Cl)nc(Cl)c2)nc1C.[Fe+3],5.439308
TRZ02920,Cc1nnc([C@@H]2C[C@]3(NC(=O)NC3=O)c3cc(F)ccc3O2)nc1C,Fe3+,Cc1nnc([C@@H]2C[C@]3(NC(=O)NC3=O)c3cc(F)ccc3O2)nc1C.[Fe+3],5.4391956
TRZ00457,Cc1nnc(CNC(=O)c2ccc(Br)cc2)nc1C,Fe3+,Cc1nnc(CNC(=O)c2ccc(Br)cc2)nc1C.[Fe+3],5.4390917
TRZ01157,CCn1cc(-c2nnc(C)c(C)n2)c(=O)c2ccccc21,Fe3+,CCn1cc(-c2nnc(C)c(C)n2)c(=O)c2ccccc21.[Fe+3],5.438197
TRZ02341,Cc1cccc(C(=O)NCc2nnc(C)c(C)n2)c1,Fe3+,Cc1cccc(C(=O)NCc2nnc(C)c(C)n2)c1.[Fe+3],5.4370303
TRZ05431,Cc1cccc(F)c1C(O)c1nnc(C)c(C)n1,Fe3+,Cc1cccc(F)c1C(O)c1nnc(C)c(C)n1.[Fe+3],5.435595
TRZ01060,Cc1nnc(-c2nc(-c3ccc(C(F)(F)F)nc3)cc(-c3ccnc(N)c3)n2)nc1C,Fe3+,Cc1nnc(-c2nc(-c3ccc(C(F)(F)F)nc3)cc(-c3ccnc(N)c3)n2)nc1C.[Fe+3],5.4345455
TRZ02614,Cc1nnc(-c2cc3sccc3[nH]2)nc1C,Fe3+,Cc1nnc(-c2cc3sccc3[nH]2)nc1C.[Fe+3],5.4343796
TRZ02662,Cc1nnc(-c2[nH]c3ccccc3c2C)nc1C,Fe3+,Cc1nnc(-c2[nH]c3ccccc3c2C)nc1C.[Fe+3],5.4325056
TRZ04024,Cc1nnc(-c2ccccc2Nc2cc(F)c(F)c(C)c2F)nc1C,Fe3+,Cc1nnc(-c2ccccc2Nc2cc(F)c(F)c(C)c2F)nc1C.[Fe+3],5.430481
TRZ00699,Cc1nnc(CNc2nc3scc(-c4ccccc4)c3c(=O)n2-c2ccccc2)nc1C,Fe3+,Cc1nnc(CNc2nc3scc(-c4ccccc4)c3c(=O)n2-c2ccccc2)nc1C.[Fe+3],5.4286633
TRZ00886,Cc1nnc(-c2cc(F)ccc2N)nc1C,Fe3+,Cc1nnc(-c2cc(F)ccc2N)nc1C.[Fe+3],5.4271774
TRZ02760,Cc1nnc(CNC(=O)OCC2c3ccccc3-c3ccccc32)nc1C,Fe3+,Cc1nnc(CNC(=O)OCC2c3ccccc3-c3ccccc32)nc1C.[Fe+3],5.425289
TRZ02210,Cc1nnc(C2CC(=O)N(c3cccc(C(F)(F)F)c3)C2)nc1C,Fe3+,Cc1nnc(C2CC(=O)N(c3cccc(C(F)(F)F)c3)C2)nc1C.[Fe+3],5.422683
TRZ01811,Cc1nnc(-c2csc(N/N=C/c3cccc(Br)c3)n2)nc1C,Fe3+,Cc1nnc(-c2csc(N/N=C/c3cccc(Br)c3)n2)nc1C.[Fe+3],5.4197035
TRZ01150,Cc1nnc(-c2cc(-c3ccc(Cl)cc3)nn2Cc2ccccc2)nc1C,Fe3+,Cc1nnc(-c2cc(-c3ccc(Cl)cc3)nn2Cc2ccccc2)nc1C.[Fe+3],5.4187355
TRZ00664,COc1ccc(N2CCSC2c2nnc(C)c(C)n2)cc1,Fe3+,COc1ccc(N2CCSC2c2nnc(C)c(C)n2)cc1.[Fe+3],5.4173927
TRZ00672,Cc1nnc(COc2cccc3cccnc23)nc1C,Fe3+,Cc1nnc(COc2cccc3cccnc23)nc1C.[Fe+3],5.4171896
TRZ04183,Cc1nnc([C@@H](NC(=O)c2cocn2)c2ccc(F)cc2F)nc1C,Fe3+,Cc1nnc([C@@H](NC(=O)c2cocn2)c2ccc(F)cc2F)nc1C.[Fe+3],5.415993
TRZ04990,Cc1ccc(S(=O)Nc2cc(Cl)cnc2-c2nnc(C)c(C)n2)cc1C(F)(F)F,Fe3+,Cc1ccc(S(=O)Nc2cc(Cl)cnc2-c2nnc(C)c(C)n2)cc1C(F)(F)F.[Fe+3],5.413824
TRZ01603,Cc1nnc(-c2nnn(Nc3ccc(Cl)cc3)c2C)nc1C,Fe3+,Cc1nnc(-c2nnn(Nc3ccc(Cl)cc3)c2C)nc1C.[Fe+3],5.4118805
TRZ02152,COc1ccc(-n2ncc(-c3nnc(C)c(C)n3)c2C)cc1,Fe3+,COc1ccc(-n2ncc(-c3nnc(C)c(C)n3)c2C)cc1.[Fe+3],5.4116592
TRZ00478,Cc1nnc(CSc2cccc3cccnc23)nc1C,Fe3+,Cc1nnc(CSc2cccc3cccnc23)nc1C.[Fe+3],5.4063306
TRZ01393,CC(=O)Nc1ccc(C(=O)N/C(=C\c2ccc(N(C)C)cc2)c2nnc(C)c(C)n2)cc1,Fe3+,CC(=O)Nc1ccc(C(=O)N/C(=C\c2ccc(N(C)C)cc2)c2nnc(C)c(C)n2)cc1.[Fe+3],5.405369
TRZ00307,Cc1nnc(CNc2ccccc2Cl)nc1C,Fe3+,Cc1nnc(CNc2ccccc2Cl)nc1C.[Fe+3],5.4045777
TRZ05524,Cc1nnc(-c2cn(C(F)(F)F)nc2Nc2ccc(C(F)(F)F)cc2)nc1C,Fe3+,Cc1nnc(-c2cn(C(F)(F)F)nc2Nc2ccc(C(F)(F)F)cc2)nc1C.[Fe+3],5.403609
TRZ02069,Cc1nnc(C2(NC(=O)c3ccccc3)CC2c2cccc(O)c2)nc1C,Fe3+,Cc1nnc(C2(NC(=O)c3ccccc3)CC2c2cccc(O)c2)nc1C.[Fe+3],5.400825
TRZ01504,Cc1nnc(CNC(=O)c2cccc(F)c2)nc1C,Fe3+,Cc1nnc(CNC(=O)c2cccc(F)c2)nc1C.[Fe+3],5.399914
TRZ00734,Cc1nnc(CNc2ccc3ncccc3c2)nc1C,Fe3+,Cc1nnc(CNc2ccc3ncccc3c2)nc1C.[Fe+3],5.3974648
TRZ02193,Cc1nnc(-c2cc3oc(-c4cccc(C(F)(F)F)c4)cc3[nH]2)nc1C,Fe3+,Cc1nnc(-c2cc3oc(-c4cccc(C(F)(F)F)c4)cc3[nH]2)nc1C.[Fe+3],5.397364
TRZ01545,CSc1ncc(-c2nnc(C)c(C)n2)n1C,Fe3+,CSc1ncc(-c2nnc(C)c(C)n2)n1C.[Fe+3],5.3945427
TRZ01931,Cc1nnc(-c2cc(C(C)(C)C)nn2Cc2ccccc2)nc1C,Fe3+,Cc1nnc(-c2cc(C(C)(C)C)nn2Cc2ccccc2)nc1C.[Fe+3],5.392093
TRZ00682,Cc1nnc(-c2[nH]c3ccc([N+](=O)[O-])cc3c2-c2ccccc2)nc1C,Fe3+,Cc1nnc(-c2[nH]c3ccc([N+](=O)[O-])cc3c2-c2ccccc2)nc1C.[Fe+3],5.392005
TRZ02058,Cc1nnc(C(Cc2ccccc2)NC(=O)C(C)(C)NC(=O)OCc2ccccc2)nc1C,Fe3+,Cc1nnc(C(Cc2ccccc2)NC(=O)C(C)(C)NC(=O)OCc2ccccc2)nc1C.[Fe+3],5.3910537
TRZ04959,Cc1nnc(C2CCN(c3ccc(F)cc3)C2)nc1C,Fe3+,Cc1nnc(C2CCN(c3ccc(F)cc3)C2)nc1C.[Fe+3],5.3873825
TRZ05896,Cc1nnc(-c2cc(C(=O)c3cc(F)ccc3F)cnc2N)nc1C,Fe3+,Cc1nnc(-c2cc(C(=O)c3cc(F)ccc3F)cnc2N)nc1C.[Fe+3],5.386841
TRZ04909,CC1=C(c2nnc(C)c(C)n2)C(c2ccc(F)cc2Cl)N=C(c2ncc(F)cc2F)N1,Fe3+,CC1=C(c2nnc(C)c(C)n2)C(c2ccc(F)cc2Cl)N=C(c2ncc(F)cc2F)N1.[Fe+3],5.3836484
TRZ00380,Cc1nnc(-c2ccc(Cn3cc(Cl)cn3)o2)nc1C,Fe3+,Cc1nnc(-c2ccc(Cn3cc(Cl)cn3)o2)nc1C.[Fe+3],5.382491
TRZ01203,Cc1nnc(-c2cccnc2N)nc1C,Fe3+,Cc1nnc(-c2cccnc2N)nc1C.[Fe+3],5.3781543
TRZ03819,Cc1nnc(-c2nc3c(=O)[nH]c4cc(C(F)(F)F)ccc4n3c2Cn2ccnc2)nc1C,Fe3+,Cc1nnc(-c2nc3c(=O)[nH]c4cc(C(F)(F)F)ccc4n3c2Cn2ccnc2)nc1C.[Fe+3],5.377071
TRZ05741,Cc1nnc(-c2ccnc(-c3ccc(OC(F)F)nc3)n2)nc1C,Fe3+,Cc1nnc(-c2ccnc(-c3ccc(OC(F)F)nc3)n2)nc1C.[Fe+3],5.3731885
TRZ02454,Cc1nnc(-c2nc(C3CCCC3)[nH]c2C2CCCC2)nc1C,Fe3+,Cc1nnc(-c2nc(C3CCCC3)[nH]c2C2CCCC2)nc1C.[Fe+3],5.37179
TRZ01744,Cc1nnc(COc2ccncc2-c2ccc3ccccc3c2)nc1C,Fe3+,Cc1nnc(COc2ccncc2-c2ccc3ccccc3c2)nc1C.[Fe+3],5.369809
TRZ01002,Cc1ccc(Nc2nc(N)nc(-c3nnc(C)c(C)n3)n2)cc1,Fe3+,Cc1ccc(Nc2nc(N)nc(-c3nnc(C)c(C)n3)n2)cc1.[Fe+3],5.366317
TRZ00290,Cc1nnc(-c2cc3cc(OC(F)(F)F)ccc3[nH]2)nc1C,Fe3+,Cc1nnc(-c2cc3cc(OC(F)(F)F)ccc3[nH]2)nc1C.[Fe+3],5.3663154
TRZ02273,Cc1nnc(C(C)NC(=O)C(Cc2c[nH]c3ccccc23)NC(=O)OC(C)(C)C)nc1C,Fe3+,Cc1nnc(C(C)NC(=O)C(Cc2c[nH]c3ccccc23)NC(=O)OC(C)(C)C)nc1C.[Fe+3],5.365801
TRZ02345,Cc1nnc(CNC(=O)c2cc(Cl)ccc2Cl)nc1C,Fe3+,Cc1nnc(CNC(=O)c2cc(Cl)ccc2Cl)nc1C.[Fe+3],5.3614817
TRZ04477,Cc1nnc(-c2cc(-c3ccc(OC(F)(F)F)cc3)ccc2N)nc1C,Fe3+,Cc1nnc(-c2cc(-c3ccc(OC(F)(F)F)cc3)ccc2N)nc1C.[Fe+3],5.361112
TRZ05212,Cc1nnc(-c2ncn3c2[C@@H]2CCN2C(=O)c2c-3ccc(F)c2F)nc1C,Fe3+,Cc1nnc(-c2ncn3c2[C@@H]2CCN2C(=O)c2c-3ccc(F)c2F)nc1C.[Fe+3],5.3598185
TRZ02169,Cc1ccc(-n2c(SCc3nnc(C)c(C)n3)nnc2-c2ccc(Cl)cc2)cc1,Fe3+,Cc1ccc(-n2c(SCc3nnc(C)c(C)n3)nnc2-c2ccc(Cl)cc2)cc1.[Fe+3],5.3580017
TRZ01810,Cc1ccc(-c2nn(-c3ccccc3)cc2C(O)C(F)(F)c2nnc(C)c(C)n2)cc1,Fe3+,Cc1ccc(-c2nn(-c3ccccc3)cc2C(O)C(F)(F)c2nnc(C)c(C)n2)cc1.[Fe+3],5.356147
TRZ01325,Cc1nnc(Cn2c(C)nc3ccc(Br)cc3c2=O)nc1C,Fe3+,Cc1nnc(Cn2c(C)nc3ccc(Br)cc3c2=O)nc1C.[Fe+3],5.354965
TRZ04473,C=N/C(C)=C(F)\C=C(\c1nnc(C)c(C)n1)C(C)Nc1cncc(C2CC2)c1,Fe3+,C=N/C(C)=C(F)\C=C(\c1nnc(C)c(C)n1)C(C)Nc1cncc(C2CC2)c1.[Fe+3],5.35446
TRZ00373,CCOC(=O)c1cc(-c2nnc(C)c(C)n2)c(=O)[nH]c1C,Fe3+,CCOC(=O)c1cc(-c2nnc(C)c(C)n2)c(=O)[nH]c1C.[Fe+3],5.3539677
TRZ01613,Cc1nnc(-c2cc(-c3ccccc3)nn2Cc2ccc(Cl)nc2)nc1C,Fe3+,Cc1nnc(-c2cc(-c3ccccc3)nn2Cc2ccc(Cl)nc2)nc1C.[Fe+3],5.3502693
TRZ02183,Cc1nnc([C@@H](C)NC(=O)OCc2ccccc2)nc1C,Fe3+,Cc1nnc([C@@H](C)NC(=O)OCc2ccccc2)nc1C.[Fe+3],5.348262
TRZ01703,Cc1nnc(-c2n[nH]c(=O)c3[nH]ncc23)nc1C,Fe3+,Cc1nnc(-c2n[nH]c(=O)c3[nH]ncc23)nc1C.[Fe+3],5.3435855
TRZ05811,Cc1nnc(C2=CC=CS2=C(C(F)F)C(F)C(=O)c2cccs2)nc1C,Fe3+,Cc1nnc(C2=CC=CS2=C(C(F)F)C(F)C(=O)c2cccs2)nc1C.[Fe+3],5.343172
TRZ00607,Cc1ccc(Cn2cc(-c3nnc(C)c(C)n3)c(=O)c3ccc(F)cc32)cc1,Fe3+,Cc1ccc(Cn2cc(-c3nnc(C)c(C)n3)c(=O)c3ccc(F)cc32)cc1.[Fe+3],5.342445
TRZ02994,Cc1nnc(C2=Nc3cc(Cl)ccc3C(c3ccccc3F)=NC2)nc1C,Fe3+,Cc1nnc(C2=Nc3cc(Cl)ccc3C(c3ccccc3F)=NC2)nc1C.[Fe+3],5.3413496
TRZ05272,Cc1nnc(-c2cc(=S)cc(C(F)(F)F)[nH]2)nc1C,Fe3+,Cc1nnc(-c2cc(=S)cc(C(F)(F)F)[nH]2)nc1C.[Fe+3],5.341143
TRZ03149,Cc1nnc(-c2cn3ccnc3c(F)c2Nc2ccc(Br)cc2F)nc1C,Fe3+,Cc1nnc(-c2cn3ccnc3c(F)c2Nc2ccc(Br)cc2F)nc1C.[Fe+3],5.3396583
TRZ02980,Cc1nnc(-c2cccc(Oc3cccc(C(F)(F)F)c3)n2)nc1C,Fe3+,Cc1nnc(-c2cccc(Oc3cccc(C(F)(F)F)c3)n2)nc1C.[Fe+3],5.338361
TRZ03400,Cc1nnc(-c2nn(Cc3ccc(F)cc3F)c3cc(N(C)C)ccc23)nc1C,Fe3+,Cc1nnc(-c2nn(Cc3ccc(F)cc3F)c3cc(N(C)C)ccc23)nc1C.[Fe+3],5.3375797
TRZ00728,COc1cc(C(=O)NCc2nnc(C)c(C)n2)cc(OC)c1OC,Fe3+,COc1cc(C(=O)NCc2nnc(C)c(C)n2)cc(OC)c1OC.[Fe+3],5.335964
TRZ01732,COc1cccc(-c2cncn2Cc2nnc(C)c(C)n2)c1,Fe3+,COc1cccc(-c2cncn2Cc2nnc(C)c(C)n2)c1.[Fe+3],5.3354554
TRZ00572,Cc1nnc(-c2nc(-c3cccc(O)c3)cc(N3Cc4ccccc4C3)n2)nc1C,Fe3+,Cc1nnc(-c2nc(-c3cccc(O)c3)cc(N3Cc4ccccc4C3)n2)nc1C.[Fe+3],5.3345056
TRZ05765,Cc1nnc(-c2cnc(NCCc3ccc(C(F)(F)F)cc3)nc2)nc1C,Fe3+,Cc1nnc(-c2cnc(NCCc3ccc(C(F)(F)F)cc3)nc2)nc1C.[Fe+3],5.33306
TRZ01968,Cc1ccc(C)c(NCc2nnc(C)c(C)n2)c1,Fe3+,Cc1ccc(C)c(NCc2nnc(C)c(C)n2)c1.[Fe+3],5.3315754
TRZ05690,Cc1nnc(-c2ccc(OC(F)(F)F)nc2)nc1C,Fe3+,Cc1nnc(-c2ccc(OC(F)(F)F)nc2)nc1C.[Fe+3],5.3276186
TRZ05892,Cc1nnc(-c2nnn(-c3ccc(F)cc3)c2-c2cccc(F)c2F)nc1C,Fe3+,Cc1nnc(-c2nnn(-c3ccc(F)cc3)c2-c2cccc(F)c2F)nc1C.[Fe+3],5.3255963
TRZ00154,Cc1nnc(-c2c(C)nc3ccccn23)nc1C,Fe3+,Cc1nnc(-c2c(C)nc3ccccn23)nc1C.[Fe+3],5.3225203
TRZ02434,CCCOc1ccc(-c2cn(Cc3nnc(C)c(C)n3)cn2)cc1,Fe3+,CCCOc1ccc(-c2cn(Cc3nnc(C)c(C)n3)cn2)cc1.[Fe+3],5.322102
TRZ04248,Cc1ccc(Nc2c(-c3nnc(C)c(C)n3)c3c(c(=O)n2C)CCC3)c(F)c1,Fe3+,Cc1ccc(Nc2c(-c3nnc(C)c(C)n3)c3c(c(=O)n2C)CCC3)c(F)c1.[Fe+3],5.322085
TRZ05823,Cc1nnc(C(=NOCF)c2nccs2)nc1C,Fe3+,Cc1nnc(C(=NOCF)c2nccs2)nc1C.[Fe+3],5.32199
TRZ00792,Cc1nnc(-c2cc(F)cnc2N2CCOCC2)nc1C,Fe3+,Cc1nnc(-c2cc(F)cnc2N2CCOCC2)nc1C.[Fe+3],5.320098
TRZ03868,Cc1nnc(C=Cn2cnc(-c3cc(C(F)(F)F)cc(S(C)(=O)=O)c3)n2)nc1C,Fe3+,Cc1nnc(C=Cn2cnc(-c3cc(C(F)(F)F)cc(S(C)(=O)=O)c3)n2)nc1C.[Fe+3],5.318739
TRZ05530,Cc1nnc(-c2c(Nc3ccc(C(F)(F)F)cc3)nn3c2CCC3)nc1C,Fe3+,Cc1nnc(-c2c(Nc3ccc(C(F)(F)F)cc3)nn3c2CCC3)nc1C.[Fe+3],5.3127003
TRZ02004,Cc1nnc(CN2c3ccccc3Sc3ccccc32)nc1C,Fe3+,Cc1nnc(CN2c3ccccc3Sc3ccccc32)nc1C.[Fe+3],5.3126397
TRZ01427,Cc1nnc([C@H](Cc2ccc(O)cc2)NC(=O)c2ccccc2)nc1C,Fe3+,Cc1nnc([C@H](Cc2ccc(O)cc2)NC(=O)c2ccccc2)nc1C.[Fe+3],5.3101616
TRZ01096,Cc1nnc(C(Cc2ccccc2)NC(=O)OCc2ccccc2)nc1C,Fe3+,Cc1nnc(C(Cc2ccccc2)NC(=O)OCc2ccccc2)nc1C.[Fe+3],5.308429
TRZ02156,Cc1cc(-c2nnc(C)c(C)n2)n(Cc2cc(Cl)ccc2Cl)n1,Fe3+,Cc1cc(-c2nnc(C)c(C)n2)n(Cc2cc(Cl)ccc2Cl)n1.[Fe+3],5.3069296
TRZ01817,Cc1nnc(-c2ncn(-c3cccc(Cl)c3)c2-c2ccc(F)cc2)nc1C,Fe3+,Cc1nnc(-c2ncn(-c3cccc(Cl)c3)c2-c2ccc(F)cc2)nc1C.[Fe+3],5.306159
TRZ02978,Cc1nnc(C[C@@H]2C[C@]3(NC(=O)NC3=O)c3cc(F)ccc3O2)nc1C,Fe3+,Cc1nnc(C[C@@H]2C[C@]3(NC(=O)NC3=O)c3cc(F)ccc3O2)nc1C.[Fe+3],5.3054256
TRZ00935,CCOC(=O)c1cc(-c2nnc(C)c(C)n2)c(C)nc1C,Fe3+,CCOC(=O)c1cc(-c2nnc(C)c(C)n2)c(C)nc1C.[Fe+3],5.302761
TRZ00045,COc1ccccc1-c1cc(-c2nnc(C)c(C)n2)[nH]n1,Fe3+,COc1ccccc1-c1cc(-c2nnc(C)c(C)n2)[nH]n1.[Fe+3],5.3009267
TRZ02416,Cc1nnc(-c2cnn(C)c2-n2cccc2)nc1C,Fe3+,Cc1nnc(-c2cnn(C)c2-n2cccc2)nc1C.[Fe+3],5.2980747
TRZ01976,Cc1ccccc1NCc1nnc(C)c(C)n1,Fe3+,Cc1ccccc1NCc1nnc(C)c(C)n1.[Fe+3],5.2927604
TRZ02150,Cc1cc(-c2nnc(C)c(C)n2)n(Cc2ccc(F)cc2)n1,Fe3+,Cc1cc(-c2nnc(C)c(C)n2)n(Cc2ccc(F)cc2)n1.[Fe+3],5.29225
TRZ04855,Cc1nnc(CN2CCc3sc(-c4ccc(F)cc4)cc3C2)nc1C,Fe3+,Cc1nnc(CN2CCc3sc(-c4ccc(F)cc4)cc3C2)nc1C.[Fe+3],5.2921457
TRZ03001,Cc1nnc(C2=Nc3ccc(C(F)(F)F)cc3C(c3ccccc3)=NC2)nc1C,Fe3+,Cc1nnc(C2=Nc3ccc(C(F)(F)F)cc3C(c3ccccc3)=NC2)nc1C.[Fe+3],5.2904196
TRZ02209,Cc1nnc(C2CC(=O)N(c3cccc(F)c3)C2)nc1C,Fe3+,Cc1nnc(C2CC(=O)N(c3cccc(F)c3)C2)nc1C.[Fe+3],5.28872
TRZ05361,CCNc1ccc(Oc2cccc(C(F)(F)F)c2)nc1-c1nnc(C)c(C)n1,Fe3+,CCNc1ccc(Oc2cccc(C(F)(F)F)c2)nc1-c1nnc(C)c(C)n1.[Fe+3],5.288159
TRZ00657,Cc1nnc(-c2nc[nH]c2C(=O)Nc2ccc(Cl)cc2C(=O)c2ccccc2)nc1C,Fe3+,Cc1nnc(-c2nc[nH]c2C(=O)Nc2ccc(Cl)cc2C(=O)c2ccccc2)nc1C.[Fe+3],5.2877603
TRZ02627,Cc1cc(SCc2nnc(C)c(C)n2)c2ccccc2n1,Fe3+,Cc1cc(SCc2nnc(C)c(C)n2)c2ccccc2n1.[Fe+3],5.2876177
TRZ04165,Cc1nnc(C(=O)Nc2ccc(N3CCC4(CC3)CC(F)(F)C4)nc2)nc1C,Fe3+,Cc1nnc(C(=O)Nc2ccc(N3CCC4(CC3)CC(F)(F)C4)nc2)nc1C.[Fe+3],5.2859454
TRZ00610,Cc1nnc(COc2ccc(-c3nccc(-c4ccc(F)cc4)n3)cc2)nc1C,Fe3+,Cc1nnc(COc2ccc(-c3nccc(-c4ccc(F)cc4)n3)cc2)nc1C.[Fe+3],5.2852836
TRZ03621,Cc1nnc(CCN(Cc2cc3c(cc2F)OCCO3)C(=O)C(C)(C)C)nc1C,Fe3+,Cc1nnc(CCN(Cc2cc3c(cc2F)OCCO3)C(=O)C(C)(C)C)nc1C.[Fe+3],5.2851734
TRZ02452,Cc1nnc(-c2nc(C3CCCCC3)[nH]c2C2CCCCC2)nc1C,Fe3+,Cc1nnc(-c2nc(C3CCCCC3)[nH]c2C2CCCCC2)nc1C.[Fe+3],5.283526
TRZ04234,Cc1nnc(-c2c(-c3ccc(F)cc3)oc3cc4c(cc23)CCCCN4S(C)(=O)=O)nc1C,Fe3+,Cc1nnc(-c2c(-c3ccc(F)cc3)oc3cc4c(cc23)CCCCN4S(C)(=O)=O)nc1C.[Fe+3],5.2812853
TRZ02719,Cc1nnc(-c2cc3cc([N+](=O)[O-])ccc3[nH]2)nc1C,Fe3+,Cc1nnc(-c2cc3cc([N+](=O)[O-])ccc3[nH]2)nc1C.[Fe+3],5.2810764
TRZ01356,Cc1nnc(CSc2c3ccccc3nc3ccccc23)nc1C,Fe3+,Cc1nnc(CSc2c3ccccc3nc3ccccc23)nc1C.[Fe+3],5.278869
TRZ02266,Cc1nnc(CNc2cc(Cl)cc(Cl)c2)nc1C,Fe3+,Cc1nnc(CNc2cc(Cl)cc(Cl)c2)nc1C.[Fe+3],5.278008
TRZ03783,Cc1nnc(C2=CNC(C3CC3)N2c2ccc(C(F)(F)F)cc2)nc1C,Fe3+,Cc1nnc(C2=CNC(C3CC3)N2c2ccc(C(F)(F)F)cc2)nc1C.[Fe+3],5.2725058
TRZ01275,COc1ccccc1-c1cc(Nc2ccc(OC)c(-c3nnc(C)c(C)n3)c2)ncn1,Fe3+,COc1ccccc1-c1cc(Nc2ccc(OC)c(-c3nnc(C)c(C)n3)c2)ncn1.[Fe+3],5.2718363
TRZ02451,Cc1nnc(C2(C)NC(C)(C)Cc3ccccc32)nc1C,Fe3+,Cc1nnc(C2(C)NC(C)(C)Cc3ccccc32)nc1C.[Fe+3],5.271741
TRZ00475,Cc1nnc(-c2cc(-c3ccccc3)sc2N)nc1C,Fe3+,Cc1nnc(-c2cc(-c3ccccc3)sc2N)nc1C.[Fe+3],5.270456
TRZ04714,Cc1nnc(C(C)(C)c2ccc(C(F)(F)F)cn2)nc1C,Fe3+,Cc1nnc(C(C)(C)c2ccc(C(F)(F)F)cn2)nc1C.[Fe+3],5.267499
TRZ00879,Cc1nnc(C(NC(=O)OC(C)(C)C)c2ccccc2)nc1C,Fe3+,Cc1nnc(C(NC(=O)OC(C)(C)C)c2ccccc2)nc1C.[Fe+3],5.2658205
TRZ02117,Cc1nnc(-c2nc(N3CCC(C)(N)CC3)nc(N)c2-c2cccc(Cl)c2Cl)nc1C,Fe3+,Cc1nnc(-c2nc(N3CCC(C)(N)CC3)nc(N)c2-c2cccc(Cl)c2Cl)nc1C.[Fe+3],5.263336
TRZ00720,Cc1nnc(-c2cc(-c3ccc(OCC(C)C)c(C#N)c3)n[nH]c2=O)nc1C,Fe3+,Cc1nnc(-c2cc(-c3ccc(OCC(C)C)c(C#N)c3)n[nH]c2=O)nc1C.[Fe+3],5.259268
TRZ05737,COc1cc(OC(F)F)ncc1-c1cncc(-c2nnc(C)c(C)n2)n1,Fe3+,COc1cc(OC(F)F)ncc1-c1cncc(-c2nnc(C)c(C)n2)n1.[Fe+3],5.257838
TRZ00776,Cc1nnc(-c2ccc[n+]([O-])c2)nc1C,Fe3+,Cc1nnc(-c2ccc[n+]([O-])c2)nc1C.[Fe+3],5.2542725
TRZ01106,Cc1nnc(-c2ccccc2N=NN(C)C)nc1C,Fe3+,Cc1nnc(-c2ccccc2N=NN(C)C)nc1C.[Fe+3],5.2522426
TRZ01367,Cc1nnc(C(CC(O)c2ccc(Cl)cc2)CN2CCCCC2)nc1C,Fe3+,Cc1nnc(C(CC(O)c2ccc(Cl)cc2)CN2CCCCC2)nc1C.[Fe+3],5.251832
TRZ00267,CSc1ccc(/C=C(\NC(=O)c2ccccc2)c2nnc(C)c(C)n2)cc1,Fe3+,CSc1ccc(/C=C(\NC(=O)c2ccccc2)c2nnc(C)c(C)n2)cc1.[Fe+3],5.2478523
TRZ01093,Cc1nc2ccccc2cc1-c1nnc(C)c(C)n1,Fe3+,Cc1nc2ccccc2cc1-c1nnc(C)c(C)n1.[Fe+3],5.2464485
TRZ02380,COc1cccc(Oc2ccc(OC)cc2-c2nnc(C)c(C)n2)c1,Fe3+,COc1cccc(Oc2ccc(OC)cc2-c2nnc(C)c(C)n2)c1.[Fe+3],5.246164
TRZ00645,Cc1nnc(C(Cc2c[nH]c3ccccc23)NC(=O)c2ccccc2)nc1C,Fe3+,Cc1nnc(C(Cc2c[nH]c3ccccc23)NC(=O)c2ccccc2)nc1C.[Fe+3],5.245975
TRZ03266,Cc1nnc(-c2nc(Cc3ccccc3F)n3ccccc23)nc1C,Fe3+,Cc1nnc(-c2nc(Cc3ccccc3F)n3ccccc23)nc1C.[Fe+3],5.242056
TRZ01660,CCn1cc(-c2nnc(C)c(C)n2)c(=O)c2ccc(Cl)cc21,Fe3+,CCn1cc(-c2nnc(C)c(C)n2)c(=O)c2ccc(Cl)cc21.[Fe+3],5.241109
TRZ04705,Cc1nnc(Cc2ncccc2F)nc1C,Fe3+,Cc1nnc(Cc2ncccc2F)nc1C.[Fe+3],5.240449
TRZ02560,Cc1nnc(-c2ncn(-c3cccc(Cl)c3)c2-c2ccccc2)nc1C,Fe3+,Cc1nnc(-c2ncn(-c3cccc(Cl)c3)c2-c2ccccc2)nc1C.[Fe+3],5.239604
TRZ00959,Cc1nnc(CC(=O)Nc2ccc(Cl)c(Cl)c2)nc1C,Fe3+,Cc1nnc(CC(=O)Nc2ccc(Cl)c(Cl)c2)nc1C.[Fe+3],5.2386346
TRZ00592,Cc1nnc(-c2ccncc2N)nc1C,Fe3+,Cc1nnc(-c2ccncc2N)nc1C.[Fe+3],5.2358847
TRZ03822,Cc1nnc(-c2[nH]c3c(F)cccc3c2-c2ccccc2)nc1C,Fe3+,Cc1nnc(-c2[nH]c3c(F)cccc3c2-c2ccccc2)nc1C.[Fe+3],5.2356524
TRZ01158,Cc1nnc(C(=O)Nc2cccccc2=O)nc1C,Fe3+,Cc1nnc(C(=O)Nc2cccccc2=O)nc1C.[Fe+3],5.2333474
TRZ02369,Cc1nnc(-c2[nH]ncc2-c2ccc(Cl)cc2Cl)nc1C,Fe3+,Cc1nnc(-c2[nH]ncc2-c2ccc(Cl)cc2Cl)nc1C.[Fe+3],5.2330995
TRZ00285,Cc1nnc(-c2oc3nc(-c4ccco4)cc(-c4ccco4)c3c2N)nc1C,Fe3+,Cc1nnc(-c2oc3nc(-c4ccco4)cc(-c4ccco4)c3c2N)nc1C.[Fe+3],5.2315106
TRZ00053,Cc1nnc(-c2cccnc2Oc2ccccc2)nc1C,Fe3+,Cc1nnc(-c2cccnc2Oc2ccccc2)nc1C.[Fe+3],5.2314243
TRZ03299,Cc1nnc([C@@H](Cc2ccc(F)cc2)NC(=O)OC(C)(C)C)nc1C,Fe3+,Cc1nnc([C@@H](Cc2ccc(F)cc2)NC(=O)OC(C)(C)C)nc1C.[Fe+3],5.2303314
TRZ02737,Cc1nnc(-c2ccc(C(=O)O)cn2)nc1C,Fe3+,Cc1nnc(-c2ccc(C(=O)O)cn2)nc1C.[Fe+3],5.229266
TRZ03853,CC(=O)N1C(=O)NC2(CC(c3nnc(C)c(C)n3)Oc3ccc(F)cc32)C1=O,Fe3+,CC(=O)N1C(=O)NC2(CC(c3nnc(C)c(C)n3)Oc3ccc(F)cc32)C1=O.[Fe+3],5.227618
TRZ04068,Cc1nnc(C2ON=C(c3ccc(OC(F)(F)F)cc3)N2Cc2ccccc2)nc1C,Fe3+,Cc1nnc(C2ON=C(c3ccc(OC(F)(F)F)cc3)N2Cc2ccccc2)nc1C.[Fe+3],5.225781
TRZ02130,Cc1ccc(NCc2nnc(C)c(C)n2)c(C)c1,Fe3+,Cc1ccc(NCc2nnc(C)c(C)n2)c(C)c1.[Fe+3],5.2247877
TRZ02011,Cc1nnc(C2C(=O)NCC2c2ccccc2)nc1C,Fe3+,Cc1nnc(C2C(=O)NCC2c2ccccc2)nc1C.[Fe+3],5.2245536
TRZ05347,COCc1cc(OC(F)(F)F)ccc1-c1cnc(Cc2nnc(C)c(C)n2)cn1,Fe3+,COCc1cc(OC(F)(F)F)ccc1-c1cnc(Cc2nnc(C)c(C)n2)cn1.[Fe+3],5.2226706
TRZ05766,Cc1nnc(-c2cnc(NCc3ccc(C(F)(F)F)cc3)nc2)nc1C,Fe3+,Cc1nnc(-c2cnc(NCc3ccc(C(F)(F)F)cc3)nc2)nc1C.[Fe+3],5.221395
TRZ05771,Cc1nnc(-c2nc(-c3ccc(C(F)(F)F)cc3)c3ccccn23)nc1C,Fe3+,Cc1nnc(-c2nc(-c3ccc(C(F)(F)F)cc3)c3ccccn23)nc1C.[Fe+3],5.221046
TRZ01240,Cc1nnc(-c2cc(=O)[nH][nH]2)nc1C,Fe3+,Cc1nnc(-c2cc(=O)[nH][nH]2)nc1C.[Fe+3],5.218465
TRZ05553,Cc1nnc(/C(=C/n2cnc(-c3cc(C(F)(F)F)nc(C(F)(F)F)c3)n2)c2cncnc2)nc1C,Fe3+,Cc1nnc(/C(=C/n2cnc(-c3cc(C(F)(F)F)nc(C(F)(F)F)c3)n2)c2cncnc2)nc1C.[Fe+3],5.2184334
TRZ01663,Cc1nnc(-c2cn(Cc3ccc(C#N)cc3)c3cc(C(F)(F)F)ccc3c2=O)nc1C,Fe3+,Cc1nnc(-c2cn(Cc3ccc(C#N)cc3)c3cc(C(F)(F)F)ccc3c2=O)nc1C.[Fe+3],5.2171116
TRZ05904,Cc1nnc(C2(c3ccc(OC(F)(F)F)cc3)C=CON2)nc1C,Fe3+,Cc1nnc(C2(c3ccc(OC(F)(F)F)cc3)C=CON2)nc1C.[Fe+3],5.21509
TRZ04292,CCC(C)(C)Nc1cc(C(F)(F)F)cnc1-c1nnc(C)c(C)n1,Fe3+,CCC(C)(C)Nc1cc(C(F)(F)F)cnc1-c1nnc(C)c(C)n1.[Fe+3],5.2123976
TRZ03911,Cc1nnc(-c2c(-c3ccc(F)cc3)nn3cnccc23)nc1C,Fe3+,Cc1nnc(-c2c(-c3ccc(F)cc3)nn3cnccc23)nc1C.[Fe+3],5.2123814
TRZ02015,Cc1nnc(CN2C(=O)COc3ccccc32)nc1C,Fe3+,Cc1nnc(CN2C(=O)COc3ccccc32)nc1C.[Fe+3],5.210825
TRZ00017,Cc1nnc(-c2cccnc2)nc1C,Fe3+,Cc1nnc(-c2cccnc2)nc1C.[Fe+3],5.208441
TRZ00273,Cc1nnc(-c2ccccc2OCCOc2ccccc2)nc1C,Fe3+,Cc1nnc(-c2ccccc2OCCOc2ccccc2)nc1C.[Fe+3],5.208114
TRZ01565,COc1cc(/C=C(/NC(=O)c2ccc(Cl)cc2)c2nnc(C)c(C)n2)cc(OC)c1OC,Fe3+,COc1cc(/C=C(/NC(=O)c2ccc(Cl)cc2)c2nnc(C)c(C)n2)cc(OC)c1OC.[Fe+3],5.207673
TRZ04997,Cc1nnc(C2(C(=O)Nc3ccccc3F)CC2)nc1C,Fe3+,Cc1nnc(C2(C(=O)Nc3ccccc3F)CC2)nc1C.[Fe+3],5.2059703
TRZ02828,Cc1nnc(C(=O)C=C2NC3(CCCC3)Cc3ccccc32)nc1C,Fe3+,Cc1nnc(C(=O)C=C2NC3(CCCC3)Cc3ccccc32)nc1C.[Fe+3],5.2052608
TRZ01222,Cc1nnc(/C(=C/c2ccccc2)NC(=O)c2ccccc2)nc1C,Fe3+,Cc1nnc(/C(=C/c2ccccc2)NC(=O)c2ccccc2)nc1C.[Fe+3],5.2043567
TRZ05926,Cc1nnc(-c2ncc(C(F)(F)F)cc2C2CNCCO2)nc1C,Fe3+,Cc1nnc(-c2ncc(C(F)(F)F)cc2C2CNCCO2)nc1C.[Fe+3],5.2043076
TRZ03694,Cc1nnc(-c2nn3ccnc3cc2Nc2ccc(Br)cc2F)nc1C,Fe3+,Cc1nnc(-c2nn3ccnc3cc2Nc2ccc(Br)cc2F)nc1C.[Fe+3],5.2028327
TRZ02079,Cc1nnc(CNc2cccc(F)c2)nc1C,Fe3+,Cc1nnc(CNc2cccc(F)c2)nc1C.[Fe+3],5.2005987
TRZ01041,Cc1nnc(-c2nc(-c3ccc(N)nc3)cc(-c3ccc(C(F)(F)F)nc3)n2)nc1C,Fe3+,Cc1nnc(-c2nc(-c3ccc(N)nc3)cc(-c3ccc(C(F)(F)F)nc3)n2)nc1C.[Fe+3],5.19998
TRZ03704,Cc1nnc(C[C@@H](Cc2cc(F)c(F)cc2F)N(C(=O)O)C(C)(C)C)nc1C,Fe3+,Cc1nnc(C[C@@H](Cc2cc(F)c(F)cc2F)N(C(=O)O)C(C)(C)C)nc1C.[Fe+3],5.1987066
TRZ01281,CC(=O)NC(c1nnc(C)c(C)n1)C(C)CCc1ccccc1,Fe3+,CC(=O)NC(c1nnc(C)c(C)n1)C(C)CCc1ccccc1.[Fe+3],5.198598
TRZ05350,Cc1nnc(-c2cc3c(N)cccc3n2CC(F)(F)F)nc1C,Fe3+,Cc1nnc(-c2cc3c(N)cccc3n2CC(F)(F)F)nc1C.[Fe+3],5.1972847
TRZ05732,Cc1nnc(-c2cncc(-c3ccc(OC(F)F)cc3)n2)nc1C,Fe3+,Cc1nnc(-c2cncc(-c3ccc(OC(F)F)cc3)n2)nc1C.[Fe+3],5.195136
TRZ01783,Cc1nnc(-c2nc(NCc3ccc(O)cc3)cc(-c3ccccc3)n2)nc1C,Fe3+,Cc1nnc(-c2nc(NCc3ccc(O)cc3)cc(-c3ccccc3)n2)nc1C.[Fe+3],5.1950016
TRZ05288,Cc1nnc(C2CC(C)CN(c3ccc(C(F)(F)F)c4ncccc34)C2)nc1C,Fe3+,Cc1nnc(C2CC(C)CN(c3ccc(C(F)(F)F)c4ncccc34)C2)nc1C.[Fe+3],5.194224
TRZ00686,Cc1nnc(-c2ccc3ccc4ccc(-c5nnc(C)c(C)n5)nc4c3n2)nc1C,Fe3+,Cc1nnc(-c2ccc3ccc4ccc(-c5nnc(C)c(C)n5)nc4c3n2)nc1C.[Fe+3],5.1920056
TRZ05785,Cc1nnc(-c2c(-c3ccc(F)cc3)[nH]c3c(F)cc(F)cc23)nc1C,Fe3+,Cc1nnc(-c2c(-c3ccc(F)cc3)[nH]c3c(F)cc(F)cc23)nc1C.[Fe+3],5.190038
TRZ01098,Cc1nnc(-c2nnc3n(c2=O)CCN3c2ccccc2)nc1C,Fe3+,Cc1nnc(-c2nnc3n(c2=O)CCN3c2ccccc2)nc1C.[Fe+3],5.189887
TRZ03525,Cc1nnc(C(F)Nc2ccc(F)cc2)nc1C,Fe3+,Cc1nnc(C(F)Nc2ccc(F)cc2)nc1C.[Fe+3],5.189157
TRZ01939,Cc1nnc(Cn2cnc(-c3ccc([N+](=O)[O-])cc3)c2)nc1C,Fe3+,Cc1nnc(Cn2cnc(-c3ccc([N+](=O)[O-])cc3)c2)nc1C.[Fe+3],5.1866302
TRZ02702,Cc1nnc(CN2CCc3ccccc3C2)nc1C,Fe3+,Cc1nnc(CN2CCc3ccccc3C2)nc1C.[Fe+3],5.18624
TRZ02531,CCOC(=O)c1cc(-c2ccc(Cl)cc2)n(Cc2nnc(C)c(C)n2)c1C,Fe3+,CCOC(=O)c1cc(-c2ccc(Cl)cc2)n(Cc2nnc(C)c(C)n2)c1C.[Fe+3],5.185631
TRZ02235,Cc1nnc(-c2ccc(Cl)cc2Oc2ccccc2F)nc1C,Fe3+,Cc1nnc(-c2ccc(Cl)cc2Oc2ccccc2F)nc1C.[Fe+3],5.1840754
TRZ01126,Cc1nnc(-c2cc3c([nH]c4ccccc43)c(C)n2)nc1C,Fe3+,Cc1nnc(-c2cc3c([nH]c4ccccc43)c(C)n2)nc1C.[Fe+3],5.182933
TRZ01982,Cc1nnc(COc2ccc(I)cc2)nc1C,Fe3+,Cc1nnc(COc2ccc(I)cc2)nc1C.[Fe+3],5.1805334
TRZ05498,COc1ccc(-c2cncc(-c3nnc(C)c(C)n3)n2)c(OC(F)(F)F)c1,Fe3+,COc1ccc(-c2cncc(-c3nnc(C)c(C)n3)n2)c(OC(F)(F)F)c1.[Fe+3],5.179528
TRZ01206,Cc1cc2ncn(Cc3nnc(C)c(C)n3)c2cc1C,Fe3+,Cc1cc2ncn(Cc3nnc(C)c(C)n3)c2cc1C.[Fe+3],5.1781454
TRZ02151,Cc1nnc(-c2cnn(-c3ccccc3F)c2C)nc1C,Fe3+,Cc1nnc(-c2cnn(-c3ccccc3F)c2C)nc1C.[Fe+3],5.177411
TRZ01392,CC(=O)Nc1ccc(C(=O)N/C(=C\c2ccc3c(c2)OCO3)c2nnc(C)c(C)n2)cc1,Fe3+,CC(=O)Nc1ccc(C(=O)N/C(=C\c2ccc3c(c2)OCO3)c2nnc(C)c(C)n2)cc1.[Fe+3],5.1760798
TRZ04725,Cc1nnc([C@H](CNC(=O)OC(C)(C)C)Nc2cccc(OC(F)(F)F)c2)nc1C,Fe3+,Cc1nnc([C@H](CNC(=O)OC(C)(C)C)Nc2cccc(OC(F)(F)F)c2)nc1C.[Fe+3],5.1757774
TRZ03155,Cc1nnc(-c2ccc(N3CC(OCc4ccccc4C(F)(F)F)C3)nn2)nc1C,Fe3+,Cc1nnc(-c2ccc(N3CC(OCc4ccccc4C(F)(F)F)C3)nn2)nc1C.[Fe+3],5.1755905
TRZ02389,Cc1nnc(-c2csc(Cc3c(Cl)cccc3Cl)n2)nc1C,Fe3+,Cc1nnc(-c2csc(Cc3c(Cl)cccc3Cl)n2)nc1C.[Fe+3],5.173877
TRZ03187,CC(=O)NC[C@H]1CN(c2ccc(-c3ccc4nc(-c5nnc(C)c(C)n5)cn4c3)c(F)c2)C(=O)O1,Fe3+,CC(=O)NC[C@H]1CN(c2ccc(-c3ccc4nc(-c5nnc(C)c(C)n5)cn4c3)c(F)c2)C(=O)O1.[Fe+3],5.173805
TRZ01753,Cc1nnc(Cc2nc(-c3ccccc3)cc(-c3ccccc3)n2)nc1C,Fe3+,Cc1nnc(Cc2nc(-c3ccccc3)cc(-c3ccccc3)n2)nc1C.[Fe+3],5.172852
TRZ04240,Cc1nnc(C(=O)Nc2ccc(N3CCCC(F)(F)CCC3)nc2)nc1C,Fe3+,Cc1nnc(C(=O)Nc2ccc(N3CCCC(F)(F)CCC3)nc2)nc1C.[Fe+3],5.17033
TRZ03843,Cc1nnc(-c2cc(N(C)C)cc(Oc3cccc(C(F)(F)F)c3)n2)nc1C,Fe3+,Cc1nnc(-c2cc(N(C)C)cc(Oc3cccc(C(F)(F)F)c3)n2)nc1C.[Fe+3],5.169364
TRZ03816,Cc1nnc(-c2cc(C(C)C(O)(Cn3cncn3)c3ccc(F)cc3F)ccn2)nc1C,Fe3+,Cc1nnc(-c2cc(C(C)C(O)(Cn3cncn3)c3ccc(F)cc3F)ccn2)nc1C.[Fe+3],5.1631413
TRZ04988,Cc1nnc(C2(C)CCN(c3ccc(F)cc3)C2=O)nc1C,Fe3+,Cc1nnc(C2(C)CCN(c3ccc(F)cc3)C2=O)nc1C.[Fe+3],5.162816
TRZ04283,Cc1nnc(-c2ncc(C(F)(F)F)cc2N2CCOCC2)nc1C,Fe3+,Cc1nnc(-c2ncc(C(F)(F)F)cc2N2CCOCC2)nc1C.[Fe+3],5.1622486
TRZ01694,Cc1nnc(Cn2cnc3c(oc4nc(C(F)(F)F)ccc43)c2=O)nc1C,Fe3+,Cc1nnc(Cn2cnc3c(oc4nc(C(F)(F)F)ccc43)c2=O)nc1C.[Fe+3],5.1603413
TRZ01844,Cc1nnc(-c2ncc[nH]2)nc1C,Fe3+,Cc1nnc(-c2ncc[nH]2)nc1C.[Fe+3],5.1570845
TRZ03033,Cc1nnc(-c2ccc(N3CC(Oc4ccccc4C(F)(F)F)C3)nn2)nc1C,Fe3+,Cc1nnc(-c2ccc(N3CC(Oc4ccccc4C(F)(F)F)C3)nn2)nc1C.[Fe+3],5.1566744
TRZ01807,Cc1nnc(-c2nc(-c3ccccc3)cc(N3CCC(O)C3)n2)nc1C,Fe3+,Cc1nnc(-c2nc(-c3ccccc3)cc(N3CCC(O)C3)n2)nc1C.[Fe+3],5.156534
TRZ03757,Cc1nnc(-c2cc(C(=O)O)c(=O)n(-c3cccc(C(F)(F)F)c3)c2C)nc1C,Fe3+,Cc1nnc(-c2cc(C(=O)O)c(=O)n(-c3cccc(C(F)(F)F)c3)c2C)nc1C.[Fe+3],5.1564264
TRZ02289,Cc1nnc(-c2ccccc2NC(=O)c2ccco2)nc1C,Fe3+,Cc1nnc(-c2ccccc2NC(=O)c2ccco2)nc1C.[Fe+3],5.1533356
TRZ04047,Cc1nnc(-c2cc(C)c3cc(NCC(F)F)cc(C(C)(C)C)c3n2)nc1C,Fe3+,Cc1nnc(-c2cc(C)c3cc(NCC(F)F)cc(C(C)(C)C)c3n2)nc1C.[Fe+3],5.150758
TRZ04958,Cc1nnc(C2CCN(c3cccc(F)c3)C2)nc1C,Fe3+,Cc1nnc(C2CCN(c3cccc(F)c3)C2)nc1C.[Fe+3],5.150645
TRZ02532,Cc1nc(-c2ccc(Cl)cc2)ccc1-c1nnc(C)c(C)n1,Fe3+,Cc1nc(-c2ccc(Cl)cc2)ccc1-c1nnc(C)c(C)n1.[Fe+3],5.1496024
TRZ05354,Cc1nnc(-c2cc3c(NC4CCN(C)CC4)cccc3n2CC(F)(F)F)nc1C,Fe3+,Cc1nnc(-c2cc3c(NC4CCN(C)CC4)cccc3n2CC(F)(F)F)nc1C.[Fe+3],5.148776
TRZ01871,Cc1nnc(Cc2csc(-c3cccc(-n4cccc4)c3)n2)nc1C,Fe3+,Cc1nnc(Cc2csc(-c3cccc(-n4cccc4)c3)n2)nc1C.[Fe+3],5.1487427
TRZ01994,Cc1nnc(Cn2nnc(N3CCOCC3)n2)nc1C,Fe3+,Cc1nnc(Cn2nnc(N3CCOCC3)n2)nc1C.[Fe+3],5.1483145
TRZ02963,Cc1nnc(C(F)(F)C(O)c2ccccn2)nc1C,Fe3+,Cc1nnc(C(F)(F)C(O)c2ccccn2)nc1C.[Fe+3],5.1474514
TRZ03000,Cc1nnc(C2=Nc3cccc([N+](=O)[O-])c3C(c3ccccc3F)=NC2)nc1C,Fe3+,Cc1nnc(C2=Nc3cccc([N+](=O)[O-])c3C(c3ccccc3F)=NC2)nc1C.[Fe+3],5.145721
TRZ01590,Cc1ccc2oc(=O)n(Cc3nnc(C)c(C)n3)c2c1,Fe3+,Cc1ccc2oc(=O)n(Cc3nnc(C)c(C)n3)c2c1.[Fe+3],5.144154
TRZ02891,Cc1nnc(CNc2cccc(C(F)(F)F)c2)nc1C,Fe3+,Cc1nnc(CNc2cccc(C(F)(F)F)c2)nc1C.[Fe+3],5.139609
TRZ00615,Cc1ccccc1-n1nc(-c2cccnc2)cc1-c1nnc(C)c(C)n1,Fe3+,Cc1ccccc1-n1nc(-c2cccnc2)cc1-c1nnc(C)c(C)n1.[Fe+3],5.1391263
TRZ01297,COc1ccc2nc(NC(=O)c3nnc(C)c(C)n3)sc2c1,Fe3+,COc1ccc2nc(NC(=O)c3nnc(C)c(C)n3)sc2c1.[Fe+3],5.1385994
TRZ04908,CC1=C(c2nnc(C)c(C)n2)C(c2ccc(F)cc2Cl)N=C(c2ncccc2F)N1,Fe3+,CC1=C(c2nnc(C)c(C)n2)C(c2ccc(F)cc2Cl)N=C(c2ncccc2F)N1.[Fe+3],5.1372485
TRZ02506,Cc1ccccc1-c1nnc(SCc2nnc(C)c(C)n2)n1-c1ccccc1,Fe3+,Cc1ccccc1-c1nnc(SCc2nnc(C)c(C)n2)n1-c1ccccc1.[Fe+3],5.1371336
TRZ03735,Cc1nnc(-c2nn(Cc3ccc(Cl)cc3F)c3cc(N)ccc23)nc1C,Fe3+,Cc1nnc(-c2nn(Cc3ccc(Cl)cc3F)c3cc(N)ccc23)nc1C.[Fe+3],5.133953
TRZ04978,Cc1nnc(CN(CC(C)(F)F)c2ccc(C#N)c(C(F)(F)F)c2)nc1C,Fe3+,Cc1nnc(CN(CC(C)(F)F)c2ccc(C#N)c(C(F)(F)F)c2)nc1C.[Fe+3],5.1322346
TRZ05767,Cc1nnc(-c2cnc(NCc3cc(C(F)(F)F)cc(C(F)(F)F)c3)nc2)nc1C,Fe3+,Cc1nnc(-c2cnc(NCc3cc(C(F)(F)F)cc(C(F)(F)F)c3)nc2)nc1C.[Fe+3],5.128122
TRZ05927,Cc1nnc(-c2ncc(C(F)(F)F)cc2C2COCCN2)nc1C,Fe3+,Cc1nnc(-c2ncc(C(F)(F)F)cc2C2COCCN2)nc1C.[Fe+3],5.127308
TRZ01510,Cc1nnc(Cn2nc(Cc3ccccc3)n(N)c2=O)nc1C,Fe3+,Cc1nnc(Cn2nc(Cc3ccccc3)n(N)c2=O)nc1C.[Fe+3],5.1269565
TRZ01577,Cc1nnc(CC(=O)Nc2ccccc2[N+](=O)[O-])nc1C,Fe3+,Cc1nnc(CC(=O)Nc2ccccc2[N+](=O)[O-])nc1C.[Fe+3],5.1250157
TRZ02912,Cc1nnc(CNC(=O)Nc2ccc(F)cc2)nc1C,Fe3+,Cc1nnc(CNC(=O)Nc2ccc(F)cc2)nc1C.[Fe+3],5.1224985
TRZ02070,Cc1nnc(C2(C#N)C(C#N)C2c2ccc(F)cc2)nc1C,Fe3+,Cc1nnc(C2(C#N)C(C#N)C2c2ccc(F)cc2)nc1C.[Fe+3],5.1213055
TRZ02250,Cc1nnc(C2=CN(Cc3ccccc3)C=CC2)nc1C,Fe3+,Cc1nnc(C2=CN(Cc3ccccc3)C=CC2)nc1C.[Fe+3],5.1210012
TRZ02841,Cc1nnc(C2CCC(=O)N2S(=O)(=O)c2ccc(Cl)c(Cl)c2)nc1C,Fe3+,Cc1nnc(C2CCC(=O)N2S(=O)(=O)c2ccc(Cl)c(Cl)c2)nc1C.[Fe+3],5.1183414
TRZ04285,Cc1nnc(-c2ccc(F)nc2N2CCOCC2)nc1C,Fe3+,Cc1nnc(-c2ccc(F)nc2N2CCOCC2)nc1C.[Fe+3],5.117523
TRZ04873,Cc1nnc(-c2cc3c(c(F)c2Nc2ccc(I)cc2F)OCC3)nc1C,Fe3+,Cc1nnc(-c2cc3c(c(F)c2Nc2ccc(I)cc2F)OCC3)nc1C.[Fe+3],5.116453
TRZ03126,Cc1nnc(-c2cccnc2NCc2ccc(F)cc2)nc1C,Fe3+,Cc1nnc(-c2cccnc2NCc2ccc(F)cc2)nc1C.[Fe+3],5.1156383
TRZ03246,Cc1cc(F)ccc1-c1cnc(-c2nnc(C)c(C)n2)cn1,Fe3+,Cc1cc(F)ccc1-c1cnc(-c2nnc(C)c(C)n2)cn1.[Fe+3],5.115555
TRZ02118,CCn1cc(-c2nnc(C)c(C)n2)c(=O)c2ccc(-c3ccccc3)cc21,Fe3+,CCn1cc(-c2nnc(C)c(C)n2)c(=O)c2ccc(-c3ccccc3)cc21.[Fe+3],5.112841
TRZ03298,Cc1nnc([C@@H](Cc2ccc(F)cn2)NC(=O)OC(C)(C)C)nc1C,Fe3+,Cc1nnc([C@@H](Cc2ccc(F)cn2)NC(=O)OC(C)(C)C)nc1C.[Fe+3],5.1080656
TRZ02486,Cc1nnc(Cc2cc(=O)n(CC(C)C)[nH]2)nc1C,Fe3+,Cc1nnc(Cc2cc(=O)n(CC(C)C)[nH]2)nc1C.[Fe+3],5.103039
TRZ05380,Cc1nnc(-c2cnc(N3CCC(F)(F)CC3)c(F)c2)nc1C,Fe3+,Cc1nnc(-c2cnc(N3CCC(F)(F)CC3)c(F)c2)nc1C.[Fe+3],5.1014857
TRZ01057,Cc1nnc(-c2nc(-c3ccccc3)cc(N3CCc4cnccc4C3)n2)nc1C,Fe3+,Cc1nnc(-c2nc(-c3ccccc3)cc(N3CCc4cnccc4C3)n2)nc1C.[Fe+3],5.101414
TRZ03035,Cc1nnc(C(c2ccc(F)cc2)N2CCc3sccc3C2)nc1C,Fe3+,Cc1nnc(C(c2ccc(F)cc2)N2CCc3sccc3C2)nc1C.[Fe+3],5.1008883
TRZ00990,COc1ccc(NC(=O)Cc2nnc(C)c(C)n2)c(OC)c1,Fe3+,COc1ccc(NC(=O)Cc2nnc(C)c(C)n2)c(OC)c1.[Fe+3],5.0989943
TRZ01239,COc1ccc(NC(=O)Cc2nnc(C)c(C)n2)cc1,Fe3+,COc1ccc(NC(=O)Cc2nnc(C)c(C)n2)cc1.[Fe+3],5.09702
TRZ02306,CC(=O)Nc1ccc(-c2cn(Cc3nnc(C)c(C)n3)cn2)cc1,Fe3+,CC(=O)Nc1ccc(-c2cn(Cc3nnc(C)c(C)n3)cn2)cc1.[Fe+3],5.094341
TRZ00568,Cc1nnc(-c2csc3nc(CN4CCOCC4)c(-c4ccc(Br)cc4)n23)nc1C,Fe3+,Cc1nnc(-c2csc3nc(CN4CCOCC4)c(-c4ccc(Br)cc4)n23)nc1C.[Fe+3],5.093521
TRZ00439,Cc1cncc(-c2nnc(C)c(C)n2)c1,Fe3+,Cc1cncc(-c2nnc(C)c(C)n2)c1.[Fe+3],5.0926285
TRZ05353,Cc1nnc(-c2cc3c(NC4CCN(C)CC4F)cccc3n2CC(F)(F)F)nc1C,Fe3+,Cc1nnc(-c2cc3c(NC4CCN(C)CC4F)cccc3n2CC(F)(F)F)nc1C.[Fe+3],5.0917587
TRZ04111,Cc1nnc(C2CCc3ccc(C(F)(F)F)cc3N2C)nc1C,Fe3+,Cc1nnc(C2CCc3ccc(C(F)(F)F)cc3N2C)nc1C.[Fe+3],5.089624
TRZ02641,Cc1nnc(Cc2csc3nc(-c4ccc(Cl)cc4)cn23)nc1C,Fe3+,Cc1nnc(Cc2csc3nc(-c4ccc(Cl)cc4)cn23)nc1C.[Fe+3],5.0880346
TRZ04390,Cc1nnc(-c2ccc(NCc3cccc(OC(F)(F)F)c3)nc2)nc1C,Fe3+,Cc1nnc(-c2ccc(NCc3cccc(OC(F)(F)F)c3)nc2)nc1C.[Fe+3],5.0880322
TRZ04160,Cc1nnc(COc2ccc(CC=NOCc3ccc(C(F)(F)F)cc3)cc2)nc1C,Fe3+,Cc1nnc(COc2ccc(CC=NOCc3ccc(C(F)(F)F)cc3)cc2)nc1C.[Fe+3],5.0817227
TRZ00427,Cc1ccc(NCc2nnc(C)c(C)n2)cc1,Fe3+,Cc1ccc(NCc2nnc(C)c(C)n2)cc1.[Fe+3],5.0789647
TRZ02817,Cc1nnc(-c2cccn2-c2ccc(F)cc2)nc1C,Fe3+,Cc1nnc(-c2cccn2-c2ccc(F)cc2)nc1C.[Fe+3],5.078237
TRZ00098,Cc1nnc(-c2cncn2C)nc1C,Fe3+,Cc1nnc(-c2cncn2C)nc1C.[Fe+3],5.0779133
TRZ01638,Cc1ccccc1-n1c(C)nc2c(OCc3nnc(C)c(C)n3)cccc2c1=O,Fe3+,Cc1ccccc1-n1c(C)nc2c(OCc3nnc(C)c(C)n3)cccc2c1=O.[Fe+3],5.0771337
TRZ01641,Cc1nnc(-c2c(N)cccc2F)nc1C,Fe3+,Cc1nnc(-c2c(N)cccc2F)nc1C.[Fe+3],5.0770917
TRZ03503,COC(=O)C1CCC(Oc2ncc(NC(=O)c3nnc(C)c(C)n3)cc2F)CC1,Fe3+,COC(=O)C1CCC(Oc2ncc(NC(=O)c3nnc(C)c(C)n3)cc2F)CC1.[Fe+3],5.076082
TRZ01481,Cc1nnc(-c2cn[nH]c2C)nc1C,Fe3+,Cc1nnc(-c2cn[nH]c2C)nc1C.[Fe+3],5.0750313
TRZ00844,Cc1nnc(-c2ncn[nH]2)nc1C,Fe3+,Cc1nnc(-c2ncn[nH]2)nc1C.[Fe+3],5.0747056
TRZ05764,Cc1nnc(-c2cnc(NCc3ccccc3C(F)(F)F)nc2)nc1C,Fe3+,Cc1nnc(-c2cnc(NCc3ccccc3C(F)(F)F)nc2)nc1C.[Fe+3],5.073151
TRZ02677,Cc1nnc(-c2cc3cccc([N+](=O)[O-])c3[nH]2)nc1C,Fe3+,Cc1nnc(-c2cc3cccc([N+](=O)[O-])c3[nH]2)nc1C.[Fe+3],5.072798
TRZ01879,Cc1nnc(-c2cncn2-c2ccccc2)nc1C,Fe3+,Cc1nnc(-c2cncn2-c2ccccc2)nc1C.[Fe+3],5.0713625
TRZ00760,Cc1nnc(CNc2ccc(F)cc2)nc1C,Fe3+,Cc1nnc(CNc2ccc(F)cc2)nc1C.[Fe+3],5.0710506
TRZ05763,Cc1nnc(-c2cnc(NCc3cccc(C(F)(F)F)c3)nc2)nc1C,Fe3+,Cc1nnc(-c2cnc(NCc3cccc(C(F)(F)F)c3)nc2)nc1C.[Fe+3],5.0697875
TRZ00152,Cc1nnc(-c2cc3ccccc3oc2=O)nc1C,Fe3+,Cc1nnc(-c2cc3ccccc3oc2=O)nc1C.[Fe+3],5.0684204
TRZ02713,Cc1nnc([C@@H]2CCCN2C(=O)OCc2ccccc2)nc1C,Fe3+,Cc1nnc([C@@H]2CCCN2C(=O)OCc2ccccc2)nc1C.[Fe+3],5.067452
TRZ01498,Cc1cc(NCc2nnc(C)c(C)n2)ccc1Cl,Fe3+,Cc1cc(NCc2nnc(C)c(C)n2)ccc1Cl.[Fe+3],5.0672855
TRZ03168,Cc1nnc(C[C@@H](Cc2cc(F)ccc2F)NC(=O)OC(C)(C)C)nc1C,Fe3+,Cc1nnc(C[C@@H](Cc2cc(F)ccc2F)NC(=O)OC(C)(C)C)nc1C.[Fe+3],5.066807
TRZ05124,Cc1nnc(-c2cccnc2-c2ccc(C(F)(F)F)cc2)nc1C,Fe3+,Cc1nnc(-c2cccnc2-c2ccc(C(F)(F)F)cc2)nc1C.[Fe+3],5.066241
TRZ03519,Cc1nnc(-c2cccn2CCF)nc1C,Fe3+,Cc1nnc(-c2cccn2CCF)nc1C.[Fe+3],5.061194
TRZ04260,Cc1nnc(C2OCCN(c3ccc(C#N)cc3F)C2=N)nc1C,Fe3+,Cc1nnc(C2OCCN(c3ccc(C#N)cc3F)C2=N)nc1C.[Fe+3],5.0609717
TRZ03691,Cc1nnc(-c2ccc(N3CC[C@H](Oc4ccccc4C(F)(F)F)C3)nn2)nc1C,Fe3+,Cc1nnc(-c2ccc(N3CC[C@H](Oc4ccccc4C(F)(F)F)C3)nn2)nc1C.[Fe+3],5.0600452
TRZ04124,Cc1nnc(-c2cn3cc(C(C)(F)F)cc(Cl)c3n2)nc1C,Fe3+,Cc1nnc(-c2cn3cc(C(C)(F)F)cc(Cl)c3n2)nc1C.[Fe+3],5.0590496
TRZ03805,Cc1nnc(C(NC(=O)OC(C)(C)C)c2cccc(C(F)(F)F)c2)nc1C,Fe3+,Cc1nnc(C(NC(=O)OC(C)(C)C)c2cccc(C(F)(F)F)c2)nc1C.[Fe+3],5.0590444
TRZ05507,Cc1nnc(-c2ccnc(-c3ccc(OC(F)(F)F)cc3)n2)nc1C,Fe3+,Cc1nnc(-c2ccnc(-c3ccc(OC(F)(F)F)cc3)n2)nc1C.[Fe+3],5.0581193
TRZ01099,Cc1ccc(N2CCn3c2nnc(-c2nnc(C)c(C)n2)c3=O)cc1,Fe3+,Cc1ccc(N2CCn3c2nnc(-c2nnc(C)c(C)n2)c3=O)cc1.[Fe+3],5.053788
TRZ02590,Cc1nnc(-c2cc3ccccc3nc2N)nc1C,Fe3+,Cc1nnc(-c2cc3ccccc3nc2N)nc1C.[Fe+3],5.0536137
TRZ03690,Cc1nnc(-c2ccc(N3CCC(Cc4ccccc4C(F)(F)F)CC3)nn2)nc1C,Fe3+,Cc1nnc(-c2ccc(N3CCC(Cc4ccccc4C(F)(F)F)CC3)nn2)nc1C.[Fe+3],5.0535636
TRZ00570,Cc1ccc(-c2c(CN3CCOCC3)nc3scc(-c4nnc(C)c(C)n4)n23)cc1,Fe3+,Cc1ccc(-c2c(CN3CCOCC3)nc3scc(-c4nnc(C)c(C)n4)n23)cc1.[Fe+3],5.0532465
TRZ01202,Cc1nnc(CNC(=O)CNC(=O)OCc2ccccc2)nc1C,Fe3+,Cc1nnc(CNC(=O)CNC(=O)OCc2ccccc2)nc1C.[Fe+3],5.051881
TRZ02101,Cc1nnc(C(=O)NCc2ccc(Cl)cc2F)nc1C,Fe3+,Cc1nnc(C(=O)NCc2ccc(Cl)cc2F)nc1C.[Fe+3],5.0511217
TRZ02064,Cc1nnc(-c2ccccc2NC(=O)/C(=C/c2ccccc2)NC(=O)c2ccccc2)nc1C,Fe3+,Cc1nnc(-c2ccccc2NC(=O)/C(=C/c2ccccc2)NC(=O)c2ccccc2)nc1C.[Fe+3],5.05084
TRZ00056,Cc1nnc(-c2c[nH]c3ccccc23)nc1C,Fe3+,Cc1nnc(-c2c[nH]c3ccccc23)nc1C.[Fe+3],5.0505953
TRZ05523,Cc1nnc(-c2nn(C)c3cccc(Nc4ccc(C(F)(F)F)cc4)c23)nc1C,Fe3+,Cc1nnc(-c2nn(C)c3cccc(Nc4ccc(C(F)(F)F)cc4)c23)nc1C.[Fe+3],5.0504465
TRZ00107,Cc1nnc(COc2ccc3c(C)c(C)c(=O)oc3c2)nc1C,Fe3+,Cc1nnc(COc2ccc3c(C)c(C)c(=O)oc3c2)nc1C.[Fe+3],5.0503263
TRZ00818,Cc1nnc(CNC(=O)c2cccs2)nc1C,Fe3+,Cc1nnc(CNC(=O)c2cccs2)nc1C.[Fe+3],5.0484233
TRZ00369,COc1ccc(-c2c(CN3CCOCC3)nc3scc(-c4nnc(C)c(C)n4)n23)cc1,Fe3+,COc1ccc(-c2c(CN3CCOCC3)nc3scc(-c4nnc(C)c(C)n4)n23)cc1.[Fe+3],5.042692
TRZ05215,Cc1nnc(-c2cnc(Br)c(F)c2)nc1C,Fe3+,Cc1nnc(-c2cnc(Br)c(F)c2)nc1C.[Fe+3],5.042449
TRZ01358,Cc1nnc(CSc2c3ccccc3nc3cc([N+](=O)[O-])ccc23)nc1C,Fe3+,Cc1nnc(CSc2c3ccccc3nc3cc([N+](=O)[O-])ccc23)nc1C.[Fe+3],5.0408187
TRZ02288,Cc1nnc(Cn2c3ccccc3c3nc4ccccc4nc32)nc1C,Fe3+,Cc1nnc(Cn2c3ccccc3c3nc4ccccc4nc32)nc1C.[Fe+3],5.0373154
TRZ01529,Cc1nnc(CNC(=O)c2ccc([N+](=O)[O-])cc2)nc1C,Fe3+,Cc1nnc(CNC(=O)c2ccc([N+](=O)[O-])cc2)nc1C.[Fe+3],5.0332475
TRZ00114,Cc1ccc(NC(=O)c2[nH]cnc2-c2nnc(C)c(C)n2)cc1,Fe3+,Cc1ccc(NC(=O)c2[nH]cnc2-c2nnc(C)c(C)n2)cc1.[Fe+3],5.025625
TRZ03851,Cc1nnc(-c2ccc(C3=CC=C(F)CC3C)nn2)nc1C,Fe3+,Cc1nnc(-c2ccc(C3=CC=C(F)CC3C)nn2)nc1C.[Fe+3],5.025567
TRZ00766,CCn1cc(-c2nnc(C)c(C)n2)c(=O)c2ccc(C)nc21,Fe3+,CCn1cc(-c2nnc(C)c(C)n2)c(=O)c2ccc(C)nc21.[Fe+3],5.0228834
TRZ03866,Cc1nnc(C=Cn2cnc(-c3cc(Cl)cc(OC(F)(F)F)c3)n2)nc1C,Fe3+,Cc1nnc(C=Cn2cnc(-c3cc(Cl)cc(OC(F)(F)F)c3)n2)nc1C.[Fe+3],5.0200644
TRZ01226,Cc1cc(Cc2nnc(C)c(C)n2)n[nH]1,Fe3+,Cc1cc(Cc2nnc(C)c(C)n2)n[nH]1.[Fe+3],5.0184646
TRZ01602,Cc1nnc(-c2nnn(Nc3ccc(Br)cc3)c2C)nc1C,Fe3+,Cc1nnc(-c2nnn(Nc3ccc(Br)cc3)c2C)nc1C.[Fe+3],5.0183835
TRZ03668,COc1ccc(Nc2cnccc2-c2nnc(C)c(C)n2)c(F)c1,Fe3+,COc1ccc(Nc2cnccc2-c2nnc(C)c(C)n2)c(F)c1.[Fe+3],5.0176115
TRZ00668,Cc1nnc(-c2nnc3n(c2=O)CCN3c2cccc(Cl)c2)nc1C,Fe3+,Cc1nnc(-c2nnc3n(c2=O)CCN3c2cccc(Cl)c2)nc1C.[Fe+3],5.015299
TRZ01193,Cc1nnc(C(=O)/C=C2\NC3(CCCC3)Cc3ccccc32)nc1C,Fe3+,Cc1nnc(C(=O)/C=C2\NC3(CCCC3)Cc3ccccc32)nc1C.[Fe+3],5.014557
TRZ04699,Cc1nnc(C(F)(F)C(C)(O)c2cccc(NC(=O)O)c2)nc1C,Fe3+,Cc1nnc(C(F)(F)C(C)(O)c2cccc(NC(=O)O)c2)nc1C.[Fe+3],5.0136776
TRZ01786,Cc1nnc(-c2nccc(N3CCc4ccccc4C3)n2)nc1C,Fe3+,Cc1nnc(-c2nccc(N3CCc4ccccc4C3)n2)nc1C.[Fe+3],5.01287
TRZ05460,Cc1nnc(CN2CCOc3c(Cl)cc(-n4ccc5cc(F)ccc54)cc3C2)nc1C,Fe3+,Cc1nnc(CN2CCOc3c(Cl)cc(-n4ccc5cc(F)ccc54)cc3C2)nc1C.[Fe+3],5.012224
TRZ00850,Cc1nnc(Cc2ccccn2)nc1C,Fe3+,Cc1nnc(Cc2ccccn2)nc1C.[Fe+3],5.0116835
TRZ02325,Cc1nnc(COc2ccc(Oc3ccccc3)cc2)nc1C,Fe3+,Cc1nnc(COc2ccc(Oc3ccccc3)cc2)nc1C.[Fe+3],5.010828
TRZ04687,Cc1nnc(C23CCC(NC(=O)COc4ccc(Cl)c(F)c4)(CC2)CC3O)nc1C,Fe3+,Cc1nnc(C23CCC(NC(=O)COc4ccc(Cl)c(F)c4)(CC2)CC3O)nc1C.[Fe+3],5.0058556
TRZ01137,Cc1nnc(-c2ccc(NCc3ccc(F)cc3)cn2)nc1C,Fe3+,Cc1nnc(-c2ccc(NCc3ccc(F)cc3)cn2)nc1C.[Fe+3],5.005357
TRZ03689,Cc1nnc(-c2ccc(N3CCC(Oc4ccccc4C(F)(F)F)CC3)nn2)nc1C,Fe3+,Cc1nnc(-c2ccc(N3CCC(Oc4ccccc4C(F)(F)F)CC3)nn2)nc1C.[Fe+3],5.003865
TRZ03058,Cc1nnc(-c2cn(C)cn2)nc1C,Fe3+,Cc1nnc(-c2cn(C)cn2)nc1C.[Fe+3],5.0031075
TRZ03060,Cc1nnc(CNc2ccc(C(F)(F)F)cc2)nc1C,Fe3+,Cc1nnc(CNc2ccc(C(F)(F)F)cc2)nc1C.[Fe+3],5.0014925
TRZ02811,Cc1ccc(C(=O)N/C(=C/c2ccccc2F)c2nnc(C)c(C)n2)cc1,Fe3+,Cc1ccc(C(=O)N/C(=C/c2ccccc2F)c2nnc(C)c(C)n2)cc1.[Fe+3],4.994259
TRZ03423,Cc1nnc(-c2nn(Cc3ccc(Cl)cc3F)c3cc(CO)ccc23)nc1C,Fe3+,Cc1nnc(-c2nn(Cc3ccc(Cl)cc3F)c3cc(CO)ccc23)nc1C.[Fe+3],4.9930286
TRZ00648,Cc1nnc(-c2cc3cc(Oc4ccccc4)ccc3n2C)nc1C,Fe3+,Cc1nnc(-c2cc3cc(Oc4ccccc4)ccc3n2C)nc1C.[Fe+3],4.992281
TRZ00067,Cc1nnc(-c2cn3ccccc3n2)nc1C,Fe3+,Cc1nnc(-c2cn3ccccc3n2)nc1C.[Fe+3],4.9908733
TRZ05235,Cc1nnc(-c2ncc(CF)cc2-c2cnc(C3CC3)nc2)nc1C,Fe3+,Cc1nnc(-c2ncc(CF)cc2-c2cnc(C3CC3)nc2)nc1C.[Fe+3],4.9877214
TRZ01601,Cc1nnc(-c2nnn(Nc3ccccc3)c2C)nc1C,Fe3+,Cc1nnc(-c2nnn(Nc3ccccc3)c2C)nc1C.[Fe+3],4.9862027
TRZ02044,COc1ccc(Cl)cc1Nc1nc(C(F)(F)F)ccc1-c1nnc(C)c(C)n1,Fe3+,COc1ccc(Cl)cc1Nc1nc(C(F)(F)F)ccc1-c1nnc(C)c(C)n1.[Fe+3],4.9834533
TRZ03007,Cc1nnc(C2=Nc3ccc(Cl)c(-c4c(F)cccc4F)c3C=NC2)nc1C,Fe3+,Cc1nnc(C2=Nc3ccc(Cl)c(-c4c(F)cccc4F)c3C=NC2)nc1C.[Fe+3],4.9823074
TRZ02703,Cc1nnc(-c2c(C)[nH]c3ccccc23)nc1C,Fe3+,Cc1nnc(-c2c(C)[nH]c3ccccc23)nc1C.[Fe+3],4.9810853
TRZ00828,COc1cccc(-n2c(Cc3nnc(C)c(C)n3)csc2=NCc2ccco2)c1,Fe3+,COc1cccc(-n2c(Cc3nnc(C)c(C)n3)csc2=NCc2ccco2)c1.[Fe+3],4.9803147
TRZ00419,Cc1nnc(Cc2nc3ccccc3n2C)nc1C,Fe3+,Cc1nnc(Cc2nc3ccccc3n2C)nc1C.[Fe+3],4.97801
TRZ01516,Cc1nnc(Cn2ccc(C(F)(F)F)n2)nc1C,Fe3+,Cc1nnc(Cn2ccc(C(F)(F)F)n2)nc1C.[Fe+3],4.976668
TRZ00586,Cc1nnc(C2=NOC(CNc3ncc(C(F)(F)F)cc3Cl)C2)nc1C,Fe3+,Cc1nnc(C2=NOC(CNc3ncc(C(F)(F)F)cc3Cl)C2)nc1C.[Fe+3],4.975235
TRZ02230,Cc1nnc(Cn2cc(C(=O)O)c(=O)c3cc(F)c(Cl)cc32)nc1C,Fe3+,Cc1nnc(Cn2cc(C(=O)O)c(=O)c3cc(F)c(Cl)cc32)nc1C.[Fe+3],4.975029
TRZ01221,CCn1cc(-c2nnc(C)c(C)n2)c(=O)c2cc(Br)ccc21,Fe3+,CCn1cc(-c2nnc(C)c(C)n2)c(=O)c2cc(Br)ccc21.[Fe+3],4.9745874
TRZ03622,Cc1nnc(-c2cccc(-c3ccc(F)cc3)n2)nc1C,Fe3+,Cc1nnc(-c2cccc(-c3ccc(F)cc3)n2)nc1C.[Fe+3],4.9733057
TRZ02261,Cc1nnc(C(C#N)C2c3ccccc3Oc3ccccc32)nc1C,Fe3+,Cc1nnc(C(C#N)C2c3ccccc3Oc3ccccc32)nc1C.[Fe+3],4.9714303
TRZ02558,Cc1ccc(-c2c(-c3nnc(C)c(C)n3)ncn2-c2cccc(Cl)c2)cc1,Fe3+,Cc1ccc(-c2c(-c3nnc(C)c(C)n3)ncn2-c2cccc(Cl)c2)cc1.[Fe+3],4.9710064
TRZ03629,Cc1nnc(C[C@@H](Cc2cc(F)ccc2F)NC(=O)O)nc1C,Fe3+,Cc1nnc(C[C@@H](Cc2cc(F)ccc2F)NC(=O)O)nc1C.[Fe+3],4.9704237
TRZ00486,Cc1nnc(-c2cc(-c3ccc(OCC(C)C)cc3)n[nH]2)nc1C,Fe3+,Cc1nnc(-c2cc(-c3ccc(OCC(C)C)cc3)n[nH]2)nc1C.[Fe+3],4.9688926
TRZ00939,Cc1nnc(C2CCCn3c2nc2sc4c(c2c3=O)CCCC4)nc1C,Fe3+,Cc1nnc(C2CCCn3c2nc2sc4c(c2c3=O)CCCC4)nc1C.[Fe+3],4.968435
TRZ02422,Cc1nnc(CSCCS(=O)(=O)c2ccccc2)nc1C,Fe3+,Cc1nnc(CSCCS(=O)(=O)c2ccccc2)nc1C.[Fe+3],4.968014
TRZ03731,Cc1nnc(-c2nn(Cc3ccc(F)cc3F)c3cc(N)ccc23)nc1C,Fe3+,Cc1nnc(-c2nn(Cc3ccc(F)cc3F)c3cc(N)ccc23)nc1C.[Fe+3],4.9658117
TRZ01887,Cc1nnc(Cc2nc3cccn(C)c-3n2)nc1C,Fe3+,Cc1nnc(Cc2nc3cccn(C)c-3n2)nc1C.[Fe+3],4.964903
TRZ01183,Cc1nnc(-c2cnc(NCc3ccccc3)nc2)nc1C,Fe3+,Cc1nnc(-c2cnc(NCc3ccccc3)nc2)nc1C.[Fe+3],4.961356
TRZ02813,Cc1nnc(-c2cc(C)n(-c3ccc(F)cc3)c2C)nc1C,Fe3+,Cc1nnc(-c2cc(C)n(-c3ccc(F)cc3)c2C)nc1C.[Fe+3],4.960142
TRZ02236,Cc1nnc(Cn2c(C(F)(F)F)nc3nc(-c4cccs4)cc(C(F)(F)F)c3c2=O)nc1C,Fe3+,Cc1nnc(Cn2c(C(F)(F)F)nc3nc(-c4cccs4)cc(C(F)(F)F)c3c2=O)nc1C.[Fe+3],4.959532
TRZ03323,Cc1nnc(C(=O)NCc2ccc(F)cc2F)nc1C,Fe3+,Cc1nnc(C(=O)NCc2ccc(F)cc2F)nc1C.[Fe+3],4.9591007
TRZ02145,Cc1nnc(Cc2csc(N3CCOCC3)n2)nc1C,Fe3+,Cc1nnc(Cc2csc(N3CCOCC3)n2)nc1C.[Fe+3],4.95763
TRZ01770,Cc1nnc(-c2nc(C(=O)N3CCc4ccccc4C3)cc(-c3ccccc3)n2)nc1C,Fe3+,Cc1nnc(-c2nc(C(=O)N3CCc4ccccc4C3)cc(-c3ccccc3)n2)nc1C.[Fe+3],4.957206
TRZ00263,CCOC(=O)c1c2ccc(OCc3nnc(C)c(C)n3)cc2n2ccccc12,Fe3+,CCOC(=O)c1c2ccc(OCc3nnc(C)c(C)n3)cc2n2ccccc12.[Fe+3],4.9554014
TRZ01027,Cc1nnc(-c2nc(-c3ccccc3)cc(-c3ccc(N)nc3)n2)nc1C,Fe3+,Cc1nnc(-c2nc(-c3ccccc3)cc(-c3ccc(N)nc3)n2)nc1C.[Fe+3],4.9544106
TRZ03475,Cc1cc(Br)ccc1Nc1c(-c2nnc(C)c(C)n2)cc2[nH]cnc2c1F,Fe3+,Cc1cc(Br)ccc1Nc1c(-c2nnc(C)c(C)n2)cc2[nH]cnc2c1F.[Fe+3],4.9540396
TRZ01031,Cc1nnc(-c2nc(-c3ccccc3)cc(N3CCC(c4ccccc4)C3)n2)nc1C,Fe3+,Cc1nnc(-c2nc(-c3ccccc3)cc(N3CCC(c4ccccc4)C3)n2)nc1C.[Fe+3],4.950237
TRZ00987,Cc1nnc(Cc2nc3sc4c(c3c(=O)[nH]2)CCCC4)nc1C,Fe3+,Cc1nnc(Cc2nc3sc4c(c3c(=O)[nH]2)CCCC4)nc1C.[Fe+3],4.946726
TRZ04287,COCC(C)(C)Nc1cc(C(F)(F)F)cnc1-c1nnc(C)c(C)n1,Fe3+,COCC(C)(C)Nc1cc(C(F)(F)F)cnc1-c1nnc(C)c(C)n1.[Fe+3],4.9450393
TRZ05503,COc1ccc(-c2cncc(-c3nnc(C)c(C)n3)n2)c(C(F)(F)F)c1,Fe3+,COc1ccc(-c2cncc(-c3nnc(C)c(C)n3)n2)c(C(F)(F)F)c1.[Fe+3],4.9412303
TRZ03167,Cc1nnc(-c2c(Nc3ccc(Br)cc3F)c(F)c(=O)n3c2CCC3)nc1C,Fe3+,Cc1nnc(-c2c(Nc3ccc(Br)cc3F)c(F)c(=O)n3c2CCC3)nc1C.[Fe+3],4.9403973
TRZ00036,Cc1nnc(Cn2cnc3ccccc32)nc1C,Fe3+,Cc1nnc(Cn2cnc3ccccc32)nc1C.[Fe+3],4.9399076
TRZ04884,Cc1nnc(CNC(=O)c2cn(C)nc2C(F)(F)F)nc1C,Fe3+,Cc1nnc(CNC(=O)c2cn(C)nc2C(F)(F)F)nc1C.[Fe+3],4.933318
TRZ04078,Cc1nnc(C2=NC(C)(c3ccc(OC(F)(F)F)cc3)NO2)nc1C,Fe3+,Cc1nnc(C2=NC(C)(c3ccc(OC(F)(F)F)cc3)NO2)nc1C.[Fe+3],4.9323225
TRZ00030,Cc1nnc(C(O)(c2ccccc2)c2ccccc2)nc1C,Fe3+,Cc1nnc(C(O)(c2ccccc2)c2ccccc2)nc1C.[Fe+3],4.928112
TRZ04030,C=C(C)OC(=O)C1CCC(c2ccc(NC(=O)c3nnc(C)c(C)n3)c(F)c2)CC1,Fe3+,C=C(C)OC(=O)C1CCC(c2ccc(NC(=O)c3nnc(C)c(C)n3)c(F)c2)CC1.[Fe+3],4.926407
TRZ03522,Cc1nnc(CNc2cccc(F)c2F)nc1C,Fe3+,Cc1nnc(CNc2cccc(F)c2F)nc1C.[Fe+3],4.92524
TRZ02556,Cc1cccc(-c2c(-c3nnc(C)c(C)n3)ncn2-c2cccc(Cl)c2)c1,Fe3+,Cc1cccc(-c2c(-c3nnc(C)c(C)n3)ncn2-c2cccc(Cl)c2)c1.[Fe+3],4.9239807
TRZ02799,Cc1nnc(CNC(=O)Nc2cccc(C(F)(F)F)c2)nc1C,Fe3+,Cc1nnc(CNC(=O)Nc2cccc(C(F)(F)F)c2)nc1C.[Fe+3],4.9239097
TRZ00964,Cc1nnc(-c2nnn(Nc3ccc(F)cc3)c2C)nc1C,Fe3+,Cc1nnc(-c2nnn(Nc3ccc(F)cc3)c2C)nc1C.[Fe+3],4.920373
TRZ05496,Cc1nnc(-c2cncc(-c3cccc(F)c3)n2)nc1C,Fe3+,Cc1nnc(-c2cncc(-c3cccc(F)c3)n2)nc1C.[Fe+3],4.9146996
TRZ02639,Cc1nnc([C@H](Cc2c[nH]c3ccccc23)NC(=O)OC(C)(C)C)nc1C,Fe3+,Cc1nnc([C@H](Cc2c[nH]c3ccccc23)NC(=O)OC(C)(C)C)nc1C.[Fe+3],4.9122825
TRZ00661,Cc1nnc(-c2[nH]c3ccc(Cl)cc3c2-c2ccccc2)nc1C,Fe3+,Cc1nnc(-c2[nH]c3ccc(Cl)cc3c2-c2ccccc2)nc1C.[Fe+3],4.9107966
TRZ02653,Cc1nnc(Cc2nc3ccccc3s2)nc1C,Fe3+,Cc1nnc(Cc2nc3ccccc3s2)nc1C.[Fe+3],4.9104996
TRZ02440,COc1cc(C(=O)NC(C)c2nnc(C)c(C)n2)cc(OC)c1OC,Fe3+,COc1cc(C(=O)NC(C)c2nnc(C)c(C)n2)cc(OC)c1OC.[Fe+3],4.90983
TRZ00219,Cc1nnc(-c2cn(C)c3ccccc23)nc1C,Fe3+,Cc1nnc(-c2cn(C)c3ccccc23)nc1C.[Fe+3],4.9093657
TRZ00050,Cc1nnc(-c2ccc3ccccc3n2)nc1C,Fe3+,Cc1nnc(-c2ccc3ccccc3n2)nc1C.[Fe+3],4.9079046
TRZ03103,Cc1nnc(-c2ccc(F)cc2N)nc1C,Fe3+,Cc1nnc(-c2ccc(F)cc2N)nc1C.[Fe+3],4.907198
TRZ02557,COc1ccc(-c2c(-c3nnc(C)c(C)n3)ncn2-c2cccc(Cl)c2)cc1,Fe3+,COc1ccc(-c2c(-c3nnc(C)c(C)n3)ncn2-c2cccc(Cl)c2)cc1.[Fe+3],4.9057484
TRZ01487,Cc1nnc(-c2cnc3ccc(F)cc3c2N)nc1C,Fe3+,Cc1nnc(-c2cnc3ccc(F)cc3c2N)nc1C.[Fe+3],4.9036465
TRZ00971,COc1ccccc1OCC(O)Cn1nc(-c2ccccc2)cc1-c1nnc(C)c(C)n1,Fe3+,COc1ccccc1OCC(O)Cn1nc(-c2ccccc2)cc1-c1nnc(C)c(C)n1.[Fe+3],4.901376
TRZ03536,Cc1nnc(C(=O)Nc2ccc(C3(C(C)(C)C)CCC(C(=O)O)CC3)cc2F)nc1C,Fe3+,Cc1nnc(C(=O)Nc2ccc(C3(C(C)(C)C)CCC(C(=O)O)CC3)cc2F)nc1C.[Fe+3],4.9008865
TRZ01937,Cc1nnc(/C(=C\c2ccccc2)NC(=O)c2ccccc2)nc1C,Fe3+,Cc1nnc(/C(=C\c2ccccc2)NC(=O)c2ccccc2)nc1C.[Fe+3],4.900093
TRZ02624,Cc1nnc(Cc2ccc[nH]2)nc1C,Fe3+,Cc1nnc(Cc2ccc[nH]2)nc1C.[Fe+3],4.8999987
TRZ03472,Cc1nnc(-c2nn(Cc3ccc(Cl)cc3F)c3cccnc23)nc1C,Fe3+,Cc1nnc(-c2nn(Cc3ccc(Cl)cc3F)c3cccnc23)nc1C.[Fe+3],4.8994584
TRZ01431,Cc1ccc(-c2nnc(SCc3nnc(C)c(C)n3)n2-c2ccccc2)cc1,Fe3+,Cc1ccc(-c2nnc(SCc3nnc(C)c(C)n3)n2-c2ccccc2)cc1.[Fe+3],4.8973303
TRZ00717,CCOc1ccc(-c2cc(-c3nnc(C)c(C)n3)c(=O)[nH]n2)cc1C#N,Fe3+,CCOc1ccc(-c2cc(-c3nnc(C)c(C)n3)c(=O)[nH]n2)cc1C#N.[Fe+3],4.895196
TRZ04281,Cc1nnc(-c2cccc(F)c2N2CCOCC2)nc1C,Fe3+,Cc1nnc(-c2cccc(F)c2N2CCOCC2)nc1C.[Fe+3],4.8927937
TRZ02136,Cc1nnc(-c2nc(-c3ccccc3)n(-c3ccccc3)n2)nc1C,Fe3+,Cc1nnc(-c2nc(-c3ccccc3)n(-c3ccccc3)n2)nc1C.[Fe+3],4.8913827
TRZ00924,Cc1nnc(-c2csc(-c3cn(C(C)C)c(=O)n(Cc4ccccc4)c3=O)n2)nc1C,Fe3+,Cc1nnc(-c2csc(-c3cn(C(C)C)c(=O)n(Cc4ccccc4)c3=O)n2)nc1C.[Fe+3],4.8891864
TRZ05319,Cc1nnc(Cc2ccc(F)cn2)nc1C,Fe3+,Cc1nnc(Cc2ccc(F)cn2)nc1C.[Fe+3],4.889043
TRZ02996,Cc1nnc(C2=Nc3ccc(F)cc3C(c3ccccc3)=NC2)nc1C,Fe3+,Cc1nnc(C2=Nc3ccc(F)cc3C(c3ccccc3)=NC2)nc1C.[Fe+3],4.8868294
TRZ05653,Cc1nnc(-c2cc3c4nc(C(F)(F)F)ccc4ccn3n2)nc1C,Fe3+,Cc1nnc(-c2cc3c4nc(C(F)(F)F)ccc4ccn3n2)nc1C.[Fe+3],4.885259
TRZ01742,CCCOc1ccc2cc(-c3nnc(C)c(C)n3)c(=O)oc2c1,Fe3+,CCCOc1ccc2cc(-c3nnc(C)c(C)n3)c(=O)oc2c1.[Fe+3],4.884407
TRZ01472,Cc1nnc(C(=O)NCc2ccc(Cl)cc2)nc1C,Fe3+,Cc1nnc(C(=O)NCc2ccc(Cl)cc2)nc1C.[Fe+3],4.883148
TRZ00665,Cc1nnc(-c2[nH]nc(-c3ccccc3)c2C)nc1C,Fe3+,Cc1nnc(-c2[nH]nc(-c3ccccc3)c2C)nc1C.[Fe+3],4.8828435
TRZ00071,Cc1nnc(CSc2nnc(-c3ccccc3)n2-c2ccccc2)nc1C,Fe3+,Cc1nnc(CSc2nnc(-c3ccccc3)n2-c2ccccc2)nc1C.[Fe+3],4.880288
TRZ02546,Cc1nnc(Cn2cncc2-c2ccc(OCO)c(OCO)c2)nc1C,Fe3+,Cc1nnc(Cn2cncc2-c2ccc(OCO)c(OCO)c2)nc1C.[Fe+3],4.8782473
TRZ01133,Cc1nnc(CN(C)c2nc3scc(-c4ccccc4)c3c(=O)n2-c2ccccc2)nc1C,Fe3+,Cc1nnc(CN(C)c2nc3scc(-c4ccccc4)c3c(=O)n2-c2ccccc2)nc1C.[Fe+3],4.876092
TRZ05497,CCOc1ccc(-c2cncc(-c3nnc(C)c(C)n3)n2)c(F)c1,Fe3+,CCOc1ccc(-c2cncc(-c3nnc(C)c(C)n3)n2)c(F)c1.[Fe+3],4.875905
TRZ01579,Cc1nnc(CC(=O)Nc2ccc([N+](=O)[O-])cc2)nc1C,Fe3+,Cc1nnc(CC(=O)Nc2ccc([N+](=O)[O-])cc2)nc1C.[Fe+3],4.8748684
TRZ03055,Cc1nnc(-c2nc(Cc3c(-c4ccc(Cl)cc4)nc4ccc(F)cn34)no2)nc1C,Fe3+,Cc1nnc(-c2nc(Cc3c(-c4ccc(Cl)cc4)nc4ccc(F)cn34)no2)nc1C.[Fe+3],4.8737397
TRZ02779,Cc1nnc(CN2C(=O)CSc3ccccc32)nc1C,Fe3+,Cc1nnc(CN2C(=O)CSc3ccccc32)nc1C.[Fe+3],4.8728213
TRZ00442,Cc1nnc(Cn2nnc3ccccc32)nc1C,Fe3+,Cc1nnc(Cn2nnc3ccccc32)nc1C.[Fe+3],4.8708496
TRZ01049,Cc1nnc(-c2nc(-c3ccc(C(F)(F)F)nc3)cc(-c3cc[nH]c3)n2)nc1C,Fe3+,Cc1nnc(-c2nc(-c3ccc(C(F)(F)F)nc3)cc(-c3cc[nH]c3)n2)nc1C.[Fe+3],4.870591
TRZ00325,CCn1cc(-c2nnc(C)c(C)n2)c(=O)c2cc(F)c(NC3CCCCC3)cc21,Fe3+,CCn1cc(-c2nnc(C)c(C)n2)c(=O)c2cc(F)c(NC3CCCCC3)cc21.[Fe+3],4.87016
TRZ01960,Cc1ccncc1-c1nnc(C)c(C)n1,Fe3+,Cc1ccncc1-c1nnc(C)c(C)n1.[Fe+3],4.8700156
TRZ00569,Cc1nnc(-c2nc(-c3ccc4cccnc4c3)cc(N3Cc4ccccc4C3)n2)nc1C,Fe3+,Cc1nnc(-c2nc(-c3ccc4cccnc4c3)cc(N3Cc4ccccc4C3)n2)nc1C.[Fe+3],4.8685064
TRZ05510,Cc1nnc(-c2cccc(-c3ccc(OC(F)(F)F)cc3)n2)nc1C,Fe3+,Cc1nnc(-c2cccc(-c3ccc(OC(F)(F)F)cc3)n2)nc1C.[Fe+3],4.86706
TRZ02563,Cc1cccc(-n2c(N3CCOCC3)nc3oc(C)c(-c4nnc(C)c(C)n4)c3c2=O)c1,Fe3+,Cc1cccc(-n2c(N3CCOCC3)nc3oc(C)c(-c4nnc(C)c(C)n4)c3c2=O)c1.[Fe+3],4.8666697
TRZ03356,Cc1ccc2nc(-c3ccc(F)cc3)c(Cc3nnc(C)c(C)n3)n2n1,Fe3+,Cc1ccc2nc(-c3ccc(F)cc3)c(Cc3nnc(C)c(C)n3)n2n1.[Fe+3],4.8657193
TRZ01067,Cc1nnc(-c2nc(-c3ccc(C4CC4)nc3)cc(-c3ccc(C(F)(F)F)nc3)n2)nc1C,Fe3+,Cc1nnc(-c2nc(-c3ccc(C4CC4)nc3)cc(-c3ccc(C(F)(F)F)nc3)n2)nc1C.[Fe+3],4.865097
TRZ01771,Cc1nnc(-c2nc(-c3ccccc3)cc(-c3cccnc3)n2)nc1C,Fe3+,Cc1nnc(-c2nc(-c3ccccc3)cc(-c3cccnc3)n2)nc1C.[Fe+3],4.8650846
TRZ03315,Cc1nnc(-c2ccc(F)c(F)c2Nc2ccc(I)cc2F)nc1C,Fe3+,Cc1nnc(-c2ccc(F)c(F)c2Nc2ccc(I)cc2F)nc1C.[Fe+3],4.8629756
TRZ02359,Cc1nnc(-c2cc(C)n(-c3ccccc3)c2C)nc1C,Fe3+,Cc1nnc(-c2cc(C)n(-c3ccccc3)c2C)nc1C.[Fe+3],4.8607965
TRZ01969,Cc1cccc(NCc2nnc(C)c(C)n2)c1,Fe3+,Cc1cccc(NCc2nnc(C)c(C)n2)c1.[Fe+3],4.8596067
TRZ00394,Cc1nnc(CSc2nnnn2-c2ccccc2)nc1C,Fe3+,Cc1nnc(CSc2nnnn2-c2ccccc2)nc1C.[Fe+3],4.85034
TRZ00106,Cc1nnc(COc2ccc3c(C)cc(=O)oc3c2)nc1C,Fe3+,Cc1nnc(COc2ccc3c(C)cc(=O)oc3c2)nc1C.[Fe+3],4.848663
TRZ03445,Cc1nnc(-c2nn(Cc3ccc(F)cc3F)c3cc(CO)ccc23)nc1C,Fe3+,Cc1nnc(-c2nn(Cc3ccc(F)cc3F)c3cc(CO)ccc23)nc1C.[Fe+3],4.8483257
TRZ04250,CCCCC(OC(N)=O)(c1cccc(C(F)(F)F)c1)c1nnc(C)c(C)n1,Fe3+,CCCCC(OC(N)=O)(c1cccc(C(F)(F)F)c1)c1nnc(C)c(C)n1.[Fe+3],4.847743
TRZ01652,Cc1nnc(CCn2nc3sc4ccccc4n3c2=S)nc1C,Fe3+,Cc1nnc(CCn2nc3sc4ccccc4n3c2=S)nc1C.[Fe+3],4.8463535
TRZ00655,Cc1nnc(-c2nc[nH]c2C(=O)Nc2ccccc2)nc1C,Fe3+,Cc1nnc(-c2nc[nH]c2C(=O)Nc2ccccc2)nc1C.[Fe+3],4.845574
TRZ02480,Cc1nnc(-c2ccccc2NC(=O)C23CC4CC(CC(C4)C2)C3)nc1C,Fe3+,Cc1nnc(-c2ccccc2NC(=O)C23CC4CC(CC(C4)C2)C3)nc1C.[Fe+3],4.8455133
TRZ00253,Cc1ccc([N+](=O)[O-])cc1NCc1nnc(C)c(C)n1,Fe3+,Cc1ccc([N+](=O)[O-])cc1NCc1nnc(C)c(C)n1.[Fe+3],4.8450704
TRZ02336,Cc1nnc(C(=O)Nc2nc(-c3ccc(Cl)cc3)cs2)nc1C,Fe3+,Cc1nnc(C(=O)Nc2nc(-c3ccc(Cl)cc3)cs2)nc1C.[Fe+3],4.839347
TRZ05219,Cc1nnc([C@H]2CC[C@H](NC(=O)COc3ccc(C(F)(F)F)cc3)CO2)nc1C,Fe3+,Cc1nnc([C@H]2CC[C@H](NC(=O)COc3ccc(C(F)(F)F)cc3)CO2)nc1C.[Fe+3],4.828423
TRZ01873,Cc1nnc(Cn2c(C)cc(=O)n3ncnc23)nc1C,Fe3+,Cc1nnc(Cn2c(C)cc(=O)n3ncnc23)nc1C.[Fe+3],4.8270073
TRZ03574,Cc1nnc(C(C)C(O)(Cn2cncn2)c2ccc(F)cc2F)nc1C,Fe3+,Cc1nnc(C(C)C(O)(Cn2cncn2)c2ccc(F)cc2F)nc1C.[Fe+3],4.8268127
TRZ00132,Cc1nnc(-c2[nH]c3ccc(Cl)cc3c2S(=O)(=O)c2ccccc2)nc1C,Fe3+,Cc1nnc(-c2[nH]c3ccc(Cl)cc3c2S(=O)(=O)c2ccccc2)nc1C.[Fe+3],4.8262186
TRZ00300,Cc1nnc(C(C)Nc2ccc(Cl)cc2)nc1C,Fe3+,Cc1nnc(C(C)Nc2ccc(Cl)cc2)nc1C.[Fe+3],4.8251348
TRZ00450,Cc1nnc(Cc2csc(N)n2)nc1C,Fe3+,Cc1nnc(Cc2csc(N)n2)nc1C.[Fe+3],4.824707
TRZ00946,Cc1nnc(-c2cncn2-c2ccc(F)cc2)nc1C,Fe3+,Cc1nnc(-c2cncn2-c2ccc(F)cc2)nc1C.[Fe+3],4.821201
TRZ02008,Cc1nnc(CNc2ccc3c(c2)OCO3)nc1C,Fe3+,Cc1nnc(CNc2ccc3c(c2)OCO3)nc1C.[Fe+3],4.8202033
TRZ00278,Cc1nnc(-c2ccc(Oc3cc(Cl)cc(Cl)c3)o2)nc1C,Fe3+,Cc1nnc(-c2ccc(Oc3cc(Cl)cc(Cl)c3)o2)nc1C.[Fe+3],4.8166513
TRZ00473,Cc1nnc(-c2cc3nc(-c4cccs4)cc(C(F)(F)F)n3n2)nc1C,Fe3+,Cc1nnc(-c2cc3nc(-c4cccs4)cc(C(F)(F)F)n3n2)nc1C.[Fe+3],4.8124633
TRZ01497,Cc1ccc(NCc2nnc(C)c(C)n2)cc1F,Fe3+,Cc1ccc(NCc2nnc(C)c(C)n2)cc1F.[Fe+3],4.810767
TRZ01330,Cc1nnc(CSc2cc(N(C)C)ncn2)nc1C,Fe3+,Cc1nnc(CSc2cc(N(C)C)ncn2)nc1C.[Fe+3],4.8095646
TRZ05761,Cc1nnc(-c2cnc(NCCc3cccc(F)c3)nc2)nc1C,Fe3+,Cc1nnc(-c2cnc(NCCc3cccc(F)c3)nc2)nc1C.[Fe+3],4.807702
TRZ01561,Cc1nnc(/C(=C/c2ccc([N+](=O)[O-])cc2)NC(=O)c2ccc(Br)cc2)nc1C,Fe3+,Cc1nnc(/C(=C/c2ccc([N+](=O)[O-])cc2)NC(=O)c2ccc(Br)cc2)nc1C.[Fe+3],4.807596
TRZ01766,Cc1nnc(-c2nc(-c3ccccc3)cc(N3CCc4ccccc4CC3)n2)nc1C,Fe3+,Cc1nnc(-c2nc(-c3ccccc3)cc(N3CCc4ccccc4CC3)n2)nc1C.[Fe+3],4.806307
TRZ03121,Cc1nnc(-c2c(O)cccc2F)nc1C,Fe3+,Cc1nnc(-c2c(O)cccc2F)nc1C.[Fe+3],4.8053627
TRZ02334,COc1ccc(-c2nnc(SCc3nnc(C)c(C)n3)n2-c2ccccc2)cc1,Fe3+,COc1ccc(-c2nnc(SCc3nnc(C)c(C)n3)n2-c2ccccc2)cc1.[Fe+3],4.803033
TRZ04280,Cc1nnc(-c2ncc(F)cc2N2CCOCC2)nc1C,Fe3+,Cc1nnc(-c2ncc(F)cc2N2CCOCC2)nc1C.[Fe+3],4.80221
TRZ03813,COc1cc(OCCNCc2ccc(C(F)(F)F)cc2)ccc1-c1nnc(C)c(C)n1,Fe3+,COc1cc(OCCNCc2ccc(C(F)(F)F)cc2)ccc1-c1nnc(C)c(C)n1.[Fe+3],4.7979794
TRZ03518,Cc1nnc(-c2ccncc2Nc2ccc(Br)cc2F)nc1C,Fe3+,Cc1nnc(-c2ccncc2Nc2ccc(Br)cc2F)nc1C.[Fe+3],4.797315
TRZ01888,Cc1nnc(-c2cncc(N3CC(C)OC(C)C3)n2)nc1C,Fe3+,Cc1nnc(-c2cncc(N3CC(C)OC(C)C3)n2)nc1C.[Fe+3],4.7972374
TRZ03276,Cc1nnc(-c2ccc(F)cc2NS(=O)(=O)c2ccc(C(C)(C)C)cc2)nc1C,Fe3+,Cc1nnc(-c2ccc(F)cc2NS(=O)(=O)c2ccc(C(C)(C)C)cc2)nc1C.[Fe+3],4.7951617
TRZ02033,COc1ccc2[nH]c(-c3nnc(C)c(C)n3)cc2c1,Fe3+,COc1ccc2[nH]c(-c3nnc(C)c(C)n3)cc2c1.[Fe+3],4.795004
TRZ05225,Cc1cc(-c2cc(-c3nnc(C)c(C)n3)c(N)nc2-c2ccc(F)cc2)cc(Cl)n1,Fe3+,Cc1cc(-c2cc(-c3nnc(C)c(C)n3)c(N)nc2-c2ccc(F)cc2)cc(Cl)n1.[Fe+3],4.794043
TRZ01148,Cc1nnc(-c2cc(-c3ccccc3)nn2Cc2ccccc2)nc1C,Fe3+,Cc1nnc(-c2cc(-c3ccccc3)nn2Cc2ccccc2)nc1C.[Fe+3],4.7936835
TRZ00948,Cc1nnc(COc2cccc(Oc3ccccc3)c2)nc1C,Fe3+,Cc1nnc(COc2cccc(Oc3ccccc3)c2)nc1C.[Fe+3],4.792799
TRZ01729,COc1ccc(-c2cncn2Cc2nnc(C)c(C)n2)cc1OC,Fe3+,COc1ccc(-c2cncn2Cc2nnc(C)c(C)n2)cc1OC.[Fe+3],4.79056
TRZ02832,Cc1nnc(/C(=C/c2ccc(Cl)c(Cl)c2)NC(=O)c2ccccc2)nc1C,Fe3+,Cc1nnc(/C(=C/c2ccc(Cl)c(Cl)c2)NC(=O)c2ccccc2)nc1C.[Fe+3],4.789798
TRZ04434,Cc1nnc(C2(C(=O)Nc3ccc(F)cc3)CC2)nc1C,Fe3+,Cc1nnc(C2(C(=O)Nc3ccc(F)cc3)CC2)nc1C.[Fe+3],4.789037
TRZ03842,COc1ccc(Oc2cccc(-c3nnc(C)c(C)n3)n2)cc1C(F)(F)F,Fe3+,COc1ccc(Oc2cccc(-c3nnc(C)c(C)n3)n2)cc1C(F)(F)F.[Fe+3],4.788171
TRZ05446,Cc1nnc(Cn2c(Cl)c(-c3ccc(Cl)cc3)n(C[C@H](O)C(F)(F)F)c2=O)nc1C,Fe3+,Cc1nnc(Cn2c(Cl)c(-c3ccc(Cl)cc3)n(C[C@H](O)C(F)(F)F)c2=O)nc1C.[Fe+3],4.7861643
TRZ03840,CCNc1cc(Oc2cccc(C(F)(F)F)c2)nc(-c2nnc(C)c(C)n2)c1,Fe3+,CCNc1cc(Oc2cccc(C(F)(F)F)c2)nc(-c2nnc(C)c(C)n2)c1.[Fe+3],4.7857103
TRZ00775,Cc1nnc(-c2cn(Cc3ccccc3)c3ccccc23)nc1C,Fe3+,Cc1nnc(-c2cn(Cc3ccccc3)c3ccccc23)nc1C.[Fe+3],4.7839656
TRZ02010,Cc1nnc(C(C)Oc2cccc3ccccc23)nc1C,Fe3+,Cc1nnc(C(C)Oc2cccc3ccccc23)nc1C.[Fe+3],4.7832284
TRZ03186,COC(=O)C1CCC(Oc2ncc(CC(=O)c3nnc(C)c(C)n3)cc2F)CC1,Fe3+,COC(=O)C1CCC(Oc2ncc(CC(=O)c3nnc(C)c(C)n3)cc2F)CC1.[Fe+3],4.7830114
TRZ05015,Cc1nnc(-c2cc(F)[nH]c2N)nc1C,Fe3+,Cc1nnc(-c2cc(F)[nH]c2N)nc1C.[Fe+3],4.7827306
TRZ05779,Cc1nnc(-c2nc3ccc(C(F)(F)F)cc3[nH]2)nc1C,Fe3+,Cc1nnc(-c2nc3ccc(C(F)(F)F)cc3[nH]2)nc1C.[Fe+3],4.7810555
TRZ03330,Cc1nnc(C(=O)NCc2cc(F)ccc2F)nc1C,Fe3+,Cc1nnc(C(=O)NCc2cc(F)ccc2F)nc1C.[Fe+3],4.7807455
TRZ02274,Cc1nnc(C(=O)n2ccnc2)nc1C,Fe3+,Cc1nnc(C(=O)n2ccnc2)nc1C.[Fe+3],4.780052
TRZ02158,Cc1nnc(-c2cc(-c3ccc(OCc4ccccc4)cc3)n[nH]2)nc1C,Fe3+,Cc1nnc(-c2cc(-c3ccc(OCc4ccccc4)cc3)n[nH]2)nc1C.[Fe+3],4.7788973
TRZ00906,CCn1cc(Br)c(-c2nnc(C)c(C)n2)n1,Fe3+,CCn1cc(Br)c(-c2nnc(C)c(C)n2)n1.[Fe+3],4.778608
TRZ05936,COCC(=C1Nc2c(C)cc(F)cc2NC1(C)C)c1nnc(C)c(C)n1,Fe3+,COCC(=C1Nc2c(C)cc(F)cc2NC1(C)C)c1nnc(C)c(C)n1.[Fe+3],4.77505
TRZ01977,Cc1ccn2c(-c3nnc(C)c(C)n3)c(C)nc2c1,Fe3+,Cc1ccn2c(-c3nnc(C)c(C)n3)c(C)nc2c1.[Fe+3],4.772482
TRZ03288,Cc1nnc(-c2[nH]ncc2NC(=O)c2c(F)cccc2F)nc1C,Fe3+,Cc1nnc(-c2[nH]ncc2NC(=O)c2c(F)cccc2F)nc1C.[Fe+3],4.7724752
TRZ01815,Cc1nnc(CNc2ncnc3sc4c(c23)CCCC4)nc1C,Fe3+,Cc1nnc(CNc2ncnc3sc4c(c23)CCCC4)nc1C.[Fe+3],4.7718725
TRZ02951,Cc1nnc(-c2c(N)cccc2C(F)(F)F)nc1C,Fe3+,Cc1nnc(-c2c(N)cccc2C(F)(F)F)nc1C.[Fe+3],4.7710485
TRZ05004,Cc1nnc(C(O)c2cccc(F)c2)nc1C,Fe3+,Cc1nnc(C(O)c2cccc(F)c2)nc1C.[Fe+3],4.7704043
TRZ01587,Cc1nnc(-c2nnn(-c3cccc(C(F)(F)F)c3)c2N)nc1C,Fe3+,Cc1nnc(-c2nnn(-c3cccc(C(F)(F)F)c3)c2N)nc1C.[Fe+3],4.769614
TRZ04172,Cc1nnc(C(CC(F)(F)F)C2(O)CCN(Cc3ccccc3)CC2)nc1C,Fe3+,Cc1nnc(C(CC(F)(F)F)C2(O)CCN(Cc3ccccc3)CC2)nc1C.[Fe+3],4.7681932
TRZ02998,Cc1nnc(C2=Nc3ccc(F)cc3C(c3ccccc3Cl)=NC2)nc1C,Fe3+,Cc1nnc(C2=Nc3ccc(F)cc3C(c3ccccc3Cl)=NC2)nc1C.[Fe+3],4.7662024
TRZ00524,COc1ccc(/C=C(\NC(=O)c2cccs2)c2nnc(C)c(C)n2)cc1OC,Fe3+,COc1ccc(/C=C(\NC(=O)c2cccs2)c2nnc(C)c(C)n2)cc1OC.[Fe+3],4.7621126
TRZ02509,Cc1nnc(CSc2nnc(CNc3ccccc3)n2-c2ccccc2)nc1C,Fe3+,Cc1nnc(CSc2nnc(CNc3ccccc3)n2-c2ccccc2)nc1C.[Fe+3],4.759452
TRZ05459,Cc1nnc(-c2[nH]ccc2F)nc1C,Fe3+,Cc1nnc(-c2[nH]ccc2F)nc1C.[Fe+3],4.757607
TRZ02583,Cc1nnc(-c2cn(-c3ccccc3)nn2)nc1C,Fe3+,Cc1nnc(-c2cn(-c3ccccc3)nn2)nc1C.[Fe+3],4.755913
TRZ03833,CCC(O)(c1ccc(F)cc1)c1nnc(C)c(C)n1,Fe3+,CCC(O)(c1ccc(F)cc1)c1nnc(C)c(C)n1.[Fe+3],4.7537303
TRZ04935,Cc1nnc(-c2cc(F)c(F)cc2N(C(C)(C)C)S(=O)(=O)c2ccccc2)nc1C,Fe3+,Cc1nnc(-c2cc(F)c(F)cc2N(C(C)(C)C)S(=O)(=O)c2ccccc2)nc1C.[Fe+3],4.752653
TRZ01432,Cc1nnc(-c2ccn(C)n2)nc1C,Fe3+,Cc1nnc(-c2ccn(C)n2)nc1C.[Fe+3],4.7522373
TRZ03665,Cc1nnc(CCn2c3c(c4cc(F)ccc42)CN(C)CC3)nc1C,Fe3+,Cc1nnc(CCn2c3c(c4cc(F)ccc42)CN(C)CC3)nc1C.[Fe+3],4.7501154
TRZ02472,Cc1nnc(C(C)Oc2ccc3c(C)cc(=O)oc3c2)nc1C,Fe3+,Cc1nnc(C(C)Oc2ccc3c(C)cc(=O)oc3c2)nc1C.[Fe+3],4.7501106
TRZ05085,Cc1ccc(OC(F)(F)F)cc1CNC(=O)c1nnc(C)c(C)n1,Fe3+,Cc1ccc(OC(F)(F)F)cc1CNC(=O)c1nnc(C)c(C)n1.[Fe+3],4.7495737
TRZ01336,Cc1cc(N2CCCCC2)nc(SCc2nnc(C)c(C)n2)n1,Fe3+,Cc1cc(N2CCCCC2)nc(SCc2nnc(C)c(C)n2)n1.[Fe+3],4.7487383
TRZ02435,Cc1nnc(C(C)Oc2ccccc2Br)nc1C,Fe3+,Cc1nnc(C(C)Oc2ccccc2Br)nc1C.[Fe+3],4.748373
TRZ05165,Cc1nnc(-c2cc(-c3ccc4ncnc(C)c4c3)c(-c3ccc(F)cc3)nc2N)nc1C,Fe3+,Cc1nnc(-c2cc(-c3ccc4ncnc(C)c4c3)c(-c3ccc(F)cc3)nc2N)nc1C.[Fe+3],4.748167
TRZ02155,CCc1ccc(-c2cc(-c3nnc(C)c(C)n3)[nH]n2)cc1,Fe3+,CCc1ccc(-c2cc(-c3nnc(C)c(C)n3)[nH]n2)cc1.[Fe+3],4.7444854
TRZ03408,Cc1nnc(-c2nn(Cc3ccc(F)cc3Cl)c3cc(N(C)C)ccc23)nc1C,Fe3+,Cc1nnc(-c2nn(Cc3ccc(F)cc3Cl)c3cc(N(C)C)ccc23)nc1C.[Fe+3],4.744421
TRZ00299,Cc1nnc(Cn2c(-c3ccccc3)cc3ccccc32)nc1C,Fe3+,Cc1nnc(Cn2c(-c3ccccc3)cc3ccccc32)nc1C.[Fe+3],4.744395
TRZ00144,Cc1nnc(Cn2c3ccccc3c3ccccc32)nc1C,Fe3+,Cc1nnc(Cn2c3ccccc3c3ccccc32)nc1C.[Fe+3],4.7440305
TRZ02224,Cc1nnc(C2=NCC(=O)Nc3ccc(F)cc32)nc1C,Fe3+,Cc1nnc(C2=NCC(=O)Nc3ccc(F)cc32)nc1C.[Fe+3],4.7410345
TRZ00897,CCCCc1nc2ccccc2n1Cc1nnc(C)c(C)n1,Fe3+,CCCCc1nc2ccccc2n1Cc1nnc(C)c(C)n1.[Fe+3],4.740115
TRZ01856,Cc1nnc(-c2cc3ccc(F)cc3[nH]2)nc1C,Fe3+,Cc1nnc(-c2cc3ccc(F)cc3[nH]2)nc1C.[Fe+3],4.7389145
TRZ01633,Cc1nnc(Cn2ncc3cc([N+](=O)[O-])ccc32)nc1C,Fe3+,Cc1nnc(Cn2ncc3cc([N+](=O)[O-])ccc32)nc1C.[Fe+3],4.7375383
TRZ02573,Cc1nnc(Cc2csc(-c3ccc(Cl)cc3)n2)nc1C,Fe3+,Cc1nnc(Cc2csc(-c3ccc(Cl)cc3)n2)nc1C.[Fe+3],4.7368474
TRZ00681,Cc1nnc(CC(=O)Nc2nccs2)nc1C,Fe3+,Cc1nnc(CC(=O)Nc2nccs2)nc1C.[Fe+3],4.7359324
TRZ02442,CC(=O)Nc1ccc(Br)cc1C(NCc1nnc(C)c(C)n1)c1ccccc1,Fe3+,CC(=O)Nc1ccc(Br)cc1C(NCc1nnc(C)c(C)n1)c1ccccc1.[Fe+3],4.7357836
TRZ01332,Cc1nnc(C2=CO[C@@H](C)[C@@H]3CN4CCc5c(n(C)c6ccccc56)[C@@H]4C[C@H]23)nc1C,Fe3+,Cc1nnc(C2=CO[C@@H](C)[C@@H]3CN4CCc5c(n(C)c6ccccc56)[C@@H]4C[C@H]23)nc1C.[Fe+3],4.7343426
TRZ00136,Cc1cc(C)cc(S(=O)(=O)c2c(-c3nnc(C)c(C)n3)[nH]c3ccc(Cl)cc23)c1,Fe3+,Cc1cc(C)cc(S(=O)(=O)c2c(-c3nnc(C)c(C)n3)[nH]c3ccc(Cl)cc23)c1.[Fe+3],4.7341003
TRZ01816,Cc1nnc(-c2ncn(-c3cccc(Br)c3)c2-c2ccc(F)cc2)nc1C,Fe3+,Cc1nnc(-c2ncn(-c3cccc(Br)c3)c2-c2ccc(F)cc2)nc1C.[Fe+3],4.731869
TRZ05714,Cc1nnc(-c2cc(F)cnc2N2CCN(C(=O)OC(C)(C)C)CC2)nc1C,Fe3+,Cc1nnc(-c2cc(F)cnc2N2CCN(C(=O)OC(C)(C)C)CC2)nc1C.[Fe+3],4.731568
TRZ00414,Cc1nnc(-c2nc3ccccc3[nH]2)nc1C,Fe3+,Cc1nnc(-c2nc3ccccc3[nH]2)nc1C.[Fe+3],4.7294645
TRZ03446,Cc1nnc(-c2nn(Cc3ccc(F)cc3F)c3cccnc23)nc1C,Fe3+,Cc1nnc(-c2nn(Cc3ccc(F)cc3F)c3cccnc23)nc1C.[Fe+3],4.728537
TRZ00149,Cc1nnc(-c2[nH]c3ccccc3c2-c2ccccc2)nc1C,Fe3+,Cc1nnc(-c2[nH]c3ccccc3c2-c2ccccc2)nc1C.[Fe+3],4.7256236
TRZ01659,CCn1cc(-c2nnc(C)c(C)n2)c(=O)c2cc(F)ccc21,Fe3+,CCn1cc(-c2nnc(C)c(C)n2)c(=O)c2cc(F)ccc21.[Fe+3],4.7255135
TRZ03407,Cc1ccc2c(-c3nnc(C)c(C)n3)nn(Cc3ccc(Cl)cc3F)c2c1,Fe3+,Cc1ccc2c(-c3nnc(C)c(C)n3)nn(Cc3ccc(Cl)cc3F)c2c1.[Fe+3],4.7246795
TRZ02720,Cc1nnc(-c2ccccc2NS(C)(=O)=O)nc1C,Fe3+,Cc1nnc(-c2ccccc2NS(C)(=O)=O)nc1C.[Fe+3],4.7233906
TRZ02042,Cc1nnc(/C(=C/c2cccc([N+](=O)[O-])c2)NC(=O)c2ccccc2)nc1C,Fe3+,Cc1nnc(/C(=C/c2cccc([N+](=O)[O-])c2)NC(=O)c2ccccc2)nc1C.[Fe+3],4.722845
TRZ04440,Cc1ncc(-c2nnc(C)c(C)n2)cc1F,Fe3+,Cc1ncc(-c2nnc(C)c(C)n2)cc1F.[Fe+3],4.7204885
TRZ04644,COCCNc1cc(C(F)(F)F)cnc1-c1nnc(C)c(C)n1,Fe3+,COCCNc1cc(C(F)(F)F)cnc1-c1nnc(C)c(C)n1.[Fe+3],4.71924
TRZ00675,Cc1nnc(-c2cn3cc(C(F)(F)F)cc(Cl)c3n2)nc1C,Fe3+,Cc1nnc(-c2cn3cc(C(F)(F)F)cc(Cl)c3n2)nc1C.[Fe+3],4.7181416
TRZ01048,Cc1nnc(-c2nc(-c3ccccc3)cc(N3CCc4ccncc4C3)n2)nc1C,Fe3+,Cc1nnc(-c2nc(-c3ccccc3)cc(N3CCc4ccncc4C3)n2)nc1C.[Fe+3],4.717214
TRZ03012,Cc1nnc(-c2cn(-c3ccccc3C(F)(F)F)cn2)nc1C,Fe3+,Cc1nnc(-c2cn(-c3ccccc3C(F)(F)F)cn2)nc1C.[Fe+3],4.713184
TRZ05022,C=C(NCc1ccc(F)c(C(F)(F)F)c1)c1nnc(C)c(C)n1,Fe3+,C=C(NCc1ccc(F)c(C(F)(F)F)c1)c1nnc(C)c(C)n1.[Fe+3],4.71313
TRZ05583,Cc1cc(-c2nnc(C)c(C)n2)nc(N2CCCC(C(F)(F)F)C2)c1,Fe3+,Cc1cc(-c2nnc(C)c(C)n2)nc(N2CCCC(C(F)(F)F)C2)c1.[Fe+3],4.706502
TRZ01754,Cc1nnc(-c2cc(-c3ccccc3)nc(-c3ccccc3)n2)nc1C,Fe3+,Cc1nnc(-c2cc(-c3ccccc3)nc(-c3ccccc3)n2)nc1C.[Fe+3],4.7062874
TRZ01075,Cc1nnc(CC(C)Nc2ccc3ncccc3c2)nc1C,Fe3+,Cc1nnc(CC(C)Nc2ccc3ncccc3c2)nc1C.[Fe+3],4.705098
TRZ00322,Cc1nnc(CN2C(=O)Nc3ccc(Br)cc3C2c2ccccc2)nc1C,Fe3+,Cc1nnc(CN2C(=O)Nc3ccc(Br)cc3C2c2ccccc2)nc1C.[Fe+3],4.7042437
TRZ01925,CC(=O)c1c(C)[nH]c(-c2nnc(C)c(C)n2)c1C,Fe3+,CC(=O)c1c(C)[nH]c(-c2nnc(C)c(C)n2)c1C.[Fe+3],4.7001305
TRZ04046,Cc1nnc(-c2cnn(C)c2COc2ccc(C(F)(F)F)cc2)nc1C,Fe3+,Cc1nnc(-c2cnn(C)c2COc2ccc(C(F)(F)F)cc2)nc1C.[Fe+3],4.699868
TRZ02311,COc1cccc(C(=O)NCc2nnc(C)c(C)n2)c1,Fe3+,COc1cccc(C(=O)NCc2nnc(C)c(C)n2)c1.[Fe+3],4.697357
TRZ02223,Cc1nnc([C@@H](C)Oc2ccc(Oc3ncc(Cl)cc3F)cc2)nc1C,Fe3+,Cc1nnc([C@@H](C)Oc2ccc(Oc3ncc(Cl)cc3F)cc2)nc1C.[Fe+3],4.697233
TRZ03732,Cc1nnc(-c2nn(Cc3ccc(Cl)cc3F)c3cc([N+](=O)[O-])ccc23)nc1C,Fe3+,Cc1nnc(-c2nn(Cc3ccc(Cl)cc3F)c3cc([N+](=O)[O-])ccc23)nc1C.[Fe+3],4.6966333
TRZ01759,C#CCOCCOc1ccc(-c2cc(-c3ccccc3)nc(-c3nnc(C)c(C)n3)n2)cc1,Fe3+,C#CCOCCOc1ccc(-c2cc(-c3ccccc3)nc(-c3nnc(C)c(C)n3)n2)cc1.[Fe+3],4.6964054
TRZ01995,Cc1nnc(Cn2nnc(N3CCCC3)n2)nc1C,Fe3+,Cc1nnc(Cn2nnc(N3CCCC3)n2)nc1C.[Fe+3],4.696004
TRZ00319,COc1ccc2nc(SCc3nnc(C)c(C)n3)cc(C)c2c1,Fe3+,COc1ccc2nc(SCc3nnc(C)c(C)n3)cc(C)c2c1.[Fe+3],4.695161
TRZ05023,Cc1nnc(-c2c(F)c3n(c2C=N)CCCC3)nc1C,Fe3+,Cc1nnc(-c2c(F)c3n(c2C=N)CCCC3)nc1C.[Fe+3],4.690097
TRZ05891,Cc1nnc(-c2nnn(-c3cccc(F)c3)c2-c2cccc(F)c2F)nc1C,Fe3+,Cc1nnc(-c2nnn(-c3cccc(F)c3)c2-c2cccc(F)c2F)nc1C.[Fe+3],4.688362
TRZ03912,Cc1nnc(-c2c(-c3ccc(F)cc3)nn3ccccc23)nc1C,Fe3+,Cc1nnc(-c2c(-c3ccc(F)cc3)nn3ccccc23)nc1C.[Fe+3],4.685265
TRZ00042,Cc1nnc(-c2cnccn2)nc1C,Fe3+,Cc1nnc(-c2cnccn2)nc1C.[Fe+3],4.685107
TRZ01077,Cc1nnc(-c2c[nH]cc2-c2ccc(Cl)cc2)nc1C,Fe3+,Cc1nnc(-c2c[nH]cc2-c2ccc(Cl)cc2)nc1C.[Fe+3],4.683058
TRZ02965,Cc1nnc(C(F)(F)C(O)c2ccncc2)nc1C,Fe3+,Cc1nnc(C(F)(F)C(O)c2ccncc2)nc1C.[Fe+3],4.6811247
TRZ03504,COC(=O)C1CCC(Oc2cc(F)c(NC(=O)c3nnc(C)c(C)n3)cn2)CC1,Fe3+,COC(=O)C1CCC(Oc2cc(F)c(NC(=O)c3nnc(C)c(C)n3)cn2)CC1.[Fe+3],4.678481
TRZ01360,Cc1ccc2nc3ccccc3c(SCc3nnc(C)c(C)n3)c2c1,Fe3+,Cc1ccc2nc3ccccc3c(SCc3nnc(C)c(C)n3)c2c1.[Fe+3],4.675151
TRZ00025,Cc1nnc(-c2cc3ccccc3[nH]2)nc1C,Fe3+,Cc1nnc(-c2cc3ccccc3[nH]2)nc1C.[Fe+3],4.6730003
TRZ02297,Cc1nnc(-c2nsnc2-c2ccccc2O)nc1C,Fe3+,Cc1nnc(-c2nsnc2-c2ccccc2O)nc1C.[Fe+3],4.6716266
TRZ00709,CCCn1nc(-c2cn(CCC)c3ccccc23)cc1-c1nnc(C)c(C)n1,Fe3+,CCCn1nc(-c2cn(CCC)c3ccccc23)cc1-c1nnc(C)c(C)n1.[Fe+3],4.6705914
TRZ05599,Cc1nnc(-c2cccc(N3CCC(F)(F)CC3)n2)nc1C,Fe3+,Cc1nnc(-c2cccc(N3CCC(F)(F)CC3)n2)nc1C.[Fe+3],4.670184
TRZ02937,Cc1nnc(-c2nn(Cc3ccc(F)cc3F)c3cc(Cl)ccc23)nc1C,Fe3+,Cc1nnc(-c2nn(Cc3ccc(F)cc3F)c3cc(Cl)ccc23)nc1C.[Fe+3],4.6683598
TRZ04867,Cc1nnc(-c2ncc(C(F)(F)F)cc2Br)nc1C,Fe3+,Cc1nnc(-c2ncc(C(F)(F)F)cc2Br)nc1C.[Fe+3],4.665345
TRZ02002,CC(=O)N[C@@H](Cc1ccccc1)c1nnc(C)c(C)n1,Fe3+,CC(=O)N[C@@H](Cc1ccccc1)c1nnc(C)c(C)n1.[Fe+3],4.6644945
TRZ00406,Cc1nnc(Cn2c(C)nc3ccccc32)nc1C,Fe3+,Cc1nnc(Cn2c(C)nc3ccccc32)nc1C.[Fe+3],4.6644263
TRZ01337,Cc1cc(N2CCOCC2)nc(SCc2nnc(C)c(C)n2)n1,Fe3+,Cc1cc(N2CCOCC2)nc(SCc2nnc(C)c(C)n2)n1.[Fe+3],4.6639843
TRZ02180,Cc1ccc(OCc2nnc(C)c(C)n2)cn1,Fe3+,Cc1ccc(OCc2nnc(C)c(C)n2)cn1.[Fe+3],4.6632195
TRZ02709,Cc1nnc(-c2cn(C3CCN(C(=O)OC(C)(C)C)CC3)nn2)nc1C,Fe3+,Cc1nnc(-c2cn(C3CCN(C(=O)OC(C)(C)C)CC3)nn2)nc1C.[Fe+3],4.662845
TRZ03332,Cc1nnc(CN2CCn3c(nnc3C(F)(F)F)C2)nc1C,Fe3+,Cc1nnc(CN2CCn3c(nnc3C(F)(F)F)C2)nc1C.[Fe+3],4.6627483
TRZ00091,Cc1nnc(-c2ccccn2)nc1C,Fe3+,Cc1nnc(-c2ccccn2)nc1C.[Fe+3],4.660235
TRZ02668,Cc1nnc(Cn2c(=O)oc3ccccc32)nc1C,Fe3+,Cc1nnc(Cn2c(=O)oc3ccccc32)nc1C.[Fe+3],4.6600895
TRZ02308,Cc1nnc(-c2c(C)n(C)c3ccc(O)cc23)nc1C,Fe3+,Cc1nnc(-c2c(C)n(C)c3ccc(O)cc23)nc1C.[Fe+3],4.65975
TRZ00505,Cc1nnc(CN2C(=O)C3(OCCO3)c3ccccc32)nc1C,Fe3+,Cc1nnc(CN2C(=O)C3(OCCO3)c3ccccc32)nc1C.[Fe+3],4.6588416
TRZ00131,Cc1nnc(-c2[nH]c3ccccc3c2S(=O)(=O)c2ccccc2)nc1C,Fe3+,Cc1nnc(-c2[nH]c3ccccc3c2S(=O)(=O)c2ccccc2)nc1C.[Fe+3],4.65884
TRZ05822,Cc1nnc(-c2c(S)ccc(F)c2Cl)nc1C,Fe3+,Cc1nnc(-c2c(S)ccc(F)c2Cl)nc1C.[Fe+3],4.657732
TRZ01797,Cc1nnc(-c2nc(-c3ccc(C(F)(F)F)nc3)cc(N3CCc4ccccc4C3)n2)nc1C,Fe3+,Cc1nnc(-c2nc(-c3ccc(C(F)(F)F)nc3)cc(N3CCc4ccccc4C3)n2)nc1C.[Fe+3],4.6570883
TRZ05740,Cc1nnc(-c2nccc(-c3ccc(OC(F)F)nc3)n2)nc1C,Fe3+,Cc1nnc(-c2nccc(-c3ccc(OC(F)F)nc3)n2)nc1C.[Fe+3],4.6560874
TRZ03717,CC(=O)c1cc(N2CCC(Oc3ccccc3C(F)(F)F)CC2)nnc1-c1nnc(C)c(C)n1,Fe3+,CC(=O)c1cc(N2CCC(Oc3ccccc3C(F)(F)F)CC2)nnc1-c1nnc(C)c(C)n1.[Fe+3],4.6543937
TRZ01773,Cc1nnc(-c2nc(-c3ccccc3)cc(N3CCC(O)CC3)n2)nc1C,Fe3+,Cc1nnc(-c2nc(-c3ccccc3)cc(N3CCC(O)CC3)n2)nc1C.[Fe+3],4.64781
TRZ00974,COc1ccc(-c2cc(-c3nnc(C)c(C)n3)n(CC(O)COc3ccccc3OC)n2)cc1,Fe3+,COc1ccc(-c2cc(-c3nnc(C)c(C)n3)n(CC(O)COc3ccccc3OC)n2)cc1.[Fe+3],4.6466312
TRZ04841,Cc1nnc(-c2ccc(CN(C(=O)N3CCOCC3)c3ccc(F)c(Cl)c3)cn2)nc1C,Fe3+,Cc1nnc(-c2ccc(CN(C(=O)N3CCOCC3)c3ccc(F)c(Cl)c3)cn2)nc1C.[Fe+3],4.6433744
TRZ04632,Cc1nnc(-c2cn3c(ccc4c(C(F)(F)F)cc(=O)[nH]c43)n2)nc1C,Fe3+,Cc1nnc(-c2cn3c(ccc4c(C(F)(F)F)cc(=O)[nH]c43)n2)nc1C.[Fe+3],4.6428523
TRZ01767,Cc1nnc(-c2nc(NCc3ccccc3)cc(N3CCc4ccccc4C3)n2)nc1C,Fe3+,Cc1nnc(-c2nc(NCc3ccccc3)cc(N3CCc4ccccc4C3)n2)nc1C.[Fe+3],4.640478
TRZ05296,Cc1nnc(C(C)NC(=O)c2cc(Cl)cc(S(=O)(=O)C(F)(F)F)c2)nc1C,Fe3+,Cc1nnc(C(C)NC(=O)c2cc(Cl)cc(S(=O)(=O)C(F)(F)F)c2)nc1C.[Fe+3],4.6387515
TRZ00161,Cc1cc(C)n(Cc2nnc(C)c(C)n2)n1,Fe3+,Cc1cc(C)n(Cc2nnc(C)c(C)n2)n1.[Fe+3],4.638649
TRZ05103,C=Cc1cccc(F)c1C(O)c1nnc(C)c(C)n1,Fe3+,C=Cc1cccc(F)c1C(O)c1nnc(C)c(C)n1.[Fe+3],4.6377854
TRZ03097,Cc1nnc(C2CCCN(C(=O)c3ccc(F)cc3)C2)nc1C,Fe3+,Cc1nnc(C2CCCN(C(=O)c3ccc(F)cc3)C2)nc1C.[Fe+3],4.637167
TRZ00843,CSc1ncccc1-c1nnc(C)c(C)n1,Fe3+,CSc1ncccc1-c1nnc(C)c(C)n1.[Fe+3],4.635311
TRZ02890,Cc1nnc(-c2cncc(F)c2)nc1C,Fe3+,Cc1nnc(-c2cncc(F)c2)nc1C.[Fe+3],4.633762
TRZ05346,Cc1nnc(-c2cc(F)c[nH]2)nc1C,Fe3+,Cc1nnc(-c2cc(F)c[nH]2)nc1C.[Fe+3],4.6314907
TRZ01078,Cc1nnc(-c2cc3ccccc3n2S(=O)(=O)c2ccccc2)nc1C,Fe3+,Cc1nnc(-c2cc3ccccc3n2S(=O)(=O)c2ccccc2)nc1C.[Fe+3],4.627227
TRZ00043,Cc1nnc(Cn2nc(C)c(Br)c2C)nc1C,Fe3+,Cc1nnc(Cn2nc(C)c(Br)c2C)nc1C.[Fe+3],4.6271486
TRZ00069,Cc1nnc(-c2cccnn2)nc1C,Fe3+,Cc1nnc(-c2cccnn2)nc1C.[Fe+3],4.6269236
TRZ04469,Cc1nnc(Cn2nc(C3=CCC(Cl)C=C3)n(C[C@H](O)C(F)(F)F)c2=O)nc1C,Fe3+,Cc1nnc(Cn2nc(C3=CCC(Cl)C=C3)n(C[C@H](O)C(F)(F)F)c2=O)nc1C.[Fe+3],4.626046
TRZ00839,Cc1nnc(CCn2ccnc2)nc1C,Fe3+,Cc1nnc(CCn2ccnc2)nc1C.[Fe+3],4.6241646
TRZ01083,Cc1nnc(C2=NN(c3ccccc3)C(=O)C2)nc1C,Fe3+,Cc1nnc(C2=NN(c3ccccc3)C(=O)C2)nc1C.[Fe+3],4.622077
TRZ03838,Cc1cc(Oc2cccc(C(F)(F)F)c2)nc(-c2nnc(C)c(C)n2)c1,Fe3+,Cc1cc(Oc2cccc(C(F)(F)F)c2)nc(-c2nnc(C)c(C)n2)c1.[Fe+3],4.621312
TRZ04925,Cc1nnc([C@@H]2O[C@@H]3CO[C@H](c4ccccc4)O[C@@H]3[C@H](N3N=NCC3F)[C@H]2O)nc1C,Fe3+,Cc1nnc([C@@H]2O[C@@H]3CO[C@H](c4ccccc4)O[C@@H]3[C@H](N3N=NCC3F)[C@H]2O)nc1C.[Fe+3],4.6207523
TRZ05135,Cc1nnc(-c2cn(C)c(=O)c(F)c2-c2ccc(Br)cc2F)nc1C,Fe3+,Cc1nnc(-c2cn(C)c(=O)c(F)c2-c2ccc(Br)cc2F)nc1C.[Fe+3],4.618727
TRZ05758,Cc1nnc(-c2ccc(N3CCC(Oc4cc(F)ccc4Cl)CC3)nn2)nc1C,Fe3+,Cc1nnc(-c2ccc(N3CCC(Oc4cc(F)ccc4Cl)CC3)nn2)nc1C.[Fe+3],4.6183834
TRZ03978,Cc1nnc(-c2ncc(C(F)(F)F)cc2N)nc1C,Fe3+,Cc1nnc(-c2ncc(C(F)(F)F)cc2N)nc1C.[Fe+3],4.6169825
TRZ01883,Cc1nnc(-c2cncc(N3CCCCC3C)n2)nc1C,Fe3+,Cc1nnc(-c2cncc(N3CCCCC3C)n2)nc1C.[Fe+3],4.616578
TRZ01521,Cc1nnc(Cn2c3ccc(F)cc3c3nc4ccccc4nc32)nc1C,Fe3+,Cc1nnc(Cn2c3ccc(F)cc3c3nc4ccccc4nc32)nc1C.[Fe+3],4.6122866
TRZ00976,Cc1nnc(-c2cn(COCCO)c3ccc(F)cc3c2=O)nc1C,Fe3+,Cc1nnc(-c2cn(COCCO)c3ccc(F)cc3c2=O)nc1C.[Fe+3],4.6112947
TRZ01396,CC(=O)Nc1ccc(C(=O)N/C(=C\C=C\c2ccccc2)c2nnc(C)c(C)n2)cc1,Fe3+,CC(=O)Nc1ccc(C(=O)N/C(=C\C=C\c2ccccc2)c2nnc(C)c(C)n2)cc1.[Fe+3],4.6089487
TRZ03927,Cc1nnc(C=Cn2cnc(-c3cc(OC(=O)OCC(C)C)cc(C(F)(F)F)c3)n2)nc1C,Fe3+,Cc1nnc(C=Cn2cnc(-c3cc(OC(=O)OCC(C)C)cc(C(F)(F)F)c3)n2)nc1C.[Fe+3],4.6065893
TRZ03010,Cc1nnc(CC(=O)Nc2ccc(OCc3cccc(F)c3)cc2)nc1C,Fe3+,Cc1nnc(CC(=O)Nc2ccc(OCc3cccc(F)c3)cc2)nc1C.[Fe+3],4.6065025
TRZ01044,COc1ccc(/C(=C(\C#N)c2nnc(C)c(C)n2)n2c(=O)c(=O)[nH]c3ccccc32)cc1,Fe3+,COc1ccc(/C(=C(\C#N)c2nnc(C)c(C)n2)n2c(=O)c(=O)[nH]c3ccccc32)cc1.[Fe+3],4.604427
TRZ01974,Cc1nnc(-c2cc(-c3ccccc3)nn2-c2ccccc2)nc1C,Fe3+,Cc1nnc(-c2cc(-c3ccccc3)nn2-c2ccccc2)nc1C.[Fe+3],4.60425
TRZ05317,Cc1nnc(Cc2ncccc2C(F)F)nc1C,Fe3+,Cc1nnc(Cc2ncccc2C(F)F)nc1C.[Fe+3],4.601283
TRZ01405,CCOC(=O)c1c(C)oc2ccc(OCc3nnc(C)c(C)n3)cc12,Fe3+,CCOC(=O)c1c(C)oc2ccc(OCc3nnc(C)c(C)n3)cc12.[Fe+3],4.600824
TRZ01812,Cc1nnc(CNc2nc(-c3ccccc3)nc3sc4c(c23)CCCC4)nc1C,Fe3+,Cc1nnc(CNc2nc(-c3ccccc3)nc3sc4c(c23)CCCC4)nc1C.[Fe+3],4.5990586
TRZ01344,CCN1N=C(c2ccccc2)Cn2c1nc1c2c(=O)n(Cc2nnc(C)c(C)n2)c(=O)n1C,Fe3+,CCN1N=C(c2ccccc2)Cn2c1nc1c2c(=O)n(Cc2nnc(C)c(C)n2)c(=O)n1C.[Fe+3],4.5981836
TRZ02496,Cc1nnc(-c2ccc(OC(C)C)cc2O)nc1C,Fe3+,Cc1nnc(-c2ccc(OC(C)C)cc2O)nc1C.[Fe+3],4.597552
TRZ03752,Cc1nnc(C2C(=O)Nc3ccc(OC(F)(F)F)cc32)nc1C,Fe3+,Cc1nnc(C2C(=O)Nc3ccc(OC(F)(F)F)cc32)nc1C.[Fe+3],4.597193
TRZ02197,Cc1nnc(-c2c(O)c3cc(F)cc4c3n(c2=O)C(C)CC4)nc1C,Fe3+,Cc1nnc(-c2c(O)c3cc(F)cc4c3n(c2=O)C(C)CC4)nc1C.[Fe+3],4.596841
TRZ04056,Cc1nnc(-c2cnc(N)c3nc(-c4cccc(F)c4)ccc23)nc1C,Fe3+,Cc1nnc(-c2cnc(N)c3nc(-c4cccc(F)c4)ccc23)nc1C.[Fe+3],4.5967903
TRZ00951,Cc1nnc(CSc2nn(C)c(=O)n(C)c2=O)nc1C,Fe3+,Cc1nnc(CSc2nn(C)c(=O)n(C)c2=O)nc1C.[Fe+3],4.596055
TRZ02383,Cc1nnc(-c2c(-c3cccs3)n[nH]c2C)nc1C,Fe3+,Cc1nnc(-c2c(-c3cccs3)n[nH]c2C)nc1C.[Fe+3],4.596038
TRZ02514,Cc1nnc(-c2[nH]c(C)c(C(=O)NC3CCCCC3)c2C)nc1C,Fe3+,Cc1nnc(-c2[nH]c(C)c(C(=O)NC3CCCCC3)c2C)nc1C.[Fe+3],4.5923734
TRZ00583,COc1ccc2nc(C)c(-c3nnc(C)c(C)n3)cc2c1,Fe3+,COc1ccc2nc(C)c(-c3nnc(C)c(C)n3)cc2c1.[Fe+3],4.5862074
TRZ00830,Cc1nc(-c2ccccc2)ccc1-c1nnc(C)c(C)n1,Fe3+,Cc1nc(-c2ccccc2)ccc1-c1nnc(C)c(C)n1.[Fe+3],4.585165
TRZ03498,Cc1nnc(C(C#N)(CCCCl)c2ccc(F)cc2)nc1C,Fe3+,Cc1nnc(C(C#N)(CCCCl)c2ccc(F)cc2)nc1C.[Fe+3],4.583872
TRZ00368,COc1ccc(N(C)c2nc(C)nc3ccccc23)cc1OC(C)c1nnc(C)c(C)n1,Fe3+,COc1ccc(N(C)c2nc(C)nc3ccccc23)cc1OC(C)c1nnc(C)c(C)n1.[Fe+3],4.5836506
TRZ03772,Cc1nnc(C2C(=O)Nc3cccc(-c4ccc(F)cc4)c32)nc1C,Fe3+,Cc1nnc(C2C(=O)Nc3cccc(-c4ccc(F)cc4)c32)nc1C.[Fe+3],4.5823298
TRZ00312,CCOc1ccc(-c2cc(-c3nnc(C)c(C)n3)[nH]n2)cc1,Fe3+,CCOc1ccc(-c2cc(-c3nnc(C)c(C)n3)[nH]n2)cc1.[Fe+3],4.5816307
TRZ03181,Cc1ccc2c(-c3nnc(C)c(C)n3)nn(Cc3ccc(F)cc3F)c2c1,Fe3+,Cc1ccc2c(-c3nnc(C)c(C)n3)nn(Cc3ccc(F)cc3F)c2c1.[Fe+3],4.581114
TRZ02217,CC1=C(c2nnc(C)c(C)n2)C(c2ccccc2F)NC(=O)N1,Fe3+,CC1=C(c2nnc(C)c(C)n2)C(c2ccccc2F)NC(=O)N1.[Fe+3],4.5810876
TRZ00526,CCCOc1ccc2[nH]c3cnc(-c4nnc(C)c(C)n4)c(COC)c3c2c1,Fe3+,CCCOc1ccc2[nH]c3cnc(-c4nnc(C)c(C)n4)c(COC)c3c2c1.[Fe+3],4.581079
TRZ04724,Cc1nnc([C@H](CNC(=O)OC(C)(C)C)Nc2ccc(C(F)(F)F)cc2)nc1C,Fe3+,Cc1nnc([C@H](CNC(=O)OC(C)(C)C)Nc2ccc(C(F)(F)F)cc2)nc1C.[Fe+3],4.5786524
TRZ02356,Cc1nc(C)c(-c2nnco2)cc1-c1nnc(C)c(C)n1,Fe3+,Cc1nc(C)c(-c2nnco2)cc1-c1nnc(C)c(C)n1.[Fe+3],4.578561
TRZ02104,Cc1ccc(F)cc1CNC(=O)c1nnc(C)c(C)n1,Fe3+,Cc1ccc(F)cc1CNC(=O)c1nnc(C)c(C)n1.[Fe+3],4.5774927
TRZ04934,Cc1nnc(-c2cc(Cl)c(F)cc2N(C(C)(C)C)S(=O)(=O)c2ccccc2)nc1C,Fe3+,Cc1nnc(-c2cc(Cl)c(F)cc2N(C(C)(C)C)S(=O)(=O)c2ccccc2)nc1C.[Fe+3],4.5772796
TRZ01719,Cc1nnc(/C=C2/Nc3cc(Cl)c(Cl)cc3NC2=O)nc1C,Fe3+,Cc1nnc(/C=C2/Nc3cc(Cl)c(Cl)cc3NC2=O)nc1C.[Fe+3],4.5751305
TRZ05115,Cc1nnc(-c2c(N)cccc2-c2ccc(F)cc2)nc1C,Fe3+,Cc1nnc(-c2c(N)cccc2-c2ccc(F)cc2)nc1C.[Fe+3],4.5742545
TRZ01793,Cc1nnc(-c2nc(-c3ccccc3)cc(N3CCCC3c3ccccc3)n2)nc1C,Fe3+,Cc1nnc(-c2nc(-c3ccccc3)cc(N3CCCC3c3ccccc3)n2)nc1C.[Fe+3],4.5732217
TRZ05584,Cc1cc(-c2nnc(C)c(C)n2)nc(N2CCC(F)(F)CC2)c1,Fe3+,Cc1cc(-c2nnc(C)c(C)n2)nc(N2CCC(F)(F)CC2)c1.[Fe+3],4.573041
TRZ05784,COc1ccc(-c2[nH]c3c(F)cc(F)cc3c2-c2nnc(C)c(C)n2)nc1,Fe3+,COc1ccc(-c2[nH]c3c(F)cc(F)cc3c2-c2nnc(C)c(C)n2)nc1.[Fe+3],4.5723557
TRZ01916,Cc1nnc(/C=C2/N(C)c3cccnc3N2C)nc1C,Fe3+,Cc1nnc(/C=C2/N(C)c3cccnc3N2C)nc1C.[Fe+3],4.5701933
TRZ02734,Cc1nnc(-c2ccccc2ON)nc1C,Fe3+,Cc1nnc(-c2ccccc2ON)nc1C.[Fe+3],4.569287
TRZ00820,Cc1nnc(CCn2c3c(c4ccccc42)CCCC3)nc1C,Fe3+,Cc1nnc(CCn2c3c(c4ccccc42)CCCC3)nc1C.[Fe+3],4.56921
TRZ02184,Cc1nnc([C@@H]2CCCO[C@H]2c2nccn2C)nc1C,Fe3+,Cc1nnc([C@@H]2CCCO[C@H]2c2nccn2C)nc1C.[Fe+3],4.567543
TRZ05660,Cc1nnc(-c2cn3c(ccc4c(=O)cc(C(F)(F)C(F)(F)F)[nH]c43)n2)nc1C,Fe3+,Cc1nnc(-c2cn3c(ccc4c(=O)cc(C(F)(F)C(F)(F)F)[nH]c43)n2)nc1C.[Fe+3],4.56738
TRZ02969,Cc1nnc(Cc2nc3cc(F)c(N4CCN(C(=O)OC(C)(C)C)CC4)cc3n2C2CC2)nc1C,Fe3+,Cc1nnc(Cc2nc3cc(F)c(N4CCN(C(=O)OC(C)(C)C)CC4)cc3n2C2CC2)nc1C.[Fe+3],4.563962
TRZ04015,Cc1nnc(C2CC3(CN(C(=O)C(F)(F)F)C=N3)c3ccccc3O2)nc1C,Fe3+,Cc1nnc(C2CC3(CN(C(=O)C(F)(F)F)C=N3)c3ccccc3O2)nc1C.[Fe+3],4.561615
TRZ05899,Cc1nnc(-c2nc(-c3ccccc3)c3[nH]c4ccccc4c3c2F)nc1C,Fe3+,Cc1nnc(-c2nc(-c3ccccc3)c3[nH]c4ccccc4c3c2F)nc1C.[Fe+3],4.5614758
TRZ04479,Cc1nnc(-c2cc(-c3cnc(C(F)(F)F)nc3)ccc2N)nc1C,Fe3+,Cc1nnc(-c2cc(-c3cnc(C(F)(F)F)nc3)ccc2N)nc1C.[Fe+3],4.5567846
TRZ03420,Cc1nnc(-c2nn(Cc3ccc(F)cc3F)c3cc(OC(F)(F)F)ccc23)nc1C,Fe3+,Cc1nnc(-c2nn(Cc3ccc(F)cc3F)c3cc(OC(F)(F)F)ccc23)nc1C.[Fe+3],4.5566306
TRZ02316,Cc1nnc(-c2c(NC(=O)c3ccc(Cl)cc3)sc(C)c2C)nc1C,Fe3+,Cc1nnc(-c2c(NC(=O)c3ccc(Cl)cc3)sc(C)c2C)nc1C.[Fe+3],4.555796
TRZ01151,COc1ccc(-c2cc(-c3nnc(C)c(C)n3)n(Cc3ccccc3)n2)cc1,Fe3+,COc1ccc(-c2cc(-c3nnc(C)c(C)n3)n(Cc3ccccc3)n2)cc1.[Fe+3],4.5548844
TRZ01391,CC(=O)Nc1ccc(C(=O)N/C(=C\c2ccccc2Cl)c2nnc(C)c(C)n2)cc1,Fe3+,CC(=O)Nc1ccc(C(=O)N/C(=C\c2ccccc2Cl)c2nnc(C)c(C)n2)cc1.[Fe+3],4.5489254
TRZ03461,Cc1nnc(-c2nn(Cc3ccc(F)cc3F)c3cc(C(F)F)ccc23)nc1C,Fe3+,Cc1nnc(-c2nn(Cc3ccc(F)cc3F)c3cc(C(F)F)ccc23)nc1C.[Fe+3],4.5481195
TRZ00367,COc1ccc(N(C)c2nc(C)nc3ccccc23)cc1OC(C)(C)c1nnc(C)c(C)n1,Fe3+,COc1ccc(N(C)c2nc(C)nc3ccccc23)cc1OC(C)(C)c1nnc(C)c(C)n1.[Fe+3],4.547332
TRZ03795,Cc1nnc(-c2cn(C)c3cccc(F)c23)nc1C,Fe3+,Cc1nnc(-c2cn(C)c3cccc(F)c23)nc1C.[Fe+3],4.5471516
TRZ02427,Cc1nnc(Cc2sc3ccc(Cl)cc3c2C)nc1C,Fe3+,Cc1nnc(Cc2sc3ccc(Cl)cc3c2C)nc1C.[Fe+3],4.543988
TRZ02885,Cc1nnc(-c2cn(-c3ccc(F)cc3)nn2)nc1C,Fe3+,Cc1nnc(-c2cn(-c3ccc(F)cc3)nn2)nc1C.[Fe+3],4.54249
TRZ01153,Cc1nnc(-c2c(N)sc3c2CCCCC3)nc1C,Fe3+,Cc1nnc(-c2c(N)sc3c2CCCCC3)nc1C.[Fe+3],4.5406933
TRZ01209,Cc1nnc(CNc2ccc(Br)cc2)nc1C,Fe3+,Cc1nnc(CNc2ccc(Br)cc2)nc1C.[Fe+3],4.5404778
TRZ01282,Cc1nnc(C(=O)c2c[nH]c3ccccc23)nc1C,Fe3+,Cc1nnc(C(=O)c2c[nH]c3ccccc23)nc1C.[Fe+3],4.5397797
TRZ03736,Cc1nnc(-c2nn(Cc3ccc(F)cc3F)c3cc(C(F)(F)F)cnc23)nc1C,Fe3+,Cc1nnc(-c2nn(Cc3ccc(F)cc3F)c3cc(C(F)(F)F)cnc23)nc1C.[Fe+3],4.537719
TRZ04940,Cc1nnc(-c2c(N(C(C)(C)C)S(=O)(=O)c3ccccc3)ccc(Cl)c2F)nc1C,Fe3+,Cc1nnc(-c2c(N(C(C)(C)C)S(=O)(=O)c3ccccc3)ccc(Cl)c2F)nc1C.[Fe+3],4.5371723
TRZ00580,Cc1nnc(-c2nc(-c3ccc4[nH]ccc4c3)cc(N3Cc4ccccc4C3)n2)nc1C,Fe3+,Cc1nnc(-c2nc(-c3ccc4[nH]ccc4c3)cc(N3Cc4ccccc4C3)n2)nc1C.[Fe+3],4.536639
TRZ03448,COc1ccc2c(-c3nnc(C)c(C)n3)nn(Cc3ccc(Cl)cc3F)c2c1,Fe3+,COc1ccc2c(-c3nnc(C)c(C)n3)nn(Cc3ccc(Cl)cc3F)c2c1.[Fe+3],4.532991
TRZ05691,Cc1nnc(-c2cc(Cl)cnc2OCC(F)(F)F)nc1C,Fe3+,Cc1nnc(-c2cc(Cl)cnc2OCC(F)(F)F)nc1C.[Fe+3],4.5319242
TRZ00809,Cc1nnc(C2=CO[C@@H](C)[C@@H]3CN4CCc5c([nH]c6ccccc56)[C@@H]4C[C@H]23)nc1C,Fe3+,Cc1nnc(C2=CO[C@@H](C)[C@@H]3CN4CCc5c([nH]c6ccccc56)[C@@H]4C[C@H]23)nc1C.[Fe+3],4.5304203
TRZ05320,Cc1nnc(Cc2ncc(F)cc2Cl)nc1C,Fe3+,Cc1nnc(Cc2ncc(F)cc2Cl)nc1C.[Fe+3],4.530413
TRZ02508,Cc1ccc(NCc2nnc(SCc3nnc(C)c(C)n3)n2-c2ccccc2)cc1,Fe3+,Cc1ccc(NCc2nnc(SCc3nnc(C)c(C)n3)n2-c2ccccc2)cc1.[Fe+3],4.529503
TRZ01804,COC1CCN(c2cc(-c3ccccc3)nc(-c3nnc(C)c(C)n3)n2)C1,Fe3+,COC1CCN(c2cc(-c3ccccc3)nc(-c3nnc(C)c(C)n3)n2)C1.[Fe+3],4.527395
TRZ00074,Cc1cc(-c2nnc(C)c(C)n2)n[nH]1,Fe3+,Cc1cc(-c2nnc(C)c(C)n2)n[nH]1.[Fe+3],4.524864
TRZ01333,Cc1nnc(C2=CO[C@@H](C)[C@H]3CN4CCc5c(n(C)c6ccccc56)[C@@H]4C[C@H]23)nc1C,Fe3+,Cc1nnc(C2=CO[C@@H](C)[C@H]3CN4CCc5c(n(C)c6ccccc56)[C@@H]4C[C@H]23)nc1C.[Fe+3],4.523142
TRZ03727,Cc1nnc(-c2nn(Cc3ccc(F)cc3F)c3cc([N+](=O)[O-])ccc23)nc1C,Fe3+,Cc1nnc(-c2nn(Cc3ccc(F)cc3F)c3cc([N+](=O)[O-])ccc23)nc1C.[Fe+3],4.5221047
TRZ00032,Cc1nnc(COc2cccc3ccccc23)nc1C,Fe3+,Cc1nnc(COc2cccc3ccccc23)nc1C.[Fe+3],4.521947
TRZ05528,Cc1nnc(-c2nn3c(c2Nc2ccc(C(F)(F)F)cc2)CCC3)nc1C,Fe3+,Cc1nnc(-c2nn3c(c2Nc2ccc(C(F)(F)F)cc2)CCC3)nc1C.[Fe+3],4.519079
TRZ00129,Cc1nnc(-c2ccncn2)nc1C,Fe3+,Cc1nnc(-c2ccncn2)nc1C.[Fe+3],4.5184655
TRZ03258,COc1cc(O)c(F)cc1-c1nnc(C)c(C)n1,Fe3+,COc1cc(O)c(F)cc1-c1nnc(C)c(C)n1.[Fe+3],4.517294
TRZ01639,Cc1nnc(-c2c(N)sc3c2CCCCCC3)nc1C,Fe3+,Cc1nnc(-c2c(N)sc3c2CCCCCC3)nc1C.[Fe+3],4.5148354
TRZ05238,Cc1nnc(C(=O)CNCc2ccc(F)cc2)nc1C,Fe3+,Cc1nnc(C(=O)CNCc2ccc(F)cc2)nc1C.[Fe+3],4.5142174
TRZ04902,CSc1nccc(-c2cc(F)nc(-c3nnc(C)c(C)n3)c2)n1,Fe3+,CSc1nccc(-c2cc(F)nc(-c3nnc(C)c(C)n3)c2)n1.[Fe+3],4.51056
TRZ01050,Cc1nnc(-c2nc(-c3ccccc3)cc(N3Cc4cccnc4C3)n2)nc1C,Fe3+,Cc1nnc(-c2nc(-c3ccccc3)cc(N3Cc4cccnc4C3)n2)nc1C.[Fe+3],4.507598
TRZ03615,COc1ccc(-c2nc3n[nH]c(-c4nnc(C)c(C)n4)c3c(C)c2C)c(F)c1,Fe3+,COc1ccc(-c2nc3n[nH]c(-c4nnc(C)c(C)n4)c3c(C)c2C)c(F)c1.[Fe+3],4.5055556
TRZ01384,Cc1nnc(/C(=C\c2ccc3ccccc3c2)N(C)C)nc1C,Fe3+,Cc1nnc(/C(=C\c2ccc3ccccc3c2)N(C)C)nc1C.[Fe+3],4.5054407
TRZ04511,Cc1nnc(-c2ccc(CC3(c4ccc(F)c(Cl)c4)CN(C(N)=O)CCO3)nc2)nc1C,Fe3+,Cc1nnc(-c2ccc(CC3(c4ccc(F)c(Cl)c4)CN(C(N)=O)CCO3)nc2)nc1C.[Fe+3],4.505208
TRZ00222,Cc1nnc(-c2cc3cc(F)ccc3[nH]2)nc1C,Fe3+,Cc1nnc(-c2cc3cc(F)ccc3[nH]2)nc1C.[Fe+3],4.5032635
TRZ01617,CCOC(=O)c1sc(N)c(-c2nnc(C)c(C)n2)c1C,Fe3+,CCOC(=O)c1sc(N)c(-c2nnc(C)c(C)n2)c1C.[Fe+3],4.5011406
TRZ03544,Cc1nnc(-c2ccc3cccc(F)c3n2)nc1C,Fe3+,Cc1nnc(-c2ccc3cccc(F)c3n2)nc1C.[Fe+3],4.501092
TRZ05536,Cc1nnc(-c2ccnc(N3CCC4(CN(c5ccnc(C(F)(F)F)c5)C4)C3)n2)nc1C,Fe3+,Cc1nnc(-c2ccnc(N3CCC4(CN(c5ccnc(C(F)(F)F)c5)C4)C3)n2)nc1C.[Fe+3],4.5003557
TRZ05352,Cc1nnc(-c2cc3c(N[C@H]4CCN(C)C[C@@H]4F)cccc3n2CC(F)(F)F)nc1C,Fe3+,Cc1nnc(-c2cc3c(N[C@H]4CCN(C)C[C@@H]4F)cccc3n2CC(F)(F)F)nc1C.[Fe+3],4.4999266
TRZ01664,C#CCn1cc(-c2nnc(C)c(C)n2)c(=O)c2cccc(C(F)(F)F)c21,Fe3+,C#CCn1cc(-c2nnc(C)c(C)n2)c(=O)c2cccc(C(F)(F)F)c21.[Fe+3],4.497575
TRZ05492,CCOc1ccc(-c2cncc(-c3nnc(C)c(C)n3)n2)c(C(F)(F)F)c1,Fe3+,CCOc1ccc(-c2cncc(-c3nnc(C)c(C)n3)n2)c(C(F)(F)F)c1.[Fe+3],4.4959736
TRZ00811,Cc1nnc(C2=CO[C@@H](C)[C@H]3CN4CCc5c([nH]c6ccccc56)[C@@H]4C[C@H]23)nc1C,Fe3+,Cc1nnc(C2=CO[C@@H](C)[C@H]3CN4CCc5c([nH]c6ccccc56)[C@@H]4C[C@H]23)nc1C.[Fe+3],4.4953475
TRZ00835,Cc1nnc(C(C)Nc2nc3ccccc3s2)nc1C,Fe3+,Cc1nnc(C(C)Nc2nc3ccccc3s2)nc1C.[Fe+3],4.494028
TRZ01818,Cc1nnc(-c2ncn(-c3cccc(Cl)c3)c2-c2cccc(F)c2)nc1C,Fe3+,Cc1nnc(-c2ncn(-c3cccc(Cl)c3)c2-c2cccc(F)c2)nc1C.[Fe+3],4.4936867
TRZ00239,Cc1nnc(-c2nn(Cc3ccc(Cl)cc3Cl)c3ccccc23)nc1C,Fe3+,Cc1nnc(-c2nn(Cc3ccc(Cl)cc3Cl)c3ccccc23)nc1C.[Fe+3],4.49154
TRZ05762,Cc1nnc(-c2cnc(NCc3cc(F)cc(F)c3)nc2)nc1C,Fe3+,Cc1nnc(-c2cnc(NCc3cc(F)cc(F)c3)nc2)nc1C.[Fe+3],4.490094
TRZ03538,COc1ccc(C(=O)C2CC(C)(C)Cc3c2c(-c2nnc(C)c(C)n2)nn3C)cc1C(F)(F)F,Fe3+,COc1ccc(C(=O)C2CC(C)(C)Cc3c2c(-c2nnc(C)c(C)n2)nn3C)cc1C(F)(F)F.[Fe+3],4.4899673
TRZ01390,CC(=O)Nc1ccc(C(=O)N/C(=C\c2ccccc2)c2nnc(C)c(C)n2)cc1,Fe3+,CC(=O)Nc1ccc(C(=O)N/C(=C\c2ccccc2)c2nnc(C)c(C)n2)cc1.[Fe+3],4.488901
TRZ01737,CCOc1ccc2cc(-c3nnc(C)c(C)n3)c(=O)oc2c1,Fe3+,CCOc1ccc2cc(-c3nnc(C)c(C)n3)c(=O)oc2c1.[Fe+3],4.48664
TRZ05580,Cc1cc(-c2nnc(C)c(C)n2)nc(N2CCC(C(F)(F)F)C2)c1,Fe3+,Cc1cc(-c2nnc(C)c(C)n2)nc(N2CCC(C(F)(F)F)C2)c1.[Fe+3],4.483559
TRZ00907,COc1ccc2oc(C)c(-c3nnc(C)c(C)n3)c2c1,Fe3+,COc1ccc2oc(C)c(-c3nnc(C)c(C)n3)c2c1.[Fe+3],4.480522
TRZ01945,Cc1nnc(CC2CC(c3cccc([N+](=O)[O-])c3)=NN2)nc1C,Fe3+,Cc1nnc(CC2CC(c3cccc([N+](=O)[O-])c3)=NN2)nc1C.[Fe+3],4.47962
TRZ02846,Cc1nc(-c2ccc(F)cc2)ccc1-c1nnc(C)c(C)n1,Fe3+,Cc1nc(-c2ccc(F)cc2)ccc1-c1nnc(C)c(C)n1.[Fe+3],4.479257
TRZ01726,Cc1nnc(Cn2nnc(/C=C/c3ccccc3)n2)nc1C,Fe3+,Cc1nnc(Cn2nnc(/C=C/c3ccccc3)n2)nc1C.[Fe+3],4.4791174
TRZ00260,Cc1nnc(Cc2nnc(N)s2)nc1C,Fe3+,Cc1nnc(Cc2nnc(N)s2)nc1C.[Fe+3],4.4780483
TRZ04063,Cc1nnc(Cc2nc3ccc(-c4ccc(F)cc4)cc3s2)nc1C,Fe3+,Cc1nnc(Cc2nc3ccc(-c4ccc(F)cc4)cc3s2)nc1C.[Fe+3],4.473774
TRZ05689,Cc1nnc(CSc2nnc(-c3ccco3)n2-c2ccc(F)cc2)nc1C,Fe3+,Cc1nnc(CSc2nnc(-c3ccco3)n2-c2ccc(F)cc2)nc1C.[Fe+3],4.471425
TRZ01323,CCCC[C@H](NC(=O)c1cccs1)c1nnc(C)c(C)n1,Fe3+,CCCC[C@H](NC(=O)c1cccs1)c1nnc(C)c(C)n1.[Fe+3],4.46824
TRZ00482,Cc1nnc(-c2c(C)nc3ccc(Cl)cn23)nc1C,Fe3+,Cc1nnc(-c2c(C)nc3ccc(Cl)cn23)nc1C.[Fe+3],4.466627
TRZ00832,COCCn1cnc2c1c(=O)n(Cc1nnc(C)c(C)n1)c(=O)n2Cc1ccccc1,Fe3+,COCCn1cnc2c1c(=O)n(Cc1nnc(C)c(C)n1)c(=O)n2Cc1ccccc1.[Fe+3],4.46496
TRZ04857,Cc1nnc(CN2CCc3sc(-c4cccc(F)c4)cc3C2)nc1C,Fe3+,Cc1nnc(CN2CCc3sc(-c4cccc(F)c4)cc3C2)nc1C.[Fe+3],4.46325
TRZ04671,CN=NN(C(C)F)[C@@H]1[C@@H](O)[C@H](c2nnc(C)c(C)n2)O[C@@H]2CO[C@H](c3ccccc3)O[C@H]12,Fe3+,CN=NN(C(C)F)[C@@H]1[C@@H](O)[C@H](c2nnc(C)c(C)n2)O[C@@H]2CO[C@H](c3ccccc3)O[C@H]12.[Fe+3],4.4586806
TRZ00810,COc1ccc2[nH]c3c(c2c1)CCN1C[C@@H]2[C@H](C)OC=C(c4nnc(C)c(C)n4)[C@H]2C[C@@H]31,Fe3+,COc1ccc2[nH]c3c(c2c1)CCN1C[C@@H]2[C@H](C)OC=C(c4nnc(C)c(C)n4)[C@H]2C[C@@H]31.[Fe+3],4.4568205
TRZ01386,Cc1nnc(/C(=C/c2ccc3ccccc3c2)N(C)C)nc1C,Fe3+,Cc1nnc(/C(=C/c2ccc3ccccc3c2)N(C)C)nc1C.[Fe+3],4.4562664
TRZ04977,Cc1nnc(-c2cn(-c3ccc(Cl)cc3C(F)(F)F)cn2)nc1C,Fe3+,Cc1nnc(-c2cn(-c3ccc(Cl)cc3C(F)(F)F)cn2)nc1C.[Fe+3],4.4560833
TRZ05079,Cc1nnc(-c2c(C)[nH]c(/C=C3/C(=O)Nc4ccc(F)cc43)c2C)nc1C,Fe3+,Cc1nnc(-c2c(C)[nH]c(/C=C3/C(=O)Nc4ccc(F)cc43)c2C)nc1C.[Fe+3],4.455829
TRZ00847,Cc1nn(C)cc1-c1nnc(C)c(C)n1,Fe3+,Cc1nn(C)cc1-c1nnc(C)c(C)n1.[Fe+3],4.4557457
TRZ01068,Cc1nnc(CN(C)c2ccc3ccccc3c2)nc1C,Fe3+,Cc1nnc(CN(C)c2ccc3ccccc3c2)nc1C.[Fe+3],4.4525285
TRZ02923,Cc1nnc(Cc2csc3nc(-c4ccc(F)cc4)cn23)nc1C,Fe3+,Cc1nnc(Cc2csc3nc(-c4ccc(F)cc4)cn23)nc1C.[Fe+3],4.4522495
TRZ01722,Cc1nnc(/C=C2/Nc3ccc(C#N)cc3NC2=O)nc1C,Fe3+,Cc1nnc(/C=C2/Nc3ccc(C#N)cc3NC2=O)nc1C.[Fe+3],4.4522023
TRZ05805,Cc1nnc(C2=Cc3ccccc3S2=C(C(F)F)C(F)C(=O)c2ccco2)nc1C,Fe3+,Cc1nnc(C2=Cc3ccccc3S2=C(C(F)F)C(F)C(=O)c2ccco2)nc1C.[Fe+3],4.45161
TRZ02204,CCOC(=O)c1cn(Cc2nnc(C)c(C)n2)c2cc(Cl)c(F)cc2c1=O,Fe3+,CCOC(=O)c1cn(Cc2nnc(C)c(C)n2)c2cc(Cl)c(F)cc2c1=O.[Fe+3],4.449253
TRZ05516,Cc1nnc(-c2cc(-c3cncc(F)c3)c(F)c(C)n2)nc1C,Fe3+,Cc1nnc(-c2cc(-c3cncc(F)c3)c(F)c(C)n2)nc1C.[Fe+3],4.4485493
TRZ02579,Cc1nnc(CS(=O)(=O)Cc2ccccc2)nc1C,Fe3+,Cc1nnc(CS(=O)(=O)Cc2ccccc2)nc1C.[Fe+3],4.4457703
TRZ01227,Cc1nnc(-c2cc(-c3cc(F)c(F)cc3F)n[nH]2)nc1C,Fe3+,Cc1nnc(-c2cc(-c3cc(F)c(F)cc3F)n[nH]2)nc1C.[Fe+3],4.4447784
TRZ04470,Cc1nnc(-c2cc(C)n3ncc(C(=O)NC(C4CC4)C(F)(F)F)c3n2)nc1C,Fe3+,Cc1nnc(-c2cc(C)n3ncc(C(=O)NC(C4CC4)C(F)(F)F)c3n2)nc1C.[Fe+3],4.4419065
TRZ00506,Cc1nnc(CNC(=O)c2cccc(Br)c2)nc1C,Fe3+,Cc1nnc(CNC(=O)c2cccc(Br)c2)nc1C.[Fe+3],4.438653
TRZ02254,Cc1nnc(C2=CN(CCc3ccccc3)C=CC2)nc1C,Fe3+,Cc1nnc(C2=CN(CCc3ccccc3)C=CC2)nc1C.[Fe+3],4.4379177
TRZ00635,Cc1nnc(Cn2c(-c3ccccc3)cc(=O)n3ncnc23)nc1C,Fe3+,Cc1nnc(Cn2c(-c3ccccc3)cc(=O)n3ncnc23)nc1C.[Fe+3],4.4378033
TRZ03867,Cc1nnc(/C=C\n2cnc(-c3cc(C(F)(F)F)cc(S(C)(=O)=O)c3)n2)nc1C,Fe3+,Cc1nnc(/C=C\n2cnc(-c3cc(C(F)(F)F)cc(S(C)(=O)=O)c3)n2)nc1C.[Fe+3],4.436668
TRZ05374,Cc1nnc(-c2nn(Cc3ccc(C(F)(F)F)cc3)c3ccccc23)nc1C,Fe3+,Cc1nnc(-c2nn(Cc3ccc(C(F)(F)F)cc3)c3ccccc23)nc1C.[Fe+3],4.435898
TRZ02526,CCOC(=O)c1c(C)c(-c2ccccc2)n(Cc2nnc(C)c(C)n2)c1C,Fe3+,CCOC(=O)c1c(C)c(-c2ccccc2)n(Cc2nnc(C)c(C)n2)c1C.[Fe+3],4.435859
TRZ02035,COc1cc(N)c(-c2nnc(C)c(C)n2)cc1OC,Fe3+,COc1cc(N)c(-c2nnc(C)c(C)n2)cc1OC.[Fe+3],4.4354634
TRZ02798,Cc1nnc(CNc2ccc(F)cc2Br)nc1C,Fe3+,Cc1nnc(CNc2ccc(F)cc2Br)nc1C.[Fe+3],4.4346166
TRZ03021,CO/C=C(/c1nnc(C)c(C)n1)c1ccccc1/C(=N/OC(C)=O)c1cccc(C(F)(F)F)c1,Fe3+,CO/C=C(/c1nnc(C)c(C)n1)c1ccccc1/C(=N/OC(C)=O)c1cccc(C(F)(F)F)c1.[Fe+3],4.432275
TRZ02525,CCOC(=O)c1cc(-c2ccccc2)n(Cc2nnc(C)c(C)n2)c1C,Fe3+,CCOC(=O)c1cc(-c2ccccc2)n(Cc2nnc(C)c(C)n2)c1C.[Fe+3],4.4305825
TRZ04019,Cc1nnc(C(F)(F)C(=O)c2ccccn2)nc1C,Fe3+,Cc1nnc(C(F)(F)C(=O)c2ccccn2)nc1C.[Fe+3],4.429778
TRZ01881,Cc1nnc(CNc2cccc([N+](=O)[O-])c2)nc1C,Fe3+,Cc1nnc(CNc2cccc([N+](=O)[O-])c2)nc1C.[Fe+3],4.4268055
TRZ03771,Cc1nnc(-c2csc(-c3ccc(F)cc3)c2)nc1C,Fe3+,Cc1nnc(-c2csc(-c3ccc(F)cc3)c2)nc1C.[Fe+3],4.425231
TRZ02715,Cc1nnc(-c2cc3ccccc3cn2)nc1C,Fe3+,Cc1nnc(-c2cc3ccccc3cn2)nc1C.[Fe+3],4.4237466
TRZ05058,Cc1cc(-c2nnc(C)c(C)n2)nc2c1C=C(NCC(F)(F)F)CC2C(C)(C)C,Fe3+,Cc1cc(-c2nnc(C)c(C)n2)nc2c1C=C(NCC(F)(F)F)CC2C(C)(C)C.[Fe+3],4.4220095
TRZ03154,Cc1nnc(-c2ccc(N3CC(Cc4ccccc4C(F)(F)F)C3)nn2)nc1C,Fe3+,Cc1nnc(-c2ccc(N3CC(Cc4ccccc4C(F)(F)F)C3)nn2)nc1C.[Fe+3],4.419961
TRZ01359,COc1cccc2c(SCc3nnc(C)c(C)n3)c3ccccc3nc12,Fe3+,COc1cccc2c(SCc3nnc(C)c(C)n3)c3ccccc3nc12.[Fe+3],4.419263
TRZ00826,Cc1nnc(-c2cn(-c3ccccc3)nc2-c2ccccc2)nc1C,Fe3+,Cc1nnc(-c2cn(-c3ccccc3)nc2-c2ccccc2)nc1C.[Fe+3],4.417019
TRZ00521,Cc1nnc(/C(C#N)=N/Nc2c(Cl)cccc2Cl)nc1C,Fe3+,Cc1nnc(/C(C#N)=N/Nc2c(Cl)cccc2Cl)nc1C.[Fe+3],4.4168015
TRZ02860,Cc1nnc(C2CC(O)Cc3cc(F)ccc3N2)nc1C,Fe3+,Cc1nnc(C2CC(O)Cc3cc(F)ccc3N2)nc1C.[Fe+3],4.4167147
TRZ03848,COc1cc(Oc2cccc(OC(F)(F)F)c2)nc(-c2nnc(C)c(C)n2)c1,Fe3+,COc1cc(Oc2cccc(OC(F)(F)F)c2)nc(-c2nnc(C)c(C)n2)c1.[Fe+3],4.4156795
TRZ02524,Cc1cc(C)c(-c2nnc(C)c(C)n2)[nH]1,Fe3+,Cc1cc(C)c(-c2nnc(C)c(C)n2)[nH]1.[Fe+3],4.414552
TRZ00602,Cc1nnc(C(C#N)(Cc2ccccc2)Cc2ccccc2)nc1C,Fe3+,Cc1nnc(C(C#N)(Cc2ccccc2)Cc2ccccc2)nc1C.[Fe+3],4.4143705
TRZ02940,Cc1nnc(-c2nn(Cc3ccc(F)cc3F)c3cc(C(F)(F)F)ccc23)nc1C,Fe3+,Cc1nnc(-c2nn(Cc3ccc(F)cc3F)c3cc(C(F)(F)F)ccc23)nc1C.[Fe+3],4.413756
TRZ00355,CCc1c(-c2nnc(C)c(C)n2)ncc2[nH]c3cc(OC)c(OC)cc3c12,Fe3+,CCc1c(-c2nnc(C)c(C)n2)ncc2[nH]c3cc(OC)c(OC)cc3c12.[Fe+3],4.404785
TRZ05247,Cc1nnc([C@H]2CC[C@H](NC(=O)COc3ccc(Cl)c(F)c3)CN2C(=O)O)nc1C,Fe3+,Cc1nnc([C@H]2CC[C@H](NC(=O)COc3ccc(Cl)c(F)c3)CN2C(=O)O)nc1C.[Fe+3],4.4023886
TRZ01707,Cc1nc2cc(-c3nnc(C)c(C)n3)c([N+](=O)[O-])cc2[nH]1,Fe3+,Cc1nc2cc(-c3nnc(C)c(C)n3)c([N+](=O)[O-])cc2[nH]1.[Fe+3],4.4023046
TRZ05515,Cc1ccncc1-c1cc(-c2nnc(C)c(C)n2)nc(C)c1F,Fe3+,Cc1ccncc1-c1cc(-c2nnc(C)c(C)n2)nc(C)c1F.[Fe+3],4.401724
TRZ01034,COc1cc(-c2cc(-c3ccc(C(F)(F)F)nc3)nc(-c3nnc(C)c(C)n3)n2)ccn1,Fe3+,COc1cc(-c2cc(-c3ccc(C(F)(F)F)nc3)nc(-c3nnc(C)c(C)n3)n2)ccn1.[Fe+3],4.3993893
TRZ02312,Cc1nnc(CNc2ccc(Cl)cc2Br)nc1C,Fe3+,Cc1nnc(CNc2ccc(Cl)cc2Br)nc1C.[Fe+3],4.3991346
TRZ00933,Cc1nnc(C(Cc2c[nH]c3ccccc23)NC(=O)c2ccc(OCC(C)C)cc2)nc1C,Fe3+,Cc1nnc(C(Cc2c[nH]c3ccccc23)NC(=O)c2ccc(OCC(C)C)cc2)nc1C.[Fe+3],4.398023
TRZ04135,Cc1nnc(C(N)c2ccc(F)c(Cl)c2)nc1C,Fe3+,Cc1nnc(C(N)c2ccc(F)c(Cl)c2)nc1C.[Fe+3],4.3969193
TRZ01670,CCOc1ccccc1C1=NOC(c2nnc(C)c(C)n2)C1,Fe3+,CCOc1ccccc1C1=NOC(c2nnc(C)c(C)n2)C1.[Fe+3],4.3966646
TRZ03667,Cc1nnc(-c2c(F)cncc2Nc2ccc(I)cc2F)nc1C,Fe3+,Cc1nnc(-c2c(F)cncc2Nc2ccc(I)cc2F)nc1C.[Fe+3],4.3957334
TRZ01395,COc1ccc(/C=C(\NC(=O)c2ccc(NC(C)=O)cc2)c2nnc(C)c(C)n2)cc1,Fe3+,COc1ccc(/C=C(\NC(=O)c2ccc(NC(C)=O)cc2)c2nnc(C)c(C)n2)cc1.[Fe+3],4.395071
TRZ02023,Cc1ccc(-c2ccc(-c3nnc(C)c(C)n3)c(C)n2)cc1,Fe3+,Cc1ccc(-c2ccc(-c3nnc(C)c(C)n3)c(C)n2)cc1.[Fe+3],4.393529
TRZ00113,COc1ccc(-c2cc(-c3nnc(C)c(C)n3)[nH]n2)cc1OC,Fe3+,COc1ccc(-c2cc(-c3nnc(C)c(C)n3)[nH]n2)cc1OC.[Fe+3],4.393299
TRZ05824,Cc1nnc(C=Cn2cnc(-c3cc(C(F)(F)F)cc(C(F)(F)F)c3)n2)nc1C,Fe3+,Cc1nnc(C=Cn2cnc(-c3cc(C(F)(F)F)cc(C(F)(F)F)c3)n2)nc1C.[Fe+3],4.3928576
TRZ03728,Cc1nnc(-c2nn(Cc3ccc(F)cc3Cl)c3cc(N)ccc23)nc1C,Fe3+,Cc1nnc(-c2nn(Cc3ccc(F)cc3Cl)c3cc(N)ccc23)nc1C.[Fe+3],4.3927774
TRZ01208,Cc1nnc(-c2nc(N)n[nH]2)nc1C,Fe3+,Cc1nnc(-c2nc(N)n[nH]2)nc1C.[Fe+3],4.392747
TRZ02318,CSc1c(Cc2nnc(C)c(C)n2)n(C)c2ccccc12,Fe3+,CSc1c(Cc2nnc(C)c(C)n2)n(C)c2ccccc12.[Fe+3],4.386805
TRZ01414,Cc1ccc(-n2c(SCc3nnc(C)c(C)n3)nnc2-c2ccccc2)cc1,Fe3+,Cc1ccc(-n2c(SCc3nnc(C)c(C)n3)nnc2-c2ccccc2)cc1.[Fe+3],4.385282
TRZ05084,Cc1nnc(C(=O)NCc2ccc(Cl)cc2C(F)(F)F)nc1C,Fe3+,Cc1nnc(C(=O)NCc2ccc(Cl)cc2C(F)(F)F)nc1C.[Fe+3],4.3851886
TRZ04876,Cc1nnc(-c2cc(-c3ccc(C(=O)N4CCC(F)(F)CC4)cn3)cc3cc(CN)oc23)nc1C,Fe3+,Cc1nnc(-c2cc(-c3ccc(C(=O)N4CCC(F)(F)CC4)cn3)cc3cc(CN)oc23)nc1C.[Fe+3],4.3849273
TRZ05482,Cc1nnc([C@@H]2CC[C@@H](NC(=O)COc3ccc(C(F)(F)F)cc3)CO2)nc1C,Fe3+,Cc1nnc([C@@H]2CC[C@@H](NC(=O)COc3ccc(C(F)(F)F)cc3)CO2)nc1C.[Fe+3],4.384576
TRZ01040,Cc1nnc(-c2nc(-c3ccccc3)cc(N3Cc4ccccc4CC3C)n2)nc1C,Fe3+,Cc1nnc(-c2nc(-c3ccccc3)cc(N3Cc4ccccc4CC3C)n2)nc1C.[Fe+3],4.3804593
TRZ02124,Cc1nnc(CCn2cnc3ccccc32)nc1C,Fe3+,Cc1nnc(CCn2cnc3ccccc32)nc1C.[Fe+3],4.3795824
TRZ03104,Cc1nnc(-c2cnn(C(F)F)c2)nc1C,Fe3+,Cc1nnc(-c2cnn(C(F)F)c2)nc1C.[Fe+3],4.378993
TRZ01307,Cc1nnc(Cc2ccc(-c3ccccc3)[nH]2)nc1C,Fe3+,Cc1nnc(Cc2ccc(-c3ccccc3)[nH]2)nc1C.[Fe+3],4.3786316
TRZ02993,CCC1N=C(c2ccccc2F)c2cc(F)ccc2N=C1c1nnc(C)c(C)n1,Fe3+,CCC1N=C(c2ccccc2F)c2cc(F)ccc2N=C1c1nnc(C)c(C)n1.[Fe+3],4.3734436
TRZ05774,Cc1nnc(C(CCCCC2OC=CO2)(OCc2ccccc2)C(F)(F)F)nc1C,Fe3+,Cc1nnc(C(CCCCC2OC=CO2)(OCc2ccccc2)C(F)(F)F)nc1C.[Fe+3],4.373438
TRZ00892,Cc1nnc(-c2n[nH]c3ccccc23)nc1C,Fe3+,Cc1nnc(-c2n[nH]c3ccccc23)nc1C.[Fe+3],4.3705053
TRZ01669,Cc1nnc(-c2c(-c3ccccc3)nn(-c3ccccc3)c2C)nc1C,Fe3+,Cc1nnc(-c2c(-c3ccccc3)nn(-c3ccccc3)c2C)nc1C.[Fe+3],4.36858
TRZ01059,Cc1nnc(-c2nc(-c3ccccc3)cc(N3CCc4ccccc4C3)n2)nc1C,Fe3+,Cc1nnc(-c2nc(-c3ccccc3)cc(N3CCc4ccccc4C3)n2)nc1C.[Fe+3],4.3677673
TRZ03320,Cc1nnc(COc2ccccc2C(F)(F)F)nc1C,Fe3+,Cc1nnc(COc2ccccc2C(F)(F)F)nc1C.[Fe+3],4.3672447
TRZ02874,Cc1nnc(-c2cnn3c2NC(c2ccccc2)CC3C(F)F)nc1C,Fe3+,Cc1nnc(-c2cnn3c2NC(c2ccccc2)CC3C(F)F)nc1C.[Fe+3],4.3669195
TRZ03431,COc1ccc2c(-c3nnc(C)c(C)n3)nn(Cc3ccc(F)cc3F)c2c1,Fe3+,COc1ccc2c(-c3nnc(C)c(C)n3)nn(Cc3ccc(F)cc3F)c2c1.[Fe+3],4.3652496
TRZ04071,Cc1nnc(C(C)(C)C(=O)c2cc(C(F)(F)F)n(-c3ccc(Br)cn3)n2)nc1C,Fe3+,Cc1nnc(C(C)(C)C(=O)c2cc(C(F)(F)F)n(-c3ccc(Br)cn3)n2)nc1C.[Fe+3],4.3652124
TRZ01119,Cc1nnc(CSc2cc(C(F)(F)F)nc3ccccc23)nc1C,Fe3+,Cc1nnc(CSc2cc(C(F)(F)F)nc3ccccc23)nc1C.[Fe+3],4.36398
TRZ00496,COc1ccc(-c2cc(-c3nnc(C)c(C)n3)n(-c3ccccc3)n2)cc1,Fe3+,COc1ccc(-c2cc(-c3nnc(C)c(C)n3)n(-c3ccccc3)n2)cc1.[Fe+3],4.3633165
TRZ00133,Cc1ccc(S(=O)(=O)c2c(-c3nnc(C)c(C)n3)[nH]c3ccc(Cl)cc23)cc1,Fe3+,Cc1ccc(S(=O)(=O)c2c(-c3nnc(C)c(C)n3)[nH]c3ccc(Cl)cc23)cc1.[Fe+3],4.362394
TRZ01020,COCCOc1ccc(-c2cc(-c3ccccc3)nc(-c3nnc(C)c(C)n3)n2)cc1,Fe3+,COCCOc1ccc(-c2cc(-c3ccccc3)nc(-c3nnc(C)c(C)n3)n2)cc1.[Fe+3],4.3594723
TRZ01037,Cc1nnc(-c2nc(-c3ccccc3)cc(N3CCc4ccccc43)n2)nc1C,Fe3+,Cc1nnc(-c2nc(-c3ccccc3)cc(N3CCc4ccccc43)n2)nc1C.[Fe+3],4.353964
TRZ02529,CCOC(=O)c1cc(-c2ccc(C)cc2)n(Cc2nnc(C)c(C)n2)c1C,Fe3+,CCOC(=O)c1cc(-c2ccc(C)cc2)n(Cc2nnc(C)c(C)n2)c1C.[Fe+3],4.3504634
TRZ01440,COc1cccc(NCc2nnc(C)c(C)n2)c1,Fe3+,COc1cccc(NCc2nnc(C)c(C)n2)c1.[Fe+3],4.3503685
TRZ04864,Cc1nnc(C(Br)Nc2ccc(F)cc2)nc1C,Fe3+,Cc1nnc(C(Br)Nc2ccc(F)cc2)nc1C.[Fe+3],4.3501787
TRZ00529,COc1c(F)cc(C(=O)NCc2nnc(C)c(C)n2)c(F)c1F,Fe3+,COc1c(F)cc(C(=O)NCc2nnc(C)c(C)n2)c(F)c1F.[Fe+3],4.35004
TRZ01935,Cc1nnc(CSc2nc3ccccc3n2C)nc1C,Fe3+,Cc1nnc(CSc2nc3ccccc3n2C)nc1C.[Fe+3],4.3498564
TRZ00216,Cc1nnc(-c2cccc3cc[nH]c23)nc1C,Fe3+,Cc1nnc(-c2cccc3cc[nH]c23)nc1C.[Fe+3],4.3458624
TRZ00389,Cc1nnc(CNc2cccc(Cl)c2)nc1C,Fe3+,Cc1nnc(CNc2cccc(Cl)c2)nc1C.[Fe+3],4.3434362
TRZ03916,Cc1nnc(-c2ccc(C(F)(F)F)cn2)nc1C,Fe3+,Cc1nnc(-c2ccc(C(F)(F)F)cn2)nc1C.[Fe+3],4.3426986
TRZ03025,Cc1nnc(-c2c(N=COS(C)(=O)=O)ccc(F)c2F)nc1C,Fe3+,Cc1nnc(-c2c(N=COS(C)(=O)=O)ccc(F)c2F)nc1C.[Fe+3],4.338105
TRZ00925,Cc1nnc(CN2C(=O)CSc3ccc(C(F)(F)F)cc32)nc1C,Fe3+,Cc1nnc(CN2C(=O)CSc3ccc(C(F)(F)F)cc32)nc1C.[Fe+3],4.336713
TRZ01477,Cc1nnc(-c2ccc(Br)cn2)nc1C,Fe3+,Cc1nnc(-c2ccc(Br)cn2)nc1C.[Fe+3],4.334112
TRZ01584,Cc1nnc(CNC(=O)Cc2cccc3ccccc23)nc1C,Fe3+,Cc1nnc(CNC(=O)Cc2cccc3ccccc23)nc1C.[Fe+3],4.33401
TRZ02999,Cc1nnc(C2=Nc3c(F)cccc3C(c3ccccc3Cl)=NC2)nc1C,Fe3+,Cc1nnc(C2=Nc3c(F)cccc3C(c3ccccc3Cl)=NC2)nc1C.[Fe+3],4.3310127
TRZ04369,Cc1nnc(-c2cccc(OC(F)(F)F)n2)nc1C,Fe3+,Cc1nnc(-c2cccc(OC(F)(F)F)n2)nc1C.[Fe+3],4.3297644
TRZ05636,Cc1nnc(-c2cc3cccnc3c(N3CCC(F)(F)CC3)n2)nc1C,Fe3+,Cc1nnc(-c2cc3cccnc3c(N3CCC(F)(F)CC3)n2)nc1C.[Fe+3],4.3297424
TRZ00288,Cc1nnc(CSCc2nc(-c3ccc(Cl)cc3)cs2)nc1C,Fe3+,Cc1nnc(CSCc2nc(-c3ccc(Cl)cc3)cs2)nc1C.[Fe+3],4.329345
TRZ05789,Cc1nnc(-c2c(-c3ccc(F)cc3)[nH]c3c(C)cccc23)nc1C,Fe3+,Cc1nnc(-c2c(-c3ccc(F)cc3)[nH]c3c(C)cccc23)nc1C.[Fe+3],4.3282433
TRZ01552,Cc1nnc(Cn2c(=O)c3c(ncn3CC(C)C)n(Cc3ccccc3)c2=O)nc1C,Fe3+,Cc1nnc(Cn2c(=O)c3c(ncn3CC(C)C)n(Cc3ccccc3)c2=O)nc1C.[Fe+3],4.3275094
TRZ00039,Cc1nnc(CCn2c3ccccc3c3ccccc32)nc1C,Fe3+,Cc1nnc(CCn2c3ccccc3c3ccccc32)nc1C.[Fe+3],4.3230953
TRZ01666,Cc1nnc(-c2cn(Cc3ccc(C#N)cc3)c3c(C(F)(F)F)cccc3c2=O)nc1C,Fe3+,Cc1nnc(-c2cn(Cc3ccc(C#N)cc3)c3c(C(F)(F)F)cccc3c2=O)nc1C.[Fe+3],4.3223467
TRZ01370,COc1ccc2nc3ccccc3c(SCc3nnc(C)c(C)n3)c2c1,Fe3+,COc1ccc2nc3ccccc3c(SCc3nnc(C)c(C)n3)c2c1.[Fe+3],4.320069
TRZ03032,Cc1cc(F)ccc1-c1ccc(-c2nnc(C)c(C)n2)nn1,Fe3+,Cc1cc(F)ccc1-c1ccc(-c2nnc(C)c(C)n2)nn1.[Fe+3],4.3199186
TRZ01683,CCCc1cc(=O)oc2c1c(OCCN1CCOCC1)cc1oc(-c3nnc(C)c(C)n3)cc12,Fe3+,CCCc1cc(=O)oc2c1c(OCCN1CCOCC1)cc1oc(-c3nnc(C)c(C)n3)cc12.[Fe+3],4.318256
TRZ01581,Cc1nnc(-c2cc3c(cn2)sc2ccccc23)nc1C,Fe3+,Cc1nnc(-c2cc3c(cn2)sc2ccccc23)nc1C.[Fe+3],4.3181744
TRZ02604,Cc1nnc(-c2c(-n3cccc3)no[n+]2[O-])nc1C,Fe3+,Cc1nnc(-c2c(-n3cccc3)no[n+]2[O-])nc1C.[Fe+3],4.318144
TRZ01269,CC(=O)N1CCN(c2ccc(CCc3ccc(-c4nnc(C)c(C)n4)s3)nc2)CC1,Fe3+,CC(=O)N1CCN(c2ccc(CCc3ccc(-c4nnc(C)c(C)n4)s3)nc2)CC1.[Fe+3],4.317471
TRZ01872,Cc1nnc(-c2csc(-c3cccc(-n4cccc4)c3)n2)nc1C,Fe3+,Cc1nnc(-c2csc(-c3cccc(-n4cccc4)c3)n2)nc1C.[Fe+3],4.3170342
TRZ05666,Cc1nnc(CN2C(=O)CSc3cc(F)ccc32)nc1C,Fe3+,Cc1nnc(CN2C(=O)CSc3cc(F)ccc32)nc1C.[Fe+3],4.3151274
TRZ00829,Cc1nnc(Cc2nc(-c3cnccn3)no2)nc1C,Fe3+,Cc1nnc(Cc2nc(-c3cnccn3)no2)nc1C.[Fe+3],4.313012
TRZ04091,Cc1nnc(CC(C(F)F)N2Cc3cccnc3C2)nc1C,Fe3+,Cc1nnc(CC(C(F)F)N2Cc3cccnc3C2)nc1C.[Fe+3],4.3119955
TRZ00126,Cc1nnc(-c2ccc(Cn3cccn3)o2)nc1C,Fe3+,Cc1nnc(-c2ccc(Cn3cccn3)o2)nc1C.[Fe+3],4.309489
TRZ02528,CCOC(=O)c1cc(-c2ccc([N+](=O)[O-])cc2)n(Cc2nnc(C)c(C)n2)c1C,Fe3+,CCOC(=O)c1cc(-c2ccc([N+](=O)[O-])cc2)n(Cc2nnc(C)c(C)n2)c1C.[Fe+3],4.309016
TRZ01136,Cc1nnc(-c2nc(Cl)c(N)nc2N)nc1C,Fe3+,Cc1nnc(-c2nc(Cl)c(N)nc2N)nc1C.[Fe+3],4.3078694
TRZ01989,Cc1nnc(C2(O)c3ccccc3-c3ccccc32)nc1C,Fe3+,Cc1nnc(C2(O)c3ccccc3-c3ccccc32)nc1C.[Fe+3],4.307148
TRZ02955,Cc1nnc(-c2cn3c4c(cc(F)cc4c2=O)C2CCCCC23)nc1C,Fe3+,Cc1nnc(-c2cn3c4c(cc(F)cc4c2=O)C2CCCCC23)nc1C.[Fe+3],4.302124
TRZ01056,Cc1nnc(-c2nc(-c3ccc(C(F)(F)F)nc3)cc(-c3ccsc3)n2)nc1C,Fe3+,Cc1nnc(-c2nc(-c3ccc(C(F)(F)F)nc3)cc(-c3ccsc3)n2)nc1C.[Fe+3],4.2960043
TRZ05889,Cc1nnc(-c2c(C(=O)c3ccccc3C(F)(F)F)ccnc2Cl)nc1C,Fe3+,Cc1nnc(-c2c(C(=O)c3ccccc3C(F)(F)F)ccnc2Cl)nc1C.[Fe+3],4.293089
TRZ00603,COc1ccc(NC(=O)N[C@@H](Cc2ccccc2)c2nnc(C)c(C)n2)cc1,Fe3+,COc1ccc(NC(=O)N[C@@H](Cc2ccccc2)c2nnc(C)c(C)n2)cc1.[Fe+3],4.2921276
TRZ05158,Cc1nnc(C2CC(C(=O)Nc3ccc(F)c(Cl)c3)N(C)SN2)nc1C,Fe3+,Cc1nnc(C2CC(C(=O)Nc3ccc(F)c(Cl)c3)N(C)SN2)nc1C.[Fe+3],4.287635
TRZ00598,Cc1ccccc1NC(=O)c1[nH]cnc1-c1nnc(C)c(C)n1,Fe3+,Cc1ccccc1NC(=O)c1[nH]cnc1-c1nnc(C)c(C)n1.[Fe+3],4.2858763
TRZ00617,Cc1nnc(Cc2nc3sc(C)c(C)c3c(=O)[nH]2)nc1C,Fe3+,Cc1nnc(Cc2nc3sc(C)c(C)c3c(=O)[nH]2)nc1C.[Fe+3],4.285303
TRZ05104,CCn1c(C)c(C(=O)Nc2ccc(F)c(C)c2)c(C)c1C(=O)C(=O)NC(C)(C)c1nnc(C)c(C)n1,Fe3+,CCn1c(C)c(C(=O)Nc2ccc(F)c(C)c2)c(C)c1C(=O)C(=O)NC(C)(C)c1nnc(C)c(C)n1.[Fe+3],4.281475
TRZ01921,CCOC(=O)c1cc(-c2ccc(OC)cc2)n(Cc2nnc(C)c(C)n2)c1C,Fe3+,CCOC(=O)c1cc(-c2ccc(OC)cc2)n(Cc2nnc(C)c(C)n2)c1C.[Fe+3],4.2811637
TRZ00945,Cc1nnc(C(C)Oc2ccc3c(C(F)(F)F)cc(=O)oc3c2)nc1C,Fe3+,Cc1nnc(C(C)Oc2ccc3c(C(F)(F)F)cc(=O)oc3c2)nc1C.[Fe+3],4.2803383
TRZ02566,CCCN(CCC)c1nc2oc(C)c(-c3nnc(C)c(C)n3)c2c(=O)n1-c1ccccc1,Fe3+,CCCN(CCC)c1nc2oc(C)c(-c3nnc(C)c(C)n3)c2c(=O)n1-c1ccccc1.[Fe+3],4.276517
TRZ04394,CCS(=O)(=O)c1cc(C(F)(F)F)cnc1-c1nnc(C)c(C)n1,Fe3+,CCS(=O)(=O)c1cc(C(F)(F)F)cnc1-c1nnc(C)c(C)n1.[Fe+3],4.2757683
TRZ01389,CC(=O)Nc1ccc(C(=O)N/C(=C\c2ccco2)c2nnc(C)c(C)n2)cc1,Fe3+,CC(=O)Nc1ccc(C(=O)N/C(=C\c2ccco2)c2nnc(C)c(C)n2)cc1.[Fe+3],4.2755013
TRZ02694,Cc1ccc2[nH]nc(-c3nnc(C)c(C)n3)c2c1,Fe3+,Cc1ccc2[nH]nc(-c3nnc(C)c(C)n3)c2c1.[Fe+3],4.2730637
TRZ00605,Cc1cc(C(F)(F)F)n(-c2nc(-c3ccccc3)c(Cc3nnc(C)c(C)n3)s2)n1,Fe3+,Cc1cc(C(F)(F)F)n(-c2nc(-c3ccccc3)c(Cc3nnc(C)c(C)n3)s2)n1.[Fe+3],4.2707186
TRZ00876,COc1ccc(-c2ccc(-c3nnc(C)c(C)n3)c(C)n2)cc1,Fe3+,COc1ccc(-c2ccc(-c3nnc(C)c(C)n3)c(C)n2)cc1.[Fe+3],4.266143
TRZ04229,Cc1nnc(-c2cncc(C(F)(F)F)c2)nc1C,Fe3+,Cc1nnc(-c2cncc(C(F)(F)F)c2)nc1C.[Fe+3],4.2655897
TRZ00078,Cc1nnc(COc2ccc(F)cc2)nc1C,Fe3+,Cc1nnc(COc2ccc(F)cc2)nc1C.[Fe+3],4.2650676
TRZ03682,Cc1nnc(-c2nn(Cc3ccc(Cl)cc3Cl)c3c2N=CN(C(F)(F)F)C3)nc1C,Fe3+,Cc1nnc(-c2nn(Cc3ccc(Cl)cc3Cl)c3c2N=CN(C(F)(F)F)C3)nc1C.[Fe+3],4.2649612
TRZ02569,Cc1ccc(-n2c(N3CCOCC3)nc3oc(C)c(-c4nnc(C)c(C)n4)c3c2=O)cc1,Fe3+,Cc1ccc(-n2c(N3CCOCC3)nc3oc(C)c(-c4nnc(C)c(C)n4)c3c2=O)cc1.[Fe+3],4.2649364
TRZ03476,Cc1nnc(-c2nn(Cc3ccc(F)cc3Cl)c3cc(CO)ccc23)nc1C,Fe3+,Cc1nnc(-c2nn(Cc3ccc(F)cc3Cl)c3cc(CO)ccc23)nc1C.[Fe+3],4.2644386
TRZ01785,Cc1cc(N2CCc3ccccc3C2)nc(-c2nnc(C)c(C)n2)n1,Fe3+,Cc1cc(N2CCc3ccccc3C2)nc(-c2nnc(C)c(C)n2)n1.[Fe+3],4.2642274
TRZ05871,Cc1nnc(-c2nc(C(=O)Cc3ccccc3)c(C(F)(F)F)cc2N)nc1C,Fe3+,Cc1nnc(-c2nc(C(=O)Cc3ccccc3)c(C(F)(F)F)cc2N)nc1C.[Fe+3],4.2616463
TRZ03983,Cc1nnc(C(F)(F)C(O)c2cccs2)nc1C,Fe3+,Cc1nnc(C(F)(F)C(O)c2cccs2)nc1C.[Fe+3],4.2582603
TRZ05034,Cc1nnc(-c2cccc(OCC(O)C(F)(F)F)n2)nc1C,Fe3+,Cc1nnc(-c2cccc(OCC(O)C(F)(F)F)n2)nc1C.[Fe+3],4.2572584
TRZ03479,Cc1cc(-c2nnc(C)c(C)n2)c(NS(=O)(=O)c2ccc(C(C)(C)C)cc2)cc1F,Fe3+,Cc1cc(-c2nnc(C)c(C)n2)c(NS(=O)(=O)c2ccc(C(C)(C)C)cc2)cc1F.[Fe+3],4.257035
TRZ05351,Cc1nnc(-c2cc3c(N[C@@H]4CCN(C)C[C@H]4F)cccc3n2CC(F)(F)F)nc1C,Fe3+,Cc1nnc(-c2cc3c(N[C@@H]4CCN(C)C[C@H]4F)cccc3n2CC(F)(F)F)nc1C.[Fe+3],4.2561846
TRZ00068,Cc1nnc(-c2ncccn2)nc1C,Fe3+,Cc1nnc(-c2ncccn2)nc1C.[Fe+3],4.255292
TRZ02043,Cc1nnc(/C(=C/c2ccc(Cl)cc2Cl)NC(=O)c2ccccc2)nc1C,Fe3+,Cc1nnc(/C(=C/c2ccc(Cl)cc2Cl)NC(=O)c2ccccc2)nc1C.[Fe+3],4.2534103
TRZ03612,Cc1nnc(Cc2nc3ccc(Br)c(F)c3s2)nc1C,Fe3+,Cc1nnc(Cc2nc3ccc(Br)c(F)c3s2)nc1C.[Fe+3],4.2531104
TRZ01805,Cc1nnc(-c2nc(-c3ccccc3)cc(N3CCCc4ccccc43)n2)nc1C,Fe3+,Cc1nnc(-c2nc(-c3ccccc3)cc(N3CCCc4ccccc43)n2)nc1C.[Fe+3],4.247311
TRZ05345,Cc1nnc(-c2ccc(Br)cc2NC(=O)Nc2cccc(F)c2)nc1C,Fe3+,Cc1nnc(-c2ccc(Br)cc2NC(=O)Nc2cccc(F)c2)nc1C.[Fe+3],4.246973
TRZ01741,Cc1nnc(-c2cc3ccc(OCc4ccccc4)cc3oc2=O)nc1C,Fe3+,Cc1nnc(-c2cc3ccc(OCc4ccccc4)cc3oc2=O)nc1C.[Fe+3],4.243276
TRZ03999,C#Cc1cc(-c2nnc(C)c(C)n2)c(Nc2ccc(I)cc2F)cn1,Fe3+,C#Cc1cc(-c2nnc(C)c(C)n2)c(Nc2ccc(I)cc2F)cn1.[Fe+3],4.2420115
TRZ03688,Cc1nnc(-c2ccccc2NC(=O)c2ccc(F)cc2)nc1C,Fe3+,Cc1nnc(-c2ccccc2NC(=O)c2ccc(F)cc2)nc1C.[Fe+3],4.241692
TRZ00258,Cc1nnc(-c2sc3nc(N4CCOCC4)c4c(c3c2N)CCCC4)nc1C,Fe3+,Cc1nnc(-c2sc3nc(N4CCOCC4)c4c(c3c2N)CCCC4)nc1C.[Fe+3],4.2412815
TRZ02488,Cc1nnc(C(C)Oc2ccc(C(=O)c3ccccc3)cc2)nc1C,Fe3+,Cc1nnc(C(C)Oc2ccc(C(=O)c3ccccc3)cc2)nc1C.[Fe+3],4.238448
TRZ02096,Cc1nnc(C(=O)NCc2ccc(F)c(C(F)(F)F)c2)nc1C,Fe3+,Cc1nnc(C(=O)NCc2ccc(F)c(C(F)(F)F)c2)nc1C.[Fe+3],4.238305
TRZ02535,CC1=C(c2nnc(C)c(C)n2)C(c2ccccc2)NC(=O)N1,Fe3+,CC1=C(c2nnc(C)c(C)n2)C(c2ccccc2)NC(=O)N1.[Fe+3],4.2381277
TRZ02095,Cc1nnc(C(=O)NCc2ccc(Cl)c(C(F)(F)F)c2)nc1C,Fe3+,Cc1nnc(C(=O)NCc2ccc(Cl)c(C(F)(F)F)c2)nc1C.[Fe+3],4.23419
TRZ05144,Cc1nnc(-c2c(N)cccc2-c2cccc(C(F)(F)F)c2)nc1C,Fe3+,Cc1nnc(-c2c(N)cccc2-c2cccc(C(F)(F)F)c2)nc1C.[Fe+3],4.2338524
TRZ00158,Cc1nnc(CNc2ccc3ccccc3c2)nc1C,Fe3+,Cc1nnc(CNc2ccc3ccccc3c2)nc1C.[Fe+3],4.232595
TRZ00700,Cc1nnc(COc2nc3scc(-c4ccccc4)c3c(=O)n2-c2ccccc2)nc1C,Fe3+,Cc1nnc(COc2nc3scc(-c4ccccc4)c3c(=O)n2-c2ccccc2)nc1C.[Fe+3],4.2316456
TRZ04231,Cc1nnc(-c2cccc(OCC(F)(F)F)n2)nc1C,Fe3+,Cc1nnc(-c2cccc(OCC(F)(F)F)n2)nc1C.[Fe+3],4.230109
TRZ04720,CCC(C)(CC)C(=O)N(CCc1nnc(C)c(C)n1)Cc1cc2c(cc1F)OCCO2,Fe3+,CCC(C)(CC)C(=O)N(CCc1nnc(C)c(C)n1)Cc1cc2c(cc1F)OCCO2.[Fe+3],4.228195
TRZ03555,Cc1nnc(C(C)(Cc2ccc(F)cc2)NC(=O)O)nc1C,Fe3+,Cc1nnc(C(C)(Cc2ccc(F)cc2)NC(=O)O)nc1C.[Fe+3],4.2261076
TRZ05888,Cc1nnc(-c2ccc(Cl)nc2C(=O)c2c(F)cccc2F)nc1C,Fe3+,Cc1nnc(-c2ccc(Cl)nc2C(=O)c2c(F)cccc2F)nc1C.[Fe+3],4.2233133
TRZ01064,Cc1nnc(-c2cc3c(cc2Nc2ccc4c(c2)OCO4)OCCO3)nc1C,Fe3+,Cc1nnc(-c2cc3c(cc2Nc2ccc4c(c2)OCO4)OCCO3)nc1C.[Fe+3],4.220525
TRZ03577,Cc1nnc(-c2cnn(CC(F)(F)F)c2C)nc1C,Fe3+,Cc1nnc(-c2cnn(CC(F)(F)F)c2C)nc1C.[Fe+3],4.217347
TRZ02431,Cc1nnc(C(=O)Nc2nc(-c3ccc(Br)cc3)cs2)nc1C,Fe3+,Cc1nnc(C(=O)Nc2nc(-c3ccc(Br)cc3)cs2)nc1C.[Fe+3],4.2172065
TRZ01334,CCN1c2ccccc2Sc2c(-c3nnc(C)c(C)n3)cccc21,Fe3+,CCN1c2ccccc2Sc2c(-c3nnc(C)c(C)n3)cccc21.[Fe+3],4.2170844
TRZ02071,Cc1nnc(-c2cc3ccccc3n2Cc2ccccc2)nc1C,Fe3+,Cc1nnc(-c2cc3ccccc3n2Cc2ccccc2)nc1C.[Fe+3],4.2165527
TRZ02812,Cc1nnc(-c2cn(-c3ccccc3)nc2-c2ccc(F)cc2)nc1C,Fe3+,Cc1nnc(-c2cn(-c3ccccc3)nc2-c2ccc(F)cc2)nc1C.[Fe+3],4.216513
TRZ04893,CCn1nc(C(F)(F)F)cc1CC(=O)Nc1c(C)cc(Cl)cc1-c1nnc(C)c(C)n1,Fe3+,CCn1nc(C(F)(F)F)cc1CC(=O)Nc1c(C)cc(Cl)cc1-c1nnc(C)c(C)n1.[Fe+3],4.213812
TRZ01634,Cc1nnc(C(NC(=O)COc2ccc3ccccc3c2)C(C)C)nc1C,Fe3+,Cc1nnc(C(NC(=O)COc2ccc3ccccc3c2)C(C)C)nc1C.[Fe+3],4.213108
TRZ02007,Cc1nnc(-c2csc(-c3ccncc3)n2)nc1C,Fe3+,Cc1nnc(-c2csc(-c3ccncc3)n2)nc1C.[Fe+3],4.212079
TRZ02681,Cc1nnc(-c2cnoc2)nc1C,Fe3+,Cc1nnc(-c2cnoc2)nc1C.[Fe+3],4.2078896
TRZ01965,Cc1nnc(-c2ccc(-c3nnc(C)c(C)n3)nc2)nc1C,Fe3+,Cc1nnc(-c2ccc(-c3nnc(C)c(C)n3)nc2)nc1C.[Fe+3],4.2070484
TRZ00057,Cc1nnc(-c2cc(Cl)ccn2)nc1C,Fe3+,Cc1nnc(-c2cc(Cl)ccn2)nc1C.[Fe+3],4.2032204
TRZ03818,Cc1nnc(-c2c[nH]c3ccc(CF)cc23)nc1C,Fe3+,Cc1nnc(-c2c[nH]c3ccc(CF)cc23)nc1C.[Fe+3],4.202713
TRZ05121,Cc1nnc(-c2c(N)cccc2-c2cccc(F)c2)nc1C,Fe3+,Cc1nnc(-c2c(N)cccc2-c2cccc(F)c2)nc1C.[Fe+3],4.2015433
TRZ02199,Cc1nnc(Cn2ccc3ccc(F)cc32)nc1C,Fe3+,Cc1nnc(Cn2ccc3ccc(F)cc32)nc1C.[Fe+3],4.1991796
TRZ03471,Cc1nnc(-c2nn(Cc3ccc(Cl)cc3F)c3cc(F)ccc23)nc1C,Fe3+,Cc1nnc(-c2nn(Cc3ccc(Cl)cc3F)c3cc(F)ccc23)nc1C.[Fe+3],4.1968784
TRZ01549,COc1ccc(C2=NOC(c3nnc(C)c(C)n3)C2)cc1,Fe3+,COc1ccc(C2=NOC(c3nnc(C)c(C)n3)C2)cc1.[Fe+3],4.194934
TRZ02360,COc1ccc(-c2cc(-c3nnc(C)c(C)n3)n(CCC#N)n2)cc1,Fe3+,COc1ccc(-c2cc(-c3nnc(C)c(C)n3)n(CCC#N)n2)cc1.[Fe+3],4.194708
TRZ01104,Cc1nnc(-c2nc[nH]c2-c2nnc(C)c(C)n2)nc1C,Fe3+,Cc1nnc(-c2nc[nH]c2-c2nnc(C)c(C)n2)nc1C.[Fe+3],4.194275
TRZ02260,Cc1c[nH]c(C)c1-c1nnc(C)c(C)n1,Fe3+,Cc1c[nH]c(C)c1-c1nnc(C)c(C)n1.[Fe+3],4.1934166
TRZ03411,Cc1nnc(-c2nn(Cc3ccc(F)cc3F)c3c2C=CN(C(F)(F)F)C3)nc1C,Fe3+,Cc1nnc(-c2nn(Cc3ccc(F)cc3F)c3c2C=CN(C(F)(F)F)C3)nc1C.[Fe+3],4.1933494
TRZ01891,Cc1ccc(NC(=O)C23CC4CC(CC(C4)C2)C3)c(-c2nnc(C)c(C)n2)c1,Fe3+,Cc1ccc(NC(=O)C23CC4CC(CC(C4)C2)C3)c(-c2nnc(C)c(C)n2)c1.[Fe+3],4.189744
TRZ02859,Cc1nnc(-c2c(C)[nH]c3ccc(OCc4ccccc4)cc23)nc1C,Fe3+,Cc1nnc(-c2c(C)[nH]c3ccc(OCc4ccccc4)cc23)nc1C.[Fe+3],4.1895175
TRZ02545,Cc1nnc(Cc2nnc3nnc4c(n23)Nc2ccccc2C4)nc1C,Fe3+,Cc1nnc(Cc2nnc3nnc4c(n23)Nc2ccccc2C4)nc1C.[Fe+3],4.1886563
TRZ03865,Cc1nnc(/C=C\n2cnc(-c3cc(Cl)cc(OC(F)(F)F)c3)n2)nc1C,Fe3+,Cc1nnc(/C=C\n2cnc(-c3cc(Cl)cc(OC(F)(F)F)c3)n2)nc1C.[Fe+3],4.185158
TRZ05875,CCCOc1nccc(C(=O)c2ccccc2F)c1-c1nnc(C)c(C)n1,Fe3+,CCCOc1nccc(C(=O)c2ccccc2F)c1-c1nnc(C)c(C)n1.[Fe+3],4.1847105
TRZ02337,COc1ccc(OC)c(NC(=O)c2nnc(C)c(C)n2)c1,Fe3+,COc1ccc(OC)c(NC(=O)c2nnc(C)c(C)n2)c1.[Fe+3],4.1844497
TRZ00308,Cc1nnc(-c2nc(N(C)C)nc(N(C)C)n2)nc1C,Fe3+,Cc1nnc(-c2nc(N(C)C)nc(N(C)C)n2)nc1C.[Fe+3],4.184374
TRZ01006,Cc1nnc(Cn2c(C3CC3)nc3cc(Cl)c(Cl)cc32)nc1C,Fe3+,Cc1nnc(Cn2c(C3CC3)nc3cc(Cl)c(Cl)cc32)nc1C.[Fe+3],4.1774435
TRZ05333,Cc1nnc(-c2ccc(OC(F)(F)F)cc2NC(=O)Nc2cccc(F)c2)nc1C,Fe3+,Cc1nnc(-c2ccc(OC(F)(F)F)cc2NC(=O)Nc2cccc(F)c2)nc1C.[Fe+3],4.176824
TRZ02092,Cc1nnc(C(=O)NCc2ccc(C(F)(F)F)cc2)nc1C,Fe3+,Cc1nnc(C(=O)NCc2ccc(C(F)(F)F)cc2)nc1C.[Fe+3],4.1747303
TRZ01680,CCN(CC)c1ccc(NC(=O)Cc2nnc(C)c(C)n2)cc1,Fe3+,CCN(CC)c1ccc(NC(=O)Cc2nnc(C)c(C)n2)cc1.[Fe+3],4.1739607
TRZ03441,Cc1nnc(-c2nn(Cc3ccc(F)cc3Cl)c3cccnc23)nc1C,Fe3+,Cc1nnc(-c2nn(Cc3ccc(F)cc3Cl)c3cccnc23)nc1C.[Fe+3],4.170538
TRZ05861,Cc1nnc(-c2cc(CF)c(CF)nc2CF)nc1C,Fe3+,Cc1nnc(-c2cc(CF)c(CF)nc2CF)nc1C.[Fe+3],4.170144
TRZ02504,Cc1nnc(CNc2nc3ccccc3s2)nc1C,Fe3+,Cc1nnc(CNc2nc3ccccc3s2)nc1C.[Fe+3],4.1685925
TRZ00722,Cc1nnc(-c2cc(-c3ccc(OC(C)C)c(C#N)c3)n[nH]c2=O)nc1C,Fe3+,Cc1nnc(-c2cc(-c3ccc(OC(C)C)c(C#N)c3)n[nH]c2=O)nc1C.[Fe+3],4.1659546
TRZ01070,Cc1nnc(Cn2c3ccc(Br)cc3c3nc4ccccc4nc32)nc1C,Fe3+,Cc1nnc(Cn2c3ccc(Br)cc3c3nc4ccccc4nc32)nc1C.[Fe+3],4.1634197
TRZ04950,Cc1nnc(-c2ccc(S(=O)(=O)c3ccc(OC(F)(F)F)cc3)cn2)nc1C,Fe3+,Cc1nnc(-c2ccc(S(=O)(=O)c3ccc(OC(F)(F)F)cc3)cn2)nc1C.[Fe+3],4.163047
TRZ04444,COc1cccc2c(N3CC=CC4=C3CN(C(Cc3nnc(C)c(C)n3)C(F)F)C4)nc(N)nc12,Fe3+,COc1cccc2c(N3CC=CC4=C3CN(C(Cc3nnc(C)c(C)n3)C(F)F)C4)nc(N)nc12.[Fe+3],4.1616373
TRZ03832,Cc1nnc(CC(C)(O)c2ccc(F)cc2)nc1C,Fe3+,Cc1nnc(CC(C)(O)c2ccc(F)cc2)nc1C.[Fe+3],4.1613665
TRZ01564,Cc1nnc(Cc2csc(-c3ccc(F)cc3)n2)nc1C,Fe3+,Cc1nnc(Cc2csc(-c3ccc(F)cc3)n2)nc1C.[Fe+3],4.1593885
TRZ00601,Cc1nnc(-c2c[nH]c3ccc(OCc4ccccc4)cc23)nc1C,Fe3+,Cc1nnc(-c2c[nH]c3ccc(OCc4ccccc4)cc23)nc1C.[Fe+3],4.1571245
TRZ04187,Cc1nnc(C(=O)NCc2ccc(Cl)c(CF)c2)nc1C,Fe3+,Cc1nnc(C(=O)NCc2ccc(Cl)c(CF)c2)nc1C.[Fe+3],4.155557
TRZ01884,Cc1nnc(-c2nc3ncccc3n2C)nc1C,Fe3+,Cc1nnc(-c2nc3ncccc3n2C)nc1C.[Fe+3],4.1544933
TRZ01774,Cc1nnc(-c2nc(-c3ccccc3)cc(N3CCCc4ccccc4C3)n2)nc1C,Fe3+,Cc1nnc(-c2nc(-c3ccccc3)cc(N3CCCc4ccccc4C3)n2)nc1C.[Fe+3],4.1525154
TRZ05059,Cc1nnc(-c2cc(C)c3cc(NCC(F)(F)F)cc(C4(C)OCCO4)c3n2)nc1C,Fe3+,Cc1nnc(-c2cc(C)c3cc(NCC(F)(F)F)cc(C4(C)OCCO4)c3n2)nc1C.[Fe+3],4.152199
TRZ02530,CCOC(=O)c1c(C)[nH]c(-c2nnc(C)c(C)n2)c1C,Fe3+,CCOC(=O)c1c(C)[nH]c(-c2nnc(C)c(C)n2)c1C.[Fe+3],4.1516247
TRZ03873,Cc1nnc(-c2cc(Oc3ccc(F)cc3Cl)ccc2[N+](=O)[O-])nc1C,Fe3+,Cc1nnc(-c2cc(Oc3ccc(F)cc3Cl)ccc2[N+](=O)[O-])nc1C.[Fe+3],4.150196
TRZ02129,Cc1nnc(CNC(=O)CNC(=O)c2ccccc2)nc1C,Fe3+,Cc1nnc(CNC(=O)CNC(=O)c2ccccc2)nc1C.[Fe+3],4.1461086
TRZ05706,Cc1nnc(C2=NNC(c3cc(Cl)cc(Cl)c3)(C(F)(F)F)C2)nc1C,Fe3+,Cc1nnc(C2=NNC(c3cc(Cl)cc(Cl)c3)(C(F)(F)F)C2)nc1C.[Fe+3],4.144603
TRZ01499,Cc1nnc(CNc2cccc(Cl)c2F)nc1C,Fe3+,Cc1nnc(CNc2cccc(Cl)c2F)nc1C.[Fe+3],4.143363
TRZ02730,Cc1nnc(-c2cnccc2C(=O)O)nc1C,Fe3+,Cc1nnc(-c2cnccc2C(=O)O)nc1C.[Fe+3],4.1427164
TRZ05502,Cc1nnc(-c2cncc(N3CCCC(F)(F)CC3)n2)nc1C,Fe3+,Cc1nnc(-c2cncc(N3CCCC(F)(F)CC3)n2)nc1C.[Fe+3],4.1412745
TRZ01069,Cc1nc2c(cc1-c1nnc(C)c(C)n1)c(=O)n(C)c(=O)n2C,Fe3+,Cc1nc2c(cc1-c1nnc(C)c(C)n1)c(=O)n(C)c(=O)n2C.[Fe+3],4.1409464
TRZ05406,C=CCCC(C)(C)Nc1nc(-c2nnc(C)c(C)n2)c([N+](=O)[O-])cc1C(F)(F)F,Fe3+,C=CCCC(C)(C)Nc1nc(-c2nnc(C)c(C)n2)c([N+](=O)[O-])cc1C(F)(F)F.[Fe+3],4.1390533
TRZ03988,CONC(=O)c1cc(Nc2ncnn3cc(-c4nnc(C)c(C)n4)c(C(C)C)c23)c(F)cc1F,Fe3+,CONC(=O)c1cc(Nc2ncnn3cc(-c4nnc(C)c(C)n4)c(C(C)C)c23)c(F)cc1F.[Fe+3],4.137225
TRZ01826,Cc1nnc([C@@H](O)Cc2csc(-c3ccc(F)cc3)n2)nc1C,Fe3+,Cc1nnc([C@@H](O)Cc2csc(-c3ccc(F)cc3)n2)nc1C.[Fe+3],4.132656
TRZ03895,Cc1nnc(-c2cc(F)c(NCC3CC3)cc2NC2CCCC2)nc1C,Fe3+,Cc1nnc(-c2cc(F)c(NCC3CC3)cc2NC2CCCC2)nc1C.[Fe+3],4.1311426
TRZ02640,Cc1nnc(-c2ccc(Cl)nn2)nc1C,Fe3+,Cc1nnc(-c2ccc(Cl)nn2)nc1C.[Fe+3],4.1287284
TRZ00171,CC(=O)Nc1ccccc1-c1nnc(C)c(C)n1,Fe3+,CC(=O)Nc1ccccc1-c1nnc(C)c(C)n1.[Fe+3],4.1244926
TRZ01114,Cc1nnc(-c2nccnc2N)nc1C,Fe3+,Cc1nnc(-c2nccnc2N)nc1C.[Fe+3],4.1233044
TRZ00538,Cc1nnc(-c2sc(-c3ccncc3)nc2-c2ccccc2)nc1C,Fe3+,Cc1nnc(-c2sc(-c3ccncc3)nc2-c2ccccc2)nc1C.[Fe+3],4.1229258
TRZ00276,Cc1nnc(-c2ncoc2-c2ccc(Cl)cc2)nc1C,Fe3+,Cc1nnc(-c2ncoc2-c2ccc(Cl)cc2)nc1C.[Fe+3],4.122916
TRZ01763,Cc1nnc(-c2cnc(-c3ccccc3)cc2-c2ccccc2)nc1C,Fe3+,Cc1nnc(-c2cnc(-c3ccccc3)cc2-c2ccccc2)nc1C.[Fe+3],4.121252
TRZ04230,Cc1nnc(-c2cccc(OC(F)F)n2)nc1C,Fe3+,Cc1nnc(-c2cccc(OC(F)F)n2)nc1C.[Fe+3],4.12119
TRZ04072,Cc1nnc(-c2cc(C(F)(F)F)n(-c3ccc(Br)cn3)n2)nc1C,Fe3+,Cc1nnc(-c2cc(C(F)(F)F)n(-c3ccc(Br)cn3)n2)nc1C.[Fe+3],4.120605
TRZ01132,Cc1nnc(Cc2cc3ccccc3[nH]2)nc1C,Fe3+,Cc1nnc(Cc2cc3ccccc3[nH]2)nc1C.[Fe+3],4.117417
TRZ00428,Cc1nnc(C(Cc2ccccc2)NC(=O)OC(C)(C)C)nc1C,Fe3+,Cc1nnc(C(Cc2ccccc2)NC(=O)OC(C)(C)C)nc1C.[Fe+3],4.117083
TRZ01808,Cc1nnc(-c2sc3c(c2N)c(=O)oc2ccccc23)nc1C,Fe3+,Cc1nnc(-c2sc3c(c2N)c(=O)oc2ccccc23)nc1C.[Fe+3],4.1126356
TRZ01113,Cc1nnc(CSc2nc3ccccc3n2Cc2ccccc2)nc1C,Fe3+,Cc1nnc(CSc2nc3ccccc3n2Cc2ccccc2)nc1C.[Fe+3],4.110915
TRZ02511,Cc1nnc(-c2sc3nc4n(c(=N)c3c2C)CCC4)nc1C,Fe3+,Cc1nnc(-c2sc3nc4n(c(=N)c3c2C)CCC4)nc1C.[Fe+3],4.1107254
TRZ01117,Cc1nnc(Cc2nc(-c3ccccc3)sc2C)nc1C,Fe3+,Cc1nnc(Cc2nc(-c3ccccc3)sc2C)nc1C.[Fe+3],4.109501
TRZ00099,Cc1nnc(COc2ccc(Cl)cc2)nc1C,Fe3+,Cc1nnc(COc2ccc(Cl)cc2)nc1C.[Fe+3],4.1083326
TRZ03342,Cc1nnc([C@H]2CCCN(C(=O)c3ccc(F)cc3)C2)nc1C,Fe3+,Cc1nnc([C@H]2CCCN(C(=O)c3ccc(F)cc3)C2)nc1C.[Fe+3],4.10813
TRZ01420,Cc1ccc(NC(=O)c2nnc(C)c(C)n2)cc1C,Fe3+,Cc1ccc(NC(=O)c2nnc(C)c(C)n2)cc1C.[Fe+3],4.10748
TRZ01527,Cc1nnc(-c2csc(-c3ccc(C(F)(F)F)cn3)n2)nc1C,Fe3+,Cc1nnc(-c2csc(-c3ccc(C(F)(F)F)cn3)n2)nc1C.[Fe+3],4.104857
TRZ02078,Cc1nnc(CNc2ccc(F)cc2F)nc1C,Fe3+,Cc1nnc(CNc2ccc(F)cc2F)nc1C.[Fe+3],4.1046457
TRZ05062,Cc1nnc(-c2cc3sc(F)cc3[nH]2)nc1C,Fe3+,Cc1nnc(-c2cc3sc(F)cc3[nH]2)nc1C.[Fe+3],4.1042604
TRZ02782,Cc1nnc(C(c2ccccc2)(c2ccccc2)c2nnc(C)c(C)n2)nc1C,Fe3+,Cc1nnc(C(c2ccccc2)(c2ccccc2)c2nnc(C)c(C)n2)nc1C.[Fe+3],4.1041174
TRZ05340,COc1ccc(-c2nnc(C)c(C)n2)c(NC(=O)Nc2cccc(F)c2)c1,Fe3+,COc1ccc(-c2nnc(C)c(C)n2)c(NC(=O)Nc2cccc(F)c2)c1.[Fe+3],4.104006
TRZ01127,Cc1nnc([C@H](Cc2ccccc2)NC(=O)OC(C)(C)C)nc1C,Fe3+,Cc1nnc([C@H](Cc2ccccc2)NC(=O)OC(C)(C)C)nc1C.[Fe+3],4.101988
TRZ00596,CCOc1cccc(-c2cc(-c3nnc(C)c(C)n3)[nH]n2)c1,Fe3+,CCOc1cccc(-c2cc(-c3nnc(C)c(C)n3)[nH]n2)c1.[Fe+3],4.1018605
TRZ03182,Cc1ccc2c(c1)c(-c1nnc(C)c(C)n1)nn2Cc1ccc(F)cc1F,Fe3+,Cc1ccc2c(c1)c(-c1nnc(C)c(C)n1)nn2Cc1ccc(F)cc1F.[Fe+3],4.0984325
TRZ03208,Cc1ccc(-c2nc3ccc(F)cn3c2Cc2noc(-c3nnc(C)c(C)n3)n2)cc1,Fe3+,Cc1ccc(-c2nc3ccc(F)cn3c2Cc2noc(-c3nnc(C)c(C)n3)n2)cc1.[Fe+3],4.096728
TRZ01236,Cc1nnc(-c2ncc(C(F)(F)F)cc2Cl)nc1C,Fe3+,Cc1nnc(-c2ncc(C(F)(F)F)cc2Cl)nc1C.[Fe+3],4.095506
TRZ03751,Cc1nnc(C2C(=O)Nc3ccc(F)cc32)nc1C,Fe3+,Cc1nnc(C2C(=O)Nc3ccc(F)cc32)nc1C.[Fe+3],4.0952415
TRZ04663,Cc1nnc(COc2cc(C(F)(F)F)ccn2)nc1C,Fe3+,Cc1nnc(COc2cc(C(F)(F)F)ccn2)nc1C.[Fe+3],4.0944633
TRZ00834,Cc1nnc(Cc2nc(-c3ccccc3)cs2)nc1C,Fe3+,Cc1nnc(Cc2nc(-c3ccccc3)cs2)nc1C.[Fe+3],4.093738
TRZ00960,Cc1nnc(CC(=O)Nc2ccc(F)c(Cl)c2)nc1C,Fe3+,Cc1nnc(CC(=O)Nc2ccc(F)c(Cl)c2)nc1C.[Fe+3],4.092922
TRZ02618,Cc1nnc(-c2cc3ccccc3n2C)nc1C,Fe3+,Cc1nnc(-c2cc3ccccc3n2C)nc1C.[Fe+3],4.092837
TRZ04020,Cc1nnc(-c2cc(C)c3cc(OCC(F)F)cc(C(C)(C)C)c3n2)nc1C,Fe3+,Cc1nnc(-c2cc(C)c3cc(OCC(F)F)cc(C(C)(C)C)c3n2)nc1C.[Fe+3],4.09272
TRZ00150,Cc1nnc(-c2nn(-c3ccccc3)nc2C)nc1C,Fe3+,Cc1nnc(-c2nn(-c3ccccc3)nc2C)nc1C.[Fe+3],4.0908813
TRZ00932,Cc1nnc(-c2nc(-c3ccccc3)n3c2CCCCC3)nc1C,Fe3+,Cc1nnc(-c2nc(-c3ccccc3)n3c2CCCCC3)nc1C.[Fe+3],4.0875635
TRZ05605,Cc1nc(C)c(-c2nnc(C)c(C)n2)cc1F,Fe3+,Cc1nc(C)c(-c2nnc(C)c(C)n2)cc1F.[Fe+3],4.087031
TRZ00934,Cc1nnc(-c2ccc(CN3CCCCC3)o2)nc1C,Fe3+,Cc1nnc(-c2ccc(CN3CCCCC3)o2)nc1C.[Fe+3],4.0780296
TRZ04114,COc1cc(OC)c(-c2nnc(C)c(C)n2)c(OC(=O)c2c(F)cccc2F)c1,Fe3+,COc1cc(OC)c(-c2nnc(C)c(C)n2)c(OC(=O)c2c(F)cccc2F)c1.[Fe+3],4.0750093
TRZ03384,Cc1cc(Cl)cc(-c2nnc(C)c(C)n2)c1NC(=O)c1cc(C(F)(F)F)nn1-c1ccccn1,Fe3+,Cc1cc(Cl)cc(-c2nnc(C)c(C)n2)c1NC(=O)c1cc(C(F)(F)F)nn1-c1ccccn1.[Fe+3],4.0749807
TRZ02871,Cc1nnc(-c2cc3nc(-c4ccccc4)cc(C(F)(F)F)n3n2)nc1C,Fe3+,Cc1nnc(-c2cc3nc(-c4ccccc4)cc(C(F)(F)F)n3n2)nc1C.[Fe+3],4.074967
TRZ02394,Cc1nnc(Cc2csc(-c3cccs3)n2)nc1C,Fe3+,Cc1nnc(Cc2csc(-c3cccs3)n2)nc1C.[Fe+3],4.074752
TRZ01604,Cc1nnc(-c2nnn(Nc3cc(Cl)ccc3Cl)c2C)nc1C,Fe3+,Cc1nnc(-c2nnn(Nc3cc(Cl)ccc3Cl)c2C)nc1C.[Fe+3],4.0741262
TRZ05325,Cc1nnc(-c2ccc(Cl)cc2NC(=O)Nc2cccc(F)c2)nc1C,Fe3+,Cc1nnc(-c2ccc(Cl)cc2NC(=O)Nc2cccc(F)c2)nc1C.[Fe+3],4.0716476
TRZ00195,Cc1nnc(-c2ccc(Br)o2)nc1C,Fe3+,Cc1nnc(-c2ccc(Br)o2)nc1C.[Fe+3],4.071637
TRZ00881,Cc1ccc(C(=O)Nc2ccccc2-c2nnc(C)c(C)n2)cc1,Fe3+,Cc1ccc(C(=O)Nc2ccccc2-c2nnc(C)c(C)n2)cc1.[Fe+3],4.068844
TRZ05324,Cc1nnc(-c2ccccc2NC(=O)Nc2cccc(F)c2)nc1C,Fe3+,Cc1nnc(-c2ccccc2NC(=O)Nc2cccc(F)c2)nc1C.[Fe+3],4.0683637
TRZ03131,Cc1nnc(-c2c(NC(=O)c3ccc(F)cc3)cnn2C)nc1C,Fe3+,Cc1nnc(-c2c(NC(=O)c3ccc(F)cc3)cnn2C)nc1C.[Fe+3],4.0676413
TRZ02333,Cc1nnc(-c2c(Br)cnn2C)nc1C,Fe3+,Cc1nnc(-c2c(Br)cnn2C)nc1C.[Fe+3],4.067281
TRZ01698,Cc1ccc(S(=O)(=O)n2c(-c3nnc(C)c(C)n3)cc3ccccc32)cc1,Fe3+,Cc1ccc(S(=O)(=O)n2c(-c3nnc(C)c(C)n3)cc3ccccc32)cc1.[Fe+3],4.0656796
TRZ02916,Cc1nnc([C@H](C)Oc2ccccc2F)nc1C,Fe3+,Cc1nnc([C@H](C)Oc2ccccc2F)nc1C.[Fe+3],4.0642104
TRZ03061,Cc1nnc(-c2c(NC(=O)c3ccc(F)cc3)ncn2C)nc1C,Fe3+,Cc1nnc(-c2c(NC(=O)c3ccc(F)cc3)ncn2C)nc1C.[Fe+3],4.0638695
TRZ00815,Cc1nnc(C(=O)NCc2ccco2)nc1C,Fe3+,Cc1nnc(C(=O)NCc2ccco2)nc1C.[Fe+3],4.063115
TRZ05019,Cc1cc(OC(F)(F)F)cc(-c2ncn(/C=C\c3nnc(C)c(C)n3)n2)c1,Fe3+,Cc1cc(OC(F)(F)F)cc(-c2ncn(/C=C\c3nnc(C)c(C)n3)n2)c1.[Fe+3],4.059911
TRZ01387,CCCN/C(=C\c1ccc2ccccc2c1)c1nnc(C)c(C)n1,Fe3+,CCCN/C(=C\c1ccc2ccccc2c1)c1nnc(C)c(C)n1.[Fe+3],4.0592318
TRZ02931,Cc1nnc(-c2nn(Cc3ccc(F)cc3F)c3ccc(C(F)(F)F)cc23)nc1C,Fe3+,Cc1nnc(-c2nn(Cc3ccc(F)cc3F)c3ccc(C(F)(F)F)cc23)nc1C.[Fe+3],4.058758
TRZ02086,Cc1nnc(-c2c(C)noc2-c2ccc(C(F)(F)F)cc2)nc1C,Fe3+,Cc1nnc(-c2c(C)noc2-c2ccc(C(F)(F)F)cc2)nc1C.[Fe+3],4.05822
TRZ02922,Cc1nnc(-c2ccccc2NC(=O)Nc2cccc(C(F)(F)F)c2)nc1C,Fe3+,Cc1nnc(-c2ccccc2NC(=O)Nc2cccc(C(F)(F)F)c2)nc1C.[Fe+3],4.056282
TRZ02866,Cc1nnc(-c2nc[nH]c2F)nc1C,Fe3+,Cc1nnc(-c2nc[nH]c2F)nc1C.[Fe+3],4.0549865
TRZ01775,Cc1nnc(-c2nc(NCC3CC3)cc(-c3ccccc3)n2)nc1C,Fe3+,Cc1nnc(-c2nc(NCC3CC3)cc(-c3ccccc3)n2)nc1C.[Fe+3],4.053522
TRZ04119,COc1cc(OC)c(-c2nnc(C)c(C)n2)c(OC(=O)c2ccc(C(F)(F)F)cc2)c1,Fe3+,COc1cc(OC)c(-c2nnc(C)c(C)n2)c(OC(=O)c2ccc(C(F)(F)F)cc2)c1.[Fe+3],4.0505543
TRZ05857,CCn1nc(C(F)(F)F)cc1C(=O)Nc1c(CN)cc(Cl)cc1-c1nnc(C)c(C)n1,Fe3+,CCn1nc(C(F)(F)F)cc1C(=O)Nc1c(CN)cc(Cl)cc1-c1nnc(C)c(C)n1.[Fe+3],4.0497303
TRZ03388,Cc1nnc(-c2nn(Cc3ccc(F)cc3F)c3cc(F)ccc23)nc1C,Fe3+,Cc1nnc(-c2nn(Cc3ccc(F)cc3F)c3cc(F)ccc23)nc1C.[Fe+3],4.0492277
TRZ00038,Cc1nnc(-c2cnn(-c3ccccc3)c2C(F)(F)F)nc1C,Fe3+,Cc1nnc(-c2cnn(-c3ccccc3)c2C(F)(F)F)nc1C.[Fe+3],4.049163
TRZ01296,Cc1nnc(-c2nnc3ccccc3n2)nc1C,Fe3+,Cc1nnc(-c2nnc3ccccc3n2)nc1C.[Fe+3],4.048457
TRZ00853,Cc1nnc(-c2cn3ccsc3n2)nc1C,Fe3+,Cc1nnc(-c2cn3ccsc3n2)nc1C.[Fe+3],4.048091
TRZ03864,COc1cc(-c2ncn(C=Cc3nnc(C)c(C)n3)n2)cc(C(F)(F)F)c1,Fe3+,COc1cc(-c2ncn(C=Cc3nnc(C)c(C)n3)n2)cc(C(F)(F)F)c1.[Fe+3],4.0440855
TRZ00566,CCOc1cccc(Nc2nn(C)c3c2Cc2cc(OCC)c(OCc4nnc(C)c(C)n4)cc2-3)c1,Fe3+,CCOc1cccc(Nc2nn(C)c3c2Cc2cc(OCC)c(OCc4nnc(C)c(C)n4)cc2-3)c1.[Fe+3],4.0404882
TRZ01895,Cc1nnc(-c2csc(C3CCCN3C(=O)OC(C)(C)C)n2)nc1C,Fe3+,Cc1nnc(-c2csc(C3CCCN3C(=O)OC(C)(C)C)n2)nc1C.[Fe+3],4.039441
TRZ04463,CCSc1cc2c(cc1-c1nnc(C)c(C)n1)nc(C(C)(C)F)n2C,Fe3+,CCSc1cc2c(cc1-c1nnc(C)c(C)n1)nc(C(C)(C)F)n2C.[Fe+3],4.03869
TRZ03957,Cc1nnc(CN(CC(F)(F)F)c2ccc(C#N)c(C(F)(F)F)c2)nc1C,Fe3+,Cc1nnc(CN(CC(F)(F)F)c2ccc(C#N)c(C(F)(F)F)c2)nc1C.[Fe+3],4.0384235
TRZ02467,COc1ccc(CN2CCCC(c3nnc(C)c(C)n3)C2)cc1,Fe3+,COc1ccc(CN2CCCC(c3nnc(C)c(C)n3)C2)cc1.[Fe+3],4.03829
TRZ03433,Cc1nnc(-c2nn(Cc3ccc(F)cc3F)c3ccc(Cl)cc23)nc1C,Fe3+,Cc1nnc(-c2nn(Cc3ccc(F)cc3F)c3ccc(Cl)cc23)nc1C.[Fe+3],4.036968
TRZ01400,Cc1nnc(-c2cc3oc(C)c(C)c3[nH]2)nc1C,Fe3+,Cc1nnc(-c2cc3oc(C)c(C)c3[nH]2)nc1C.[Fe+3],4.034894
TRZ03502,COc1ccc(-c2nc3n[nH]c(-c4nnc(C)c(C)n4)c3c(C)c2C#N)c(F)c1,Fe3+,COc1ccc(-c2nc3n[nH]c(-c4nnc(C)c(C)n4)c3c(C)c2C#N)c(F)c1.[Fe+3],4.031352
TRZ03169,Cc1nnc(C[C@@H](Cc2cc(F)c(F)cc2F)NC(=O)OC(C)(C)C)nc1C,Fe3+,Cc1nnc(C[C@@H](Cc2cc(F)c(F)cc2F)NC(=O)OC(C)(C)C)nc1C.[Fe+3],4.0301476
TRZ05126,Cc1nnc(-c2cc3cc(N)nnc3c(F)c2Nc2ccc(Br)cc2F)nc1C,Fe3+,Cc1nnc(-c2cc3cc(N)nnc3c(F)c2Nc2ccc(Br)cc2F)nc1C.[Fe+3],4.0285177
TRZ05318,Cc1nnc(Cc2ncncc2F)nc1C,Fe3+,Cc1nnc(Cc2ncncc2F)nc1C.[Fe+3],4.0281696
TRZ01511,COc1cc(/C=C(/NC(=O)c2ccccc2)c2nnc(C)c(C)n2)cc(OC)c1OC,Fe3+,COc1cc(/C=C(/NC(=O)c2ccccc2)c2nnc(C)c(C)n2)cc(OC)c1OC.[Fe+3],4.026113
TRZ00840,Cc1nnc(-c2ccc(Br)s2)nc1C,Fe3+,Cc1nnc(-c2ccc(Br)s2)nc1C.[Fe+3],4.0254345
TRZ05773,Cc1nnc(C(CCCC2OC=CO2)(OCc2ccccc2)C(F)(F)F)nc1C,Fe3+,Cc1nnc(C(CCCC2OC=CO2)(OCc2ccccc2)C(F)(F)F)nc1C.[Fe+3],4.0190544
TRZ00421,CC1=C(c2nnc(C)c(C)n2)Sc2ccccc2N1,Fe3+,CC1=C(c2nnc(C)c(C)n2)Sc2ccccc2N1.[Fe+3],4.0177426
TRZ03180,Cc1ccc2c(-c3nnc(C)c(C)n3)nn(Cc3ccc(F)cc3Cl)c2c1,Fe3+,Cc1ccc2c(-c3nnc(C)c(C)n3)nn(Cc3ccc(F)cc3Cl)c2c1.[Fe+3],4.0168934
TRZ00685,Cc1nnc(-c2nc3ccccn3c2C)nc1C,Fe3+,Cc1nnc(-c2nc3ccccn3c2C)nc1C.[Fe+3],4.0137258
TRZ00378,Cc1nnc(-c2ccc(Cn3cc(Br)cn3)o2)nc1C,Fe3+,Cc1nnc(-c2ccc(Cn3cc(Br)cn3)o2)nc1C.[Fe+3],4.0134373
TRZ01243,COC(c1ccccc1)c1nnc(C)c(C)n1,Fe3+,COC(c1ccccc1)c1nnc(C)c(C)n1.[Fe+3],4.008857
TRZ01993,Cc1nnc(C(=O)Nc2ccc(Cl)cc2)nc1C,Fe3+,Cc1nnc(C(=O)Nc2ccc(Cl)cc2)nc1C.[Fe+3],4.003513
TRZ03523,Cc1nnc(C(F)(F)Nc2ccccc2)nc1C,Fe3+,Cc1nnc(C(F)(F)Nc2ccccc2)nc1C.[Fe+3],4.0008736
TRZ04016,Cc1nnc(C2CC3(CN(C(=O)C(F)(F)F)CN3)c3ccccc3O2)nc1C,Fe3+,Cc1nnc(C2CC3(CN(C(=O)C(F)(F)F)CN3)c3ccccc3O2)nc1C.[Fe+3],3.9983072
TRZ00430,Cc1nnc(COc2ccccc2-c2ccccc2)nc1C,Fe3+,Cc1nnc(COc2ccccc2-c2ccccc2)nc1C.[Fe+3],3.9920092
TRZ05532,Cc1nnc(-c2c(-c3ccccc3F)ccnc2Cl)nc1C,Fe3+,Cc1nnc(-c2c(-c3ccccc3F)ccnc2Cl)nc1C.[Fe+3],3.9898574
TRZ02321,Cc1nnc(-c2n[nH]c3c2CCCCCCCCCC3)nc1C,Fe3+,Cc1nnc(-c2n[nH]c3c2CCCCCCCCCC3)nc1C.[Fe+3],3.9893792
TRZ00011,Cc1nnc(-c2ccccc2[N+](=O)[O-])nc1C,Fe3+,Cc1nnc(-c2ccccc2[N+](=O)[O-])nc1C.[Fe+3],3.9892874
TRZ00910,Cc1nnc(-c2cc3c(N4CCC(Cc5ccccc5)CC4)ncnc3s2)nc1C,Fe3+,Cc1nnc(-c2cc3c(N4CCC(Cc5ccccc5)CC4)ncnc3s2)nc1C.[Fe+3],3.9892106
TRZ00324,Cc1nnc(CNc2cccc(Br)c2)nc1C,Fe3+,Cc1nnc(CNc2cccc(Br)c2)nc1C.[Fe+3],3.9890773
TRZ05701,Cc1nnc(-c2cc(Cl)cnc2OC(F)F)nc1C,Fe3+,Cc1nnc(-c2cc(Cl)cnc2OC(F)F)nc1C.[Fe+3],3.9875565
TRZ01063,Cc1nnc(-c2nc(-c3ccccc3)cc(-c3ccc(C(F)F)nc3)n2)nc1C,Fe3+,Cc1nnc(-c2nc(-c3ccccc3)cc(-c3ccc(C(F)F)nc3)n2)nc1C.[Fe+3],3.986762
TRZ02446,COc1ccc(Cc2nc3ccccc3n2Cc2nnc(C)c(C)n2)cc1OC,Fe3+,COc1ccc(Cc2nc3ccccc3n2Cc2nnc(C)c(C)n2)cc1OC.[Fe+3],3.9859967
TRZ00293,CCC(C)(C)C1CCc2[nH]nc(-c3nnc(C)c(C)n3)c2C1,Fe3+,CCC(C)(C)C1CCc2[nH]nc(-c3nnc(C)c(C)n3)c2C1.[Fe+3],3.9844759
TRZ02237,Cc1nnc(-c2cc(=O)c3cc(F)ccc3o2)nc1C,Fe3+,Cc1nnc(-c2cc(=O)c3cc(F)ccc3o2)nc1C.[Fe+3],3.9842699
TRZ05500,Cc1nnc(-c2cncc(N3CCC(F)(F)CC3)n2)nc1C,Fe3+,Cc1nnc(-c2cncc(N3CCC(F)(F)CC3)n2)nc1C.[Fe+3],3.9833274
TRZ02565,CCCNc1nc2oc(C)c(-c3nnc(C)c(C)n3)c2c(=O)n1-c1cccc(C)c1,Fe3+,CCCNc1nc2oc(C)c(-c3nnc(C)c(C)n3)c2c(=O)n1-c1cccc(C)c1.[Fe+3],3.9831347
TRZ05266,Cc1nnc([C@H](C)NC(=O)c2cc(Cl)cc(S(=O)(=O)C(F)(F)F)c2)nc1C,Fe3+,Cc1nnc([C@H](C)NC(=O)c2cc(Cl)cc(S(=O)(=O)C(F)(F)F)c2)nc1C.[Fe+3],3.982585
TRZ01473,Cc1nnc(-c2nccn2C)nc1C,Fe3+,Cc1nnc(-c2nccn2C)nc1C.[Fe+3],3.97999
TRZ03059,Cc1nnc(C(F)(F)c2ccccn2)nc1C,Fe3+,Cc1nnc(C(F)(F)c2ccccn2)nc1C.[Fe+3],3.9789393
TRZ03729,Cc1nnc(-c2nn(Cc3ccc(F)cc3Cl)c3cc(C(F)(F)F)cnc23)nc1C,Fe3+,Cc1nnc(-c2nn(Cc3ccc(F)cc3Cl)c3cc(C(F)(F)F)cnc23)nc1C.[Fe+3],3.9764562
TRZ05514,Cc1nnc(-c2cc(-c3cncc(F)c3)cc(C(F)F)n2)nc1C,Fe3+,Cc1nnc(-c2cc(-c3cncc(F)c3)cc(C(F)F)n2)nc1C.[Fe+3],3.975731
TRZ04433,Cc1nnc(-c2c(-c3ccc(F)c(Cl)c3)csc2N)nc1C,Fe3+,Cc1nnc(-c2c(-c3ccc(F)c(Cl)c3)csc2N)nc1C.[Fe+3],3.9751186
TRZ03737,Cc1nnc(-c2nn(Cc3ccc(F)cc3Cl)c3cc([N+](=O)[O-])ccc23)nc1C,Fe3+,Cc1nnc(-c2nn(Cc3ccc(F)cc3Cl)c3cc([N+](=O)[O-])ccc23)nc1C.[Fe+3],3.9707448
TRZ00169,CNc1ccccc1-c1nnc(C)c(C)n1,Fe3+,CNc1ccccc1-c1nnc(C)c(C)n1.[Fe+3],3.9689946
TRZ03841,COc1cc(Oc2cccc(C(F)(F)F)c2)nc(-c2nnc(C)c(C)n2)c1,Fe3+,COc1cc(Oc2cccc(C(F)(F)F)c2)nc(-c2nnc(C)c(C)n2)c1.[Fe+3],3.9687123
TRZ03976,COc1nc(-c2nnc(C)c(C)n2)c(NC(=O)OC(C)(C)C)cc1C(F)(F)F,Fe3+,COc1nc(-c2nnc(C)c(C)n2)c(NC(=O)OC(C)(C)C)cc1C(F)(F)F.[Fe+3],3.9631639
TRZ03329,Cc1nnc(CCN(C)c2ccc(F)cc2)nc1C,Fe3+,Cc1nnc(CCN(C)c2ccc(F)cc2)nc1C.[Fe+3],3.961934
TRZ03069,Cc1nnc(-c2cc(C(F)(F)F)c3ccccc3n2)nc1C,Fe3+,Cc1nnc(-c2cc(C(F)(F)F)c3ccccc3n2)nc1C.[Fe+3],3.9583094
TRZ05883,Cc1nnc(-c2ccc(C(F)(F)F)nc2C(=O)c2ccccc2F)nc1C,Fe3+,Cc1nnc(-c2ccc(C(F)(F)F)nc2C(=O)c2ccccc2F)nc1C.[Fe+3],3.9519496
TRZ04096,Cc1nnc(-c2cc(C(F)(F)F)ccn2)nc1C,Fe3+,Cc1nnc(-c2cc(C(F)(F)F)ccn2)nc1C.[Fe+3],3.949436
TRZ02701,Cc1nnc(-c2cc(-c3ccccc3)nn2C)nc1C,Fe3+,Cc1nnc(-c2cc(-c3ccccc3)nn2C)nc1C.[Fe+3],3.9490595
TRZ04232,Cc1nnc(-c2cccc(OCC(O)(C(F)(F)F)C(F)(F)F)n2)nc1C,Fe3+,Cc1nnc(-c2cccc(OCC(O)(C(F)(F)F)C(F)(F)F)n2)nc1C.[Fe+3],3.9487736
TRZ01736,Cc1nnc(-c2cc3ccc(OCc4ccc([N+](=O)[O-])cc4)cc3oc2=O)nc1C,Fe3+,Cc1nnc(-c2cc3ccc(OCc4ccc([N+](=O)[O-])cc4)cc3oc2=O)nc1C.[Fe+3],3.9478586
TRZ00943,Cc1nnc(CSc2nc(-c3ccccc3)nc3c2CCCC3)nc1C,Fe3+,Cc1nnc(CSc2nc(-c3ccccc3)nc3c2CCCC3)nc1C.[Fe+3],3.946434
TRZ01958,C/C(=N\N)c1cc(-c2nnc(C)c(C)n2)c(=O)[nH]c1C,Fe3+,C/C(=N\N)c1cc(-c2nnc(C)c(C)n2)c(=O)[nH]c1C.[Fe+3],3.9452665
TRZ00944,Cc1nnc(C(C)Oc2ccc(F)cc2)nc1C,Fe3+,Cc1nnc(C(C)Oc2ccc(F)cc2)nc1C.[Fe+3],3.9450064
TRZ02690,Cc1nnc(-c2c(C)c3ccccc3n2C)nc1C,Fe3+,Cc1nnc(-c2c(C)c3ccccc3n2C)nc1C.[Fe+3],3.943513
TRZ00623,Cc1nnc(Cc2csc(-c3ccccc3)n2)nc1C,Fe3+,Cc1nnc(Cc2csc(-c3ccccc3)n2)nc1C.[Fe+3],3.9413617
TRZ02600,CSc1cc(C)n(Cc2nnc(C)c(C)n2)c(=O)n1,Fe3+,CSc1cc(C)n(Cc2nnc(C)c(C)n2)c(=O)n1.[Fe+3],3.941179
TRZ03200,Cc1nnc(C(C)(C)Oc2ccccc2C(F)(F)F)nc1C,Fe3+,Cc1nnc(C(C)(C)Oc2ccccc2C(F)(F)F)nc1C.[Fe+3],3.9407866
TRZ03836,Cc1nnc(C(C)(C)Oc2ccc(N)c(F)c2)nc1C,Fe3+,Cc1nnc(C(C)(C)Oc2ccc(N)c(F)c2)nc1C.[Fe+3],3.9389398
TRZ03987,Cc1nnc(-c2cc3cc(Cl)ncc3n2OC(=O)C(F)(F)F)nc1C,Fe3+,Cc1nnc(-c2cc3cc(Cl)ncc3n2OC(=O)C(F)(F)F)nc1C.[Fe+3],3.936635
TRZ02746,Cc1nnc(C2=Cc3ccccc3NC2)nc1C,Fe3+,Cc1nnc(C2=Cc3ccccc3NC2)nc1C.[Fe+3],3.9363213
TRZ00868,Cc1nnc(CNC(=O)COc2ccccc2)nc1C,Fe3+,Cc1nnc(CNC(=O)COc2ccccc2)nc1C.[Fe+3],3.9342258
TRZ00656,Cc1nnc(-c2nc(-c3ccccc3)nc(-c3ccccc3)n2)nc1C,Fe3+,Cc1nnc(-c2nc(-c3ccccc3)nc(-c3ccccc3)n2)nc1C.[Fe+3],3.9323637
TRZ03049,Cc1nnc(C(C)(C)Oc2ccc(F)cc2)nc1C,Fe3+,Cc1nnc(C(C)(C)Oc2ccc(F)cc2)nc1C.[Fe+3],3.9319909
TRZ01043,Cc1nnc(-c2nc(-c3ccc(C(F)(F)F)nc3)cc(-c3ccco3)n2)nc1C,Fe3+,Cc1nnc(-c2nc(-c3ccc(C(F)(F)F)nc3)cc(-c3ccco3)n2)nc1C.[Fe+3],3.9312508
TRZ03039,Cc1nnc(-c2cc(-c3ccc(F)cc3)nn2C)nc1C,Fe3+,Cc1nnc(-c2cc(-c3ccc(F)cc3)nn2C)nc1C.[Fe+3],3.9290047
TRZ02107,Cc1nnc(C(=O)NCc2ccc(OC(F)(F)F)cc2)nc1C,Fe3+,Cc1nnc(C(=O)NCc2ccc(OC(F)(F)F)cc2)nc1C.[Fe+3],3.928981
TRZ01917,CCOC(=O)c1cc(-c2ccc(Cl)cc2)n(CCc2nnc(C)c(C)n2)c1C,Fe3+,CCOC(=O)c1cc(-c2ccc(Cl)cc2)n(CCc2nnc(C)c(C)n2)c1C.[Fe+3],3.926948
TRZ02571,CCCNc1nc2oc(C)c(-c3nnc(C)c(C)n3)c2c(=O)n1-c1ccccc1,Fe3+,CCCNc1nc2oc(C)c(-c3nnc(C)c(C)n3)c2c(=O)n1-c1ccccc1.[Fe+3],3.9252074
TRZ02747,CCSc1ccccc1-c1nnc(C)c(C)n1,Fe3+,CCSc1ccccc1-c1nnc(C)c(C)n1.[Fe+3],3.9251187
TRZ04022,Cc1nnc(-c2cc(C)c3cc(C(=O)C(F)(F)F)cc(C(F)(F)F)c3n2)nc1C,Fe3+,Cc1nnc(-c2cc(C)c3cc(C(=O)C(F)(F)F)cc(C(F)(F)F)c3n2)nc1C.[Fe+3],3.92406
TRZ04850,Cc1nnc(-c2cc(F)c(N3CCCC3)c(Cl)c2NC2CC2)nc1C,Fe3+,Cc1nnc(-c2cc(F)c(N3CCCC3)c(Cl)c2NC2CC2)nc1C.[Fe+3],3.921796
TRZ01681,CCCCc1ccc(NC(=O)Cc2nnc(C)c(C)n2)cc1,Fe3+,CCCCc1ccc(NC(=O)Cc2nnc(C)c(C)n2)cc1.[Fe+3],3.9213345
TRZ01618,COc1ccc(C(=O)N/C(=C/c2cc(OC)c(OC)c(OC)c2)c2nnc(C)c(C)n2)cc1,Fe3+,COc1ccc(C(=O)N/C(=C/c2cc(OC)c(OC)c(OC)c2)c2nnc(C)c(C)n2)cc1.[Fe+3],3.9212413
TRZ03593,Cc1nnc(-c2cn3c4c(cc(F)cc4c2=O)CCC3C)nc1C,Fe3+,Cc1nnc(-c2cn3c4c(cc(F)cc4c2=O)CCC3C)nc1C.[Fe+3],3.919573
TRZ01676,Cc1nnc(COc2ccc3c(-c4ccccc4)cc(=O)oc3c2)nc1C,Fe3+,Cc1nnc(COc2ccc3c(-c4ccccc4)cc(=O)oc3c2)nc1C.[Fe+3],3.917865
TRZ02080,Cc1nnc(CNc2ccc(F)c(F)c2)nc1C,Fe3+,Cc1nnc(CNc2ccc(F)c(F)c2)nc1C.[Fe+3],3.9140706
TRZ00142,Cc1nnc(CCn2nnc3ccccc32)nc1C,Fe3+,Cc1nnc(CCn2nnc3ccccc32)nc1C.[Fe+3],3.9112425
TRZ05433,Cc1nnc(-c2cn(C)nc2CF)nc1C,Fe3+,Cc1nnc(-c2cn(C)nc2CF)nc1C.[Fe+3],3.9091194
TRZ01696,Cc1nnc(CCn2ccc(N)nc2=O)nc1C,Fe3+,Cc1nnc(CCn2ccc(N)nc2=O)nc1C.[Fe+3],3.9084113
TRZ03360,Cc1nnc(C(=O)Nc2cccc(C(F)(F)F)c2F)nc1C,Fe3+,Cc1nnc(C(=O)Nc2cccc(C(F)(F)F)c2F)nc1C.[Fe+3],3.9079053
TRZ02076,CCCCS(=O)(=O)Nc1ccccc1-c1nnc(C)c(C)n1,Fe3+,CCCCS(=O)(=O)Nc1ccccc1-c1nnc(C)c(C)n1.[Fe+3],3.9072702
TRZ01857,Cc1nnc(-c2c[nH]c3ccc(F)cc23)nc1C,Fe3+,Cc1nnc(-c2c[nH]c3ccc(F)cc23)nc1C.[Fe+3],3.90603
TRZ00858,Cc1nnc(-c2cc(Br)ccn2)nc1C,Fe3+,Cc1nnc(-c2cc(Br)ccn2)nc1C.[Fe+3],3.9055948
TRZ04184,Cc1nnc(C(=O)NCc2ccc(F)c(CF)c2)nc1C,Fe3+,Cc1nnc(C(=O)NCc2ccc(F)c(CF)c2)nc1C.[Fe+3],3.8970172
TRZ00265,COc1ccc(OC)c(NC(=O)N[C@H](Cc2ccccc2)c2nnc(C)c(C)n2)c1,Fe3+,COc1ccc(OC)c(NC(=O)N[C@H](Cc2ccccc2)c2nnc(C)c(C)n2)c1.[Fe+3],3.8941996
TRZ00942,Cc1nnc(Cn2c(SCc3ccccc3)nc3ccccc32)nc1C,Fe3+,Cc1nnc(Cn2c(SCc3ccccc3)nc3ccccc32)nc1C.[Fe+3],3.8941255
TRZ03784,Cc1nnc(C(O)c2cc(F)cc(F)c2)nc1C,Fe3+,Cc1nnc(C(O)c2cc(F)cc(F)c2)nc1C.[Fe+3],3.893533
TRZ00073,Cc1nnc(-c2cncc(Br)c2)nc1C,Fe3+,Cc1nnc(-c2cncc(Br)c2)nc1C.[Fe+3],3.8935068
TRZ00991,CCCc1ccc(NC(=O)Cc2nnc(C)c(C)n2)cc1,Fe3+,CCCc1ccc(NC(=O)Cc2nnc(C)c(C)n2)cc1.[Fe+3],3.8923643
TRZ04638,Cc1nc2c(c(-c3nnc(C)c(C)n3)nn2C(C)c2ccc(C(F)(F)F)cc2)c(=O)[nH]1,Fe3+,Cc1nc2c(c(-c3nnc(C)c(C)n3)nn2C(C)c2ccc(C(F)(F)F)cc2)c(=O)[nH]1.[Fe+3],3.8881235
TRZ03753,Cc1nnc(C2C(=O)Nc3cccc(-c4cccc(F)c4)c32)nc1C,Fe3+,Cc1nnc(C2C(=O)Nc3cccc(-c4cccc(F)c4)c32)nc1C.[Fe+3],3.8881025
TRZ05903,Cc1nnc(-c2nc(C(=O)c3ccccc3F)cnc2N)nc1C,Fe3+,Cc1nnc(-c2nc(C(=O)c3ccccc3F)cnc2N)nc1C.[Fe+3],3.88792
TRZ01071,Cc1nnc(C(C)Nc2ccc3ccccc3c2)nc1C,Fe3+,Cc1nnc(C(C)Nc2ccc3ccccc3c2)nc1C.[Fe+3],3.8873708
TRZ01072,COc1ccc2cc(NCc3nnc(C)c(C)n3)ccc2c1,Fe3+,COc1ccc2cc(NCc3nnc(C)c(C)n3)ccc2c1.[Fe+3],3.8866968
TRZ02646,Cc1nnc(Cn2cnnn2)nc1C,Fe3+,Cc1nnc(Cn2cnnn2)nc1C.[Fe+3],3.8826654
TRZ02567,CCCCNc1nc2oc(C)c(-c3nnc(C)c(C)n3)c2c(=O)n1-c1cccc(C)c1,Fe3+,CCCCNc1nc2oc(C)c(-c3nnc(C)c(C)n3)c2c(=O)n1-c1cccc(C)c1.[Fe+3],3.881396
TRZ02366,Cc1nnc(-c2ccc(CN(C)C)o2)nc1C,Fe3+,Cc1nnc(-c2ccc(CN(C)C)o2)nc1C.[Fe+3],3.8794153
TRZ03565,Cc1nnc(CCNC(=O)Nc2ccc(C(F)(F)F)cc2)nc1C,Fe3+,Cc1nnc(CCNC(=O)Nc2ccc(C(F)(F)F)cc2)nc1C.[Fe+3],3.8779442
TRZ05504,Cc1nnc(-c2nccc(-c3ccc(OC(F)(F)F)cc3)n2)nc1C,Fe3+,Cc1nnc(-c2nccc(-c3ccc(OC(F)(F)F)cc3)n2)nc1C.[Fe+3],3.8777237
TRZ03319,Cc1nnc(-c2cc(-c3ccc(C(F)(F)F)cc3)nn2C)nc1C,Fe3+,Cc1nnc(-c2cc(-c3ccc(C(F)(F)F)cc3)nn2C)nc1C.[Fe+3],3.873205
TRZ02358,Cc1nnc(-c2ccccc2OCc2ccc(Cl)cc2)nc1C,Fe3+,Cc1nnc(-c2ccccc2OCc2ccc(Cl)cc2)nc1C.[Fe+3],3.8702235
TRZ01820,CCN(CC)c1nc2oc(C)c(-c3nnc(C)c(C)n3)c2c(=O)n1-c1ccccc1,Fe3+,CCN(CC)c1nc2oc(C)c(-c3nnc(C)c(C)n3)c2c(=O)n1-c1ccccc1.[Fe+3],3.8656857
TRZ04201,Cc1nnc(/C=C\n2cnc(-c3cc(Cl)cc(OCF)c3)n2)nc1C,Fe3+,Cc1nnc(/C=C\n2cnc(-c3cc(Cl)cc(OCF)c3)n2)nc1C.[Fe+3],3.8648322
TRZ03885,Cc1cc(-c2ncn(/C=C\c3nnc(C)c(C)n3)n2)cc(C(F)(F)F)c1,Fe3+,Cc1cc(-c2ncn(/C=C\c3nnc(C)c(C)n3)n2)cc(C(F)(F)F)c1.[Fe+3],3.8625503
TRZ03044,Cc1nnc(CSc2ccc(F)cc2)nc1C,Fe3+,Cc1nnc(CSc2ccc(F)cc2)nc1C.[Fe+3],3.8622782
TRZ02198,Cc1nnc(-c2cc(-c3ccc(C(F)(F)F)cc3)n(C)n2)nc1C,Fe3+,Cc1nnc(-c2cc(-c3ccc(C(F)(F)F)cc3)n(C)n2)nc1C.[Fe+3],3.8622775
TRZ02324,Cc1nnc(COc2cc(Cl)ccc2Cl)nc1C,Fe3+,Cc1nnc(COc2cc(Cl)ccc2Cl)nc1C.[Fe+3],3.8608518
TRZ03582,Cc1cc(C(F)(F)F)c2nc(-c3nnc(C)c(C)n3)cc(C)c2c1,Fe3+,Cc1cc(C(F)(F)F)c2nc(-c3nnc(C)c(C)n3)cc(C)c2c1.[Fe+3],3.8587754
TRZ01528,Cc1nnc(C2=NOC3COC4(CCN(c5ncccn5)CC4)OCC23)nc1C,Fe3+,Cc1nnc(C2=NOC3COC4(CCN(c5ncccn5)CC4)OCC23)nc1C.[Fe+3],3.8576508
TRZ00770,Cc1nnc(-c2oc3ccccc3c2C)nc1C,Fe3+,Cc1nnc(-c2oc3ccccc3c2C)nc1C.[Fe+3],3.8568845
TRZ01046,Cc1nnc(-c2nc(-c3ccccc3)cc(-c3ccc(C(F)(F)F)nc3)n2)nc1C,Fe3+,Cc1nnc(-c2nc(-c3ccccc3)cc(-c3ccc(C(F)(F)F)nc3)n2)nc1C.[Fe+3],3.855719
TRZ00737,Cc1nnc(C2Cc3ccccc3O2)nc1C,Fe3+,Cc1nnc(C2Cc3ccccc3O2)nc1C.[Fe+3],3.8552814
TRZ00286,Cc1nnc(-c2oc3nc(-c4ccccc4)cc(-c4ccco4)c3c2N)nc1C,Fe3+,Cc1nnc(-c2oc3nc(-c4ccccc4)cc(-c4ccco4)c3c2N)nc1C.[Fe+3],3.8541064
TRZ02716,COc1nn(C)cc1-c1nnc(C)c(C)n1,Fe3+,COc1nn(C)cc1-c1nnc(C)c(C)n1.[Fe+3],3.8539805
TRZ00678,Cc1nnc(-c2noc(C)c2C(=O)Nc2ncc(C(F)(F)F)cc2Cl)nc1C,Fe3+,Cc1nnc(-c2noc(C)c2C(=O)Nc2ncc(C(F)(F)F)cc2Cl)nc1C.[Fe+3],3.8539174
TRZ01110,Cc1nnc(C(C)(C)Oc2ccc(Cl)cc2)nc1C,Fe3+,Cc1nnc(C(C)(C)Oc2ccc(Cl)cc2)nc1C.[Fe+3],3.8529375
TRZ01455,Cc1nnc(-c2cnn(-c3ccc(F)cc3)c2C(F)(F)F)nc1C,Fe3+,Cc1nnc(-c2cnn(-c3ccc(F)cc3)c2C(F)(F)F)nc1C.[Fe+3],3.8528671
TRZ03460,Cc1nnc(-c2nn(Cc3ccc(Cl)cc3F)c3cc(CF)ccc23)nc1C,Fe3+,Cc1nnc(-c2nn(Cc3ccc(Cl)cc3F)c3cc(CF)ccc23)nc1C.[Fe+3],3.851107
TRZ02833,Cc1nnc(-c2cc([N+](=O)[O-])ccc2NC(=O)C23CC4CC(CC(C4)C2)C3)nc1C,Fe3+,Cc1nnc(-c2cc([N+](=O)[O-])ccc2NC(=O)C23CC4CC(CC(C4)C2)C3)nc1C.[Fe+3],3.8499691
TRZ03967,Cc1nnc(-c2cccn2C(F)F)nc1C,Fe3+,Cc1nnc(-c2cccn2C(F)F)nc1C.[Fe+3],3.8495946
TRZ04996,Cc1nnc(-c2cnn(C(F)(F)F)c2)nc1C,Fe3+,Cc1nnc(-c2cnn(C(F)(F)F)c2)nc1C.[Fe+3],3.8493893
TRZ01932,Cc1cc(-c2nnc(C)c(C)n2)n(C(C)(C)C)n1,Fe3+,Cc1cc(-c2nnc(C)c(C)n2)n(C(C)(C)C)n1.[Fe+3],3.8491597
TRZ00855,Cc1nnc(-c2nn(C)c3ccccc23)nc1C,Fe3+,Cc1nnc(-c2nn(C)c3ccccc23)nc1C.[Fe+3],3.848004
TRZ03686,Cc1nnc(-c2ccc(N3CN(Oc4ccccc4C(F)(F)F)C3)nn2)nc1C,Fe3+,Cc1nnc(-c2ccc(N3CN(Oc4ccccc4C(F)(F)F)C3)nn2)nc1C.[Fe+3],3.847608
TRZ02740,Cc1nnc(-c2ncccc2C(=O)O)nc1C,Fe3+,Cc1nnc(-c2ncccc2C(=O)O)nc1C.[Fe+3],3.8474436
TRZ00827,Cc1nnc(COc2ccccc2Cc2ccccc2)nc1C,Fe3+,Cc1nnc(COc2ccccc2Cc2ccccc2)nc1C.[Fe+3],3.8470309
TRZ04021,Cc1nnc(-c2cc(C)c3cc(OCC(F)(F)F)cc(OCC(F)(F)F)c3n2)nc1C,Fe3+,Cc1nnc(-c2cc(C)c3cc(OCC(F)(F)F)cc(OCC(F)(F)F)c3n2)nc1C.[Fe+3],3.8461502
TRZ05156,Cc1cc(-c2c(OCc3nnc(C)c(C)n3)nc(N)nc2-c2ccc(F)cc2)cc(C(F)F)n1,Fe3+,Cc1cc(-c2c(OCc3nnc(C)c(C)n3)nc(N)nc2-c2ccc(F)cc2)cc(C(F)F)n1.[Fe+3],3.8456228
TRZ03634,C=CCOc1ncc(F)c(C2(c3nnc(C)c(C)n3)C=CC=C(C)C2)n1,Fe3+,C=CCOc1ncc(F)c(C2(c3nnc(C)c(C)n3)C=CC=C(C)C2)n1.[Fe+3],3.841325
TRZ02192,Cc1nnc(CNC(=O)c2ccccc2N=[N+]=[N-])nc1C,Fe3+,Cc1nnc(CNC(=O)c2ccccc2N=[N+]=[N-])nc1C.[Fe+3],3.8384078
TRZ01012,Cc1nnc(-c2nc(-c3ccccc3)cc(-c3ccc(CO)cc3)n2)nc1C,Fe3+,Cc1nnc(-c2nc(-c3ccccc3)cc(-c3ccc(CO)cc3)n2)nc1C.[Fe+3],3.838158
TRZ01822,CCN(CC)c1nc2oc(C)c(-c3nnc(C)c(C)n3)c2c(=O)n1-c1cccc(C)c1,Fe3+,CCN(CC)c1nc2oc(C)c(-c3nnc(C)c(C)n3)c2c(=O)n1-c1cccc(C)c1.[Fe+3],3.8378077
TRZ03966,Cc1nnc(-c2cccn2CF)nc1C,Fe3+,Cc1nnc(-c2cccn2CF)nc1C.[Fe+3],3.8370736
TRZ05790,Cc1nnc(-c2c(-c3ccc(F)cc3)[nH]c3cc(F)c(F)cc23)nc1C,Fe3+,Cc1nnc(-c2c(-c3ccc(F)cc3)[nH]c3cc(F)c(F)cc23)nc1C.[Fe+3],3.8332367
TRZ04622,Cc1nnc(-c2c(OC3CCN(C(=O)OC(C)(C)C)CC3)cccc2C(F)(F)F)nc1C,Fe3+,Cc1nnc(-c2c(OC3CCN(C(=O)OC(C)(C)C)CC3)cccc2C(F)(F)F)nc1C.[Fe+3],3.8320258
TRZ03294,Cc1nnc(C(=O)Nc2ccc(C3CCC(C(=O)OC(C)(C)C)CC3)cc2F)nc1C,Fe3+,Cc1nnc(C(=O)Nc2ccc(C3CCC(C(=O)OC(C)(C)C)CC3)cc2F)nc1C.[Fe+3],3.8308885
TRZ01559,Cc1nnc(Cc2cc(=O)n(-c3ccc(F)cc3)[nH]2)nc1C,Fe3+,Cc1nnc(Cc2cc(=O)n(-c3ccc(F)cc3)[nH]2)nc1C.[Fe+3],3.8305788
TRZ01382,Cc1nnc(/C(=C\c2cc3ccccc3o2)NCCc2ccccc2)nc1C,Fe3+,Cc1nnc(/C(=C\c2cc3ccccc3o2)NCCc2ccccc2)nc1C.[Fe+3],3.82882
TRZ01806,Cc1nnc(-c2nc(-c3ccc(C(F)(F)F)nc3)cc(-c3cccc(F)c3)n2)nc1C,Fe3+,Cc1nnc(-c2nc(-c3ccc(C(F)(F)F)nc3)cc(-c3cccc(F)c3)n2)nc1C.[Fe+3],3.8256114
TRZ00096,Cc1nnc(-c2ccsc2)nc1C,Fe3+,Cc1nnc(-c2ccsc2)nc1C.[Fe+3],3.8252716
TRZ01357,CCOc1ccc2nc3ccccc3c(SCc3nnc(C)c(C)n3)c2c1,Fe3+,CCOc1ccc2nc3ccccc3c(SCc3nnc(C)c(C)n3)c2c1.[Fe+3],3.8249388
TRZ01159,Cc1nnc(CC(=O)NCc2ccco2)nc1C,Fe3+,Cc1nnc(CC(=O)NCc2ccco2)nc1C.[Fe+3],3.8219607
TRZ02595,CSc1ccn(Cc2nnc(C)c(C)n2)c(=O)n1,Fe3+,CSc1ccn(Cc2nnc(C)c(C)n2)c(=O)n1.[Fe+3],3.820377
TRZ01509,Cc1ccc2nc(NCc3nnc(C)c(C)n3)nc(-c3ccccc3)c2c1,Fe3+,Cc1ccc2nc(NCc3nnc(C)c(C)n3)nc(-c3ccccc3)c2c1.[Fe+3],3.8189669
TRZ03675,COc1ccc2c(-c3nnc(C)c(C)n3)nn(Cc3ccc(F)cc3Cl)c2c1,Fe3+,COc1ccc2c(-c3nnc(C)c(C)n3)nn(Cc3ccc(F)cc3Cl)c2c1.[Fe+3],3.818316
TRZ02570,CCCCNc1nc2oc(C)c(-c3nnc(C)c(C)n3)c2c(=O)n1-c1ccccc1,Fe3+,CCCCNc1nc2oc(C)c(-c3nnc(C)c(C)n3)c2c(=O)n1-c1ccccc1.[Fe+3],3.8170273
TRZ03968,Cc1nnc(-c2cccn2C(F)(F)F)nc1C,Fe3+,Cc1nnc(-c2cccn2C(F)(F)F)nc1C.[Fe+3],3.8128917
TRZ02322,COc1cc(C)ccc1OCc1nnc(C)c(C)n1,Fe3+,COc1cc(C)ccc1OCc1nnc(C)c(C)n1.[Fe+3],3.8038158
TRZ02346,CCOc1cc(C(=O)NCc2nnc(C)c(C)n2)cc(OCC)c1OCC,Fe3+,CCOc1cc(C(=O)NCc2nnc(C)c(C)n2)cc(OCC)c1OCC.[Fe+3],3.8029647
TRZ00381,Cc1cc(SCc2nnc(C)c(C)n2)c2cc(Br)ccc2n1,Fe3+,Cc1cc(SCc2nnc(C)c(C)n2)c2cc(Br)ccc2n1.[Fe+3],3.8028877
TRZ03982,Cc1nnc(-c2cn3c(ccc4c(C(F)(F)F)cc(C(F)(F)F)cc43)n2)nc1C,Fe3+,Cc1nnc(-c2cn3c(ccc4c(C(F)(F)F)cc(C(F)(F)F)cc43)n2)nc1C.[Fe+3],3.8021812
TRZ04483,Cc1nnc(-c2cc(C(F)(F)F)nn2-c2ncccn2)nc1C,Fe3+,Cc1nnc(-c2cc(C(F)(F)F)nn2-c2ncccn2)nc1C.[Fe+3],3.8013334
TRZ04648,Cc1nnc(C(=O)NCc2ccc(Cl)c(OC(F)(F)F)c2)nc1C,Fe3+,Cc1nnc(C(=O)NCc2ccc(Cl)c(OC(F)(F)F)c2)nc1C.[Fe+3],3.799959
TRZ02082,Cc1nnc(-c2cccc(F)n2)nc1C,Fe3+,Cc1nnc(-c2cccc(F)n2)nc1C.[Fe+3],3.7993047
TRZ00173,Cc1nnc(CSc2ccc(Cl)cc2)nc1C,Fe3+,Cc1nnc(CSc2ccc(Cl)cc2)nc1C.[Fe+3],3.7970967
TRZ01751,Cc1nnc(-c2nc(-c3ccc(F)cc3)cc(-c3ccc(F)cc3)n2)nc1C,Fe3+,Cc1nnc(-c2nc(-c3ccc(F)cc3)cc(-c3ccc(F)cc3)n2)nc1C.[Fe+3],3.7970943
TRZ05494,Cc1nnc(-c2cncc(N3CCC(F)(F)C(C)C3)n2)nc1C,Fe3+,Cc1nnc(-c2cncc(N3CCC(F)(F)C(C)C3)n2)nc1C.[Fe+3],3.7965226
TRZ00411,Cc1nnc(COc2cccc(C(F)(F)F)c2)nc1C,Fe3+,Cc1nnc(COc2cccc(C(F)(F)F)c2)nc1C.[Fe+3],3.7949924
TRZ00608,Cc1nnc(-c2oc3ccccc3c2-n2cccc2)nc1C,Fe3+,Cc1nnc(-c2oc3ccccc3c2-n2cccc2)nc1C.[Fe+3],3.7946398
TRZ03793,Cc1nnc(-c2cn(C)c3ccc(F)cc23)nc1C,Fe3+,Cc1nnc(-c2cn(C)c3ccc(F)cc23)nc1C.[Fe+3],3.7915623
TRZ00628,Cc1nnc(-c2csc(-c3ncc(C(F)(F)F)cc3Cl)n2)nc1C,Fe3+,Cc1nnc(-c2csc(-c3ncc(C(F)(F)F)cc3Cl)n2)nc1C.[Fe+3],3.7890894
TRZ05036,COC[C@H]1C[C@@H]1c1cc(C(F)(F)F)cnc1-c1nnc(C)c(C)n1,Fe3+,COC[C@H]1C[C@@H]1c1cc(C(F)(F)F)cnc1-c1nnc(C)c(C)n1.[Fe+3],3.7870908
TRZ03896,Cc1nnc(-c2ccc(N3CC(Cc4ccccc4CF)C3)nn2)nc1C,Fe3+,Cc1nnc(-c2ccc(N3CC(Cc4ccccc4CF)C3)nn2)nc1C.[Fe+3],3.7848413
TRZ00184,Cc1nnc(C(C)Oc2ccccc2F)nc1C,Fe3+,Cc1nnc(C(C)Oc2ccccc2F)nc1C.[Fe+3],3.7845023
TRZ01475,Cc1nnc(COCc2ccccc2)nc1C,Fe3+,Cc1nnc(COCc2ccccc2)nc1C.[Fe+3],3.7840898
TRZ05342,COc1ccc(-c2nnc(C)c(C)n2)c(NC(=O)Nc2cc(F)cc(Cl)c2)c1,Fe3+,COc1ccc(-c2nnc(C)c(C)n2)c(NC(=O)Nc2cc(F)cc(Cl)c2)c1.[Fe+3],3.783973
TRZ03600,Cc1nnc(/C=C\n2cnc(-c3cc(OC(=O)OCC(C)C)cc(C(F)(F)F)c3)n2)nc1C,Fe3+,Cc1nnc(/C=C\n2cnc(-c3cc(OC(=O)OCC(C)C)cc(C(F)(F)F)c3)n2)nc1C.[Fe+3],3.7756298
TRZ04042,COc1nc(-c2nnc(C)c(C)n2)c(OC(N)=O)cc1C(F)(F)F,Fe3+,COc1nc(-c2nnc(C)c(C)n2)c(OC(N)=O)cc1C(F)(F)F.[Fe+3],3.7743616
TRZ03165,Cc1nnc(-c2cc3cc(F)ccc3cn2)nc1C,Fe3+,Cc1nnc(-c2cc3cc(F)ccc3cn2)nc1C.[Fe+3],3.7708304
TRZ00221,Cc1nnc(-c2n[nH]c3c2CCCC3)nc1C,Fe3+,Cc1nnc(-c2n[nH]c3c2CCCC3)nc1C.[Fe+3],3.7696412
TRZ00105,Cc1nnc(-c2ccc(-c3ccccc3Cl)o2)nc1C,Fe3+,Cc1nnc(-c2ccc(-c3ccccc3Cl)o2)nc1C.[Fe+3],3.7694304
TRZ00446,Cc1nnc(COc2ccccc2Cl)nc1C,Fe3+,Cc1nnc(COc2ccccc2Cl)nc1C.[Fe+3],3.7683709
TRZ03558,Cc1nnc(COc2ncccc2C(F)(F)F)nc1C,Fe3+,Cc1nnc(COc2ncccc2C(F)(F)F)nc1C.[Fe+3],3.7665045
TRZ02797,Cc1nnc(CNc2ccc(Br)cc2F)nc1C,Fe3+,Cc1nnc(CNc2ccc(Br)cc2F)nc1C.[Fe+3],3.7662954
TRZ01776,Cc1nnc(-c2nc(-c3ccc(C(F)(F)F)nc3)cc(-c3ncco3)n2)nc1C,Fe3+,Cc1nnc(-c2nc(-c3ccc(C(F)(F)F)nc3)cc(-c3ncco3)n2)nc1C.[Fe+3],3.7660618
TRZ01085,Cc1nnc(C(=O)Nc2ccc(F)cc2)nc1C,Fe3+,Cc1nnc(C(=O)Nc2ccc(F)cc2)nc1C.[Fe+3],3.7659523
TRZ01290,Cc1cc(N(C)C)nc(SCc2nnc(C)c(C)n2)n1,Fe3+,Cc1cc(N(C)C)nc(SCc2nnc(C)c(C)n2)n1.[Fe+3],3.7630932
TRZ05535,Cc1nc(N2CC3(CCN(c4nccc(-c5nnc(C)c(C)n5)n4)C3)C2)cc(C(F)(F)F)n1,Fe3+,Cc1nc(N2CC3(CCN(c4nccc(-c5nnc(C)c(C)n5)n4)C3)C2)cc(C(F)(F)F)n1.[Fe+3],3.7596118
TRZ05088,Cc1nnc([C@]2(F)CCCN(C(=O)OCc3ccccc3)C2)nc1C,Fe3+,Cc1nnc([C@]2(F)CCCN(C(=O)OCc3ccccc3)C2)nc1C.[Fe+3],3.75872
TRZ01033,COc1ccc(-c2cc(-c3ccc(C(F)(F)F)nc3)nc(-c3nnc(C)c(C)n3)n2)cc1,Fe3+,COc1ccc(-c2cc(-c3ccc(C(F)(F)F)nc3)nc(-c3nnc(C)c(C)n3)n2)cc1.[Fe+3],3.7578657
TRZ05016,Cc1nnc(-c2cc(C)c3cc(OCC(F)(F)F)cc(C(F)(F)F)c3n2)nc1C,Fe3+,Cc1nnc(-c2cc(C)c3cc(OCC(F)(F)F)cc(C(F)(F)F)c3n2)nc1C.[Fe+3],3.7554674
TRZ05873,Cc1nnc(-c2nc(C(F)(F)F)ccc2N)nc1C,Fe3+,Cc1nnc(-c2nc(C(F)(F)F)ccc2N)nc1C.[Fe+3],3.7548149
TRZ00520,Cc1nnc(-c2sc3cc(C(F)(F)F)cnc3c2-c2cccnc2)nc1C,Fe3+,Cc1nnc(-c2sc3cc(C(F)(F)F)cnc3c2-c2cccnc2)nc1C.[Fe+3],3.7540195
TRZ04085,Cc1nnc(C(=O)NCc2ccccc2OC(F)(F)F)nc1C,Fe3+,Cc1nnc(C(=O)NCc2ccccc2OC(F)(F)F)nc1C.[Fe+3],3.7519858
TRZ05560,Cc1nnc(-c2cccnc2OC(F)(F)F)nc1C,Fe3+,Cc1nnc(-c2cccnc2OC(F)(F)F)nc1C.[Fe+3],3.7503488
TRZ00441,Cc1nnc(-c2cc(OCC(F)(F)F)ccc2OCC(F)(F)F)nc1C,Fe3+,Cc1nnc(-c2cc(OCC(F)(F)F)ccc2OCC(F)(F)F)nc1C.[Fe+3],3.7501202
TRZ05326,Cc1nnc(-c2ccccc2NC(=O)Nc2cc(F)cc(Cl)c2)nc1C,Fe3+,Cc1nnc(-c2ccccc2NC(=O)Nc2cc(F)cc(Cl)c2)nc1C.[Fe+3],3.7483306
TRZ00584,Cc1nnc(COc2ccc(C(F)(F)F)cc2)nc1C,Fe3+,Cc1nnc(COc2ccc(C(F)(F)F)cc2)nc1C.[Fe+3],3.7463334
TRZ02568,CCCN(CCC)c1nc2oc(C)c(-c3nnc(C)c(C)n3)c2c(=O)n1-c1ccc(C)cc1,Fe3+,CCCN(CCC)c1nc2oc(C)c(-c3nnc(C)c(C)n3)c2c(=O)n1-c1ccc(C)cc1.[Fe+3],3.7437618
TRZ00403,Cc1nnc(C(C)Nc2ccc(Cl)c(Cl)c2)nc1C,Fe3+,Cc1nnc(C(C)Nc2ccc(Cl)c(Cl)c2)nc1C.[Fe+3],3.743241
TRZ01507,Cc1nnc(CCS(=O)(=O)c2ccc3ccccc3c2)nc1C,Fe3+,Cc1nnc(CCS(=O)(=O)c2ccc3ccccc3c2)nc1C.[Fe+3],3.7431026
TRZ05692,Cc1nnc(-c2cccnc2OC(F)F)nc1C,Fe3+,Cc1nnc(-c2cccnc2OC(F)F)nc1C.[Fe+3],3.7378793
TRZ02032,Cc1nnc(CCn2c(C)nc3ccccc32)nc1C,Fe3+,Cc1nnc(CCn2c(C)nc3ccccc32)nc1C.[Fe+3],3.7297518
TRZ05003,Cc1nnc(C(C)(C)Oc2ccc(C(C)(F)F)cc2Cl)nc1C,Fe3+,Cc1nnc(C(C)(C)Oc2ccc(C(C)(F)F)cc2Cl)nc1C.[Fe+3],3.7223978
TRZ04928,Cc1nnc(-c2cncc(OCC(F)(F)F)c2F)nc1C,Fe3+,Cc1nnc(-c2cncc(OCC(F)(F)F)c2F)nc1C.[Fe+3],3.7195954
TRZ00778,Cc1nnc(C(C)Oc2ccc(Cl)cc2)nc1C,Fe3+,Cc1nnc(C(C)Oc2ccc(Cl)cc2)nc1C.[Fe+3],3.7188995
TRZ01538,Cc1nnc(CON=Cc2ccc(Cl)cc2Cl)nc1C,Fe3+,Cc1nnc(CON=Cc2ccc(Cl)cc2Cl)nc1C.[Fe+3],3.7184374
TRZ03459,Cc1nnc(-c2nn(Cc3ccc(F)cc3F)c3cc(CF)ccc23)nc1C,Fe3+,Cc1nnc(-c2nn(Cc3ccc(F)cc3F)c3cc(CF)ccc23)nc1C.[Fe+3],3.7180855
TRZ03628,Cc1nnc(C[C@@H](Cc2cc(F)c(F)cc2F)NC(=O)O)nc1C,Fe3+,Cc1nnc(C[C@@H](Cc2cc(F)c(F)cc2F)NC(=O)O)nc1C.[Fe+3],3.7157125
TRZ01923,Cc1nnc(CSc2nnc(-c3ccco3)n2-c2ccc(Br)cc2)nc1C,Fe3+,Cc1nnc(CSc2nnc(-c3ccco3)n2-c2ccc(Br)cc2)nc1C.[Fe+3],3.709721
TRZ01361,Cc1nnc(CSc2c3ccccc3nc3c(C)cccc23)nc1C,Fe3+,Cc1nnc(CSc2c3ccccc3nc3c(C)cccc23)nc1C.[Fe+3],3.7074852
TRZ01739,Cc1nnc(-c2cc3ccc(OCc4cccc(Br)c4)cc3oc2=O)nc1C,Fe3+,Cc1nnc(-c2cc3ccc(OCc4cccc(Br)c4)cc3oc2=O)nc1C.[Fe+3],3.7059522
TRZ05248,Cc1nnc([C@H]2CC[C@H](NC(=O)COc3ccc(Cl)c(F)c3)CN2C(=O)OC(C)(C)C)nc1C,Fe3+,Cc1nnc([C@H]2CC[C@H](NC(=O)COc3ccc(Cl)c(F)c3)CN2C(=O)OC(C)(C)C)nc1C.[Fe+3],3.7051458
TRZ05344,Cc1nnc(-c2ccc(F)cc2NC(=O)Nc2cccc(Br)c2)nc1C,Fe3+,Cc1nnc(-c2ccc(F)cc2NC(=O)Nc2cccc(Br)c2)nc1C.[Fe+3],3.7048852
TRZ02689,Cc1nnc(C(=O)c2ccccc2)nc1C,Fe3+,Cc1nnc(C(=O)c2ccccc2)nc1C.[Fe+3],3.703701
TRZ02329,Cc1nnc(CSc2nnc(-c3cccc(Br)c3)n2-c2ccccc2)nc1C,Fe3+,Cc1nnc(CSc2nnc(-c3cccc(Br)c3)n2-c2ccccc2)nc1C.[Fe+3],3.6996896
TRZ01892,COc1cc(NC(=O)C23CC4CC(CC(C4)C2)C3)c(-c2nnc(C)c(C)n2)cc1OC,Fe3+,COc1cc(NC(=O)C23CC4CC(CC(C4)C2)C3)c(-c2nnc(C)c(C)n2)cc1OC.[Fe+3],3.6961048
TRZ01781,Cc1nnc(-c2nc(NCCc3ccccc3)cc(-c3ccccc3)n2)nc1C,Fe3+,Cc1nnc(-c2nc(NCCc3ccccc3)cc(-c3ccccc3)n2)nc1C.[Fe+3],3.6931846
TRZ02093,Cc1nnc(C(=O)NCc2cccc(OC(F)(F)F)c2)nc1C,Fe3+,Cc1nnc(C(=O)NCc2cccc(OC(F)(F)F)c2)nc1C.[Fe+3],3.69136
TRZ02376,CCCc1cc(=O)oc2cc(OCc3nnc(C)c(C)n3)ccc12,Fe3+,CCCc1cc(=O)oc2cc(OCc3nnc(C)c(C)n3)ccc12.[Fe+3],3.6897964
TRZ04907,Cc1ccc(Nc2c(-c3nnc(C)c(C)n3)ccc(F)c2F)c(C)c1,Fe3+,Cc1ccc(Nc2c(-c3nnc(C)c(C)n3)ccc(F)c2F)c(C)c1.[Fe+3],3.687157
TRZ05879,Cc1nnc(-c2c(C(=O)c3ccccc3F)ccnc2Cl)nc1C,Fe3+,Cc1nnc(-c2c(C(=O)c3ccccc3F)ccnc2Cl)nc1C.[Fe+3],3.685731
TRZ03128,Cc1nnc(-c2cccnc2NCc2ccc(F)c(F)c2)nc1C,Fe3+,Cc1nnc(-c2cccnc2NCc2ccc(F)c(F)c2)nc1C.[Fe+3],3.685569
TRZ02293,Cc1cc(OCc2nnc(C)c(C)n2)c(C(C)C)cc1Br,Fe3+,Cc1cc(OCc2nnc(C)c(C)n2)c(C(C)C)cc1Br.[Fe+3],3.683429
TRZ02591,CCn1nc(Cc2nnc(C)c(C)n2)nc1C,Fe3+,CCn1nc(Cc2nnc(C)c(C)n2)nc1C.[Fe+3],3.6819642
TRZ04942,Cc1nnc(-c2ccccc2NC(=O)c2cccc(F)c2)nc1C,Fe3+,Cc1nnc(-c2ccccc2NC(=O)c2cccc(F)c2)nc1C.[Fe+3],3.677392
TRZ03635,CCC1(C(=O)O)CCC(c2ccc(NC(=O)c3nnc(C)c(C)n3)c(F)c2)CC1,Fe3+,CCC1(C(=O)O)CCC(c2ccc(NC(=O)c3nnc(C)c(C)n3)c(F)c2)CC1.[Fe+3],3.6767988
TRZ05274,Cc1nnc(-c2cn(C3CC3)nc2C(F)F)nc1C,Fe3+,Cc1nnc(-c2cn(C3CC3)nc2C(F)F)nc1C.[Fe+3],3.6761823
TRZ01074,Cc1nnc(CC(C)Nc2ccc3ccccc3c2)nc1C,Fe3+,Cc1nnc(CC(C)Nc2ccc3ccccc3c2)nc1C.[Fe+3],3.6754577
TRZ02574,COc1cc2c(cc1OC)C(c1nnc(C)c(C)n1)C(C)=NN=C2C,Fe3+,COc1cc2c(cc1OC)C(c1nnc(C)c(C)n1)C(C)=NN=C2C.[Fe+3],3.6745121
TRZ05086,Cc1nnc(C(=O)NCc2ccc(F)cc2Cl)nc1C,Fe3+,Cc1nnc(C(=O)NCc2ccc(F)cc2Cl)nc1C.[Fe+3],3.6742928
TRZ05240,Cc1nnc(-c2cc(N)cc(C(F)(F)F)n2)nc1C,Fe3+,Cc1nnc(-c2cc(N)cc(C(F)(F)F)n2)nc1C.[Fe+3],3.6733406
TRZ05330,Cc1nnc(-c2ccc(Br)cc2NC(=O)Nc2cc(F)cc(F)c2)nc1C,Fe3+,Cc1nnc(-c2ccc(Br)cc2NC(=O)Nc2cc(F)cc(F)c2)nc1C.[Fe+3],3.6688714
TRZ00782,Cc1nnc(-c2ccccc2NC(=O)c2ccccc2)nc1C,Fe3+,Cc1nnc(-c2ccccc2NC(=O)c2ccccc2)nc1C.[Fe+3],3.6606433
TRZ02128,Cc1ncc([N+](=O)[O-])cc1-c1nnc(C)c(C)n1,Fe3+,Cc1ncc([N+](=O)[O-])cc1-c1nnc(C)c(C)n1.[Fe+3],3.656438
TRZ03811,Cc1nnc(-c2ncccc2C(F)(F)F)nc1C,Fe3+,Cc1nnc(-c2ncccc2C(F)(F)F)nc1C.[Fe+3],3.654368
TRZ01864,Cc1nnc(COc2ccccc2C(C)(C)C)nc1C,Fe3+,Cc1nnc(COc2ccccc2C(C)(C)C)nc1C.[Fe+3],3.653701
TRZ05134,Cc1nnc(-c2occc2-c2ccc(F)cc2)nc1C,Fe3+,Cc1nnc(-c2occc2-c2ccc(F)cc2)nc1C.[Fe+3],3.6527054
TRZ01194,Cc1nnc(-c2cccc(-c3nnc(C)c(C)n3)n2)nc1C,Fe3+,Cc1nnc(-c2cccc(-c3nnc(C)c(C)n3)n2)nc1C.[Fe+3],3.6526082
TRZ02642,Cc1nnc(CCn2ccc3ccccc32)nc1C,Fe3+,Cc1nnc(CCn2ccc3ccccc32)nc1C.[Fe+3],3.6525834
TRZ04529,Cc1nnc(-c2ccc(CNC(=O)N3CCSC(c4ccc(F)c(Cl)c4)C3)cn2)nc1C,Fe3+,Cc1nnc(-c2ccc(CNC(=O)N3CCSC(c4ccc(F)c(Cl)c4)C3)cn2)nc1C.[Fe+3],3.6519516
TRZ02494,Cc1nnc(CSc2nnc3c(n2)[nH]c2ccccc23)nc1C,Fe3+,Cc1nnc(CSc2nnc3c(n2)[nH]c2ccccc23)nc1C.[Fe+3],3.651889
TRZ00423,Cc1nnc(Cc2cccs2)nc1C,Fe3+,Cc1nnc(Cc2cccs2)nc1C.[Fe+3],3.6511908
TRZ02592,Cc1nnc(-c2c(N)[nH]n3c(=O)c(C(C)(C)C)nnc23)nc1C,Fe3+,Cc1nnc(-c2c(N)[nH]n3c(=O)c(C(C)(C)C)nnc23)nc1C.[Fe+3],3.6505477
TRZ00466,Cc1nnc(-c2ccc(-c3ccc(Cl)cc3)o2)nc1C,Fe3+,Cc1nnc(-c2ccc(-c3ccc(Cl)cc3)o2)nc1C.[Fe+3],3.6503522
TRZ05017,Cc1nnc(-c2ccc3cc(OCC(F)(F)F)cc(C(C)(C)C)c3n2)nc1C,Fe3+,Cc1nnc(-c2ccc3cc(OCC(F)(F)F)cc(C(C)(C)C)c3n2)nc1C.[Fe+3],3.648193
TRZ00898,CCn1cnc2c1c(=O)n(Cc1nnc(C)c(C)n1)c(=O)n2Cc1ccccc1,Fe3+,CCn1cnc2c1c(=O)n(Cc1nnc(C)c(C)n1)c(=O)n2Cc1ccccc1.[Fe+3],3.646044
TRZ05506,Cc1nnc(-c2cc(-c3ccc(OC(F)(F)F)cc3)ccn2)nc1C,Fe3+,Cc1nnc(-c2cc(-c3ccc(OC(F)(F)F)cc3)ccn2)nc1C.[Fe+3],3.645889
TRZ02577,Cc1nnc(-c2nscc2N)nc1C,Fe3+,Cc1nnc(-c2nscc2N)nc1C.[Fe+3],3.641096
TRZ02517,Cc1nnc(-c2cc(SCc3ccc(Cl)cc3)ccn2)nc1C,Fe3+,Cc1nnc(-c2cc(SCc3ccc(Cl)cc3)ccn2)nc1C.[Fe+3],3.639061
TRZ00437,Cc1nnc(COc2ccc(OC(F)(F)F)cc2)nc1C,Fe3+,Cc1nnc(COc2ccc(OC(F)(F)F)cc2)nc1C.[Fe+3],3.6388502
TRZ04930,Cc1nnc(-c2nccc(OCC(F)(F)F)c2Br)nc1C,Fe3+,Cc1nnc(-c2nccc(OCC(F)(F)F)c2Br)nc1C.[Fe+3],3.637785
TRZ01757,Cc1nnc(-c2cc(-c3ccccc3)cc(-c3ccccc3)n2)nc1C,Fe3+,Cc1nnc(-c2cc(-c3ccccc3)cc(-c3ccccc3)n2)nc1C.[Fe+3],3.636441
TRZ03127,Cc1nnc(-c2ccc(C(F)(F)F)cc2[N+](=O)[O-])nc1C,Fe3+,Cc1nnc(-c2ccc(C(F)(F)F)cc2[N+](=O)[O-])nc1C.[Fe+3],3.6329665
TRZ05393,Cc1nnc(C(Cc2cc(F)cc(F)c2)NC(=O)OC(C)(C)C)nc1C,Fe3+,Cc1nnc(C(Cc2cc(F)cc(F)c2)NC(=O)OC(C)(C)C)nc1C.[Fe+3],3.6305358
TRZ01086,Cc1nnc(CSCc2c(C)c(C)c(C)c(C)c2C)nc1C,Fe3+,Cc1nnc(CSCc2c(C)c(C)c(C)c(C)c2C)nc1C.[Fe+3],3.6271434
TRZ01438,Cc1nnc(COc2cccc(F)c2)nc1C,Fe3+,Cc1nnc(COc2cccc(F)c2)nc1C.[Fe+3],3.6243317
TRZ02073,Cc1nnc(C(C)Oc2cccc(C(F)(F)F)c2)nc1C,Fe3+,Cc1nnc(C(C)Oc2cccc(C(F)(F)F)c2)nc1C.[Fe+3],3.6236622
TRZ04173,CCSc1cc(C(F)(F)F)cnc1-c1nnc(C)c(C)n1,Fe3+,CCSc1cc(C(F)(F)F)cnc1-c1nnc(C)c(C)n1.[Fe+3],3.623228
TRZ05322,Cc1nnc(-c2ccc(F)cc2NC(=O)Nc2cccc(Cl)c2)nc1C,Fe3+,Cc1nnc(-c2ccc(F)cc2NC(=O)Nc2cccc(Cl)c2)nc1C.[Fe+3],3.6210792
TRZ03011,Cc1nnc(-c2c(NC=O)cccc2C(F)(F)F)nc1C,Fe3+,Cc1nnc(-c2c(NC=O)cccc2C(F)(F)F)nc1C.[Fe+3],3.6195793
TRZ05479,Cc1nnc(-c2ccc(OC(F)(F)F)cc2NC(=O)Nc2cc(F)cc(F)c2)nc1C,Fe3+,Cc1nnc(-c2ccc(OC(F)(F)F)cc2NC(=O)Nc2cc(F)cc(F)c2)nc1C.[Fe+3],3.6167383
TRZ05483,Cc1nnc(-c2cc(C3CC3(F)F)[nH]n2)nc1C,Fe3+,Cc1nnc(-c2cc(C3CC3(F)F)[nH]n2)nc1C.[Fe+3],3.6151607
TRZ02327,CCn1c(SCc2nnc(C)c(C)n2)nc2ccccc21,Fe3+,CCn1c(SCc2nnc(C)c(C)n2)nc2ccccc21.[Fe+3],3.6134746
TRZ05035,Cc1nnc(-c2cn(Cc3ccc(C(F)(F)F)cc3C3CC3)nc2CF)nc1C,Fe3+,Cc1nnc(-c2cn(Cc3ccc(C(F)(F)F)cc3C3CC3)nc2CF)nc1C.[Fe+3],3.6132522
TRZ05843,Cc1nnc(C(F)(F)C(O)C(C(=O)OCc2ccccc2)C(C)C)nc1C,Fe3+,Cc1nnc(C(F)(F)C(O)C(C(=O)OCc2ccccc2)C(C)C)nc1C.[Fe+3],3.612468
TRZ02904,Cc1nnc(-c2cnccc2C(F)(F)F)nc1C,Fe3+,Cc1nnc(-c2cnccc2C(F)(F)F)nc1C.[Fe+3],3.611949
TRZ05305,Cc1nnc(-c2cnc(NC3(c4c(F)cccc4F)CC3)s2)nc1C,Fe3+,Cc1nnc(-c2cnc(NC3(c4c(F)cccc4F)CC3)s2)nc1C.[Fe+3],3.609668
TRZ01228,Cc1nnc(-c2cc(-c3ccc(Cl)c(Cl)c3Cl)n[nH]2)nc1C,Fe3+,Cc1nnc(-c2cc(-c3ccc(Cl)c(Cl)c3Cl)n[nH]2)nc1C.[Fe+3],3.6074808
TRZ05392,Cc1nnc([C@H](CC(C)C)NC(=O)/C=C/c2ccc(Cl)cc2F)nc1C,Fe3+,Cc1nnc([C@H](CC(C)C)NC(=O)/C=C/c2ccc(Cl)cc2F)nc1C.[Fe+3],3.605506
TRZ02896,Cc1nnc(C(=O)N[C@H](C)c2ccccc2)nc1C,Fe3+,Cc1nnc(C(=O)N[C@H](C)c2ccccc2)nc1C.[Fe+3],3.6041896
TRZ02319,Cc1nnc(-c2cc3c(C)nn(-c4ccccc4)c3s2)nc1C,Fe3+,Cc1nnc(-c2cc3c(C)nn(-c4ccccc4)c3s2)nc1C.[Fe+3],3.6039548
TRZ02090,Cc1nnc(C(=O)NCc2cccc(F)c2)nc1C,Fe3+,Cc1nnc(C(=O)NCc2cccc(F)c2)nc1C.[Fe+3],3.6030734
TRZ05613,Cc1nnc(C(CC(C)C)NC(=O)/C=C/c2ccc(Cl)cc2F)nc1C,Fe3+,Cc1nnc(C(CC(C)C)NC(=O)/C=C/c2ccc(Cl)cc2F)nc1C.[Fe+3],3.6028147
TRZ01606,Cc1nnc(C2(NC(=O)CCCOc3ccc(Cl)cc3Cl)Cc3ccccc3C2)nc1C,Fe3+,Cc1nnc(C2(NC(=O)CCCOc3ccc(Cl)cc3Cl)Cc3ccccc3C2)nc1C.[Fe+3],3.6024592
TRZ01896,Cc1nnc(-c2csc(C(CC(C)C)NC(=O)OC(C)(C)C)n2)nc1C,Fe3+,Cc1nnc(-c2csc(C(CC(C)C)NC(=O)OC(C)(C)C)n2)nc1C.[Fe+3],3.6012304
TRZ03849,Cc1nnc([C@@H]2OC(C)(C)O[C@H]2C(=O)NCC2CCN(c3ccc(F)cc3C#N)CC2)nc1C,Fe3+,Cc1nnc([C@@H]2OC(C)(C)O[C@H]2C(=O)NCC2CCN(c3ccc(F)cc3C#N)CC2)nc1C.[Fe+3],3.5993207
TRZ00037,Cc1ccc(NC(=O)c2nnc(C)c(C)n2)cc1,Fe3+,Cc1ccc(NC(=O)c2nnc(C)c(C)n2)cc1.[Fe+3],3.595183
TRZ01943,CCCc1cc(=O)oc2cc(OC(C)c3nnc(C)c(C)n3)ccc12,Fe3+,CCCc1cc(=O)oc2cc(OC(C)c3nnc(C)c(C)n3)ccc12.[Fe+3],3.5949528
TRZ01385,CN/C(=C\c1ccc2ccccc2c1)c1nnc(C)c(C)n1,Fe3+,CN/C(=C\c1ccc2ccccc2c1)c1nnc(C)c(C)n1.[Fe+3],3.5948024
TRZ02421,Cc1nnc(C(CC(C)C)NC(=O)Cc2ccsc2)nc1C,Fe3+,Cc1nnc(C(CC(C)C)NC(=O)Cc2ccsc2)nc1C.[Fe+3],3.5939043
TRZ04005,Cc1nnc(-c2ncccc2C(=O)CN(CC(F)(F)F)c2ccc(C#N)c(C(F)(F)F)c2)nc1C,Fe3+,Cc1nnc(-c2ncccc2C(=O)CN(CC(F)(F)F)c2ccc(C#N)c(C(F)(F)F)c2)nc1C.[Fe+3],3.5927515
TRZ01508,Cc1ccc(OCc2nnc(C)c(C)n2)c(Br)c1,Fe3+,Cc1ccc(OCc2nnc(C)c(C)n2)c(Br)c1.[Fe+3],3.5923028
TRZ02205,CC(=O)Nc1cccc(F)c1-c1nnc(C)c(C)n1,Fe3+,CC(=O)Nc1cccc(F)c1-c1nnc(C)c(C)n1.[Fe+3],3.5904143
TRZ03537,Cc1nnc(C(=O)Nc2ccc(C3CCC(C(=O)O)CC3)cc2F)nc1C,Fe3+,Cc1nnc(C(=O)Nc2ccc(C3CCC(C(=O)O)CC3)cc2F)nc1C.[Fe+3],3.5893495
TRZ01073,COc1ccc2cc(NC(C)c3nnc(C)c(C)n3)ccc2c1,Fe3+,COc1ccc2cc(NC(C)c3nnc(C)c(C)n3)ccc2c1.[Fe+3],3.586853
TRZ02795,Cc1nnc(CNc2ccc(F)cc2Cl)nc1C,Fe3+,Cc1nnc(CNc2ccc(F)cc2Cl)nc1C.[Fe+3],3.585665
TRZ03156,[C-]#[N+]c1ccc(N(Cc2nnc(C)c(C)n2)CC(F)(F)F)cc1C(F)(F)F,Fe3+,[C-]#[N+]c1ccc(N(Cc2nnc(C)c(C)n2)CC(F)(F)F)cc1C(F)(F)F.[Fe+3],3.5853539
TRZ05403,COc1c(Cl)ccc(-c2cc(N)c(Cl)c(-c3nnc(C)c(C)n3)n2)c1F,Fe3+,COc1c(Cl)ccc(-c2cc(N)c(Cl)c(-c3nnc(C)c(C)n3)n2)c1F.[Fe+3],3.5839496
TRZ04069,Cc1cc(F)cc(C2CCOC2)c1OCc1nnc(C)c(C)n1,Fe3+,Cc1cc(F)cc(C2CCOC2)c1OCc1nnc(C)c(C)n1.[Fe+3],3.5836515
TRZ00363,COc1ccc(N(C)c2nc(C)nc3ccccc23)cc1OC1(c2nnc(C)c(C)n2)CCC1,Fe3+,COc1ccc(N(C)c2nc(C)nc3ccccc23)cc1OC1(c2nnc(C)c(C)n2)CCC1.[Fe+3],3.5830374
TRZ03566,Cc1nnc(CCNC(=O)Nc2ccccc2C(F)(F)F)nc1C,Fe3+,Cc1nnc(CCNC(=O)Nc2ccccc2C(F)(F)F)nc1C.[Fe+3],3.5822558
TRZ03738,Cc1nnc(CSc2nnc(-c3ccc(F)cc3)n2C2CCCCC2)nc1C,Fe3+,Cc1nnc(CSc2nnc(-c3ccc(F)cc3)n2C2CCCCC2)nc1C.[Fe+3],3.5818336
TRZ00483,CCOc1ccc(-c2n[nH]c(-c3nnc(C)c(C)n3)c2C)cc1,Fe3+,CCOc1ccc(-c2n[nH]c(-c3nnc(C)c(C)n3)c2C)cc1.[Fe+3],3.5797584
TRZ03102,Cc1nnc(-c2ccc(F)cn2)nc1C,Fe3+,Cc1nnc(-c2ccc(F)cn2)nc1C.[Fe+3],3.577212
TRZ05091,Cc1nnc(C2(F)CCCN(C(=O)OCc3ccccc3)C2)nc1C,Fe3+,Cc1nnc(C2(F)CCCN(C(=O)OCc3ccccc3)C2)nc1C.[Fe+3],3.5767639
TRZ03583,Cc1nnc(-c2cc(C)c3cc(C4CC4)cc(OC(F)(F)F)c3n2)nc1C,Fe3+,Cc1nnc(-c2cc(C)c3cc(C4CC4)cc(OC(F)(F)F)c3n2)nc1C.[Fe+3],3.5743275
TRZ00899,Cc1nnc(C2CN(S(C)(=O)=O)c3cc(Cl)ccc3O2)nc1C,Fe3+,Cc1nnc(C2CN(S(C)(=O)=O)c3cc(Cl)ccc3O2)nc1C.[Fe+3],3.5726578
TRZ00953,Cc1nnc(-c2nc3c(=O)[nH]c4cc(Cl)ccc4n3n2)nc1C,Fe3+,Cc1nnc(-c2nc3c(=O)[nH]c4cc(Cl)ccc4n3n2)nc1C.[Fe+3],3.5707905
TRZ03543,Cc1nnc(-c2csc(-c3ccc(F)cc3)n2)nc1C,Fe3+,Cc1nnc(-c2csc(-c3ccc(F)cc3)n2)nc1C.[Fe+3],3.5707755
TRZ01747,Cc1nnc(-c2nc(Oc3ccccc3)cc(-c3ccccc3)n2)nc1C,Fe3+,Cc1nnc(-c2nc(Oc3ccccc3)cc(-c3ccccc3)n2)nc1C.[Fe+3],3.5706017
TRZ03892,Cc1nnc(-c2cc(F)c(NC3CCCCC3)cc2NC(C)C)nc1C,Fe3+,Cc1nnc(-c2cc(F)c(NC3CCCCC3)cc2NC(C)C)nc1C.[Fe+3],3.5693228
TRZ01042,COc1cccc(-c2cc(-c3ccc(C(F)(F)F)nc3)nc(-c3nnc(C)c(C)n3)n2)c1,Fe3+,COc1cccc(-c2cc(-c3ccc(C(F)(F)F)nc3)nc(-c3nnc(C)c(C)n3)n2)c1.[Fe+3],3.5690153
TRZ02349,Cc1nnc(-c2csc(N3CCOCC3)n2)nc1C,Fe3+,Cc1nnc(-c2csc(N3CCOCC3)n2)nc1C.[Fe+3],3.5681262
TRZ01795,Cc1nnc(-c2nc(NCc3ccccc3)cc(-c3ccccc3)n2)nc1C,Fe3+,Cc1nnc(-c2nc(NCc3ccccc3)cc(-c3ccccc3)n2)nc1C.[Fe+3],3.5675414
TRZ01592,CCCC1CCc2[nH]nc(-c3nnc(C)c(C)n3)c2C1,Fe3+,CCCC1CCc2[nH]nc(-c3nnc(C)c(C)n3)c2C1.[Fe+3],3.5668762
TRZ02371,Cc1nnc(COc2ccc(C(C)(C)C)cc2C(C)(C)C)nc1C,Fe3+,Cc1nnc(COc2ccc(C(C)(C)C)cc2C(C)(C)C)nc1C.[Fe+3],3.5643315
TRZ01865,Cc1nnc(-c2c(NC(=O)c3ccccc3)sc3c2CCC3)nc1C,Fe3+,Cc1nnc(-c2c(NC(=O)c3ccccc3)sc3c2CCC3)nc1C.[Fe+3],3.5623355
TRZ02475,Cc1ccccc1-n1nnnc1SCc1nnc(C)c(C)n1,Fe3+,Cc1ccccc1-n1nnnc1SCc1nnc(C)c(C)n1.[Fe+3],3.562266
TRZ02429,Cc1nnc(C(Oc2ccccc2)Oc2ccccc2)nc1C,Fe3+,Cc1nnc(C(Oc2ccccc2)Oc2ccccc2)nc1C.[Fe+3],3.5617585
TRZ02284,Cc1nnc(C(CO)c2ccccc2)nc1C,Fe3+,Cc1nnc(C(CO)c2ccccc2)nc1C.[Fe+3],3.5593672
TRZ00139,Cc1nnc(-c2nc(-c3ccccc3)cc(-c3ccccc3)n2)nc1C,Fe3+,Cc1nnc(-c2nc(-c3ccccc3)cc(-c3ccccc3)n2)nc1C.[Fe+3],3.5589812
TRZ01539,Cc1nnc(-c2ccccc2NC(=O)c2c(F)cccc2F)nc1C,Fe3+,Cc1nnc(-c2ccccc2NC(=O)c2c(F)cccc2F)nc1C.[Fe+3],3.5555344
TRZ04611,COCC=Cc1c(-c2nnc(C)c(C)n2)ncc(C(F)(F)F)c1I,Fe3+,COCC=Cc1c(-c2nnc(C)c(C)n2)ncc(C(F)(F)F)c1I.[Fe+3],3.5551977
TRZ04243,Cc1nnc(-c2c(C)[nH]c(=O)c(C(=O)O)c2-c2cccc(C(F)(F)F)c2)nc1C,Fe3+,Cc1nnc(-c2c(C)[nH]c(=O)c(C(=O)O)c2-c2cccc(C(F)(F)F)c2)nc1C.[Fe+3],3.554855
TRZ05934,Cc1nnc(C(c2nc(N)nc(Cl)c2Br)c2c(F)cccc2F)nc1C,Fe3+,Cc1nnc(C(c2nc(N)nc(Cl)c2Br)c2c(F)cccc2F)nc1C.[Fe+3],3.554243
TRZ03100,Cc1nnc(-c2ncccc2F)nc1C,Fe3+,Cc1nnc(-c2ncccc2F)nc1C.[Fe+3],3.554091
TRZ02091,Cc1nnc(C(=O)NCc2cccc(C(F)(F)F)c2)nc1C,Fe3+,Cc1nnc(C(=O)NCc2cccc(C(F)(F)F)c2)nc1C.[Fe+3],3.5530243
TRZ04159,Cc1nnc(C(F)Oc2ccccc2)nc1C,Fe3+,Cc1nnc(C(F)Oc2ccccc2)nc1C.[Fe+3],3.552373
TRZ04917,Cc1nnc(CCN2C(=O)Cc3ccc(-c4ccc(OC(F)(F)F)cc4)cc32)nc1C,Fe3+,Cc1nnc(CCN2C(=O)Cc3ccc(-c4ccc(OC(F)(F)F)cc4)cc32)nc1C.[Fe+3],3.5510476
TRZ00402,Cc1nnc(-c2cc(C(=O)c3ccc(Cl)cc3Cl)cn2C)nc1C,Fe3+,Cc1nnc(-c2cc(C(=O)c3ccc(Cl)cc3Cl)cn2C)nc1C.[Fe+3],3.5480387
TRZ01536,Cc1nnc(COc2ccc(SC(F)(F)F)cc2)nc1C,Fe3+,Cc1nnc(COc2ccc(SC(F)(F)F)cc2)nc1C.[Fe+3],3.545796
TRZ01224,Cc1nnc(-c2cc(C)n(C)n2)nc1C,Fe3+,Cc1nnc(-c2cc(C)n(C)n2)nc1C.[Fe+3],3.5404594
TRZ05694,Cc1cnc(OC(F)F)c(-c2nnc(C)c(C)n2)c1,Fe3+,Cc1cnc(OC(F)F)c(-c2nnc(C)c(C)n2)c1.[Fe+3],3.5390954
TRZ03953,Cc1nnc(-c2c(OCC(F)(F)F)cccc2OCC(F)(F)F)nc1C,Fe3+,Cc1nnc(-c2c(OCC(F)(F)F)cccc2OCC(F)(F)F)nc1C.[Fe+3],3.5365257
TRZ02476,Cc1ccccc1C(=O)NC(CCc1nnc(C)c(C)n1)c1nnc(C)c(C)n1,Fe3+,Cc1ccccc1C(=O)NC(CCc1nnc(C)c(C)n1)c1nnc(C)c(C)n1.[Fe+3],3.5364404
TRZ05557,Cc1nnc(-c2ncc(C(F)(F)F)cc2[N+](=O)[O-])nc1C,Fe3+,Cc1nnc(-c2ncc(C(F)(F)F)cc2[N+](=O)[O-])nc1C.[Fe+3],3.5362997
TRZ05457,Cc1nnc(-c2cnc(C(=O)N3C[C@@H]4C(COc5cccc(C(F)(F)F)n5)[C@@H]4C3)cn2)nc1C,Fe3+,Cc1nnc(-c2cnc(C(=O)N3C[C@@H]4C(COc5cccc(C(F)(F)F)n5)[C@@H]4C3)cn2)nc1C.[Fe+3],3.5362768
TRZ02344,Cc1nnc(CNC(=O)COc2ccc(Cl)cc2Cl)nc1C,Fe3+,Cc1nnc(CNC(=O)COc2ccc(Cl)cc2Cl)nc1C.[Fe+3],3.5266185
TRZ03157,Cc1nnc(Cn2c(C(F)F)cc3c(Cl)c(C#N)ccc32)nc1C,Fe3+,Cc1nnc(Cn2c(C(F)F)cc3c(Cl)c(C#N)ccc32)nc1C.[Fe+3],3.5252779
TRZ00269,Cc1nnc(-c2sc(-c3ccc(Cl)cc3)cc2N)nc1C,Fe3+,Cc1nnc(-c2sc(-c3ccc(Cl)cc3)cc2N)nc1C.[Fe+3],3.5250008
TRZ02001,CCn1nc(C)cc1-c1nnc(C)c(C)n1,Fe3+,CCn1nc(C)cc1-c1nnc(C)c(C)n1.[Fe+3],3.5241716
TRZ04050,Cc1nnc(-c2cc(C)c3cc(N4CC(F)(F)C4)cc(C(C)(C)C)c3n2)nc1C,Fe3+,Cc1nnc(-c2cc(C)c3cc(N4CC(F)(F)C4)cc(C(C)(C)C)c3n2)nc1C.[Fe+3],3.5230143
TRZ01963,Cc1nnc(C2COc3ccccc3O2)nc1C,Fe3+,Cc1nnc(C2COc3ccccc3O2)nc1C.[Fe+3],3.522675
TRZ03960,Cc1nnc(/C=C\n2cnc(-c3cc(C(F)(F)F)cc(C(F)(F)F)c3)n2)nc1C,Fe3+,Cc1nnc(/C=C\n2cnc(-c3cc(C(F)(F)F)cc(C(F)(F)F)c3)n2)nc1C.[Fe+3],3.5205648
TRZ00289,Cc1nnc(CSCc2nc(-c3ccccc3)cs2)nc1C,Fe3+,Cc1nnc(CSCc2nc(-c3ccccc3)cs2)nc1C.[Fe+3],3.5200124
TRZ01548,Cc1nnc(COc2ncn(-c3ccccc3)n2)nc1C,Fe3+,Cc1nnc(COc2ncn(-c3ccccc3)n2)nc1C.[Fe+3],3.519556
TRZ05327,Cc1nnc(-c2ccc(Cl)cc2NC(=O)Nc2cc(F)cc(F)c2)nc1C,Fe3+,Cc1nnc(-c2ccc(Cl)cc2NC(=O)Nc2cc(F)cc(F)c2)nc1C.[Fe+3],3.5179043
TRZ01061,Cc1nnc(-c2nc(-c3ccc(C(F)(F)F)nc3)cc(N3Cc4ccccc4C3)n2)nc1C,Fe3+,Cc1nnc(-c2nc(-c3ccc(C(F)(F)F)nc3)cc(N3Cc4ccccc4C3)n2)nc1C.[Fe+3],3.516097
TRZ03871,Cc1nnc(C=Cn2cnc(-c3cc(C#N)cc(C(F)(F)F)c3)n2)nc1C,Fe3+,Cc1nnc(C=Cn2cnc(-c3cc(C#N)cc(C(F)(F)F)c3)n2)nc1C.[Fe+3],3.5157144
TRZ01138,Cc1nnc(-c2ccnc(-c3nnc(C)c(C)n3)c2)nc1C,Fe3+,Cc1nnc(-c2ccnc(-c3nnc(C)c(C)n3)c2)nc1C.[Fe+3],3.5149572
TRZ01654,Cc1nnc(-c2cccnc2SCc2ccccc2)nc1C,Fe3+,Cc1nnc(-c2cccnc2SCc2ccccc2)nc1C.[Fe+3],3.5128317
TRZ04619,Cc1nnc(CCn2nnc3ccc(-c4ccc(OC(F)(F)F)cc4)nc32)nc1C,Fe3+,Cc1nnc(CCn2nnc3ccc(-c4ccc(OC(F)(F)F)cc4)nc32)nc1C.[Fe+3],3.5113802
TRZ01217,Cc1nnc(COc2ccc(Br)cc2)nc1C,Fe3+,Cc1nnc(COc2ccc(Br)cc2)nc1C.[Fe+3],3.5110447
TRZ02821,Cc1nc(C(F)(F)F)ccc1-c1nnc(C)c(C)n1,Fe3+,Cc1nc(C(F)(F)F)ccc1-c1nnc(C)c(C)n1.[Fe+3],3.509206
TRZ00895,Cc1nnc(CSCc2ccc(Cl)cc2Cl)nc1C,Fe3+,Cc1nnc(CSCc2ccc(Cl)cc2Cl)nc1C.[Fe+3],3.50675
TRZ03802,Cc1nnc(C2C=CC=CC2(OCc2ccccc2)C(F)(F)F)nc1C,Fe3+,Cc1nnc(C2C=CC=CC2(OCc2ccccc2)C(F)(F)F)nc1C.[Fe+3],3.506086
TRZ05291,Cc1nnc(C2(F)CCCN(C(O)OCc3ccccc3)C2)nc1C,Fe3+,Cc1nnc(C2(F)CCCN(C(O)OCc3ccccc3)C2)nc1C.[Fe+3],3.5059838
TRZ02791,Cc1nnc(COc2ccc(Br)cc2CN(C)C)nc1C,Fe3+,Cc1nnc(COc2ccc(Br)cc2CN(C)C)nc1C.[Fe+3],3.5045247
TRZ05339,COc1ccc(-c2nnc(C)c(C)n2)c(NC(=O)Nc2cc(F)cc(F)c2)c1,Fe3+,COc1ccc(-c2nnc(C)c(C)n2)c(NC(=O)Nc2cc(F)cc(F)c2)c1.[Fe+3],3.5043108
TRZ00326,Cc1nnc(COc2ccccc2[N+](=O)[O-])nc1C,Fe3+,Cc1nnc(COc2ccccc2[N+](=O)[O-])nc1C.[Fe+3],3.5041757
TRZ02447,C=C(C)Cn1c(SCc2nnc(C)c(C)n2)nnc1-c1ccc(Br)cc1,Fe3+,C=C(C)Cn1c(SCc2nnc(C)c(C)n2)nnc1-c1ccc(Br)cc1.[Fe+3],3.5034342
TRZ01919,CCOC(=O)c1c(C)c(-c2ccccc2)n(CCc2nnc(C)c(C)n2)c1C,Fe3+,CCOC(=O)c1c(C)c(-c2ccccc2)n(CCc2nnc(C)c(C)n2)c1C.[Fe+3],3.503184
TRZ02353,CCCCOc1ccc(OCc2nnc(C)c(C)n2)cc1,Fe3+,CCCCOc1ccc(OCc2nnc(C)c(C)n2)cc1.[Fe+3],3.5031757
TRZ05700,Cc1nnc(-c2cc(F)cnc2OC(F)F)nc1C,Fe3+,Cc1nnc(-c2cc(F)cnc2OC(F)F)nc1C.[Fe+3],3.5031118
TRZ02714,Cc1nnc(-c2ccccc2OS)nc1C,Fe3+,Cc1nnc(-c2ccccc2OS)nc1C.[Fe+3],3.5012825
TRZ01791,COc1ccc(Nc2cc3c(cc2-c2nnc(C)c(C)n2)OCCO3)cc1,Fe3+,COc1ccc(Nc2cc3c(cc2-c2nnc(C)c(C)n2)OCCO3)cc1.[Fe+3],3.5009575
TRZ04395,CCSc1cc(C(F)(F)F)ccc1-c1nnc(C)c(C)n1,Fe3+,CCSc1cc(C(F)(F)F)ccc1-c1nnc(C)c(C)n1.[Fe+3],3.5002072
TRZ05303,Cc1nnc(-c2cnc(NC3Cc4ccccc4C3)nc2C(F)(F)F)nc1C,Fe3+,Cc1nnc(-c2cnc(NC3Cc4ccccc4C3)nc2C(F)(F)F)nc1C.[Fe+3],3.4999433
TRZ01115,Cc1nnc(-c2csc(-c3ccc(C(F)(F)F)cc3)n2)nc1C,Fe3+,Cc1nnc(-c2csc(-c3ccc(C(F)(F)F)cc3)n2)nc1C.[Fe+3],3.499237
TRZ00802,Cc1cc(OCc2nnc(C)c(C)n2)ccc1Cl,Fe3+,Cc1cc(OCc2nnc(C)c(C)n2)ccc1Cl.[Fe+3],3.4987578
TRZ00164,Cc1nnc(Cn2c(C)nc3c(Br)cc(Br)cc3c2=O)nc1C,Fe3+,Cc1nnc(Cn2c(C)nc3c(Br)cc(Br)cc3c2=O)nc1C.[Fe+3],3.4983206
TRZ03197,Cc1nnc(C(C)(C)Oc2ccc(C(F)(F)F)cc2)nc1C,Fe3+,Cc1nnc(C(C)(C)Oc2ccc(C(F)(F)F)cc2)nc1C.[Fe+3],3.4976852
TRZ03113,Cc1nnc(-c2c(Cl)cc(C(F)(F)F)cc2[N+](=O)[O-])nc1C,Fe3+,Cc1nnc(-c2c(Cl)cc(C(F)(F)F)cc2[N+](=O)[O-])nc1C.[Fe+3],3.4976053
TRZ02282,Cc1nnc(C(=O)Nc2nccs2)nc1C,Fe3+,Cc1nnc(C(=O)Nc2nccs2)nc1C.[Fe+3],3.49547
TRZ01381,Cc1cc(C)c(C)c(/C=C(\c2nnc(C)c(C)n2)N(C)C)c1C,Fe3+,Cc1cc(C)c(C)c(/C=C(\c2nnc(C)c(C)n2)N(C)C)c1C.[Fe+3],3.4944024
TRZ00877,CCOc1ccccc1-c1nnc(C)c(C)n1,Fe3+,CCOc1ccccc1-c1nnc(C)c(C)n1.[Fe+3],3.4937313
TRZ00063,COc1ccccc1OCc1nnc(C)c(C)n1,Fe3+,COc1ccccc1OCc1nnc(C)c(C)n1.[Fe+3],3.4918444
TRZ03685,COc1c(-c2nnc(C)c(C)n2)ccc2[nH]nc(C=Cc3cccc(F)c3)c12,Fe3+,COc1c(-c2nnc(C)c(C)n2)ccc2[nH]nc(C=Cc3cccc(F)c3)c12.[Fe+3],3.4888024
TRZ02102,Cc1nnc(C(=O)NCc2cc(C(F)(F)F)cc(C(F)(F)F)c2)nc1C,Fe3+,Cc1nnc(C(=O)NCc2cc(C(F)(F)F)cc(C(F)(F)F)c2)nc1C.[Fe+3],3.485738
TRZ01743,Cc1nnc(-c2nc(-c3ccccc3)cc(C3CCCCC3)n2)nc1C,Fe3+,Cc1nnc(-c2nc(-c3ccccc3)cc(C3CCCCC3)n2)nc1C.[Fe+3],3.4815884
TRZ02395,Cc1nnc(-c2c(C)noc2-c2cccs2)nc1C,Fe3+,Cc1nnc(-c2c(C)noc2-c2cccs2)nc1C.[Fe+3],3.4785764
TRZ04868,Cc1nnc(-c2nccnc2F)nc1C,Fe3+,Cc1nnc(-c2nccnc2F)nc1C.[Fe+3],3.478187
TRZ02231,Cc1nnc(-c2cn(Cc3nnc(C)n3N)c3cc(Cl)c(F)cc3c2=O)nc1C,Fe3+,Cc1nnc(-c2cn(Cc3nnc(C)n3N)c3cc(Cl)c(F)cc3c2=O)nc1C.[Fe+3],3.4771342
TRZ01017,COc1ccc(-c2cc(-c3ccccc3)nc(-c3nnc(C)c(C)n3)n2)cc1,Fe3+,COc1ccc(-c2cc(-c3ccccc3)nc(-c3nnc(C)c(C)n3)n2)cc1.[Fe+3],3.4770982
TRZ02409,Cc1nnc(-c2sccc2N(C)C)nc1C,Fe3+,Cc1nnc(-c2sccc2N(C)C)nc1C.[Fe+3],3.4749036
TRZ02097,Cc1cc(CNC(=O)c2nnc(C)c(C)n2)ccc1F,Fe3+,Cc1cc(CNC(=O)c2nnc(C)c(C)n2)ccc1F.[Fe+3],3.474535
TRZ01524,COCCCn1c(SCc2nnc(C)c(C)n2)nnc1-c1ccc(C(F)(F)F)cc1,Fe3+,COCCCn1c(SCc2nnc(C)c(C)n2)nnc1-c1ccc(C(F)(F)F)cc1.[Fe+3],3.4744027
TRZ00921,Cc1nnc(-c2cc3ncc(C(F)(F)F)cc3s2)nc1C,Fe3+,Cc1nnc(-c2cc3ncc(C(F)(F)F)cc3s2)nc1C.[Fe+3],3.4742665
TRZ00268,Cc1nnc([C@H](Cc2ccccc2)NC(=O)NCCc2ccccc2)nc1C,Fe3+,Cc1nnc([C@H](Cc2ccccc2)NC(=O)NCCc2ccccc2)nc1C.[Fe+3],3.47273
TRZ05336,Cc1nnc(-c2ccccc2NC(=O)Nc2cc(F)cc(F)c2)nc1C,Fe3+,Cc1nnc(-c2ccccc2NC(=O)Nc2cc(F)cc(F)c2)nc1C.[Fe+3],3.466789
TRZ01787,Cc1nnc(-c2nc(-c3ccccc3)cc(N3CC4CS(=O)(=O)CC4C3)n2)nc1C,Fe3+,Cc1nnc(-c2nc(-c3ccccc3)cc(N3CC4CS(=O)(=O)CC4C3)n2)nc1C.[Fe+3],3.4666255
TRZ01241,Cc1nnc(CNC(=O)Cc2ccccc2)nc1C,Fe3+,Cc1nnc(CNC(=O)Cc2ccccc2)nc1C.[Fe+3],3.466518
TRZ00646,Cc1nnc(-c2sc(=S)n(C)c2C)nc1C,Fe3+,Cc1nnc(-c2sc(=S)n(C)c2C)nc1C.[Fe+3],3.4661574
TRZ03438,Cc1nnc(-c2nn(Cc3ccc(F)cc3Cl)c3cc(F)ccc23)nc1C,Fe3+,Cc1nnc(-c2nn(Cc3ccc(F)cc3Cl)c3cc(F)ccc23)nc1C.[Fe+3],3.465914
TRZ03883,Cc1nnc(C=Cn2cnc(-c3cc(OC(C)C)nc(C(F)(F)F)c3)n2)nc1C,Fe3+,Cc1nnc(C=Cn2cnc(-c3cc(OC(C)C)nc(C(F)(F)F)c3)n2)nc1C.[Fe+3],3.4646091
TRZ00436,Cc1nnc(-c2ccccc2OC(F)(F)F)nc1C,Fe3+,Cc1nnc(-c2ccccc2OC(F)(F)F)nc1C.[Fe+3],3.4623542
TRZ03914,Cc1nnc(-c2cnc(OCC(F)(F)F)c(-c3ccc(Cl)c(F)c3)c2)nc1C,Fe3+,Cc1nnc(-c2cnc(OCC(F)(F)F)c(-c3ccc(Cl)c(F)c3)c2)nc1C.[Fe+3],3.457449
TRZ02870,Cc1nnc(COc2ccc(C(F)(F)F)cc2[N+](=O)[O-])nc1C,Fe3+,Cc1nnc(COc2ccc(C(F)(F)F)cc2[N+](=O)[O-])nc1C.[Fe+3],3.4569616
TRZ01080,Cc1nnc(-c2csc(COc3cc(Cl)cc(Cl)c3)n2)nc1C,Fe3+,Cc1nnc(-c2csc(COc3cc(Cl)cc(Cl)c3)n2)nc1C.[Fe+3],3.4529085
TRZ02491,Cc1nnc(CO/N=C\c2ccc(Cl)cc2Cl)nc1C,Fe3+,Cc1nnc(CO/N=C\c2ccc(Cl)cc2Cl)nc1C.[Fe+3],3.4506354
TRZ00217,Cc1nnc(COc2ccc3ccccc3c2)nc1C,Fe3+,Cc1nnc(COc2ccc3ccccc3c2)nc1C.[Fe+3],3.4495487
TRZ03030,Cc1nnc(-c2ccccc2OC(=O)C(F)(F)F)nc1C,Fe3+,Cc1nnc(-c2ccccc2OC(=O)C(F)(F)F)nc1C.[Fe+3],3.4487753
TRZ02705,Cc1ccc(NCCc2nnc(C)c(C)n2)cc1,Fe3+,Cc1ccc(NCCc2nnc(C)c(C)n2)cc1.[Fe+3],3.4477007
TRZ05328,Cc1nnc(-c2ccc(F)cc2NC(=O)Nc2cccc(F)c2)nc1C,Fe3+,Cc1nnc(-c2ccc(F)cc2NC(=O)Nc2cccc(F)c2)nc1C.[Fe+3],3.441511
TRZ00415,Cc1nnc(-c2cccc(C(F)(F)F)n2)nc1C,Fe3+,Cc1nnc(-c2cccc(C(F)(F)F)n2)nc1C.[Fe+3],3.4404979
TRZ01225,Cc1nnc(C(C)Oc2ccc3ccccc3c2)nc1C,Fe3+,Cc1nnc(C(C)Oc2ccc3ccccc3c2)nc1C.[Fe+3],3.4391828
TRZ02880,Cc1nnc(-c2cc3cccnc3nc2C(F)(F)F)nc1C,Fe3+,Cc1nnc(-c2cc3cccnc3nc2C(F)(F)F)nc1C.[Fe+3],3.436855
TRZ01894,Cc1nnc(-c2csc(C(C)N)n2)nc1C,Fe3+,Cc1nnc(-c2csc(C(C)N)n2)nc1C.[Fe+3],3.4351885
TRZ03052,Cc1nnc(C(C)Oc2cccc(F)c2)nc1C,Fe3+,Cc1nnc(C(C)Oc2cccc(F)c2)nc1C.[Fe+3],3.4325435
TRZ03206,Cc1nnc(C(C)(C)Oc2ccc(OC(F)(F)F)cc2)nc1C,Fe3+,Cc1nnc(C(C)(C)Oc2ccc(OC(F)(F)F)cc2)nc1C.[Fe+3],3.42455
TRZ04043,COc1nc(-c2nnc(C)c(C)n2)c(NC(=O)O)cc1C(F)(F)F,Fe3+,COc1nc(-c2nnc(C)c(C)n2)c(NC(=O)O)cc1C(F)(F)F.[Fe+3],3.4237986
TRZ02868,Cc1nnc(-c2cnc(F)n2C)nc1C,Fe3+,Cc1nnc(-c2cnc(F)n2C)nc1C.[Fe+3],3.4229922
TRZ02586,Cc1nnc(-c2nn(-c3ccccc3)c3c2Cc2ccccc2-3)nc1C,Fe3+,Cc1nnc(-c2nn(-c3ccccc3)c3c2Cc2ccccc2-3)nc1C.[Fe+3],3.4207866
TRZ02915,Cc1nnc(-c2ccccc2OC(F)F)nc1C,Fe3+,Cc1nnc(-c2ccccc2OC(F)F)nc1C.[Fe+3],3.418453
TRZ03910,COc1ccc(Cn2nc(C(F)(F)F)cc2-c2nnc(C)c(C)n2)cc1,Fe3+,COc1ccc(Cn2nc(C(F)(F)F)cc2-c2nnc(C)c(C)n2)cc1.[Fe+3],3.410822
TRZ01422,Cc1nnc(-c2ccc(-c3ccc(F)cc3)s2)nc1C,Fe3+,Cc1nnc(-c2ccc(-c3ccc(F)cc3)s2)nc1C.[Fe+3],3.4100473
TRZ01750,Cc1nnc(-c2nc(-c3cccc(F)c3)cc(-c3cccc(F)c3)n2)nc1C,Fe3+,Cc1nnc(-c2nc(-c3cccc(F)c3)cc(-c3cccc(F)c3)n2)nc1C.[Fe+3],3.4082873
TRZ02562,CCCNc1nc2oc(C)c(-c3nnc(C)c(C)n3)c2c(=O)n1-c1ccc(C)cc1,Fe3+,CCCNc1nc2oc(C)c(-c3nnc(C)c(C)n3)c2c(=O)n1-c1ccc(C)cc1.[Fe+3],3.4047282
TRZ01525,Cc1nnc(-c2c(C)noc2-c2ccc(Cl)cc2)nc1C,Fe3+,Cc1nnc(-c2c(C)noc2-c2ccc(Cl)cc2)nc1C.[Fe+3],3.4014368
TRZ02406,COc1ccccc1C1OC(=O)C[C@H]1c1nnc(C)c(C)n1,Fe3+,COc1ccccc1C1OC(=O)C[C@H]1c1nnc(C)c(C)n1.[Fe+3],3.3976638
TRZ03199,Cc1nnc(C(C)(C)Oc2cccc(F)c2)nc1C,Fe3+,Cc1nnc(C(C)(C)Oc2cccc(F)c2)nc1C.[Fe+3],3.3968515
TRZ00480,CCNc1nc(NCC)nc(-c2nnc(C)c(C)n2)n1,Fe3+,CCNc1nc(NCC)nc(-c2nnc(C)c(C)n2)n1.[Fe+3],3.3967319
TRZ01023,COc1ccc(-c2cc(-c3ccc(OC)cc3)nc(-c3nnc(C)c(C)n3)n2)cc1,Fe3+,COc1ccc(-c2cc(-c3ccc(OC)cc3)nc(-c3nnc(C)c(C)n3)n2)cc1.[Fe+3],3.3965366
TRZ01459,Cc1ccc(-n2ncc(-c3nnc(C)c(C)n3)c2C(F)(F)F)cc1,Fe3+,Cc1ccc(-n2ncc(-c3nnc(C)c(C)n3)c2C(F)(F)F)cc1.[Fe+3],3.396489
TRZ00408,Cc1nnc(COc2ccccc2F)nc1C,Fe3+,Cc1nnc(COc2ccccc2F)nc1C.[Fe+3],3.396088
TRZ04073,Cc1nnc(-c2cc(C(F)(F)F)nn2-c2ccc(Br)cn2)nc1C,Fe3+,Cc1nnc(-c2cc(C(F)(F)F)nn2-c2ccc(Br)cn2)nc1C.[Fe+3],3.3946207
TRZ01198,Cc1nnc(-c2nnn(Cc3ccccc3)c2N)nc1C,Fe3+,Cc1nnc(-c2nnn(Cc3ccccc3)c2N)nc1C.[Fe+3],3.3945699
TRZ00061,Cc1nnc(C(C)Oc2cccc(Cl)c2)nc1C,Fe3+,Cc1nnc(C(C)Oc2cccc(Cl)c2)nc1C.[Fe+3],3.3917625
TRZ05545,Cc1cc(C(=O)c2ccc(F)cc2)c(-c2nnc(C)c(C)n2)nc1C,Fe3+,Cc1cc(C(=O)c2ccc(F)cc2)c(-c2nnc(C)c(C)n2)nc1C.[Fe+3],3.3880262
TRZ02229,Cc1nnc(-c2oc3nc(C(F)(F)F)ccc3c2N)nc1C,Fe3+,Cc1nnc(-c2oc3nc(C(F)(F)F)ccc3c2N)nc1C.[Fe+3],3.3825054
TRZ05277,Cc1nnc(-c2ccc(Cl)cc2OC(F)F)nc1C,Fe3+,Cc1nnc(-c2ccc(Cl)cc2OC(F)F)nc1C.[Fe+3],3.3822074
TRZ03279,Cc1nnc(-c2cc(F)c(F)cc2NS(=O)(=O)c2ccc(C(C)(C)C)cc2)nc1C,Fe3+,Cc1nnc(-c2cc(F)c(F)cc2NS(=O)(=O)c2ccc(C(C)(C)C)cc2)nc1C.[Fe+3],3.3806996
TRZ01893,Cc1nnc(-c2csc(C(C)NC(=O)OC(C)(C)C)n2)nc1C,Fe3+,Cc1nnc(-c2csc(C(C)NC(=O)OC(C)(C)C)n2)nc1C.[Fe+3],3.3777833
TRZ00630,Cc1nnc(-c2oc3nc(-c4ccccc4)cc(C)c3c2N)nc1C,Fe3+,Cc1nnc(-c2oc3nc(-c4ccccc4)cc(C)c3c2N)nc1C.[Fe+3],3.3736794
TRZ00445,Cc1nnc(COc2ccc([N+](=O)[O-])cc2)nc1C,Fe3+,Cc1nnc(COc2ccc([N+](=O)[O-])cc2)nc1C.[Fe+3],3.3713722
TRZ02239,Cc1nnc(C(CO)NC(=O)Cn2c(C(F)(F)F)nc3ccccc32)nc1C,Fe3+,Cc1nnc(C(CO)NC(=O)Cn2c(C(F)(F)F)nc3ccccc32)nc1C.[Fe+3],3.3711388
TRZ02477,Cc1nnc(-c2n[nH]c(C)c2[N+](=O)[O-])nc1C,Fe3+,Cc1nnc(-c2n[nH]c(C)c2[N+](=O)[O-])nc1C.[Fe+3],3.3708282
TRZ02810,Cc1nnc(-c2sc(-c3ccc(F)cc3)cc2N)nc1C,Fe3+,Cc1nnc(-c2sc(-c3ccc(F)cc3)cc2N)nc1C.[Fe+3],3.3676639
TRZ01824,CCN(CC)c1nc2oc(C)c(-c3nnc(C)c(C)n3)c2c(=O)n1-c1ccc(C)cc1,Fe3+,CCN(CC)c1nc2oc(C)c(-c3nnc(C)c(C)n3)c2c(=O)n1-c1ccc(C)cc1.[Fe+3],3.3612638
TRZ05721,Cc1nnc(-c2nc(N3CCCC(F)(F)CC3)cnc2Cl)nc1C,Fe3+,Cc1nnc(-c2nc(N3CCCC(F)(F)CC3)cnc2Cl)nc1C.[Fe+3],3.3596058
TRZ05399,Cc1nnc(-c2cnn(C3CC3)c2C(F)(F)F)nc1C,Fe3+,Cc1nnc(-c2cnn(C3CC3)c2C(F)(F)F)nc1C.[Fe+3],3.358811
TRZ05102,Cc1nnc([C@H](Nc2ccc(C#N)c(C(F)(F)F)c2)[C@H](C)O)nc1C,Fe3+,Cc1nnc([C@H](Nc2ccc(C#N)c(C(F)(F)F)c2)[C@H](C)O)nc1C.[Fe+3],3.3563423
TRZ00054,Cc1nnc(C(=O)Nc2ccc(Cl)c(Cl)c2)nc1C,Fe3+,Cc1nnc(C(=O)Nc2ccc(Cl)c(Cl)c2)nc1C.[Fe+3],3.3531606
TRZ02774,Cc1nnc(C2=Cc3ccccc3OC2)nc1C,Fe3+,Cc1nnc(C2=Cc3ccccc3OC2)nc1C.[Fe+3],3.3522465
TRZ00941,Cc1nnc(CSc2nnc(-c3ccncc3)o2)nc1C,Fe3+,Cc1nnc(CSc2nnc(-c3ccncc3)o2)nc1C.[Fe+3],3.3500388
TRZ01851,Cc1nnc(-c2cccnc2C(F)(F)F)nc1C,Fe3+,Cc1nnc(-c2cccnc2C(F)(F)F)nc1C.[Fe+3],3.347854
TRZ02326,COc1ccc2c(c1)cc(-c1nnc(C)c(C)n1)n2C,Fe3+,COc1ccc2c(c1)cc(-c1nnc(C)c(C)n1)n2C.[Fe+3],3.346935
TRZ00256,Cc1cc(C)n2c(nc3ccccc32)c1-c1nnc(C)c(C)n1,Fe3+,Cc1cc(C)n2c(nc3ccccc32)c1-c1nnc(C)c(C)n1.[Fe+3],3.3439732
TRZ02900,Cc1nnc(-c2cn3c(ccc4c(C(F)(F)F)cc(C(F)(F)F)nc43)n2)nc1C,Fe3+,Cc1nnc(-c2cn3c(ccc4c(C(F)(F)F)cc(C(F)(F)F)nc43)n2)nc1C.[Fe+3],3.3425071
TRZ00626,Cc1nnc(-c2noc(C)c2-c2csc(COc3ccc(Cl)cc3)n2)nc1C,Fe3+,Cc1nnc(-c2noc(C)c2-c2csc(COc3ccc(Cl)cc3)n2)nc1C.[Fe+3],3.3422859
TRZ03313,COc1c(-c2nnc(C)c(C)n2)ccc2[nH]nc(/C=C/c3cccc(F)c3)c12,Fe3+,COc1c(-c2nnc(C)c(C)n2)ccc2[nH]nc(/C=C/c3cccc(F)c3)c12.[Fe+3],3.3384204
TRZ03188,Cc1nnc(C(C)(C)Oc2ccc(C(F)(F)F)cc2Cl)nc1C,Fe3+,Cc1nnc(C(C)(C)Oc2ccc(C(F)(F)F)cc2Cl)nc1C.[Fe+3],3.337533
TRZ01927,CCOC(=O)c1cc(-c2cccc([N+](=O)[O-])c2)n(CCc2nnc(C)c(C)n2)c1C,Fe3+,CCOC(=O)c1cc(-c2cccc([N+](=O)[O-])c2)n(CCc2nnc(C)c(C)n2)c1C.[Fe+3],3.3346484
TRZ03693,Cc1nnc(-c2nc3ccnn3c(F)c2Nc2ccc(Br)cc2F)nc1C,Fe3+,Cc1nnc(-c2nc3ccnn3c(F)c2Nc2ccc(Br)cc2F)nc1C.[Fe+3],3.3332942
TRZ01640,Cc1nnc(C(=O)CC(=O)Nc2c(C)n(C)n(-c3ccccc3)c2=O)nc1C,Fe3+,Cc1nnc(C(=O)CC(=O)Nc2c(C)n(C)n(-c3ccccc3)c2=O)nc1C.[Fe+3],3.3329887
TRZ01983,Cc1nnc(CSc2ccc3ccccc3c2)nc1C,Fe3+,Cc1nnc(CSc2ccc3ccccc3c2)nc1C.[Fe+3],3.3326082
TRZ01953,Cc1nnc(Cc2nc(C)n(C)n2)nc1C,Fe3+,Cc1nnc(Cc2nc(C)n(C)n2)nc1C.[Fe+3],3.3319547
TRZ00622,Cc1nnc(-c2csc(-c3ccc(C(F)(F)F)cc3Cl)n2)nc1C,Fe3+,Cc1nnc(-c2csc(-c3ccc(C(F)(F)F)cc3Cl)n2)nc1C.[Fe+3],3.3313522
TRZ00145,CCCCC#Cc1cncc(-c2nnc(C)c(C)n2)c1,Fe3+,CCCCC#Cc1cncc(-c2nnc(C)c(C)n2)c1.[Fe+3],3.328973
TRZ02783,Cc1nnc(-c2ncn(C)n2)nc1C,Fe3+,Cc1nnc(-c2ncn(C)n2)nc1C.[Fe+3],3.3286977
TRZ03580,Cc1nnc(C(C)(C)Sc2ccc(F)cc2)nc1C,Fe3+,Cc1nnc(C(C)(C)Sc2ccc(F)cc2)nc1C.[Fe+3],3.3262885
TRZ04853,Cc1nnc([C@H](N)Cc2c(F)c(F)c(F)c(F)c2F)nc1C,Fe3+,Cc1nnc([C@H](N)Cc2c(F)c(F)c(F)c(F)c2F)nc1C.[Fe+3],3.3207533
TRZ02954,Cc1nnc(-c2nc(C)n3c2CN=C(c2ccccc2F)c2cc(Cl)ccc2-3)nc1C,Fe3+,Cc1nnc(-c2nc(C)n3c2CN=C(c2ccccc2F)c2cc(Cl)ccc2-3)nc1C.[Fe+3],3.320728
TRZ01103,CCn1cc(-c2nnc(C)c(C)n2)c(=O)c2cc(F)c(Cl)cc21,Fe3+,CCn1cc(-c2nnc(C)c(C)n2)c(=O)c2cc(F)c(Cl)cc21.[Fe+3],3.3201687
TRZ02837,Cc1nnc(-c2nnn(-c3ccnc4c(C(F)(F)F)cccc34)c2C)nc1C,Fe3+,Cc1nnc(-c2nnn(-c3ccnc4c(C(F)(F)F)cccc34)c2C)nc1C.[Fe+3],3.320024
TRZ03267,CCOC(=O)C1CCC(Oc2ccc(NC(=O)c3nnc(C)c(C)n3)c(F)c2)CC1,Fe3+,CCOC(=O)C1CCC(Oc2ccc(NC(=O)c3nnc(C)c(C)n3)c(F)c2)CC1.[Fe+3],3.3186915
TRZ05907,Cc1nnc(C(=O)Oc2cccc(F)c2)nc1C,Fe3+,Cc1nnc(C(=O)Oc2cccc(F)c2)nc1C.[Fe+3],3.3186169
TRZ02445,CCCC(Oc1ccc(Br)cc1)c1nnc(C)c(C)n1,Fe3+,CCCC(Oc1ccc(Br)cc1)c1nnc(C)c(C)n1.[Fe+3],3.3109965
TRZ04294,CC[C@H]1C[C@@H]1c1cc(C(F)(F)F)cnc1-c1nnc(C)c(C)n1,Fe3+,CC[C@H]1C[C@@H]1c1cc(C(F)(F)F)cnc1-c1nnc(C)c(C)n1.[Fe+3],3.3038268
TRZ00515,CCCCN(CCCC)Cc1ccc(-c2nnc(C)c(C)n2)o1,Fe3+,CCCCN(CCCC)Cc1ccc(-c2nnc(C)c(C)n2)o1.[Fe+3],3.3030815
TRZ05316,COc1cnc(Cc2nnc(C)c(C)n2)c(F)c1,Fe3+,COc1cnc(Cc2nnc(C)c(C)n2)c(F)c1.[Fe+3],3.302489
TRZ00083,Cc1nnc(-c2cccs2)nc1C,Fe3+,Cc1nnc(-c2cccs2)nc1C.[Fe+3],3.2999928
TRZ02125,CC(=O)Nc1ccc(OCc2nnc(C)c(C)n2)cc1,Fe3+,CC(=O)Nc1ccc(OCc2nnc(C)c(C)n2)cc1.[Fe+3],3.2995322
TRZ03198,Cc1nnc(C2(Oc3ccc(C(F)(F)F)cc3)CCC2)nc1C,Fe3+,Cc1nnc(C2(Oc3ccc(C(F)(F)F)cc3)CCC2)nc1C.[Fe+3],3.2983623
TRZ01752,COc1cc(-c2ccccc2)nc(-c2nnc(C)c(C)n2)n1,Fe3+,COc1cc(-c2ccccc2)nc(-c2nnc(C)c(C)n2)n1.[Fe+3],3.2972672
TRZ05686,Cc1nnc(-c2ncc(F)cc2C2CCN(C(=O)OC(C)(C)C)CC2)nc1C,Fe3+,Cc1nnc(-c2ncc(F)cc2C2CCN(C(=O)OC(C)(C)C)CC2)nc1C.[Fe+3],3.2966952
TRZ02473,Cc1nnc(C2CCCN(S(=O)(=O)c3cccs3)C2)nc1C,Fe3+,Cc1nnc(C2CCCN(S(=O)(=O)c3cccs3)C2)nc1C.[Fe+3],3.296217
TRZ05835,COCC[C@H](C)c1cc(C(F)(F)F)cnc1-c1nnc(C)c(C)n1,Fe3+,COCC[C@H](C)c1cc(C(F)(F)F)cnc1-c1nnc(C)c(C)n1.[Fe+3],3.2958803
TRZ01964,Cc1nnc(-c2cccc(N)c2-c2nnc(C)c(C)n2)nc1C,Fe3+,Cc1nnc(-c2cccc(N)c2-c2nnc(C)c(C)n2)nc1C.[Fe+3],3.2944098
TRZ03105,Cc1nnc(-c2ccc(F)nc2F)nc1C,Fe3+,Cc1nnc(-c2ccc(F)nc2F)nc1C.[Fe+3],3.293973
TRZ05574,COc1nc(OCc2c(-c3ccc(F)cc3)noc2C)ccc1-c1nnc(C)c(C)n1,Fe3+,COc1nc(OCc2c(-c3ccc(F)cc3)noc2C)ccc1-c1nnc(C)c(C)n1.[Fe+3],3.2935388
TRZ03594,Cc1nnc(-c2ccc3ccccc3c2OCC(F)(F)F)nc1C,Fe3+,Cc1nnc(-c2ccc3ccccc3c2OCC(F)(F)F)nc1C.[Fe+3],3.2932653
TRZ00803,Cc1cccc(OC(C)c2nnc(C)c(C)n2)c1,Fe3+,Cc1cccc(OC(C)c2nnc(C)c(C)n2)c1.[Fe+3],3.2926974
TRZ05168,Cc1nnc(-c2c(NS(=O)(=O)c3ccccc3)ccc(Cl)c2F)nc1C,Fe3+,Cc1nnc(-c2c(NS(=O)(=O)c3ccccc3)ccc(Cl)c2F)nc1C.[Fe+3],3.2883692
TRZ04636,Cc1nnc(Cc2nc(C(F)(F)F)c(Cc3ccc(Cl)c(Cl)c3)c(=O)[nH]2)nc1C,Fe3+,Cc1nnc(Cc2nc(C(F)(F)F)c(Cc3ccc(Cl)c(Cl)c3)c(=O)[nH]2)nc1C.[Fe+3],3.2866263
TRZ01598,Cc1nnc(-c2cc(SCc3ccc(F)cc3)ccn2)nc1C,Fe3+,Cc1nnc(-c2cc(SCc3ccc(F)cc3)ccn2)nc1C.[Fe+3],3.2845523
TRZ01338,Cc1cc(OC(C)(C)c2nnc(C)c(C)n2)ccc1Cl,Fe3+,Cc1cc(OC(C)(C)c2nnc(C)c(C)n2)ccc1Cl.[Fe+3],3.282395
TRZ01600,Cc1nnc(-c2cc(SCc3ccc(C(F)(F)F)cc3)ccn2)nc1C,Fe3+,Cc1nnc(-c2cc(SCc3ccc(C(F)(F)F)cc3)ccn2)nc1C.[Fe+3],3.27609
TRZ02328,Cc1nnc(-c2cc3c4c(c(N5CCOCC5)nc3s2)COC(C)(C)C4)nc1C,Fe3+,Cc1nnc(-c2cc3c4c(c(N5CCOCC5)nc3s2)COC(C)(C)C4)nc1C.[Fe+3],3.276007
TRZ04457,Cc1nnc(-c2nc(Cl)ccc2F)nc1C,Fe3+,Cc1nnc(-c2nc(Cl)ccc2F)nc1C.[Fe+3],3.2752619
TRZ04284,Cc1nnc(-c2ncc(C(F)(F)F)cc2CCO)nc1C,Fe3+,Cc1nnc(-c2ncc(C(F)(F)F)cc2CCO)nc1C.[Fe+3],3.274712
TRZ02286,Cc1ccc(OCc2nnc(C)c(C)n2)cc1C,Fe3+,Cc1ccc(OCc2nnc(C)c(C)n2)cc1C.[Fe+3],3.2730472
TRZ00146,Cc1nnc(-c2csc(-c3ccccc3)n2)nc1C,Fe3+,Cc1nnc(-c2csc(-c3ccccc3)n2)nc1C.[Fe+3],3.2722864
TRZ00467,Cc1nnc(CSc2ccccc2[N+](=O)[O-])nc1C,Fe3+,Cc1nnc(CSc2ccccc2[N+](=O)[O-])nc1C.[Fe+3],3.2721395
TRZ02085,Cc1nnc(-c2ccccc2OCc2ccc(F)cc2)nc1C,Fe3+,Cc1nnc(-c2ccccc2OCc2ccc(F)cc2)nc1C.[Fe+3],3.2690113
TRZ02287,Cc1nnc(-c2c(-c3ccccc3Cl)noc2C)nc1C,Fe3+,Cc1nnc(-c2c(-c3ccccc3Cl)noc2C)nc1C.[Fe+3],3.266985
TRZ02655,Cc1nnc(CC(O)c2ccccc2)nc1C,Fe3+,Cc1nnc(CC(O)c2ccccc2)nc1C.[Fe+3],3.2648609
TRZ02139,COc1ccccc1-n1ncc(-c2nnc(C)c(C)n2)c1C(F)(F)F,Fe3+,COc1ccccc1-n1ncc(-c2nnc(C)c(C)n2)c1C(F)(F)F.[Fe+3],3.2629943
TRZ02384,Cc1nnc(-c2cc(COc3cc(Cl)cc(Cl)c3)on2)nc1C,Fe3+,Cc1nnc(-c2cc(COc3cc(Cl)cc(Cl)c3)on2)nc1C.[Fe+3],3.2616944
TRZ02892,CCOc1ccc(NCc2nnc(C)c(C)n2)cc1,Fe3+,CCOc1ccc(NCc2nnc(C)c(C)n2)cc1.[Fe+3],3.2602022
TRZ01451,Cc1cc(C)cc(OCc2nnc(C)c(C)n2)c1,Fe3+,Cc1cc(C)cc(OCc2nnc(C)c(C)n2)c1.[Fe+3],3.2598977
TRZ00296,Cc1nnc(-c2ccc(COc3cccc4ccccc34)o2)nc1C,Fe3+,Cc1nnc(-c2ccc(COc3cccc4ccccc34)o2)nc1C.[Fe+3],3.2564876
TRZ05276,Cc1nnc(-c2ccc(Br)cc2OC(F)(F)F)nc1C,Fe3+,Cc1nnc(-c2ccc(Br)cc2OC(F)(F)F)nc1C.[Fe+3],3.255129
TRZ05711,Cc1cc(-c2nnc(C)c(C)n2)c(Oc2cccc(C3CC3)c2F)nn1,Fe3+,Cc1cc(-c2nnc(C)c(C)n2)c(Oc2cccc(C3CC3)c2F)nn1.[Fe+3],3.252073
TRZ05525,Cc1nnc(-c2nn(C)c(F)c2Nc2ccc(C(F)(F)F)cc2)nc1C,Fe3+,Cc1nnc(-c2nn(C)c(F)c2Nc2ccc(C(F)(F)F)cc2)nc1C.[Fe+3],3.251479
TRZ02385,Cc1nnc(-c2cc(CSc3ccc(Cl)cc3)on2)nc1C,Fe3+,Cc1nnc(-c2cc(CSc3ccc(Cl)cc3)on2)nc1C.[Fe+3],3.2508965
TRZ04081,Cc1nnc(-c2cnn(-c3c(F)cccc3F)n2)nc1C,Fe3+,Cc1nnc(-c2cnn(-c3c(F)cccc3F)n2)nc1C.[Fe+3],3.2494504
TRZ05396,C=CC(OC(C)(C)C)C(OCc1ccccc1)(c1nnc(C)c(C)n1)C(F)(F)F,Fe3+,C=CC(OC(C)(C)C)C(OCc1ccccc1)(c1nnc(C)c(C)n1)C(F)(F)F.[Fe+3],3.248841
TRZ01374,CCCN(CCC)/C(=C\c1ccc([N+](=O)[O-])o1)c1nnc(C)c(C)n1,Fe3+,CCCN(CCC)/C(=C\c1ccc([N+](=O)[O-])o1)c1nnc(C)c(C)n1.[Fe+3],3.2483222
TRZ03585,CCOc1cc(OCC(F)(F)F)c2nc(-c3nnc(C)c(C)n3)cc(C)c2c1,Fe3+,CCOc1cc(OCC(F)(F)F)c2nc(-c3nnc(C)c(C)n3)cc(C)c2c1.[Fe+3],3.2398124
TRZ04117,Cc1nnc(C(C)c2nc(C(C)(F)F)cs2)nc1C,Fe3+,Cc1nnc(C(C)c2nc(C(C)(F)F)cs2)nc1C.[Fe+3],3.239598
TRZ00027,Cc1nnc(-c2ccco2)nc1C,Fe3+,Cc1nnc(-c2ccco2)nc1C.[Fe+3],3.2390118
TRZ01554,Cc1nnc(-c2cnn(-c3ccc([N+](=O)[O-])cc3)c2C(F)(F)F)nc1C,Fe3+,Cc1nnc(-c2cnn(-c3ccc([N+](=O)[O-])cc3)c2C(F)(F)F)nc1C.[Fe+3],3.23865
TRZ02307,C=CCc1ccccc1OCc1nnc(C)c(C)n1,Fe3+,C=CCc1ccccc1OCc1nnc(C)c(C)n1.[Fe+3],3.2381988
TRZ01942,COc1ccc(-c2nnc(SCc3nnc(C)c(C)n3)n2-c2ccccc2)cc1OC,Fe3+,COc1ccc(-c2nnc(SCc3nnc(C)c(C)n3)n2-c2ccccc2)cc1OC.[Fe+3],3.236944
TRZ05456,Cc1nnc(-c2ccnc(N3C[C@@H]4C(COc5cccnc5C(F)(F)F)[C@@H]4C3)n2)nc1C,Fe3+,Cc1nnc(-c2ccnc(N3C[C@@H]4C(COc5cccnc5C(F)(F)F)[C@@H]4C3)n2)nc1C.[Fe+3],3.2329197
TRZ01667,Cc1nnc(-c2cn(C3CC3)c3cc(Cl)c(F)cc3c2=O)nc1C,Fe3+,Cc1nnc(-c2cn(C3CC3)c3cc(Cl)c(F)cc3c2=O)nc1C.[Fe+3],3.230663
TRZ00223,Cc1nnc(C(C)Oc2ccc(Cl)cc2Cl)nc1C,Fe3+,Cc1nnc(C(C)Oc2ccc(Cl)cc2Cl)nc1C.[Fe+3],3.2299695
TRZ02612,Cc1nnc(CSc2ccccn2)nc1C,Fe3+,Cc1nnc(CSc2ccccn2)nc1C.[Fe+3],3.22381
TRZ03205,COc1cc(F)ccc1OC(C)(C)c1nnc(C)c(C)n1,Fe3+,COc1cc(F)ccc1OC(C)(C)c1nnc(C)c(C)n1.[Fe+3],3.223629
TRZ01952,COc1ccccc1OC(C)c1nnc(C)c(C)n1,Fe3+,COc1ccccc1OC(C)c1nnc(C)c(C)n1.[Fe+3],3.222251
TRZ02408,Cc1nnc(Cn2cnc3c2c(=O)n(C)c(=O)n3C)nc1C,Fe3+,Cc1nnc(Cn2cnc3c2c(=O)n(C)c(=O)n3C)nc1C.[Fe+3],3.2201145
TRZ03024,C=Nc1cccc(F)c1-c1nnc(C)c(C)n1,Fe3+,C=Nc1cccc(F)c1-c1nnc(C)c(C)n1.[Fe+3],3.218081
TRZ02717,Cc1nnc(-c2coc(-c3ccccc3)n2)nc1C,Fe3+,Cc1nnc(-c2coc(-c3ccccc3)n2)nc1C.[Fe+3],3.2133384
TRZ01540,CCOC(=O)c1cn(Cc2nnc(C)c(C)n2)nc1C(F)(F)F,Fe3+,CCOC(=O)c1cn(Cc2nnc(C)c(C)n2)nc1C(F)(F)F.[Fe+3],3.2073083
TRZ05273,COc1ccc(-c2nnc(C)c(C)n2)c(OC(F)(F)F)c1,Fe3+,COc1ccc(-c2nnc(C)c(C)n2)c(OC(F)(F)F)c1.[Fe+3],3.2054305
TRZ00624,Cc1nnc(-c2nc(-c3cccc(-n4cccc4)c3)no2)nc1C,Fe3+,Cc1nnc(-c2nc(-c3cccc(-n4cccc4)c3)no2)nc1C.[Fe+3],3.1996639
TRZ04643,Cc1nnc(-c2nc(C(F)(F)F)sc2N2CCOCC2)nc1C,Fe3+,Cc1nnc(-c2nc(C(F)(F)F)sc2N2CCOCC2)nc1C.[Fe+3],3.1988654
TRZ01454,Cc1ccccc1-n1ncc(-c2nnc(C)c(C)n2)c1C(F)(F)F,Fe3+,Cc1ccccc1-n1ncc(-c2nnc(C)c(C)n2)c1C(F)(F)F.[Fe+3],3.198736
TRZ03009,Cc1nnc(-c2nccc(C(F)(F)F)n2)nc1C,Fe3+,Cc1nnc(-c2nccc(C(F)(F)F)n2)nc1C.[Fe+3],3.197157
TRZ01801,Cc1nnc(-c2nc(-c3ccccc3)cc(N3CCc4ccccc4C3C)n2)nc1C,Fe3+,Cc1nnc(-c2nc(-c3ccccc3)cc(N3CCc4ccccc4C3C)n2)nc1C.[Fe+3],3.196082
TRZ00010,COc1ccccc1-c1nnc(C)c(C)n1,Fe3+,COc1ccccc1-c1nnc(C)c(C)n1.[Fe+3],3.1948333
TRZ05279,Cc1nnc(-c2cc(Cl)ccc2OC(F)(F)F)nc1C,Fe3+,Cc1nnc(-c2cc(Cl)ccc2OC(F)(F)F)nc1C.[Fe+3],3.1907897
TRZ04649,Cc1nnc(C(=O)NCc2ccc(F)c(OC(F)(F)F)c2)nc1C,Fe3+,Cc1nnc(C(=O)NCc2ccc(F)c(OC(F)(F)F)c2)nc1C.[Fe+3],3.189767
TRZ01039,Cc1nnc(-c2nc(-c3ccccc3)cc(N3Cc4ccccc4C3)n2)nc1C,Fe3+,Cc1nnc(-c2nc(-c3ccccc3)cc(N3Cc4ccccc4C3)n2)nc1C.[Fe+3],3.186565
TRZ05702,Cc1nnc(-c2c(F)ccc3c2OCO3)nc1C,Fe3+,Cc1nnc(-c2c(F)ccc3c2OCO3)nc1C.[Fe+3],3.1840873
TRZ00170,Cc1cccc(OCc2nnc(C)c(C)n2)c1,Fe3+,Cc1cccc(OCc2nnc(C)c(C)n2)c1.[Fe+3],3.1828322
TRZ01394,CCN(CC)c1ccc(/C=C(\NC(=O)c2ccc(NC(C)=O)cc2)c2nnc(C)c(C)n2)cc1,Fe3+,CCN(CC)c1ccc(/C=C(\NC(=O)c2ccc(NC(C)=O)cc2)c2nnc(C)c(C)n2)cc1.[Fe+3],3.1823874
TRZ04204,Cc1nnc(-c2nc(C(=O)N3CCC(F)CC3)cs2)nc1C,Fe3+,Cc1nnc(-c2nc(C(=O)N3CCC(F)CC3)cs2)nc1C.[Fe+3],3.1812544
TRZ03972,Cc1nnc(-c2cc(-c3ccc(OC(F)(F)F)cc3)no2)nc1C,Fe3+,Cc1nnc(-c2cc(-c3ccc(OC(F)(F)F)cc3)no2)nc1C.[Fe+3],3.1740942
TRZ03863,COc1cc(-c2ncn(/C=C\c3nnc(C)c(C)n3)n2)cc(C(F)(F)F)c1,Fe3+,COc1cc(-c2ncn(/C=C\c3nnc(C)c(C)n3)n2)cc(C(F)(F)F)c1.[Fe+3],3.1732526
TRZ00087,Cc1nnc(COc2ccccc2)nc1C,Fe3+,Cc1nnc(COc2ccccc2)nc1C.[Fe+3],3.172266
TRZ03362,Cc1nnc(C(=O)Nc2cccc(C(F)(F)F)c2C)nc1C,Fe3+,Cc1nnc(C(=O)Nc2cccc(C(F)(F)F)c2C)nc1C.[Fe+3],3.1704154
TRZ01920,CCOC(=O)c1cc(-c2ccccc2)n(CCc2nnc(C)c(C)n2)c1C,Fe3+,CCOC(=O)c1cc(-c2ccccc2)n(CCc2nnc(C)c(C)n2)c1C.[Fe+3],3.1699114
TRZ02960,CO[C@@](c1ccccc1)(c1nnc(C)c(C)n1)C(F)(F)F,Fe3+,CO[C@@](c1ccccc1)(c1nnc(C)c(C)n1)C(F)(F)F.[Fe+3],3.1697087
TRZ00575,COc1cc(Nc2cc3c(cc2-c2nnc(C)c(C)n2)OCO3)cc(OC)c1OC,Fe3+,COc1cc(Nc2cc3c(cc2-c2nnc(C)c(C)n2)OCO3)cc(OC)c1OC.[Fe+3],3.1627522
TRZ02754,CCc1cccc2c3c([nH]c12)C(CC)(Cc1nnc(C)c(C)n1)OCC3,Fe3+,CCc1cccc2c3c([nH]c12)C(CC)(Cc1nnc(C)c(C)n1)OCC3.[Fe+3],3.1623626
TRZ00311,Cc1nnc(Cn2c(-c3nonc3N)nc3ccccc32)nc1C,Fe3+,Cc1nnc(Cn2c(-c3nonc3N)nc3ccccc32)nc1C.[Fe+3],3.161569
TRZ05343,Cc1nnc(-c2ccc(F)cc2NC(=O)Nc2cc(F)cc(Cl)c2)nc1C,Fe3+,Cc1nnc(-c2ccc(F)cc2NC(=O)Nc2cc(F)cc(Cl)c2)nc1C.[Fe+3],3.1588182
TRZ04712,Cc1cc(-c2nnc(C)c(C)n2)nc(Oc2cccc(C(F)(F)F)c2)n1,Fe3+,Cc1cc(-c2nnc(C)c(C)n2)nc(Oc2cccc(C(F)(F)F)c2)n1.[Fe+3],3.1557822
TRZ01149,Cc1nnc(CSc2ccccc2Cl)nc1C,Fe3+,Cc1nnc(CSc2ccccc2Cl)nc1C.[Fe+3],3.1542292
TRZ03390,Cc1nnc(-c2nn(Cc3ccc(F)cc3Cl)c3cc(CF)ccc23)nc1C,Fe3+,Cc1nnc(-c2nn(Cc3ccc(F)cc3Cl)c3cc(CF)ccc23)nc1C.[Fe+3],3.1540947
TRZ05881,Cc1nnc(-c2c(Cl)ncc(C(F)(F)F)c2C(=O)c2ccccc2F)nc1C,Fe3+,Cc1nnc(-c2c(Cl)ncc(C(F)(F)F)c2C(=O)c2ccccc2F)nc1C.[Fe+3],3.1521173
TRZ02647,Cc1nnc(CSc2ccc([N+](=O)[O-])cc2)nc1C,Fe3+,Cc1nnc(CSc2ccc([N+](=O)[O-])cc2)nc1C.[Fe+3],3.1509924
TRZ00092,Cc1nnc(COc2ccc(Cl)cc2Cl)nc1C,Fe3+,Cc1nnc(COc2ccc(Cl)cc2Cl)nc1C.[Fe+3],3.1486993
TRZ04949,Cc1cc(C(=O)N[C@H](C(=O)N[C@@H](Cc2ccc(F)cc2)c2nnc(C)c(C)n2)C(C)C)no1,Fe3+,Cc1cc(C(=O)N[C@H](C(=O)N[C@@H](Cc2ccc(F)cc2)c2nnc(C)c(C)n2)C(C)C)no1.[Fe+3],3.1483202
TRZ01025,COc1ccc(-c2cc(N3Cc4ccccc4C3)nc(-c3nnc(C)c(C)n3)n2)cc1,Fe3+,COc1ccc(-c2cc(N3Cc4ccccc4C3)nc(-c3nnc(C)c(C)n3)n2)cc1.[Fe+3],3.146957
TRZ05920,Cc1nnc(-c2cc(C(=O)c3c(Cl)ccc(F)c3Cl)cnc2N)nc1C,Fe3+,Cc1nnc(-c2cc(C(=O)c3c(Cl)ccc(F)c3Cl)cnc2N)nc1C.[Fe+3],3.1440077
TRZ00831,Cc1cccc(OC(C)c2nnc(C)c(C)n2)c1C,Fe3+,Cc1cccc(OC(C)c2nnc(C)c(C)n2)c1C.[Fe+3],3.1428237
TRZ01746,Cc1nnc(-c2nc(-c3ccccc3)c(C)c(-c3ccccc3)n2)nc1C,Fe3+,Cc1nnc(-c2nc(-c3ccccc3)c(C)c(-c3ccccc3)n2)nc1C.[Fe+3],3.1397953
TRZ02672,Cc1nnc(Cn2nnnc2N)nc1C,Fe3+,Cc1nnc(Cn2nnnc2N)nc1C.[Fe+3],3.1379666
TRZ02581,Cc1ccc(-n2nnc(-c3nnc(C)c(C)n3)c2C)cc1,Fe3+,Cc1ccc(-n2nnc(-c3nnc(C)c(C)n3)c2C)cc1.[Fe+3],3.1322904
TRZ00512,Cc1nnc(-c2sc3cc(C(F)(F)F)cnc3c2-c2ccccn2)nc1C,Fe3+,Cc1nnc(-c2sc3cc(C(F)(F)F)cnc3c2-c2ccccn2)nc1C.[Fe+3],3.132265
TRZ04080,Cc1nnc(Cc2nc3c(F)cc(Br)cc3s2)nc1C,Fe3+,Cc1nnc(Cc2nc3c(F)cc(Br)cc3s2)nc1C.[Fe+3],3.1297598
TRZ00213,COc1ccc(OCc2nnc(C)c(C)n2)cc1,Fe3+,COc1ccc(OCc2nnc(C)c(C)n2)cc1.[Fe+3],3.1291099
TRZ01480,Cc1ccc(-c2cc(-c3nnc(C)c(C)n3)no2)cc1,Fe3+,Cc1ccc(-c2cc(-c3nnc(C)c(C)n3)no2)cc1.[Fe+3],3.1290684
TRZ05872,Cc1nnc(-c2nc(C(F)(F)F)cnc2N)nc1C,Fe3+,Cc1nnc(-c2nc(C(F)(F)F)cnc2N)nc1C.[Fe+3],3.118545
TRZ03935,Cc1cc(F)ccc1OCc1nnc(C)c(C)n1,Fe3+,Cc1cc(F)ccc1OCc1nnc(C)c(C)n1.[Fe+3],3.1178346
TRZ02315,Cc1nnc(-c2sc3nc4c(cc3c2N)COC(C)(C)C4)nc1C,Fe3+,Cc1nnc(-c2sc3nc4c(cc3c2N)COC(C)(C)C4)nc1C.[Fe+3],3.1172266
TRZ01668,CCOc1ccc(C2=NOC(c3nnc(C)c(C)n3)C2)cc1,Fe3+,CCOc1ccc(C2=NOC(c3nnc(C)c(C)n3)C2)cc1.[Fe+3],3.1167827
TRZ05002,Cc1cc(F)ccc1OC(C)(C)c1nnc(C)c(C)n1,Fe3+,Cc1cc(F)ccc1OC(C)(C)c1nnc(C)c(C)n1.[Fe+3],3.1131797
TRZ01574,Cc1nnc(COc2ccc(C(=O)Nc3cccc(F)c3)c3ccccc23)nc1C,Fe3+,Cc1nnc(COc2ccc(C(=O)Nc3cccc(F)c3)c3ccccc23)nc1C.[Fe+3],3.112269
TRZ04664,Cc1nnc(C(c2cc(Cl)ccn2)C2CC2(F)F)nc1C,Fe3+,Cc1nnc(C(c2cc(Cl)ccn2)C2CC2(F)F)nc1C.[Fe+3],3.1109977
TRZ01951,Cc1nnc(C(C)Oc2ccc(Br)cc2)nc1C,Fe3+,Cc1nnc(C(C)Oc2ccc(Br)cc2)nc1C.[Fe+3],3.1108007
TRZ05275,Cc1nnc(-c2ccc(Br)cc2OC(F)F)nc1C,Fe3+,Cc1nnc(-c2ccc(Br)cc2OC(F)F)nc1C.[Fe+3],3.1078515
TRZ01979,Cc1nnc(COc2ccc(C(C)(C)C)cc2)nc1C,Fe3+,Cc1nnc(COc2ccc(C(C)(C)C)cc2)nc1C.[Fe+3],3.104609
TRZ03794,Cc1nnc(-c2cn(CCCOCc3ccccc3)c3ccc(F)cc23)nc1C,Fe3+,Cc1nnc(-c2cn(CCCOCc3ccccc3)c3ccc(F)cc23)nc1C.[Fe+3],3.1042938
TRZ02679,Cc1nnc(-c2cccc(O)c2-c2nnc(C)c(C)n2)nc1C,Fe3+,Cc1nnc(-c2cccc(O)c2-c2nnc(C)c(C)n2)nc1C.[Fe+3],3.1038704
TRZ03581,Cc1nnc(-c2cc(C)c3cc(C4CC4)cc(C(F)(F)F)c3n2)nc1C,Fe3+,Cc1nnc(-c2cc(C)c3cc(C4CC4)cc(C(F)(F)F)c3n2)nc1C.[Fe+3],3.1035914
TRZ04202,Cc1nnc(/C=C\n2cnc(-c3cc(CF)cc(C(F)(F)F)c3)n2)nc1C,Fe3+,Cc1nnc(/C=C\n2cnc(-c3cc(CF)cc(C(F)(F)F)c3)n2)nc1C.[Fe+3],3.0997872
TRZ02748,Cc1nnc(CSc2cccc([N+](=O)[O-])c2)nc1C,Fe3+,Cc1nnc(CSc2cccc([N+](=O)[O-])c2)nc1C.[Fe+3],3.0996513
TRZ02413,Cc1nnc(-c2sccc2NC(=O)c2ccccc2Cl)nc1C,Fe3+,Cc1nnc(-c2sccc2NC(=O)c2ccccc2Cl)nc1C.[Fe+3],3.0976076
TRZ01107,Cc1nnc(CNc2ccc(F)c(Cl)c2)nc1C,Fe3+,Cc1nnc(CNc2ccc(F)c(Cl)c2)nc1C.[Fe+3],3.0971546
TRZ02291,Cc1nnc(CSc2nnc(-c3ccccc3)n2C)nc1C,Fe3+,Cc1nnc(CSc2nnc(-c3ccccc3)n2C)nc1C.[Fe+3],3.0933175
TRZ03202,Cc1nnc(C(C)(C)Oc2cc(F)cc(F)c2)nc1C,Fe3+,Cc1nnc(C(C)(C)Oc2cc(F)cc(F)c2)nc1C.[Fe+3],3.0912013
TRZ02527,CCOC(=O)c1cc(-c2ccc(C)cc2)n(CCc2nnc(C)c(C)n2)c1C,Fe3+,CCOC(=O)c1cc(-c2ccc(C)cc2)n(CCc2nnc(C)c(C)n2)c1C.[Fe+3],3.0897923
TRZ04704,Cc1nnc(C(F)(F)c2cn3cc(C4CC4)ccc3n2)nc1C,Fe3+,Cc1nnc(C(F)(F)c2cn3cc(C4CC4)ccc3n2)nc1C.[Fe+3],3.0871043
TRZ00372,Cc1nnc(-c2c(Cl)c(C)nn2C)nc1C,Fe3+,Cc1nnc(-c2c(Cl)c(C)nn2C)nc1C.[Fe+3],3.086018
TRZ05703,Cc1nc(OC(F)F)c(-c2nnc(C)c(C)n2)cc1Cl,Fe3+,Cc1nc(OC(F)F)c(-c2nnc(C)c(C)n2)cc1Cl.[Fe+3],3.0853944
TRZ04524,Cc1nnc(-c2ccc(CNC(=O)N3CCOC(c4ccc(F)c(Cl)c4)C3)cn2)nc1C,Fe3+,Cc1nnc(-c2ccc(CNC(=O)N3CCOC(c4ccc(F)c(Cl)c4)C3)cn2)nc1C.[Fe+3],3.0829215
TRZ01632,Cc1nnc(-c2cc(CCCCC(=O)Nc3ccccc3)on2)nc1C,Fe3+,Cc1nnc(-c2cc(CCCCC(=O)Nc3ccccc3)on2)nc1C.[Fe+3],3.079146
TRZ03678,Cc1nnc(-c2nn(Cc3ccc(Cl)cc3Cl)c3nc(C(F)(F)F)cnc23)nc1C,Fe3+,Cc1nnc(-c2nn(Cc3ccc(Cl)cc3Cl)c3nc(C(F)(F)F)cnc23)nc1C.[Fe+3],3.076664
TRZ04185,Cc1nnc(C(=O)NCc2cccc(CF)c2)nc1C,Fe3+,Cc1nnc(C(=O)NCc2cccc(CF)c2)nc1C.[Fe+3],3.0761504
TRZ01366,Cc1cccc(OC(C)(C)c2nnc(C)c(C)n2)c1,Fe3+,Cc1cccc(OC(C)(C)c2nnc(C)c(C)n2)c1.[Fe+3],3.075523
TRZ04474,Cc1nnc(-c2c(C)ncn2CC(F)F)nc1C,Fe3+,Cc1nnc(-c2c(C)ncn2CC(F)F)nc1C.[Fe+3],3.073306
TRZ00021,Cc1nnc(-c2sc3cccc(Cl)c3c2Cl)nc1C,Fe3+,Cc1nnc(-c2sc3cccc(Cl)c3c2Cl)nc1C.[Fe+3],3.0732317
TRZ04877,Cc1nnc(-c2cn(C)nc2C(F)F)nc1C,Fe3+,Cc1nnc(-c2cn(C)nc2C(F)F)nc1C.[Fe+3],3.0720005
TRZ05487,CCc1cc(C(F)(F)F)cnc1-c1nnc(C)c(C)n1,Fe3+,CCc1cc(C(F)(F)F)cnc1-c1nnc(C)c(C)n1.[Fe+3],3.069756
TRZ00168,Cc1nnc(-c2csnn2)nc1C,Fe3+,Cc1nnc(-c2csnn2)nc1C.[Fe+3],3.069179
TRZ05697,Cc1nnc(-c2cc(Cl)ccc2OC(F)F)nc1C,Fe3+,Cc1nnc(-c2cc(Cl)ccc2OC(F)F)nc1C.[Fe+3],3.0634155
TRZ04875,Cc1nnc(-c2cnn(C)c2C(F)(F)F)nc1C,Fe3+,Cc1nnc(-c2cnn(C)c2C(F)(F)F)nc1C.[Fe+3],3.0627556
TRZ04057,Cc1nnc(-c2c(C=O)ccc(C(F)(F)F)c2[N+](=O)[O-])nc1C,Fe3+,Cc1nnc(-c2c(C=O)ccc(C(F)(F)F)c2[N+](=O)[O-])nc1C.[Fe+3],3.0562792
TRZ04924,Cc1nnc(-c2ncc(CF)cc2Cl)nc1C,Fe3+,Cc1nnc(-c2ncc(CF)cc2Cl)nc1C.[Fe+3],3.0558906
TRZ01544,Cc1nnc(-c2ccc(CSc3ccc(C(F)(F)F)cn3)o2)nc1C,Fe3+,Cc1nnc(-c2ccc(CSc3ccc(C(F)(F)F)cn3)o2)nc1C.[Fe+3],3.0544348
TRZ03662,Cc1nnc(C2(C)CC(c3ccc(OC(F)F)c(OCc4ccccc4)c3)=NO2)nc1C,Fe3+,Cc1nnc(C2(C)CC(c3ccc(OC(F)F)c(OCc4ccccc4)c3)=NO2)nc1C.[Fe+3],3.0525136
TRZ01563,Cc1nnc(Cn2nc(C(F)(F)F)c(Cl)c2C)nc1C,Fe3+,Cc1nnc(Cn2nc(C(F)(F)F)c(Cl)c2C)nc1C.[Fe+3],3.05049
TRZ01800,Cc1nnc(-c2nc(-c3ccccc3)cc(N(C)Cc3ccccc3)n2)nc1C,Fe3+,Cc1nnc(-c2nc(-c3ccccc3)cc(N(C)Cc3ccccc3)n2)nc1C.[Fe+3],3.0481324
TRZ01909,Cc1nnc(-c2cc(C3CCCC3)c3ccccc3n2)nc1C,Fe3+,Cc1nnc(-c2cc(C3CCCC3)c3ccccc3n2)nc1C.[Fe+3],3.0414248
TRZ05408,C=CCCN(C)c1nc(-c2nnc(C)c(C)n2)c([N+](=O)[O-])cc1C(F)(F)F,Fe3+,C=CCCN(C)c1nc(-c2nnc(C)c(C)n2)c([N+](=O)[O-])cc1C(F)(F)F.[Fe+3],3.0388093
TRZ02507,Cc1nnc(CO/N=C/c2ccc(Cl)cc2Cl)nc1C,Fe3+,Cc1nnc(CO/N=C/c2ccc(Cl)cc2Cl)nc1C.[Fe+3],3.036663
TRZ02100,Cc1ccc(CNC(=O)c2nnc(C)c(C)n2)cc1F,Fe3+,Cc1ccc(CNC(=O)c2nnc(C)c(C)n2)cc1F.[Fe+3],3.0354424
TRZ04628,COc1c(-c2nnc(C)c(C)n2)ccc2n[nH]c(/C=C/c3cccc(F)c3)c12,Fe3+,COc1c(-c2nnc(C)c(C)n2)ccc2n[nH]c(/C=C/c3cccc(F)c3)c12.[Fe+3],3.0303354
TRZ05830,COCC=Cc1cc(C(F)(F)F)cnc1-c1nnc(C)c(C)n1,Fe3+,COCC=Cc1cc(C(F)(F)F)cnc1-c1nnc(C)c(C)n1.[Fe+3],3.0289059
TRZ00618,COC(=O)c1c(-c2c(Cl)cccc2Cl)noc1-c1nnc(C)c(C)n1,Fe3+,COC(=O)c1c(-c2c(Cl)cccc2Cl)noc1-c1nnc(C)c(C)n1.[Fe+3],3.0276518
TRZ04098,Cc1nc(-c2nnc(C)c(C)n2)ccc1F,Fe3+,Cc1nc(-c2nnc(C)c(C)n2)ccc1F.[Fe+3],3.026267
TRZ01903,Cc1nnc(-c2cc(C3CCCCC3)c3ccccc3n2)nc1C,Fe3+,Cc1nnc(-c2cc(C3CCCCC3)c3ccccc3n2)nc1C.[Fe+3],3.0212512
TRZ01918,CCOC(=O)c1cc(-c2ccc(OC)cc2)n(CCc2nnc(C)c(C)n2)c1C,Fe3+,CCOC(=O)c1cc(-c2ccc(OC)cc2)n(CCc2nnc(C)c(C)n2)c1C.[Fe+3],3.020494
TRZ03257,COc1c(-c2nnc(C)c(C)n2)ccc(O)c1F,Fe3+,COc1c(-c2nnc(C)c(C)n2)ccc(O)c1F.[Fe+3],3.020196
TRZ03316,CCc1ccc(Nc2c(-c3nnc(C)c(C)n3)ccc(F)c2F)c(F)c1,Fe3+,CCc1ccc(Nc2c(-c3nnc(C)c(C)n3)ccc(F)c2F)c(F)c1.[Fe+3],3.0173926
TRZ05083,COc1ccc(OC(F)(F)F)cc1CNC(=O)c1nnc(C)c(C)n1,Fe3+,COc1ccc(OC(F)(F)F)cc1CNC(=O)c1nnc(C)c(C)n1.[Fe+3],3.01657
TRZ05897,Cc1nnc(-c2nc(C(=O)Cc3ccccc3)c(C(F)(F)F)nc2N)nc1C,Fe3+,Cc1nnc(-c2nc(C(=O)Cc3ccccc3)c(C(F)(F)F)nc2N)nc1C.[Fe+3],3.0152612
TRZ05021,Cc1nnc(-c2ncc(C3=CC=C(OC(F)(F)F)CC3)o2)nc1C,Fe3+,Cc1nnc(-c2ncc(C3=CC=C(OC(F)(F)F)CC3)o2)nc1C.[Fe+3],3.012679
TRZ03203,Cc1nnc(C(C)(C)Oc2ccc(F)cc2Cl)nc1C,Fe3+,Cc1nnc(C(C)(C)Oc2ccc(F)cc2Cl)nc1C.[Fe+3],3.0120583
TRZ00530,Cc1nnc(-c2n[nH]c3c2CC(C2CCCCC2)CC3)nc1C,Fe3+,Cc1nnc(-c2n[nH]c3c2CC(C2CCCCC2)CC3)nc1C.[Fe+3],3.0088754
TRZ01015,COc1cccc(-c2cc(-c3cccc(OC)c3)nc(-c3nnc(C)c(C)n3)n2)c1,Fe3+,COc1cccc(-c2cc(-c3cccc(OC)c3)nc(-c3nnc(C)c(C)n3)n2)c1.[Fe+3],3.0083203
TRZ02603,Cc1nnc(-c2csc(C34CC5CC(CC(C5)C3)C4)n2)nc1C,Fe3+,Cc1nnc(-c2csc(C34CC5CC(CC(C5)C3)C4)n2)nc1C.[Fe+3],3.0074944
TRZ00329,Cc1nnc(-c2sccc2OCc2ccc(Cl)cc2)nc1C,Fe3+,Cc1nnc(-c2sccc2OCc2ccc(Cl)cc2)nc1C.[Fe+3],3.0046182
TRZ04916,Cc1nnc(CCn2c(=O)oc3ccc(-c4ccc(OC(F)(F)F)cc4)cc32)nc1C,Fe3+,Cc1nnc(CCn2c(=O)oc3ccc(-c4ccc(OC(F)(F)F)cc4)cc32)nc1C.[Fe+3],3.0016785
TRZ02516,Cc1nnc(-c2cc(SCc3cccc(Cl)c3)ccn2)nc1C,Fe3+,Cc1nnc(-c2cc(SCc3cccc(Cl)c3)ccn2)nc1C.[Fe+3],2.9962707
TRZ02637,Cc1nnc(Cn2nnnc2C)nc1C,Fe3+,Cc1nnc(Cn2nnnc2C)nc1C.[Fe+3],2.996017
TRZ03070,Cc1nnc(-c2cc(C(F)(F)F)c3cc(F)ccc3n2)nc1C,Fe3+,Cc1nnc(-c2cc(C(F)(F)F)c3cc(F)ccc3n2)nc1C.[Fe+3],2.9958925
TRZ00245,Cc1nnc(-c2cc3cc(OCc4ccccc4)ccc3n2C)nc1C,Fe3+,Cc1nnc(-c2cc3cc(OCc4ccccc4)ccc3n2C)nc1C.[Fe+3],2.9954805
TRZ01537,Cc1nnc(CS(=O)Cc2cccc(C(F)(F)F)c2)nc1C,Fe3+,Cc1nnc(CS(=O)Cc2cccc(C(F)(F)F)c2)nc1C.[Fe+3],2.992715
TRZ02899,Cc1nnc(-c2csc(-c3cnccc3C(F)(F)F)n2)nc1C,Fe3+,Cc1nnc(-c2csc(-c3cnccc3C(F)(F)F)n2)nc1C.[Fe+3],2.9905353
TRZ05588,Cc1cc(-c2nnc(C)c(C)n2)nc(N2CCCC(F)C2)n1,Fe3+,Cc1cc(-c2nnc(C)c(C)n2)nc(N2CCCC(F)C2)n1.[Fe+3],2.9869585
TRZ03576,Cc1nnc(-c2nc3ccc(F)cn3c2C)nc1C,Fe3+,Cc1nnc(-c2nc3ccc(F)cn3c2C)nc1C.[Fe+3],2.9864917
TRZ02407,Cc1cc(NC(=O)c2nnc(C)c(C)n2)no1,Fe3+,Cc1cc(NC(=O)c2nnc(C)c(C)n2)no1.[Fe+3],2.9832969
TRZ03965,Cc1nnc(Cc2nc3c(F)cc(-c4ccccc4)cc3s2)nc1C,Fe3+,Cc1nnc(Cc2nc3c(F)cc(-c4ccccc4)cc3s2)nc1C.[Fe+3],2.9825778
TRZ02188,Cc1nnc([C@H](C)Oc2ccccc2)nc1C,Fe3+,Cc1nnc([C@H](C)Oc2ccccc2)nc1C.[Fe+3],2.9803753
TRZ05748,Cc1nnc(-c2ncc3c(F)cc(SCc4ccccc4)cn23)nc1C,Fe3+,Cc1nnc(-c2ncc3c(F)cc(SCc4ccccc4)cn23)nc1C.[Fe+3],2.974802
TRZ03903,Cc1ccc([N+](=O)[O-])c(NC(=O)c2nnc(C)c(C)n2)c1F,Fe3+,Cc1ccc([N+](=O)[O-])c(NC(=O)c2nnc(C)c(C)n2)c1F.[Fe+3],2.972342
TRZ02392,Cc1nnc(-c2csc(-c3cccs3)n2)nc1C,Fe3+,Cc1nnc(-c2csc(-c3cccs3)n2)nc1C.[Fe+3],2.9707017
TRZ05157,Cc1nnc(-c2ccc(-c3ccc(OC(F)(F)F)cc3)o2)nc1C,Fe3+,Cc1nnc(-c2ccc(-c3ccc(OC(F)(F)F)cc3)o2)nc1C.[Fe+3],2.9690843
TRZ02636,Cc1nnc(CSCc2ccccc2)nc1C,Fe3+,Cc1nnc(CSCc2ccccc2)nc1C.[Fe+3],2.968668
TRZ02914,Cc1nnc(-c2cc(C(F)(F)F)nn2C)nc1C,Fe3+,Cc1nnc(-c2cc(C(F)(F)F)nn2C)nc1C.[Fe+3],2.968482
TRZ02898,Cc1nnc(-c2csc(-c3ccc(F)cc3F)n2)nc1C,Fe3+,Cc1nnc(-c2csc(-c3ccc(F)cc3F)n2)nc1C.[Fe+3],2.9655952
TRZ00215,Cc1ccccc1OCc1nnc(C)c(C)n1,Fe3+,Cc1ccccc1OCc1nnc(C)c(C)n1.[Fe+3],2.9653025
TRZ01944,Cc1nnc(-c2sccc2N)nc1C,Fe3+,Cc1nnc(-c2sccc2N)nc1C.[Fe+3],2.962551
TRZ04609,Cc1nnc(CCn2c(=O)oc3ccc(-c4ccc(OC(F)(F)F)cc4)nc32)nc1C,Fe3+,Cc1nnc(CCn2c(=O)oc3ccc(-c4ccc(OC(F)(F)F)cc4)nc32)nc1C.[Fe+3],2.9625254
TRZ03098,Cc1nnc(C(=O)Nc2ccc(Br)cc2C(F)(F)F)nc1C,Fe3+,Cc1nnc(C(=O)Nc2ccc(Br)cc2C(F)(F)F)nc1C.[Fe+3],2.958436
TRZ00825,CCN(CC)Cc1ccc(-c2nnc(C)c(C)n2)o1,Fe3+,CCN(CC)Cc1ccc(-c2nnc(C)c(C)n2)o1.[Fe+3],2.9580154
TRZ00330,Cc1nnc(-c2cc3c(ccc4ccccc43)o2)nc1C,Fe3+,Cc1nnc(-c2cc3c(ccc4ccccc43)o2)nc1C.[Fe+3],2.9571633
TRZ00814,Cc1nnc(-c2cc(Br)c(Br)s2)nc1C,Fe3+,Cc1nnc(-c2cc(Br)c(Br)s2)nc1C.[Fe+3],2.952467
TRZ03192,Cc1nnc(C(C)(C)Oc2ccc(F)cc2F)nc1C,Fe3+,Cc1nnc(C(C)(C)Oc2ccc(F)cc2F)nc1C.[Fe+3],2.9504442
TRZ01471,Cc1ccoc1-c1nnc(C)c(C)n1,Fe3+,Cc1ccoc1-c1nnc(C)c(C)n1.[Fe+3],2.9504347
TRZ01437,Cc1ccc(C)c(OCc2nnc(C)c(C)n2)c1,Fe3+,Cc1ccc(C)c(OCc2nnc(C)c(C)n2)c1.[Fe+3],2.9504256
TRZ00298,Cc1nnc(C2COc3cc4ccccc4cc3O2)nc1C,Fe3+,Cc1nnc(C2COc3cc4ccccc4cc3O2)nc1C.[Fe+3],2.9475446
TRZ04045,C=C[C@H](c1nnc(C)c(C)n1)C(O)c1cc(C(F)(F)F)cc(C(F)(F)F)c1,Fe3+,C=C[C@H](c1nnc(C)c(C)n1)C(O)c1cc(C(F)(F)F)cc(C(F)(F)F)c1.[Fe+3],2.941246
TRZ01789,Cc1nnc(-c2nc(-c3ccccc3)cc(N3Cc4ccccc4[C@@H]3C)n2)nc1C,Fe3+,Cc1nnc(-c2nc(-c3ccccc3)cc(N3Cc4ccccc4[C@@H]3C)n2)nc1C.[Fe+3],2.9412222
TRZ02103,Cc1nnc(C(=O)NCc2cc(F)cc(F)c2)nc1C,Fe3+,Cc1nnc(C(=O)NCc2cc(F)cc(F)c2)nc1C.[Fe+3],2.9407887
TRZ01380,CCCN/C(=C\c1c(C)c(C)cc(C)c1C)c1nnc(C)c(C)n1,Fe3+,CCCN/C(=C\c1c(C)c(C)cc(C)c1C)c1nnc(C)c(C)n1.[Fe+3],2.9374628
TRZ03862,Cc1nnc(C=Cn2cnc(-c3cc(OC(C)C)cc(C(F)(F)F)c3)n2)nc1C,Fe3+,Cc1nnc(C=Cn2cnc(-c3cc(OC(C)C)cc(C(F)(F)F)c3)n2)nc1C.[Fe+3],2.9360228
TRZ01485,Cc1nnc(-c2nc(Cl)cnc2N)nc1C,Fe3+,Cc1nnc(-c2nc(Cl)cnc2N)nc1C.[Fe+3],2.933751
TRZ00287,Cc1nnc(-c2scc(S(=O)(=O)C(C)C)c2Cl)nc1C,Fe3+,Cc1nnc(-c2scc(S(=O)(=O)C(C)C)c2Cl)nc1C.[Fe+3],2.9309392
TRZ02433,COc1ccc(OC)c(CN2CCCC(c3nnc(C)c(C)n3)C2)c1,Fe3+,COc1ccc(OC)c(CN2CCCC(c3nnc(C)c(C)n3)C2)c1.[Fe+3],2.9263391
TRZ00214,Cc1ccc(OCc2nnc(C)c(C)n2)cc1,Fe3+,Cc1ccc(OCc2nnc(C)c(C)n2)cc1.[Fe+3],2.9248466
TRZ00147,Cc1nnc(-c2sc(-c3ccc(Cl)cc3)nc2C)nc1C,Fe3+,Cc1nnc(-c2sc(-c3ccc(Cl)cc3)nc2C)nc1C.[Fe+3],2.9246435
TRZ02036,Cc1nnc(-c2sc3ccccc3c2N)nc1C,Fe3+,Cc1nnc(-c2sc3ccccc3c2N)nc1C.[Fe+3],2.9222355
TRZ00609,Cc1nnc(-c2cc3cc4ccccc4nc3s2)nc1C,Fe3+,Cc1nnc(-c2cc3cc4ccccc4nc3s2)nc1C.[Fe+3],2.9220567
TRZ00072,Cc1nnc(-c2nc3ccccc3s2)nc1C,Fe3+,Cc1nnc(-c2nc3ccccc3s2)nc1C.[Fe+3],2.9197235
TRZ02520,Cc1cccc(CSc2ccnc(-c3nnc(C)c(C)n3)c2)c1,Fe3+,Cc1cccc(CSc2ccnc(-c3nnc(C)c(C)n3)c2)c1.[Fe+3],2.9171586
TRZ05369,Cc1nnc(-c2cc(C(F)(F)F)ccc2OC2CC2)nc1C,Fe3+,Cc1nnc(-c2cc(C(F)(F)F)ccc2OC2CC2)nc1C.[Fe+3],2.9164486
TRZ00739,Cc1nnc(-c2cncs2)nc1C,Fe3+,Cc1nnc(-c2cncs2)nc1C.[Fe+3],2.9127994
TRZ03542,Cc1nnc(-c2csc(N3CCC(F)(F)CC3)n2)nc1C,Fe3+,Cc1nnc(-c2csc(N3CCC(F)(F)CC3)n2)nc1C.[Fe+3],2.9113321
TRZ02418,Cc1nnc(-c2c(-c3ccccc3)c(-c3ccccc3)nn3nnnc23)nc1C,Fe3+,Cc1nnc(-c2c(-c3ccccc3)c(-c3ccccc3)nn3nnnc23)nc1C.[Fe+3],2.9105287
TRZ04618,Cc1nnc(CCn2nnc3ccc(-c4ccc(OC(F)(F)F)cc4)cc32)nc1C,Fe3+,Cc1nnc(CCn2nnc3ccc(-c4ccc(OC(F)(F)F)cc4)cc32)nc1C.[Fe+3],2.9069414
TRZ02742,Cc1nnc(CCN(CCc2nnc(C)c(C)n2)c2ccc(Cl)cc2)nc1C,Fe3+,Cc1nnc(CCN(CCc2nnc(C)c(C)n2)c2ccc(Cl)cc2)nc1C.[Fe+3],2.9058208
TRZ02948,Cc1nnc(-c2c(C(F)(F)F)cc(C(F)(F)F)nc2N)nc1C,Fe3+,Cc1nnc(-c2c(C(F)(F)F)cc(C(F)(F)F)nc2N)nc1C.[Fe+3],2.9006124
TRZ04189,Cc1nnc(C(=O)NCc2cc(CF)cc(C(F)(F)F)c2)nc1C,Fe3+,Cc1nnc(C(=O)NCc2cc(CF)cc(C(F)(F)F)c2)nc1C.[Fe+3],2.8997555
TRZ00438,Cc1csc(-c2nnc(C)c(C)n2)c1,Fe3+,Cc1csc(-c2nnc(C)c(C)n2)c1.[Fe+3],2.8945136
TRZ05481,Cc1nnc(-c2ccc(OC(F)(F)F)cc2NC(N)=O)nc1C,Fe3+,Cc1nnc(-c2ccc(OC(F)(F)F)cc2NC(N)=O)nc1C.[Fe+3],2.8923922
TRZ00047,Cc1nnc(-c2ccccc2OCc2ccccc2)nc1C,Fe3+,Cc1nnc(-c2ccccc2OCc2ccccc2)nc1C.[Fe+3],2.891873
TRZ00120,Cc1cc(C)n(Cc2ccc(-c3nnc(C)c(C)n3)o2)n1,Fe3+,Cc1cc(C)n(Cc2ccc(-c3nnc(C)c(C)n3)o2)n1.[Fe+3],2.8908072
TRZ05332,Cc1nnc(-c2ccc(F)cc2NC(=O)Nc2cc(F)cc(F)c2)nc1C,Fe3+,Cc1nnc(-c2ccc(F)cc2NC(=O)Nc2cc(F)cc(F)c2)nc1C.[Fe+3],2.8897986
TRZ01188,Cc1nnc(CCOc2ccc(-c3nnc(C)c(C)n3)cc2)nc1C,Fe3+,Cc1nnc(CCOc2ccc(-c3nnc(C)c(C)n3)cc2)nc1C.[Fe+3],2.8860326
TRZ01125,Cc1cc(C)nc(-c2nnc(C)c(C)n2)n1,Fe3+,Cc1cc(C)nc(-c2nnc(C)c(C)n2)n1.[Fe+3],2.8819065
TRZ05893,Cc1nnc(-c2c(C(F)(F)F)nn(-c3ccccc3)c2Cl)nc1C,Fe3+,Cc1nnc(-c2c(C(F)(F)F)nn(-c3ccccc3)c2Cl)nc1C.[Fe+3],2.8805928
TRZ02959,CO[C@](c1ccccc1)(c1nnc(C)c(C)n1)C(F)(F)F,Fe3+,CO[C@](c1ccccc1)(c1nnc(C)c(C)n1)C(F)(F)F.[Fe+3],2.8768911
TRZ03204,Cc1nnc(C(C)(C)Oc2ccc(Cl)cc2F)nc1C,Fe3+,Cc1nnc(C(C)(C)Oc2ccc(Cl)cc2F)nc1C.[Fe+3],2.8756566
TRZ02368,Cc1nnc(Cn2cc(Cl)c(=O)c(Cl)c2)nc1C,Fe3+,Cc1nnc(Cn2cc(Cl)c(=O)c(Cl)c2)nc1C.[Fe+3],2.875399
TRZ02521,Cc1ccc(CSc2ccnc(-c3nnc(C)c(C)n3)c2)cc1,Fe3+,Cc1ccc(CSc2ccnc(-c3nnc(C)c(C)n3)c2)cc1.[Fe+3],2.8747768
TRZ02122,COc1cc2ccccc2cc1-c1nnc(C)c(C)n1,Fe3+,COc1cc2ccccc2cc1-c1nnc(C)c(C)n1.[Fe+3],2.8733706
TRZ01306,Cc1nnc(Cc2scnc2C)nc1C,Fe3+,Cc1nnc(Cc2scnc2C)nc1C.[Fe+3],2.8685727
TRZ05586,Cc1cc(-c2nnc(C)c(C)n2)nc(N2CCCC(C(F)(F)F)C2)n1,Fe3+,Cc1cc(-c2nnc(C)c(C)n2)nc(N2CCCC(C(F)(F)F)C2)n1.[Fe+3],2.8683443
TRZ01251,Cc1nnc(-c2ccc(COc3ccc(F)cc3)o2)nc1C,Fe3+,Cc1nnc(-c2ccc(COc3ccc(F)cc3)o2)nc1C.[Fe+3],2.8647218
TRZ00468,Cc1nnc(CSc2ccccc2F)nc1C,Fe3+,Cc1nnc(CSc2ccccc2F)nc1C.[Fe+3],2.864328
TRZ00458,Cc1cc(Cl)ccc1OCc1nnc(C)c(C)n1,Fe3+,Cc1cc(Cl)ccc1OCc1nnc(C)c(C)n1.[Fe+3],2.8575382
TRZ05794,C=CC[C@@H](C)Oc1nc(-c2nnc(C)c(C)n2)c([N+](=O)[O-])cc1C(F)(F)F,Fe3+,C=CC[C@@H](C)Oc1nc(-c2nnc(C)c(C)n2)c([N+](=O)[O-])cc1C(F)(F)F.[Fe+3],2.8562665
TRZ02074,Cc1nnc(C(C)Oc2ccc(F)cc2Cl)nc1C,Fe3+,Cc1nnc(C(C)Oc2ccc(F)cc2Cl)nc1C.[Fe+3],2.8536878
TRZ02867,Cc1nnc(-c2c(F)ncn2C)nc1C,Fe3+,Cc1nnc(-c2c(F)ncn2C)nc1C.[Fe+3],2.8531394
TRZ02280,Cc1nnc(COc2ccc(Br)cc2Br)nc1C,Fe3+,Cc1nnc(COc2ccc(Br)cc2Br)nc1C.[Fe+3],2.8528776
TRZ00264,Cc1cc(C(F)(F)F)n(-c2nc(-c3nnc(C)c(C)n3)cs2)n1,Fe3+,Cc1cc(C(F)(F)F)n(-c2nc(-c3nnc(C)c(C)n3)cs2)n1.[Fe+3],2.8505177
TRZ05508,CCOc1ccc(-c2cc(C(F)(F)F)cc(-c3nnc(C)c(C)n3)n2)cc1,Fe3+,CCOc1ccc(-c2cc(C(F)(F)F)cc(-c3nnc(C)c(C)n3)n2)cc1.[Fe+3],2.8462687
TRZ02372,Cc1cc(SCc2nnc(C)c(C)n2)c(C)cc1Cl,Fe3+,Cc1cc(SCc2nnc(C)c(C)n2)c(C)cc1Cl.[Fe+3],2.8453388
TRZ02667,CCc1nn(C)c(-c2nnc(C)c(C)n2)c1Cl,Fe3+,CCc1nn(C)c(-c2nnc(C)c(C)n2)c1Cl.[Fe+3],2.8448687
TRZ01829,Cc1nnc(-c2cccnc2-c2nnc(C)c(C)n2)nc1C,Fe3+,Cc1nnc(-c2cccnc2-c2nnc(C)c(C)n2)nc1C.[Fe+3],2.8424368
TRZ01404,Cc1nnc(COc2ccc(OCc3ccccc3)cc2)nc1C,Fe3+,Cc1nnc(COc2ccc(OCc3ccccc3)cc2)nc1C.[Fe+3],2.840836
TRZ02243,Cc1nnc(C(Cc2c[nH]c3ccccc23)NC(=O)Cn2c(C(F)(F)F)nc3ccccc32)nc1C,Fe3+,Cc1nnc(C(Cc2c[nH]c3ccccc23)NC(=O)Cn2c(C(F)(F)F)nc3ccccc32)nc1C.[Fe+3],2.8395033
TRZ03163,Cc1nnc(-c2cc(-c3cccc(F)c3)no2)nc1C,Fe3+,Cc1nnc(-c2cc(-c3cccc(F)c3)no2)nc1C.[Fe+3],2.837472
TRZ03048,Cc1nnc(CCOc2ccccc2F)nc1C,Fe3+,Cc1nnc(CCOc2ccccc2F)nc1C.[Fe+3],2.8287764
TRZ00121,Cc1nnc(-c2ccc(Cn3nc(C)c(Cl)c3C)o2)nc1C,Fe3+,Cc1nnc(-c2ccc(Cn3nc(C)c(Cl)c3C)o2)nc1C.[Fe+3],2.827681
TRZ01047,COc1c(F)cc(Nc2cc3c(cc2-c2nnc(C)c(C)n2)OCO3)cc1F,Fe3+,COc1c(F)cc(Nc2cc3c(cc2-c2nnc(C)c(C)n2)OCO3)cc1F.[Fe+3],2.8267708
TRZ03153,Cc1nnc(-c2cnc(N3CC(Oc4ccccc4C(F)(F)F)C3)s2)nc1C,Fe3+,Cc1nnc(-c2cnc(N3CC(Oc4ccccc4C(F)(F)F)C3)s2)nc1C.[Fe+3],2.8253975
TRZ04103,Cc1nnc(C2(C)C=C(c3ccc(OC(F)F)c(OCc4ccccc4)c3)NO2)nc1C,Fe3+,Cc1nnc(C2(C)C=C(c3ccc(OC(F)F)c(OCc4ccccc4)c3)NO2)nc1C.[Fe+3],2.8226104
TRZ00975,Cc1nnc(-c2sc(NC(=O)NC3CCCCC3)nc2C)nc1C,Fe3+,Cc1nnc(-c2sc(NC(=O)NC3CCCCC3)nc2C)nc1C.[Fe+3],2.821743
TRZ02075,Cc1nnc(C(C)Oc2ccc(F)cc2F)nc1C,Fe3+,Cc1nnc(C(C)Oc2ccc(F)cc2F)nc1C.[Fe+3],2.8176556
TRZ04670,Cc1nnc(-c2ncc(C(F)(F)F)cc2C2CC2)nc1C,Fe3+,Cc1nnc(-c2ncc(C(F)(F)F)cc2C2CC2)nc1C.[Fe+3],2.8142018
TRZ05349,Cc1nnc(-c2csc(Oc3ccc(N)c(F)c3)n2)nc1C,Fe3+,Cc1nnc(-c2csc(Oc3ccc(N)c(F)c3)n2)nc1C.[Fe+3],2.81041
TRZ00732,Cc1nnc(C(C)Oc2ccccc2)nc1C,Fe3+,Cc1nnc(C(C)Oc2ccccc2)nc1C.[Fe+3],2.8060207
TRZ05562,Cc1nnc(-c2cc3c(F)cncc3s2)nc1C,Fe3+,Cc1nnc(-c2cc3c(F)cncc3s2)nc1C.[Fe+3],2.7965803
TRZ01620,Cc1nnc(-c2sc(NC(=O)Nc3ccccc3)nc2C)nc1C,Fe3+,Cc1nnc(-c2sc(NC(=O)Nc3ccccc3)nc2C)nc1C.[Fe+3],2.7956033
TRZ00773,Cc1nnc(-c2cc3cc([N+](=O)[O-])ccc3s2)nc1C,Fe3+,Cc1nnc(-c2cc3cc([N+](=O)[O-])ccc3s2)nc1C.[Fe+3],2.795281
TRZ01279,COc1ccc(-c2nnc(C)c(C)n2)c(OC)c1,Fe3+,COc1ccc(-c2nnc(C)c(C)n2)c(OC)c1.[Fe+3],2.7930045
TRZ01996,Cc1nnc(CCn2nnc(-c3cccc(Cl)c3Cl)n2)nc1C,Fe3+,Cc1nnc(CCn2nnc(-c3cccc(Cl)c3Cl)n2)nc1C.[Fe+3],2.7888508
TRZ03201,Cc1nnc(C(C)(C)Oc2c(F)cccc2F)nc1C,Fe3+,Cc1nnc(C(C)(C)Oc2c(F)cccc2F)nc1C.[Fe+3],2.7878985
TRZ04242,CCC(c1nnc(C)c(C)n1)C(O)c1cc(C(F)(F)F)cc(C(F)(F)F)c1,Fe3+,CCC(c1nnc(C)c(C)n1)C(O)c1cc(C(F)(F)F)cc(C(F)(F)F)c1.[Fe+3],2.787889
TRZ01097,Cc1nnc(C(C)Oc2ccc(C(C)(C)C)cc2)nc1C,Fe3+,Cc1nnc(C(C)Oc2ccc(C(C)(C)C)cc2)nc1C.[Fe+3],2.7873654
TRZ01551,Cc1nnc(-c2cc3ccc4ccccc4c3s2)nc1C,Fe3+,Cc1nnc(-c2cc3ccc4ccccc4c3s2)nc1C.[Fe+3],2.7821946
TRZ00849,Cc1nnc(-c2cc(-c3ccccc3)on2)nc1C,Fe3+,Cc1nnc(-c2cc(-c3ccccc3)on2)nc1C.[Fe+3],2.7820663
TRZ00500,COc1ccc(CCN2C(=O)C3C4CC(C5C(c6nnc(C)c(C)n6)=NOC45)C3C2=O)cc1OC,Fe3+,COc1ccc(CCN2C(=O)C3C4CC(C5C(c6nnc(C)c(C)n6)=NOC45)C3C2=O)cc1OC.[Fe+3],2.7807822
TRZ05313,Cc1nnc(-c2nc(Br)cnc2F)nc1C,Fe3+,Cc1nnc(-c2nc(Br)cnc2F)nc1C.[Fe+3],2.778296
TRZ03377,CCn1nc(C(F)(F)F)cc1C(=O)Nc1c(C)cc(Cl)cc1-c1nnc(C)c(C)n1,Fe3+,CCn1nc(C(F)(F)F)cc1C(=O)Nc1c(C)cc(Cl)cc1-c1nnc(C)c(C)n1.[Fe+3],2.7752314
TRZ02515,Cc1nnc(-c2cc(SCc3ccccc3)ccn2)nc1C,Fe3+,Cc1nnc(-c2cc(SCc3ccccc3)ccn2)nc1C.[Fe+3],2.774035
TRZ03135,COc1cc(NC(=O)c2ccccc2F)ccc1-c1nnc(C)c(C)n1,Fe3+,COc1cc(NC(=O)c2ccccc2F)ccc1-c1nnc(C)c(C)n1.[Fe+3],2.7740097
TRZ02398,Cc1nnc(-c2cc(C(C)(C)C)on2)nc1C,Fe3+,Cc1nnc(-c2cc(C(C)(C)C)on2)nc1C.[Fe+3],2.7737312
TRZ02911,Cc1nnc(COc2ccc(F)cc2Cl)nc1C,Fe3+,Cc1nnc(COc2ccc(F)cc2Cl)nc1C.[Fe+3],2.7728944
TRZ03699,Cc1nnc(CCN(CCc2nnc(C)c(C)n2)c2ccc(F)cc2)nc1C,Fe3+,Cc1nnc(CCN(CCc2nnc(C)c(C)n2)c2ccc(F)cc2)nc1C.[Fe+3],2.772131
TRZ03118,Cc1nnc(-c2ccc(F)cc2OC(F)(F)F)nc1C,Fe3+,Cc1nnc(-c2ccc(F)cc2OC(F)(F)F)nc1C.[Fe+3],2.771986
TRZ02241,Cc1nnc(C(CC(C)C)NC(=O)Cn2c(C(F)(F)F)nc3ccccc32)nc1C,Fe3+,Cc1nnc(C(CC(C)C)NC(=O)Cn2c(C(F)(F)F)nc3ccccc32)nc1C.[Fe+3],2.7699108
TRZ02000,Cc1nnc(-c2csc(COc3ccccc3Cl)n2)nc1C,Fe3+,Cc1nnc(-c2csc(COc3ccccc3Cl)n2)nc1C.[Fe+3],2.7696495
TRZ01615,Cc1nnc(-c2sc(Br)c(Br)c2OCC(=O)O)nc1C,Fe3+,Cc1nnc(-c2sc(Br)c(Br)c2OCC(=O)O)nc1C.[Fe+3],2.765493
TRZ05699,Cc1nnc(-c2cc(Cl)cc(Br)c2OC(F)F)nc1C,Fe3+,Cc1nnc(-c2cc(Cl)cc(Br)c2OC(F)F)nc1C.[Fe+3],2.7654767
TRZ04291,CCCCc1cc(C(F)(F)F)cnc1-c1nnc(C)c(C)n1,Fe3+,CCCCc1cc(C(F)(F)F)cnc1-c1nnc(C)c(C)n1.[Fe+3],2.7640476
TRZ02240,Cc1nnc(C(NC(=O)Cn2c(C(F)(F)F)nc3ccccc32)C(C)C)nc1C,Fe3+,Cc1nnc(C(NC(=O)Cn2c(C(F)(F)F)nc3ccccc32)C(C)C)nc1C.[Fe+3],2.7586613
TRZ05395,C=CC[C@@](OCc1ccccc1)(c1nnc(C)c(C)n1)C(F)(F)F,Fe3+,C=CC[C@@](OCc1ccccc1)(c1nnc(C)c(C)n1)C(F)(F)F.[Fe+3],2.7575316
TRZ02005,Cc1nnc(C(=O)Nc2ccc(Cl)cc2Cl)nc1C,Fe3+,Cc1nnc(C(=O)Nc2ccc(Cl)cc2Cl)nc1C.[Fe+3],2.7564507
TRZ05278,Cc1nnc(-c2cc(F)ccc2OC(F)(F)F)nc1C,Fe3+,Cc1nnc(-c2cc(F)ccc2OC(F)(F)F)nc1C.[Fe+3],2.7552032
TRZ00851,Cc1nnc(-c2ccc(-c3ccccc3)s2)nc1C,Fe3+,Cc1nnc(-c2ccc(-c3ccccc3)s2)nc1C.[Fe+3],2.7542934
TRZ05851,Cc1nnc(C(=O)Nc2ccc(OCc3cccc(F)c3)cc2)nc1C,Fe3+,Cc1nnc(C(=O)Nc2ccc(OCc3cccc(F)c3)cc2)nc1C.[Fe+3],2.751976
TRZ04029,[C-]#[N+]c1cc(-c2ncn(/C=C\c3nnc(C)c(C)n3)n2)cc(C(F)(F)F)c1,Fe3+,[C-]#[N+]c1cc(-c2ncn(/C=C\c3nnc(C)c(C)n3)n2)cc(C(F)(F)F)c1.[Fe+3],2.7479916
TRZ05491,Cc1nnc(-c2nc(N3CCN(C(=O)OC(C)(C)C)CC3)ncc2F)nc1C,Fe3+,Cc1nnc(-c2nc(N3CCN(C(=O)OC(C)(C)C)CC3)ncc2F)nc1C.[Fe+3],2.747138
TRZ02207,Cc1nnc(-c2nnn(-c3cc(C(F)(F)F)nc4c(C(F)(F)F)cccc34)c2C)nc1C,Fe3+,Cc1nnc(-c2nnn(-c3cc(C(F)(F)F)nc4c(C(F)(F)F)cccc34)c2C)nc1C.[Fe+3],2.745213
TRZ05596,Cc1cc(-c2nnc(C)c(C)n2)nc(N2CCC(F)(F)CC2)n1,Fe3+,Cc1cc(-c2nnc(C)c(C)n2)nc(N2CCC(F)(F)CC2)n1.[Fe+3],2.7437568
TRZ02652,COc1ccc2nc(-c3nnc(C)c(C)n3)sc2c1,Fe3+,COc1ccc2nc(-c3nnc(C)c(C)n3)sc2c1.[Fe+3],2.7418704
TRZ03545,Cc1nnc(-c2csc(-c3cccc(F)c3)n2)nc1C,Fe3+,Cc1nnc(-c2csc(-c3cccc(F)c3)n2)nc1C.[Fe+3],2.7384305
TRZ05573,Cc1nnc(C2(n3cc(N=O)c(F)n3)CC2)nc1C,Fe3+,Cc1nnc(C2(n3cc(N=O)c(F)n3)CC2)nc1C.[Fe+3],2.7367406
TRZ00856,COc1ccccc1SCc1nnc(C)c(C)n1,Fe3+,COc1ccccc1SCc1nnc(C)c(C)n1.[Fe+3],2.734272
TRZ04218,Cc1ccc(/C=C/[C@@H]2[C@@H]3[C@@H](C)OC(=O)[C@]3(c3nnc(C)c(C)n3)CC(F)(F)[C@H]2C)nc1,Fe3+,Cc1ccc(/C=C/[C@@H]2[C@@H]3[C@@H](C)OC(=O)[C@]3(c3nnc(C)c(C)n3)CC(F)(F)[C@H]2C)nc1.[Fe+3],2.7330246
TRZ01651,Cc1nnc(CSc2nnc3sc4ccccc4n23)nc1C,Fe3+,Cc1nnc(CSc2nnc3sc4ccccc4n23)nc1C.[Fe+3],2.7328467
TRZ04205,Cc1nnc(-c2nc(C(=O)N3CCC(F)(F)CC3)cs2)nc1C,Fe3+,Cc1nnc(-c2nc(C(=O)N3CCC(F)(F)CC3)cs2)nc1C.[Fe+3],2.730877
TRZ03026,C=Nc1ccc(F)cc1-c1nnc(C)c(C)n1,Fe3+,C=Nc1ccc(F)cc1-c1nnc(C)c(C)n1.[Fe+3],2.7305613
TRZ02895,Cc1nnc(C(=O)N[C@@H](C)c2ccccc2)nc1C,Fe3+,Cc1nnc(C(=O)N[C@@H](C)c2ccccc2)nc1C.[Fe+3],2.7209764
TRZ05760,CCOC(=O)c1cc(CC(F)(F)F)c2n1CCc1cc(OC)c(-c3nnc(C)c(C)n3)cc1-2,Fe3+,CCOC(=O)c1cc(CC(F)(F)F)c2n1CCc1cc(OC)c(-c3nnc(C)c(C)n3)cc1-2.[Fe+3],2.7188058
TRZ01095,Cc1nnc(-c2sccc2-n2c(C)ccc2C)nc1C,Fe3+,Cc1nnc(-c2sccc2-n2c(C)ccc2C)nc1C.[Fe+3],2.7144275
TRZ03870,Cc1nnc(/C=C\n2cnc(-c3cc(C#N)cc(C(F)(F)F)c3)n2)nc1C,Fe3+,Cc1nnc(/C=C\n2cnc(-c3cc(C#N)cc(C(F)(F)F)c3)n2)nc1C.[Fe+3],2.7082705
TRZ00262,Cc1nnc(-c2csc(-c3cccc(C(F)(F)F)c3)n2)nc1C,Fe3+,Cc1nnc(-c2csc(-c3cccc(C(F)(F)F)c3)n2)nc1C.[Fe+3],2.7035427
TRZ05213,Cc1cccc(-c2nnc(C)c(C)n2)c1-n1nc(C(F)(F)F)cc1C(N)=O,Fe3+,Cc1cccc(-c2nnc(C)c(C)n2)c1-n1nc(C(F)(F)F)cc1C(N)=O.[Fe+3],2.7034268
TRZ00079,Cc1nnc(-c2cc(Br)cs2)nc1C,Fe3+,Cc1nnc(-c2cc(Br)cs2)nc1C.[Fe+3],2.701641
TRZ03973,Cc1nnc(-c2cc(-c3ccc(OC(F)(F)F)cc3)on2)nc1C,Fe3+,Cc1nnc(-c2cc(-c3ccc(OC(F)(F)F)cc3)on2)nc1C.[Fe+3],2.7000923
TRZ00175,Cc1ccsc1-c1nnc(C)c(C)n1,Fe3+,Cc1ccsc1-c1nnc(C)c(C)n1.[Fe+3],2.696539
TRZ02034,Cc1nnc(CSc2ccccc2)nc1C,Fe3+,Cc1nnc(CSc2ccccc2)nc1C.[Fe+3],2.6961083
TRZ00590,Cc1nnc(-c2c(C)nc3sccn23)nc1C,Fe3+,Cc1nnc(-c2c(C)nc3sccn23)nc1C.[Fe+3],2.685193
TRZ03361,Cc1nnc(C(=O)Nc2cccc(C(F)(F)F)c2Cl)nc1C,Fe3+,Cc1nnc(C(=O)Nc2cccc(C(F)(F)F)c2Cl)nc1C.[Fe+3],2.681983
TRZ05488,Cc1nnc(-c2nc(C(F)(F)F)sc2N(C)CCOCC=O)nc1C,Fe3+,Cc1nnc(-c2nc(C(F)(F)F)sc2N(C)CCOCC=O)nc1C.[Fe+3],2.680328
TRZ02958,COC(c1ccccc1)(c1nnc(C)c(C)n1)C(F)(F)F,Fe3+,COC(c1ccccc1)(c1nnc(C)c(C)n1)C(F)(F)F.[Fe+3],2.6798978
TRZ04100,Cc1nnc(-c2cccc(C(F)(F)F)c2OCc2ccccc2)nc1C,Fe3+,Cc1nnc(-c2cccc(C(F)(F)F)c2OCc2ccccc2)nc1C.[Fe+3],2.6787038
TRZ03792,Cc1nnc(-c2cn(Cc3cccc(C#N)c3)c3ccc(F)cc23)nc1C,Fe3+,Cc1nnc(-c2cn(Cc3cccc(C#N)c3)c3ccc(F)cc23)nc1C.[Fe+3],2.6772623
TRZ00398,Cc1nnc(-c2sc(-c3ccccc3)cc2N)nc1C,Fe3+,Cc1nnc(-c2sc(-c3ccccc3)cc2N)nc1C.[Fe+3],2.6717424
TRZ02313,Cc1nnc(-c2c(-c3ccccc3)nc3n(C)c4ccccc4n23)nc1C,Fe3+,Cc1nnc(-c2c(-c3ccccc3)nc3n(C)c4ccccc4n23)nc1C.[Fe+3],2.6699548
TRZ01466,Cc1nnc(CCOc2ccccc2)nc1C,Fe3+,Cc1nnc(CCOc2ccccc2)nc1C.[Fe+3],2.669458
TRZ03936,Cc1nnc(COc2ccc(Cl)c(F)c2)nc1C,Fe3+,Cc1nnc(COc2ccc(Cl)c(F)c2)nc1C.[Fe+3],2.6689615
TRZ00992,Cc1nnc(-c2cc(CC3CC4CCC3C4)c3ccccc3n2)nc1C,Fe3+,Cc1nnc(-c2cc(CC3CC4CCC3C4)c3ccccc3n2)nc1C.[Fe+3],2.6625938
TRZ00240,Cc1nnc(-c2nc(-c3ccc(C(C)(C)C)cc3)no2)nc1C,Fe3+,Cc1nnc(-c2nc(-c3ccc(C(C)(C)C)cc3)no2)nc1C.[Fe+3],2.6607785
TRZ01597,Cc1nnc(-c2cc(SCc3cccc(F)c3)ccn2)nc1C,Fe3+,Cc1nnc(-c2cc(SCc3cccc(F)c3)ccn2)nc1C.[Fe+3],2.656899
TRZ00208,Cc1nnc(-c2cc3ccccc3s2)nc1C,Fe3+,Cc1nnc(-c2cc3ccccc3s2)nc1C.[Fe+3],2.654313
TRZ03599,Cc1nnc(/C=C\n2cnc(-c3cc(OC(C)C)nc(C(F)(F)F)c3)n2)nc1C,Fe3+,Cc1nnc(/C=C\n2cnc(-c3cc(OC(C)C)nc(C(F)(F)F)c3)n2)nc1C.[Fe+3],2.6537108
TRZ02718,Cc1ccc2oc(-c3nnc(C)c(C)n3)cc2c1,Fe3+,Cc1ccc2oc(-c3nnc(C)c(C)n3)cc2c1.[Fe+3],2.6463757
TRZ02523,COc1cccc(CSc2ccnc(-c3nnc(C)c(C)n3)c2)c1,Fe3+,COc1cccc(CSc2ccnc(-c3nnc(C)c(C)n3)c2)c1.[Fe+3],2.6454086
TRZ01870,Cc1nnc(CSc2nc3cccnc3s2)nc1C,Fe3+,Cc1nnc(CSc2nc3cccnc3s2)nc1C.[Fe+3],2.641265
TRZ04219,Cc1nnc([C@@]23CC(F)(F)[C@@H](C)[C@H](/C=C/c4ccc(N)cn4)[C@@H]2[C@@H](C)OC3=O)nc1C,Fe3+,Cc1nnc([C@@]23CC(F)(F)[C@@H](C)[C@H](/C=C/c4ccc(N)cn4)[C@@H]2[C@@H](C)OC3=O)nc1C.[Fe+3],2.6403027
TRZ02177,Cc1nnc(-c2ccc(CO)o2)nc1C,Fe3+,Cc1nnc(-c2ccc(CO)o2)nc1C.[Fe+3],2.6370325
TRZ02887,Cc1nnc(CC(O)c2ccc(F)cc2)nc1C,Fe3+,Cc1nnc(CC(O)c2ccc(F)cc2)nc1C.[Fe+3],2.632638
TRZ01761,COc1ccccc1-c1cc(-c2ccccc2OC)nc(-c2nnc(C)c(C)n2)n1,Fe3+,COc1ccccc1-c1cc(-c2ccccc2OC)nc(-c2nnc(C)c(C)n2)n1.[Fe+3],2.6309133
TRZ00597,Cc1cc(C)c2c(N)c(-c3nnc(C)c(C)n3)sc2n1,Fe3+,Cc1cc(C)c2c(N)c(-c3nnc(C)c(C)n3)sc2n1.[Fe+3],2.6299953
TRZ01223,Cc1ccc(SCc2nnc(C)c(C)n2)cc1,Fe3+,Cc1ccc(SCc2nnc(C)c(C)n2)cc1.[Fe+3],2.6289978
TRZ02017,Cc1nnc(-c2cnc(-c3nnc(C)c(C)n3)cn2)nc1C,Fe3+,Cc1nnc(-c2cnc(-c3nnc(C)c(C)n3)cn2)nc1C.[Fe+3],2.6269436
TRZ01066,Cc1nnc(-c2nc(-c3ccccc3)cc(-c3ccc(C#N)nc3)n2)nc1C,Fe3+,Cc1nnc(-c2nc(-c3ccccc3)cc(-c3ccc(C#N)nc3)n2)nc1C.[Fe+3],2.6237416
TRZ00875,Cc1ccc(-c2nnc(C)c(C)n2)o1,Fe3+,Cc1ccc(-c2nnc(C)c(C)n2)o1.[Fe+3],2.6207595
TRZ01948,COC1(c2nnc(C)c(C)n2)COc2ccccc2O1,Fe3+,COC1(c2nnc(C)c(C)n2)COc2ccccc2O1.[Fe+3],2.6189132
TRZ03970,Cc1nnc(-c2nc(-c3ccc(OC(F)(F)F)cc3)cs2)nc1C,Fe3+,Cc1nnc(-c2nc(-c3ccc(OC(F)(F)F)cc3)cs2)nc1C.[Fe+3],2.6165667
TRZ05808,Cc1nnc(C2=Cc3ccc(F)cc3S2=C(CC(=O)F)C(F)F)nc1C,Fe3+,Cc1nnc(C2=Cc3ccc(F)cc3S2=C(CC(=O)F)C(F)F)nc1C.[Fe+3],2.609387
TRZ02228,Cc1nnc(-c2nc3cc(C(F)(F)F)ccc3s2)nc1C,Fe3+,Cc1nnc(-c2nc3cc(C(F)(F)F)ccc3s2)nc1C.[Fe+3],2.6076884
TRZ00882,Cc1ccc(-c2nnc(C)c(C)n2)s1,Fe3+,Cc1ccc(-c2nnc(C)c(C)n2)s1.[Fe+3],2.606728
TRZ05604,Cc1nnc(C2CCN(c3nnc(-c4cnc(NC5Cc6cc(F)c(F)cc6C5)nc4)o3)C2)nc1C,Fe3+,Cc1nnc(C2CCN(c3nnc(-c4cnc(NC5Cc6cc(F)c(F)cc6C5)nc4)o3)C2)nc1C.[Fe+3],2.6058898
TRZ00996,COC1CCC(c2cc(-c3nnc(C)c(C)n3)nc3ccccc23)CC1,Fe3+,COC1CCC(c2cc(-c3nnc(C)c(C)n3)nc3ccccc23)CC1.[Fe+3],2.6050096
TRZ04693,Cc1nnc(-c2nccnc2C(F)(F)F)nc1C,Fe3+,Cc1nnc(-c2nccnc2C(F)(F)F)nc1C.[Fe+3],2.6028795
TRZ05587,Cc1cc(-c2nnc(C)c(C)n2)nc(OCCC(F)(F)F)n1,Fe3+,Cc1cc(-c2nnc(C)c(C)n2)nc(OCCC(F)(F)F)n1.[Fe+3],2.5979042
TRZ01541,COc1cc2ncnc(SCc3nnc(C)c(C)n3)c2cc1OC,Fe3+,COc1cc2ncnc(SCc3nnc(C)c(C)n3)c2cc1OC.[Fe+3],2.5974846
TRZ03195,Cc1nnc(C(C)(C)Oc2ccc(F)c(F)c2)nc1C,Fe3+,Cc1nnc(C(C)(C)Oc2ccc(F)c(F)c2)nc1C.[Fe+3],2.593906
TRZ03777,Cc1nnc(-c2nccc(Cl)c2C(F)(F)F)nc1C,Fe3+,Cc1nnc(-c2nccc(Cl)c2C(F)(F)F)nc1C.[Fe+3],2.5934877
TRZ03143,COc1cc(NC(=O)c2ccc(F)cc2)ccc1-c1nnc(C)c(C)n1,Fe3+,COc1cc(NC(=O)c2ccc(F)cc2)ccc1-c1nnc(C)c(C)n1.[Fe+3],2.5878482
TRZ00487,Cc1nnc(-c2c(C)nn(C)c2C)nc1C,Fe3+,Cc1nnc(-c2c(C)nn(C)c2C)nc1C.[Fe+3],2.5843887
TRZ03046,Cc1nnc(C(=O)Nc2cccc(Cl)c2F)nc1C,Fe3+,Cc1nnc(C(=O)Nc2cccc(Cl)c2F)nc1C.[Fe+3],2.5837417
TRZ02298,C=CCc1ccc(OCc2nnc(C)c(C)n2)c(OC)c1,Fe3+,C=CCc1ccc(OCc2nnc(C)c(C)n2)c(OC)c1.[Fe+3],2.5828285
TRZ04846,Cc1nnc(-c2cc(C(F)(F)F)sc2N2CCOCC2=O)nc1C,Fe3+,Cc1nnc(-c2cc(C(F)(F)F)sc2N2CCOCC2=O)nc1C.[Fe+3],2.5828185
TRZ01444,Cc1nc(-c2nnc(C)c(C)n2)cs1,Fe3+,Cc1nc(-c2nnc(C)c(C)n2)cs1.[Fe+3],2.581121
TRZ01399,COc1ccc(/C(=N/N)c2nnc(C)c(C)n2)cc1OC,Fe3+,COc1ccc(/C(=N/N)c2nnc(C)c(C)n2)cc1OC.[Fe+3],2.5796833
TRZ02519,Cc1nnc(-c2cc(SCc3ccc(Br)cc3)ccn2)nc1C,Fe3+,Cc1nnc(-c2cc(SCc3ccc(Br)cc3)ccn2)nc1C.[Fe+3],2.577569
TRZ02414,Cc1nnc(-c2ccsc2-n2c(C)ccc2C)nc1C,Fe3+,Cc1nnc(-c2ccsc2-n2c(C)ccc2C)nc1C.[Fe+3],2.5772371
TRZ02143,Cc1nnc(-c2sc3cc([N+](=O)[O-])ccc3c2Cl)nc1C,Fe3+,Cc1nnc(-c2sc3cc([N+](=O)[O-])ccc3c2Cl)nc1C.[Fe+3],2.5763474
TRZ03293,CCOC(=O)C1CCC(c2ccc(NC(=O)c3nnc(C)c(C)n3)c(F)c2)CC1,Fe3+,CCOC(=O)C1CCC(c2ccc(NC(=O)c3nnc(C)c(C)n3)c(F)c2)CC1.[Fe+3],2.5761943
TRZ03101,Cc1nnc(-c2ncc(F)cc2F)nc1C,Fe3+,Cc1nnc(-c2ncc(F)cc2F)nc1C.[Fe+3],2.574757
TRZ04910,Cc1nnc(-c2nn(CC(F)(F)F)c(=O)o2)nc1C,Fe3+,Cc1nnc(-c2nn(CC(F)(F)F)c(=O)o2)nc1C.[Fe+3],2.5675263
TRZ05642,Cc1nnc(C23CN(Cc4ccccc4)CC2(C(F)(F)F)C3)nc1C,Fe3+,Cc1nnc(C23CN(Cc4ccccc4)CC2(C(F)(F)F)C3)nc1C.[Fe+3],2.5666056
TRZ02743,Cc1nnc(-c2cc3cccnc3s2)nc1C,Fe3+,Cc1nnc(-c2cc3cccnc3s2)nc1C.[Fe+3],2.5625796
TRZ00817,Cc1ccc(C(C)C)c(OCc2nnc(C)c(C)n2)c1,Fe3+,Cc1ccc(C(C)C)c(OCc2nnc(C)c(C)n2)c1.[Fe+3],2.560254
TRZ05286,Cc1nnc(-c2nc(F)ccc2F)nc1C,Fe3+,Cc1nnc(-c2nc(F)ccc2F)nc1C.[Fe+3],2.5584455
TRZ01461,COc1ccc(-c2cc(-c3nnc(C)c(C)n3)no2)cc1,Fe3+,COc1ccc(-c2cc(-c3nnc(C)c(C)n3)no2)cc1.[Fe+3],2.5583534
TRZ05878,CCCOc1nccc(C(=O)c2c(F)cccc2F)c1-c1nnc(C)c(C)n1,Fe3+,CCCOc1nccc(C(=O)c2c(F)cccc2F)c1-c1nnc(C)c(C)n1.[Fe+3],2.557983
TRZ01827,Cc1nnc(-c2cnns2)nc1C,Fe3+,Cc1nnc(-c2cnns2)nc1C.[Fe+3],2.556984
TRZ02378,Cc1nnc(-c2ccc(C(C)(C)C)s2)nc1C,Fe3+,Cc1nnc(-c2ccc(C(C)(C)C)s2)nc1C.[Fe+3],2.5515056
TRZ02749,Cc1nnc(-c2nc(-c3ccccc3)cs2)nc1C,Fe3+,Cc1nnc(-c2nc(-c3ccccc3)cs2)nc1C.[Fe+3],2.5507998
TRZ05394,C=CCC[C@@H](C)Oc1nc(-c2nnc(C)c(C)n2)c([N+](=O)[O-])cc1C(F)(F)F,Fe3+,C=CCC[C@@H](C)Oc1nc(-c2nnc(C)c(C)n2)c([N+](=O)[O-])cc1C(F)(F)F.[Fe+3],2.5498195
TRZ01619,COc1c2occc2c(OC)c2c(C)c(-c3nnc(C)c(C)n3)c(=O)oc12,Fe3+,COc1c2occc2c(OC)c2c(C)c(-c3nnc(C)c(C)n3)c(=O)oc12.[Fe+3],2.5497947
TRZ01016,CCOc1ccc(-c2cc(-c3ccccc3)nc(-c3nnc(C)c(C)n3)n2)cc1,Fe3+,CCOc1ccc(-c2cc(-c3ccccc3)nc(-c3nnc(C)c(C)n3)n2)cc1.[Fe+3],2.5419087
TRZ00611,Cc1nnc([C@H](Cc2ccccc2)NC(=O)Nc2ccc3c(c2)OCCO3)nc1C,Fe3+,Cc1nnc([C@H](Cc2ccccc2)NC(=O)Nc2ccc3c(c2)OCCO3)nc1C.[Fe+3],2.5402107
TRZ04290,CC/C=C/c1cc(C(F)(F)F)cnc1-c1nnc(C)c(C)n1,Fe3+,CC/C=C/c1cc(C(F)(F)F)cnc1-c1nnc(C)c(C)n1.[Fe+3],2.5342908
TRZ02876,Cc1nnc(COc2ccc(F)cc2F)nc1C,Fe3+,Cc1nnc(COc2ccc(F)cc2F)nc1C.[Fe+3],2.5335245
TRZ05777,Cc1nnc(-c2cc(C(F)F)on2)nc1C,Fe3+,Cc1nnc(-c2cc(C(F)F)on2)nc1C.[Fe+3],2.5310392
TRZ02200,COc1cc(-c2nnc(C)c(C)n2)nc2ccc(F)cc12,Fe3+,COc1cc(-c2nnc(C)c(C)n2)nc2ccc(F)cc12.[Fe+3],2.5297465
TRZ05598,Cc1cc(-c2nnc(C)c(C)n2)nc(N2CCC(C(F)(F)F)C2)n1,Fe3+,Cc1cc(-c2nnc(C)c(C)n2)nc(N2CCC(C(F)(F)F)C2)n1.[Fe+3],2.5239735
TRZ03051,Cc1nnc(CSc2ccc(F)cc2F)nc1C,Fe3+,Cc1nnc(CSc2ccc(F)cc2F)nc1C.[Fe+3],2.5239043
TRZ03964,C=C[C@H](c1nnc(C)c(C)n1)[C@H](O)c1cc(C(F)(F)F)cc(C(F)(F)F)c1,Fe3+,C=C[C@H](c1nnc(C)c(C)n1)[C@H](O)c1cc(C(F)(F)F)cc(C(F)(F)F)c1.[Fe+3],2.5223923
TRZ02593,CCOc1ccc(-n2nnc(-c3nnc(C)c(C)n3)c2C)cc1,Fe3+,CCOc1ccc(-n2nnc(-c3nnc(C)c(C)n3)c2C)cc1.[Fe+3],2.5219374
TRZ05707,CC(=O)N1N=C(c2nnc(C)c(C)n2)CC1(c1ccccc1)C(F)(F)F,Fe3+,CC(=O)N1N=C(c2nnc(C)c(C)n2)CC1(c1ccccc1)C(F)(F)F.[Fe+3],2.5216188
TRZ05810,Cc1nnc(C2=C(Cl)c3ccc(F)cc3S2=C(CC(=O)F)C(F)F)nc1C,Fe3+,Cc1nnc(C2=C(Cl)c3ccc(F)cc3S2=C(CC(=O)F)C(F)F)nc1C.[Fe+3],2.5202136
TRZ03194,Cc1cc(F)c(OC(C)(C)c2nnc(C)c(C)n2)c(F)c1,Fe3+,Cc1cc(F)c(OC(C)(C)c2nnc(C)c(C)n2)c(F)c1.[Fe+3],2.5192232
TRZ01502,Cc1nnc(COc2cccc(Br)c2)nc1C,Fe3+,Cc1nnc(COc2cccc(Br)c2)nc1C.[Fe+3],2.5161624
TRZ00407,COc1ccc2c(Cl)c(-c3nnc(C)c(C)n3)sc2c1,Fe3+,COc1ccc2c(Cl)c(-c3nnc(C)c(C)n3)sc2c1.[Fe+3],2.515132
TRZ01677,COc1ccc(-n2nc(-c3nnc(C)c(C)n3)nc2-c2cc(OC)c(OC)c(OC)c2)cc1,Fe3+,COc1ccc(-n2nc(-c3nnc(C)c(C)n3)nc2-c2cc(OC)c(OC)c(OC)c2)cc1.[Fe+3],2.5115204
TRZ01425,Cc1ccc2c(Cl)c(-c3nnc(C)c(C)n3)sc2c1,Fe3+,Cc1ccc2c(Cl)c(-c3nnc(C)c(C)n3)sc2c1.[Fe+3],2.510868
TRZ00454,Cc1nnc(-c2ccc(Cl)s2)nc1C,Fe3+,Cc1nnc(-c2ccc(Cl)s2)nc1C.[Fe+3],2.5084524
TRZ02182,Cc1nnc(-c2ncoc2C(C)(C)C)nc1C,Fe3+,Cc1nnc(-c2ncoc2C(C)(C)C)nc1C.[Fe+3],2.505556
TRZ00519,Cc1nnc(C(Cc2c[nH]c3ccccc23)NC(=O)c2ccc(OC(C)C)cc2)nc1C,Fe3+,Cc1nnc(C(Cc2c[nH]c3ccccc23)NC(=O)c2ccc(OC(C)C)cc2)nc1C.[Fe+3],2.5037174
TRZ05037,COCC1C[C@H]1c1cc(C(F)(F)F)cnc1-c1nnc(C)c(C)n1,Fe3+,COCC1C[C@H]1c1cc(C(F)(F)F)cnc1-c1nnc(C)c(C)n1.[Fe+3],2.500105
TRZ02824,Cc1nnc(-c2cc3sccc3nc2C(F)(F)F)nc1C,Fe3+,Cc1nnc(-c2cc3sccc3nc2C(F)(F)F)nc1C.[Fe+3],2.497706
TRZ02819,Cc1nnc(-c2sc(-c3ccc(C(F)(F)F)cn3)nc2C)nc1C,Fe3+,Cc1nnc(-c2sc(-c3ccc(C(F)(F)F)cn3)nc2C)nc1C.[Fe+3],2.4903831
TRZ01832,Cc1nnc(CCSSc2ccccn2)nc1C,Fe3+,Cc1nnc(CCSSc2ccccn2)nc1C.[Fe+3],2.4888153
TRZ01128,Cc1nnc(-c2sc3ncccc3c2N)nc1C,Fe3+,Cc1nnc(-c2sc3ncccc3c2N)nc1C.[Fe+3],2.4846997
TRZ03357,Cc1nnc(C(C)c2nc(C(F)(F)F)cs2)nc1C,Fe3+,Cc1nnc(C(C)c2nc(C(F)(F)F)cs2)nc1C.[Fe+3],2.4820137
TRZ04125,Cc1nnc(COc2ccc(Cl)cc2F)nc1C,Fe3+,Cc1nnc(COc2ccc(Cl)cc2F)nc1C.[Fe+3],2.4808002
TRZ02411,Cc1nnc(-c2cc3c(C)nn(C)c3s2)nc1C,Fe3+,Cc1nnc(-c2cc3c(C)nn(C)c3s2)nc1C.[Fe+3],2.4787965
TRZ02888,Cc1nnc(CC(O)c2cccc(F)c2)nc1C,Fe3+,Cc1nnc(CC(O)c2cccc(F)c2)nc1C.[Fe+3],2.4767566
TRZ04169,COc1c(F)cccc1-c1nnc(C)c(C)n1,Fe3+,COc1c(F)cccc1-c1nnc(C)c(C)n1.[Fe+3],2.474959
TRZ00627,Cc1nnc(-c2noc(C)c2-c2csc(COc3ccccc3)n2)nc1C,Fe3+,Cc1nnc(-c2noc(C)c2-c2csc(COc3ccccc3)n2)nc1C.[Fe+3],2.472578
TRZ05281,Cc1nnc(-c2ccccc2OC(F)(F)C(F)F)nc1C,Fe3+,Cc1nnc(-c2ccccc2OC(F)(F)C(F)F)nc1C.[Fe+3],2.4692273
TRZ04669,Cc1nnc(-c2ccc(=O)n(SF)c2Cl)nc1C,Fe3+,Cc1nnc(-c2ccc(=O)n(SF)c2Cl)nc1C.[Fe+3],2.4674988
TRZ01599,Cc1nnc(-c2cc(SCc3cccc(C(F)(F)F)c3)ccn2)nc1C,Fe3+,Cc1nnc(-c2cc(SCc3cccc(C(F)(F)F)c3)ccn2)nc1C.[Fe+3],2.4667902
TRZ05569,Cc1nnc(C(CCCCC2OCCO2)(OCc2ccccc2)C(F)(F)F)nc1C,Fe3+,Cc1nnc(C(CCCCC2OCCO2)(OCc2ccccc2)C(F)(F)F)nc1C.[Fe+3],2.4665608
TRZ01218,Cc1nnc(-c2ccc(COc3cc(Cl)ccc3Cl)o2)nc1C,Fe3+,Cc1nnc(-c2ccc(COc3cc(Cl)ccc3Cl)o2)nc1C.[Fe+3],2.465815
TRZ03696,COc1ccc(F)cc1-c1nnc(C)c(C)n1,Fe3+,COc1ccc(F)cc1-c1nnc(C)c(C)n1.[Fe+3],2.4651885
TRZ02644,Cc1nnc(-c2ncco2)nc1C,Fe3+,Cc1nnc(-c2ncco2)nc1C.[Fe+3],2.4619503
TRZ05139,COc1ccc(C(F)(F)F)cc1-c1nnc(C)c(C)n1,Fe3+,COc1ccc(C(F)(F)F)cc1-c1nnc(C)c(C)n1.[Fe+3],2.456561
TRZ01146,Cc1ccccc1SCc1nnc(C)c(C)n1,Fe3+,Cc1ccccc1SCc1nnc(C)c(C)n1.[Fe+3],2.455278
TRZ05397,C=CCC(OCc1ccccc1)(c1nnc(C)c(C)n1)C(F)(F)F,Fe3+,C=CCC(OCc1ccccc1)(c1nnc(C)c(C)n1)C(F)(F)F.[Fe+3],2.4526043
TRZ02699,Cc1nnc(-c2nccs2)nc1C,Fe3+,Cc1nnc(-c2nccs2)nc1C.[Fe+3],2.4511137
TRZ03692,Cc1nnc(-c2nc3c(ncn3C)c(F)c2Nc2ccc(Br)cc2F)nc1C,Fe3+,Cc1nnc(-c2nc3c(ncn3C)c(F)c2Nc2ccc(Br)cc2F)nc1C.[Fe+3],2.447669
TRZ02518,Cc1nnc(-c2cc(SCc3cccc(Br)c3)ccn2)nc1C,Fe3+,Cc1nnc(-c2cc(SCc3cccc(Br)c3)ccn2)nc1C.[Fe+3],2.4443388
TRZ00880,Cc1nnc(COc2ccccc2C#N)nc1C,Fe3+,Cc1nnc(COc2ccccc2C#N)nc1C.[Fe+3],2.4418554
TRZ01291,CCN(CC)c1cc(C)nc(SCc2nnc(C)c(C)n2)n1,Fe3+,CCN(CC)c1cc(C)nc(SCc2nnc(C)c(C)n2)n1.[Fe+3],2.4315314
TRZ03170,[C-]#[N+]c1cc(F)ccc1N1CCC(CNC(=O)[C@@H]2OC(C)(C)O[C@H]2c2nnc(C)c(C)n2)CC1,Fe3+,[C-]#[N+]c1cc(F)ccc1N1CCC(CNC(=O)[C@@H]2OC(C)(C)O[C@H]2c2nnc(C)c(C)n2)CC1.[Fe+3],2.428862
TRZ01846,Cc1nnc(-c2cn(C)nc2C(F)(F)F)nc1C,Fe3+,Cc1nnc(-c2cn(C)nc2C(F)(F)F)nc1C.[Fe+3],2.425262
TRZ03588,Cc1nnc(-c2cc(C)c3cc(C4CC4)cc(CF)c3n2)nc1C,Fe3+,Cc1nnc(-c2cc(C)c3cc(C4CC4)cc(CF)c3n2)nc1C.[Fe+3],2.4168324
TRZ05696,Cc1nnc(-c2cc(Br)cnc2OC(F)F)nc1C,Fe3+,Cc1nnc(-c2cc(Br)cnc2OC(F)F)nc1C.[Fe+3],2.4152465
TRZ00679,Cc1nnc(-c2sccc2OCc2ccc(F)cc2)nc1C,Fe3+,Cc1nnc(-c2sccc2OCc2ccc(F)cc2)nc1C.[Fe+3],2.414575
TRZ02003,COc1cccc(OC)c1-c1nnc(C)c(C)n1,Fe3+,COc1cccc(OC)c1-c1nnc(C)c(C)n1.[Fe+3],2.4104347
TRZ00474,COCc1cc(C)nc2sc(-c3nnc(C)c(C)n3)c(-n3cccc3)c12,Fe3+,COCc1cc(C)nc2sc(-c3nnc(C)c(C)n3)c(-n3cccc3)c12.[Fe+3],2.3992405
TRZ02881,Cc1nnc(-c2nc3cccc(C)n3c2F)nc1C,Fe3+,Cc1nnc(-c2nc3cccc(C)n3c2F)nc1C.[Fe+3],2.3984175
TRZ01439,Cc1nnc(COc2ccc(C#N)cc2)nc1C,Fe3+,Cc1nnc(COc2ccc(C#N)cc2)nc1C.[Fe+3],2.3821373
TRZ02088,Cc1nnc(-c2nn(C)c(C(F)(F)F)c2Br)nc1C,Fe3+,Cc1nnc(-c2nn(C)c(C(F)(F)F)c2Br)nc1C.[Fe+3],2.3816533
TRZ02031,Cc1nnc(COc2c(Cl)cccc2Cl)nc1C,Fe3+,Cc1nnc(COc2c(Cl)cccc2Cl)nc1C.[Fe+3],2.3799372
TRZ03627,COc1cc(-c2ccc(F)cc2)ccc1-c1nnc(C)c(C)n1,Fe3+,COc1cc(-c2ccc(F)cc2)ccc1-c1nnc(C)c(C)n1.[Fe+3],2.3798633
TRZ03922,Cc1nnc(-c2cc3cc(C(F)(F)F)ccc3s2)nc1C,Fe3+,Cc1nnc(-c2cc3cc(C(F)(F)F)ccc3s2)nc1C.[Fe+3],2.3797112
TRZ05407,C=CC[C@](OCc1ccccc1)(c1nnc(C)c(C)n1)C(F)(F)F,Fe3+,C=CC[C@](OCc1ccccc1)(c1nnc(C)c(C)n1)C(F)(F)F.[Fe+3],2.3756428
TRZ01650,CC1=CCCC(C)(C)C1/C=C/c1cc(-c2nnc(C)c(C)n2)no1,Fe3+,CC1=CCCC(C)(C)C1/C=C/c1cc(-c2nnc(C)c(C)n2)no1.[Fe+3],2.3743148
TRZ00284,Cc1csc(-c2nnc(C)c(C)n2)c1N(C)C,Fe3+,Cc1csc(-c2nnc(C)c(C)n2)c1N(C)C.[Fe+3],2.3664865
TRZ02294,CCCc1nn2cc(Cc3nnc(C)c(C)n3)nc2s1,Fe3+,CCCc1nn2cc(Cc3nnc(C)c(C)n3)nc2s1.[Fe+3],2.3607416
TRZ02168,Cc1nnc(-c2ccc(-c3ccc(Br)cc3)s2)nc1C,Fe3+,Cc1nnc(-c2ccc(-c3ccc(Br)cc3)s2)nc1C.[Fe+3],2.3587437
TRZ03065,Cc1nnc(-c2ccc(-c3cccc(C(F)(F)F)c3)o2)nc1C,Fe3+,Cc1nnc(-c2ccc(-c3cccc(C(F)(F)F)c3)o2)nc1C.[Fe+3],2.3553863
TRZ05695,Cc1nnc(-c2c(OC(F)F)cnc3sccc23)nc1C,Fe3+,Cc1nnc(-c2c(OC(F)F)cnc3sccc23)nc1C.[Fe+3],2.3531828
TRZ02305,CCOc1ccc(-c2ncn(Cc3nnc(C)c(C)n3)c2[N+](=O)[O-])cc1,Fe3+,CCOc1ccc(-c2ncn(Cc3nnc(C)c(C)n3)c2[N+](=O)[O-])cc1.[Fe+3],2.3522282
TRZ05593,Cc1cc(-c2nnc(C)c(C)n2)nc(N2CCC(C(F)(F)F)CC2)n1,Fe3+,Cc1cc(-c2nnc(C)c(C)n2)nc(N2CCC(C(F)(F)F)CC2)n1.[Fe+3],2.346157
TRZ00148,Cc1nnc(-c2sc(-c3ccc(C(F)(F)F)cc3)nc2C)nc1C,Fe3+,Cc1nnc(-c2sc(-c3ccc(C(F)(F)F)cc3)nc2C)nc1C.[Fe+3],2.344112
TRZ05603,Cc1nnc(C2CN(c3nnc(-c4cnc(NC5Cc6cc(F)c(F)cc6C5)nc4)o3)C2)nc1C,Fe3+,Cc1nnc(C2CN(c3nnc(-c4cnc(NC5Cc6cc(F)c(F)cc6C5)nc4)o3)C2)nc1C.[Fe+3],2.339932
TRZ05813,Cc1nnc(-c2nc(F)ccc2C=O)nc1C,Fe3+,Cc1nnc(-c2nc(F)ccc2C=O)nc1C.[Fe+3],2.336657
TRZ01885,CCn1c(SCc2nnc(C)c(C)n2)nnc1-c1ccco1,Fe3+,CCn1c(SCc2nnc(C)c(C)n2)nnc1-c1ccco1.[Fe+3],2.3255677
TRZ03721,Cc1nnc(-c2nn(-c3ccc(F)cc3F)c3c2C2CCC3C2)nc1C,Fe3+,Cc1nnc(-c2nn(-c3ccc(F)cc3F)c3c2C2CCC3C2)nc1C.[Fe+3],2.3254442
TRZ00211,Cc1nnc(-c2nonc2N)nc1C,Fe3+,Cc1nnc(-c2nonc2N)nc1C.[Fe+3],2.3244948
TRZ05589,Cc1cc(-c2nnc(C)c(C)n2)nc(N2CCCC(F)(F)C2)n1,Fe3+,Cc1cc(-c2nnc(C)c(C)n2)nc(N2CCCC(F)(F)C2)n1.[Fe+3],2.3231964
TRZ05391,C=CCCC(OCc1ccccc1)(c1nnc(C)c(C)n1)C(F)(F)F,Fe3+,C=CCCC(OCc1ccccc1)(c1nnc(C)c(C)n1)C(F)(F)F.[Fe+3],2.3186126
TRZ00385,Cc1nnc(-c2snnc2-c2ccccc2)nc1C,Fe3+,Cc1nnc(-c2snnc2-c2ccccc2)nc1C.[Fe+3],2.315178
TRZ01575,Cc1nnc(C2Cc3cc(C(=O)c4cccs4)c(Cl)c(Cl)c3O2)nc1C,Fe3+,Cc1nnc(C2Cc3cc(C(=O)c4cccs4)c(Cl)c(Cl)c3O2)nc1C.[Fe+3],2.3143778
TRZ00206,Cc1nnc(CSc2nc3ccccc3s2)nc1C,Fe3+,Cc1nnc(CSc2nc3ccccc3s2)nc1C.[Fe+3],2.3123555
TRZ02365,Cc1ccc(SCCc2nnc(C)c(C)n2)cc1,Fe3+,Cc1ccc(SCCc2nnc(C)c(C)n2)cc1.[Fe+3],2.308496
TRZ02789,CCN(CC)Cc1cc(Br)ccc1OCc1nnc(C)c(C)n1,Fe3+,CCN(CC)Cc1cc(Br)ccc1OCc1nnc(C)c(C)n1.[Fe+3],2.3018646
TRZ01022,COCc1ccc(-c2cc(-c3ccccc3)nc(-c3nnc(C)c(C)n3)n2)cc1,Fe3+,COCc1ccc(-c2cc(-c3ccccc3)nc(-c3nnc(C)c(C)n3)n2)cc1.[Fe+3],2.2969937
TRZ04927,COC[C@@H]1C[C@H]1c1cc(C(F)(F)F)cnc1-c1nnc(C)c(C)n1,Fe3+,COC[C@@H]1C[C@H]1c1cc(C(F)(F)F)cnc1-c1nnc(C)c(C)n1.[Fe+3],2.2882676
TRZ04911,Cc1nnc(-c2nc(=O)n(-c3ccccc3F)o2)nc1C,Fe3+,Cc1nnc(-c2nc(=O)n(-c3ccccc3F)o2)nc1C.[Fe+3],2.284925
TRZ02465,CCOc1ccc(OC(C)c2nnc(C)c(C)n2)cc1,Fe3+,CCOc1ccc(OC(C)c2nnc(C)c(C)n2)cc1.[Fe+3],2.2815838
TRZ03880,Cc1nnc(-c2cc(Br)ccc2OC(F)(F)F)nc1C,Fe3+,Cc1nnc(-c2cc(Br)ccc2OC(F)(F)F)nc1C.[Fe+3],2.2757602
TRZ05658,Cc1nnc(-c2cn3c(ccc4c(N(C)C)cc(C(F)(F)C(F)(F)F)nc43)n2)nc1C,Fe3+,Cc1nnc(-c2cn3c(ccc4c(N(C)C)cc(C(F)(F)C(F)(F)F)nc43)n2)nc1C.[Fe+3],2.2614655
TRZ00020,Cc1nnc(-c2sc3ccccc3c2Cl)nc1C,Fe3+,Cc1nnc(-c2sc3ccccc3c2Cl)nc1C.[Fe+3],2.2608533
TRZ00375,Cc1ccc(OCc2ccc(-c3nnc(C)c(C)n3)o2)c([N+](=O)[O-])c1,Fe3+,Cc1ccc(OCc2ccc(-c3nnc(C)c(C)n3)o2)c([N+](=O)[O-])c1.[Fe+3],2.2583895
TRZ00376,Cc1nnc(-c2ccc(COc3ccc(Br)cc3)o2)nc1C,Fe3+,Cc1nnc(-c2ccc(COc3ccc(Br)cc3)o2)nc1C.[Fe+3],2.25663
TRZ04082,Cc1nnc(-c2ccnc(C(F)(F)F)n2)nc1C,Fe3+,Cc1nnc(-c2ccnc(C(F)(F)F)n2)nc1C.[Fe+3],2.2558603
TRZ05568,Cc1nnc(C(CCCC2OCCO2)(OCc2ccccc2)C(F)(F)F)nc1C,Fe3+,Cc1nnc(C(CCCC2OCCO2)(OCc2ccccc2)C(F)(F)F)nc1C.[Fe+3],2.2556815
TRZ01118,Cc1nnc(-c2nc(-c3ccc(OC(F)(F)F)cc3)no2)nc1C,Fe3+,Cc1nnc(-c2nc(-c3ccc(OC(F)(F)F)cc3)no2)nc1C.[Fe+3],2.252407
TRZ05581,Cc1cc(-c2nnc(C)c(C)n2)nc(N2CCC(F)CC2)n1,Fe3+,Cc1cc(-c2nnc(C)c(C)n2)nc(N2CCC(F)CC2)n1.[Fe+3],2.2506218
TRZ00887,Cc1nnc(-c2cc(-c3ccc(Br)cc3)on2)nc1C,Fe3+,Cc1nnc(-c2cc(-c3ccc(Br)cc3)on2)nc1C.[Fe+3],2.2502108
TRZ04070,Cc1nnc(-c2cc(C(F)(F)F)n(-c3ccc([N+](=O)[O-])nc3)n2)nc1C,Fe3+,Cc1nnc(-c2cc(C(F)(F)F)n(-c3ccc([N+](=O)[O-])nc3)n2)nc1C.[Fe+3],2.2461576
TRZ03164,Cc1nnc(-c2cc(-c3cccc(F)c3)on2)nc1C,Fe3+,Cc1nnc(-c2cc(-c3cccc(F)c3)on2)nc1C.[Fe+3],2.2457266
TRZ00044,Cc1cc(C)nc(SCc2nnc(C)c(C)n2)n1,Fe3+,Cc1cc(C)nc(SCc2nnc(C)c(C)n2)n1.[Fe+3],2.2440963
TRZ01533,CCOC(=O)c1cc(-c2nc(-c3nnc(C)c(C)n3)cs2)c(C)nc1C(F)(F)F,Fe3+,CCOC(=O)c1cc(-c2nc(-c3nnc(C)c(C)n3)cs2)c(C)nc1C(F)(F)F.[Fe+3],2.2433863
TRZ00162,Cc1cc(-c2nnc(C)c(C)n2)c(C)o1,Fe3+,Cc1cc(-c2nnc(C)c(C)n2)c(C)o1.[Fe+3],2.2424512
TRZ05561,Cc1nnc(-c2cccc3c2OC(F)(F)O3)nc1C,Fe3+,Cc1nnc(-c2cccc3c2OC(F)(F)O3)nc1C.[Fe+3],2.2373767
TRZ05807,Cc1nnc(C2=Cc3ccc(F)cc3S2=C(C(F)F)C(F)C=O)nc1C,Fe3+,Cc1nnc(C2=Cc3ccc(F)cc3S2=C(C(F)F)C(F)C=O)nc1C.[Fe+3],2.2371345
TRZ01003,Cc1nnc(-c2nc([N+](=O)[O-])cn2Cc2ccc(OC(F)(F)F)cc2)nc1C,Fe3+,Cc1nnc(-c2nc([N+](=O)[O-])cn2Cc2ccc(OC(F)(F)F)cc2)nc1C.[Fe+3],2.2320843
TRZ04286,COC/C=C/c1cc(C(F)(F)F)cnc1-c1nnc(C)c(C)n1,Fe3+,COC/C=C/c1cc(C(F)(F)F)cnc1-c1nnc(C)c(C)n1.[Fe+3],2.229484
TRZ03481,COC(c1ccc(Br)cn1)C(F)(F)c1nnc(C)c(C)n1,Fe3+,COC(c1ccc(Br)cn1)C(F)(F)c1nnc(C)c(C)n1.[Fe+3],2.2293406
TRZ05908,Cc1nnc(C(=O)Oc2cccc(F)c2F)nc1C,Fe3+,Cc1nnc(C(=O)Oc2cccc(F)c2F)nc1C.[Fe+3],2.2206507
TRZ03942,Cc1nnc(-c2nc3ccc(F)cc3s2)nc1C,Fe3+,Cc1nnc(-c2nc3ccc(F)cc3s2)nc1C.[Fe+3],2.2183456
TRZ04956,COc1nc(-c2nnc(C)c(C)n2)c(CC(C)(N)C(F)(F)F)cc1C(F)(F)F,Fe3+,COc1nc(-c2nnc(C)c(C)n2)c(CC(C)(N)C(F)(F)F)cc1C(F)(F)F.[Fe+3],2.2145782
TRZ05776,Cc1nnc(-c2cc(C(F)(F)F)on2)nc1C,Fe3+,Cc1nnc(-c2cc(C(F)(F)F)on2)nc1C.[Fe+3],2.2056255
TRZ05075,Cc1nnc(CC(O)c2cc(-c3ccc(Cl)cc3)ccc2F)nc1C,Fe3+,Cc1nnc(CC(O)c2cc(-c3ccc(Cl)cc3)ccc2F)nc1C.[Fe+3],2.1883898
TRZ04044,Cc1nnc(-c2csc(C(F)(F)F)n2)nc1C,Fe3+,Cc1nnc(-c2csc(C(F)(F)F)n2)nc1C.[Fe+3],2.1584268
TRZ03695,COc1cc(F)ccc1-c1nnc(C)c(C)n1,Fe3+,COc1cc(F)ccc1-c1nnc(C)c(C)n1.[Fe+3],2.1541705
TRZ02818,Cc1nnc(-c2nc(-c3c(F)cccc3Cl)no2)nc1C,Fe3+,Cc1nnc(-c2nc(-c3c(F)cccc3Cl)no2)nc1C.[Fe+3],2.1510649
TRZ00117,Cc1nnc(-c2ccc(COc3ccc([N+](=O)[O-])cc3)o2)nc1C,Fe3+,Cc1nnc(-c2ccc(COc3ccc([N+](=O)[O-])cc3)o2)nc1C.[Fe+3],2.1505122
TRZ01727,COc1cc2c(cc1-c1nnc(C)c(C)n1)CCC1C(C)(C)c3nc(C)ncc3C[C@]21C,Fe3+,COc1cc2c(cc1-c1nnc(C)c(C)n1)CCC1C(C)(C)c3nc(C)ncc3C[C@]21C.[Fe+3],2.1497235
TRZ03995,Cc1nnc(C2=C(Cl)c3ccc(F)cc3/S2=C(/CC=O)C(F)(F)F)nc1C,Fe3+,Cc1nnc(C2=C(Cl)c3ccc(F)cc3/S2=C(/CC=O)C(F)(F)F)nc1C.[Fe+3],2.1491928
TRZ04289,Cc1nnc(-c2nc(C(F)(F)F)sc2N2CCOCC2=O)nc1C,Fe3+,Cc1nnc(-c2nc(C(F)(F)F)sc2N2CCOCC2=O)nc1C.[Fe+3],2.1448374
TRZ03141,COc1cc(NC(=O)c2c(F)cccc2F)ccc1-c1nnc(C)c(C)n1,Fe3+,COc1cc(NC(=O)c2c(F)cccc2F)ccc1-c1nnc(C)c(C)n1.[Fe+3],2.1447
TRZ03324,Cc1nnc(C(=O)NCc2ccc(F)c(Cl)c2)nc1C,Fe3+,Cc1nnc(C(=O)NCc2ccc(F)c(Cl)c2)nc1C.[Fe+3],2.1423244
TRZ02415,COc1cc(-c2nnc(C)c(C)n2)c(-n2c(C)ccc2C)cc1OC,Fe3+,COc1cc(-c2nnc(C)c(C)n2)c(-n2c(C)ccc2C)cc1OC.[Fe+3],2.134602
TRZ00650,CO/N=C1\CCCc2c(-c3nnc(C)c(C)n3)sc(SC)c21,Fe3+,CO/N=C1\CCCc2c(-c3nnc(C)c(C)n3)sc(SC)c21.[Fe+3],2.132213
TRZ05127,Cc1nnc(-c2ccc(F)c(Cl)n2)nc1C,Fe3+,Cc1nnc(-c2ccc(F)c(Cl)n2)nc1C.[Fe+3],2.130095
TRZ02077,Cc1nnc(-c2nsnc2N)nc1C,Fe3+,Cc1nnc(-c2nsnc2N)nc1C.[Fe+3],2.119825
TRZ05499,CCOc1ccc(-c2nc(-c3nnc(C)c(C)n3)cnc2C(F)(F)F)cc1,Fe3+,CCOc1ccc(-c2nc(-c3nnc(C)c(C)n3)cnc2C(F)(F)F)cc1.[Fe+3],2.1149015
TRZ00271,Cc1nnc(-c2ccc(-n3c(C)ccc3C)s2)nc1C,Fe3+,Cc1nnc(-c2ccc(-n3c(C)ccc3C)s2)nc1C.[Fe+3],2.1130037
TRZ01100,Cc1nnc(-c2nc(C(C)C)cs2)nc1C,Fe3+,Cc1nnc(-c2nc(C(C)C)cs2)nc1C.[Fe+3],2.1118927
TRZ00396,Cc1nnc(-c2sc(-c3ccccc3)nc2C)nc1C,Fe3+,Cc1nnc(-c2sc(-c3ccccc3)nc2C)nc1C.[Fe+3],2.1087303
TRZ03189,Cc1nnc(C(C)(C)Oc2c(F)cc(Cl)cc2F)nc1C,Fe3+,Cc1nnc(C(C)(C)Oc2c(F)cc(Cl)cc2F)nc1C.[Fe+3],2.1030989
TRZ02777,Cc1nnc(-c2nnco2)nc1C,Fe3+,Cc1nnc(-c2nnco2)nc1C.[Fe+3],2.1020813
TRZ03148,COc1cc(NC(=O)c2cccc(F)c2)ccc1-c1nnc(C)c(C)n1,Fe3+,COc1cc(NC(=O)c2cccc(F)c2)ccc1-c1nnc(C)c(C)n1.[Fe+3],2.099968
TRZ04166,Cc1nnc(-c2nc(-c3ccc(OCF)cc3)no2)nc1C,Fe3+,Cc1nnc(-c2nc(-c3ccc(OCF)cc3)no2)nc1C.[Fe+3],2.099361
TRZ00995,COC1CCCC(c2cc(-c3nnc(C)c(C)n3)nc3ccccc23)C1,Fe3+,COC1CCCC(c2cc(-c3nnc(C)c(C)n3)nc3ccccc23)C1.[Fe+3],2.0990748
TRZ01998,Cc1nnc(-c2nc(-c3ccccc3)no2)nc1C,Fe3+,Cc1nnc(-c2nc(-c3ccccc3)no2)nc1C.[Fe+3],2.0963216
TRZ02202,Cc1nnc(-c2ncoc2C(F)(F)F)nc1C,Fe3+,Cc1nnc(-c2ncoc2C(F)(F)F)nc1C.[Fe+3],2.095646
TRZ03861,Cc1nnc(/C=C\n2cnc(-c3cc(OC(C)C)cc(C(F)(F)F)c3)n2)nc1C,Fe3+,Cc1nnc(/C=C\n2cnc(-c3cc(OC(C)C)cc(C(F)(F)F)c3)n2)nc1C.[Fe+3],2.0946016
TRZ03971,Cc1nnc(-c2ncc(-c3ccc(OC(F)(F)F)cc3)o2)nc1C,Fe3+,Cc1nnc(-c2ncc(-c3ccc(OC(F)(F)F)cc3)o2)nc1C.[Fe+3],2.0939584
TRZ05654,Cc1nnc(-c2cn3c(ccc4c(-c5ccn(C)n5)cc(C(F)(F)C(F)(F)F)nc43)n2)nc1C,Fe3+,Cc1nnc(-c2cn3c(ccc4c(-c5ccn(C)n5)cc(C(F)(F)C(F)(F)F)nc43)n2)nc1C.[Fe+3],2.0932846
TRZ02399,Cc1nnc(-c2noc(C)c2-c2csc(-c3ccccc3)n2)nc1C,Fe3+,Cc1nnc(-c2noc(C)c2-c2csc(-c3ccccc3)n2)nc1C.[Fe+3],2.0921435
TRZ03835,Cc1nnc(C2(C)Oc3c(F)cc(F)cc3C2F)nc1C,Fe3+,Cc1nnc(C2(C)Oc3c(F)cc(F)cc3C2F)nc1C.[Fe+3],2.09206
TRZ02029,Cc1nnc(-c2cc(Br)cc(Br)c2N)nc1C,Fe3+,Cc1nnc(-c2cc(Br)cc(Br)c2N)nc1C.[Fe+3],2.091217
TRZ02436,CCC(Oc1cccc(Br)c1)c1nnc(C)c(C)n1,Fe3+,CCC(Oc1cccc(Br)c1)c1nnc(C)c(C)n1.[Fe+3],2.085658
TRZ03546,Cc1nnc(-c2nc(-c3ccc(F)cc3F)no2)nc1C,Fe3+,Cc1nnc(-c2nc(-c3ccc(F)cc3F)no2)nc1C.[Fe+3],2.083737
TRZ02352,CCCCc1ccc(OCc2nnc(C)c(C)n2)cc1,Fe3+,CCCCc1ccc(OCc2nnc(C)c(C)n2)cc1.[Fe+3],2.0814257
TRZ01852,Cc1nnc(-c2nc(-c3ccc(F)cc3)no2)nc1C,Fe3+,Cc1nnc(-c2nc(-c3ccc(F)cc3)no2)nc1C.[Fe+3],2.0797892
TRZ05876,Cc1nnc(-c2c(C(=O)c3c(F)cccc3F)ccnc2Cl)nc1C,Fe3+,Cc1nnc(-c2c(C(=O)c3c(F)cccc3F)ccnc2Cl)nc1C.[Fe+3],2.0781298
TRZ03190,Cc1nnc(C(C)(C)Oc2c(F)cc(F)cc2F)nc1C,Fe3+,Cc1nnc(C(C)(C)Oc2c(F)cc(F)cc2F)nc1C.[Fe+3],2.0776381
TRZ03994,Cc1nnc(C2=Cc3ccc(F)cc3/S2=C(/CC=O)C(F)(F)F)nc1C,Fe3+,Cc1nnc(C2=Cc3ccc(F)cc3/S2=C(/CC=O)C(F)(F)F)nc1C.[Fe+3],2.0739923
TRZ02464,Cc1nnc(C(C)Oc2ccc(C#N)cc2)nc1C,Fe3+,Cc1nnc(C(C)Oc2ccc(C#N)cc2)nc1C.[Fe+3],2.0712686
TRZ02242,Cc1nnc(C(Cc2ccccc2)NC(=O)Cn2c(C(F)(F)F)nc3ccccc32)nc1C,Fe3+,Cc1nnc(C(Cc2ccccc2)NC(=O)Cn2c(C(F)(F)F)nc3ccccc32)nc1C.[Fe+3],2.0693736
TRZ05592,Cc1cc(-c2nnc(C)c(C)n2)nc(N2CCC(F)(F)C2)n1,Fe3+,Cc1cc(-c2nnc(C)c(C)n2)nc(N2CCC(F)(F)C2)n1.[Fe+3],2.0668025
TRZ05385,Cc1nnc(-c2nc3cnc(F)cc3s2)nc1C,Fe3+,Cc1nnc(-c2nc3cnc(F)cc3s2)nc1C.[Fe+3],2.0622373
TRZ01839,Cc1nnc(Cn2c(C(F)(F)F)nc3ccccc32)nc1C,Fe3+,Cc1nnc(Cn2c(C(F)(F)F)nc3ccccc32)nc1C.[Fe+3],2.0601897
TRZ02387,Cc1nnc(-c2nc(COc3ccccc3Cl)no2)nc1C,Fe3+,Cc1nnc(-c2nc(COc3ccccc3Cl)no2)nc1C.[Fe+3],2.0597148
TRZ05448,Cc1nnc(CN(Cc2ccc(C#N)nc2)C(=O)COc2cc(F)cc(F)c2Cl)nc1C,Fe3+,Cc1nnc(CN(Cc2ccc(C#N)nc2)C(=O)COc2cc(F)cc(F)c2Cl)nc1C.[Fe+3],2.0461736
TRZ05809,Cc1nnc(C2=C(Cl)c3ccc(F)cc3S2=C(CC=O)C(F)(F)F)nc1C,Fe3+,Cc1nnc(C2=C(Cl)c3ccc(F)cc3S2=C(CC=O)C(F)(F)F)nc1C.[Fe+3],2.0437956
TRZ05884,Cc1nnc(-c2ccc(C(F)(F)F)nc2C(=O)c2c(F)cccc2F)nc1C,Fe3+,Cc1nnc(-c2ccc(C(F)(F)F)nc2C(=O)c2c(F)cccc2F)nc1C.[Fe+3],2.0358257
TRZ01483,Cc1nnc(CCOCc2ccccc2)nc1C,Fe3+,Cc1nnc(CCOCc2ccccc2)nc1C.[Fe+3],2.0335426
TRZ02295,Cc1nnc(CSc2nc3ccccc3o2)nc1C,Fe3+,Cc1nnc(CSc2nc3ccccc3o2)nc1C.[Fe+3],2.0243196
TRZ05806,Cc1nnc(C2=Cc3ccc(F)cc3S2=C(CC=O)C(F)(F)F)nc1C,Fe3+,Cc1nnc(C2=Cc3ccc(F)cc3S2=C(CC=O)C(F)(F)F)nc1C.[Fe+3],2.0178099
TRZ04293,CC[C@@H]1C[C@H]1c1cc(C(F)(F)F)cnc1-c1nnc(C)c(C)n1,Fe3+,CC[C@@H]1C[C@H]1c1cc(C(F)(F)F)cnc1-c1nnc(C)c(C)n1.[Fe+3],2.0159903
TRZ00488,Cc1nnc(-c2sccc2OCc2cccc(C(F)(F)F)c2)nc1C,Fe3+,Cc1nnc(-c2sccc2OCc2cccc(C(F)(F)F)c2)nc1C.[Fe+3],2.0084853
TRZ01446,CCc1ccc(-c2nnc(C)c(C)n2)s1,Fe3+,CCc1ccc(-c2nnc(C)c(C)n2)s1.[Fe+3],2.0081887
TRZ05509,CCOc1ccc(-c2cc(F)cc(-c3nnc(C)c(C)n3)n2)cc1,Fe3+,CCOc1ccc(-c2cc(F)cc(-c3nnc(C)c(C)n3)n2)cc1.[Fe+3],2.0018725
TRZ04095,COc1ccc(F)cc1-c1ccc(CC(CC(=O)O)NC(=O)c2nnc(C)c(C)n2)cc1,Fe3+,COc1ccc(F)cc1-c1ccc(CC(CC(=O)O)NC(=O)c2nnc(C)c(C)n2)cc1.[Fe+3],1.9996753
TRZ05641,Cc1nnc([C@]23CN(Cc4ccccc4)C[C@@]2(C(F)(F)F)C3)nc1C,Fe3+,Cc1nnc([C@]23CN(Cc4ccccc4)C[C@@]2(C(F)(F)F)C3)nc1C.[Fe+3],1.9905076
TRZ00836,Cc1nnc(-c2ncoc2C)nc1C,Fe3+,Cc1nnc(-c2ncoc2C)nc1C.[Fe+3],1.989263
TRZ02542,C/C(=N\N)c1c(C)[nH]c(-c2nnc(C)c(C)n2)c1C,Fe3+,C/C(=N\N)c1c(C)[nH]c(-c2nnc(C)c(C)n2)c1C.[Fe+3],1.9863172
TRZ03977,Cc1nnc(-c2nc(Br)c(C(F)(F)F)nc2N)nc1C,Fe3+,Cc1nnc(-c2nc(Br)c(C(F)(F)F)nc2N)nc1C.[Fe+3],1.9749885
TRZ03981,Cc1nnc(-c2cn3c(ccc4c(C(F)(F)F)nc(C(F)(F)F)nc43)n2)nc1C,Fe3+,Cc1nnc(-c2cn3c(ccc4c(C(F)(F)F)nc(C(F)(F)F)nc43)n2)nc1C.[Fe+3],1.9705248
TRZ01999,Cc1nnc(-c2nc(-c3cccs3)no2)nc1C,Fe3+,Cc1nnc(-c2nc(-c3cccs3)no2)nc1C.[Fe+3],1.9692459
TRZ05538,Cc1nnc(-c2c(F)cnn2C)nc1C,Fe3+,Cc1nnc(-c2c(F)cnn2C)nc1C.[Fe+3],1.9658723
TRZ02146,Cc1nnc(-c2cc3c(s2)CCC(C(C)(C)C)C3)nc1C,Fe3+,Cc1nnc(-c2cc3c(s2)CCC(C(C)(C)C)C3)nc1C.[Fe+3],1.9653664
TRZ00424,Cc1nc(-c2nnc(C)c(C)n2)co1,Fe3+,Cc1nc(-c2nnc(C)c(C)n2)co1.[Fe+3],1.9547791
TRZ00259,Cc1nnc(-c2ccc(COc3ccc(C(C)(C)C)cc3)o2)nc1C,Fe3+,Cc1nnc(-c2ccc(COc3ccc(C(C)(C)C)cc3)o2)nc1C.[Fe+3],1.951128
TRZ05906,Cc1nnc(C(=O)Oc2c(F)cccc2F)nc1C,Fe3+,Cc1nnc(C(=O)Oc2c(F)cccc2F)nc1C.[Fe+3],1.9333181
TRZ03087,Cc1nnc(-c2c(NC(N)=O)cccc2-c2ccccc2C(F)(F)F)nc1C,Fe3+,Cc1nnc(-c2c(NC(N)=O)cccc2-c2ccccc2C(F)(F)F)nc1C.[Fe+3],1.9321828
TRZ03909,CCn1nc(C(F)(F)F)c(C)c1C(=O)Nc1c(C)cc(Cl)cc1-c1nnc(C)c(C)n1,Fe3+,CCn1nc(C(F)(F)F)c(C)c1C(=O)Nc1c(C)cc(Cl)cc1-c1nnc(C)c(C)n1.[Fe+3],1.9272151
TRZ02379,Cc1nnc(-c2nc(-c3ccccc3)c(C)o2)nc1C,Fe3+,Cc1nnc(-c2nc(-c3ccccc3)c(C)o2)nc1C.[Fe+3],1.9196558
TRZ02400,Cc1nc(-c2c(-c3nnc(C)c(C)n3)noc2C)cs1,Fe3+,Cc1nc(-c2c(-c3nnc(C)c(C)n3)noc2C)cs1.[Fe+3],1.9175467
TRZ00740,Cc1nnc(-c2cnc(N)s2)nc1C,Fe3+,Cc1nnc(-c2cnc(N)s2)nc1C.[Fe+3],1.9174829
TRZ02220,Cc1nnc(-c2cc3ccc(C(F)(F)F)nc3o2)nc1C,Fe3+,Cc1nnc(-c2cc3ccc(C(F)(F)F)nc3o2)nc1C.[Fe+3],1.9104962
TRZ02099,Cc1nnc(C(=O)NCc2cc(F)c(F)c(F)c2)nc1C,Fe3+,Cc1nnc(C(=O)NCc2cc(F)c(F)c(F)c2)nc1C.[Fe+3],1.9103594
TRZ03603,C=C(F)c1c(-c2nnc(C)c(C)n2)c(C)c2n1[C@@H](C)CN(C(C)C)C2=O,Fe3+,C=C(F)c1c(-c2nnc(C)c(C)n2)c(C)c2n1[C@@H](C)CN(C(C)C)C2=O.[Fe+3],1.9085641
TRZ03669,Cc1nnc(-c2cc(F)c(F)nc2F)nc1C,Fe3+,Cc1nnc(-c2cc(F)c(F)nc2F)nc1C.[Fe+3],1.9050989
TRZ02875,Cc1nnc(-c2ccn(COc3c(F)c(F)cc(F)c3F)n2)nc1C,Fe3+,Cc1nnc(-c2ccn(COc3c(F)c(F)cc(F)c3F)n2)nc1C.[Fe+3],1.9001346
TRZ02105,CO/N=C(/c1nnc(C)c(C)n1)c1ccccc1COc1cc(C)ccc1C,Fe3+,CO/N=C(/c1nnc(C)c(C)n1)c1ccccc1COc1cc(C)ccc1C.[Fe+3],1.8923903
TRZ05698,Cc1nnc(-c2c(F)ccc3c2OCCO3)nc1C,Fe3+,Cc1nnc(-c2c(F)ccc3c2OCCO3)nc1C.[Fe+3],1.891273
TRZ01375,Cc1cc(C)c(/C=C(\c2nnc(C)c(C)n2)N(C)C)c(C)c1,Fe3+,Cc1cc(C)c(/C=C(\c2nnc(C)c(C)n2)N(C)C)c(C)c1.[Fe+3],1.8857145
TRZ03955,C#Cc1ccc(Nc2c(-c3nnc(C)c(C)n3)ccc(F)c2F)c(F)c1,Fe3+,C#Cc1ccc(Nc2c(-c3nnc(C)c(C)n3)ccc(F)c2F)c(F)c1.[Fe+3],1.8845205
TRZ00676,Cc1nnc(-c2sc(-c3cnccc3C(F)(F)F)nc2C)nc1C,Fe3+,Cc1nnc(-c2sc(-c3cnccc3C(F)(F)F)nc2C)nc1C.[Fe+3],1.8779597
TRZ05076,Cc1nnc(CC(O)c2cccc(OCC(F)(F)C(F)F)c2)nc1C,Fe3+,Cc1nnc(CC(O)c2cccc(OCC(F)(F)C(F)F)c2)nc1C.[Fe+3],1.8778028
TRZ03980,CCOC(=O)C[C@@H](Cc1ccc(-c2cc(F)ccc2OC)cc1)NC(=O)c1nnc(C)c(C)n1,Fe3+,CCOC(=O)C[C@@H](Cc1ccc(-c2cc(F)ccc2OC)cc1)NC(=O)c1nnc(C)c(C)n1.[Fe+3],1.8768344
TRZ05693,Cc1nnc(-c2cc(Cl)cc(F)c2OC(F)F)nc1C,Fe3+,Cc1nnc(-c2cc(Cl)cc(F)c2OC(F)F)nc1C.[Fe+3],1.8719773
TRZ03894,Cc1nnc(-c2cc(F)c(F)cc2NC2CCCC2)nc1C,Fe3+,Cc1nnc(-c2cc(F)c(F)cc2NC2CCCC2)nc1C.[Fe+3],1.8713255
TRZ05540,Cc1nnc(-c2cc3cc(F)ccc3o2)nc1C,Fe3+,Cc1nnc(-c2cc3cc(F)ccc3o2)nc1C.[Fe+3],1.8585348
TRZ03483,Cc1nnc(-c2csc(-c3ccc(C(C)(C)O)cc3F)n2)nc1C,Fe3+,Cc1nnc(-c2csc(-c3ccc(C(C)(C)O)cc3F)n2)nc1C.[Fe+3],1.8568826
TRZ02083,Cc1nnc(-c2sc3cc(F)ccc3c2Cl)nc1C,Fe3+,Cc1nnc(-c2sc3cc(F)ccc3c2Cl)nc1C.[Fe+3],1.8487515
TRZ00112,Cc1nnc(-c2ccc(COc3ccc4ccccc4c3)o2)nc1C,Fe3+,Cc1nnc(-c2ccc(COc3ccc4ccccc4c3)o2)nc1C.[Fe+3],1.8369846
TRZ00172,Cc1cc(-c2nnc(C)c(C)n2)no1,Fe3+,Cc1cc(-c2nnc(C)c(C)n2)no1.[Fe+3],1.8323159
TRZ00579,COc1cc(Nc2cc3c(cc2-c2nnc(C)c(C)n2)OCCO3)cc(OC)c1OC,Fe3+,COc1cc(Nc2cc3c(cc2-c2nnc(C)c(C)n2)OCCO3)cc(OC)c1OC.[Fe+3],1.8252306
TRZ04121,Cc1nnc(-c2cc3c(N4CCCN(c5c(F)c(F)nc(F)c5F)CC4)ccnc3s2)nc1C,Fe3+,Cc1nnc(-c2cc3c(N4CCCN(c5c(F)c(F)nc(F)c5F)CC4)ccnc3s2)nc1C.[Fe+3],1.8134327
TRZ00905,CCOc1ccc(CC(c2nnc(C)c(C)n2)c2nnc(C)c(C)n2)cc1CN(C)C,Fe3+,CCOc1ccc(CC(c2nnc(C)c(C)n2)c2nnc(C)c(C)n2)cc1CN(C)C.[Fe+3],1.8059783
TRZ00823,Cc1nnc(-c2ccoc2C)nc1C,Fe3+,Cc1nnc(-c2ccoc2C)nc1C.[Fe+3],1.7950444
TRZ00432,Cc1nnc(-c2ccc(COc3ccccc3)o2)nc1C,Fe3+,Cc1nnc(-c2ccc(COc3ccccc3)o2)nc1C.[Fe+3],1.7775006
TRZ00662,Cc1nnc(-c2nn(-c3ccc(Cl)cc3)c(=O)c(C#N)c2C)nc1C,Fe3+,Cc1nnc(-c2nn(-c3ccc(Cl)cc3)c(=O)c(C#N)c2C)nc1C.[Fe+3],1.776689
TRZ00399,Cc1nnc(-c2sc(-c3cccs3)nc2C)nc1C,Fe3+,Cc1nnc(-c2sc(-c3cccs3)nc2C)nc1C.[Fe+3],1.7758727
TRZ03196,Cc1nnc(C(C)(C)Oc2ccc(C#N)c(F)c2)nc1C,Fe3+,Cc1nnc(C(C)(C)Oc2ccc(C#N)c(F)c2)nc1C.[Fe+3],1.7680025
TRZ05171,Cc1nnc(C(C)Oc2c(F)cc(F)cc2F)nc1C,Fe3+,Cc1nnc(C(C)Oc2c(F)cc(F)cc2F)nc1C.[Fe+3],1.7653985
TRZ00738,Cc1nnc(-c2nccnc2-c2nnc(C)c(C)n2)nc1C,Fe3+,Cc1nnc(-c2nccnc2-c2nnc(C)c(C)n2)nc1C.[Fe+3],1.7651658
TRZ05640,Cc1nnc([C@]23CN(c4ccc(C#N)c5ncccc45)C[C@@]2(C(F)(F)F)C3)nc1C,Fe3+,Cc1nnc([C@]23CN(c4ccc(C#N)c5ncccc45)C[C@@]2(C(F)(F)F)C3)nc1C.[Fe+3],1.7596431
TRZ04259,CCOC(=O)CC(Cc1ccc(-c2cc(F)ccc2OC)cc1)NC(=O)c1nnc(C)c(C)n1,Fe3+,CCOC(=O)CC(Cc1ccc(-c2cc(F)ccc2OC)cc1)NC(=O)c1nnc(C)c(C)n1.[Fe+3],1.7555666
TRZ01868,Cc1nnc(Cc2nn3c(C4CCCCC4)nnc3s2)nc1C,Fe3+,Cc1nnc(Cc2nn3c(C4CCCCC4)nnc3s2)nc1C.[Fe+3],1.754509
TRZ00677,Cc1ccc(COc2ccsc2-c2nnc(C)c(C)n2)cc1,Fe3+,Cc1ccc(COc2ccsc2-c2nnc(C)c(C)n2)cc1.[Fe+3],1.7512589
TRZ00295,Cc1nnc(-c2ccc(Cn3nc([N+](=O)[O-])c(Cl)c3C)o2)nc1C,Fe3+,Cc1nnc(-c2ccc(Cn3nc([N+](=O)[O-])c(Cl)c3C)o2)nc1C.[Fe+3],1.7465568
TRZ02386,Cc1nnc(-c2cc(COc3c(Cl)cccc3Cl)on2)nc1C,Fe3+,Cc1nnc(-c2cc(COc3c(Cl)cccc3Cl)on2)nc1C.[Fe+3],1.7321072
TRZ03932,Cc1nnc(C(C)Oc2ccc(C#N)c(F)c2)nc1C,Fe3+,Cc1nnc(C(C)Oc2ccc(C#N)c(F)c2)nc1C.[Fe+3],1.7319436
TRZ02412,COc1c(Br)csc1-c1nnc(C)c(C)n1,Fe3+,COc1c(Br)csc1-c1nnc(C)c(C)n1.[Fe+3],1.7305951
TRZ02585,Cc1nnc(-c2nn(-c3ccccc3)c(-c3ccco3)c2C#N)nc1C,Fe3+,Cc1nnc(-c2nn(-c3ccccc3)c(-c3ccco3)c2C#N)nc1C.[Fe+3],1.7287312
TRZ02391,Cc1nnc(-c2c(-c3snnc3C)n[nH]c2C)nc1C,Fe3+,Cc1nnc(-c2c(-c3snnc3C)n[nH]c2C)nc1C.[Fe+3],1.7211838
TRZ02485,Cc1cc(OCc2nnc(C)c(C)n2)no1,Fe3+,Cc1cc(OCc2nnc(C)c(C)n2)no1.[Fe+3],1.719449
TRZ05924,Cc1nnc(-c2occc2C(=O)c2ccc(F)c([N+](=O)[O-])c2)nc1C,Fe3+,Cc1nnc(-c2occc2C(=O)c2ccc(F)c([N+](=O)[O-])c2)nc1C.[Fe+3],1.7139673
TRZ01706,Cc1nnc(-c2no[n+]([O-])c2C)nc1C,Fe3+,Cc1nnc(-c2no[n+]([O-])c2C)nc1C.[Fe+3],1.7122955
TRZ02807,C/C(=C(/C#N)c1nnc(C)c(C)n1)c1ccc(F)cc1,Fe3+,C/C(=C(/C#N)c1nnc(C)c(C)n1)c1ccc(F)cc1.[Fe+3],1.7070026
TRZ01589,COc1ccc2c3c1O[C@H]1[C@@]4(OC)C=C[C@@]5(C[C@H]4c4nnc(C)c(C)n4)[C@@H](C2)N(C)CC[C@]315,Fe3+,COc1ccc2c3c1O[C@H]1[C@@]4(OC)C=C[C@@]5(C[C@H]4c4nnc(C)c(C)n4)[C@@H](C2)N(C)CC[C@]315.[Fe+3],1.6936946
TRZ00241,Cc1cc(OCc2nnc(C)c(C)n2)cc(C)c1Cl,Fe3+,Cc1cc(OCc2nnc(C)c(C)n2)cc(C)c1Cl.[Fe+3],1.6898932
TRZ00838,Cc1nnc(-c2scnc2C)nc1C,Fe3+,Cc1nnc(-c2scnc2C)nc1C.[Fe+3],1.6875811
TRZ00111,Cc1cc(C)cc(OCc2ccc(-c3nnc(C)c(C)n3)o2)c1,Fe3+,Cc1cc(C)cc(OCc2ccc(-c3nnc(C)c(C)n3)o2)c1.[Fe+3],1.6832275
TRZ02219,COc1ccc(-c2cc(-c3nnc(C)c(C)n3)no2)cc1F,Fe3+,COc1ccc(-c2cc(-c3nnc(C)c(C)n3)no2)cc1F.[Fe+3],1.6830072
TRZ03191,Cc1nnc(C(C)(C)Oc2cc(F)c(F)cc2F)nc1C,Fe3+,Cc1nnc(C(C)(C)Oc2cc(F)c(F)cc2F)nc1C.[Fe+3],1.6790571
TRZ01378,CN/C(=C\c1c(C)c(C)cc(C)c1C)c1nnc(C)c(C)n1,Fe3+,CN/C(=C\c1c(C)c(C)cc(C)c1C)c1nnc(C)c(C)n1.[Fe+3],1.6624966
TRZ05264,Cc1nnc(-c2nnsc2C(F)(F)F)nc1C,Fe3+,Cc1nnc(-c2nnsc2C(F)(F)F)nc1C.[Fe+3],1.6260605
TRZ00923,CSc1sc(-c2nnc(C)c(C)n2)c2c1C(O)CCC2,Fe3+,CSc1sc(-c2nnc(C)c(C)n2)c2c1C(O)CCC2.[Fe+3],1.618823
TRZ01424,CCc1ccc2c(Cl)c(-c3nnc(C)c(C)n3)sc2c1,Fe3+,CCc1ccc2c(Cl)c(-c3nnc(C)c(C)n3)sc2c1.[Fe+3],1.5961518
TRZ02396,Cc1nc(-c2noc(-c3nnc(C)c(C)n3)n2)cs1,Fe3+,Cc1nc(-c2noc(-c3nnc(C)c(C)n3)n2)cs1.[Fe+3],1.5947423
TRZ01886,Cc1nnc(CSc2ccnc(C#N)c2)nc1C,Fe3+,Cc1nnc(CSc2ccnc(C#N)c2)nc1C.[Fe+3],1.5811973
TRZ00116,COc1ccccc1OCc1ccc(-c2nnc(C)c(C)n2)o1,Fe3+,COc1ccccc1OCc1ccc(-c2nnc(C)c(C)n2)o1.[Fe+3],1.5784173
TRZ05639,Cc1nnc([C@@]23CN(c4ccc(C#N)c5ncccc45)C[C@]2(C(F)(F)F)C3)nc1C,Fe3+,Cc1nnc([C@@]23CN(c4ccc(C#N)c5ncccc45)C[C@]2(C(F)(F)F)C3)nc1C.[Fe+3],1.5756383
TRZ04462,CCSc1cc2c(cc1-c1nnc(C)c(C)n1)nc(C(F)(F)F)n2C,Fe3+,CCSc1cc2c(cc1-c1nnc(C)c(C)n1)nc(C(F)(F)F)n2C.[Fe+3],1.5741653
TRZ02222,Cc1nnc(-c2sc(-c3cccc(F)c3)nc2C)nc1C,Fe3+,Cc1nnc(-c2sc(-c3cccc(F)c3)nc2C)nc1C.[Fe+3],1.5650291
TRZ05207,Cc1nnc([C@@]23CC(F)(F)[C@@H](C)[C@H](C=Cc4ccc(Br)cn4)[C@@H]2[C@@H](C)OC3=O)nc1C,Fe3+,Cc1nnc([C@@]23CC(F)(F)[C@@H](C)[C@H](C=Cc4ccc(Br)cn4)[C@@H]2[C@@H](C)OC3=O)nc1C.[Fe+3],1.5619516
TRZ05239,Cc1nnc(-c2cc(C(C)C)cc(C(F)(F)F)n2)nc1C,Fe3+,Cc1nnc(-c2cc(C(C)C)cc(C(F)(F)F)n2)nc1C.[Fe+3],1.5615225
TRZ02594,Cc1nnc(-c2sc3nc4ccccc4n3c2C)nc1C,Fe3+,Cc1nnc(-c2sc3nc4ccccc4n3c2C)nc1C.[Fe+3],1.5606928
TRZ02281,Cc1nnc(-c2nnc(N)o2)nc1C,Fe3+,Cc1nnc(-c2nnc(N)o2)nc1C.[Fe+3],1.5474486
TRZ00374,Cc1ccc(OCc2ccc(-c3nnc(C)c(C)n3)o2)cc1C,Fe3+,Cc1ccc(OCc2ccc(-c3nnc(C)c(C)n3)o2)cc1C.[Fe+3],1.5425739
TRZ05775,Cc1nnc(-c2noc(C)c2F)nc1C,Fe3+,Cc1nnc(-c2noc(C)c2F)nc1C.[Fe+3],1.5419598
TRZ05894,Cc1nnc(-c2c(C(F)(F)F)nn(C)c2Cl)nc1C,Fe3+,Cc1nnc(-c2c(C(F)(F)F)nn(C)c2Cl)nc1C.[Fe+3],1.5380502
TRZ00514,Cc1nnc(-c2cc3c(s2)CCCCCC3)nc1C,Fe3+,Cc1nnc(-c2cc3c(s2)CCCCCC3)nc1C.[Fe+3],1.5331488
TRZ04034,Cc1nnc(-c2nnc(C(F)(F)F)c(C(F)(F)F)n2)nc1C,Fe3+,Cc1nnc(-c2nnc(C(F)(F)F)c(C(F)(F)F)n2)nc1C.[Fe+3],1.5270405
TRZ00155,Cc1nnc(-c2ccc(COc3ccc4c(c3)CCC4)o2)nc1C,Fe3+,Cc1nnc(-c2ccc(COc3ccc4c(c3)CCC4)o2)nc1C.[Fe+3],1.5256853
TRZ00872,Cc1csc(-c2nnc(C)c(C)n2)c1Cl,Fe3+,Cc1csc(-c2nnc(C)c(C)n2)c1Cl.[Fe+3],1.5228443
TRZ00422,Cc1nnc(-c2cc3c(s2)CCCCC3)nc1C,Fe3+,Cc1nnc(-c2cc3c(s2)CCCCC3)nc1C.[Fe+3],1.5198116
TRZ01379,CCN/C(=C\c1c(C)c(C)cc(C)c1C)c1nnc(C)c(C)n1,Fe3+,CCN/C(=C\c1c(C)c(C)cc(C)c1C)c1nnc(C)c(C)n1.[Fe+3],1.516015
TRZ05591,Cc1cc(-c2nnc(C)c(C)n2)nc(N2CC3C(C2)C3(F)F)n1,Fe3+,Cc1cc(-c2nnc(C)c(C)n2)nc(N2CC3C(C2)C3(F)F)n1.[Fe+3],1.5131645
TRZ04147,Cc1nnc([C@@]23CC(F)(F)[C@@H](C)[C@H](/C=C/c4ccc(Br)cn4)[C@@H]2[C@@H](C)OC3=O)nc1C,Fe3+,Cc1nnc([C@@]23CC(F)(F)[C@@H](C)[C@H](/C=C/c4ccc(Br)cn4)[C@@H]2[C@@H](C)OC3=O)nc1C.[Fe+3],1.5069284
TRZ00674,Cc1nnc(-c2sc(N3CCOCC3)nc2C)nc1C,Fe3+,Cc1nnc(-c2sc(N3CCOCC3)nc2C)nc1C.[Fe+3],1.5042243
TRZ00600,Cc1nnc(-c2c(-n3c(C)ccc3C)sc(C)c2C)nc1C,Fe3+,Cc1nnc(-c2c(-n3c(C)ccc3C)sc(C)c2C)nc1C.[Fe+3],1.5023775
TRZ02390,Cc1nnc(-c2sc(COc3ccc(C(C)(C)C)cc3)nc2C)nc1C,Fe3+,Cc1nnc(-c2sc(COc3ccc(C(C)(C)C)cc3)nc2C)nc1C.[Fe+3],1.499722
TRZ01028,COc1c(F)cc(Nc2cc3c(cc2-c2nnc(C)c(C)n2)OCCO3)cc1F,Fe3+,COc1c(F)cc(Nc2cc3c(cc2-c2nnc(C)c(C)n2)OCCO3)cc1F.[Fe+3],1.4939466
TRZ00127,CCOc1ccc(OCc2ccc(-c3nnc(C)c(C)n3)o2)cc1,Fe3+,CCOc1ccc(OCc2ccc(-c3nnc(C)c(C)n3)o2)cc1.[Fe+3],1.4930296
TRZ02731,Cc1nn2c(C)c(-c3nnc(C)c(C)n3)nc2s1,Fe3+,Cc1nn2c(C)c(-c3nnc(C)c(C)n3)nc2s1.[Fe+3],1.4918618
TRZ01981,Cc1ccc(C(C)C)cc1OCc1nnc(C)c(C)n1,Fe3+,Cc1ccc(C(C)C)cc1OCc1nnc(C)c(C)n1.[Fe+3],1.4861612
TRZ02134,Cc1nnc(-c2cc3c(s2)CCCC3)nc1C,Fe3+,Cc1nnc(-c2cc3c(s2)CCCC3)nc1C.[Fe+3],1.4772577
TRZ01672,COc1ccc(C(=O)Nc2nc(C)c(-c3nnc(C)c(C)n3)s2)cc1,Fe3+,COc1ccc(C(=O)Nc2nc(C)c(-c3nnc(C)c(C)n3)s2)cc1.[Fe+3],1.4625196
TRZ02410,Cc1nnc(CSc2ncnc3c(C)csc23)nc1C,Fe3+,Cc1nnc(CSc2ncnc3c(C)csc23)nc1C.[Fe+3],1.4624228
TRZ01532,Cc1cc(OC(C)c2nnc(C)c(C)n2)cc(C)c1Cl,Fe3+,Cc1cc(OC(C)c2nnc(C)c(C)n2)cc(C)c1Cl.[Fe+3],1.4620895
TRZ05117,Cc1nnc(-c2scnc2C(F)(F)F)nc1C,Fe3+,Cc1nnc(-c2scnc2C(F)(F)F)nc1C.[Fe+3],1.4579968
TRZ04389,CCc1nc(F)c(-c2nnc(C)c(C)n2)c(F)c1F,Fe3+,CCc1nc(F)c(-c2nnc(C)c(C)n2)c(F)c1F.[Fe+3],1.4565845
TRZ05594,Cc1cc(-c2nnc(C)c(C)n2)nc(N2CC(F)(F)C2)n1,Fe3+,Cc1cc(-c2nnc(C)c(C)n2)nc(N2CC(F)(F)C2)n1.[Fe+3],1.4455838
TRZ00499,Cc1nnc(-c2cc3sccc3s2)nc1C,Fe3+,Cc1nnc(-c2cc3sccc3s2)nc1C.[Fe+3],1.4406834
TRZ02474,CCc1sc(-c2nnc(C)c(C)n2)cc1C,Fe3+,CCc1sc(-c2nnc(C)c(C)n2)cc1C.[Fe+3],1.4217658
TRZ04432,Cc1nnc(-c2cscc2-c2ccc(F)c(Cl)c2)nc1C,Fe3+,Cc1nnc(-c2cscc2-c2ccc(F)c(Cl)c2)nc1C.[Fe+3],1.4111981
TRZ03626,COc1cc(-c2cccc(F)c2)ccc1-c1nnc(C)c(C)n1,Fe3+,COc1cc(-c2cccc(F)c2)ccc1-c1nnc(C)c(C)n1.[Fe+3],1.3862267
TRZ01550,CCC1CCc2sc(-c3nnc(C)c(C)n3)cc2C1,Fe3+,CCC1CCc2sc(-c3nnc(C)c(C)n3)cc2C1.[Fe+3],1.3847909
TRZ01213,Cc1nnc(-c2nn(-c3ccccc3)c(=O)c(C#N)c2C)nc1C,Fe3+,Cc1nnc(-c2nn(-c3ccccc3)c(=O)c(C#N)c2C)nc1C.[Fe+3],1.3819346
TRZ03295,Cc1nnc(C(=O)Nc2ccc(C3CCC(C)CC3)cc2F)nc1C,Fe3+,Cc1nnc(C(=O)Nc2ccc(C3CCC(C)CC3)cc2F)nc1C.[Fe+3],1.3778033
TRZ01796,COc1cc(C(=O)Nc2cc3c(cc2-c2nnc(C)c(C)n2)OCCO3)cc(OC)c1OC,Fe3+,COc1cc(C(=O)Nc2cc3c(cc2-c2nnc(C)c(C)n2)OCCO3)cc(OC)c1OC.[Fe+3],1.3489556
TRZ03255,COc1cc(O)cc(F)c1-c1nnc(C)c(C)n1,Fe3+,COc1cc(O)cc(F)c1-c1nnc(C)c(C)n1.[Fe+3],1.3388801
TRZ00371,Cc1ccc(C)c(OCc2ccc(-c3nnc(C)c(C)n3)o2)c1,Fe3+,Cc1ccc(C)c(OCc2ccc(-c3nnc(C)c(C)n3)o2)c1.[Fe+3],1.3287344
TRZ02357,Cc1nnc(-c2c(C)c(C#N)c3ccccn23)nc1C,Fe3+,Cc1nnc(-c2c(C)c(C#N)c3ccccn23)nc1C.[Fe+3],1.3226461
TRZ05890,Cc1nnc(-c2c(Cl)ncc(C(F)(F)F)c2C(=O)c2c(F)cccc2F)nc1C,Fe3+,Cc1nnc(-c2c(Cl)ncc(C(F)(F)F)c2C(=O)c2c(F)cccc2F)nc1C.[Fe+3],1.2925167
TRZ02283,Cc1nnc(CCn2[nH]c(=O)c(Cl)c(Cl)c2=O)nc1C,Fe3+,Cc1nnc(CCn2[nH]c(=O)c(Cl)c(Cl)c2=O)nc1C.[Fe+3],1.2878695
TRZ05585,Cc1cc(-c2nnc(C)c(C)n2)nc(N2C[C@@H](F)[C@@H](F)C2)n1,Fe3+,Cc1cc(-c2nnc(C)c(C)n2)nc(N2C[C@@H](F)[C@@H](F)C2)n1.[Fe+3],1.2809877
TRZ02522,Cc1nnc(-c2cc(SCc3cccc(C#N)c3)ccn2)nc1C,Fe3+,Cc1nnc(-c2cc(SCc3cccc(C#N)c3)ccn2)nc1C.[Fe+3],1.278542
TRZ01430,COc1c(C)cccc1-c1nnc(C)c(C)n1,Fe3+,COc1c(C)cccc1-c1nnc(C)c(C)n1.[Fe+3],1.2758307
TRZ02770,Cc1nnc(C(C#N)=Cc2ccccc2)nc1C,Fe3+,Cc1nnc(C(C#N)=Cc2ccccc2)nc1C.[Fe+3],1.2719064
TRZ05265,Cc1nnc(-c2snnc2C(F)F)nc1C,Fe3+,Cc1nnc(-c2snnc2C(F)F)nc1C.[Fe+3],1.2596016
TRZ02420,CSc1c(C#N)c(-c2ccccc2)nn1Cc1nnc(C)c(C)n1,Fe3+,CSc1c(C#N)c(-c2ccccc2)nn1Cc1nnc(C)c(C)n1.[Fe+3],1.2579861
TRZ02619,Cc1nnc(-c2ccc(-c3nnc(C)c(C)n3)s2)nc1C,Fe3+,Cc1nnc(-c2ccc(-c3nnc(C)c(C)n3)s2)nc1C.[Fe+3],1.2535305
TRZ03778,Cc1nnc(C(=O)c2c(F)cccc2F)nc1C,Fe3+,Cc1nnc(C(=O)c2c(F)cccc2F)nc1C.[Fe+3],1.2520795
TRZ00871,Cc1nc(C)c(-c2nnc(C)c(C)n2)s1,Fe3+,Cc1nc(C)c(-c2nnc(C)c(C)n2)s1.[Fe+3],1.2392893
TRZ02572,Cc1nnc(Cc2c([N+](=O)[O-])ncn2C)nc1C,Fe3+,Cc1nnc(Cc2c([N+](=O)[O-])ncn2C)nc1C.[Fe+3],1.2294025
TRZ00251,Cc1ccc(-c2sc(-c3nnc(C)c(C)n3)c(C)c2C#N)cc1,Fe3+,Cc1ccc(-c2sc(-c3nnc(C)c(C)n3)c(C)c2C#N)cc1.[Fe+3],1.2102375
TRZ00055,Cc1nnc(-c2ccc([N+](=O)[O-])o2)nc1C,Fe3+,Cc1nnc(-c2ccc([N+](=O)[O-])o2)nc1C.[Fe+3],1.1681566
TRZ00115,Cc1nnc(-c2sc(-c3ccccc3)c(C#N)c2C)nc1C,Fe3+,Cc1nnc(-c2sc(-c3ccccc3)c(C#N)c2C)nc1C.[Fe+3],1.1504359
TRZ00384,Cc1nnc(-c2nn(-c3ccc(F)cc3)c(=O)c(C#N)c2C)nc1C,Fe3+,Cc1nnc(-c2nn(-c3ccc(F)cc3)c(=O)c(C#N)c2C)nc1C.[Fe+3],1.1371064
TRZ02370,Cc1nnc(-c2nn(-c3ccc(C(C)(C)C)cc3)c(=O)c(C#N)c2C)nc1C,Fe3+,Cc1nnc(-c2nn(-c3ccc(C(C)(C)C)cc3)c(=O)c(C#N)c2C)nc1C.[Fe+3],1.1365442
TRZ01543,CSc1sc(-c2nnc(C)c(C)n2)c2c1C=CCC2,Fe3+,CSc1sc(-c2nnc(C)c(C)n2)c2c1C=CCC2.[Fe+3],1.1333327
TRZ05439,COc1cc2cc(-c3nnc(C)c(C)n3)n(C)c2c(F)c1Cl,Fe3+,COc1cc2cc(-c3nnc(C)c(C)n3)n(C)c2c(F)c1Cl.[Fe+3],1.1217675
TRZ03979,Cc1nnc(-c2nc(C(F)(F)F)c(C(F)(F)F)nc2N)nc1C,Fe3+,Cc1nnc(-c2nc(C(F)(F)F)c(C(F)(F)F)nc2N)nc1C.[Fe+3],1.1185608
TRZ05597,Cc1cc(-c2nnc(C)c(C)n2)nc(N2CC(F)(F)CC(F)(F)C2)n1,Fe3+,Cc1cc(-c2nnc(C)c(C)n2)nc(N2CC(F)(F)CC(F)(F)C2)n1.[Fe+3],1.115838
TRZ03300,COc1cc(F)c(C(Nc2ccc(C(=N)N)cc2)c2nnc(C)c(C)n2)cc1OC,Fe3+,COc1cc(F)c(C(Nc2ccc(C(=N)N)cc2)c2nnc(C)c(C)n2)cc1OC.[Fe+3],1.1075382
TRZ04851,Cc1nnc(-c2cc(F)c(F)c(Cl)c2NC2CC2)nc1C,Fe3+,Cc1nnc(-c2cc(F)c(F)c(Cl)c2NC2CC2)nc1C.[Fe+3],1.1072593
TRZ00065,Cc1nnc(-c2cc3c(s2)CCC(C)C3)nc1C,Fe3+,Cc1nnc(-c2cc3c(s2)CCC(C)C3)nc1C.[Fe+3],1.0949922
TRZ00805,COc1cccc(-c2nnc(C)c(C)n2)c1-c1nnc(C)c(C)n1,Fe3+,COc1cccc(-c2nnc(C)c(C)n2)c1-c1nnc(C)c(C)n1.[Fe+3],1.0936861
TRZ05558,Cc1nnc(-c2nc3cc(C#N)c(F)cc3s2)nc1C,Fe3+,Cc1nnc(-c2nc3cc(C#N)c(F)cc3s2)nc1C.[Fe+3],1.0702133
TRZ01519,Cc1nc(-c2nnc(C)c(C)n2)c(C(F)(F)F)o1,Fe3+,Cc1nc(-c2nnc(C)c(C)n2)c(C(F)(F)F)o1.[Fe+3],1.0561976
TRZ02009,Cc1nnc(-c2cc3c(s2)-c2ccccc2CC3)nc1C,Fe3+,Cc1nnc(-c2cc3c(s2)-c2ccccc2CC3)nc1C.[Fe+3],1.0484324
TRZ02578,Cc1nnc(COc2ccc(/C=C/c3ccc(Cl)cc3)cc2)nc1C,Fe3+,Cc1nnc(COc2ccc(/C=C/c3ccc(Cl)cc3)cc2)nc1C.[Fe+3],1.0246077
TRZ01788,COc1c(F)cc(C(=O)Nc2cc3c(cc2-c2nnc(C)c(C)n2)OCCO3)cc1F,Fe3+,COc1c(F)cc(C(=O)Nc2cc3c(cc2-c2nnc(C)c(C)n2)OCCO3)cc1F.[Fe+3],0.9792352
TRZ02027,Cc1nnc(Cn2c([N+](=O)[O-])cnc2C)nc1C,Fe3+,Cc1nnc(Cn2c([N+](=O)[O-])cnc2C)nc1C.[Fe+3],0.97576904
TRZ02030,Cc1nnc(-c2cc3c(s2)-c2ccccc2OC3)nc1C,Fe3+,Cc1nnc(-c2cc3c(s2)-c2ccccc2OC3)nc1C.[Fe+3],0.9652982
TRZ00859,Cc1nsc(-c2nnc(C)c(C)n2)n1,Fe3+,Cc1nsc(-c2nnc(C)c(C)n2)n1.[Fe+3],0.9353056
TRZ04012,Cc1nnc(CCOCOc2c(F)c(F)cc(F)c2F)nc1C,Fe3+,Cc1nnc(CCOCOc2c(F)c(F)cc(F)c2F)nc1C.[Fe+3],0.91875553
TRZ04167,CCOc1cc(F)c(Cl)cc1-c1nnc(C)c(C)n1,Fe3+,CCOc1cc(F)c(Cl)cc1-c1nnc(C)c(C)n1.[Fe+3],0.9165673
TRZ00165,Cc1nnc(-c2nonc2C)nc1C,Fe3+,Cc1nnc(-c2nonc2C)nc1C.[Fe+3],0.8912606
TRZ05384,Cc1nnc(-c2nc3cc(F)c(F)cc3s2)nc1C,Fe3+,Cc1nnc(-c2nc3cc(F)c(F)cc3s2)nc1C.[Fe+3],0.88151073
TRZ00727,Cc1nnc(-c2ccc(-c3nnc(C)c(C)n3)o2)nc1C,Fe3+,Cc1nnc(-c2ccc(-c3nnc(C)c(C)n3)o2)nc1C.[Fe+3],0.8455839
TRZ00451,Cc1nnc(-c2snnc2C)nc1C,Fe3+,Cc1nnc(-c2snnc2C)nc1C.[Fe+3],0.8390136
TRZ01376,Cc1cc(C)c(/C=C(\NCCc2ccccc2)c2nnc(C)c(C)n2)c(C)c1,Fe3+,Cc1cc(C)c(/C=C(\NCCc2ccccc2)c2nnc(C)c(C)n2)c(C)c1.[Fe+3],0.8052988
TRZ02712,Cc1nnc(-c2ccoc2-c2nnc(C)c(C)n2)nc1C,Fe3+,Cc1nnc(-c2ccoc2-c2nnc(C)c(C)n2)nc1C.[Fe+3],0.8036046
TRZ05246,Cc1nnc(-c2nc(C3(F)CC3)ns2)nc1C,Fe3+,Cc1nnc(-c2nc(C3(F)CC3)ns2)nc1C.[Fe+3],0.73807144
TRZ02759,CCOc1cc(-c2nnc(C)c(C)n2)c(OCC)cc1-c1nnc(C)c(C)n1,Fe3+,CCOc1cc(-c2nnc(C)c(C)n2)c(OCC)cc1-c1nnc(C)c(C)n1.[Fe+3],0.7286372
TRZ02147,Cc1nc(C(F)(F)F)c(-c2nnc(C)c(C)n2)s1,Fe3+,Cc1nc(C(F)(F)F)c(-c2nnc(C)c(C)n2)s1.[Fe+3],0.6838465
TRZ00124,Cc1ccc(-n2nc(-c3nnc(C)c(C)n3)c(C)c(C#N)c2=O)cc1Cl,Fe3+,Cc1ccc(-n2nc(-c3nnc(C)c(C)n3)c(C)c(C#N)c2=O)cc1Cl.[Fe+3],0.67698336
TRZ00383,CCCc1ccc(OCc2ccc(-c3nnc(C)c(C)n3)o2)c(OC)c1,Fe3+,CCCc1ccc(OCc2ccc(-c3nnc(C)c(C)n3)o2)c(OC)c1.[Fe+3],0.6395664
TRZ03301,CCOc1cc(C(Nc2ccc(C(=N)N)cc2)c2nnc(C)c(C)n2)c(F)cc1OC(C)C,Fe3+,CCOc1cc(C(Nc2ccc(C(=N)N)cc2)c2nnc(C)c(C)n2)c(F)cc1OC(C)C.[Fe+3],0.59661484
TRZ01492,Cc1nnc(-c2sc(-c3nnc(C)c(C)n3)c(C)c2C)nc1C,Fe3+,Cc1nnc(-c2sc(-c3nnc(C)c(C)n3)c(C)c2C)nc1C.[Fe+3],0.5587959
TRZ00279,Cc1cc(-c2nc(C)c(-c3nnc(C)c(C)n3)s2)no1,Fe3+,Cc1cc(-c2nc(C)c(-c3nnc(C)c(C)n3)s2)no1.[Fe+3],0.5399132
TRZ04880,Cc1nnc(COc2c(F)cc(C#N)cc2F)nc1C,Fe3+,Cc1nnc(COc2c(F)cc(C#N)cc2F)nc1C.[Fe+3],0.52473116
TRZ02877,Cc1nnc(COc2c(F)c(F)cc(F)c2F)nc1C,Fe3+,Cc1nnc(COc2c(F)c(F)cc(F)c2F)nc1C.[Fe+3],0.5108423
TRZ02873,Cc1nnc(-c2cc3c(s2)-c2cc(F)ccc2OC3)nc1C,Fe3+,Cc1nnc(-c2cc3c(s2)-c2cc(F)ccc2OC3)nc1C.[Fe+3],0.50815773
TRZ03633,COc1cc(-c2ccc(F)c(Cl)c2)ccc1-c1nnc(C)c(C)n1,Fe3+,COc1cc(-c2ccc(F)c(Cl)c2)ccc1-c1nnc(C)c(C)n1.[Fe+3],0.47508192
TRZ00075,Cc1nnc(-c2nc(Cl)c(Cl)c(N)c2Cl)nc1C,Fe3+,Cc1nnc(-c2nc(Cl)c(Cl)c(N)c2Cl)nc1C.[Fe+3],0.43530893
TRZ00035,Cc1nnc(-c2sc(N)nc2C)nc1C,Fe3+,Cc1nnc(-c2sc(N)nc2C)nc1C.[Fe+3],0.42523623
TRZ02776,COc1cc(-c2nnc(C)c(C)n2)c(OC)cc1-c1nnc(C)c(C)n1,Fe3+,COc1cc(-c2nnc(C)c(C)n2)c(OC)cc1-c1nnc(C)c(C)n1.[Fe+3],0.29381227
TRZ03573,Cc1nnc(-c2sc(Cl)nc2C(F)(F)F)nc1C,Fe3+,Cc1nnc(-c2sc(Cl)nc2C(F)(F)F)nc1C.[Fe+3],0.25179768
TRZ01556,COc1ccc(CCCc2nnc(SCc3nnc(C)c(C)n3)o2)c(C)c1,Fe3+,COc1ccc(CCCc2nnc(SCc3nnc(C)c(C)n3)o2)c(C)c1.[Fe+3],0.19144678
TRZ00647,COc1ccc(CCCc2nnc(SCc3nnc(C)c(C)n3)o2)cc1,Fe3+,COc1ccc(CCCc2nnc(SCc3nnc(C)c(C)n3)o2)cc1.[Fe+3],-0.44052076
TRZ04180,Cc1nnc(-c2c(C(F)(F)F)c(C(F)(F)C(F)(F)F)nn2C)nc1C,Fe3+,Cc1nnc(-c2c(C(F)(F)F)c(C(F)(F)C(F)(F)F)nn2C)nc1C.[Fe+3],-0.44656992
TRZ05388,Cc1nnc(-c2nc(F)c(F)nc2-c2nnc(C)c(C)n2)nc1C,Fe3+,Cc1nnc(-c2nc(F)c(F)nc2-c2nnc(C)c(C)n2)nc1C.[Fe+3],-0.7951498
