molecule_id,triazine_smiles,metal,cmplx_smiles,Exp LgK1
TRZ05617,Cc1nnc(CN2CCN(C(=O)c3cc(Cc4n[nH]c(=O)c5ccccc45)ccc3F)CC2)nc1C,Cu2+,Cc1nnc(CN2CCN(C(=O)c3cc(Cc4n[nH]c(=O)c5ccccc45)ccc3F)CC2)nc1C.[Cu+2],11.379892
TRZ02808,Cc1nnc(C(=NNc2ccccc2)S(=O)(=O)c2ccc(Cl)cc2)nc1C,Cu2+,Cc1nnc(C(=NNc2ccccc2)S(=O)(=O)c2ccc(Cl)cc2)nc1C.[Cu+2],10.820344
TRZ03962,Cc1nnc(CN2CCN(Cc3c(F)cccc3Cl)CC2)nc1C,Cu2+,Cc1nnc(CN2CCN(Cc3c(F)cccc3Cl)CC2)nc1C.[Cu+2],10.660385
TRZ04691,Cc1nnc(/C(=C\c2cccc(O)c2O)N(C)CCN(C)Cc2cccc(C(F)(F)F)c2)nc1C,Cu2+,Cc1nnc(/C(=C\c2cccc(O)c2O)N(C)CCN(C)Cc2cccc(C(F)(F)F)c2)nc1C.[Cu+2],10.376608
TRZ00950,Cc1nnc(/C(=N/Nc2ccc(Cl)cc2)S(=O)(=O)c2ccc(Cl)cc2)nc1C,Cu2+,Cc1nnc(/C(=N/Nc2ccc(Cl)cc2)S(=O)(=O)c2ccc(Cl)cc2)nc1C.[Cu+2],10.177103
TRZ00235,Cc1nnc(-c2[nH]c3ccc(S(N)(=O)=O)cc3c2-c2ccccc2Br)nc1C,Cu2+,Cc1nnc(-c2[nH]c3ccc(S(N)(=O)=O)cc3c2-c2ccccc2Br)nc1C.[Cu+2],10.112772
TRZ00522,Cc1nnc(/C(=N/Nc2ccccc2)S(=O)(=O)c2ccc(Cl)cc2)nc1C,Cu2+,Cc1nnc(/C(=N/Nc2ccccc2)S(=O)(=O)c2ccc(Cl)cc2)nc1C.[Cu+2],10.083361
TRZ04688,Cc1nnc(COCC(=O)NC23CC(NC(=O)COc4ccc(Cl)c(F)c4)(C2)C3)nc1C,Cu2+,Cc1nnc(COCC(=O)NC23CC(NC(=O)COc4ccc(Cl)c(F)c4)(C2)C3)nc1C.[Cu+2],9.950024
TRZ00370,Cc1nnc(CC(=O)NC2(Cc3ccc(O)cc3)CCCCC2)nc1C,Cu2+,Cc1nnc(CC(=O)NC2(Cc3ccc(O)cc3)CCCCC2)nc1C.[Cu+2],9.649891
TRZ02164,Cc1ccc(N/N=C(\c2nnc(C)c(C)n2)S(=O)(=O)c2ccc(Cl)cc2)cc1,Cu2+,Cc1ccc(N/N=C(\c2nnc(C)c(C)n2)S(=O)(=O)c2ccc(Cl)cc2)cc1.[Cu+2],9.5802
TRZ00544,Cc1nnc(CN2C(=O)c3ccccc3NC2c2ccco2)nc1C,Cu2+,Cc1nnc(CN2C(=O)c3ccccc3NC2c2ccco2)nc1C.[Cu+2],9.51118
TRZ01215,Cc1nnc(C(NC(=O)c2ccccc2)c2n[nH]c(=O)c3ccccc23)nc1C,Cu2+,Cc1nnc(C(NC(=O)c2ccccc2)c2n[nH]c(=O)c3ccccc23)nc1C.[Cu+2],9.487242
TRZ02171,Cc1nnc(CN2CCN(Cc3ccccc3Cl)CC2)nc1C,Cu2+,Cc1nnc(CN2CCN(Cc3ccccc3Cl)CC2)nc1C.[Cu+2],9.410128
TRZ01165,Cc1nnc(-c2ccccc2Nc2nc(Nc3ccc(N4CCN(C)CC4)cc3)ncc2F)nc1C,Cu2+,Cc1nnc(-c2ccccc2Nc2nc(Nc3ccc(N4CCN(C)CC4)cc3)ncc2F)nc1C.[Cu+2],9.399887
TRZ00469,Cc1nnc(CN2CCN(Cc3ccccc3)CC2)nc1C,Cu2+,Cc1nnc(CN2CCN(Cc3ccccc3)CC2)nc1C.[Cu+2],9.281179
TRZ02342,Cc1nnc(CNC(=O)c2ccc(S(=O)(=O)N(C)C)cc2)nc1C,Cu2+,Cc1nnc(CNC(=O)c2ccc(S(=O)(=O)N(C)C)cc2)nc1C.[Cu+2],9.098722
TRZ01168,Cc1nnc(-c2ccccc2Nc2nc(Nc3ccc(N4CCOCC4)cc3)ncc2F)nc1C,Cu2+,Cc1nnc(-c2ccccc2Nc2nc(Nc3ccc(N4CCOCC4)cc3)ncc2F)nc1C.[Cu+2],9.0828905
TRZ00547,Cc1nnc(C(C)N2C(=O)c3ccccc3NC2c2ccco2)nc1C,Cu2+,Cc1nnc(C(C)N2C(=O)c3ccccc3NC2c2ccco2)nc1C.[Cu+2],9.034904
TRZ02272,Cc1nnc(C(CS)NC(=O)C(Cc2c[nH]c3ccccc23)NC(=O)OC(C)(C)C)nc1C,Cu2+,Cc1nnc(C(CS)NC(=O)C(Cc2c[nH]c3ccccc23)NC(=O)OC(C)(C)C)nc1C.[Cu+2],8.914017
TRZ03706,COc1nc(NCCc2c(F)cccc2Cl)cc(-c2ccc(=O)n(Cc3nnc(C)c(C)n3)c2)n1,Cu2+,COc1nc(NCCc2c(F)cccc2Cl)cc(-c2ccc(=O)n(Cc3nnc(C)c(C)n3)c2)n1.[Cu+2],8.902674
TRZ01175,CCN1CCN(c2ccc(Nc3ncc(F)c(Nc4ccccc4-c4nnc(C)c(C)n4)n3)cc2)CC1,Cu2+,CCN1CCN(c2ccc(Nc3ncc(F)c(Nc4ccccc4-c4nnc(C)c(C)n4)n3)cc2)CC1.[Cu+2],8.660041
TRZ00812,Cc1nnc(-c2cccc(Cc3cnc[nH]3)c2O)nc1C,Cu2+,Cc1nnc(-c2cccc(Cc3cnc[nH]3)c2O)nc1C.[Cu+2],8.585321
TRZ03963,Cc1nnc(CN2CCN(Cc3ccc(C(F)(F)F)cc3)CC2)nc1C,Cu2+,Cc1nnc(CN2CCN(Cc3ccc(C(F)(F)F)cc3)CC2)nc1C.[Cu+2],8.575864
TRZ04545,Cc1nnc(-c2ccc(CN3CCN(C)CC3c3ccc(F)cc3)nc2)nc1C,Cu2+,Cc1nnc(-c2ccc(CN3CCN(C)CC3c3ccc(F)cc3)nc2)nc1C.[Cu+2],8.453963
TRZ04077,Cc1nnc(CN2CCN(Cc3ccc(F)cc3)CC2)nc1C,Cu2+,Cc1nnc(CN2CCN(Cc3ccc(F)cc3)CC2)nc1C.[Cu+2],8.263786
TRZ04505,Cc1nnc(-c2ccc(CN3CCN(C)CC3c3ccccc3F)nc2)nc1C,Cu2+,Cc1nnc(-c2ccc(CN3CCN(C)CC3c3ccccc3F)nc2)nc1C.[Cu+2],8.262291
TRZ04572,Cc1nnc(-c2ccc(CN3CCN(C)CC3c3cccc(F)c3)nc2)nc1C,Cu2+,Cc1nnc(-c2ccc(CN3CCN(C)CC3c3cccc(F)c3)nc2)nc1C.[Cu+2],8.259854
TRZ01419,Cc1nnc(-c2cc(S(=O)(=O)NCc3ccccc3)ccc2O)nc1C,Cu2+,Cc1nnc(-c2cc(S(=O)(=O)NCc3ccccc3)ccc2O)nc1C.[Cu+2],8.239834
TRZ03513,Cc1nnc(Cn2nc(-c3c(C)n(CC(=O)O)c4ccc(F)cc34)c3ccccc3c2=O)nc1C,Cu2+,Cc1nnc(Cn2nc(-c3c(C)n(CC(=O)O)c4ccc(F)cc34)c3ccccc3c2=O)nc1C.[Cu+2],8.160149
TRZ00229,Cc1nnc(-c2[nH]c3ccc(S(N)(=O)=O)cc3c2-c2ccccc2F)nc1C,Cu2+,Cc1nnc(-c2[nH]c3ccc(S(N)(=O)=O)cc3c2-c2ccccc2F)nc1C.[Cu+2],8.086262
TRZ01490,Cc1nnc(-c2ccc(CN(c3cccc(Cl)c3)S(C)(=O)=O)nc2)nc1C,Cu2+,Cc1nnc(-c2ccc(CN(c3cccc(Cl)c3)S(C)(=O)=O)nc2)nc1C.[Cu+2],8.076283
TRZ00232,Cc1nnc(-c2[nH]c3ccc(S(N)(=O)=O)cc3c2-c2ccccc2Cl)nc1C,Cu2+,Cc1nnc(-c2[nH]c3ccc(S(N)(=O)=O)cc3c2-c2ccccc2Cl)nc1C.[Cu+2],8.008024
TRZ02550,Cc1nnc(-c2ccccc2S(=O)(=O)NCC2CC(c3ccc(Cl)cc3)=NO2)nc1C,Cu2+,Cc1nnc(-c2ccccc2S(=O)(=O)NCC2CC(c3ccc(Cl)cc3)=NO2)nc1C.[Cu+2],7.9593067
TRZ00545,Cc1nnc(CN2C(=O)c3ccccc3NC2c2ccc(Cl)cc2)nc1C,Cu2+,Cc1nnc(CN2C(=O)c3ccccc3NC2c2ccc(Cl)cc2)nc1C.[Cu+2],7.9314966
TRZ00397,COc1cccc(Oc2cn[nH]c2-c2ccc(OCc3nnc(C)c(C)n3)cc2O)c1,Cu2+,COc1cccc(Oc2cn[nH]c2-c2ccc(OCc3nnc(C)c(C)n3)cc2O)c1.[Cu+2],7.8697834
TRZ00654,COc1ccc(Oc2cn[nH]c2-c2ccc(OCc3nnc(C)c(C)n3)cc2O)cc1,Cu2+,COc1ccc(Oc2cn[nH]c2-c2ccc(OCc3nnc(C)c(C)n3)cc2O)cc1.[Cu+2],7.8184204
TRZ01731,COc1ccc(-c2cncn2Cc2nnc(C)c(C)n2)cc1O,Cu2+,COc1ccc(-c2cncn2Cc2nnc(C)c(C)n2)cc1O.[Cu+2],7.7809186
TRZ01140,Cc1nnc(-c2cnc3n(c2=O)C(C)CC/C3=N\Nc2ccccc2)nc1C,Cu2+,Cc1nnc(-c2cnc3n(c2=O)C(C)CC/C3=N\Nc2ccccc2)nc1C.[Cu+2],7.775131
TRZ00548,Cc1nnc(C(Cc2ccccc2)N2C(=O)c3ccccc3NC2c2ccco2)nc1C,Cu2+,Cc1nnc(C(Cc2ccccc2)N2C(=O)c3ccccc3NC2c2ccco2)nc1C.[Cu+2],7.7716384
TRZ01143,Cc1nnc(C2(C)C(=O)Nc3cc4nc(-c5ccncc5)[nH]c4cc32)nc1C,Cu2+,Cc1nnc(C2(C)C(=O)Nc3cc4nc(-c5ccncc5)[nH]c4cc32)nc1C.[Cu+2],7.697283
TRZ04328,Cc1nnc(-c2ccc(CN(c3cccc(F)c3)S(C)(=O)=O)nc2)nc1C,Cu2+,Cc1nnc(-c2ccc(CN(c3cccc(F)c3)S(C)(=O)=O)nc2)nc1C.[Cu+2],7.68936
TRZ02432,Cc1nnc(CN2CCN(Cc3ccc4c(c3)OCO4)CC2)nc1C,Cu2+,Cc1nnc(CN2CCN(Cc3ccc4c(c3)OCO4)CC2)nc1C.[Cu+2],7.688263
TRZ04318,Cc1nnc(-c2ccc(CN(c3cccc(C(F)(F)F)c3)S(C)(=O)=O)nc2)nc1C,Cu2+,Cc1nnc(-c2ccc(CN(c3cccc(C(F)(F)F)c3)S(C)(=O)=O)nc2)nc1C.[Cu+2],7.683052
TRZ00495,Cc1nnc(CCN2CCN(C(c3ccccc3)c3ccccc3)CC2)nc1C,Cu2+,Cc1nnc(CCN2CCN(C(c3ccccc3)c3ccccc3)CC2)nc1C.[Cu+2],7.6523247
TRZ00234,Cc1nnc(-c2[nH]c3ccc(S(N)(=O)=O)cc3c2-c2ccc(Cl)cc2)nc1C,Cu2+,Cc1nnc(-c2[nH]c3ccc(S(N)(=O)=O)cc3c2-c2ccc(Cl)cc2)nc1C.[Cu+2],7.642547
TRZ00137,Cc1nnc(-c2ccc(F)c3c(C(=O)C(=O)N4CCN(C(=O)c5ccccc5)CC4)c[nH]c23)nc1C,Cu2+,Cc1nnc(-c2ccc(F)c3c(C(=O)C(=O)N4CCN(C(=O)c5ccccc5)CC4)c[nH]c23)nc1C.[Cu+2],7.634
TRZ01987,Cc1nnc(COc2c(Br)cc(Br)c3cccnc23)nc1C,Cu2+,Cc1nnc(COc2c(Br)cc(Br)c3cccnc23)nc1C.[Cu+2],7.6069403
TRZ01843,Cc1nnc(CN2CCN(c3ccccc3)CC2)nc1C,Cu2+,Cc1nnc(CN2CCN(c3ccccc3)CC2)nc1C.[Cu+2],7.5998034
TRZ05870,Cc1nnc(C(C(c2ccc(F)cc2)c2ccc(F)cc2)N2CCNCC2)nc1C,Cu2+,Cc1nnc(C(C(c2ccc(F)cc2)c2ccc(F)cc2)N2CCNCC2)nc1C.[Cu+2],7.558338
TRZ04678,Cc1nnc(-c2cnc3c(c2)C(=O)N(C2COCCC2Oc2ccc(F)cc2)C3)nc1C,Cu2+,Cc1nnc(-c2cnc3c(c2)C(=O)N(C2COCCC2Oc2ccc(F)cc2)C3)nc1C.[Cu+2],7.546626
TRZ00587,Cc1nnc(CN2CCN(c3ncc(C(F)(F)F)cc3Cl)CC2)nc1C,Cu2+,Cc1nnc(CN2CCN(c3ncc(C(F)(F)F)cc3Cl)CC2)nc1C.[Cu+2],7.5315523
TRZ04682,Cc1nnc(-c2cnc3c(c2)C(=O)N(C2CCCCC2Oc2ccc(F)cc2)C3)nc1C,Cu2+,Cc1nnc(-c2cnc3c(c2)C(=O)N(C2CCCCC2Oc2ccc(F)cc2)C3)nc1C.[Cu+2],7.473817
TRZ02172,Cc1ccc(S(=O)(=O)N2CCN(Cc3nnc(C)c(C)n3)CC2)cc1,Cu2+,Cc1ccc(S(=O)(=O)N2CCN(Cc3nnc(C)c(C)n3)CC2)cc1.[Cu+2],7.4119844
TRZ00226,Cc1ccccc1-c1c(-c2nnc(C)c(C)n2)[nH]c2ccc(S(N)(=O)=O)cc12,Cu2+,Cc1ccccc1-c1c(-c2nnc(C)c(C)n2)[nH]c2ccc(S(N)(=O)=O)cc12.[Cu+2],7.395149
TRZ02549,Cc1nnc(-c2ccccc2S(=O)(=O)NCC2CC(c3ccccc3Cl)=NO2)nc1C,Cu2+,Cc1nnc(-c2ccccc2S(=O)(=O)NCC2CC(c3ccccc3Cl)=NO2)nc1C.[Cu+2],7.3941317
TRZ04870,Cc1nnc(CN2CCNCC2C(c2ccc(F)cc2)c2ccc(F)cc2)nc1C,Cu2+,Cc1nnc(CN2CCNCC2C(c2ccc(F)cc2)c2ccc(F)cc2)nc1C.[Cu+2],7.387031
TRZ01713,Cc1nnc(CN2CCN(c3cc4c(cc3F)c(=O)c(C(=O)O)cn4C3CC3)CC2)nc1C,Cu2+,Cc1nnc(CN2CCN(c3cc4c(cc3F)c(=O)c(C(=O)O)cn4C3CC3)CC2)nc1C.[Cu+2],7.3514194
TRZ00306,COc1ccc(-c2cn[nH]c2-c2ccc(OCc3nnc(C)c(C)n3)cc2O)cc1,Cu2+,COc1ccc(-c2cn[nH]c2-c2ccc(OCc3nnc(C)c(C)n3)cc2O)cc1.[Cu+2],7.3450384
TRZ00048,Cc1nnc(-c2[nH]c3ccc(S(N)(=O)=O)cc3c2-c2ccccc2)nc1C,Cu2+,Cc1nnc(-c2[nH]c3ccc(S(N)(=O)=O)cc3c2-c2ccccc2)nc1C.[Cu+2],7.322648
TRZ00542,Cc1nnc(CN2C(=O)c3ccccc3NC2c2ccccc2)nc1C,Cu2+,Cc1nnc(CN2C(=O)c3ccccc3NC2c2ccccc2)nc1C.[Cu+2],7.306924
TRZ05202,Cc1nnc(-c2ccc(N3CCC(S(=O)(=O)N(C)c4ccc(F)c(Cl)c4)CC3)nc2)nc1C,Cu2+,Cc1nnc(-c2ccc(N3CCC(S(=O)(=O)N(C)c4ccc(F)c(Cl)c4)CC3)nc2)nc1C.[Cu+2],7.3058605
TRZ00999,CCN1CCN(CCCNc2ccc(Nc3c(-c4nnc(C)c(C)n4)cnc4ccccc34)cc2)CC1,Cu2+,CCN1CCN(CCCNc2ccc(Nc3c(-c4nnc(C)c(C)n4)cnc4ccccc34)cc2)CC1.[Cu+2],7.3016787
TRZ04677,Cc1nnc(-c2cnc3c(c2)C(=O)N([C@@H]2COCC[C@H]2Oc2ccc(F)cc2)C3)nc1C,Cu2+,Cc1nnc(-c2cnc3c(c2)C(=O)N([C@@H]2COCC[C@H]2Oc2ccc(F)cc2)C3)nc1C.[Cu+2],7.294344
TRZ01407,Cc1nnc(CN(Cc2ccccc2)S(=O)(=O)c2ccc(Cl)cc2)nc1C,Cu2+,Cc1nnc(CN(Cc2ccccc2)S(=O)(=O)c2ccc(Cl)cc2)nc1C.[Cu+2],7.228551
TRZ02548,Cc1ccc(C2=NOC(CNS(=O)(=O)c3ccccc3-c3nnc(C)c(C)n3)C2)cc1,Cu2+,Cc1ccc(C2=NOC(CNS(=O)(=O)c3ccccc3-c3nnc(C)c(C)n3)C2)cc1.[Cu+2],7.2241917
TRZ03540,Cc1nnc(CN(Cc2ccccc2)S(=O)(=O)c2ccccc2C(F)(F)F)nc1C,Cu2+,Cc1nnc(CN(Cc2ccccc2)S(=O)(=O)c2ccccc2C(F)(F)F)nc1C.[Cu+2],7.174005
TRZ00231,Cc1nnc(-c2[nH]c3ccc(S(N)(=O)=O)cc3c2-c2ccc(F)cc2)nc1C,Cu2+,Cc1nnc(-c2[nH]c3ccc(S(N)(=O)=O)cc3c2-c2ccc(F)cc2)nc1C.[Cu+2],7.171443
TRZ01144,Cc1nnc(-c2cccc(O)c2O)nc1C,Cu2+,Cc1nnc(-c2cccc(O)c2O)nc1C.[Cu+2],7.1409583
TRZ02551,Cc1nnc(-c2ccccc2S(=O)(=O)NCC2CC(c3ccccc3)=NO2)nc1C,Cu2+,Cc1nnc(-c2ccccc2S(=O)(=O)NCC2CC(c3ccccc3)=NO2)nc1C.[Cu+2],7.13651
TRZ04408,Cc1nnc(-c2cnc(NC3(c4ccc(F)c(N5CCOCC5)c4)CCC3)nc2)nc1C,Cu2+,Cc1nnc(-c2cnc(NC3(c4ccc(F)c(N5CCOCC5)c4)CCC3)nc2)nc1C.[Cu+2],7.119278
TRZ01008,CCN1C(=O)c2cccc3c(S(=O)(=O)N4CCC[C@@H]4c4nnc(C)c(C)n4)ccc1c23,Cu2+,CCN1C(=O)c2cccc3c(S(=O)(=O)N4CCC[C@@H]4c4nnc(C)c(C)n4)ccc1c23.[Cu+2],7.1031675
TRZ01594,Cc1nnc([C@H](CCCN)NC(=O)c2cc(C34CC5CC(CC(C5)C3)C4)c3ccccc3n2)nc1C,Cu2+,Cc1nnc([C@H](CCCN)NC(=O)c2cc(C34CC5CC(CC(C5)C3)C4)c3ccccc3n2)nc1C.[Cu+2],7.0930123
TRZ04378,Cc1nnc(-c2ccc(CN(C(=O)c3ccncc3)c3cccc(F)c3)nc2)nc1C,Cu2+,Cc1nnc(-c2ccc(CN(C(=O)c3ccncc3)c3cccc(F)c3)nc2)nc1C.[Cu+2],7.0823607
TRZ00978,Cc1cc(O)ccc1-n1cc(-c2nnc(C)c(C)n2)c(=O)c2ccc(-c3ccncc3)cc21,Cu2+,Cc1cc(O)ccc1-n1cc(-c2nnc(C)c(C)n2)c(=O)c2ccc(-c3ccncc3)cc21.[Cu+2],7.0539303
TRZ01005,COc1ccccc1Oc1cn[nH]c1-c1ccc(OCc2nnc(C)c(C)n2)cc1O,Cu2+,COc1ccccc1Oc1cn[nH]c1-c1ccc(OCc2nnc(C)c(C)n2)cc1O.[Cu+2],7.051807
TRZ01692,CCN1CCN(CCCOc2ccc(Nc3c(-c4nnc(C)c(C)n4)cnc4ccccc34)cc2)CC1,Cu2+,CCN1CCN(CCCOc2ccc(Nc3c(-c4nnc(C)c(C)n4)cnc4ccccc34)cc2)CC1.[Cu+2],7.01169
TRZ05747,Cc1nnc(-c2ncc3c(F)cc(S(=O)(=O)NC4(C)CC4)cn23)nc1C,Cu2+,Cc1nnc(-c2ncc3c(F)cc(S(=O)(=O)NC4(C)CC4)cn23)nc1C.[Cu+2],6.9933586
TRZ00644,Cc1nnc(C(Cc2ccc(O)cc2)N2Cc3ccccc3C2=O)nc1C,Cu2+,Cc1nnc(C(Cc2ccc(O)cc2)N2Cc3ccccc3C2=O)nc1C.[Cu+2],6.982629
TRZ04660,CNS(=O)(=O)c1ccc(Nc2ccc(C(F)(F)F)cc2)c(-c2nnc(C)c(C)n2)c1,Cu2+,CNS(=O)(=O)c1ccc(Nc2ccc(C(F)(F)F)cc2)c(-c2nnc(C)c(C)n2)c1.[Cu+2],6.978528
TRZ00100,Cc1nnc([C@@H](N)Cc2ccc(O)cc2)nc1C,Cu2+,Cc1nnc([C@@H](N)Cc2ccc(O)cc2)nc1C.[Cu+2],6.942909
TRZ04742,Cc1nnc(-c2ccc(CN(C(=O)N3CCN(C)CC3)c3ccc(F)cc3)nc2)nc1C,Cu2+,Cc1nnc(-c2ccc(CN(C(=O)N3CCN(C)CC3)c3ccc(F)cc3)nc2)nc1C.[Cu+2],6.9378357
TRZ01860,COCCOc1ccc(Nc2ncc(F)c(Nc3ccccc3-c3nnc(C)c(C)n3)n2)cc1,Cu2+,COCCOc1ccc(Nc2ncc(F)c(Nc3ccccc3-c3nnc(C)c(C)n3)n2)cc1.[Cu+2],6.933874
TRZ04673,Cc1nnc(C2(c3nc4cc(F)ccc4n4cccc34)C=NC=CN2)nc1C,Cu2+,Cc1nnc(C2(c3nc4cc(F)ccc4n4cccc34)C=NC=CN2)nc1C.[Cu+2],6.929198
TRZ01878,Cc1nnc(CNc2c(-c3ccsc3)nc3ccccn23)nc1C,Cu2+,Cc1nnc(CNc2c(-c3ccsc3)nc3ccccn23)nc1C.[Cu+2],6.871435
TRZ02320,Cc1nnc(Cc2csc(CC(N)=O)n2)nc1C,Cu2+,Cc1nnc(Cc2csc(CC(N)=O)n2)nc1C.[Cu+2],6.859951
TRZ00227,Cc1cccc(-c2c(-c3nnc(C)c(C)n3)[nH]c3ccc(S(N)(=O)=O)cc23)c1,Cu2+,Cc1cccc(-c2c(-c3nnc(C)c(C)n3)[nH]c3ccc(S(N)(=O)=O)cc23)c1.[Cu+2],6.8489265
TRZ00233,Cc1nnc(-c2[nH]c3ccc(S(N)(=O)=O)cc3c2-c2cccc(Cl)c2)nc1C,Cu2+,Cc1nnc(-c2[nH]c3ccc(S(N)(=O)=O)cc3c2-c2cccc(Cl)c2)nc1C.[Cu+2],6.8368397
TRZ04428,Cc1nnc(C2C=NC(NC3(c4ccc(Cl)c(F)c4)CC3)=NC2)nc1C,Cu2+,Cc1nnc(C2C=NC(NC3(c4ccc(Cl)c(F)c4)CC3)=NC2)nc1C.[Cu+2],6.828824
TRZ04383,Cc1nnc(-c2ccc(CN(C(=O)C3CCN(C)CC3)c3cccc(F)c3)nc2)nc1C,Cu2+,Cc1nnc(-c2ccc(CN(C(=O)C3CCN(C)CC3)c3cccc(F)c3)nc2)nc1C.[Cu+2],6.8075905
TRZ02547,C#CCNS(=O)(=O)c1ccccc1-c1nnc(C)c(C)n1,Cu2+,C#CCNS(=O)(=O)c1ccccc1-c1nnc(C)c(C)n1.[Cu+2],6.7645864
TRZ00404,Cc1nnc([C@@H](N)Cc2cnc[nH]2)nc1C,Cu2+,Cc1nnc([C@@H](N)Cc2cnc[nH]2)nc1C.[Cu+2],6.759235
TRZ02540,Cc1nnc(COc2ccc(-c3n[nH]c(C)c3-c3ccc(Cl)cc3)c(O)c2)nc1C,Cu2+,Cc1nnc(COc2ccc(-c3n[nH]c(C)c3-c3ccc(Cl)cc3)c(O)c2)nc1C.[Cu+2],6.758567
TRZ05563,Cc1nnc(-c2ccc(CN(C(=O)N3CCSCC3)c3ccc(F)cc3)nc2)nc1C,Cu2+,Cc1nnc(-c2ccc(CN(C(=O)N3CCSCC3)c3ccc(F)cc3)nc2)nc1C.[Cu+2],6.7490406
TRZ04674,Cc1nnc(-c2cnc3c(c2)C(=O)N([C@@H]2CCCC(F)(F)[C@H]2NC(=O)O)C3)nc1C,Cu2+,Cc1nnc(-c2cnc3c(c2)C(=O)N([C@@H]2CCCC(F)(F)[C@H]2NC(=O)O)C3)nc1C.[Cu+2],6.730061
TRZ00237,Cc1nnc(-c2[nH]c3ccc(S(N)(=O)=O)cc3c2-c2ccc(Br)cc2)nc1C,Cu2+,Cc1nnc(-c2[nH]c3ccc(S(N)(=O)=O)cc3c2-c2ccc(Br)cc2)nc1C.[Cu+2],6.7235284
TRZ00228,Cc1ccc(-c2c(-c3nnc(C)c(C)n3)[nH]c3ccc(S(N)(=O)=O)cc23)cc1,Cu2+,Cc1ccc(-c2c(-c3nnc(C)c(C)n3)[nH]c3ccc(S(N)(=O)=O)cc23)cc1.[Cu+2],6.7044387
TRZ03663,Cc1nnc(CNS(=O)(=O)c2ccccc2C(F)(F)F)nc1C,Cu2+,Cc1nnc(CNS(=O)(=O)c2ccccc2C(F)(F)F)nc1C.[Cu+2],6.7031674
TRZ00927,Cc1nnc(CNC(=O)CNS(=O)(=O)c2ccccc2)nc1C,Cu2+,Cc1nnc(CNC(=O)CNS(=O)(=O)c2ccccc2)nc1C.[Cu+2],6.666796
TRZ00543,Cc1nnc(CN2C(=O)c3ccccc3NC2c2ccc3c(c2)OCO3)nc1C,Cu2+,Cc1nnc(CN2C(=O)c3ccccc3NC2c2ccc3c(c2)OCO3)nc1C.[Cu+2],6.639626
TRZ00653,CCOc1ccccc1Oc1cn[nH]c1-c1ccc(OCc2nnc(C)c(C)n2)cc1O,Cu2+,CCOc1ccccc1Oc1cn[nH]c1-c1ccc(OCc2nnc(C)c(C)n2)cc1O.[Cu+2],6.6362853
TRZ01874,Cc1nnc(-c2cc(=S)nc[nH]2)nc1C,Cu2+,Cc1nnc(-c2cc(=S)nc[nH]2)nc1C.[Cu+2],6.5992527
TRZ04405,Cc1nnc(-c2cnc(NC3(c4ccccc4F)CCC3)nc2)nc1C,Cu2+,Cc1nnc(-c2cnc(NC3(c4ccccc4F)CCC3)nc2)nc1C.[Cu+2],6.5886197
TRZ02928,Cc1nnc(-c2cn(C)c(=O)cc2Nc2ccc(I)cc2F)nc1C,Cu2+,Cc1nnc(-c2cn(C)c(=O)cc2Nc2ccc(I)cc2F)nc1C.[Cu+2],6.5238986
TRZ02553,Cc1nnc(-c2ccccc2S(=O)(=O)NCC2CC(c3ccc(Cl)cc3Cl)=NO2)nc1C,Cu2+,Cc1nnc(-c2ccccc2S(=O)(=O)NCC2CC(c3ccc(Cl)cc3Cl)=NO2)nc1C.[Cu+2],6.511709
TRZ00763,Cc1nnc(-c2cc(O)ccc2O)nc1C,Cu2+,Cc1nnc(-c2cc(O)ccc2O)nc1C.[Cu+2],6.50288
TRZ03354,Cc1nnc(CNC(=O)c2cncc3c2cnn3-c2ccc(F)cc2)nc1C,Cu2+,Cc1nnc(CNC(=O)c2cncc3c2cnn3-c2ccc(F)cc2)nc1C.[Cu+2],6.487305
TRZ04076,Cc1nnc(CN2CCN(C(=O)c3ccc(F)cc3)CC2)nc1C,Cu2+,Cc1nnc(CN2CCN(C(=O)c3ccc(F)cc3)CC2)nc1C.[Cu+2],6.4846354
TRZ02839,Cc1nnc(Cn2ncc3c(C)n(Cc4ccccc4F)c(C)c3c2=O)nc1C,Cu2+,Cc1nnc(Cn2ncc3c(C)n(Cc4ccccc4F)c(C)c3c2=O)nc1C.[Cu+2],6.4557204
TRZ01833,Cc1nnc([C@@H](N)Cc2cc(I)c(O)c(I)c2)nc1C,Cu2+,Cc1nnc([C@@H](N)Cc2cc(I)c(O)c(I)c2)nc1C.[Cu+2],6.446632
TRZ02778,Cc1nnc(-c2[nH]c3nc2C(O)=CC=C3O)nc1C,Cu2+,Cc1nnc(-c2[nH]c3nc2C(O)=CC=C3O)nc1C.[Cu+2],6.4443607
TRZ04738,Cc1nnc(-c2ccc(CN(C(=O)N3CCN(C)CC3)c3ccccc3F)nc2)nc1C,Cu2+,Cc1nnc(-c2ccc(CN(C(=O)N3CCN(C)CC3)c3ccccc3F)nc2)nc1C.[Cu+2],6.4432936
TRZ04552,Cc1nnc(-c2ccc(CN(C(=O)N3CCN(C4COC4)CC3)c3ccc(F)cc3)nc2)nc1C,Cu2+,Cc1nnc(-c2ccc(CN(C(=O)N3CCN(C4COC4)CC3)c3ccc(F)cc3)nc2)nc1C.[Cu+2],6.434022
TRZ01880,Cc1nnc(-c2[nH]c(=O)c3c(C)nc(-c4ccccc4)cc3c2O)nc1C,Cu2+,Cc1nnc(-c2[nH]c(=O)c3c(C)nc(-c4ccccc4)cc3c2O)nc1C.[Cu+2],6.4298425
TRZ04523,CCN1CCN(C(=O)N(Cc2ccc(-c3nnc(C)c(C)n3)cn2)c2ccc(F)cc2)CC1,Cu2+,CCN1CCN(C(=O)N(Cc2ccc(-c3nnc(C)c(C)n3)cn2)c2ccc(F)cc2)CC1.[Cu+2],6.424327
TRZ04835,Cc1nnc(-c2ccc(CN(C(=O)N3CCOCC3)c3ccc(F)cc3)nc2)nc1C,Cu2+,Cc1nnc(-c2ccc(CN(C(=O)N3CCOCC3)c3ccc(F)cc3)nc2)nc1C.[Cu+2],6.386274
TRZ02857,Cc1nnc(-c2cnc3c(ccc4[nH]c(Cl)cc(C)c43)c2=O)nc1C,Cu2+,Cc1nnc(-c2cnc3c(ccc4[nH]c(Cl)cc(C)c43)c2=O)nc1C.[Cu+2],6.37769
TRZ04379,CCN1CCC(C(=O)N(Cc2ccc(-c3nnc(C)c(C)n3)cn2)c2cccc(F)c2)CC1,Cu2+,CCN1CCC(C(=O)N(Cc2ccc(-c3nnc(C)c(C)n3)cn2)c2cccc(F)c2)CC1.[Cu+2],6.3501935
TRZ04396,Cc1nnc(CN(C)CCN(C)Cc2cccc(C(F)(F)F)c2)nc1C,Cu2+,Cc1nnc(CN(C)CCN(C)Cc2cccc(C(F)(F)F)c2)nc1C.[Cu+2],6.3464293
TRZ00230,Cc1nnc(-c2[nH]c3ccc(S(N)(=O)=O)cc3c2-c2cccc(F)c2)nc1C,Cu2+,Cc1nnc(-c2[nH]c3ccc(S(N)(=O)=O)cc3c2-c2cccc(F)c2)nc1C.[Cu+2],6.3400884
TRZ01975,CCCc1cc(-c2[nH]ncc2-c2ccc(-c3nnc(C)c(C)n3)o2)c(O)cc1O,Cu2+,CCCc1cc(-c2[nH]ncc2-c2ccc(-c3nnc(C)c(C)n3)o2)c(O)cc1O.[Cu+2],6.33214
TRZ00180,Cc1nnc(Cn2nc(-c3ccccc3)c3ccccc3c2=O)nc1C,Cu2+,Cc1nnc(Cn2nc(-c3ccccc3)c3ccccc3c2=O)nc1C.[Cu+2],6.3239813
TRZ05564,Cc1nnc(-c2ccc(CN(C(=O)N3CCSCC3)c3cccc(F)c3)nc2)nc1C,Cu2+,Cc1nnc(-c2ccc(CN(C(=O)N3CCSCC3)c3cccc(F)c3)nc2)nc1C.[Cu+2],6.31822
TRZ03776,Cc1nnc(-c2c(-c3ccc(Cl)cc3)[nH]c3c(F)cccc3c2=O)nc1C,Cu2+,Cc1nnc(-c2c(-c3ccc(Cl)cc3)[nH]c3c(F)cccc3c2=O)nc1C.[Cu+2],6.310812
TRZ00552,Cc1nnc(CCN2C(=O)c3ccccc3NC2c2ccc(Cl)cc2)nc1C,Cu2+,Cc1nnc(CCN2C(=O)c3ccccc3NC2c2ccc(Cl)cc2)nc1C.[Cu+2],6.301721
TRZ01512,Cc1nnc(CN(CCc2ccccc2)S(=O)(=O)c2ccc(Cl)cc2)nc1C,Cu2+,Cc1nnc(CN(CCc2ccccc2)S(=O)(=O)c2ccc(Cl)cc2)nc1C.[Cu+2],6.285294
TRZ04346,Cc1nnc(-c2ccc(CN(c3ccc(F)c(Cl)c3)S(C)(=O)=O)nc2)nc1C,Cu2+,Cc1nnc(-c2ccc(CN(c3ccc(F)c(Cl)c3)S(C)(=O)=O)nc2)nc1C.[Cu+2],6.2789984
TRZ02489,Cc1ccc2nc(-c3ccsc3)c(NCc3nnc(C)c(C)n3)n2c1,Cu2+,Cc1ccc2nc(-c3ccsc3)c(NCc3nnc(C)c(C)n3)n2c1.[Cu+2],6.2728815
TRZ04075,Cc1nnc(CN2CCN(C(=O)c3ccc(C(F)(F)F)cc3)CC2)nc1C,Cu2+,Cc1nnc(CN2CCN(C(=O)c3ccc(C(F)(F)F)cc3)CC2)nc1C.[Cu+2],6.270775
TRZ05615,Cc1nnc(C(c2ccc(F)cc2)N2C[C@H](C)N(C(=O)O)CC2C)nc1C,Cu2+,Cc1nnc(C(c2ccc(F)cc2)N2C[C@H](C)N(C(=O)O)CC2C)nc1C.[Cu+2],6.2687893
TRZ04581,Cc1nnc(-c2ccc(CN(C(=O)N3CCSCC3)c3ccccc3F)nc2)nc1C,Cu2+,Cc1nnc(-c2ccc(CN(C(=O)N3CCSCC3)c3ccccc3F)nc2)nc1C.[Cu+2],6.264948
TRZ02245,Cc1nnc([C@@H]2CCCN2Cc2c(F)cccc2Cl)nc1C,Cu2+,Cc1nnc([C@@H]2CCCN2Cc2c(F)cccc2Cl)nc1C.[Cu+2],6.257749
TRZ04422,Cc1nnc(-c2cnc(NC3(c4ccc(F)cc4)CCC3)nc2)nc1C,Cu2+,Cc1nnc(-c2cnc(NC3(c4ccc(F)cc4)CCC3)nc2)nc1C.[Cu+2],6.228336
TRZ00546,COc1ccc(C2Nc3ccccc3C(=O)N2Cc2nnc(C)c(C)n2)cc1,Cu2+,COc1ccc(C2Nc3ccccc3C(=O)N2Cc2nnc(C)c(C)n2)cc1.[Cu+2],6.2274275
TRZ02270,Cc1nnc(C2CCN2C(c2ccccc2)c2ccccc2)nc1C,Cu2+,Cc1nnc(C2CCN2C(c2ccccc2)c2ccccc2)nc1C.[Cu+2],6.2052417
TRZ05376,Cc1nnc(-c2ccc(Cn3cc(C4CCN(CC(C)(C)F)CC4)nn3)nc2)nc1C,Cu2+,Cc1nnc(-c2ccc(Cn3cc(C4CCN(CC(C)(C)F)CC4)nn3)nc2)nc1C.[Cu+2],6.192543
TRZ05925,Cc1nnc(C(Cc2ccc(F)cc2)N2CSC(S)N(C)C2)nc1C,Cu2+,Cc1nnc(C(Cc2ccc(F)cc2)N2CSC(S)N(C)C2)nc1C.[Cu+2],6.177244
TRZ04421,Cc1nnc(-c2cnc(NC3(c4ccc(F)cc4)CC3)nc2)nc1C,Cu2+,Cc1nnc(-c2cnc(NC3(c4ccc(F)cc4)CC3)nc2)nc1C.[Cu+2],6.164515
TRZ02487,CCN(CC)S(=O)(=O)c1ccc(C(=O)NCc2nnc(C)c(C)n2)cc1,Cu2+,CCN(CC)S(=O)(=O)c1ccc(C(=O)NCc2nnc(C)c(C)n2)cc1.[Cu+2],6.163127
TRZ01956,C=CCNS(=O)(=O)c1ccccc1-c1nnc(C)c(C)n1,Cu2+,C=CCNS(=O)(=O)c1ccccc1-c1nnc(C)c(C)n1.[Cu+2],6.1581955
TRZ02552,Cc1nnc(-c2ccccc2S(=O)(=O)NCC2CC(c3ccc(Cl)c(Cl)c3)=NO2)nc1C,Cu2+,Cc1nnc(-c2ccccc2S(=O)(=O)NCC2CC(c3ccc(Cl)c(Cl)c3)=NO2)nc1C.[Cu+2],6.1219635
TRZ02343,Cc1nnc(CNC(=O)c2ccc(S(=O)(=O)N3CCOCC3)cc2)nc1C,Cu2+,Cc1nnc(CNC(=O)c2ccc(S(=O)(=O)N3CCOCC3)cc2)nc1C.[Cu+2],6.120656
TRZ00673,COc1ccc(-c2cn[nH]c2-c2ccc(OCc3nnc(C)c(C)n3)cc2O)cc1OC,Cu2+,COc1ccc(-c2cn[nH]c2-c2ccc(OCc3nnc(C)c(C)n3)cc2O)cc1OC.[Cu+2],6.094287
TRZ00143,Cc1nnc(CCN2CCN(Cc3ccccc3)CC2)nc1C,Cu2+,Cc1nnc(CCN2CCN(Cc3ccccc3)CC2)nc1C.[Cu+2],6.091743
TRZ05685,Cc1nnc(Cc2cn3cc(CN(CC45CC(F)(C4)C5)C(=O)OC(C)(C)C)ccc3n2)nc1C,Cu2+,Cc1nnc(Cc2cn3cc(CN(CC45CC(F)(C4)C5)C(=O)OC(C)(C)C)ccc3n2)nc1C.[Cu+2],6.0898747
TRZ04377,Cc1nnc(-c2ccc(CN(C(=O)c3cccnc3)c3cccc(F)c3)nc2)nc1C,Cu2+,Cc1nnc(-c2ccc(CN(C(=O)c3cccnc3)c3cccc(F)c3)nc2)nc1C.[Cu+2],6.075423
TRZ04058,Cc1nnc(-c2cccn(C[C@@H]3CN(C(=O)O)CCO[C@H]3c3ccc(Cl)c(F)c3)c2=O)nc1C,Cu2+,Cc1nnc(-c2cccn(C[C@@H]3CN(C(=O)O)CCO[C@H]3c3ccc(Cl)c(F)c3)c2=O)nc1C.[Cu+2],6.0594673
TRZ02536,Cc1nnc(CN2c3c(-c4ccccc4)n[nH]c3-c3ccccc3S2(=O)=O)nc1C,Cu2+,Cc1nnc(CN2c3c(-c4ccccc4)n[nH]c3-c3ccccc3S2(=O)=O)nc1C.[Cu+2],6.0528097
TRZ04059,Cc1nnc(-c2cccn(C[C@H]3CN(C(=O)O)CCO[C@H]3c3ccc(Cl)c(F)c3)c2=O)nc1C,Cu2+,Cc1nnc(-c2cccn(C[C@H]3CN(C(=O)O)CCO[C@H]3c3ccc(Cl)c(F)c3)c2=O)nc1C.[Cu+2],6.047246
TRZ04411,Cc1nnc(-c2cnc(NC3(c4cc(Cl)ccc4F)CCC3)nc2)nc1C,Cu2+,Cc1nnc(-c2cnc(NC3(c4cc(Cl)ccc4F)CCC3)nc2)nc1C.[Cu+2],6.0450354
TRZ04812,Cc1nnc(-c2ccc(CN(C(=O)N3CCN(C4COC4)CC3)c3cccc(F)c3)nc2)nc1C,Cu2+,Cc1nnc(-c2ccc(CN(C(=O)N3CCN(C4COC4)CC3)c3cccc(F)c3)nc2)nc1C.[Cu+2],6.0032015
TRZ01593,Cc1nnc(C2=NOC(c3ccc(N4CCN(Cc5ccccc5)CC4)cc3)C2)nc1C,Cu2+,Cc1nnc(C2=NOC(c3ccc(N4CCN(Cc5ccccc5)CC4)cc3)C2)nc1C.[Cu+2],5.9954543
TRZ02894,Cc1nnc(CNS(=O)(=O)c2ccc(F)cc2)nc1C,Cu2+,Cc1nnc(CNS(=O)(=O)c2ccc(F)cc2)nc1C.[Cu+2],5.993646
TRZ04558,CCN1CCN(C(=O)N(Cc2ccc(-c3nnc(C)c(C)n3)cn2)c2cccc(F)c2)CC1,Cu2+,CCN1CCN(C(=O)N(Cc2ccc(-c3nnc(C)c(C)n3)cn2)c2cccc(F)c2)CC1.[Cu+2],5.9935055
TRZ05413,Cc1nnc(-c2ccc(CN(c3ccc(F)cc3F)C(O)N3CCOCC3)nc2)nc1C,Cu2+,Cc1nnc(-c2ccc(CN(c3ccc(F)cc3F)C(O)N3CCOCC3)nc2)nc1C.[Cu+2],5.986604
TRZ05637,Cc1nnc(-c2ccc(CN(C(=O)N3CCS(=O)CC3)c3ccc(F)cc3)nc2)nc1C,Cu2+,Cc1nnc(-c2ccc(CN(C(=O)N3CCS(=O)CC3)c3ccc(F)cc3)nc2)nc1C.[Cu+2],5.971312
TRZ04402,Cc1nnc(-c2cnc(NC3(c4ccc(C(F)(F)F)cc4)CCC3)nc2)nc1C,Cu2+,Cc1nnc(-c2cnc(NC3(c4ccc(C(F)(F)F)cc4)CCC3)nc2)nc1C.[Cu+2],5.9712086
TRZ04425,Cc1nnc(-c2cnc(NC3(c4cc(F)ccc4Cl)CCC3)nc2)nc1C,Cu2+,Cc1nnc(-c2cnc(NC3(c4cc(F)ccc4Cl)CCC3)nc2)nc1C.[Cu+2],5.969641
TRZ03798,Cc1cc(F)c2[nH]c(-c3ccc(Cl)cc3)c(-c3nnc(C)c(C)n3)c(=O)c2c1,Cu2+,Cc1cc(F)c2[nH]c(-c3ccc(Cl)cc3)c(-c3nnc(C)c(C)n3)c(=O)c2c1.[Cu+2],5.9682474
TRZ04787,Cc1nnc(-c2ccc(CN(C(=O)N3CCOCC3)c3cccc(F)c3)nc2)nc1C,Cu2+,Cc1nnc(-c2ccc(CN(C(=O)N3CCOCC3)c3cccc(F)c3)nc2)nc1C.[Cu+2],5.955453
TRZ00443,COc1cccc(-c2nnc(C)c(C)n2)c1O,Cu2+,COc1cccc(-c2nnc(C)c(C)n2)c1O.[Cu+2],5.9501348
TRZ05014,Cc1nnc(C(C)c2ccnc3c(-c4ccc(C(F)(F)F)cc4)cnn23)nc1C,Cu2+,Cc1nnc(C(C)c2ccnc3c(-c4ccc(C(F)(F)F)cc4)cnn23)nc1C.[Cu+2],5.949715
TRZ02354,Cc1ccc(S(=O)(=O)N(C)Cc2nnc(C)c(C)n2)cc1,Cu2+,Cc1ccc(S(=O)(=O)N(C)Cc2nnc(C)c(C)n2)cc1.[Cu+2],5.9486876
TRZ01984,Cc1nnc(CNS(=O)(=O)c2ccccc2)nc1C,Cu2+,Cc1nnc(CNS(=O)(=O)c2ccccc2)nc1C.[Cu+2],5.93886
TRZ05521,Cc1nnc(CN2CCC(c3cccc(OCc4ccc(Cl)cc4F)n3)CC2)nc1C,Cu2+,Cc1nnc(CN2CCC(c3cccc(OCc4ccc(Cl)cc4F)n3)CC2)nc1C.[Cu+2],5.915345
TRZ00348,Cc1nnc(COc2cccc3c2c(CC(N)=O)c(C)n3Cc2ccccc2)nc1C,Cu2+,Cc1nnc(COc2cccc3c2c(CC(N)=O)c(C)n3Cc2ccccc2)nc1C.[Cu+2],5.9134865
TRZ04403,Cc1nnc(-c2cnc(NC3(c4ccc(C(F)(F)F)cc4)CC3)nc2)nc1C,Cu2+,Cc1nnc(-c2cnc(NC3(c4ccc(C(F)(F)F)cc4)CC3)nc2)nc1C.[Cu+2],5.9073873
TRZ00765,Cc1nnc(Cc2nn(C)c(=O)c3ccccc23)nc1C,Cu2+,Cc1nnc(Cc2nn(C)c(=O)c3ccccc23)nc1C.[Cu+2],5.9041405
TRZ00915,COc1ccccc1-c1cn[nH]c1-c1ccc(OCc2nnc(C)c(C)n2)cc1O,Cu2+,COc1ccccc1-c1cn[nH]c1-c1ccc(OCc2nnc(C)c(C)n2)cc1O.[Cu+2],5.899127
TRZ00291,Cc1nnc(CCN(Cc2ccco2)S(=O)(=O)c2ccc(Cl)cc2)nc1C,Cu2+,Cc1nnc(CCN(Cc2ccco2)S(=O)(=O)c2ccc(Cl)cc2)nc1C.[Cu+2],5.89588
TRZ01688,Cc1nnc(-c2cnc3ccccc3c2Nc2ccc(NCCCN3CCOCC3)cc2)nc1C,Cu2+,Cc1nnc(-c2cnc3ccccc3c2Nc2ccc(NCCCN3CCOCC3)cc2)nc1C.[Cu+2],5.893674
TRZ02022,CCOc1nc(-c2ccccc2)cc2c(O)c(-c3nnc(C)c(C)n3)[nH]c(=O)c12,Cu2+,CCOc1nc(-c2ccccc2)cc2c(O)c(-c3nnc(C)c(C)n3)[nH]c(=O)c12.[Cu+2],5.8749156
TRZ04235,Cc1nnc(C(CC2=CC=C(F)CC2)N2CC=C(C3=CC(Cl)=CCC3n3cnnn3)CC2)nc1C,Cu2+,Cc1nnc(C(CC2=CC=C(F)CC2)N2CC=C(C3=CC(Cl)=CCC3n3cnnn3)CC2)nc1C.[Cu+2],5.870115
TRZ00532,Cc1nnc(CN2CCN(c3nc4cc(F)ccc4n4cccc34)CC2)nc1C,Cu2+,Cc1nnc(CN2CCN(c3nc4cc(F)ccc4n4cccc34)CC2)nc1C.[Cu+2],5.8624263
TRZ00236,Cc1nnc(-c2[nH]c3ccc(S(N)(=O)=O)cc3c2-c2cccc(Br)c2)nc1C,Cu2+,Cc1nnc(-c2[nH]c3ccc(S(N)(=O)=O)cc3c2-c2cccc(Br)c2)nc1C.[Cu+2],5.856482
TRZ05181,Cc1nnc(-c2cnc(NC3(c4ccccc4F)CCC3)nc2C(=O)C(F)F)nc1C,Cu2+,Cc1nnc(-c2cnc(NC3(c4ccccc4F)CCC3)nc2C(=O)C(F)F)nc1C.[Cu+2],5.855999
TRZ04578,Cc1nnc(-c2ccc(CNC(=O)N3CCN(C)CC3c3cccc(F)c3)nc2)nc1C,Cu2+,Cc1nnc(-c2ccc(CNC(=O)N3CCN(C)CC3c3cccc(F)c3)nc2)nc1C.[Cu+2],5.8539987
TRZ05074,Cc1nnc(C(c2ccc(F)cc2)N2C[C@H](C)N(C(=O)O)C[C@H]2C)nc1C,Cu2+,Cc1nnc(C(c2ccc(F)cc2)N2C[C@H](C)N(C(=O)O)C[C@H]2C)nc1C.[Cu+2],5.849797
TRZ04237,CCNC(=O)NC1=NCC(C2=CN=CC(c3nnc(C)c(C)n3)C2)=C(n2cc(C(F)(F)F)cn2)C1,Cu2+,CCNC(=O)NC1=NCC(C2=CN=CC(c3nnc(C)c(C)n3)C2)=C(n2cc(C(F)(F)F)cn2)C1.[Cu+2],5.836772
TRZ04404,Cc1nnc(-c2cnc(NC3(c4cc(F)ccc4F)CCC3)nc2)nc1C,Cu2+,Cc1nnc(-c2cnc(NC3(c4cc(F)ccc4F)CCC3)nc2)nc1C.[Cu+2],5.830403
TRZ03758,Cc1nnc(C(C)(C)N(C)S(=O)(=O)c2ccc(C(F)(F)F)cc2Cl)nc1C,Cu2+,Cc1nnc(C(C)(C)N(C)S(=O)(=O)c2ccc(C(F)(F)F)cc2Cl)nc1C.[Cu+2],5.8192353
TRZ05839,Cc1nnc(-c2cc(C3(C)CCNC3=O)ccc2Nc2ccc(C(F)(F)F)cc2)nc1C,Cu2+,Cc1nnc(-c2cc(C3(C)CCNC3=O)ccc2Nc2ccc(C(F)(F)F)cc2)nc1C.[Cu+2],5.8170667
TRZ04827,Cc1ccc(N(Cc2ccc(-c3nnc(C)c(C)n3)cn2)C(=O)N2CCOCC2)c(F)c1,Cu2+,Cc1ccc(N(Cc2ccc(-c3nnc(C)c(C)n3)cn2)C(=O)N2CCOCC2)c(F)c1.[Cu+2],5.8141003
TRZ04427,Cc1nnc(-c2cnc(NC3(c4ccc(OC(F)(F)F)cc4)CCC3)nc2)nc1C,Cu2+,Cc1nnc(-c2cnc(NC3(c4ccc(OC(F)(F)F)cc4)CCC3)nc2)nc1C.[Cu+2],5.809947
TRZ03241,CCC(CC)C(=O)Nc1ccc(N2CCN(C(c3ccccc3)c3nnc(C)c(C)n3)CC2)c(F)c1,Cu2+,CCC(CC)C(=O)Nc1ccc(N2CCN(C(c3ccccc3)c3nnc(C)c(C)n3)CC2)c(F)c1.[Cu+2],5.809085
TRZ04684,Cc1nnc(-c2cnc3c(c2)C(=O)N(C2COCCC2Oc2ccc(F)cc2F)C3)nc1C,Cu2+,Cc1nnc(-c2cnc3c(c2)C(=O)N(C2COCCC2Oc2ccc(F)cc2F)C3)nc1C.[Cu+2],5.8001385
TRZ04353,CCS(=O)(=O)N(Cc1ccc(-c2nnc(C)c(C)n2)cn1)c1ccc(F)c(C)c1,Cu2+,CCS(=O)(=O)N(Cc1ccc(-c2nnc(C)c(C)n2)cn1)c1ccc(F)c(C)c1.[Cu+2],5.783753
TRZ00556,Cc1nnc(-c2cnc3ccccc3c2Nc2ccc(OCCCN3CCOCC3)cc2)nc1C,Cu2+,Cc1nnc(-c2cnc3ccccc3c2Nc2ccc(OCCCN3CCOCC3)cc2)nc1C.[Cu+2],5.7826214
TRZ05297,COCOc1ccc(F)cc1C(c1nnc(C)c(C)n1)N1Cc2ccc(Br)cc2C1=O,Cu2+,COCOc1ccc(F)cc1C(c1nnc(C)c(C)n1)N1Cc2ccc(Br)cc2C1=O.[Cu+2],5.779659
TRZ02046,Cc1nnc(CC2CSC(N3N=C(c4ccccc4)CC3c3c(F)cccc3F)=N2)nc1C,Cu2+,Cc1nnc(CC2CSC(N3N=C(c4ccccc4)CC3c3c(F)cccc3F)=N2)nc1C.[Cu+2],5.7605305
TRZ01351,Cc1nnc(C(=O)C=P(c2ccccc2)(c2ccccc2)c2ccccc2)nc1C,Cu2+,Cc1nnc(C(=O)C=P(c2ccccc2)(c2ccccc2)c2ccccc2)nc1C.[Cu+2],5.755123
TRZ03327,Cc1nnc(CN2CCN(c3cccc(C(F)(F)F)c3)CC2)nc1C,Cu2+,Cc1nnc(CN2CCN(c3cccc(C(F)(F)F)c3)CC2)nc1C.[Cu+2],5.751663
TRZ05437,Cc1nnc(CN(c2ccc(C(F)(F)F)cc2)S(C)(=O)=O)nc1C,Cu2+,Cc1nnc(CN(c2ccc(C(F)(F)F)cc2)S(C)(=O)=O)nc1C.[Cu+2],5.751087
TRZ00735,Cc1nnc(-c2ccccc2S)nc1C,Cu2+,Cc1nnc(-c2ccccc2S)nc1C.[Cu+2],5.7452545
TRZ00261,COc1ccc(-c2c(-c3ccc(OCc4nnc(C)c(C)n4)cc3O)n[nH]c2C)cc1,Cu2+,COc1ccc(-c2c(-c3ccc(OCc4nnc(C)c(C)n4)cc3O)n[nH]c2C)cc1.[Cu+2],5.7316895
TRZ00060,Cc1nnc(-c2ccc(O)cc2O)nc1C,Cu2+,Cc1nnc(-c2ccc(O)cc2O)nc1C.[Cu+2],5.730374
TRZ02537,Cc1nnc(-c2ccc(-n3cc(-c4ccccc4)nn3)cc2O)nc1C,Cu2+,Cc1nnc(-c2ccc(-n3cc(-c4ccccc4)nn3)cc2O)nc1C.[Cu+2],5.7269764
TRZ04401,Cc1nnc(-c2cnc(NC3(c4cccc(F)c4F)CCC3)nc2)nc1C,Cu2+,Cc1nnc(-c2cnc(NC3(c4cccc(F)c4F)CCC3)nc2)nc1C.[Cu+2],5.715621
TRZ04309,CCS(=O)(=O)N(Cc1ccc(-c2nnc(C)c(C)n2)cn1)c1cc(F)cc(F)c1,Cu2+,CCS(=O)(=O)N(Cc1ccc(-c2nnc(C)c(C)n2)cn1)c1cc(F)cc(F)c1.[Cu+2],5.709358
TRZ00525,CCc1c(CC(N)=O)c2c(OCc3nnc(C)c(C)n3)cccc2n1Cc1ccccc1,Cu2+,CCc1c(CC(N)=O)c2c(OCc3nnc(C)c(C)n3)cccc2n1Cc1ccccc1.[Cu+2],5.699793
TRZ02710,Cc1nnc([C@H](N)Cc2ccc(O)cc2)nc1C,Cu2+,Cc1nnc([C@H](N)Cc2ccc(O)cc2)nc1C.[Cu+2],5.6940045
TRZ00795,Cc1nnc(-c2ccc3nc(-c4nc[nH]c4C)c(NCCN4CCOCC4)n3c2)nc1C,Cu2+,Cc1nnc(-c2ccc3nc(-c4nc[nH]c4C)c(NCCN4CCOCC4)n3c2)nc1C.[Cu+2],5.6855416
TRZ05007,Cc1ccc(S(=O)(=O)N2CCN(Cc3nnc(C)c(C)n3)CC(F)C2)cc1,Cu2+,Cc1ccc(S(=O)(=O)N2CCN(Cc3nnc(C)c(C)n3)CC(F)C2)cc1.[Cu+2],5.679451
TRZ04409,Cc1nnc(-c2cnc(NC3(c4ccccc4C(F)(F)F)CCC3)nc2)nc1C,Cu2+,Cc1nnc(-c2cnc(NC3(c4ccccc4C(F)(F)F)CCC3)nc2)nc1C.[Cu+2],5.674057
TRZ00550,Cc1nnc(CCN2C(=O)c3ccccc3NC2c2ccccc2)nc1C,Cu2+,Cc1nnc(CCN2C(=O)c3ccccc3NC2c2ccccc2)nc1C.[Cu+2],5.6643414
TRZ04406,Cc1nnc(-c2cnc(NC3(c4ccccc4OC(F)(F)F)CCC3)nc2)nc1C,Cu2+,Cc1nnc(-c2cnc(NC3(c4ccccc4OC(F)(F)F)CCC3)nc2)nc1C.[Cu+2],5.6614523
TRZ00903,Cc1nnc(-c2[nH]cnc2N=NN(C)C2CCCCC2)nc1C,Cu2+,Cc1nnc(-c2[nH]cnc2N=NN(C)C2CCCCC2)nc1C.[Cu+2],5.639594
TRZ04641,Cc1nnc(C2=CNC(=NC3(c4cc(F)ccc4Cl)CCC3)N(C)C2)nc1C,Cu2+,Cc1nnc(C2=CNC(=NC3(c4cc(F)ccc4Cl)CCC3)N(C)C2)nc1C.[Cu+2],5.6271143
TRZ04595,Cc1nnc(-c2ccc(CN(C(=O)N3CCC(N(C)C)C3)c3ccc(F)c(Cl)c3)nc2)nc1C,Cu2+,Cc1nnc(-c2ccc(CN(C(=O)N3CCC(N(C)C)C3)c3ccc(F)c(Cl)c3)nc2)nc1C.[Cu+2],5.6188064
TRZ01946,Cc1nnc(CN2CCN(c3ccc([N+](=O)[O-])cc3)CC2)nc1C,Cu2+,Cc1nnc(CN2CCN(c3ccc([N+](=O)[O-])cc3)CC2)nc1C.[Cu+2],5.606152
TRZ00725,Cc1nnc([C@H](Cc2cnc[nH]2)NC(=O)CCN)nc1C,Cu2+,Cc1nnc([C@H](Cc2cnc[nH]2)NC(=O)CCN)nc1C.[Cu+2],5.5973835
TRZ02221,Cc1nnc(Cn2nc(N3CCN(c4ccccc4F)CC3)ccc2=O)nc1C,Cu2+,Cc1nnc(Cn2nc(N3CCN(c4ccccc4F)CC3)ccc2=O)nc1C.[Cu+2],5.593368
TRZ02148,Cc1nnc(-c2cnn(-c3ccc(F)cc3)c2N)nc1C,Cu2+,Cc1nnc(-c2cnn(-c3ccc(F)cc3)c2N)nc1C.[Cu+2],5.571033
TRZ05647,Cc1nnc(-c2ccc(CN(C(=O)N3CCS(=O)CC3)c3cccc(F)c3)nc2)nc1C,Cu2+,Cc1nnc(-c2ccc(CN(C(=O)N3CCS(=O)CC3)c3cccc(F)c3)nc2)nc1C.[Cu+2],5.5626464
TRZ05869,Cc1nnc(C(C(N)=O)c2cccc(C(F)(F)F)c2)nc1C,Cu2+,Cc1nnc(C(C(N)=O)c2cccc(C(F)(F)F)c2)nc1C.[Cu+2],5.5530825
TRZ04681,Cc1nnc(-c2cnc3c(c2)C(=O)N(C2COCCC2Oc2ccc(F)c(F)c2)C3)nc1C,Cu2+,Cc1nnc(-c2cnc3c(c2)C(=O)N(C2COCCC2Oc2ccc(F)c(F)c2)C3)nc1C.[Cu+2],5.5527964
TRZ03617,CCC(C)(C)CC[C@H](NC1NC(=O)Oc2cc(F)ccc21)c1nnc(C)c(C)n1,Cu2+,CCC(C)(C)CC[C@H](NC1NC(=O)Oc2cc(F)ccc21)c1nnc(C)c(C)n1.[Cu+2],5.5527234
TRZ05182,Cc1nnc(-c2cnc(NC3(c4ccc(F)cc4)CCC3)nc2C(=O)C(F)F)nc1C,Cu2+,Cc1nnc(-c2cnc(NC3(c4ccc(F)cc4)CCC3)nc2C(=O)C(F)F)nc1C.[Cu+2],5.5492225
TRZ01141,Cc1nnc(-c2cc(C(O)CNC(C)(C)C)ccc2O)nc1C,Cu2+,Cc1nnc(-c2cc(C(O)CNC(C)(C)C)ccc2O)nc1C.[Cu+2],5.5405855
TRZ02401,Cc1nnc(-c2ccc(Oc3ccc(Cl)cc3)nc2)nc1C,Cu2+,Cc1nnc(-c2ccc(Oc3ccc(Cl)cc3)nc2)nc1C.[Cu+2],5.534474
TRZ01233,Cc1nnc(-c2ccccc2NC(=O)/C(=C/c2ccccc2O)NC(=O)c2ccccc2)nc1C,Cu2+,Cc1nnc(-c2ccccc2NC(=O)/C(=C/c2ccccc2O)NC(=O)c2ccccc2)nc1C.[Cu+2],5.5322256
TRZ04683,Cc1nnc(-c2cnc3c(c2)C(=O)N([C@@H]2COCC[C@H]2Oc2ccc(F)cc2F)C3)nc1C,Cu2+,Cc1nnc(-c2cnc3c(c2)C(=O)N([C@@H]2COCC[C@H]2Oc2ccc(F)cc2F)C3)nc1C.[Cu+2],5.526535
TRZ00204,Cc1cccc(-c2nnc(C)c(C)n2)c1O,Cu2+,Cc1cccc(-c2nnc(C)c(C)n2)c1O.[Cu+2],5.5180864
TRZ04680,Cc1nnc(-c2cnc3c(c2)C(=O)N([C@@H]2COCC[C@H]2Oc2ccc(F)c(F)c2)C3)nc1C,Cu2+,Cc1nnc(-c2cnc3c(c2)C(=O)N([C@@H]2COCC[C@H]2Oc2ccc(F)c(F)c2)C3)nc1C.[Cu+2],5.5088477
TRZ00651,Cc1nnc(-c2cc(S(=O)(=O)N3CCOCC3)c[nH]2)nc1C,Cu2+,Cc1nnc(-c2cc(S(=O)(=O)N3CCOCC3)c[nH]2)nc1C.[Cu+2],5.506876
TRZ04413,Cc1nnc(-c2cnc(NC3(c4cccc(C(F)(F)F)c4)CCC3)nc2)nc1C,Cu2+,Cc1nnc(-c2cnc(NC3(c4cccc(C(F)(F)F)c4)CCC3)nc2)nc1C.[Cu+2],5.495572
TRZ04419,Cc1nnc(-c2cnc(NC3(c4c(F)cccc4F)CCC3)nc2)nc1C,Cu2+,Cc1nnc(-c2cnc(NC3(c4c(F)cccc4F)CCC3)nc2)nc1C.[Cu+2],5.4924827
TRZ01523,CSCCC(NS(=O)(=O)c1cc(C(F)(F)F)cc(C(F)(F)F)c1)c1nnc(C)c(C)n1,Cu2+,CSCCC(NS(=O)(=O)c1cc(C(F)(F)F)cc(C(F)(F)F)c1)c1nnc(C)c(C)n1.[Cu+2],5.4904456
TRZ00751,Cc1nnc(-c2cc(-c3ccc(F)cc3F)ccc2O)nc1C,Cu2+,Cc1nnc(-c2cc(-c3ccc(F)cc3F)ccc2O)nc1C.[Cu+2],5.477587
TRZ02332,COc1ccc(/C=C(/NC(=O)c2ccc(Br)o2)c2nnc(C)c(C)n2)cc1,Cu2+,COc1ccc(/C=C(/NC(=O)c2ccc(Br)o2)c2nnc(C)c(C)n2)cc1.[Cu+2],5.471061
TRZ01583,Cc1nnc(CNC(=O)c2cc(N)cc(N)c2)nc1C,Cu2+,Cc1nnc(CNC(=O)c2cc(N)cc(N)c2)nc1C.[Cu+2],5.469721
TRZ02025,Cc1ccc(O)c(-c2nnc(C)c(C)n2)c1,Cu2+,Cc1ccc(O)c(-c2nnc(C)c(C)n2)c1.[Cu+2],5.4523044
TRZ02149,Cc1nnc(-c2cnn(-c3ccc(Br)cc3)c2N)nc1C,Cu2+,Cc1nnc(-c2cnn(-c3ccc(Br)cc3)c2N)nc1C.[Cu+2],5.4468083
TRZ01429,Cc1nnc(-c2ccncc2O)nc1C,Cu2+,Cc1nnc(-c2ccncc2O)nc1C.[Cu+2],5.444725
TRZ03854,Cc1nnc(C2CC3(NC(=O)N(c4ccc(Cl)cc4)C3=O)c3cc(F)ccc3O2)nc1C,Cu2+,Cc1nnc(C2CC3(NC(=O)N(c4ccc(Cl)cc4)C3=O)c3cc(F)ccc3O2)nc1C.[Cu+2],5.4426923
TRZ02244,Cc1nnc([C@@H]2CCCN2Cc2ccccc2F)nc1C,Cu2+,Cc1nnc([C@@H]2CCCN2Cc2ccccc2F)nc1C.[Cu+2],5.439685
TRZ00562,Cc1nnc(CNC(=O)c2ccccc2N)nc1C,Cu2+,Cc1nnc(CNC(=O)c2ccccc2N)nc1C.[Cu+2],5.4380846
TRZ04418,Cc1nnc(-c2cnc(NC3(c4cccc(F)c4)CCC3)nc2)nc1C,Cu2+,Cc1nnc(-c2cnc(NC3(c4cccc(F)c4)CCC3)nc2)nc1C.[Cu+2],5.433452
TRZ04614,Cc1nnc(-c2ccc(NC3(c4ccc(F)cc4)CCC3)nc2)nc1C,Cu2+,Cc1nnc(-c2ccc(NC3(c4ccc(F)cc4)CCC3)nc2)nc1C.[Cu+2],5.4099135
TRZ05378,CCC(F)(CC)CN1CCC(c2cn(Cc3ccc(-c4nnc(C)c(C)n4)cn3)nn2)CC1,Cu2+,CCC(F)(CC)CN1CCC(c2cn(Cc3ccc(-c4nnc(C)c(C)n4)cn3)nn2)CC1.[Cu+2],5.40987
TRZ00006,Cc1nnc(-c2ccccc2O)nc1C,Cu2+,Cc1nnc(-c2ccccc2O)nc1C.[Cu+2],5.398888
TRZ04198,Cc1nnc(CN2CCN(c3cccc4c3cnn4-c3ccccc3F)C2=O)nc1C,Cu2+,Cc1nnc(CN2CCN(c3cccc4c3cnn4-c3ccccc3F)C2=O)nc1C.[Cu+2],5.3968925
TRZ01712,Cc1nnc(C2=C(O)c3ccccc3S(=O)(=O)N2Cc2ccccc2)nc1C,Cu2+,Cc1nnc(C2=C(O)c3ccccc3S(=O)(=O)N2Cc2ccccc2)nc1C.[Cu+2],5.3913574
TRZ04397,Cc1nnc(-c2cnc(NC3(c4cccc(C(F)(F)F)c4)CC3)nc2)nc1C,Cu2+,Cc1nnc(-c2cnc(NC3(c4cccc(C(F)(F)F)c4)CC3)nc2)nc1C.[Cu+2],5.383943
TRZ05529,Cc1nnc(-c2c(Nc3ccc(C(F)(F)F)cc3)ccn(C)c2=O)nc1C,Cu2+,Cc1nnc(-c2c(Nc3ccc(C(F)(F)F)cc3)ccn(C)c2=O)nc1C.[Cu+2],5.379586
TRZ04886,Cc1nnc(-c2ccc(CN(C(=O)N3CC[C@H](N(C)C)C3)c3ccc(F)c(Cl)c3)nc2)nc1C,Cu2+,Cc1nnc(-c2ccc(CN(C(=O)N3CC[C@H](N(C)C)C3)c3ccc(F)c(Cl)c3)nc2)nc1C.[Cu+2],5.3714986
TRZ04400,Cc1nnc(-c2cnc(NC3(c4ccc(F)cc4F)CCC3)nc2)nc1C,Cu2+,Cc1nnc(-c2cnc(NC3(c4ccc(F)cc4F)CCC3)nc2)nc1C.[Cu+2],5.335949
TRZ04435,Cc1nnc(CC(=O)N(C)c2ccc(F)cc2)nc1C,Cu2+,Cc1nnc(CC(=O)N(C)c2ccc(F)cc2)nc1C.[Cu+2],5.328702
TRZ05289,Cc1nnc(C2C=CC=CC2(Nc2ccc(C(F)(F)F)cc2)C(=O)CC(=O)CCl)nc1C,Cu2+,Cc1nnc(C2C=CC=CC2(Nc2ccc(C(F)(F)F)cc2)C(=O)CC(=O)CCl)nc1C.[Cu+2],5.3284383
TRZ01929,Cc1nnc(Cc2nc3ccccc3[nH]c2=O)nc1C,Cu2+,Cc1nnc(Cc2nc3ccccc3[nH]c2=O)nc1C.[Cu+2],5.327245
TRZ04416,Cc1nnc(-c2cnc(NC3(c4cccc(F)c4)CC3)nc2)nc1C,Cu2+,Cc1nnc(-c2cnc(NC3(c4cccc(F)c4)CC3)nc2)nc1C.[Cu+2],5.322318
TRZ01674,Cc1nnc(-c2cc(-c3ccccc3)n[nH]c2=O)nc1C,Cu2+,Cc1nnc(-c2cc(-c3ccccc3)n[nH]c2=O)nc1C.[Cu+2],5.3155518
TRZ02582,Cc1ccc2[nH]cc(-c3nnc(C)c(C)n3)c(=O)c2c1,Cu2+,Cc1ccc2[nH]cc(-c3nnc(C)c(C)n3)c(=O)c2c1.[Cu+2],5.3116837
TRZ05554,Cc1nnc(CNC2c3ncc(C(F)(F)F)n3N=C(N3CCOCC3)N2C)nc1C,Cu2+,Cc1nnc(CNC2c3ncc(C(F)(F)F)n3N=C(N3CCOCC3)N2C)nc1C.[Cu+2],5.3089223
TRZ04461,Cc1nnc(-c2cnc(N3CCN(C(=O)Nc4ccc(C(F)(F)F)cn4)CC3)c(Cl)c2)nc1C,Cu2+,Cc1nnc(-c2cnc(N3CCN(C(=O)Nc4ccc(C(F)(F)F)cn4)CC3)c(Cl)c2)nc1C.[Cu+2],5.3020735
TRZ00982,Cc1nnc(C2=C(O)c3ccccc3S(=O)(=O)N2)nc1C,Cu2+,Cc1nnc(C2=C(O)c3ccccc3S(=O)(=O)N2)nc1C.[Cu+2],5.301853
TRZ04344,CCS(=O)(=O)N(Cc1ccc(-c2nnc(C)c(C)n2)cn1)c1ccc(C)c(F)c1,Cu2+,CCS(=O)(=O)N(Cc1ccc(-c2nnc(C)c(C)n2)cn1)c1ccc(C)c(F)c1.[Cu+2],5.284078
TRZ05619,Cc1nnc(-c2cn(Cc3ccc(Cn4cc(F)ccc4=O)cc3)nc2C2(C)COC2)nc1C,Cu2+,Cc1nnc(-c2cn(Cc3ccc(Cn4cc(F)ccc4=O)cc3)nc2C2(C)COC2)nc1C.[Cu+2],5.280071
TRZ00916,COc1ccc(-c2c(-c3ccc(OCc4nnc(C)c(C)n4)cc3O)n[nH]c2C(F)(F)F)cc1,Cu2+,COc1ccc(-c2c(-c3ccc(OCc4nnc(C)c(C)n4)cc3O)n[nH]c2C(F)(F)F)cc1.[Cu+2],5.2767496
TRZ03857,CCC(c1nnc(C)c(C)n1)N1CCN(c2cccc(C(F)(F)F)c2)CC1,Cu2+,CCC(c1nnc(C)c(C)n1)N1CCN(c2cccc(C(F)(F)F)c2)CC1.[Cu+2],5.274383
TRZ01448,Cc1nnc(-c2cc(Cl)ccc2O)nc1C,Cu2+,Cc1nnc(-c2cc(Cl)ccc2O)nc1C.[Cu+2],5.262289
TRZ01081,Cc1nnc(-c2c[nH]c(=S)[nH]2)nc1C,Cu2+,Cc1nnc(-c2c[nH]c(=S)[nH]2)nc1C.[Cu+2],5.2522254
TRZ04799,Cc1nnc(-c2ccc(CN(C(=O)N3CCOCC3)c3ccc(F)cc3F)nc2)nc1C,Cu2+,Cc1nnc(-c2ccc(CN(C(=O)N3CCOCC3)c3ccc(F)cc3F)nc2)nc1C.[Cu+2],5.249919
TRZ02271,CC(=O)Nc1ccccc1C(=O)C(=O)Nc1ccccc1-c1nnc(C)c(C)n1,Cu2+,CC(=O)Nc1ccccc1C(=O)C(=O)Nc1ccccc1-c1nnc(C)c(C)n1.[Cu+2],5.2495337
TRZ00280,Cc1nnc(-c2cccn(Cc3ccc(Cl)cc3Cl)c2=O)nc1C,Cu2+,Cc1nnc(-c2cccn(Cc3ccc(Cl)cc3Cl)c2=O)nc1C.[Cu+2],5.245954
TRZ02141,CCC(c1nnc(C)c(C)n1)n1ncc2ccccc2c1=O,Cu2+,CCC(c1nnc(C)c(C)n1)n1ncc2ccccc2c1=O.[Cu+2],5.2304945
TRZ02063,Cc1nnc(/C(NC(=O)c2ccccc2)=C(\N)c2ccc(Cl)cc2)nc1C,Cu2+,Cc1nnc(/C(NC(=O)c2ccccc2)=C(\N)c2ccc(Cl)cc2)nc1C.[Cu+2],5.228423
TRZ05184,Cc1ccccc1C1(Nc2ncc(-c3nnc(C)c(C)n3)c(C(=O)C(F)F)n2)CCC1,Cu2+,Cc1ccccc1C1(Nc2ncc(-c3nnc(C)c(C)n3)c(C(=O)C(F)F)n2)CCC1.[Cu+2],5.2260995
TRZ02438,Cc1nnc(C(NS(=O)(=O)c2ccc(Cl)cc2)C(C)C)nc1C,Cu2+,Cc1nnc(C(NS(=O)(=O)c2ccc(Cl)cc2)C(C)C)nc1C.[Cu+2],5.2230854
TRZ05190,Cc1nnc(-c2cnc(NC3(c4cc(F)ccc4F)CCC3)nc2C(=O)C(F)F)nc1C,Cu2+,Cc1nnc(-c2cnc(NC3(c4cc(F)ccc4F)CCC3)nc2C(=O)C(F)F)nc1C.[Cu+2],5.201493
TRZ01343,Cc1nnc(C(CN2CCN(c3ccccc3)CC2)C(CO)c2ccccc2)nc1C,Cu2+,Cc1nnc(C(CN2CCN(c3ccccc3)CC2)C(CO)c2ccccc2)nc1C.[Cu+2],5.197856
TRZ03847,Cc1cc(Oc2cccc(C(F)(F)F)c2)nc(-c2nnc(C)c(C)n2)c1S,Cu2+,Cc1cc(Oc2cccc(C(F)(F)F)c2)nc(-c2nnc(C)c(C)n2)c1S.[Cu+2],5.196417
TRZ02253,CCN(CC)C(c1ccccc1)c1nnc(C)c(C)n1,Cu2+,CCN(CC)C(c1ccccc1)c1nnc(C)c(C)n1.[Cu+2],5.1958957
TRZ05756,Cc1nnc(-c2ccc(N3CCC(C#N)(c4ccc(C(F)(F)F)cc4)CC3)nn2)nc1C,Cu2+,Cc1nnc(-c2ccc(N3CCC(C#N)(c4ccc(C(F)(F)F)cc4)CC3)nn2)nc1C.[Cu+2],5.1836414
TRZ02534,Cc1nnc(CN2C(=O)NC(=O)C2(c2ccccc2)c2ccccc2)nc1C,Cu2+,Cc1nnc(CN2C(=O)NC(=O)C2(c2ccccc2)c2ccccc2)nc1C.[Cu+2],5.17719
TRZ01582,Cc1nnc(Cn2nc(-c3ccccc3)c(-c3ccccc3)nc2=O)nc1C,Cu2+,Cc1nnc(Cn2nc(-c3ccccc3)c(-c3ccccc3)nc2=O)nc1C.[Cu+2],5.176638
TRZ05105,Cc1nnc(C2=CNC(NC3(c4cc(F)cc(F)c4)CC3)=NC2)nc1C,Cu2+,Cc1nnc(C2=CNC(NC3(c4cc(F)cc(F)c4)CC3)=NC2)nc1C.[Cu+2],5.165797
TRZ04245,Cc1nnc(C2CC3CSC(NC(=O)c4ccccc4)=NC3(c3ccc(F)cc3F)CO2)nc1C,Cu2+,Cc1nnc(C2CC3CSC(NC(=O)c4ccccc4)=NC3(c3ccc(F)cc3F)CO2)nc1C.[Cu+2],5.150486
TRZ00510,Cc1nnc(-c2noc(C)c2C(=O)N2CCN(C(c3ccccc3)c3ccccc3)CC2)nc1C,Cu2+,Cc1nnc(-c2noc(C)c2C(=O)N2CCN(C(c3ccccc3)c3ccccc3)CC2)nc1C.[Cu+2],5.1472583
TRZ04412,Cc1nnc(-c2cnc(NC3(c4ccc(Cl)cc4F)CC3)nc2)nc1C,Cu2+,Cc1nnc(-c2cnc(NC3(c4ccc(Cl)cc4F)CC3)nc2)nc1C.[Cu+2],5.1422353
TRZ02733,Cc1nnc(-c2cccc(N)c2O)nc1C,Cu2+,Cc1nnc(-c2cccc(N)c2O)nc1C.[Cu+2],5.137913
TRZ05191,Cc1nnc(-c2cnc(NC3(c4ccc(OC(F)(F)F)cc4)CCC3)nc2C(=O)C(F)F)nc1C,Cu2+,Cc1nnc(-c2cnc(NC3(c4ccc(OC(F)(F)F)cc4)CCC3)nc2C(=O)C(F)F)nc1C.[Cu+2],5.13589
TRZ01876,Cc1nnc(C(C)C2=NC(C)(C)Cc3ccccc32)nc1C,Cu2+,Cc1nnc(C(C)C2=NC(C)(C)Cc3ccccc32)nc1C.[Cu+2],5.1352406
TRZ00762,Cc1nnc(C(N)Cc2ccc(O)cc2)nc1C,Cu2+,Cc1nnc(C(N)Cc2ccc(O)cc2)nc1C.[Cu+2],5.12687
TRZ04414,Cc1nnc(-c2cnc(NC3(c4ccc(F)cc4Cl)CCC3)nc2)nc1C,Cu2+,Cc1nnc(-c2cnc(NC3(c4ccc(F)cc4Cl)CCC3)nc2)nc1C.[Cu+2],5.124143
TRZ02643,Cc1nnc(-c2ccc(-c3ccc(-c4nnc(C)c(C)n4)cn3)nc2)nc1C,Cu2+,Cc1nnc(-c2ccc(-c3ccc(-c4nnc(C)c(C)n4)cn3)nc2)nc1C.[Cu+2],5.1233273
TRZ00806,Cc1nnc(C(c2ccccc2)N2CCCCC2)nc1C,Cu2+,Cc1nnc(C(c2ccccc2)N2CCCCC2)nc1C.[Cu+2],5.120299
TRZ03741,Cc1cc(I)ccc1NC1=CC2=NCN(C)C2=CC1(F)c1nnc(C)c(C)n1,Cu2+,Cc1cc(I)ccc1NC1=CC2=NCN(C)C2=CC1(F)c1nnc(C)c(C)n1.[Cu+2],5.119854
TRZ01553,Cc1nnc(-c2c[nH]c3ccc(Cl)cc3c2=O)nc1C,Cu2+,Cc1nnc(-c2c[nH]c3ccc(Cl)cc3c2=O)nc1C.[Cu+2],5.114043
TRZ05177,Cc1nnc(-c2cnc(NC3(c4ccccc4)CCC3)nc2C(=O)C(F)F)nc1C,Cu2+,Cc1nnc(-c2cnc(NC3(c4ccccc4)CCC3)nc2C(=O)C(F)F)nc1C.[Cu+2],5.109599
TRZ01467,Cc1nnc(-c2ccc(I)cc2O)nc1C,Cu2+,Cc1nnc(-c2ccc(I)cc2O)nc1C.[Cu+2],5.0986156
TRZ02989,Cc1nnc(-c2cccc(F)c2O)nc1C,Cu2+,Cc1nnc(-c2cccc(F)c2O)nc1C.[Cu+2],5.0746584
TRZ00551,Cc1nnc(CCN2C(=O)c3ccccc3NC2c2ccc3c(c2)OCO3)nc1C,Cu2+,Cc1nnc(CCN2C(=O)c3ccccc3NC2c2ccc3c(c2)OCO3)nc1C.[Cu+2],5.0689783
TRZ02483,COc1ccc(C=C2Oc3cc(OCc4nnc(C)c(C)n4)ccc3C2=O)cc1,Cu2+,COc1ccc(C=C2Oc3cc(OCc4nnc(C)c(C)n4)ccc3C2=O)cc1.[Cu+2],5.0603104
TRZ04420,Cc1nnc(-c2cnc(NC3(c4ccc(F)cc4F)CC3)nc2)nc1C,Cu2+,Cc1nnc(-c2cnc(NC3(c4ccc(F)cc4F)CC3)nc2)nc1C.[Cu+2],5.0588827
TRZ00629,Cc1nnc(-c2cccn(Cc3cccc(C(F)(F)F)c3)c2=O)nc1C,Cu2+,Cc1nnc(-c2cccn(Cc3cccc(C(F)(F)F)c3)c2=O)nc1C.[Cu+2],5.055396
TRZ01882,Cc1nnc(C(C)c2nc3ncccc3[nH]2)nc1C,Cu2+,Cc1nnc(C(C)c2nc3ncccc3[nH]2)nc1C.[Cu+2],5.0525355
TRZ00016,Cc1nnc(-c2ccc(N)cc2O)nc1C,Cu2+,Cc1nnc(-c2ccc(N)cc2O)nc1C.[Cu+2],5.0465813
TRZ03640,Cc1nnc(-c2c[nH]c(=O)c(CF)c2Nc2ccc(Br)cc2F)nc1C,Cu2+,Cc1nnc(-c2c[nH]c(=O)c(CF)c2Nc2ccc(Br)cc2F)nc1C.[Cu+2],5.040865
TRZ01772,COCC(=O)Nc1ccc(-c2cc(-c3ccccc3)nc(-c3nnc(C)c(C)n3)n2)cn1,Cu2+,COCC(=O)Nc1ccc(-c2cc(-c3ccccc3)nc(-c3nnc(C)c(C)n3)n2)cn1.[Cu+2],5.040204
TRZ02278,Cc1nnc(C(=O)C2CC(c3ccc(Cl)cc3)=NNC2=O)nc1C,Cu2+,Cc1nnc(C(=O)C2CC(c3ccc(Cl)cc3)=NNC2=O)nc1C.[Cu+2],5.04018
TRZ00015,Cc1nnc(-c2cc3ccccc3cc2O)nc1C,Cu2+,Cc1nnc(-c2cc3ccccc3cc2O)nc1C.[Cu+2],5.035179
TRZ05192,Cc1nnc(-c2cnc(NC3(c4cccc(F)c4F)CCC3)nc2C(=O)C(F)F)nc1C,Cu2+,Cc1nnc(-c2cnc(NC3(c4cccc(F)c4F)CCC3)nc2C(=O)C(F)F)nc1C.[Cu+2],5.0301704
TRZ04657,Cc1nnc(-c2ccc(=O)n(CC(=O)Nc3ccc(C(F)(F)F)cc3)c2)nc1C,Cu2+,Cc1nnc(-c2ccc(=O)n(CC(=O)Nc3ccc(C(F)(F)F)cc3)c2)nc1C.[Cu+2],5.0220537
TRZ05178,Cc1nnc(-c2cnc(NC3(c4ccccc4)CCCC3)nc2C(=O)C(F)F)nc1C,Cu2+,Cc1nnc(-c2cnc(NC3(c4ccccc4)CCCC3)nc2C(=O)C(F)F)nc1C.[Cu+2],5.020071
TRZ02055,Cc1ccc(N(C(=O)Cc2nnc(C)c(C)n2)C(=O)c2ccccc2Cl)cc1,Cu2+,Cc1ccc(N(C(=O)Cc2nnc(C)c(C)n2)C(=O)c2ccccc2Cl)cc1.[Cu+2],5.0187206
TRZ05176,Cc1nnc(-c2cnc(NC3(c4ccccc4)CC3)nc2C(=O)C(F)F)nc1C,Cu2+,Cc1nnc(-c2cnc(NC3(c4ccccc4)CC3)nc2C(=O)C(F)F)nc1C.[Cu+2],5.016899
TRZ01689,COc1ccc2ncc(-c3nnc(C)c(C)n3)c(Nc3ccc(NCCCN4CCOCC4)cc3)c2c1,Cu2+,COc1ccc2ncc(-c3nnc(C)c(C)n3)c(Nc3ccc(NCCCN4CCOCC4)cc3)c2c1.[Cu+2],5.015643
TRZ02484,COc1cccc(C=C2Oc3cc(OCc4nnc(C)c(C)n4)ccc3C2=O)c1OC,Cu2+,COc1cccc(C=C2Oc3cc(OCc4nnc(C)c(C)n4)ccc3C2=O)c1OC.[Cu+2],5.0113106
TRZ05179,Cc1nnc(-c2cnc(NC3(c4ccccc4)CCCCC3)nc2C(=O)C(F)F)nc1C,Cu2+,Cc1nnc(-c2cnc(NC3(c4ccccc4)CCCCC3)nc2C(=O)C(F)F)nc1C.[Cu+2],5.0017548
TRZ04000,CC(=O)C(c1nnc(C)c(C)n1)n1nc(-c2ccncc2)cc1Cc1ccc(F)cc1,Cu2+,CC(=O)C(c1nnc(C)c(C)n1)n1nc(-c2ccncc2)cc1Cc1ccc(F)cc1.[Cu+2],4.994095
TRZ04530,Cc1nnc(-c2ccc(CNC(=O)N3CCSC(c4ccc(F)cc4)C3)nc2)nc1C,Cu2+,Cc1nnc(-c2ccc(CNC(=O)N3CCSC(c4ccc(F)cc4)C3)nc2)nc1C.[Cu+2],4.9916515
TRZ04492,CCN1CCC(C(=O)N(Cc2ccc(-c3nnc(C)c(C)n3)cn2)C2=CC=CC(F)C2C)CC1,Cu2+,CCN1CCC(C(=O)N(Cc2ccc(-c3nnc(C)c(C)n3)cn2)C2=CC=CC(F)C2C)CC1.[Cu+2],4.9869623
TRZ05194,Cc1nnc(-c2cnc(NC3(c4cccnc4)CCC3)nc2C(=O)C(F)F)nc1C,Cu2+,Cc1nnc(-c2cnc(NC3(c4cccnc4)CCC3)nc2C(=O)C(F)F)nc1C.[Cu+2],4.985085
TRZ01163,Cc1nnc(-c2cn(C)c3c(cc([N+](=O)[O-])c4cccnc43)c2=O)nc1C,Cu2+,Cc1nnc(-c2cn(C)c3c(cc([N+](=O)[O-])c4cccnc43)c2=O)nc1C.[Cu+2],4.9703903
TRZ04963,Cc1ccc(Nc2c(-c3nnc(C)c(C)n3)cn3ccnc3c2Cl)c(F)c1,Cu2+,Cc1ccc(Nc2c(-c3nnc(C)c(C)n3)cn3ccnc3c2Cl)c(F)c1.[Cu+2],4.96625
TRZ02602,Cc1nnc(-c2cnn(-c3ccc(-c4ccccc4)nn3)c2N)nc1C,Cu2+,Cc1nnc(-c2cnn(-c3ccc(-c4ccccc4)nn3)c2N)nc1C.[Cu+2],4.957369
TRZ00212,Cc1nnc(CSc2nc3ccccc3[nH]2)nc1C,Cu2+,Cc1nnc(CSc2nc3ccccc3[nH]2)nc1C.[Cu+2],4.937127
TRZ05734,Cc1nnc(-c2cncc(-c3ccc(OC(F)F)[nH]c3=O)n2)nc1C,Cu2+,Cc1nnc(-c2cncc(-c3ccc(OC(F)F)[nH]c3=O)n2)nc1C.[Cu+2],4.93258
TRZ05197,Cc1nnc(-c2cnc(NC3(c4ccccc4C(F)(F)F)CCC3)nc2C(=O)C(F)F)nc1C,Cu2+,Cc1nnc(-c2cnc(NC3(c4ccccc4C(F)(F)F)CCC3)nc2C(=O)C(F)F)nc1C.[Cu+2],4.931205
TRZ04594,Cc1nnc(-c2ccc(CN(C(=O)N3CC[C@@H](N(C)C)C3)c3ccc(F)c(Cl)c3)nc2)nc1C,Cu2+,Cc1nnc(-c2ccc(CN(C(=O)N3CC[C@@H](N(C)C)C3)c3ccc(F)c(Cl)c3)nc2)nc1C.[Cu+2],4.9290266
TRZ05186,CSc1ncc(-c2nnc(C)c(C)n2)c(C(=O)C(F)F)n1,Cu2+,CSc1ncc(-c2nnc(C)c(C)n2)c(C(=O)C(F)F)n1.[Cu+2],4.912739
TRZ01531,Cc1nnc(C2SCCN2S(=O)(=O)c2ccc(Cl)cc2)nc1C,Cu2+,Cc1nnc(C2SCCN2S(=O)(=O)c2ccc(Cl)cc2)nc1C.[Cu+2],4.9074564
TRZ04216,Cc1nnc(-c2cc(-c3cccc(-n4ccc5cc(C6CC6)cc(F)c5c4=O)c3CON)c[nH]2)nc1C,Cu2+,Cc1nnc(-c2cc(-c3cccc(-n4ccc5cc(C6CC6)cc(F)c5c4=O)c3CON)c[nH]2)nc1C.[Cu+2],4.900985
TRZ04808,Cc1nnc(-c2ccc(CN(C(=O)N3CCN(C)CC3)c3ccc(F)c(Cl)c3)nc2)nc1C,Cu2+,Cc1nnc(-c2ccc(CN(C(=O)N3CCN(C)CC3)c3ccc(F)c(Cl)c3)nc2)nc1C.[Cu+2],4.8856964
TRZ02455,Cc1nnc(-c2cnc(C(C)(C)C)[nH]2)nc1C,Cu2+,Cc1nnc(-c2cnc(C(C)(C)C)[nH]2)nc1C.[Cu+2],4.882512
TRZ05360,Cc1nnc(-c2cnc(C(=O)C(F)F)nc2)nc1C,Cu2+,Cc1nnc(-c2cnc(C(=O)C(F)F)nc2)nc1C.[Cu+2],4.8784723
TRZ02024,Cc1nnc(-c2cc(Br)ccc2O)nc1C,Cu2+,Cc1nnc(-c2cc(Br)ccc2O)nc1C.[Cu+2],4.875682
TRZ00379,Cc1nnc(-c2n[nH]c(=O)c3ccccc23)nc1C,Cu2+,Cc1nnc(-c2n[nH]c(=O)c3ccccc23)nc1C.[Cu+2],4.87377
TRZ00523,Cc1ccc(/C=C2\Oc3cc(OCc4nnc(C)c(C)n4)ccc3C2=O)o1,Cu2+,Cc1ccc(/C=C2\Oc3cc(OCc4nnc(C)c(C)n4)ccc3C2=O)o1.[Cu+2],4.873302
TRZ05311,Cc1nnc(-c2ccc(Cc3c(NS(C)(=O)=O)cccc3C(F)(F)F)nc2)nc1C,Cu2+,Cc1nnc(-c2ccc(Cc3c(NS(C)(=O)=O)cccc3C(F)(F)F)nc2)nc1C.[Cu+2],4.8647585
TRZ00507,Cc1nnc(-c2ccc3nc(-c4ccc(Br)cc4)cn3c2)nc1C,Cu2+,Cc1nnc(-c2ccc3nc(-c4ccc(Br)cc4)cn3c2)nc1C.[Cu+2],4.862835
TRZ02047,Cc1nnc([C@H](C)N2C(=O)c3ccccc3C2=O)nc1C,Cu2+,Cc1nnc([C@H](C)N2C(=O)c3ccccc3C2=O)nc1C.[Cu+2],4.856635
TRZ00490,Cc1ccnc(N/C=C(/NC(=O)c2ccccc2)c2nnc(C)c(C)n2)n1,Cu2+,Cc1ccnc(N/C=C(/NC(=O)c2ccccc2)c2nnc(C)c(C)n2)n1.[Cu+2],4.854612
TRZ00800,Cc1nnc(-c2c(O)c3ccccc3n(C)c2=O)nc1C,Cu2+,Cc1nnc(-c2c(O)c3ccccc3n(C)c2=O)nc1C.[Cu+2],4.848357
TRZ03109,Cc1nnc(-c2ccccc2N2C(=O)N[C@]3(CCOc4ccc(F)cc43)C2=O)nc1C,Cu2+,Cc1nnc(-c2ccccc2N2C(=O)N[C@]3(CCOc4ccc(F)cc43)C2=O)nc1C.[Cu+2],4.839633
TRZ05193,Cc1nnc(-c2cnc(NC3(c4c(F)cccc4F)CCC3)nc2C(=O)C(F)F)nc1C,Cu2+,Cc1nnc(-c2cnc(NC3(c4c(F)cccc4F)CCC3)nc2C(=O)C(F)F)nc1C.[Cu+2],4.8325357
TRZ04152,Cc1nnc(C2NC=CN2c2ccc(F)nc2)nc1C,Cu2+,Cc1nnc(C2NC=CN2c2ccc(F)nc2)nc1C.[Cu+2],4.827049
TRZ05185,Cc1ccc(C2(Nc3ncc(-c4nnc(C)c(C)n4)c(C(=O)C(F)F)n3)CCC2)cc1,Cu2+,Cc1ccc(C2(Nc3ncc(-c4nnc(C)c(C)n4)c(C(=O)C(F)F)n3)CCC2)cc1.[Cu+2],4.8229446
TRZ02144,Cc1nnc(CCn2nc(-c3ccccc3)c3ccccc3c2=O)nc1C,Cu2+,Cc1nnc(CCn2nc(-c3ccccc3)c3ccccc3c2=O)nc1C.[Cu+2],4.817074
TRZ00947,Cc1nnc(-c2nn(-c3ccc(Cl)cc3)ccc2=O)nc1C,Cu2+,Cc1nnc(-c2nn(-c3ccc(Cl)cc3)ccc2=O)nc1C.[Cu+2],4.8057175
TRZ03034,Cc1ccc2c(=O)c(-c3ccc(F)cc3)cn(Cc3nnc(C)c(C)n3)c2c1,Cu2+,Cc1ccc2c(=O)c(-c3ccc(F)cc3)cn(Cc3nnc(C)c(C)n3)c2c1.[Cu+2],4.80416
TRZ00561,Cc1nnc(C(C)NC(=O)c2ccccc2N)nc1C,Cu2+,Cc1nnc(C(C)NC(=O)c2ccccc2N)nc1C.[Cu+2],4.8026037
TRZ01214,Cc1ccc(S(=O)(=O)NCc2nnc(C)c(C)n2)cc1,Cu2+,Cc1ccc(S(=O)(=O)NCc2nnc(C)c(C)n2)cc1.[Cu+2],4.802331
TRZ05183,Cc1nnc(-c2cnc(NC3(c4cccc(C(F)(F)F)c4)CCC3)nc2C(=O)C(F)F)nc1C,Cu2+,Cc1nnc(-c2cnc(NC3(c4cccc(C(F)(F)F)c4)CCC3)nc2C(=O)C(F)F)nc1C.[Cu+2],4.8006964
TRZ02768,Cc1nnc(C(C(=O)O)C(=O)Nc2ccccc2)nc1C,Cu2+,Cc1nnc(C(C(=O)O)C(=O)Nc2ccccc2)nc1C.[Cu+2],4.799702
TRZ00958,Cc1nnc(-c2cc(-c3ccc(Cl)cc3)nn2CC(O)COc2ccc(Cl)cc2)nc1C,Cu2+,Cc1nnc(-c2cc(-c3ccc(Cl)cc3)nn2CC(O)COc2ccc(Cl)cc2)nc1C.[Cu+2],4.7926245
TRZ05151,CC(=O)NN=C(c1ccc(F)cc1)c1nnc(C)c(C)n1,Cu2+,CC(=O)NN=C(c1ccc(F)cc1)c1nnc(C)c(C)n1.[Cu+2],4.79222
TRZ02539,Cc1nnc(-c2[nH]cnc2/N=N/N(C)C2CCCCC2)nc1C,Cu2+,Cc1nnc(-c2[nH]cnc2/N=N/N(C)C2CCCCC2)nc1C.[Cu+2],4.790804
TRZ05752,Cc1nnc(-c2ccc(N3CCC(C#N)CC3c3cc(F)ccc3Cl)nc2)nc1C,Cu2+,Cc1nnc(-c2ccc(N3CCC(C#N)CC3c3cc(F)ccc3Cl)nc2)nc1C.[Cu+2],4.7869825
TRZ00671,Cc1nnc(-c2[nH]c3ccccc3c2N)nc1C,Cu2+,Cc1nnc(-c2[nH]c3ccccc3c2N)nc1C.[Cu+2],4.7810297
TRZ04407,Cc1nnc(-c2cnc(NC3(c4cc(F)cc(F)c4)CCC3)nc2)nc1C,Cu2+,Cc1nnc(-c2cnc(NC3(c4cc(F)cc(F)c4)CCC3)nc2)nc1C.[Cu+2],4.7759147
TRZ05180,COc1ccc(C2(Nc3ncc(-c4nnc(C)c(C)n4)c(C(=O)C(F)F)n3)CCC2)cc1,Cu2+,COc1ccc(C2(Nc3ncc(-c4nnc(C)c(C)n4)c(C(=O)C(F)F)n3)CCC2)cc1.[Cu+2],4.773891
TRZ01082,Cc1nnc(-c2[nH]nc3c(O)c4ccccc4c(O)c23)nc1C,Cu2+,Cc1nnc(-c2[nH]nc3c(O)c4ccccc4c(O)c23)nc1C.[Cu+2],4.7671604
TRZ01690,Cc1nnc(-c2cnc3ccc(F)cc3c2Nc2ccc(NCCCN3CCOCC3)cc2)nc1C,Cu2+,Cc1nnc(-c2cnc3ccc(F)cc3c2Nc2ccc(NCCCN3CCOCC3)cc2)nc1C.[Cu+2],4.760883
TRZ03236,Cc1nnc(-c2cc(Cl)ccc2OCC(=O)N2CCC(C(=O)c3ccc(F)cc3)CC2)nc1C,Cu2+,Cc1nnc(-c2cc(Cl)ccc2OCC(=O)N2CCC(C(=O)c3ccc(F)cc3)CC2)nc1C.[Cu+2],4.758734
TRZ02802,Cc1nnc(-c2ccccc2Nc2ccccc2-c2nnc(C)c(C)n2)nc1C,Cu2+,Cc1nnc(-c2ccccc2Nc2ccccc2-c2nnc(C)c(C)n2)nc1C.[Cu+2],4.7509255
TRZ05419,Cc1nnc(-c2cn3c4c(c(N5CCN(C)CC5)c(F)cc4c2=O)OCC32CC2)nc1C,Cu2+,Cc1nnc(-c2cn3c4c(c(N5CCN(C)CC5)c(F)cc4c2=O)OCC32CC2)nc1C.[Cu+2],4.7471347
TRZ03762,Cc1nnc(C(C)CN(C)S(=O)(=O)c2ccc(C(F)(F)F)cc2Cl)nc1C,Cu2+,Cc1nnc(C(C)CN(C)S(=O)(=O)c2ccc(C(F)(F)F)cc2Cl)nc1C.[Cu+2],4.743166
TRZ05195,Cc1nnc(-c2cnc(NC3(c4ccc(F)cc4F)CCC3)nc2C(=O)C(F)F)nc1C,Cu2+,Cc1nnc(-c2cnc(NC3(c4ccc(F)cc4F)CCC3)nc2C(=O)C(F)F)nc1C.[Cu+2],4.7407656
TRZ00509,COc1ccc(-c2cn3cc(-c4nnc(C)c(C)n4)ccc3n2)cc1,Cu2+,COc1ccc(-c2cn3cc(-c4nnc(C)c(C)n4)ccc3n2)cc1.[Cu+2],4.724489
TRZ05196,Cc1nnc(-c2cnc(NC3(c4cccs4)CC3)nc2C(=O)C(F)F)nc1C,Cu2+,Cc1nnc(-c2cnc(NC3(c4cccs4)CC3)nc2C(=O)C(F)F)nc1C.[Cu+2],4.7139874
TRZ00281,Cc1nnc(-c2cnn(-c3ccccc3)c2-n2cccc2)nc1C,Cu2+,Cc1nnc(-c2cnn(-c3ccccc3)c2-n2cccc2)nc1C.[Cu+2],4.711796
TRZ02850,Cc1nnc(Cn2nc(C)n(CCCn3ccnc3)c2=O)nc1C,Cu2+,Cc1nnc(Cn2nc(C)n(CCCn3ccnc3)c2=O)nc1C.[Cu+2],4.711364
TRZ01653,Cc1nnc(-c2cn(C3CC3)c3cc(N4CCNCC4)c(F)cc3c2=O)nc1C,Cu2+,Cc1nnc(-c2cn(C3CC3)c3cc(N4CCNCC4)c(F)cc3c2=O)nc1C.[Cu+2],4.7066402
TRZ02541,COc1ccccc1-c1c(-c2ccc(OCc3nnc(C)c(C)n3)cc2O)n[nH]c1C,Cu2+,COc1ccccc1-c1c(-c2ccc(OCc3nnc(C)c(C)n3)cc2O)n[nH]c1C.[Cu+2],4.7039094
TRZ04101,Cc1nnc(-c2cnc(-c3ccc(C(F)(F)F)cc3)[nH]2)nc1C,Cu2+,Cc1nnc(-c2cnc(-c3ccc(C(F)(F)F)cc3)[nH]2)nc1C.[Cu+2],4.6953344
TRZ02918,Cc1nnc(-c2ccc3cc4ccccc4cc3c2O)nc1C,Cu2+,Cc1nnc(-c2ccc3cc4ccccc4cc3c2O)nc1C.[Cu+2],4.694852
TRZ03318,COc1cnc(-c2cc(Cl)ccc2F)nc1Nc1ccncc1-c1nnc(C)c(C)n1,Cu2+,COc1cnc(-c2cc(Cl)ccc2F)nc1Nc1ccncc1-c1nnc(C)c(C)n1.[Cu+2],4.692754
TRZ05484,Cc1nnc(-c2cnc3[nH]nc(N4CC[C@H](F)C4)c3c2)nc1C,Cu2+,Cc1nnc(-c2cnc3[nH]nc(N4CC[C@H](F)C4)c3c2)nc1C.[Cu+2],4.6925917
TRZ00705,Cc1nnc(-c2nn(-c3ccccc3)c(=O)cc2O)nc1C,Cu2+,Cc1nnc(-c2nn(-c3ccccc3)c(=O)cc2O)nc1C.[Cu+2],4.6866493
TRZ03782,Cc1nnc(C(C(N)=O)c2ccc(OCc3cccc(F)c3)cc2)nc1C,Cu2+,Cc1nnc(C(C(N)=O)c2ccc(OCc3cccc(F)c3)cc2)nc1C.[Cu+2],4.6770816
TRZ00889,Cc1nnc(-c2cn(C3CC3)c3cc(N4CCN(C(=O)c5ccccc5)CC4)c(F)cc3c2=O)nc1C,Cu2+,Cc1nnc(-c2cn(C3CC3)c3cc(N4CCN(C(=O)c5ccccc5)CC4)c(F)cc3c2=O)nc1C.[Cu+2],4.6750917
TRZ04342,CCS(=O)(=O)N(Cc1ccc(-c2nnc(C)c(C)n2)cn1)c1ccc(F)c(F)c1,Cu2+,CCS(=O)(=O)N(Cc1ccc(-c2nnc(C)c(C)n2)cn1)c1ccc(F)c(F)c1.[Cu+2],4.67325
TRZ05187,Cc1nnc(-c2cnc(NC3(c4cccc(C(F)(F)F)c4)CC3)nc2C(=O)C(F)F)nc1C,Cu2+,Cc1nnc(-c2cnc(NC3(c4cccc(C(F)(F)F)c4)CC3)nc2C(=O)C(F)F)nc1C.[Cu+2],4.6723604
TRZ01959,Cc1nnc(-c2c[nH]c3ccccc3c2=O)nc1C,Cu2+,Cc1nnc(-c2c[nH]c3ccccc3c2=O)nc1C.[Cu+2],4.670971
TRZ02314,Cc1nnc(Cn2nnc(-c3ccccc3Cl)n2)nc1C,Cu2+,Cc1nnc(Cn2nnc(-c3ccccc3Cl)n2)nc1C.[Cu+2],4.6681137
TRZ05204,Cc1nnc(-c2cc(-c3ccc(F)cc3)c(=O)n(C)c2)nc1C,Cu2+,Cc1nnc(-c2cc(-c3ccc(F)cc3)c(=O)n(C)c2)nc1C.[Cu+2],4.665904
TRZ01686,Cc1nnc(-c2cnc3ccc(F)cc3c2Nc2ccc(OCCCN3CCOCC3)cc2)nc1C,Cu2+,Cc1nnc(-c2cnc3ccc(F)cc3c2Nc2ccc(OCCCN3CCOCC3)cc2)nc1C.[Cu+2],4.6578493
TRZ01468,Cc1nnc(C(N)c2ccccc2)nc1C,Cu2+,Cc1nnc(C(N)c2ccccc2)nc1C.[Cu+2],4.6575956
TRZ04904,Cc1nnc(C(C)N2C3CCC2CC(Oc2ccnc4ccc(F)cc24)C3)nc1C,Cu2+,Cc1nnc(C(C)N2C3CCC2CC(Oc2ccnc4ccc(F)cc24)C3)nc1C.[Cu+2],4.657381
TRZ04112,Cc1nnc(C2=NN(Cc3ccc(Cl)cc3Cl)C3=CN(C(F)(F)F)C=NC32)nc1C,Cu2+,Cc1nnc(C2=NN(Cc3ccc(Cl)cc3Cl)C3=CN(C(F)(F)F)C=NC32)nc1C.[Cu+2],4.6557856
TRZ01205,Cc1nnc(CNC(c2ccccc2)(c2ccccc2)c2ccccc2)nc1C,Cu2+,Cc1nnc(CNC(c2ccccc2)(c2ccccc2)c2ccccc2)nc1C.[Cu+2],4.6548886
TRZ00181,Cc1nnc(-c2nn(-c3ccc(Cl)cc3)cc2O)nc1C,Cu2+,Cc1nnc(-c2nn(-c3ccc(Cl)cc3)cc2O)nc1C.[Cu+2],4.6484995
TRZ04398,Cc1nnc(-c2cnc(NC3(c4cc(F)cc(F)c4)CC3)nc2)nc1C,Cu2+,Cc1nnc(-c2cnc(NC3(c4cc(F)cc(F)c4)CC3)nc2)nc1C.[Cu+2],4.6478815
TRZ00969,Cc1nnc([C@H](Cc2cnc[nH]2)NC(=O)[C@@H](N)CC(C)C)nc1C,Cu2+,Cc1nnc([C@H](Cc2cnc[nH]2)NC(=O)[C@@H](N)CC(C)C)nc1C.[Cu+2],4.64301
TRZ05745,CCOc1ccc(-c2nc(-c3nnc(C)c(C)n3)c[nH]c2=O)c(F)c1,Cu2+,CCOc1ccc(-c2nc(-c3nnc(C)c(C)n3)c[nH]c2=O)c(F)c1.[Cu+2],4.642228
TRZ05803,Cc1nnc(C(C)(C=O)S(=O)(=O)c2ccc(F)cc2)nc1C,Cu2+,Cc1nnc(C(C)(C=O)S(=O)(=O)c2ccc(F)cc2)nc1C.[Cu+2],4.6403027
TRZ02218,Cc1nnc(Cn2c(C3CC(=O)N(c4ccc(F)cc4)C3)nc3ccccc32)nc1C,Cu2+,Cc1nnc(Cn2c(C3CC(=O)N(c4ccc(F)cc4)C3)nc3ccccc32)nc1C.[Cu+2],4.634901
TRZ02501,CCCCCOc1ccc(O)c(-c2nnc(C)c(C)n2)c1,Cu2+,CCCCCOc1ccc(O)c(-c2nnc(C)c(C)n2)c1.[Cu+2],4.6344466
TRZ02499,CCCOc1ccc(O)c(-c2nnc(C)c(C)n2)c1,Cu2+,CCCOc1ccc(O)c(-c2nnc(C)c(C)n2)c1.[Cu+2],4.630615
TRZ00358,Cc1nnc(C2=C(O)c3ccccc3S(=O)(=O)N2C)nc1C,Cu2+,Cc1nnc(C2=C(O)c3ccccc3S(=O)(=O)N2C)nc1C.[Cu+2],4.6260347
TRZ00968,Cc1nnc([C@H](Cc2cnc[nH]2)NC(=O)[C@@H](N)Cc2ccccc2)nc1C,Cu2+,Cc1nnc([C@H](Cc2cnc[nH]2)NC(=O)[C@@H](N)Cc2ccccc2)nc1C.[Cu+2],4.6203585
TRZ05453,Cc1nnc(-c2ccc(Oc3ccc(C(F)(F)F)cc3)cc2[N+](=O)[O-])nc1C,Cu2+,Cc1nnc(-c2ccc(Oc3ccc(C(F)(F)F)cc3)cc2[N+](=O)[O-])nc1C.[Cu+2],4.618991
TRZ03268,Cc1nnc(-c2ncc(Cl)cc2NS(=O)(=O)c2ccc(Cl)c(C(F)(F)F)c2)nc1C,Cu2+,Cc1nnc(-c2ncc(Cl)cc2NS(=O)(=O)c2ccc(Cl)c(C(F)(F)F)c2)nc1C.[Cu+2],4.617984
TRZ01828,CC(=O)NN=C(c1ccccc1)c1nnc(C)c(C)n1,Cu2+,CC(=O)NN=C(c1ccccc1)c1nnc(C)c(C)n1.[Cu+2],4.6173744
TRZ01526,Cc1nnc(-c2ccc(Oc3cccc(C(F)(F)F)c3)nc2)nc1C,Cu2+,Cc1nnc(-c2ccc(Oc3cccc(C(F)(F)F)c3)nc2)nc1C.[Cu+2],4.6059194
TRZ01986,COc1ccccc1N1CCN(CCc2nnc(C)c(C)n2)CC1,Cu2+,COc1ccccc1N1CCN(CCc2nnc(C)c(C)n2)CC1.[Cu+2],4.6043253
TRZ04244,Cc1nnc(-c2cn3c4c(c(N5CCN(C)CC5)c(F)cc4c2=O)OCC3C)nc1C,Cu2+,Cc1nnc(-c2cn3c4c(c(N5CCN(C)CC5)c(F)cc4c2=O)OCC3C)nc1C.[Cu+2],4.6019545
TRZ00178,CCOC(=O)c1c(-c2ccccc2)oc2ccc(OCc3nnc(C)c(C)n3)cc12,Cu2+,CCOC(=O)c1c(-c2ccccc2)oc2ccc(OCc3nnc(C)c(C)n3)cc12.[Cu+2],4.6013136
TRZ00141,CCn1cc(-c2nnc(C)c(C)n2)c(=O)c2cc(F)c(N3CCN(C)CC3)cc21,Cu2+,CCn1cc(-c2nnc(C)c(C)n2)c(=O)c2cc(F)c(N3CCN(C)CC3)cc21.[Cu+2],4.601265
TRZ01673,Cc1nnc(CCN2CCN(c3ccnc4cc(Cl)ccc34)CC2)nc1C,Cu2+,Cc1nnc(CCN2CCN(c3ccnc4cc(Cl)ccc34)CC2)nc1C.[Cu+2],4.6009884
TRZ00382,COc1ccc2c(N)c(-c3nnc(C)c(C)n3)[nH]c2c1,Cu2+,COc1ccc2c(N)c(-c3nnc(C)c(C)n3)[nH]c2c1.[Cu+2],4.585534
TRZ02879,Cc1nnc(C(S)Cc2csc(-c3ccc(F)cc3)n2)nc1C,Cu2+,Cc1nnc(C(S)Cc2csc(-c3ccc(F)cc3)n2)nc1C.[Cu+2],4.5829663
TRZ01024,Cc1nnc(COc2ccc3c4c(c(=O)oc3c2Br)CCCC4)nc1C,Cu2+,Cc1nnc(COc2ccc3c4c(c(=O)oc3c2Br)CCCC4)nc1C.[Cu+2],4.5819297
TRZ05744,CCOc1ccc(-c2c[nH]c(=O)c(-c3nnc(C)c(C)n3)n2)c(F)c1,Cu2+,CCOc1ccc(-c2c[nH]c(=O)c(-c3nnc(C)c(C)n3)n2)c(F)c1.[Cu+2],4.581352
TRZ00724,CCn1cc(-c2nnc(C)c(C)n2)c(=O)c2cc([N+](=O)[O-])c3cccnc3c21,Cu2+,CCn1cc(-c2nnc(C)c(C)n2)c(=O)c2cc([N+](=O)[O-])c3cccnc3c21.[Cu+2],4.5798283
TRZ02843,Cc1nnc(-c2cnn(-c3ccnc4c(C(F)(F)F)cccc34)c2N)nc1C,Cu2+,Cc1nnc(-c2cnn(-c3ccnc4c(C(F)(F)F)cccc34)c2N)nc1C.[Cu+2],4.5694437
TRZ00089,Cc1nnc(-c2cnc[nH]2)nc1C,Cu2+,Cc1nnc(-c2cnc[nH]2)nc1C.[Cu+2],4.550541
TRZ01558,Cc1nnc(C2CC(O)CN2S(=O)(=O)c2ccc3ccccc3c2)nc1C,Cu2+,Cc1nnc(C2CC(O)CN2S(=O)(=O)c2ccc3ccccc3c2)nc1C.[Cu+2],4.548243
TRZ02424,Cc1nnc(CSCCCN2CCN(c3cccc(Cl)c3)CC2)nc1C,Cu2+,Cc1nnc(CSCCCN2CCN(c3cccc(Cl)c3)CC2)nc1C.[Cu+2],4.536067
TRZ00937,Cc1nnc(C(C)Oc2ccc(-c3nccc(-c4ccccn4)n3)cc2)nc1C,Cu2+,Cc1nnc(C(C)Oc2ccc(-c3nccc(-c4ccccn4)n3)cc2)nc1C.[Cu+2],4.5341434
TRZ02161,Cc1nnc(CCn2ncc3ccccc3c2=O)nc1C,Cu2+,Cc1nnc(CCn2ncc3ccccc3c2=O)nc1C.[Cu+2],4.523525
TRZ02666,Cc1cccc(Nc2ccccc2-c2nnc(C)c(C)n2)c1C,Cu2+,Cc1cccc(Nc2ccccc2-c2nnc(C)c(C)n2)c1C.[Cu+2],4.520611
TRZ01087,Cc1nnc(CSc2ncnc3nc[nH]c23)nc1C,Cu2+,Cc1nnc(CSc2ncnc3nc[nH]c23)nc1C.[Cu+2],4.520279
TRZ02727,Cc1nnc([C@@H](N)Cc2c[nH]c3ccccc23)nc1C,Cu2+,Cc1nnc([C@@H](N)Cc2c[nH]c3ccccc23)nc1C.[Cu+2],4.5165367
TRZ01089,Cc1cc2nc(SCc3nnc(C)c(C)n3)[nH]c2cc1C,Cu2+,Cc1cc2nc(SCc3nnc(C)c(C)n3)[nH]c2cc1C.[Cu+2],4.515523
TRZ03514,Cc1nc(C(=O)N2CCCCC2Cc2nnc(C)c(C)n2)c(-c2ccc(F)cc2)s1,Cu2+,Cc1nc(C(=O)N2CCCCC2Cc2nnc(C)c(C)n2)c(-c2ccc(F)cc2)s1.[Cu+2],4.5049763
TRZ00573,Cc1nnc(-c2nc(-c3ccc(O)cc3)cc(N3CCc4ccccc4C3)n2)nc1C,Cu2+,Cc1nnc(-c2nc(-c3ccc(O)cc3)cc(N3CCc4ccccc4C3)n2)nc1C.[Cu+2],4.5044937
TRZ04759,Cc1nnc(-c2ccc(CN(C(=O)N3CCS(=O)(=O)CC3)c3ccc(F)cc3)nc2)nc1C,Cu2+,Cc1nnc(-c2ccc(CN(C(=O)N3CCS(=O)(=O)CC3)c3ccc(F)cc3)nc2)nc1C.[Cu+2],4.503475
TRZ00914,COc1ccccc1-c1c(-c2ccc(OCc3nnc(C)c(C)n3)cc2O)n[nH]c1C(F)(F)F,Cu2+,COc1ccccc1-c1c(-c2ccc(OCc3nnc(C)c(C)n3)cc2O)n[nH]c1C(F)(F)F.[Cu+2],4.49865
TRZ04055,Cc1nnc(-c2cnc(Nc3ccc(F)cc3)cc2NC(C)C)nc1C,Cu2+,Cc1nnc(-c2cnc(Nc3ccc(F)cc3)cc2NC(C)C)nc1C.[Cu+2],4.497348
TRZ01212,Cc1nnc(-c2ccc3ccccc3c2O)nc1C,Cu2+,Cc1nnc(-c2ccc3ccccc3c2O)nc1C.[Cu+2],4.494666
TRZ03799,Cc1nc(C(=O)N2CCCC[C@@H]2Cc2nnc(C)c(C)n2)c(-c2ccc(F)cc2)s1,Cu2+,Cc1nc(C(=O)N2CCCC[C@@H]2Cc2nnc(C)c(C)n2)c(-c2ccc(F)cc2)s1.[Cu+2],4.492938
TRZ00901,Cc1nc(C)c(-c2nnc(-c3ccccc3Cl)o2)cc1-c1nnc(C)c(C)n1,Cu2+,Cc1nc(C)c(-c2nnc(-c3ccccc3Cl)o2)cc1-c1nnc(C)c(C)n1.[Cu+2],4.486562
TRZ00824,Cc1nnc(CCN2CCN(c3ccccc3)CC2)nc1C,Cu2+,Cc1nnc(CCN2CCN(c3ccccc3)CC2)nc1C.[Cu+2],4.4805465
TRZ01164,Cc1nnc([C@H]2Cc3c([nH]c4ccccc34)[C@H](C)N2)nc1C,Cu2+,Cc1nnc([C@H]2Cc3c([nH]c4ccccc34)[C@H](C)N2)nc1C.[Cu+2],4.4801693
TRZ02135,CCCCn1nc(-c2nnc(C)c(C)n2)c2ccccc2c1=O,Cu2+,CCCCn1nc(-c2nnc(C)c(C)n2)c2ccccc2c1=O.[Cu+2],4.4759274
TRZ05260,Cc1nnc(-c2cnc3ccc(N4CCC[C@@H]4c4cc(F)cnc4CC[C@@H](C)N)nn23)nc1C,Cu2+,Cc1nnc(-c2cnc3ccc(N4CCC[C@@H]4c4cc(F)cnc4CC[C@@H](C)N)nn23)nc1C.[Cu+2],4.4713125
TRZ00470,Cc1nnc(-c2cn3c4c(c(N5CCN(C)CC5)c(F)cc4c2=O)OC[C@@H]3C)nc1C,Cu2+,Cc1nnc(-c2cn3c4c(c(N5CCN(C)CC5)c(F)cc4c2=O)OC[C@@H]3C)nc1C.[Cu+2],4.469922
TRZ01679,Cc1nnc(Cn2c(-c3ccc(CNCc4ccccc4)o3)nc3ccccc32)nc1C,Cu2+,Cc1nnc(Cn2c(-c3ccc(CNCc4ccccc4)o3)nc3ccccc32)nc1C.[Cu+2],4.4653373
TRZ01675,Cc1nnc(-c2cc(-c3ccc(OCC(C)C)cc3)n[nH]c2=O)nc1C,Cu2+,Cc1nnc(-c2cc(-c3ccc(OCC(C)C)cc3)n[nH]c2=O)nc1C.[Cu+2],4.4643307
TRZ04482,Cc1nnc(-c2cc(N3CCOCC3)cc3c2nc(C)n3-c2ccnc3cc(F)ccc23)nc1C,Cu2+,Cc1nnc(-c2cc(N3CCOCC3)cc3c2nc(C)n3-c2ccnc3cc(F)ccc23)nc1C.[Cu+2],4.462047
TRZ05109,Cc1ccc(-c2nn(Cc3nnc(C)c(C)n3)c(=O)n2C[C@H](O)C(C)(F)F)cc1,Cu2+,Cc1ccc(-c2nn(Cc3nnc(C)c(C)n3)c(=O)n2C[C@H](O)C(C)(F)F)cc1.[Cu+2],4.4615765
TRZ02503,CCCCCCOc1ccc(O)c(-c2nnc(C)c(C)n2)c1,Cu2+,CCCCCCOc1ccc(O)c(-c2nnc(C)c(C)n2)c1.[Cu+2],4.460775
TRZ05233,Cc1nnc(C(Oc2cc(-c3cccnc3)c3ncccc3c2)c2ccc(F)cn2)nc1C,Cu2+,Cc1nnc(C(Oc2cc(-c3cccnc3)c3ncccc3c2)c2ccc(F)cn2)nc1C.[Cu+2],4.4587374
TRZ05201,Cc1nnc(-c2cnc(NC3(c4ccc(F)cc4F)CC3)nc2C(=O)C(F)F)nc1C,Cu2+,Cc1nnc(-c2cnc(NC3(c4ccc(F)cc4F)CC3)nc2C(=O)C(F)F)nc1C.[Cu+2],4.4567637
TRZ02575,Cc1nnc(-c2ccccc2Nc2ccc(Cl)cc2)nc1C,Cu2+,Cc1nnc(-c2ccccc2Nc2ccc(Cl)cc2)nc1C.[Cu+2],4.451603
TRZ05152,CCC(=O)NN=C(c1ccc(F)cc1)c1nnc(C)c(C)n1,Cu2+,CCC(=O)NN=C(c1ccc(F)cc1)c1nnc(C)c(C)n1.[Cu+2],4.4472666
TRZ00539,Cc1nnc(Cn2c(-c3ccc(CNc4ccncc4)o3)nc3ccccc32)nc1C,Cu2+,Cc1nnc(Cn2c(-c3ccc(CNc4ccncc4)o3)nc3ccccc32)nc1C.[Cu+2],4.4394407
TRZ00305,Cc1nnc(CO/N=C/c2cc(C(C)(C)C)c(O)c(C(C)(C)C)c2)nc1C,Cu2+,Cc1nnc(CO/N=C/c2cc(C(C)(C)C)c(O)c(C(C)(C)C)c2)nc1C.[Cu+2],4.435736
TRZ04410,Cc1nnc(-c2cnc(NC3(c4cccc(Cl)c4F)CCC3)nc2)nc1C,Cu2+,Cc1nnc(-c2cnc(NC3(c4cccc(Cl)c4F)CCC3)nc2)nc1C.[Cu+2],4.4345937
TRZ04345,CCS(=O)(=O)N(Cc1ccc(-c2nnc(C)c(C)n2)cn1)c1ccc(F)c(Cl)c1,Cu2+,CCS(=O)(=O)N(Cc1ccc(-c2nnc(C)c(C)n2)cn1)c1ccc(F)c(Cl)c1.[Cu+2],4.432726
TRZ04175,Cc1nnc(Cc2cc(NC(=O)OC(C)(C)C)n(-c3ccc(F)cc3)n2)nc1C,Cu2+,Cc1nnc(Cc2cc(NC(=O)OC(C)(C)C)n(-c3ccc(F)cc3)n2)nc1C.[Cu+2],4.4317503
TRZ05366,Cc1nnc(-c2cnc(C(=O)C(F)(F)F)nc2)nc1C,Cu2+,Cc1nnc(-c2cnc(C(=O)C(F)(F)F)nc2)nc1C.[Cu+2],4.428827
TRZ00301,COc1ccc2c(c1)CCC/C2=N\Nc1nc(-c2nnc(C)c(C)n2)cs1,Cu2+,COc1ccc2c(c1)CCC/C2=N\Nc1nc(-c2nnc(C)c(C)n2)cs1.[Cu+2],4.426235
TRZ02351,Cc1nnc(CC(=O)Nc2nc3ccccc3s2)nc1C,Cu2+,Cc1nnc(CC(=O)Nc2nc3ccccc3s2)nc1C.[Cu+2],4.420504
TRZ00768,CCn1cc(-c2nnc(C)c(C)n2)c(=O)c2cc(F)c(N3CCCCCC3)cc21,Cu2+,CCn1cc(-c2nnc(C)c(C)n2)c(=O)c2cc(F)c(N3CCCCCC3)cc21.[Cu+2],4.394684
TRZ02404,Cc1nnc(CNC(=O)c2cccnc2Oc2ccccc2)nc1C,Cu2+,Cc1nnc(CNC(=O)c2cccnc2Oc2ccccc2)nc1C.[Cu+2],4.386879
TRZ05517,Cc1ccc(F)c(C(C)C(c2nnc(C)c(C)n2)N2CCc3cc(Cl)ccc3S2(=O)=O)c1C,Cu2+,Cc1ccc(F)c(C(C)C(c2nnc(C)c(C)n2)N2CCc3cc(Cl)ccc3S2(=O)=O)c1C.[Cu+2],4.3868647
TRZ05261,Cc1nnc(-c2cnc3ccc(N4CCCC4c4cc(F)cnc4CC[C@@H](C)N)nn23)nc1C,Cu2+,Cc1nnc(-c2cnc3ccc(N4CCCC4c4cc(F)cnc4CC[C@@H](C)N)nn23)nc1C.[Cu+2],4.3824806
TRZ02842,Cc1nnc(C(C(=O)OCc2ccccc2)c2ccccc2)nc1C,Cu2+,Cc1nnc(C(C(=O)OCc2ccccc2)c2ccccc2)nc1C.[Cu+2],4.3813453
TRZ04755,CCN1CCN(C(=O)N(Cc2ccc(-c3nnc(C)c(C)n3)cn2)c2ccc(F)c(Cl)c2)CC1,Cu2+,CCN1CCN(C(=O)N(Cc2ccc(-c3nnc(C)c(C)n3)cn2)c2ccc(F)c(Cl)c2)CC1.[Cu+2],4.3749704
TRZ01220,Cc1nnc(-c2cc(-c3c[nH]c4ccccc34)n[nH]2)nc1C,Cu2+,Cc1nnc(-c2cc(-c3c[nH]c4ccccc34)n[nH]2)nc1C.[Cu+2],4.373111
TRZ03796,Cc1nnc(-c2c(-c3ccc(Cl)cc3)[nH]c3c(F)c(F)c(F)cc3c2=O)nc1C,Cu2+,Cc1nnc(-c2c(-c3ccc(Cl)cc3)[nH]c3c(F)c(F)c(F)cc3c2=O)nc1C.[Cu+2],4.372102
TRZ04399,Cc1nnc(-c2cnc(NC3(c4ccc(F)c(F)c4)CCC3)nc2)nc1C,Cu2+,Cc1nnc(-c2cnc(NC3(c4ccc(F)c(F)c4)CCC3)nc2)nc1C.[Cu+2],4.3583455
TRZ02611,Cc1nnc(Cn2nnc(-c3ccccc3)n2)nc1C,Cu2+,Cc1nnc(Cn2nnc(-c3ccccc3)n2)nc1C.[Cu+2],4.353136
TRZ02048,Cc1nnc([C@H](Cc2ccccc2)N2C(=O)c3ccccc3C2=O)nc1C,Cu2+,Cc1nnc([C@H](Cc2ccccc2)N2C(=O)c3ccccc3C2=O)nc1C.[Cu+2],4.353056
TRZ05199,COc1ccccc1C1(Nc2ncc(-c3nnc(C)c(C)n3)c(C(=O)C(F)F)n2)CC1,Cu2+,COc1ccccc1C1(Nc2ncc(-c3nnc(C)c(C)n3)c(C(=O)C(F)F)n2)CC1.[Cu+2],4.345033
TRZ01734,Cc1nnc(C2Cc3c([nH]c4ccccc34)[C@@H](C)N2)nc1C,Cu2+,Cc1nnc(C2Cc3c([nH]c4ccccc34)[C@@H](C)N2)nc1C.[Cu+2],4.3404865
TRZ05769,Cc1nnc(-c2ccc(I)cc2N2CCC(C)(F)CC2)nc1C,Cu2+,Cc1nnc(-c2ccc(I)cc2N2CCC(C)(F)CC2)nc1C.[Cu+2],4.3403883
TRZ04582,Cc1nnc(-c2ccc(CN(C(=O)N3CCOCC3)c3ccc(F)c(Cl)c3)nc2)nc1C,Cu2+,Cc1nnc(-c2ccc(CN(C(=O)N3CCOCC3)c3ccc(F)c(Cl)c3)nc2)nc1C.[Cu+2],4.338993
TRZ02584,Cc1nnc(-c2cnc3c(-c4ccccc4)c(C)nn3c2N)nc1C,Cu2+,Cc1nnc(-c2cnc3c(-c4ccccc4)c(C)nn3c2N)nc1C.[Cu+2],4.337953
TRZ00753,Cc1nnc(CS(=O)(=O)c2ccc(Cl)cc2)nc1C,Cu2+,Cc1nnc(CS(=O)(=O)c2ccc(Cl)cc2)nc1C.[Cu+2],4.330148
TRZ05712,Cc1nnc(-c2cc(C(F)(F)F)cc(C(F)(F)F)c2O)nc1C,Cu2+,Cc1nnc(-c2cc(C(F)(F)F)cc(C(F)(F)F)c2O)nc1C.[Cu+2],4.3244696
TRZ01933,Cc1nnc(-c2ccc(OCC(O)CO)cc2O)nc1C,Cu2+,Cc1nnc(-c2ccc(OCC(O)CO)cc2O)nc1C.[Cu+2],4.323284
TRZ00985,Cc1nnc(CNc2ccc(N3CCOCC3)nc2)nc1C,Cu2+,Cc1nnc(CNc2ccc(N3CCOCC3)nc2)nc1C.[Cu+2],4.3166084
TRZ05421,CCn1cc(-c2nnc(C)c(C)n2)c(=O)c2cc(F)c(N3CCNCC3)nc21,Cu2+,CCn1cc(-c2nnc(C)c(C)n2)c(=O)c2cc(F)c(N3CCNCC3)nc21.[Cu+2],4.3108387
TRZ04476,Cc1nnc(C2(c3ccc(F)cc3)CCCN2O)nc1C,Cu2+,Cc1nnc(C2(c3ccc(F)cc3)CCCN2O)nc1C.[Cu+2],4.308595
TRZ01514,Cc1nnc(Cn2cc(C(F)(F)F)ccc2=O)nc1C,Cu2+,Cc1nnc(Cn2cc(C(F)(F)F)ccc2=O)nc1C.[Cu+2],4.295829
TRZ01349,Cc1nnc(CSc2cc(Oc3ccc(F)cc3)ncn2)nc1C,Cu2+,Cc1nnc(CSc2cc(Oc3ccc(F)cc3)ncn2)nc1C.[Cu+2],4.2950344
TRZ01326,Cc1nnc(Cn2c(C)nc3ccc(I)cc3c2=O)nc1C,Cu2+,Cc1nnc(Cn2c(C)nc3ccc(I)cc3c2=O)nc1C.[Cu+2],4.293578
TRZ01586,Cc1nnc(CNC(=O)c2cc3ccccc3cc2N)nc1C,Cu2+,Cc1nnc(CNC(=O)c2cc3ccccc3cc2N)nc1C.[Cu+2],4.293454
TRZ00670,Cc1nnc([C@H](Cc2cnc[nH]2)NC(=O)OCc2ccccc2)nc1C,Cu2+,Cc1nnc([C@H](Cc2cnc[nH]2)NC(=O)OCc2ccccc2)nc1C.[Cu+2],4.2859564
TRZ01855,Cc1nnc(-c2cc3c(F)cccc3[nH]2)nc1C,Cu2+,Cc1nnc(-c2cc3c(F)cccc3[nH]2)nc1C.[Cu+2],4.285592
TRZ04471,Cc1nnc(-c2cc(C)n3ncc(C(=O)N[C@@H](C4CC4)C(F)(F)F)c3n2)nc1C,Cu2+,Cc1nnc(-c2cc(C)n3ncc(C(=O)N[C@@H](C4CC4)C(F)(F)F)c3n2)nc1C.[Cu+2],4.282013
TRZ01007,Cc1nnc(C(Cc2ccccc2)NC(=O)c2ccccc2N)nc1C,Cu2+,Cc1nnc(C(Cc2ccccc2)NC(=O)c2ccccc2N)nc1C.[Cu+2],4.280463
TRZ00970,Cc1nnc(-c2cc(-c3ccccc3)nn2CC(O)COc2ccc(Cl)cc2)nc1C,Cu2+,Cc1nnc(-c2cc(-c3ccccc3)nn2CC(O)COc2ccc(Cl)cc2)nc1C.[Cu+2],4.271362
TRZ02872,Cc1nnc(-c2[nH]c3ccc(F)cc3c2N)nc1C,Cu2+,Cc1nnc(-c2[nH]c3ccc(F)cc3c2N)nc1C.[Cu+2],4.270544
TRZ03116,Cc1nnc(-c2cc(Cl)ccc2N2C(=O)N[C@]3(CCOc4ccc(F)cc43)C2=O)nc1C,Cu2+,Cc1nnc(-c2cc(Cl)ccc2N2C(=O)N[C@]3(CCOc4ccc(F)cc43)C2=O)nc1C.[Cu+2],4.2697926
TRZ04062,Cc1nnc([C@H]2C[C@H]3CSC(NC(=O)c4ccccc4)=N[C@@]3(c3ccc(F)cc3F)CO2)nc1C,Cu2+,Cc1nnc([C@H]2C[C@H]3CSC(NC(=O)c4ccccc4)=N[C@@]3(c3ccc(F)cc3F)CO2)nc1C.[Cu+2],4.2684593
TRZ00863,Cc1nnc(-c2nn(-c3ccccc3)cc2O)nc1C,Cu2+,Cc1nnc(-c2nn(-c3ccccc3)cc2O)nc1C.[Cu+2],4.266707
TRZ02340,COc1ccc(-c2c(C)oc3cc(OCc4nnc(C)c(C)n4)ccc3c2=O)cc1,Cu2+,COc1ccc(-c2c(C)oc3cc(OCc4nnc(C)c(C)n4)ccc3c2=O)cc1.[Cu+2],4.262706
TRZ00625,Cc1nnc(-c2csc(CS(=O)(=O)c3ccc(Cl)cc3)n2)nc1C,Cu2+,Cc1nnc(-c2csc(CS(=O)(=O)c3ccc(Cl)cc3)n2)nc1C.[Cu+2],4.2593737
TRZ00574,COCCNc1ccc(-c2cc(N3CCc4ccccc4C3)nc(-c3nnc(C)c(C)n3)n2)cn1,Cu2+,COCCNc1ccc(-c2cc(N3CCc4ccccc4C3)nc(-c3nnc(C)c(C)n3)n2)cn1.[Cu+2],4.2465453
TRZ05880,Cc1nnc(-c2ccc(Cl)nc2C(=O)c2ccccc2C(F)(F)F)nc1C,Cu2+,Cc1nnc(-c2ccc(Cl)nc2C(=O)c2ccccc2C(F)(F)F)nc1C.[Cu+2],4.2447877
TRZ03270,Cc1ccc(S(=O)(=O)Nc2cc(Cl)cnc2-c2nnc(C)c(C)n2)cc1C(F)(F)F,Cu2+,Cc1ccc(S(=O)(=O)Nc2cc(Cl)cnc2-c2nnc(C)c(C)n2)cc1C(F)(F)F.[Cu+2],4.2446795
TRZ04133,Cc1nnc(C(N)c2ccc(F)cc2)nc1C,Cu2+,Cc1nnc(C(N)c2ccc(F)cc2)nc1C.[Cu+2],4.243183
TRZ01708,Cc1nnc(-c2nc3c(c(=O)[nH]2)C2CCCN2C(=O)N3c2ccccc2)nc1C,Cu2+,Cc1nnc(-c2nc3c(c(=O)[nH]2)C2CCCN2C(=O)N3c2ccccc2)nc1C.[Cu+2],4.242662
TRZ01415,CCn1nc(-c2nnc(C)c(C)n2)c2ccccc2c1=O,Cu2+,CCn1nc(-c2nnc(C)c(C)n2)c2ccccc2c1=O.[Cu+2],4.2424555
TRZ04415,Cc1nnc(-c2cnc(NC3(c4ccc(F)c(F)c4)CC3)nc2)nc1C,Cu2+,Cc1nnc(-c2cnc(NC3(c4ccc(F)c(F)c4)CC3)nc2)nc1C.[Cu+2],4.240154
TRZ02426,Cc1nnc(Cn2nnc(-c3ccccc3Oc3ccc(Cl)cc3Cl)n2)nc1C,Cu2+,Cc1nnc(Cn2nnc(-c3ccccc3Oc3ccc(Cl)cc3Cl)n2)nc1C.[Cu+2],4.2360654
TRZ05130,COc1cccc(C2(Nc3ncc(-c4nnc(C)c(C)n4)c(C(=O)C(F)F)n3)CC2)c1,Cu2+,COc1cccc(C2(Nc3ncc(-c4nnc(C)c(C)n4)c(C(=O)C(F)F)n3)CC2)c1.[Cu+2],4.2266464
TRZ01624,CC(/C=C/c1ccc(Cl)cc1)=N\OCc1nnc(C)c(C)n1,Cu2+,CC(/C=C/c1ccc(Cl)cc1)=N\OCc1nnc(C)c(C)n1.[Cu+2],4.2253637
TRZ04885,Cc1nnc(CS(=O)(=O)c2ccc(F)cc2)nc1C,Cu2+,Cc1nnc(CS(=O)(=O)c2ccc(F)cc2)nc1C.[Cu+2],4.2182684
TRZ00621,Cc1nnc(Cn2nnc(-c3ccc(C(F)(F)F)cc3)n2)nc1C,Cu2+,Cc1nnc(Cn2nnc(-c3ccc(C(F)(F)F)cc3)n2)nc1C.[Cu+2],4.2165585
TRZ00750,CCn1cc(-c2nnc(C)c(C)n2)c(=O)c2ccc(-c3ccncc3)cc21,Cu2+,CCn1cc(-c2nnc(C)c(C)n2)c(=O)c2ccc(-c3ccncc3)cc21.[Cu+2],4.213253
TRZ01134,Cc1nnc(CSc2nc3ccccc3c(=O)n2-c2ccccc2)nc1C,Cu2+,Cc1nnc(CSc2nc3ccccc3c(=O)n2-c2ccccc2)nc1C.[Cu+2],4.2093153
TRZ02771,Cc1nnc(-c2cccc(C(=O)O)n2)nc1C,Cu2+,Cc1nnc(-c2cccc(C(=O)O)n2)nc1C.[Cu+2],4.2065144
TRZ01350,Cc1nnc(CSc2cc(Oc3ccc(Cl)cc3)ncn2)nc1C,Cu2+,Cc1nnc(CSc2cc(Oc3ccc(Cl)cc3)ncn2)nc1C.[Cu+2],4.205617
TRZ00110,CCn1cc(-c2nnc(C)c(C)n2)c(=O)c2cc(F)c(N3CCCCC3)cc21,Cu2+,CCn1cc(-c2nnc(C)c(C)n2)c(=O)c2cc(F)c(N3CCCCC3)cc21.[Cu+2],4.2044706
TRZ03780,Cc1nnc(-c2cnc(-c3ccccc3C(F)(F)F)[nH]2)nc1C,Cu2+,Cc1nnc(-c2cnc(-c3ccccc3C(F)(F)F)[nH]2)nc1C.[Cu+2],4.1960974
TRZ01644,Cc1nnc(CCn2cc(C)c(=O)[nH]c2=O)nc1C,Cu2+,Cc1nnc(CCn2cc(C)c(=O)[nH]c2=O)nc1C.[Cu+2],4.189848
TRZ02457,Cc1nnc(-c2cnc(C(C)C)[nH]2)nc1C,Cu2+,Cc1nnc(-c2cnc(C(C)C)[nH]2)nc1C.[Cu+2],4.1888227
TRZ05153,CCC(=O)NN=C(c1ccc(OC(F)(F)F)cc1)c1nnc(C)c(C)n1,Cu2+,CCC(=O)NN=C(c1ccc(OC(F)(F)F)cc1)c1nnc(C)c(C)n1.[Cu+2],4.1849966
TRZ02196,Cc1nnc(-c2cc(=O)c3cc(F)ccc3[nH]2)nc1C,Cu2+,Cc1nnc(-c2cc(=O)c3cc(F)ccc3[nH]2)nc1C.[Cu+2],4.1846495
TRZ02688,Cc1nnc(-c2cc(C(C)(C)C)cc(C(C)(C)C)c2O)nc1C,Cu2+,Cc1nnc(-c2cc(C(C)(C)C)cc(C(C)(C)C)c2O)nc1C.[Cu+2],4.183507
TRZ00919,COc1cc(Cl)ccc1NC(=O)COc1ccccc1-c1nnc(C)c(C)n1,Cu2+,COc1cc(Cl)ccc1NC(=O)COc1ccccc1-c1nnc(C)c(C)n1.[Cu+2],4.1827297
TRZ03769,Cc1ccc(S(=O)(=O)N2C(c3ccc(F)cc3)CCC2c2nnc(C)c(C)n2)cc1,Cu2+,Cc1ccc(S(=O)(=O)N2C(c3ccc(F)cc3)CCC2c2nnc(C)c(C)n2)cc1.[Cu+2],4.172537
TRZ05189,Cc1nnc(-c2cnc(NC3(c4cc(F)cc(F)c4)CCC3)nc2C(=O)C(F)F)nc1C,Cu2+,Cc1nnc(-c2cnc(NC3(c4cc(F)cc(F)c4)CCC3)nc2C(=O)C(F)F)nc1C.[Cu+2],4.1638837
TRZ02992,Cc1nnc(C2=Nc3cccc(Br)c3C(c3ccccc3F)=NC2)nc1C,Cu2+,Cc1nnc(C2=Nc3cccc(Br)c3C(c3ccccc3F)=NC2)nc1C.[Cu+2],4.163824
TRZ05141,Cc1nnc(-c2cc(-c3cccc(F)c3)c(=O)n(C)c2)nc1C,Cu2+,Cc1nnc(-c2cc(-c3cccc(F)c3)c(=O)n(C)c2)nc1C.[Cu+2],4.1604357
TRZ00862,Cc1nnc(-c2nn(CCC(C)C)c(=O)c3ccccc23)nc1C,Cu2+,Cc1nnc(-c2nn(CCC(C)C)c(=O)c3ccccc23)nc1C.[Cu+2],4.1603804
TRZ00642,Cc1nnc(-c2cc3cc(Oc4ccccc4)ccc3[nH]2)nc1C,Cu2+,Cc1nnc(-c2cc3cc(Oc4ccccc4)ccc3[nH]2)nc1C.[Cu+2],4.156952
TRZ04090,Cc1nnc(-c2cn(Cc3c(F)cccc3F)nn2)nc1C,Cu2+,Cc1nnc(-c2cn(Cc3c(F)cccc3F)nn2)nc1C.[Cu+2],4.154519
TRZ04617,CCOc1cc(F)ccc1N(Cc1nnc(C)c(C)n1)c1ccnc(SC)n1,Cu2+,CCOc1cc(F)ccc1N(Cc1nnc(C)c(C)n1)c1ccnc(SC)n1.[Cu+2],4.150447
TRZ00122,COc1cccc2[nH]c(-c3nnc(C)c(C)n3)c(N)c12,Cu2+,COc1cccc2[nH]c(-c3nnc(C)c(C)n3)c(N)c12.[Cu+2],4.1475806
TRZ03334,Cc1nnc(-c2cnn(-c3ccc(F)cc3)c2)nc1C,Cu2+,Cc1nnc(-c2cnn(-c3ccc(F)cc3)c2)nc1C.[Cu+2],4.1466446
TRZ00244,Cc1nnc(Cn2c(=O)c(Cc3ccccc3)nc3ccccc32)nc1C,Cu2+,Cc1nnc(Cn2c(=O)c(Cc3ccccc3)nc3ccccc32)nc1C.[Cu+2],4.1417336
TRZ05078,Cc1nnc(C(c2ccc(F)cc2)N2C[C@H](C)N(C(=O)OC(C)(C)C)C[C@H]2C)nc1C,Cu2+,Cc1nnc(C(c2ccc(F)cc2)N2C[C@H](C)N(C(=O)OC(C)(C)C)C[C@H]2C)nc1C.[Cu+2],4.139885
TRZ04730,Cc1nnc(-c2ccc(CN(C(=O)N3CCS(=O)(=O)CC3)c3cccc(F)c3)nc2)nc1C,Cu2+,Cc1nnc(-c2ccc(CN(C(=O)N3CCS(=O)(=O)CC3)c3cccc(F)c3)nc2)nc1C.[Cu+2],4.1398125
TRZ00961,Cc1nnc(CNC(=O)c2cc(C34CC5CC(CC(C5)C3)C4)c3ccccc3n2)nc1C,Cu2+,Cc1nnc(CNC(=O)c2cc(C34CC5CC(CC(C5)C3)C4)c3ccccc3n2)nc1C.[Cu+2],4.139434
TRZ01721,Cc1nnc(COc2ccc(NC(=O)c3cc(Br)c(Br)[nH]3)cc2)nc1C,Cu2+,Cc1nnc(COc2ccc(NC(=O)c3cc(Br)c(Br)[nH]3)cc2)nc1C.[Cu+2],4.137083
TRZ01345,Cc1nnc(Cn2c(=O)c3c(nc4n3CC(c3ccccc3)=NN4c3ccccc3)n(C)c2=O)nc1C,Cu2+,Cc1nnc(Cn2c(=O)c3c(nc4n3CC(c3ccccc3)=NN4c3ccccc3)n(C)c2=O)nc1C.[Cu+2],4.1364975
TRZ01700,Cc1nnc(-c2nn(-c3ccc(Cl)cc3)c(=O)c3c2cnn3-c2ccc(Cl)cc2)nc1C,Cu2+,Cc1nnc(-c2nn(-c3ccc(Cl)cc3)c(=O)c3c2cnn3-c2ccc(Cl)cc2)nc1C.[Cu+2],4.133871
TRZ02660,Cc1nnc(-c2cn[nH]c2N)nc1C,Cu2+,Cc1nnc(-c2cn[nH]c2N)nc1C.[Cu+2],4.132138
TRZ05527,Cc1nnc(-c2cn(C)nc2Nc2ccc(C(F)(F)F)cc2)nc1C,Cu2+,Cc1nnc(-c2cn(C)nc2Nc2ccc(C(F)(F)F)cc2)nc1C.[Cu+2],4.1302557
TRZ04246,Cc1nnc(C(C)N=Cc2ccc(F)c(C(F)(F)F)c2)nc1C,Cu2+,Cc1nnc(C(C)N=Cc2ccc(F)c(C(F)(F)F)c2)nc1C.[Cu+2],4.125535
TRZ01091,CCn1cc(-c2nnc(C)c(C)n2)c(=O)c2cc(F)c(N3CCCC3)cc21,Cu2+,CCn1cc(-c2nnc(C)c(C)n2)c(=O)c2cc(F)c(N3CCCC3)cc21.[Cu+2],4.1195526
TRZ04565,Cc1nnc(-c2ccc(CNC(=O)N3CCN(C)CC3c3ccc(F)c(Cl)c3)nc2)nc1C,Cu2+,Cc1nnc(-c2ccc(CNC(=O)N3CCN(C)CC3c3ccc(F)c(Cl)c3)nc2)nc1C.[Cu+2],4.111103
TRZ02441,Cc1ccc(N)c(C(NCc2nnc(C)c(C)n2)c2ccccc2)c1,Cu2+,Cc1ccc(N)c(C(NCc2nnc(C)c(C)n2)c2ccccc2)c1.[Cu+2],4.1063128
TRZ02449,COc1ccc(C(=O)NC(c2nnc(C)c(C)n2)C23CC4CC(CC(C4)C2)C3)cc1,Cu2+,COc1ccc(C(=O)NC(c2nnc(C)c(C)n2)C23CC4CC(CC(C4)C2)C3)cc1.[Cu+2],4.1054683
TRZ04417,Cc1nnc(-c2cnc(NC3(c4ccc(Cl)c(F)c4)CC3)nc2)nc1C,Cu2+,Cc1nnc(-c2cnc(NC3(c4ccc(Cl)c(F)c4)CC3)nc2)nc1C.[Cu+2],4.104579
TRZ02456,Cc1nnc(-c2nc(C(C)(C)C)[nH]c2C(C)(C)C)nc1C,Cu2+,Cc1nnc(-c2nc(C(C)(C)C)[nH]c2C(C)(C)C)nc1C.[Cu+2],4.1039686
TRZ05024,Cc1nnc(-c2cc3c(nn2)N(C)CCN3Cc2c(F)ccc(F)c2C)nc1C,Cu2+,Cc1nnc(-c2cc3c(nn2)N(C)CCN3Cc2c(F)ccc(F)c2C)nc1C.[Cu+2],4.1030335
TRZ00066,Cc1nnc(CC2Sc3ccccc3NC2=O)nc1C,Cu2+,Cc1nnc(CC2Sc3ccccc3NC2=O)nc1C.[Cu+2],4.0977135
TRZ03807,Cc1nnc(Cn2nc(-c3ccc(Cl)cc3)n(CCC(F)(F)F)c2=O)nc1C,Cu2+,Cc1nnc(Cn2nc(-c3ccc(Cl)cc3)n(CCC(F)(F)F)c2=O)nc1C.[Cu+2],4.096544
TRZ02176,Cc1nnc(C2CCN2Cc2ccccc2)nc1C,Cu2+,Cc1nnc(C2CCN2Cc2ccccc2)nc1C.[Cu+2],4.095712
TRZ01836,COc1ccc(-c2nnc(C)c(C)n2)c(O)c1,Cu2+,COc1ccc(-c2nnc(C)c(C)n2)c(O)c1.[Cu+2],4.0897183
TRZ01449,Cc1nnc(-c2cnn(-c3ccc(Cl)cc3)c2C)nc1C,Cu2+,Cc1nnc(-c2cnn(-c3ccc(Cl)cc3)c2C)nc1C.[Cu+2],4.089647
TRZ02468,Cc1ccc(-c2nnc(-c3cc(-c4nnc(C)c(C)n4)c(C)nc3C)o2)cc1,Cu2+,Cc1ccc(-c2nnc(-c3cc(-c4nnc(C)c(C)n4)c(C)nc3C)o2)cc1.[Cu+2],4.087306
TRZ04423,Cc1nnc(-c2cnc(NC3(c4ccc(F)c(Cl)c4)CCC3)nc2)nc1C,Cu2+,Cc1nnc(-c2cnc(NC3(c4ccc(F)c(Cl)c4)CCC3)nc2)nc1C.[Cu+2],4.087249
TRZ02835,Cc1ccc2nc(SCc3nnc(C)c(C)n3)n(-c3ccccc3)c(=O)c2c1,Cu2+,Cc1ccc2nc(SCc3nnc(C)c(C)n3)n(-c3ccccc3)c(=O)c2c1.[Cu+2],4.084672
TRZ00984,Cc1nnc(CCn2ccc(=O)[nH]c2=O)nc1C,Cu2+,Cc1nnc(CCn2ccc(=O)[nH]c2=O)nc1C.[Cu+2],4.078524
TRZ02869,Cc1nnc(-c2ccccc2Nc2ccc(F)cc2)nc1C,Cu2+,Cc1nnc(-c2ccccc2Nc2ccc(F)cc2)nc1C.[Cu+2],4.0755424
TRZ01566,Cc1nnc(-c2[nH]c3ccc(CCN4C(=O)NC(C)(C)C4=O)cc3c2CCN(C)C)nc1C,Cu2+,Cc1nnc(-c2[nH]c3ccc(CCN4C(=O)NC(C)(C)C4=O)cc3c2CCN(C)C)nc1C.[Cu+2],4.073491
TRZ02502,CCCC(C)Oc1ccc(O)c(-c2nnc(C)c(C)n2)c1,Cu2+,CCCC(C)Oc1ccc(O)c(-c2nnc(C)c(C)n2)c1.[Cu+2],4.07343
TRZ00416,CCn1c(=O)c(-c2nnc(C)c(C)n2)c(O)c2ccccc21,Cu2+,CCn1c(=O)c(-c2nnc(C)c(C)n2)c(O)c2ccccc21.[Cu+2],4.0730553
TRZ02133,Cc1nnc(COc2ccccc2O)nc1C,Cu2+,Cc1nnc(COc2ccccc2O)nc1C.[Cu+2],4.0696945
TRZ01580,Cc1nnc(Cn2c(=O)c(C)nc3ccccc32)nc1C,Cu2+,Cc1nnc(Cn2c(=O)c(C)nc3ccccc32)nc1C.[Cu+2],4.058856
TRZ04146,Cc1nnc(-c2c(C)nc3c(OCc4c(F)cccc4F)cccn23)nc1C,Cu2+,Cc1nnc(-c2c(C)nc3c(OCc4c(F)cccc4F)cccn23)nc1C.[Cu+2],4.058833
TRZ01607,Cc1nnc(C(=O)c2cc3ccccc3n2S(=O)(=O)c2ccccc2)nc1C,Cu2+,Cc1nnc(C(=O)c2cc3ccccc3n2S(=O)(=O)c2ccccc2)nc1C.[Cu+2],4.0531726
TRZ02750,Cc1ncc(-c2nnc(C)c(C)n2)c(N)n1,Cu2+,Cc1ncc(-c2nnc(C)c(C)n2)c(N)n1.[Cu+2],4.0518646
TRZ00388,Cc1nnc(C(Cc2cnc[nH]2)NC(=O)OCc2ccccc2)nc1C,Cu2+,Cc1nnc(C(Cc2cnc[nH]2)NC(=O)OCc2ccccc2)nc1C.[Cu+2],4.050396
TRZ03765,Cc1nnc(-c2cc(C(F)(F)F)nn2-c2cccc(CNC[C@H](C)C(=O)OC(C)(C)C)c2)nc1C,Cu2+,Cc1nnc(-c2cc(C(F)(F)F)nn2-c2cccc(CNC[C@H](C)C(=O)OC(C)(C)C)c2)nc1C.[Cu+2],4.046546
TRZ01094,Cc1nnc(C(C)n2nnc(-c3cc(C(F)(F)F)cc(C(F)(F)F)c3)n2)nc1C,Cu2+,Cc1nnc(C(C)n2nnc(-c3cc(C(F)(F)F)cc(C(F)(F)F)c3)n2)nc1C.[Cu+2],4.0442367
TRZ01513,COc1ccc(-c2c(-c3ccc(OCc4nnc(C)c(C)n4)cc3O)n[nH]c2C)cc1OC,Cu2+,COc1ccc(-c2c(-c3ccc(OCc4nnc(C)c(C)n4)cc3O)n[nH]c2C)cc1OC.[Cu+2],4.0426416
TRZ02830,Cc1nnc(C2CCC(=O)N2S(=O)(=O)c2ccc(Cl)cc2)nc1C,Cu2+,Cc1nnc(C2CCC(=O)N2S(=O)(=O)c2ccc(Cl)cc2)nc1C.[Cu+2],4.0417547
TRZ01486,Cc1nnc(-c2ncnc3nc[nH]c23)nc1C,Cu2+,Cc1nnc(-c2ncnc3nc[nH]c23)nc1C.[Cu+2],4.0374537
TRZ00920,Cc1nnc(COc2ccc(C3SCCS3)cc2)nc1C,Cu2+,Cc1nnc(COc2ccc(C3SCCS3)cc2)nc1C.[Cu+2],4.0308466
TRZ03557,Cc1nnc(Cn2cccc(C(F)(F)F)c2=O)nc1C,Cu2+,Cc1nnc(Cn2cccc(C(F)(F)F)c2=O)nc1C.[Cu+2],4.0228624
TRZ05200,Cc1nnc(-c2cnc(NC3(c4cc(F)cc(F)c4)CC3)nc2C(=O)C(F)F)nc1C,Cu2+,Cc1nnc(-c2cnc(NC3(c4cc(F)cc(F)c4)CC3)nc2C(=O)C(F)F)nc1C.[Cu+2],4.021425
TRZ01026,COCCNc1ccc(-c2cc(-c3cc(F)ccc3F)nc(-c3nnc(C)c(C)n3)n2)cn1,Cu2+,COCCNc1ccc(-c2cc(-c3cc(F)ccc3F)nc(-c3nnc(C)c(C)n3)n2)cn1.[Cu+2],4.0183835
TRZ01076,Cc1ncc(-c2nnc(C)c(C)n2)c(=O)[nH]1,Cu2+,Cc1ncc(-c2nnc(C)c(C)n2)c(=O)[nH]1.[Cu+2],4.01709
TRZ01802,Cc1nnc(-c2nc(-c3ccccc3)cc(N3CCN(c4ccccc4)CC3)n2)nc1C,Cu2+,Cc1nnc(-c2nc(-c3ccccc3)cc(N3CCN(c4ccccc4)CC3)n2)nc1C.[Cu+2],4.0158386
TRZ03759,Cc1nnc(CC(C)N(C)S(=O)(=O)c2ccc(C(F)(F)F)cc2Cl)nc1C,Cu2+,Cc1nnc(CC(C)N(C)S(=O)(=O)c2ccc(C(F)(F)F)cc2Cl)nc1C.[Cu+2],4.0146074
TRZ00954,Cc1nnc(CC(=O)Nc2ccccc2C(=O)O)nc1C,Cu2+,Cc1nnc(CC(=O)Nc2ccccc2C(=O)O)nc1C.[Cu+2],4.0107303
TRZ00718,Cc1nnc(-c2cc(-c3ccc(OCCC(C)C)c(C#N)c3)n[nH]c2=O)nc1C,Cu2+,Cc1nnc(-c2cc(-c3ccc(OCCC(C)C)c(C#N)c3)n[nH]c2=O)nc1C.[Cu+2],4.0063066
TRZ00973,COc1ccc(-c2cc(-c3nnc(C)c(C)n3)n(CC(O)COc3ccc(Cl)cc3)n2)cc1,Cu2+,COc1ccc(-c2cc(-c3nnc(C)c(C)n3)n(CC(O)COc3ccc(Cl)cc3)n2)cc1.[Cu+2],4.005397
TRZ02072,CCn1cc(-c2nnc(C)c(C)n2)c(=O)c2cc(F)c(N3CCSCC3)cc21,Cu2+,CCn1cc(-c2nnc(C)c(C)n2)c(=O)c2cc(F)c(N3CCSCC3)cc21.[Cu+2],4.000758
TRZ01605,Cc1nnc(CN2Cc3c(Cl)cccc3NC2=O)nc1C,Cu2+,Cc1nnc(CN2Cc3c(Cl)cccc3NC2=O)nc1C.[Cu+2],3.9991596
TRZ02453,Cc1nnc(-c2cnc(C3CCCC3)[nH]2)nc1C,Cu2+,Cc1nnc(-c2cnc(C3CCCC3)[nH]2)nc1C.[Cu+2],3.998132
TRZ05442,Cc1nnc(-c2cc(Oc3ccc(NC(=O)OC(C)(C)C)c(F)c3)ccn2)nc1C,Cu2+,Cc1nnc(-c2cc(Oc3ccc(NC(=O)OC(C)(C)C)c(F)c3)ccn2)nc1C.[Cu+2],3.996976
TRZ04113,Cc1nnc(C2=CC(C(=O)O)C(=O)N(c3cccc(C(F)(F)F)c3)C2C)nc1C,Cu2+,Cc1nnc(C2=CC(C(=O)O)C(=O)N(c3cccc(C(F)(F)F)c3)C2C)nc1C.[Cu+2],3.994931
TRZ01161,Cc1nnc(-c2nc3ccccc3c(=O)[nH]2)nc1C,Cu2+,Cc1nnc(-c2nc3ccccc3c(=O)[nH]2)nc1C.[Cu+2],3.994679
TRZ05454,Cc1nnc(-c2ccc(Oc3cccc(C(F)(F)F)c3)cc2[N+](=O)[O-])nc1C,Cu2+,Cc1nnc(-c2ccc(Oc3cccc(C(F)(F)F)c3)cc2[N+](=O)[O-])nc1C.[Cu+2],3.9943147
TRZ00791,Cc1nnc(-c2cnc3ccc(-c4c(-c5ccc(F)cc5)ncn4CC(F)F)nn23)nc1C,Cu2+,Cc1nnc(-c2cnc3ccc(-c4c(-c5ccc(F)cc5)ncn4CC(F)F)nn23)nc1C.[Cu+2],3.991417
TRZ01957,CCCn1c(=O)c(-c2nnc(C)c(C)n2)c(O)c2ccccc21,Cu2+,CCCn1c(=O)c(-c2nnc(C)c(C)n2)c(O)c2ccccc21.[Cu+2],3.990561
TRZ01489,CC(=O)N[C@@H](Cc1ccc(O)cc1)c1nnc(C)c(C)n1,Cu2+,CC(=O)N[C@@H](Cc1ccc(O)cc1)c1nnc(C)c(C)n1.[Cu+2],3.9846404
TRZ01627,CC(/C=C/c1ccc(Cl)cc1)=N\OC(C)c1nnc(C)c(C)n1,Cu2+,CC(/C=C/c1ccc(Cl)cc1)=N\OC(C)c1nnc(C)c(C)n1.[Cu+2],3.982437
TRZ01701,Cc1nnc(-c2nn(-c3ccc(Cl)cc3)c(=O)c3c2cnn3-c2ccccc2)nc1C,Cu2+,Cc1nnc(-c2nn(-c3ccc(Cl)cc3)c(=O)c3c2cnn3-c2ccccc2)nc1C.[Cu+2],3.9787855
TRZ02822,COc1ccc2c(c1)CCCC2=NNc1nc(-c2nnc(C)c(C)n2)cs1,Cu2+,COc1ccc2c(c1)CCCC2=NNc1nc(-c2nnc(C)c(C)n2)cs1.[Cu+2],3.9775586
TRZ00904,Cc1nnc(-c2cnn(Cc3ccccc3)c2N)nc1C,Cu2+,Cc1nnc(-c2cnn(Cc3ccccc3)c2N)nc1C.[Cu+2],3.974932
TRZ04426,Cc1nnc(-c2cnc(NC3(c4ccc(F)c(Cl)c4)CC3)nc2)nc1C,Cu2+,Cc1nnc(-c2cnc(NC3(c4ccc(F)c(Cl)c4)CC3)nc2)nc1C.[Cu+2],3.9706366
TRZ02658,Cc1nnc(C2C=C3c4cccc5[nH]cc(c45)CC3N(C)C2)nc1C,Cu2+,Cc1nnc(C2C=C3c4cccc5[nH]cc(c45)CC3N(C)C2)nc1C.[Cu+2],3.9638503
TRZ05501,Cc1nnc(-c2cncc(-c3ccccc3F)n2)nc1C,Cu2+,Cc1nnc(-c2cncc(-c3ccccc3F)n2)nc1C.[Cu+2],3.9592345
TRZ02498,CCOc1ccc(O)c(-c2nnc(C)c(C)n2)c1,Cu2+,CCOc1ccc(O)c(-c2nnc(C)c(C)n2)c1.[Cu+2],3.9591994
TRZ00606,Cc1nnc(-c2cnn(-c3ccccc3)c2-n2c(C)ccc2C)nc1C,Cu2+,Cc1nnc(-c2cnn(-c3ccccc3)c2-n2c(C)ccc2C)nc1C.[Cu+2],3.9574156
TRZ01709,Cc1nnc(-c2c(C)nc[nH]c2=O)nc1C,Cu2+,Cc1nnc(-c2c(C)nc[nH]c2=O)nc1C.[Cu+2],3.9517598
TRZ04108,Cc1nnc(-c2c(C=O)nn(-c3ccc(F)cc3)c2-c2ccccn2)nc1C,Cu2+,Cc1nnc(-c2c(C=O)nn(-c3ccc(F)cc3)c2-c2ccccn2)nc1C.[Cu+2],3.951256
TRZ02638,Cc1ccc(-c2nnc(C)c(C)n2)cn1,Cu2+,Cc1ccc(-c2nnc(C)c(C)n2)cn1.[Cu+2],3.9488993
TRZ03350,Cc1nnc(-c2cn(C)c(=O)c(C)c2Nc2ccc(Br)cc2F)nc1C,Cu2+,Cc1nnc(-c2cn(C)c(=O)c(C)c2Nc2ccc(Br)cc2F)nc1C.[Cu+2],3.9464574
TRZ01090,Cc1nnc(Cn2c(=S)[nH]c3ccccc32)nc1C,Cu2+,Cc1nnc(Cn2c(=S)[nH]c3ccccc32)nc1C.[Cu+2],3.9441066
TRZ03810,Cc1nnc(Cn2nc(-c3ccc(Cl)cc3)n(CC(O)C(F)(F)F)c2=O)nc1C,Cu2+,Cc1nnc(Cn2nc(-c3ccc(Cl)cc3)n(CC(O)C(F)(F)F)c2=O)nc1C.[Cu+2],3.9420576
TRZ03844,Cc1nnc(-c2cccc(Oc3ccc(N(C)C)c(C(F)(F)F)c3)n2)nc1C,Cu2+,Cc1nnc(-c2cccc(Oc3ccc(N(C)C)c(C(F)(F)F)c3)n2)nc1C.[Cu+2],3.9399812
TRZ00680,Cc1nnc(-c2cc(-c3ccc(Cl)cc3)n[nH]2)nc1C,Cu2+,Cc1nnc(-c2cc(-c3ccc(Cl)cc3)n[nH]2)nc1C.[Cu+2],3.938664
TRZ01029,Cc1nnc(-c2nc(-c3ccc(C(F)(F)F)nc3)cc(-c3ccc(O)c(F)c3)n2)nc1C,Cu2+,Cc1nnc(-c2nc(-c3ccc(C(F)(F)F)nc3)cc(-c3ccc(O)c(F)c3)n2)nc1C.[Cu+2],3.9375432
TRZ04424,Cc1nnc(-c2cnc(NC3(c4cc(F)c(F)cc4F)CCC3)nc2)nc1C,Cu2+,Cc1nnc(-c2cnc(NC3(c4cc(F)c(F)cc4F)CCC3)nc2)nc1C.[Cu+2],3.933838
TRZ01453,Cc1nnc(-c2cnn(-c3ccccc3)c2C)nc1C,Cu2+,Cc1nnc(-c2cnn(-c3ccccc3)c2C)nc1C.[Cu+2],3.9335666
TRZ02991,Cc1nnc(C2=Nc3c(cccc3C(F)(F)F)C(c3ccccn3)=NC2)nc1C,Cu2+,Cc1nnc(C2=Nc3c(cccc3C(F)(F)F)C(c3ccccn3)=NC2)nc1C.[Cu+2],3.93315
TRZ04174,Cc1nnc(Cc2cc(NC(=O)O)n(-c3ccc(F)cc3)n2)nc1C,Cu2+,Cc1nnc(Cc2cc(NC(=O)O)n(-c3ccc(F)cc3)n2)nc1C.[Cu+2],3.9330852
TRZ03749,Cc1nnc(C2C(=O)Nc3ccc(Br)c(-c4cccc(F)c4)c32)nc1C,Cu2+,Cc1nnc(C2C(=O)Nc3ccc(Br)c(-c4cccc(F)c4)c32)nc1C.[Cu+2],3.9326568
TRZ00109,CCn1cc(-c2nnc(C)c(C)n2)c(=O)c2cc(F)c(N3CCOCC3)cc21,Cu2+,CCn1cc(-c2nnc(C)c(C)n2)c(=O)c2cc(F)c(N3CCOCC3)cc21.[Cu+2],3.9299948
TRZ01562,COc1ccc2c(c1)CCC/C2=N/Nc1nc(-c2nnc(C)c(C)n2)cs1,Cu2+,COc1ccc2c(c1)CCC/C2=N/Nc1nc(-c2nnc(C)c(C)n2)cs1.[Cu+2],3.9279294
TRZ03271,Cc1cnc(-c2nnc(C)c(C)n2)c(NS(=O)(=O)c2ccc(Cl)c(C(F)(F)F)c2)c1,Cu2+,Cc1cnc(-c2nnc(C)c(C)n2)c(NS(=O)(=O)c2ccc(Cl)c(C(F)(F)F)c2)c1.[Cu+2],3.9245818
TRZ02825,Cc1nnc(-c2c(N)n[nH]c2-c2ccc(F)cc2)nc1C,Cu2+,Cc1nnc(-c2c(N)n[nH]c2-c2ccc(F)cc2)nc1C.[Cu+2],3.9240522
TRZ01293,Cc1nnc(CSc2cc(N3CCCCC3)ncn2)nc1C,Cu2+,Cc1nnc(CSc2cc(N3CCCCC3)ncn2)nc1C.[Cu+2],3.9210556
TRZ05793,Cc1nnc(-c2c(-c3ccc(F)cc3)[nH]c3c(F)cccc23)nc1C,Cu2+,Cc1nnc(-c2c(-c3ccc(F)cc3)[nH]c3c(F)cccc23)nc1C.[Cu+2],3.9189408
TRZ02299,C=C(C)Cn1c(SCc2nnc(C)c(C)n2)nc2ccccc2c1=O,Cu2+,C=C(C)Cn1c(SCc2nnc(C)c(C)n2)nc2ccccc2c1=O.[Cu+2],3.9116232
TRZ01019,Cc1nnc(CSc2nc3ccccc3c(=O)n2Cc2ccc3c(c2)OCO3)nc1C,Cu2+,Cc1nnc(CSc2nc3ccccc3c(=O)n2Cc2ccc3c(c2)OCO3)nc1C.[Cu+2],3.9059134
TRZ01365,Cc1nnc(C(O)(c2ccc(Cl)cc2)c2ccc(Cl)cc2)nc1C,Cu2+,Cc1nnc(C(O)(c2ccc(Cl)cc2)c2ccc(Cl)cc2)nc1C.[Cu+2],3.9053311
TRZ04906,Cc1nnc(-c2cn3ccnc3c(Cc3ccccc3F)n2)nc1C,Cu2+,Cc1nnc(-c2cn3ccnc3c(Cc3ccccc3F)n2)nc1C.[Cu+2],3.9009562
TRZ01705,Cc1nnc(-c2nn(-c3ccccc3)c(=O)c3c2cnn3-c2ccc(Cl)cc2)nc1C,Cu2+,Cc1nnc(-c2nn(-c3ccccc3)c(=O)c3c2cnn3-c2ccc(Cl)cc2)nc1C.[Cu+2],3.8981025
TRZ02981,Cc1nnc(-c2nc3c(=O)[nH]c4cc(C(F)(F)F)ccc4n3c2Cc2ncc[nH]2)nc1C,Cu2+,Cc1nnc(-c2nc3c(=O)[nH]c4cc(C(F)(F)F)ccc4n3c2Cc2ncc[nH]2)nc1C.[Cu+2],3.89534
TRZ02588,CCCCCn1c(=O)c(-c2nnc(C)c(C)n2)c(O)c2ccccc21,Cu2+,CCCCCn1c(=O)c(-c2nnc(C)c(C)n2)c(O)c2ccccc21.[Cu+2],3.8942711
TRZ04255,CCNC(=O)NC1=NCC2=C(C1)c1cc(C(F)(F)F)nn1C1C2=CN=CC1c1nnc(C)c(C)n1,Cu2+,CCNC(=O)NC1=NCC2=C(C1)c1cc(C(F)(F)F)nn1C1C2=CN=CC1c1nnc(C)c(C)n1.[Cu+2],3.891268
TRZ03834,Cc1nnc(-c2cccnc2Oc2ccc(F)cc2)nc1C,Cu2+,Cc1nnc(-c2cccnc2Oc2ccc(F)cc2)nc1C.[Cu+2],3.879132
TRZ01966,Cc1nnc(-c2c(O)ccc3ccccc23)nc1C,Cu2+,Cc1nnc(-c2c(O)ccc3ccccc23)nc1C.[Cu+2],3.872626
TRZ02543,Cc1nnc(-c2ccc(/C=N\O)nc2)nc1C,Cu2+,Cc1nnc(-c2ccc(/C=N\O)nc2)nc1C.[Cu+2],3.872202
TRZ03115,COc1ccc(N2C(=O)N[C@]3(CCOc4ccc(F)cc43)C2=O)c(-c2nnc(C)c(C)n2)c1,Cu2+,COc1ccc(N2C(=O)N[C@]3(CCOc4ccc(F)cc43)C2=O)c(-c2nnc(C)c(C)n2)c1.[Cu+2],3.8679333
TRZ00270,Cc1nnc(CSc2ncc(-c3ccccc3)[nH]2)nc1C,Cu2+,Cc1nnc(CSc2ncc(-c3ccccc3)[nH]2)nc1C.[Cu+2],3.8678994
TRZ04974,Cc1ccc(C(=N)c2nnc(C)c(C)n2)c(NCc2ccc(F)cc2F)c1,Cu2+,Cc1ccc(C(=N)c2nnc(C)c(C)n2)c(NCc2ccc(F)cc2F)c1.[Cu+2],3.866496
TRZ02961,Cc1nnc(-c2cc(F)ccc2O)nc1C,Cu2+,Cc1nnc(-c2cc(F)ccc2O)nc1C.[Cu+2],3.8648117
TRZ02460,CC1=Nc2ccc(Cl)cc2C(c2ccccc2)N1Cc1nnc(C)c(C)n1,Cu2+,CC1=Nc2ccc(Cl)cc2C(c2ccccc2)N1Cc1nnc(C)c(C)n1.[Cu+2],3.8645477
TRZ04136,Cc1nnc(C(N)c2ccccc2F)nc1C,Cu2+,Cc1nnc(C(N)c2ccccc2F)nc1C.[Cu+2],3.863073
TRZ03297,Cc1nnc(-c2nn(-c3cccc(C(F)(F)F)c3)ccc2=O)nc1C,Cu2+,Cc1nnc(-c2nn(-c3cccc(C(F)(F)F)c3)ccc2=O)nc1C.[Cu+2],3.8614364
TRZ02661,Cc1nnc(-c2cccnc2Nc2ccccc2)nc1C,Cu2+,Cc1nnc(-c2cccnc2Nc2ccccc2)nc1C.[Cu+2],3.8608027
TRZ05836,Cc1nnc(/C=N/NCc2ccc(F)cc2)nc1C,Cu2+,Cc1nnc(/C=N/NCc2ccc(F)cc2)nc1C.[Cu+2],3.8596876
TRZ03162,Cc1nnc(CCN(Cc2cc3c(cc2F)OCCO3)C(=O)OC(C)(C)C)nc1C,Cu2+,Cc1nnc(CCN(Cc2cc3c(cc2F)OCCO3)C(=O)OC(C)(C)C)nc1C.[Cu+2],3.856774
TRZ03008,Cc1nnc(CCNS(=O)(=O)c2ccccc2)nc1C,Cu2+,Cc1nnc(CCNS(=O)(=O)c2ccccc2)nc1C.[Cu+2],3.8554006
TRZ02844,Cc1nnc(-c2ccccc2Nc2ccnc(C(F)(F)F)c2)nc1C,Cu2+,Cc1nnc(-c2ccccc2Nc2ccnc(C(F)(F)F)c2)nc1C.[Cu+2],3.8553252
TRZ05355,Cc1nnc(-c2cc3c(Br)cccc3n2CC(F)(F)F)nc1C,Cu2+,Cc1nnc(-c2cc3c(Br)cccc3n2CC(F)(F)F)nc1C.[Cu+2],3.8526154
TRZ00716,Cc1nnc(-c2cc(-c3c[nH]c4ccccc34)nn2Cc2ccc(F)cc2)nc1C,Cu2+,Cc1nnc(-c2cc(-c3c[nH]c4ccccc34)nn2Cc2ccc(F)cc2)nc1C.[Cu+2],3.8497646
TRZ00356,Cc1nnc(-c2c(N)ncnc2Nc2ccc(OCc3ccccc3)c(Cl)c2)nc1C,Cu2+,Cc1nnc(-c2c(N)ncnc2Nc2ccc(OCc3ccccc3)c(Cl)c2)nc1C.[Cu+2],3.8469832
TRZ05417,Cc1nnc(C(=N)C(=O)/C=C\Nc2cccc(C(F)(F)F)c2)nc1C,Cu2+,Cc1nnc(C(=N)C(=O)/C=C\Nc2cccc(C(F)(F)F)c2)nc1C.[Cu+2],3.8430662
TRZ04620,Cc1nnc(-c2ccccc2Nc2ccc(C(F)(F)F)cc2)nc1C,Cu2+,Cc1nnc(-c2ccccc2Nc2ccc(C(F)(F)F)cc2)nc1C.[Cu+2],3.8424015
TRZ02450,Cc1nnc(C(NC(=O)c2ccc([N+](=O)[O-])cc2)C23CC4CC(CC(C4)C2)C3)nc1C,Cu2+,Cc1nnc(C(NC(=O)c2ccc([N+](=O)[O-])cc2)C23CC4CC(CC(C4)C2)C3)nc1C.[Cu+2],3.8377721
TRZ01730,Cc1nnc(Cn2cncc2-c2ccc(C(C)(C)C)cc2)nc1C,Cu2+,Cc1nnc(Cn2cncc2-c2ccc(C(C)(C)C)cc2)nc1C.[Cu+2],3.8360085
TRZ02587,CC(=O)c1sc(N)c(-c2nnc(C)c(C)n2)c1C,Cu2+,CC(=O)c1sc(N)c(-c2nnc(C)c(C)n2)c1C.[Cu+2],3.8276653
TRZ01139,CCn1c(=O)c(-c2nnc(C)c(C)n2)c(N)c2cccnc21,Cu2+,CCn1c(=O)c(-c2nnc(C)c(C)n2)c(N)c2cccnc21.[Cu+2],3.8275285
TRZ02625,Cc1nnc(Cn2cncn2)nc1C,Cu2+,Cc1nnc(Cn2cncn2)nc1C.[Cu+2],3.821276
TRZ05198,Cc1nnc(-c2cnc(NC3(c4ccc(F)c(F)c4)CCC3)nc2C(=O)C(F)F)nc1C,Cu2+,Cc1nnc(-c2cnc(NC3(c4ccc(F)c(F)c4)CCC3)nc2C(=O)C(F)F)nc1C.[Cu+2],3.8163688
TRZ02191,Cc1nnc(CNCc2ccc(N)cc2[N+](=O)[O-])nc1C,Cu2+,Cc1nnc(CNCc2ccc(N)cc2[N+](=O)[O-])nc1C.[Cu+2],3.8141198
TRZ02458,CCCCOc1ccccc1C(=O)NCc1nnc(C)c(C)n1,Cu2+,CCCCOc1ccccc1C(=O)NCc1nnc(C)c(C)n1.[Cu+2],3.8090768
TRZ02883,Cc1nnc(CN2C(=O)CSC2c2ccc(F)cc2)nc1C,Cu2+,Cc1nnc(CN2C(=O)CSC2c2ccc(F)cc2)nc1C.[Cu+2],3.806578
TRZ03119,Cc1nnc(C(C)(Cc2ccc(F)cc2)N(C(=O)O)C(C)(C)C)nc1C,Cu2+,Cc1nnc(C(C)(Cc2ccc(F)cc2)N(C(=O)O)C(C)(C)C)nc1C.[Cu+2],3.8062809
TRZ02990,Cc1nnc(-c2ccc(C(F)(F)F)cc2O)nc1C,Cu2+,Cc1nnc(-c2ccc(C(F)(F)F)cc2O)nc1C.[Cu+2],3.8053136
TRZ05788,Cc1nnc(-c2c(-c3ccc(F)cc3)[nH]c3c(F)c(F)ccc23)nc1C,Cu2+,Cc1nnc(-c2c(-c3ccc(F)cc3)[nH]c3c(F)c(F)ccc23)nc1C.[Cu+2],3.7986815
TRZ02814,Cc1nnc(-c2ccccc2OCC(=O)Nc2ccc(SC(F)F)cc2)nc1C,Cu2+,Cc1nnc(-c2ccccc2OCC(=O)Nc2ccc(SC(F)F)cc2)nc1C.[Cu+2],3.7976587
TRZ00102,Cc1nnc(-c2ccccc2S(N)(=O)=O)nc1C,Cu2+,Cc1nnc(-c2ccccc2S(N)(=O)=O)nc1C.[Cu+2],3.7973664
TRZ05447,CCc1c(F)cc(F)cc1OC(C)C(=O)N(Cc1nnc(C)c(C)n1)Cc1ccc(C#N)cc1F,Cu2+,CCc1c(F)cc(F)cc1OC(C)C(=O)N(Cc1nnc(C)c(C)n1)Cc1ccc(C#N)cc1F.[Cu+2],3.7948253
TRZ01760,Cc1nnc(-c2nc(-c3ccccc3F)cc(-c3ccccc3F)n2)nc1C,Cu2+,Cc1nnc(-c2nc(-c3ccccc3F)cc(-c3ccccc3F)n2)nc1C.[Cu+2],3.790285
TRZ00183,Cc1nnc(CN2CCCc3ccccc32)nc1C,Cu2+,Cc1nnc(CN2CCCc3ccccc32)nc1C.[Cu+2],3.790153
TRZ03806,Cc1nnc(Cn2nc(-c3ccc(Cl)cc3)n(C[C@H](O)C(F)(F)F)c2=O)nc1C,Cu2+,Cc1nnc(Cn2nc(-c3ccc(Cl)cc3)n(C[C@H](O)C(F)(F)F)c2=O)nc1C.[Cu+2],3.789638
TRZ02471,Cc1nnc(-c2cc3sc(Cl)cc3[nH]2)nc1C,Cu2+,Cc1nnc(-c2cc3sc(Cl)cc3[nH]2)nc1C.[Cu+2],3.7876887
TRZ01546,Cc1ccc(S(=O)(=O)NC(Cc2ccccc2)c2nnc(C)c(C)n2)cc1,Cu2+,Cc1ccc(S(=O)(=O)NC(Cc2ccccc2)c2nnc(C)c(C)n2)cc1.[Cu+2],3.7851262
TRZ02481,Cc1nnc(CC2=Nn3c(nnc3-c3ccc(Cl)cc3)SC2)nc1C,Cu2+,Cc1nnc(CC2=Nn3c(nnc3-c3ccc(Cl)cc3)SC2)nc1C.[Cu+2],3.7846823
TRZ05825,Cc1nnc(C(=Cn2cnc(-c3cc(C(F)(F)F)cc(C(F)(F)F)c3)n2)c2cnccn2)nc1C,Cu2+,Cc1nnc(C(=Cn2cnc(-c3cc(C(F)(F)F)cc(C(F)(F)F)c3)n2)c2cnccn2)nc1C.[Cu+2],3.7827005
TRZ01704,Cc1nnc(-c2nn(-c3ccccc3)c(=O)c3c2cnn3-c2ccccc2)nc1C,Cu2+,Cc1nnc(-c2nn(-c3ccccc3)c(=O)c3c2cnn3-c2ccccc2)nc1C.[Cu+2],3.7758148
TRZ01875,Cc1nnc(COc2ccc3c(c2Br)CCCC3)nc1C,Cu2+,Cc1nnc(COc2ccc3c(c2Br)CCCC3)nc1C.[Cu+2],3.773023
TRZ02630,Cc1nnc(-c2cc([N+](=O)[O-])ccc2O)nc1C,Cu2+,Cc1nnc(-c2cc([N+](=O)[O-])ccc2O)nc1C.[Cu+2],3.7727296
TRZ04145,Cc1cc(OCc2c(F)cccc2F)c2nc(C)c(-c3nnc(C)c(C)n3)n2c1,Cu2+,Cc1cc(OCc2c(F)cccc2F)c2nc(C)c(-c3nnc(C)c(C)n3)n2c1.[Cu+2],3.7670588
TRZ01621,Cc1nnc(CSc2nnc(-c3ccncc3)n2/N=C/c2ccccc2Cl)nc1C,Cu2+,Cc1nnc(CSc2nnc(-c3ccncc3)n2/N=C/c2ccccc2Cl)nc1C.[Cu+2],3.7666502
TRZ00304,Cc1nnc(-c2c(O)c3cccc4c3n(c2=O)CCC4)nc1C,Cu2+,Cc1nnc(-c2c(O)c3cccc4c3n(c2=O)CCC4)nc1C.[Cu+2],3.76629
TRZ00783,Cc1nnc(-c2ccccc2Nc2ccccc2)nc1C,Cu2+,Cc1nnc(-c2ccccc2Nc2ccccc2)nc1C.[Cu+2],3.7654126
TRZ02021,Cc1nnc(-c2c(O)c3ccccc3[nH]c2=O)nc1C,Cu2+,Cc1nnc(-c2c(O)c3ccccc3[nH]c2=O)nc1C.[Cu+2],3.7642007
TRZ00988,Cc1nnc(CC(=O)Nc2cc(Cl)cc(Cl)c2)nc1C,Cu2+,Cc1nnc(CC(=O)Nc2cc(Cl)cc(Cl)c2)nc1C.[Cu+2],3.7617025
TRZ00854,Cc1nnc(-c2ccc3nccn3c2)nc1C,Cu2+,Cc1nnc(-c2ccc3nccn3c2)nc1C.[Cu+2],3.7536547
TRZ00242,Cc1nnc(Cc2nn[nH]n2)nc1C,Cu2+,Cc1nnc(Cc2nn[nH]n2)nc1C.[Cu+2],3.7509832
TRZ00774,Cc1nnc(C2Cc3c([nH]c4ccccc34)CN2)nc1C,Cu2+,Cc1nnc(C2Cc3c([nH]c4ccccc34)CN2)nc1C.[Cu+2],3.7499492
TRZ05148,CCC(=O)NN=C(c1cccc(C(F)(F)F)c1)c1nnc(C)c(C)n1,Cu2+,CCC(=O)NN=C(c1cccc(C(F)(F)F)c1)c1nnc(C)c(C)n1.[Cu+2],3.7498376
TRZ05922,Cc1nnc(-c2nc3cc4c(-c5ccncc5)[nH]n(-c5ccc(F)cc5)c4cc3n2)nc1C,Cu2+,Cc1nnc(-c2nc3cc4c(-c5ccncc5)[nH]n(-c5ccc(F)cc5)c4cc3n2)nc1C.[Cu+2],3.7439086
TRZ00594,Cc1nnc(Cc2c(Sc3ccccc3)c3ccccc3n2C)nc1C,Cu2+,Cc1nnc(Cc2c(Sc3ccccc3)c3ccccc3n2C)nc1C.[Cu+2],3.740758
TRZ00723,CCCCOc1ccc(-c2cc(-c3nnc(C)c(C)n3)c(=O)[nH]n2)cc1C#N,Cu2+,CCCCOc1ccc(-c2cc(-c3nnc(C)c(C)n3)c(=O)[nH]n2)cc1C#N.[Cu+2],3.7372885
TRZ03355,Cc1nnc(Cc2c(-c3ccc(F)cc3)nc3ccc(N4CCCC4)nn23)nc1C,Cu2+,Cc1nnc(Cc2c(-c3ccc(F)cc3)nc3ccc(N4CCCC4)nn23)nc1C.[Cu+2],3.73382
TRZ05169,Cc1nnc(C(N)c2ccc(F)c(Br)c2)nc1C,Cu2+,Cc1nnc(C(N)c2ccc(F)c(Br)c2)nc1C.[Cu+2],3.7333875
TRZ05263,Cc1nnc(-c2cnc3ccc(N4CCCC4c4cc(F)cnc4C#C[C@@H](C)N)nn23)nc1C,Cu2+,Cc1nnc(-c2cnc3ccc(N4CCCC4c4cc(F)cnc4C#C[C@@H](C)N)nn23)nc1C.[Cu+2],3.7296996
TRZ01062,Cc1nnc(-c2nc(-c3ccc(O)cc3)cc(-c3ccc(C(F)(F)F)nc3)n2)nc1C,Cu2+,Cc1nnc(-c2nc(-c3ccc(O)cc3)cc(-c3ccc(C(F)(F)F)nc3)n2)nc1C.[Cu+2],3.7288132
TRZ05087,Cc1nnc(C(=O)NCc2c(F)cccc2F)nc1C,Cu2+,Cc1nnc(C(=O)NCc2c(F)cccc2F)nc1C.[Cu+2],3.7222958
TRZ02019,CCCCOc1ccc(-c2nnc(C)c(C)n2)c(O)c1,Cu2+,CCCCOc1ccc(-c2nnc(C)c(C)n2)c(O)c1.[Cu+2],3.7210708
TRZ02495,CCCOc1ccc(-c2nnc(C)c(C)n2)c(O)c1,Cu2+,CCCOc1ccc(-c2nnc(C)c(C)n2)c(O)c1.[Cu+2],3.716124
TRZ02645,Cc1nnc(CS(=O)(=O)c2ccccc2)nc1C,Cu2+,Cc1nnc(CS(=O)(=O)c2ccccc2)nc1C.[Cu+2],3.715392
TRZ01671,Cc1nnc(-c2cc(-c3ccc(Cl)cc3)n(-c3ccccc3)n2)nc1C,Cu2+,Cc1nnc(-c2cc(-c3ccc(Cl)cc3)n(-c3ccccc3)n2)nc1C.[Cu+2],3.7151937
TRZ01889,Cc1nnc(-c2cn(Cc3ccc(Cl)cc3)cc2-c2ccncc2)nc1C,Cu2+,Cc1nnc(-c2cn(Cc3ccc(Cl)cc3)cc2-c2ccncc2)nc1C.[Cu+2],3.713168
TRZ02405,Cc1cc(-c2nn(C)c(=O)c3ccccc23)cc(C)c1OCc1nnc(C)c(C)n1,Cu2+,Cc1cc(-c2nn(C)c(=O)c3ccccc23)cc(C)c1OCc1nnc(C)c(C)n1.[Cu+2],3.7115142
TRZ00360,Cc1nnc(C(C)(C)NC(=O)c2cc3c(n(CC4CCCCC4)c2=O)CCCCCC3)nc1C,Cu2+,Cc1nnc(C(C)(C)NC(=O)c2cc3c(n(CC4CCCCC4)c2=O)CCCCCC3)nc1C.[Cu+2],3.7087348
TRZ02006,COc1cccn(Cc2nnc(C)c(C)n2)c1=O,Cu2+,COc1cccn(Cc2nnc(C)c(C)n2)c1=O.[Cu+2],3.706191
TRZ04633,Cc1nnc(-c2cc[n+]([O-])cc2Nc2ccc(I)cc2F)nc1C,Cu2+,Cc1nnc(-c2cc[n+]([O-])cc2Nc2ccc(I)cc2F)nc1C.[Cu+2],3.7054076
TRZ03367,Cc1ccc(-c2nnc(C)c(C)n2)c(NC(=O)c2cc(C(F)(F)F)nn2-c2ncccc2Cl)c1,Cu2+,Cc1ccc(-c2nnc(C)c(C)n2)c(NC(=O)c2cc(C(F)(F)F)nn2-c2ncccc2Cl)c1.[Cu+2],3.704951
TRZ03488,Cc1nnc(-c2ncnn2Cc2c(-c3ccc(F)cc3)nc3ccc(F)cn23)nc1C,Cu2+,Cc1nnc(-c2ncnn2Cc2c(-c3ccc(F)cc3)nc3ccc(F)cn23)nc1C.[Cu+2],3.7024157
TRZ02114,Cc1nnc(-c2[nH]c3ccccc3c2Cl)nc1C,Cu2+,Cc1nnc(-c2[nH]c3ccccc3c2Cl)nc1C.[Cu+2],3.6983774
TRZ05262,Cc1nnc(-c2cnc3ccc(N4CCC[C@@H]4c4cc(F)cnc4C#C[C@@H](C)N)nn23)nc1C,Cu2+,Cc1nnc(-c2cnc3ccc(N4CCC[C@@H]4c4cc(F)cnc4C#C[C@@H](C)N)nn23)nc1C.[Cu+2],3.6983
TRZ00249,Cc1nnc(/C(=C\c2ccco2)NC(=O)c2ccco2)nc1C,Cu2+,Cc1nnc(/C(=C\c2ccco2)NC(=O)c2ccco2)nc1C.[Cu+2],3.6967282
TRZ00719,CCCCCOc1ccc(-c2cc(-c3nnc(C)c(C)n3)c(=O)[nH]n2)cc1C#N,Cu2+,CCCCCOc1ccc(-c2cc(-c3nnc(C)c(C)n3)c(=O)[nH]n2)cc1C#N.[Cu+2],3.6915843
TRZ05188,Cc1nnc(-c2cnc(NC3(c4ccc(F)c(F)c4)CC3)nc2C(=O)C(F)F)nc1C,Cu2+,Cc1nnc(-c2cnc(NC3(c4ccc(F)c(F)c4)CC3)nc2C(=O)C(F)F)nc1C.[Cu+2],3.6874557
TRZ02132,Cc1nnc(-c2cc(-c3ccc(OCc4ccccc4Cl)cc3)n[nH]2)nc1C,Cu2+,Cc1nnc(-c2cc(-c3ccc(OCc4ccccc4Cl)cc3)n[nH]2)nc1C.[Cu+2],3.6809092
TRZ00238,Cc1nnc(-c2[nH]c3ccc(S(N)(=O)=O)cc3c2-c2c(F)c(F)c(F)c(F)c2F)nc1C,Cu2+,Cc1nnc(-c2[nH]c3ccc(S(N)(=O)=O)cc3c2-c2c(F)c(F)c(F)c(F)c2F)nc1C.[Cu+2],3.6789434
TRZ02838,Cc1nnc(C(NC(=O)c2ccccc2F)C(C)C)nc1C,Cu2+,Cc1nnc(C(NC(=O)c2ccccc2F)C(C)C)nc1C.[Cu+2],3.6737669
TRZ02986,Cc1nnc(C2CC3(NC(=O)NC3=O)c3cc(F)ccc3O2)nc1C,Cu2+,Cc1nnc(C2CC3(NC(=O)NC3=O)c3cc(F)ccc3O2)nc1C.[Cu+2],3.6707246
TRZ03809,Cc1nnc(Cn2nc(-c3ccc(Cl)s3)n(Cc3ccccc3F)c2=O)nc1C,Cu2+,Cc1nnc(Cn2nc(-c3ccc(Cl)s3)n(Cc3ccccc3F)c2=O)nc1C.[Cu+2],3.6680326
TRZ03808,Cc1nnc(Cn2nc(-c3ccc(Cl)cc3)n(C[C@@H](O)C(F)(F)F)c2=O)nc1C,Cu2+,Cc1nnc(Cn2nc(-c3ccc(Cl)cc3)n(C[C@@H](O)C(F)(F)F)c2=O)nc1C.[Cu+2],3.666724
TRZ01189,Cc1nnc(Cn2cc(F)c(=O)[nH]c2=O)nc1C,Cu2+,Cc1nnc(Cn2cc(F)c(=O)[nH]c2=O)nc1C.[Cu+2],3.6625626
TRZ04939,Cc1nnc(-c2ccc(F)cc2N(C(C)(C)C)S(=O)(=O)c2ccccc2)nc1C,Cu2+,Cc1nnc(-c2ccc(F)cc2N(C(C)(C)C)S(=O)(=O)c2ccccc2)nc1C.[Cu+2],3.660549
TRZ05436,Cc1nnc(-c2ccc(F)cc2NS(=O)(=O)C2C=CC(C(C)(C)C)=CC2)nc1C,Cu2+,Cc1nnc(-c2ccc(F)cc2NS(=O)(=O)C2C=CC(C(C)(C)C)=CC2)nc1C.[Cu+2],3.6600108
TRZ00026,Cc1nnc(-c2ccccc2N)nc1C,Cu2+,Cc1nnc(-c2ccccc2N)nc1C.[Cu+2],3.65991
TRZ05687,Cc1ccc(F)c(C(C)[C@@H](c2nnc(C)c(C)n2)N2CNc3cc(Cl)ccc3S2(=O)=O)c1C,Cu2+,Cc1ccc(F)c(C(C)[C@@H](c2nnc(C)c(C)n2)N2CNc3cc(Cl)ccc3S2(=O)=O)c1C.[Cu+2],3.6595612
TRZ02972,Cc1nnc(Cc2csc(Nc3ccc(Cl)c(C(F)(F)F)c3)n2)nc1C,Cu2+,Cc1nnc(Cc2csc(Nc3ccc(Cl)c(C(F)(F)F)c3)n2)nc1C.[Cu+2],3.6585941
TRZ05011,Cc1nnc(C(=N)c2ccc(Cl)cc2NCc2ccc(F)cc2F)nc1C,Cu2+,Cc1nnc(C(=N)c2ccc(Cl)cc2NCc2ccc(F)cc2F)nc1C.[Cu+2],3.6561775
TRZ04247,Cc1nnc(C(O)c2ccc(-c3noc(-c4cnn(-c5ccccc5)c4C(F)(F)F)n3)cc2)nc1C,Cu2+,Cc1nnc(C(O)c2ccc(-c3noc(-c4cnn(-c5ccccc5)c4C(F)(F)F)n3)cc2)nc1C.[Cu+2],3.6510355
TRZ00759,Cc1nnc(-c2cc(=O)[nH]c(=O)[nH]2)nc1C,Cu2+,Cc1nnc(-c2cc(=O)[nH]c(=O)[nH]2)nc1C.[Cu+2],3.647134
TRZ01304,Cc1nnc(Cn2c(C)nc3ccccc3c2=O)nc1C,Cu2+,Cc1nnc(Cn2c(C)nc3ccccc3c2=O)nc1C.[Cu+2],3.6418166
TRZ01535,Cc1nnc(CS(=O)(=O)c2ccc(C(F)(F)F)cn2)nc1C,Cu2+,Cc1nnc(CS(=O)(=O)c2ccc(C(F)(F)F)cn2)nc1C.[Cu+2],3.6384814
TRZ01058,Cc1nnc(-c2nc(-c3ccc(C(F)(F)F)nc3)cc(-c3cncc(O)c3)n2)nc1C,Cu2+,Cc1nnc(-c2nc(-c3ccc(C(F)(F)F)nc3)cc(-c3cncc(O)c3)n2)nc1C.[Cu+2],3.6349478
TRZ05887,Cc1nnc(-c2ccc(Cl)nc2C(=O)c2ccccc2F)nc1C,Cu2+,Cc1nnc(-c2ccc(Cl)nc2C(=O)c2ccccc2F)nc1C.[Cu+2],3.63425
TRZ05735,Cc1nnc(-c2cncc(-c3ccc(OC(F)F)nc3)c2)nc1C,Cu2+,Cc1nnc(-c2cncc(-c3ccc(OC(F)F)nc3)c2)nc1C.[Cu+2],3.6341166
TRZ01740,Cc1nnc(Cn2cncc2-c2ccc3c(c2)OCO3)nc1C,Cu2+,Cc1nnc(Cn2cncc2-c2ccc3c(c2)OCO3)nc1C.[Cu+2],3.6309886
TRZ05254,Cc1cc(-c2cnc(NCc3c(F)ccc4c3CCO4)n3cc(-c4nnc(C)c(C)n4)nc23)n(C)n1,Cu2+,Cc1cc(-c2cnc(NCc3c(F)ccc4c3CCO4)n3cc(-c4nnc(C)c(C)n4)nc23)n(C)n1.[Cu+2],3.6268933
TRZ01790,Cc1nnc(-c2nc(C(=O)N3Cc4ccccc4C3)cc(-c3ccccc3)n2)nc1C,Cu2+,Cc1nnc(-c2nc(C(=O)N3Cc4ccccc4C3)cc(-c3ccccc3)n2)nc1C.[Cu+2],3.623759
TRZ02462,Cc1nnc(C(Cc2ccccc2)NC(=O)C=[N+]=[N-])nc1C,Cu2+,Cc1nnc(C(Cc2ccccc2)NC(=O)C=[N+]=[N-])nc1C.[Cu+2],3.6233857
TRZ00641,Cc1nnc(-c2[nH]c3ccc([N+](=O)[O-])cc3c2C)nc1C,Cu2+,Cc1nnc(-c2[nH]c3ccc([N+](=O)[O-])cc3c2C)nc1C.[Cu+2],3.6229384
TRZ02533,Cc1nnc(-c2c(O)c3c([nH]c2=O)CCCC3)nc1C,Cu2+,Cc1nnc(-c2c(O)c3c([nH]c2=O)CCCC3)nc1C.[Cu+2],3.6178384
TRZ02882,Cc1nnc(-c2cnc3c(F)cccc3c2N)nc1C,Cu2+,Cc1nnc(-c2cnc3c(F)cccc3c2N)nc1C.[Cu+2],3.6174352
TRZ02934,Cc1nnc(-c2ccncc2Nc2ccc(I)cc2F)nc1C,Cu2+,Cc1nnc(-c2ccncc2Nc2ccc(I)cc2F)nc1C.[Cu+2],3.616667
TRZ02834,Cc1nnc(COc2ccc3c(c2)O/C(=C\c2c(F)cccc2Cl)C3=O)nc1C,Cu2+,Cc1nnc(COc2ccc3c(c2)O/C(=C\c2c(F)cccc2Cl)C3=O)nc1C.[Cu+2],3.6150897
TRZ04999,Cc1nnc(C2CCCN(c3ccc(F)cc3)C2=O)nc1C,Cu2+,Cc1nnc(C2CCCN(c3ccc(F)cc3)C2=O)nc1C.[Cu+2],3.6147456
TRZ00479,Cc1nnc(CNC(=O)c2ccccc2F)nc1C,Cu2+,Cc1nnc(CNC(=O)c2ccccc2F)nc1C.[Cu+2],3.61108
TRZ01036,Cc1nnc(-c2nc(-c3ccccc3)cc(N3CC4CSCC4C3)n2)nc1C,Cu2+,Cc1nnc(-c2nc(-c3ccccc3)cc(N3CC4CSCC4C3)n2)nc1C.[Cu+2],3.605038
TRZ00599,Cc1nnc(Cn2c(-c3ccccn3)nc3ccccc32)nc1C,Cu2+,Cc1nnc(Cn2c(-c3ccccn3)nc3ccccc32)nc1C.[Cu+2],3.6048548
TRZ01199,Cc1nnc(-c2cc3c(cn2)[nH]c2ccccc23)nc1C,Cu2+,Cc1nnc(-c2cc3c(cn2)[nH]c2ccccc23)nc1C.[Cu+2],3.603148
TRZ01018,Cc1nnc(-c2nc(-c3ccccc3)cc(-c3ccc(O)cc3)n2)nc1C,Cu2+,Cc1nnc(-c2nc(-c3ccccc3)cc(-c3ccc(O)cc3)n2)nc1C.[Cu+2],3.603021
TRZ00248,Cc1ccc(-c2cc(-c3nnc(C)c(C)n3)n[nH]2)o1,Cu2+,Cc1ccc(-c2cc(-c3nnc(C)c(C)n3)n[nH]2)o1.[Cu+2],3.5979598
TRZ02423,Cc1nnc(-c2cncc(C#CCN(C)C)c2)nc1C,Cu2+,Cc1nnc(-c2cncc(C#CCN(C)C)c2)nc1C.[Cu+2],3.5975764
TRZ03730,Cc1nnc(-c2nn(Cc3ccc(Cl)cc3F)c3cc(S(C)(=O)=O)ccc23)nc1C,Cu2+,Cc1nnc(-c2nn(Cc3ccc(Cl)cc3F)c3cc(S(C)(=O)=O)ccc23)nc1C.[Cu+2],3.5965402
TRZ01678,Cc1nnc(Cn2c(-c3ccco3)nc3ccccc32)nc1C,Cu2+,Cc1nnc(Cn2c(-c3ccco3)nc3ccccc32)nc1C.[Cu+2],3.5958514
TRZ01542,Cc1nnc(CSc2nnc(-c3ccncc3)n2-c2ccccc2)nc1C,Cu2+,Cc1nnc(CSc2nnc(-c3ccncc3)n2-c2ccccc2)nc1C.[Cu+2],3.595828
TRZ05923,Cc1nnc(-c2nc3cc4c(-c5ccncc5)[nH]n(-c5cccc(F)c5)c4cc3n2)nc1C,Cu2+,Cc1nnc(-c2nc3cc4c(-c5ccncc5)[nH]n(-c5cccc(F)c5)c4cc3n2)nc1C.[Cu+2],3.595053
TRZ02580,Cc1nnc(-c2cnn(-c3ccccc3)n2)nc1C,Cu2+,Cc1nnc(-c2cnn(-c3ccccc3)n2)nc1C.[Cu+2],3.593374
TRZ00412,Cc1nnc(-c2cc3c([nH]c4ccccc43)c(-c3ccccc3)n2)nc1C,Cu2+,Cc1nnc(-c2cc3c([nH]c4ccccc43)c(-c3ccccc3)n2)nc1C.[Cu+2],3.5919418
TRZ00721,CCCOc1ccc(-c2cc(-c3nnc(C)c(C)n3)c(=O)[nH]n2)cc1C#N,Cu2+,CCCOc1ccc(-c2cc(-c3nnc(C)c(C)n3)c(=O)[nH]n2)cc1C#N.[Cu+2],3.5888197
TRZ02185,Cc1nnc(C2CN(Cc3ccccc3)CC(C)O2)nc1C,Cu2+,Cc1nnc(C2CN(Cc3ccccc3)CC(C)O2)nc1C.[Cu+2],3.5882647
TRZ01289,Cc1nnc(CNC(C)Cc2cccc(C(F)(F)F)c2)nc1C,Cu2+,Cc1nnc(CNC(C)Cc2cccc(C(F)(F)F)c2)nc1C.[Cu+2],3.5882385
TRZ04156,Cc1nnc(-c2cccc(O)c2-n2cc(C(F)(F)F)cn2)nc1C,Cu2+,Cc1nnc(-c2cccc(O)c2-n2cc(C(F)(F)F)cn2)nc1C.[Cu+2],3.5860872
TRZ01234,COc1cc2[nH]c(-c3nnc(C)c(C)n3)c(N)c2cc1OC,Cu2+,COc1cc2[nH]c(-c3nnc(C)c(C)n3)c(N)c2cc1OC.[Cu+2],3.5833645
TRZ04869,Cc1nnc(-c2cc(Oc3ccc(N)c(F)c3)ccn2)nc1C,Cu2+,Cc1nnc(-c2cc(Oc3ccc(N)c(F)c3)ccn2)nc1C.[Cu+2],3.582139
TRZ03238,Cc1nnc(-c2cc3c(ncn3C)c(F)c2Nc2ccc(I)cc2F)nc1C,Cu2+,Cc1nnc(-c2cc3c(ncn3C)c(F)c2Nc2ccc(I)cc2F)nc1C.[Cu+2],3.5783393
TRZ01495,Cc1nnc(-c2ccccc2N=NN(C)C2CCCCC2)nc1C,Cu2+,Cc1nnc(-c2ccccc2N=NN(C)C2CCCCC2)nc1C.[Cu+2],3.5769854
TRZ05551,Cc1nnc(/C(=C/n2cnc(-c3cc(C4CC4)nc(C(F)(F)F)c3)n2)c2cncnc2)nc1C,Cu2+,Cc1nnc(/C(=C/n2cnc(-c3cc(C4CC4)nc(C(F)(F)F)c3)n2)c2cncnc2)nc1C.[Cu+2],3.5768626
TRZ00634,Cc1nnc(CSc2nc(-c3ccccc3)cn2-c2ccccc2)nc1C,Cu2+,Cc1nnc(CSc2nc(-c3ccccc3)cn2-c2ccccc2)nc1C.[Cu+2],3.5757384
TRZ02862,COc1c(N2CC3CCCNC3C2)c(F)cc2c(=O)c(-c3nnc(C)c(C)n3)cn(C3CC3)c12,Cu2+,COc1c(N2CC3CCCNC3C2)c(F)cc2c(=O)c(-c3nnc(C)c(C)n3)cn(C3CC3)c12.[Cu+2],3.574817
TRZ02195,CC(=O)N/N=C(/c1ccccc1)c1nnc(C)c(C)n1,Cu2+,CC(=O)N/N=C(/c1ccccc1)c1nnc(C)c(C)n1.[Cu+2],3.573528
TRZ05743,Cc1nnc(-c2cncc(-c3ccc(OC(F)(F)F)nc3)n2)nc1C,Cu2+,Cc1nnc(-c2cncc(-c3ccc(OC(F)(F)F)nc3)n2)nc1C.[Cu+2],3.5725214
TRZ05300,Cc1nnc(-c2cccnc2Nc2ccc(C(F)(F)F)cc2)nc1C,Cu2+,Cc1nnc(-c2cccnc2Nc2ccc(C(F)(F)F)cc2)nc1C.[Cu+2],3.571073
TRZ05234,Cc1ncc(-c2nc(C(F)(F)F)ccc2-c2nnc(C)c(C)n2)cn1,Cu2+,Cc1ncc(-c2nc(C(F)(F)F)ccc2-c2nnc(C)c(C)n2)cn1.[Cu+2],3.568729
TRZ03120,Cc1nnc(C(C)(Cc2ccc(F)cc2)NC(=O)OC(C)(C)C)nc1C,Cu2+,Cc1nnc(C(C)(Cc2ccc(F)cc2)NC(=O)OC(C)(C)C)nc1C.[Cu+2],3.5673437
TRZ05542,Cc1nnc(-c2cccnc2Nc2ccc(OC(F)(F)Cl)cc2)nc1C,Cu2+,Cc1nnc(-c2cccnc2Nc2ccc(OC(F)(F)Cl)cc2)nc1C.[Cu+2],3.5604732
TRZ00619,Cc1nnc(C(C)n2nnc(N3CCOCC3)n2)nc1C,Cu2+,Cc1nnc(C(C)n2nnc(N3CCOCC3)n2)nc1C.[Cu+2],3.5584505
TRZ01292,Cc1nnc(CSc2cc(N3CCOCC3)ncn2)nc1C,Cu2+,Cc1nnc(CSc2cc(N3CCOCC3)ncn2)nc1C.[Cu+2],3.5515678
TRZ00243,Cc1cc(O)cc(C)c1C[C@H](N)C(=O)N1Cc2ccccc2C[C@H]1c1nnc(C)c(C)n1,Cu2+,Cc1cc(O)cc(C)c1C[C@H](N)C(=O)N1Cc2ccccc2C[C@H]1c1nnc(C)c(C)n1.[Cu+2],3.5482419
TRZ01568,COc1cccc(OC)c1C(=O)NCc1nnc(C)c(C)n1,Cu2+,COc1cccc(OC)c1C(=O)NCc1nnc(C)c(C)n1.[Cu+2],3.542916
TRZ01845,Cc1nnc(-c2ccccc2Nc2cccc(C(F)(F)F)c2)nc1C,Cu2+,Cc1nnc(-c2ccccc2Nc2cccc(C(F)(F)F)c2)nc1C.[Cu+2],3.542583
TRZ04037,Cc1nnc(/C(=C/n2cnc(-c3cc(C(F)(F)F)cc(C(F)(F)F)c3)n2)c2cnccn2)nc1C,Cu2+,Cc1nnc(/C(=C/n2cnc(-c3cc(C(F)(F)F)cc(C(F)(F)F)c3)n2)c2cnccn2)nc1C.[Cu+2],3.5421393
TRZ00558,Cc1nnc(CSc2nc3ccccc3c(=O)n2CCc2ccccn2)nc1C,Cu2+,Cc1nnc(CSc2nc3ccccc3c(=O)n2CCc2ccccn2)nc1C.[Cu+2],3.5392191
TRZ05009,Cc1nnc(-c2cc(F)c(OCC3COC(C)(C)N3C(=O)OC(C)(C)C)cc2O)nc1C,Cu2+,Cc1nnc(-c2cc(F)c(OCC3COC(C)(C)N3C(=O)OC(C)(C)C)cc2O)nc1C.[Cu+2],3.5390522
TRZ01720,Cc1nnc(/C=C2/Nc3ccccc3NC2=O)nc1C,Cu2+,Cc1nnc(/C=C2/Nc3ccccc3NC2=O)nc1C.[Cu+2],3.5388591
TRZ05847,Cc1cc(I)ccc1Nc1c(F)cccc1-c1nnc(C)c(C)n1,Cu2+,Cc1cc(I)ccc1Nc1c(F)cccc1-c1nnc(C)c(C)n1.[Cu+2],3.5339532
TRZ01305,Cc1nnc(CN2Cc3ccccc3OC2=O)nc1C,Cu2+,Cc1nnc(CN2Cc3ccccc3OC2=O)nc1C.[Cu+2],3.5325065
TRZ05154,COc1c(N2CCN(C)C(C)C2)c(F)cc2c(=O)c(-c3nnc(C)c(C)n3)cn(C3CC3)c12,Cu2+,COc1c(N2CCN(C)C(C)C2)c(F)cc2c(=O)c(-c3nnc(C)c(C)n3)cn(C3CC3)c12.[Cu+2],3.5230575
TRZ02601,Cc1ccc(Nc2n[nH]nc2-c2nnc(C)c(C)n2)cc1,Cu2+,Cc1ccc(Nc2n[nH]nc2-c2nnc(C)c(C)n2)cc1.[Cu+2],3.522519
TRZ00576,Cc1nnc(-c2nc(-c3ccc(O)cc3)cc(N3Cc4ccccc4C3)n2)nc1C,Cu2+,Cc1nnc(-c2nc(-c3ccc(O)cc3)cc(N3Cc4ccccc4C3)n2)nc1C.[Cu+2],3.520391
TRZ00873,CCc1nc2ccccc2n1Cc1nnc(C)c(C)n1,Cu2+,CCc1nc2ccccc2n1Cc1nnc(C)c(C)n1.[Cu+2],3.5194752
TRZ02226,Cc1nnc(-c2ccc(-n3nc(-c4ccccc4)cc3C(F)(F)F)nc2)nc1C,Cu2+,Cc1nnc(-c2ccc(-n3nc(-c4ccccc4)cc3C(F)(F)F)nc2)nc1C.[Cu+2],3.516801
TRZ01733,Cc1nnc(Cn2cncc2-c2ccc(F)cc2)nc1C,Cu2+,Cc1nnc(Cn2cncc2-c2ccc(F)cc2)nc1C.[Cu+2],3.5145931
TRZ05886,Cc1nnc(C(=Cc2cccc(F)c2)O/N=C\C(CC(C)(C)C)n2cncn2)nc1C,Cu2+,Cc1nnc(C(=Cc2cccc(F)c2)O/N=C\C(CC(C)(C)C)n2cncn2)nc1C.[Cu+2],3.5086432
TRZ05025,Cc1nnc(Cn2nc(-c3ccc(Cl)cc3)n(CCC(C)(F)F)c2=O)nc1C,Cu2+,Cc1nnc(Cn2nc(-c3ccc(Cl)cc3)n(CCC(C)(F)F)c2=O)nc1C.[Cu+2],3.508373
TRZ02259,Cc1nnc(C(Cc2ccc(O)cc2)NC(=O)OCc2ccccc2)nc1C,Cu2+,Cc1nnc(C(Cc2ccc(O)cc2)NC(=O)OCc2ccccc2)nc1C.[Cu+2],3.5034895
TRZ01456,Cc1nnc(-c2cnn(-c3ccc(F)cc3)c2C)nc1C,Cu2+,Cc1nnc(-c2cnn(-c3ccc(F)cc3)c2C)nc1C.[Cu+2],3.4996872
TRZ01623,CC(/C=C/c1ccccc1)=N\OCc1nnc(C)c(C)n1,Cu2+,CC(/C=C/c1ccccc1)=N\OCc1nnc(C)c(C)n1.[Cu+2],3.4980147
TRZ04874,Cc1nnc(-c2cc3c(cc2Nc2ccc(I)cc2F)OCC3)nc1C,Cu2+,Cc1nnc(-c2cc3c(cc2Nc2ccc(I)cc2F)OCC3)nc1C.[Cu+2],3.4972837
TRZ01403,Cc1nnc(-c2c[nH]c3c(C(F)(F)F)cccc3c2=O)nc1C,Cu2+,Cc1nnc(-c2c[nH]c3c(C(F)(F)F)cccc3c2=O)nc1C.[Cu+2],3.4971206
TRZ02459,Cc1nnc(C2(C)NC3(CCCCC3)Cc3ccccc32)nc1C,Cu2+,Cc1nnc(C2(C)NC3(CCCCC3)Cc3ccccc32)nc1C.[Cu+2],3.4925418
TRZ00465,CC(=O)N1CCN(c2cc3c(cc2F)c(=O)c(-c2nnc(C)c(C)n2)cn3C2CC2)CC1,Cu2+,CC(=O)N1CCN(c2cc3c(cc2F)c(=O)c(-c2nnc(C)c(C)n2)cn3C2CC2)CC1.[Cu+2],3.4923813
TRZ02613,Cc1nnc(-c2cncc(O)c2)nc1C,Cu2+,Cc1nnc(-c2cncc(O)c2)nc1C.[Cu+2],3.4898553
TRZ00327,Cc1nnc(-c2cc(-c3ccc(Cl)cc3Cl)n[nH]2)nc1C,Cu2+,Cc1nnc(-c2cc(-c3ccc(Cl)cc3Cl)n[nH]2)nc1C.[Cu+2],3.489435
TRZ01298,Cc1nnc(CNc2ccc([N+](=O)[O-])cc2C(=O)c2ccccc2)nc1C,Cu2+,Cc1nnc(CNc2ccc([N+](=O)[O-])cc2C(=O)c2ccccc2)nc1C.[Cu+2],3.4882853
TRZ00266,Cc1nnc(C(=O)Nc2ccc(O)cc2)nc1C,Cu2+,Cc1nnc(C(=O)Nc2ccc(O)cc2)nc1C.[Cu+2],3.4833019
TRZ03382,Cc1cccc(NC(=O)c2cc(C(F)(F)F)nn2-c2ncccc2Cl)c1-c1nnc(C)c(C)n1,Cu2+,Cc1cccc(NC(=O)c2cc(C(F)(F)F)nn2-c2ncccc2Cl)c1-c1nnc(C)c(C)n1.[Cu+2],3.4826243
TRZ01702,Cc1nnc(-c2n[nH]c(=O)c3c2cnn3-c2ccccc2)nc1C,Cu2+,Cc1nnc(-c2n[nH]c(=O)c3c2cnn3-c2ccccc2)nc1C.[Cu+2],3.4779425
TRZ04661,CCCC(F)N(CC(c1ccccc1)c1nnc(C)c(C)n1)C(=O)O,Cu2+,CCCC(F)N(CC(c1ccccc1)c1nnc(C)c(C)n1)C(=O)O.[Cu+2],3.4768322
TRZ00794,Cc1ncccc1-c1cnc(NCc2c(F)ccc3c2CCO3)n2cnc(-c3nnc(C)c(C)n3)c12,Cu2+,Cc1ncccc1-c1cnc(NCc2c(F)ccc3c2CCO3)n2cnc(-c3nnc(C)c(C)n3)c12.[Cu+2],3.4591746
TRZ04973,Cc1nnc(C(=N)c2ccc(C(F)(F)F)cc2NCc2ccc(F)cc2F)nc1C,Cu2+,Cc1nnc(C(=N)c2ccc(C(F)(F)F)cc2NCc2ccc(F)cc2F)nc1C.[Cu+2],3.4586475
TRZ01328,Cc1nnc(-c2cc(C)c(=O)[nH]n2)nc1C,Cu2+,Cc1nnc(-c2cc(C)c(=O)[nH]n2)nc1C.[Cu+2],3.45562
TRZ00848,Cc1nnc(-c2ccn[nH]2)nc1C,Cu2+,Cc1nnc(-c2ccn[nH]2)nc1C.[Cu+2],3.4525495
TRZ02153,CCOc1ccc(-c2nnc(C)c(C)n2)c(O)c1,Cu2+,CCOc1ccc(-c2nnc(C)c(C)n2)c(O)c1.[Cu+2],3.4520235
TRZ05008,Cc1nnc(-c2cc(F)c(OCC3C(C)OC(C)(C)N3C(=O)OC(C)(C)C)cc2O)nc1C,Cu2+,Cc1nnc(-c2cc(F)c(OCC3C(C)OC(C)(C)N3C(=O)OC(C)(C)C)cc2O)nc1C.[Cu+2],3.44982
TRZ02108,Cc1nnc(-c2cnc3[nH]nc(N4C[C@@H](F)C[C@@H]4c4cc(F)ccc4F)c3c2)nc1C,Cu2+,Cc1nnc(-c2cnc3[nH]nc(N4C[C@@H](F)C[C@@H]4c4cc(F)ccc4F)c3c2)nc1C.[Cu+2],3.4489074
TRZ05754,Cc1nnc(-c2ccc(N3CCC(C#N)(Oc4cc(F)ccc4Cl)CC3)nn2)nc1C,Cu2+,Cc1nnc(-c2ccc(N3CCC(C#N)(Oc4cc(F)ccc4Cl)CC3)nn2)nc1C.[Cu+2],3.4481928
TRZ04878,Cc1nnc(-c2cc3c([nH]c4ccccc43)c(-c3ccc(F)cc3)n2)nc1C,Cu2+,Cc1nnc(-c2cc3c([nH]c4ccccc43)c(-c3ccc(F)cc3)n2)nc1C.[Cu+2],3.4438999
TRZ02174,Cc1ccc(C)c(-c2cc(-c3nnc(C)c(C)n3)[nH]n2)c1,Cu2+,Cc1ccc(C)c(-c2cc(-c3nnc(C)c(C)n3)[nH]n2)c1.[Cu+2],3.4408906
TRZ05673,Cc1nnc(Cc2nc(C3CCOCC3)ccc2F)nc1C,Cu2+,Cc1nnc(Cc2nc(C3CCOCC3)ccc2F)nc1C.[Cu+2],3.4408662
TRZ05905,Cc1nnc(C(N)(Cl)c2ccc(F)cc2)nc1C,Cu2+,Cc1nnc(C(N)(Cl)c2ccc(F)cc2)nc1C.[Cu+2],3.438597
TRZ05821,Cc1nnc(-c2c(F)cccc2S)nc1C,Cu2+,Cc1nnc(-c2c(F)cccc2S)nc1C.[Cu+2],3.4349833
TRZ01684,Cc1nnc(Cn2c(=O)c(C)nc3cc(Br)ccc32)nc1C,Cu2+,Cc1nnc(Cn2c(=O)c(C)nc3cc(Br)ccc32)nc1C.[Cu+2],3.4323404
TRZ02037,CC(=O)Oc1ccccc1-c1nnc(C)c(C)n1,Cu2+,CC(=O)Oc1ccccc1-c1nnc(C)c(C)n1.[Cu+2],3.4218607
TRZ05742,Cc1cc(OC(F)F)ncc1-c1cncc(-c2nnc(C)c(C)n2)n1,Cu2+,Cc1cc(OC(F)F)ncc1-c1cncc(-c2nnc(C)c(C)n2)n1.[Cu+2],3.418596
TRZ00784,Cc1nnc(-c2cnc3ccccc3c2)nc1C,Cu2+,Cc1nnc(-c2cnc3ccccc3c2)nc1C.[Cu+2],3.417788
TRZ02165,Cc1nnc(-c2[nH]ncc2Br)nc1C,Cu2+,Cc1nnc(-c2[nH]ncc2Br)nc1C.[Cu+2],3.4176743
TRZ05113,Cc1nnc(-c2cn(C)c(=O)cc2-c2ccc(F)cc2)nc1C,Cu2+,Cc1nnc(-c2cn(C)c(=O)cc2-c2ccc(F)cc2)nc1C.[Cu+2],3.4147468
TRZ01324,Cc1nnc(Cn2c(C)nc3ccc(Cl)cc3c2=O)nc1C,Cu2+,Cc1nnc(Cn2c(C)nc3ccc(Cl)cc3c2=O)nc1C.[Cu+2],3.4142597
TRZ03605,Cc1nnc(-c2cnc(N3C[C@H]4C[C@@]4(c4cccc(C(F)(F)F)c4)C3)nc2)nc1C,Cu2+,Cc1nnc(-c2cnc(N3C[C@H]4C[C@@]4(c4cccc(C(F)(F)F)c4)C3)nc2)nc1C.[Cu+2],3.4106681
TRZ05885,Cc1nnc(C(=Cc2ccccc2F)O/N=C\C(CC(C)(C)C)n2cncn2)nc1C,Cu2+,Cc1nnc(C(=Cc2ccccc2F)O/N=C\C(CC(C)(C)C)n2cncn2)nc1C.[Cu+2],3.4076498
TRZ01777,Cc1nnc(-c2nc(-c3ccc(C(F)(F)F)nc3)cc(-c3ccc4[nH]ncc4c3)n2)nc1C,Cu2+,Cc1nnc(-c2nc(-c3ccc(C(F)(F)F)nc3)cc(-c3ccc4[nH]ncc4c3)n2)nc1C.[Cu+2],3.4072106
TRZ04436,Cc1nnc(C2(C(=O)N(C)c3ccccc3F)CC2)nc1C,Cu2+,Cc1nnc(C2(C(=O)N(C)c3ccccc3F)CC2)nc1C.[Cu+2],3.4035301
TRZ02863,Cc1nnc(CSc2nc3ccc(F)cc3c(=O)n2-c2ccccc2)nc1C,Cu2+,Cc1nnc(CSc2nc3ccc(F)cc3c(=O)n2-c2ccccc2)nc1C.[Cu+2],3.401799
TRZ01813,Cc1nnc(C2C(=O)N(C)c3ccccc3N2C)nc1C,Cu2+,Cc1nnc(C2C(=O)N(C)c3ccccc3N2C)nc1C.[Cu+2],3.4014213
TRZ01764,Cc1nnc(-c2nc(-c3ccc(C(F)(F)F)nc3)cc(-c3cc[nH]c(=O)c3)n2)nc1C,Cu2+,Cc1nnc(-c2nc(-c3ccc(C(F)(F)F)nc3)cc(-c3cc[nH]c(=O)c3)n2)nc1C.[Cu+2],3.4010644
TRZ05797,Cc1nnc(C(N)(F)c2ccccc2)nc1C,Cu2+,Cc1nnc(C(N)(F)c2ccccc2)nc1C.[Cu+2],3.3998413
TRZ00492,Cc1nnc(CNC(=O)c2ccccc2C(F)(F)F)nc1C,Cu2+,Cc1nnc(CNC(=O)c2ccccc2C(F)(F)F)nc1C.[Cu+2],3.399375
TRZ02987,Cc1nnc(C(F)(F)C(O)(Cn2cncn2)c2ccc(F)cc2F)nc1C,Cu2+,Cc1nnc(C(F)(F)C(O)(Cn2cncn2)c2ccc(F)cc2F)nc1C.[Cu+2],3.3975687
TRZ01778,Cc1nnc(-c2nc(-c3ccc(C(F)(F)F)nc3)cc(-c3cc(F)c(O)c(F)c3)n2)nc1C,Cu2+,Cc1nnc(-c2nc(-c3ccc(C(F)(F)F)nc3)cc(-c3cc(F)c(O)c(F)c3)n2)nc1C.[Cu+2],3.3962438
TRZ01154,CCCn1cc(-c2cc(-c3nnc(C)c(C)n3)[nH]n2)c2ccccc21,Cu2+,CCCn1cc(-c2cc(-c3nnc(C)c(C)n3)[nH]n2)c2ccccc21.[Cu+2],3.395033
TRZ05786,Cc1nnc(-c2c(-c3ccc(F)cc3)[nH]c3ccccc23)nc1C,Cu2+,Cc1nnc(-c2c(-c3ccc(F)cc3)[nH]c3ccccc23)nc1C.[Cu+2],3.394553
TRZ01347,Cc1ccc(Oc2cc(SCc3nnc(C)c(C)n3)ncn2)cc1,Cu2+,Cc1ccc(Oc2cc(SCc3nnc(C)c(C)n3)ncn2)cc1.[Cu+2],3.3921866
TRZ01038,Cc1nnc(-c2nc(-c3ccc(C(F)(F)F)nc3)cc(-c3cccc(O)c3)n2)nc1C,Cu2+,Cc1nnc(-c2nc(-c3ccc(C(F)(F)F)nc3)cc(-c3cccc(O)c3)n2)nc1C.[Cu+2],3.391978
TRZ02858,Cc1nnc(C(Cc2ccc(F)cc2)=NC(=O)c2ccccc2)nc1C,Cu2+,Cc1nnc(C(Cc2ccc(F)cc2)=NC(=O)c2ccccc2)nc1C.[Cu+2],3.3911188
TRZ04104,Cc1nnc(C2=NN(Cc3ccc(F)cc3F)C3=CN(C(F)(F)F)C=CC32)nc1C,Cu2+,Cc1nnc(C2=NN(Cc3ccc(F)cc3F)C3=CN(C(F)(F)F)C=CC32)nc1C.[Cu+2],3.391025
TRZ03575,Cc1nnc(C(C)C(O)(Cn2cncn2)c2ccccc2F)nc1C,Cu2+,Cc1nnc(C(C)C(O)(Cn2cncn2)c2ccccc2F)nc1C.[Cu+2],3.3901074
TRZ00247,Cc1nnc(-c2[nH]c3ccc(Cl)cc3c2S(=O)(=O)c2cc(Cl)ccc2N)nc1C,Cu2+,Cc1nnc(-c2[nH]c3ccc(Cl)cc3c2S(=O)(=O)c2cc(Cl)ccc2N)nc1C.[Cu+2],3.3887177
TRZ01055,COCCNc1ccc(-c2cc(-c3ccccc3)nc(-c3nnc(C)c(C)n3)n2)cn1,Cu2+,COCCNc1ccc(-c2cc(-c3ccccc3)nc(-c3nnc(C)c(C)n3)n2)cn1.[Cu+2],3.3786817
TRZ01192,Cc1ccc2c(c1)C1(OCCCO1)C(=O)N2Cc1nnc(C)c(C)n1,Cu2+,Cc1ccc2c(c1)C1(OCCCO1)C(=O)N2Cc1nnc(C)c(C)n1.[Cu+2],3.3786008
TRZ02186,Cc1cccc(O)c1-c1nnc(C)c(C)n1,Cu2+,Cc1cccc(O)c1-c1nnc(C)c(C)n1.[Cu+2],3.3779144
TRZ03733,Cc1nnc(-c2nn(Cc3ccc(F)cc3F)c3cc(S(C)(=O)=O)ccc23)nc1C,Cu2+,Cc1nnc(-c2nn(Cc3ccc(F)cc3F)c3cc(S(C)(=O)=O)ccc23)nc1C.[Cu+2],3.371026
TRZ02382,Cc1nnc(-c2cc(C)n(-c3c(Cl)cc(Cl)cc3Cl)n2)nc1C,Cu2+,Cc1nnc(-c2cc(C)n(-c3c(Cl)cc(Cl)cc3Cl)n2)nc1C.[Cu+2],3.3700678
TRZ03239,Cc1cc(I)ccc1Nc1c(-c2nnc(C)c(C)n2)cc2c(ncn2C)c1F,Cu2+,Cc1cc(I)ccc1Nc1c(-c2nnc(C)c(C)n2)cc2c(ncn2C)c1F.[Cu+2],3.3677275
TRZ05258,Cc1nnc(-c2ccc(Nc3ncc(-c4ccc(C(F)(F)F)cc4)o3)cn2)nc1C,Cu2+,Cc1nnc(-c2ccc(Nc3ncc(-c4ccc(C(F)(F)F)cc4)o3)cn2)nc1C.[Cu+2],3.3668437
TRZ05931,Cc1nnc(-c2cc3nc(C(=O)c4cccc(F)c4)nc(N4CCOCC4)c3s2)nc1C,Cu2+,Cc1nnc(-c2cc3nc(C(=O)c4cccc(F)c4)nc(N4CCOCC4)c3s2)nc1C.[Cu+2],3.3637936
TRZ02500,CCC(C)Oc1ccc(O)c(-c2nnc(C)c(C)n2)c1,Cu2+,CCC(C)Oc1ccc(O)c(-c2nnc(C)c(C)n2)c1.[Cu+2],3.3629801
TRZ02726,Cc1nnc(-c2cn(C3CCNCC3)nn2)nc1C,Cu2+,Cc1nnc(-c2cn(C3CCNCC3)nn2)nc1C.[Cu+2],3.3626578
TRZ00429,Cc1nnc(Cc2nc3ccccc3[nH]2)nc1C,Cu2+,Cc1nnc(Cc2nc3ccccc3[nH]2)nc1C.[Cu+2],3.358303
TRZ00833,Cc1nnc(-c2ccc(CS(=O)(=O)c3ccccc3)o2)nc1C,Cu2+,Cc1nnc(-c2ccc(CS(=O)(=O)c3ccccc3)o2)nc1C.[Cu+2],3.357144
TRZ00658,Cc1nnc(CSc2c(-c3cccs3)[nH]c3ccccc23)nc1C,Cu2+,Cc1nnc(CSc2c(-c3cccs3)[nH]c3ccccc23)nc1C.[Cu+2],3.3560526
TRZ05733,Cc1nnc(-c2cncc(-c3ccc(OC(F)F)nc3)n2)nc1C,Cu2+,Cc1nnc(-c2cncc(-c3ccc(OC(F)F)nc3)n2)nc1C.[Cu+2],3.349719
TRZ05736,Cc1nc(OC(F)F)ccc1-c1cncc(-c2nnc(C)c(C)n2)n1,Cu2+,Cc1nc(OC(F)F)ccc1-c1cncc(-c2nnc(C)c(C)n2)n1.[Cu+2],3.3493652
TRZ02853,Cc1nnc(Cn2nc(C)n(/N=C/c3ccncc3)c2=O)nc1C,Cu2+,Cc1nnc(Cn2nc(C)n(/N=C/c3ccncc3)c2=O)nc1C.[Cu+2],3.348266
TRZ01578,Cc1nnc(CC(=O)Nc2cccc([N+](=O)[O-])c2)nc1C,Cu2+,Cc1nnc(CC(=O)Nc2cccc([N+](=O)[O-])c2)nc1C.[Cu+2],3.3425717
TRZ02753,Cc1nnc(C(C)c2ccn[nH]2)nc1C,Cu2+,Cc1nnc(C(C)c2ccn[nH]2)nc1C.[Cu+2],3.3384395
TRZ00008,Cc1nnc(CN2C(=O)CN=C(c3ccccc3)c3cc(Br)ccc32)nc1C,Cu2+,Cc1nnc(CN2C(=O)CN=C(c3ccccc3)c3cc(Br)ccc32)nc1C.[Cu+2],3.3359363
TRZ02225,Cc1cc(C(F)(F)F)n(-c2ccc(-c3nnc(C)c(C)n3)cn2)n1,Cu2+,Cc1cc(C(F)(F)F)n(-c2ccc(-c3nnc(C)c(C)n3)cn2)n1.[Cu+2],3.3326342
TRZ04883,Cc1nnc(-c2cc(-c3ccon3)n(Cc3ccccc3F)n2)nc1C,Cu2+,Cc1nnc(-c2cc(-c3ccon3)n(Cc3ccccc3F)n2)nc1C.[Cu+2],3.3307364
TRZ05519,Cc1ccc(F)c(C(C)[C@@H](c2nnc(C)c(C)n2)N2CCc3ccc(Cl)cc3S2(=O)=O)c1C,Cu2+,Cc1ccc(F)c(C(C)[C@@H](c2nnc(C)c(C)n2)N2CCc3ccc(Cl)cc3S2(=O)=O)c1C.[Cu+2],3.3255935
TRZ02258,Cc1nnc(-c2nn(C)c(=O)[nH]c2=O)nc1C,Cu2+,Cc1nnc(-c2nn(C)c(=O)[nH]c2=O)nc1C.[Cu+2],3.3247857
TRZ01001,Cc1nnc(-c2nc(N)nc(Nc3ccc(Cl)cc3)n2)nc1C,Cu2+,Cc1nnc(-c2nc(N)nc(Nc3ccc(Cl)cc3)n2)nc1C.[Cu+2],3.320204
TRZ03702,Cc1nnc(C[C@@H](Cc2cc(F)ccc2F)N(C(=O)O)C(C)(C)C)nc1C,Cu2+,Cc1nnc(C[C@@H](Cc2cc(F)ccc2F)N(C(=O)O)C(C)(C)C)nc1C.[Cu+2],3.3155384
TRZ03089,Cc1nnc(CN(C(N)=O)c2ccc(F)cc2)nc1C,Cu2+,Cc1nnc(CN(C(N)=O)c2ccc(F)cc2)nc1C.[Cu+2],3.315125
TRZ00310,CCCn1c(=O)c2[nH]c(-c3ccc(OCc4nnc(C)c(C)n4)cc3)nc2n(CCC)c1=O,Cu2+,CCCn1c(=O)c2[nH]c(-c3ccc(OCc4nnc(C)c(C)n4)cc3)nc2n(CCC)c1=O.[Cu+2],3.3069873
TRZ04961,Cc1nnc(-c2cnccc2N2COc3cnc(-c4cc(Cl)ccc4F)nc32)nc1C,Cu2+,Cc1nnc(-c2cnccc2N2COc3cnc(-c4cc(Cl)ccc4F)nc32)nc1C.[Cu+2],3.3051298
TRZ05445,Cc1nnc(Cn2cc(-c3ccc(Cl)cc3)n(C[C@H](O)C(F)(F)F)c2=O)nc1C,Cu2+,Cc1nnc(Cn2cc(-c3ccc(Cl)cc3)n(C[C@H](O)C(F)(F)F)c2=O)nc1C.[Cu+2],3.3033493
TRZ01614,Cc1nnc(-c2cc(-c3ccc(Cl)cc3)nn2Cc2ccc(Cl)nc2)nc1C,Cu2+,Cc1nnc(-c2cc(-c3ccc(Cl)cc3)nn2Cc2ccc(Cl)nc2)nc1C.[Cu+2],3.3029315
TRZ02300,Cc1nnc(-c2cc(-c3ccc(Br)cc3)n[nH]2)nc1C,Cu2+,Cc1nnc(-c2cc(-c3ccc(Br)cc3)n[nH]2)nc1C.[Cu+2],3.2990913
TRZ02060,Cc1nnc(CC(=O)Nc2ccc(Cl)cc2)nc1C,Cu2+,Cc1nnc(CC(=O)Nc2ccc(Cl)cc2)nc1C.[Cu+2],3.2982187
TRZ01898,Cc1nnc(-c2cccn2S(=O)(=O)c2cc(Cl)ccc2N)nc1C,Cu2+,Cc1nnc(-c2cccn2S(=O)(=O)c2cc(Cl)ccc2N)nc1C.[Cu+2],3.2956493
TRZ01897,CC(=O)c1c(C)nc2ccc(I)cc2c1OCc1nnc(C)c(C)n1,Cu2+,CC(=O)c1c(C)nc2ccc(I)cc2c1OCc1nnc(C)c(C)n1.[Cu+2],3.2899468
TRZ01335,COc1ccc(Nc2ncccc2-c2nnc(C)c(C)n2)cc1,Cu2+,COc1ccc(Nc2ncccc2-c2nnc(C)c(C)n2)cc1.[Cu+2],3.2875016
TRZ00464,Cc1nnc(Cn2c(Cc3ccc(Cl)cc3Cl)nc3ccc([N+](=O)[O-])cc32)nc1C,Cu2+,Cc1nnc(Cn2c(Cc3ccc(Cl)cc3Cl)nc3ccc([N+](=O)[O-])cc32)nc1C.[Cu+2],3.2852094
TRZ00472,Cc1nnc(COc2nc(-c3cccs3)nc3ccc(I)cc23)nc1C,Cu2+,Cc1nnc(COc2nc(-c3cccs3)nc3ccc(I)cc23)nc1C.[Cu+2],3.2821038
TRZ02437,Cc1nnc(C(C)Oc2cccc3cccnc23)nc1C,Cu2+,Cc1nnc(C(C)Oc2cccc3cccnc23)nc1C.[Cu+2],3.2805088
TRZ04288,Cc1nnc(-c2cn(CC(F)(F)F)nc2N2CCOCC2)nc1C,Cu2+,Cc1nnc(-c2cn(CC(F)(F)F)nc2N2CCOCC2)nc1C.[Cu+2],3.2768347
TRZ02650,Cc1nnc(-c2ccc(C(=O)O)cc2N)nc1C,Cu2+,Cc1nnc(-c2ccc(C(=O)O)cc2N)nc1C.[Cu+2],3.2764184
TRZ02054,CC(=O)c1cccc(NC(=O)C(=O)C(c2ccccc2)c2nnc(C)c(C)n2)c1,Cu2+,CC(=O)c1cccc(NC(=O)C(=O)C(c2ccccc2)c2nnc(C)c(C)n2)c1.[Cu+2],3.2726192
TRZ01938,Cc1nnc(CNC(=O)c2ccco2)nc1C,Cu2+,Cc1nnc(CNC(=O)c2ccco2)nc1C.[Cu+2],3.271555
TRZ01803,Cc1nnc(-c2nc(-c3ccc(C(F)(F)F)nc3)cc(-c3ccc(=O)[nH]c3)n2)nc1C,Cu2+,Cc1nnc(-c2nc(-c3ccc(C(F)(F)F)nc3)cc(-c3ccc(=O)[nH]c3)n2)nc1C.[Cu+2],3.2672963
TRZ03996,Cc1nnc(C2=CC=CS2=C(CC(=O)c2cccs2)C(F)(F)F)nc1C,Cu2+,Cc1nnc(C2=CC=CS2=C(CC(=O)c2cccs2)C(F)(F)F)nc1C.[Cu+2],3.2649195
TRZ02157,Cc1nnc(-c2cc(-c3ccc(F)cc3)n[nH]2)nc1C,Cu2+,Cc1nnc(-c2cc(-c3ccc(F)cc3)n[nH]2)nc1C.[Cu+2],3.260559
TRZ04234,Cc1nnc(-c2c(-c3ccc(F)cc3)oc3cc4c(cc23)CCCCN4S(C)(=O)=O)nc1C,Cu2+,Cc1nnc(-c2c(-c3ccc(F)cc3)oc3cc4c(cc23)CCCCN4S(C)(=O)=O)nc1C.[Cu+2],3.2604246
TRZ04053,Cc1nnc(-c2cc(C)c3c(n2)=C(C(C)(C)C)CC(NCC(F)(F)F)C=3)nc1C,Cu2+,Cc1nnc(-c2cc(C)c3c(n2)=C(C(C)(C)C)CC(NCC(F)(F)F)C=3)nc1C.[Cu+2],3.2574785
TRZ04161,Cc1cc(Nc2cc(C(F)(F)F)ccn2)nc(-c2nnc(C)c(C)n2)c1,Cu2+,Cc1cc(Nc2cc(C(F)(F)F)ccn2)nc(-c2nnc(C)c(C)n2)c1.[Cu+2],3.2566416
TRZ02708,Cc1nnc(-c2cn[nH]n2)nc1C,Cu2+,Cc1nnc(-c2cn[nH]n2)nc1C.[Cu+2],3.255763
TRZ00852,Cc1nnc(-c2cn[nH]c2)nc1C,Cu2+,Cc1nnc(-c2cn[nH]c2)nc1C.[Cu+2],3.2547922
TRZ03781,Cc1nnc([C@@](C)(Cc2ccc(F)cc2)NC(=O)OC(C)(C)C)nc1C,Cu2+,Cc1nnc([C@@](C)(Cc2ccc(F)cc2)NC(=O)OC(C)(C)C)nc1C.[Cu+2],3.2544684
TRZ00729,Cc1nnc(-c2cnc3ccccc3n2)nc1C,Cu2+,Cc1nnc(-c2cnc3ccccc3n2)nc1C.[Cu+2],3.2529647
TRZ02160,Cc1ccccc1-n1ncc(-c2nnc(C)c(C)n2)c1C,Cu2+,Cc1ccccc1-n1ncc(-c2nnc(C)c(C)n2)c1C.[Cu+2],3.247953
TRZ05552,Cc1nnc(/C(=C/n2cnc(-c3cc(C(F)(F)F)cc(C(F)(F)F)c3)n2)c2cncnc2)nc1C,Cu2+,Cc1nnc(/C(=C/n2cnc(-c3cc(C(F)(F)F)cc(C(F)(F)F)c3)n2)c2cncnc2)nc1C.[Cu+2],3.2456882
TRZ04478,Cc1nnc(-c2cc(-c3ccc(OCC(F)(F)F)nc3)ccc2N)nc1C,Cu2+,Cc1nnc(-c2cc(-c3ccc(OCC(F)(F)F)nc3)ccc2N)nc1C.[Cu+2],3.2439837
TRZ02723,Cc1nnc(Cn2nccn2)nc1C,Cu2+,Cc1nnc(Cn2nccn2)nc1C.[Cu+2],3.2397704
TRZ01162,CC1=C(c2nnc(C)c(C)n2)C(c2ccc(F)cc2Cl)N=C(c2nccs2)N1,Cu2+,CC1=C(c2nnc(C)c(C)n2)C(c2ccc(F)cc2Cl)N=C(c2nccs2)N1.[Cu+2],3.2391295
TRZ00282,Cc1nnc(-c2cc(C(C)(C)C)nn2Cc2ccc(F)cc2)nc1C,Cu2+,Cc1nnc(-c2cc(C(C)(C)C)nn2Cc2ccc(F)cc2)nc1C.[Cu+2],3.2327807
TRZ02167,Cc1nnc(Cn2c(C)csc2=O)nc1C,Cu2+,Cc1nnc(Cn2c(C)csc2=O)nc1C.[Cu+2],3.232167
TRZ03347,Cc1nnc(C(C)(C)S(=O)(=O)c2ccc(F)cc2)nc1C,Cu2+,Cc1nnc(C(C)(C)S(=O)(=O)c2ccc(F)cc2)nc1C.[Cu+2],3.2301497
TRZ02497,Cc1nnc(-c2ccc(OCc3ccccc3)cc2O)nc1C,Cu2+,Cc1nnc(-c2ccc(OCc3ccccc3)cc2O)nc1C.[Cu+2],3.2238925
TRZ02057,Cc1nnc(C2CCC(=O)N2S(=O)(=O)c2ccccc2)nc1C,Cu2+,Cc1nnc(C2CCC(=O)N2S(=O)(=O)c2ccccc2)nc1C.[Cu+2],3.223611
TRZ02061,COc1cccc(NC(=O)Cc2nnc(C)c(C)n2)c1,Cu2+,COc1cccc(NC(=O)Cc2nnc(C)c(C)n2)c1.[Cu+2],3.2235765
TRZ01930,Cc1nnc(-c2n[nH]nc2N)nc1C,Cu2+,Cc1nnc(-c2n[nH]nc2N)nc1C.[Cu+2],3.2226205
TRZ01626,CC(/C=C/c1ccccc1)=N\OC(C)c1nnc(C)c(C)n1,Cu2+,CC(/C=C/c1ccccc1)=N\OC(C)c1nnc(C)c(C)n1.[Cu+2],3.2212477
TRZ04854,Cc1nnc([C@H](N)Cc2ccc(C(F)(F)F)cc2)nc1C,Cu2+,Cc1nnc([C@H](N)Cc2ccc(C(F)(F)F)cc2)nc1C.[Cu+2],3.2212007
TRZ00821,Cc1nnc(CSc2nnc(-c3ccc(Cl)cc3)n2-c2ccccc2)nc1C,Cu2+,Cc1nnc(CSc2nnc(-c3ccc(Cl)cc3)n2-c2ccccc2)nc1C.[Cu+2],3.221131
TRZ00637,Cc1nnc(CNC(c2ccccc2)c2cc(Br)ccc2N)nc1C,Cu2+,Cc1nnc(CNC(c2ccccc2)c2cc(Br)ccc2N)nc1C.[Cu+2],3.220616
TRZ03280,Cc1nnc(Cn2c(=O)c3cc(F)c(NC4CCCCC4)cc3n(C3CCCC3)c2=O)nc1C,Cu2+,Cc1nnc(Cn2c(=O)c3cc(F)c(NC4CCCCC4)cc3n(C3CCCC3)c2=O)nc1C.[Cu+2],3.219619
TRZ03112,Cc1cc(I)ccc1Nc1cc(F)ccc1-c1nnc(C)c(C)n1,Cu2+,Cc1cc(I)ccc1Nc1cc(F)ccc1-c1nnc(C)c(C)n1.[Cu+2],3.2186835
TRZ00511,Cc1nnc(Cn2c(COc3ccc(Cl)cc3)nc3ccccc32)nc1C,Cu2+,Cc1nnc(Cn2c(COc3ccc(Cl)cc3)nc3ccccc32)nc1C.[Cu+2],3.2182918
TRZ03349,Cc1nnc(-c2cn(C)c(=O)c(F)c2Nc2ccc(Br)cc2F)nc1C,Cu2+,Cc1nnc(-c2cn(C)c(=O)c(F)c2Nc2ccc(Br)cc2F)nc1C.[Cu+2],3.217776
TRZ04852,Cc1nnc(CCn2c(=O)n(Cc3ccccc3F)c(=O)c3[nH]cnc32)nc1C,Cu2+,Cc1nnc(CCn2c(=O)n(Cc3ccccc3F)c(=O)c3[nH]cnc32)nc1C.[Cu+2],3.2155838
TRZ00864,Cc1ccc(-c2cc(-c3nnc(C)c(C)n3)[nH]n2)cc1,Cu2+,Cc1ccc(-c2cc(-c3nnc(C)c(C)n3)[nH]n2)cc1.[Cu+2],3.2147844
TRZ05259,Cc1nnc(C(F)(F)C(C)(O)c2cccc(NC(=O)OC(C)(C)C)c2)nc1C,Cu2+,Cc1nnc(C(F)(F)C(C)(O)c2cccc(NC(=O)OC(C)(C)C)c2)nc1C.[Cu+2],3.213768
TRZ01570,Cc1nnc(-c2cc3c([nH]c4ccccc43)c(-c3ccsc3)n2)nc1C,Cu2+,Cc1nnc(-c2cc3c([nH]c4ccccc43)c(-c3ccsc3)n2)nc1C.[Cu+2],3.2133229
TRZ02790,Cc1nnc(COc2ccc(Br)cc2CN2CCOCC2)nc1C,Cu2+,Cc1nnc(COc2ccc(Br)cc2CN2CCOCC2)nc1C.[Cu+2],3.2126606
TRZ01030,COCCNc1ccc(-c2cc(-c3cccc(OC(F)F)c3)nc(-c3nnc(C)c(C)n3)n2)cn1,Cu2+,COCCNc1ccc(-c2cc(-c3cccc(OC(F)F)c3)nc(-c3nnc(C)c(C)n3)n2)cn1.[Cu+2],3.2114575
TRZ01364,Cc1nnc(COc2ccc(C(=O)c3cc4cccnc4nc3-c3ccccc3)cc2)nc1C,Cu2+,Cc1nnc(COc2ccc(C(=O)c3cc4cccnc4nc3-c3ccccc3)cc2)nc1C.[Cu+2],3.209632
TRZ00254,Cc1nnc(-c2cc3ccccc3cc2NS(=O)(=O)c2ccccc2)nc1C,Cu2+,Cc1nnc(-c2cc3ccccc3cc2NS(=O)(=O)c2ccccc2)nc1C.[Cu+2],3.2070692
TRZ00571,Cc1nnc(-c2nc(-c3ccc4ccncc4c3)cc(N3Cc4ccccc4C3)n2)nc1C,Cu2+,Cc1nnc(-c2nc(-c3ccc4ccncc4c3)cc(N3Cc4ccccc4C3)n2)nc1C.[Cu+2],3.2054718
TRZ00572,Cc1nnc(-c2nc(-c3cccc(O)c3)cc(N3Cc4ccccc4C3)n2)nc1C,Cu2+,Cc1nnc(-c2nc(-c3cccc(O)c3)cc(N3Cc4ccccc4C3)n2)nc1C.[Cu+2],3.1952522
TRZ02772,Cc1nnc(-c2cnc3ncccc3c2)nc1C,Cu2+,Cc1nnc(-c2cnc3ncccc3c2)nc1C.[Cu+2],3.194839
TRZ02026,Cc1nnc(Cn2ccnc2)nc1C,Cu2+,Cc1nnc(Cn2ccnc2)nc1C.[Cu+2],3.1926837
TRZ00218,Cc1nnc(-c2cc(-c3ccccc3)n[nH]2)nc1C,Cu2+,Cc1nnc(-c2cc(-c3ccccc3)n[nH]2)nc1C.[Cu+2],3.1905143
TRZ02163,Cc1cc(-c2nnc(C)c(C)n2)n(Cc2ccc(Cl)cc2)n1,Cu2+,Cc1cc(-c2nnc(C)c(C)n2)n(Cc2ccc(Cl)cc2)n1.[Cu+2],3.1879692
TRZ05452,Cc1nnc(-c2ccc(Oc3ccc(F)c(F)c3)cc2[N+](=O)[O-])nc1C,Cu2+,Cc1nnc(-c2ccc(Oc3ccc(F)c(F)c3)cc2[N+](=O)[O-])nc1C.[Cu+2],3.1874528
TRZ03036,Cc1nnc(-c2c(Nc3ccc(I)cc3F)n(C)c(=O)n(C)c2=O)nc1C,Cu2+,Cc1nnc(-c2c(Nc3ccc(I)cc3F)n(C)c(=O)n(C)c2=O)nc1C.[Cu+2],3.1871862
TRZ00577,COCCNc1ccc(-c2cc(N3Cc4ccccc4C3)nc(-c3nnc(C)c(C)n3)n2)cn1,Cu2+,COCCNc1ccc(-c2cc(N3Cc4ccccc4C3)nc(-c3nnc(C)c(C)n3)n2)cn1.[Cu+2],3.1864018
TRZ04089,Cc1nnc([C@@H](CCC(F)(F)F)N[C@H](C)c2ccccc2)nc1C,Cu2+,Cc1nnc([C@@H](CCC(F)(F)F)N[C@H](C)c2ccccc2)nc1C.[Cu+2],3.1848292
TRZ02213,Cc1nnc(Cn2c(Cc3ccc(F)cc3)nc3ccccc32)nc1C,Cu2+,Cc1nnc(Cn2c(Cc3ccc(F)cc3)nc3ccccc32)nc1C.[Cu+2],3.183969
TRZ01054,COCCNc1ccc(-c2cc(-c3cccc(F)c3)nc(-c3nnc(C)c(C)n3)n2)cn1,Cu2+,COCCNc1ccc(-c2cc(-c3cccc(F)c3)nc(-c3nnc(C)c(C)n3)n2)cn1.[Cu+2],3.1839037
TRZ02854,Cc1nnc(CNn2c(C)nc3ccccc3c2=O)nc1C,Cu2+,Cc1nnc(CNn2c(C)nc3ccccc3c2=O)nc1C.[Cu+2],3.1823654
TRZ01368,Cc1nnc(C(CC(O)c2ccc(Cl)cc2)CN2CCCC2)nc1C,Cu2+,Cc1nnc(C(CC(O)c2ccc(Cl)cc2)CN2CCCC2)nc1C.[Cu+2],3.182012
TRZ01821,Cc1nnc(-c2c[nH]c3c([N+](=O)[O-])cc(C(F)(F)F)cc3c2=O)nc1C,Cu2+,Cc1nnc(-c2c[nH]c3c([N+](=O)[O-])cc(C(F)(F)F)cc3c2=O)nc1C.[Cu+2],3.18189
TRZ01102,CCn1cc(-c2nnc(C)c(C)n2)c(=O)c2cc(Cl)ccc21,Cu2+,CCn1cc(-c2nnc(C)c(C)n2)c(=O)c2cc(Cl)ccc21.[Cu+2],3.1807551
TRZ02444,Cc1nnc(CNC(c2cc(Br)ccc2N)c2ccccc2Cl)nc1C,Cu2+,Cc1nnc(CNC(c2cc(Br)ccc2N)c2ccccc2Cl)nc1C.[Cu+2],3.1767297
TRZ03672,Cc1nnc(C(C(N)=O)c2ccc(-c3ccc(F)c(Cl)c3)cc2)nc1C,Cu2+,Cc1nnc(C(C(N)=O)c2ccc(-c3ccc(F)c(Cl)c3)cc2)nc1C.[Cu+2],3.1759725
TRZ00187,Cc1nnc(-c2ccc[nH]2)nc1C,Cu2+,Cc1nnc(-c2ccc[nH]2)nc1C.[Cu+2],3.1757555
TRZ05450,Cc1nnc(-c2cnc3c(c2)C(N2C[C@@H](F)C[C@@H]2c2cc(F)ccc2F)=NC3)nc1C,Cu2+,Cc1nnc(-c2cnc3c(c2)C(N2C[C@@H](F)C[C@@H]2c2cc(F)ccc2F)=NC3)nc1C.[Cu+2],3.1691499
TRZ02012,Cc1nnc(C(O)c2ccc(Cl)cc2)nc1C,Cu2+,Cc1nnc(C(O)c2ccc(Cl)cc2)nc1C.[Cu+2],3.1685877
TRZ03642,CCNC(=O)Nc1cc2c(cn1)c1cncc(-c3nnc(C)c(C)n3)c1n1nc(C(F)(F)F)cc21,Cu2+,CCNC(=O)Nc1cc2c(cn1)c1cncc(-c3nnc(C)c(C)n3)c1n1nc(C(F)(F)F)cc21.[Cu+2],3.1682858
TRZ02848,Cc1ccc2nc(SCc3nnc(C)c(C)n3)n(Cc3ccccc3)c(=O)c2c1,Cu2+,Cc1ccc2nc(SCc3nnc(C)c(C)n3)n(Cc3ccccc3)c(=O)c2c1.[Cu+2],3.1670241
TRZ01190,Cc1nnc(CN2CC(c3ccccc3)CC2=O)nc1C,Cu2+,Cc1nnc(CN2CC(c3ccccc3)CC2=O)nc1C.[Cu+2],3.1615257
TRZ01934,Cc1nnc(Cn2c3ccccc3c(=O)c3ccccc32)nc1C,Cu2+,Cc1nnc(Cn2c3ccccc3c(=O)c3ccccc32)nc1C.[Cu+2],3.1601696
TRZ02913,Cc1nnc([C@H](CO)NC(=O)OCc2ccccc2)nc1C,Cu2+,Cc1nnc([C@H](CO)NC(=O)OCc2ccccc2)nc1C.[Cu+2],3.1599207
TRZ03209,Cc1nnc(-c2c(Cc3ccc(I)cc3F)n(C)c(=O)n(C)c2=O)nc1C,Cu2+,Cc1nnc(-c2c(Cc3ccc(I)cc3F)n(C)c(=O)n(C)c2=O)nc1C.[Cu+2],3.1589828
TRZ01108,Cc1nnc(CNc2cccc(I)c2)nc1C,Cu2+,Cc1nnc(CNc2cccc(I)c2)nc1C.[Cu+2],3.1584263
TRZ03351,Cc1nnc(-c2cnc3ccc(N4CCC[C@@H]4c4cccc(F)c4)nn23)nc1C,Cu2+,Cc1nnc(-c2cnc3ccc(N4CCC[C@@H]4c4cccc(F)c4)nn23)nc1C.[Cu+2],3.1531968
TRZ02461,Cc1nnc(CNC(C)c2ccccc2)nc1C,Cu2+,Cc1nnc(CNC(C)c2ccccc2)nc1C.[Cu+2],3.1517892
TRZ01457,Cc1ccc(-n2ncc(-c3nnc(C)c(C)n3)c2C)cc1,Cu2+,Cc1ccc(-n2ncc(-c3nnc(C)c(C)n3)c2C)cc1.[Cu+2],3.1490264
TRZ01625,COc1ccc(/C=C/C(C)=N/OCc2nnc(C)c(C)n2)cc1,Cu2+,COc1ccc(/C=C/C(C)=N/OCc2nnc(C)c(C)n2)cc1.[Cu+2],3.1467066
TRZ01327,Cc1nnc(Cn2c(C)nc3c(Cl)cc(Cl)cc3c2=O)nc1C,Cu2+,Cc1nnc(Cn2c(C)nc3c(Cl)cc(Cl)cc3c2=O)nc1C.[Cu+2],3.146453
TRZ03099,Cc1nnc(-c2ccc(F)cc2O)nc1C,Cu2+,Cc1nnc(-c2ccc(F)cc2O)nc1C.[Cu+2],3.1461654
TRZ05244,Cc1nnc(C2C=CC=CC2(Nc2ccc(C(F)(F)F)cc2)C(=O)CCC#N)nc1C,Cu2+,Cc1nnc(C2C=CC=CC2(Nc2ccc(C(F)(F)F)cc2)C(=O)CCC#N)nc1C.[Cu+2],3.143323
TRZ05012,Cc1nnc(C(=N)c2cc(C(F)(F)F)ccc2NCc2ccc(F)cc2F)nc1C,Cu2+,Cc1nnc(C(=N)c2cc(C(F)(F)F)ccc2NCc2ccc(F)cc2F)nc1C.[Cu+2],3.1431193
TRZ01122,CSCCC(NC(=O)c1ccc(C(F)(F)F)cc1)c1nnc(C)c(C)n1,Cu2+,CSCCC(NC(=O)c1ccc(C(F)(F)F)cc1)c1nnc(C)c(C)n1.[Cu+2],3.1415887
TRZ03554,Cc1nnc([C@@](C)(Cc2ccc(F)cc2)N(C(=O)O)C(C)(C)C)nc1C,Cu2+,Cc1nnc([C@@](C)(Cc2ccc(F)cc2)N(C(=O)O)C(C)(C)C)nc1C.[Cu+2],3.1413593
TRZ01697,Cc1nnc(-c2n[nH]c(=O)c3nc(-c4ccccc4)ncc23)nc1C,Cu2+,Cc1nnc(-c2n[nH]c(=O)c3nc(-c4ccccc4)ncc23)nc1C.[Cu+2],3.1405425
TRZ00046,Cc1nnc(-c2cn3ccc4ccccc4c3n2)nc1C,Cu2+,Cc1nnc(-c2cn3ccc4ccccc4c3n2)nc1C.[Cu+2],3.13872
TRZ01663,Cc1nnc(-c2cn(Cc3ccc(C#N)cc3)c3cc(C(F)(F)F)ccc3c2=O)nc1C,Cu2+,Cc1nnc(-c2cn(Cc3ccc(C#N)cc3)c3cc(C(F)(F)F)ccc3c2=O)nc1C.[Cu+2],3.1335511
TRZ02112,Cc1nnc(Cn2cnc3c2c(=O)[nH]c(=O)n3C)nc1C,Cu2+,Cc1nnc(Cn2cnc3c2c(=O)[nH]c(=O)n3C)nc1C.[Cu+2],3.1290965
TRZ02827,Cc1nnc(C(NC(=O)c2ccc(F)cc2)C(C)C)nc1C,Cu2+,Cc1nnc(C(NC(=O)c2ccc(F)cc2)C(C)C)nc1C.[Cu+2],3.1274252
TRZ01065,Cc1nnc(-c2nc(-c3ccccc3)cc(N3CCc4cccnc4C3)n2)nc1C,Cu2+,Cc1nnc(-c2nc(-c3ccccc3)cc(N3CCc4cccnc4C3)n2)nc1C.[Cu+2],3.1264591
TRZ03604,Cc1ccc(Nc2c(-c3nnc(C)c(C)n3)cc3[nH]cnc3c2F)c(C)c1,Cu2+,Cc1ccc(Nc2c(-c3nnc(C)c(C)n3)cc3[nH]cnc3c2F)c(C)c1.[Cu+2],3.125311
TRZ03925,Cc1nnc(-c2cnc3ccc(N4CCCC4c4cccc(F)c4)nn23)nc1C,Cu2+,Cc1nnc(-c2cnc3ccc(N4CCCC4c4cccc(F)c4)nn23)nc1C.[Cu+2],3.1250272
TRZ02373,Cc1ccc(OCc2nnc(C)c(C)n2)c2c1CCC2,Cu2+,Cc1ccc(OCc2nnc(C)c(C)n2)c2c1CCC2.[Cu+2],3.12289
TRZ02976,Cc1nnc(-c2cncc(-c3c(F)cccc3F)c2)nc1C,Cu2+,Cc1nnc(-c2cncc(-c3c(F)cccc3F)c2)nc1C.[Cu+2],3.1217723
TRZ00989,COc1ccc(OC)c(NC(=O)Cc2nnc(C)c(C)n2)c1,Cu2+,COc1ccc(OC)c(NC(=O)Cc2nnc(C)c(C)n2)c1.[Cu+2],3.1179404
TRZ04888,Cc1nnc(-c2ccc(C(C)C(C)n3[nH]c(=O)nc3-c3ccc(F)cc3F)cn2)nc1C,Cu2+,Cc1nnc(-c2ccc(C(C)C(C)n3[nH]c(=O)nc3-c3ccc(F)cc3F)cn2)nc1C.[Cu+2],3.1158514
TRZ02154,Cc1ccccc1-n1c(SCc2nnc(C)c(C)n2)nc2ccccc2c1=O,Cu2+,Cc1ccccc1-n1c(SCc2nnc(C)c(C)n2)nc2ccccc2c1=O.[Cu+2],3.1152606
TRZ03800,CC1=CSC(c2nnc(C)c(C)n2)(c2cnccc2C(F)(F)F)N1,Cu2+,CC1=CSC(c2nnc(C)c(C)n2)(c2cnccc2C(F)(F)F)N1.[Cu+2],3.1146703
TRZ01496,Cc1cc(N)c(-c2nnc(C)c(C)n2)cc1C,Cu2+,Cc1cc(N)c(-c2nnc(C)c(C)n2)cc1C.[Cu+2],3.1136699
TRZ00922,Cc1nnc(CNC(=O)c2ccccc2[N+](=O)[O-])nc1C,Cu2+,Cc1nnc(CNC(=O)c2ccccc2[N+](=O)[O-])nc1C.[Cu+2],3.1111484
TRZ02173,Cc1ccc(-n2c(SCc3nnc(C)c(C)n3)nnc2-c2ccncc2)cc1,Cu2+,Cc1ccc(-n2c(SCc3nnc(C)c(C)n3)nnc2-c2ccncc2)cc1.[Cu+2],3.1106677
TRZ01661,C#CCn1cc(-c2nnc(C)c(C)n2)c(=O)c2ccc(C(F)(F)F)cc21,Cu2+,C#CCn1cc(-c2nnc(C)c(C)n2)c(=O)c2ccc(C(F)(F)F)cc21.[Cu+2],3.1074166
TRZ00189,Cc1nnc(C(N)Cc2ccccc2)nc1C,Cu2+,Cc1nnc(C(N)Cc2ccccc2)nc1C.[Cu+2],3.1062007
TRZ05030,Cc1nnc(-c2cc(C(F)(F)F)ccc2N)nc1C,Cu2+,Cc1nnc(-c2cc(C(F)(F)F)ccc2N)nc1C.[Cu+2],3.1046147
TRZ02162,Cc1nnc(-c2cnn(-c3cccc(Cl)c3)c2C)nc1C,Cu2+,Cc1nnc(-c2cnn(-c3cccc(Cl)c3)c2C)nc1C.[Cu+2],3.0995107
TRZ03244,Cc1cc(Cl)ccc1Nc1c(-c2nnc(C)c(C)n2)cc2[nH]cnc2c1F,Cu2+,Cc1cc(Cl)ccc1Nc1c(-c2nnc(C)c(C)n2)cc2[nH]cnc2c1F.[Cu+2],3.0994458
TRZ01348,Cc1nnc(CSc2cc(Oc3ccccc3)ncn2)nc1C,Cu2+,Cc1nnc(CSc2cc(Oc3ccccc3)ncn2)nc1C.[Cu+2],3.0971355
TRZ05146,Cc1nnc(-c2cc(=O)c3cc(F)ccc3n2C2CCCCC2)nc1C,Cu2+,Cc1nnc(-c2cc(=O)c3cc(F)ccc3n2C2CCCCC2)nc1C.[Cu+2],3.0944128
TRZ00888,Cc1nnc(CS(=O)(=O)Nc2ncccn2)nc1C,Cu2+,Cc1nnc(CS(=O)(=O)Nc2ncccn2)nc1C.[Cu+2],3.094298
TRZ05526,Cc1nnc(-c2c(Nc3ccc(C(F)(F)F)cc3)nn3ccccc23)nc1C,Cu2+,Cc1nnc(-c2c(Nc3ccc(C(F)(F)F)cc3)nn3ccccc23)nc1C.[Cu+2],3.0928407
TRZ03369,Cc1ccc(NC(=O)c2cc(C(F)(F)F)nn2-c2ncccc2Cl)c(-c2nnc(C)c(C)n2)c1,Cu2+,Cc1ccc(NC(=O)c2cc(C(F)(F)F)nn2-c2ncccc2Cl)c(-c2nnc(C)c(C)n2)c1.[Cu+2],3.0883274
TRZ02178,Cc1nnc([C@H](N)Cc2ccccc2)nc1C,Cu2+,Cc1nnc([C@H](N)Cc2ccccc2)nc1C.[Cu+2],3.0859942
TRZ00313,COc1ccc(-c2cc(-c3nnc(C)c(C)n3)[nH]n2)cc1,Cu2+,COc1ccc(-c2cc(-c3nnc(C)c(C)n3)[nH]n2)cc1.[Cu+2],3.0841303
TRZ05110,Cc1nnc(-c2cc(-c3ccc(F)c(F)c3)c(=O)n(C)c2)nc1C,Cu2+,Cc1nnc(-c2cc(-c3ccc(F)c(F)c3)c(=O)n(C)c2)nc1C.[Cu+2],3.0819159
TRZ05782,Cc1ccnc(-c2[nH]c3c(F)cc(F)cc3c2-c2nnc(C)c(C)n2)c1,Cu2+,Cc1ccnc(-c2[nH]c3c(F)cc(F)cc3c2-c2nnc(C)c(C)n2)c1.[Cu+2],3.0807796
TRZ02977,Cc1nnc(-c2ccccc2N(C(N)=O)c2cccc(C(F)(F)F)c2)nc1C,Cu2+,Cc1nnc(-c2ccccc2N(C(N)=O)c2cccc(C(F)(F)F)c2)nc1C.[Cu+2],3.0779724
TRZ02062,Cc1nnc(CSc2nc3ccccc3c(=O)n2N)nc1C,Cu2+,Cc1nnc(CSc2nc3ccccc3c(=O)n2N)nc1C.[Cu+2],3.0778532
TRZ05531,Cc1nnc(-c2ncccc2Nc2ccc(C(F)(F)F)cc2)nc1C,Cu2+,Cc1nnc(-c2ncccc2Nc2ccc(C(F)(F)F)cc2)nc1C.[Cu+2],3.0773087
TRZ02510,COc1cccc2c(=O)c(-c3nnc(C)c(C)n3)c[nH]c12,Cu2+,COc1cccc2c(=O)c(-c3nnc(C)c(C)n3)c[nH]c12.[Cu+2],3.0772734
TRZ02131,Cc1nnc(-c2cc(-c3ccc4c(c3)OCO4)n[nH]2)nc1C,Cu2+,Cc1nnc(-c2cc(-c3ccc4c(c3)OCO4)n[nH]2)nc1C.[Cu+2],3.0748034
TRZ04138,Cc1nnc(-c2cnc3c(c2)c2ccccc2n3CCCF)nc1C,Cu2+,Cc1nnc(-c2cnc3c(c2)c2ccccc2n3CCCF)nc1C.[Cu+2],3.07444
TRZ01658,Cc1nnc(Cn2nc(N)c3c(C(F)(F)F)cc(-c4ccccc4)nc32)nc1C,Cu2+,Cc1nnc(Cn2nc(N)c3c(C(F)(F)F)cc(-c4ccccc4)nc32)nc1C.[Cu+2],3.070735
TRZ01401,COc1ccccc1-n1ncc(-c2nnc(C)c(C)n2)c1C,Cu2+,COc1ccccc1-n1ncc(-c2nnc(C)c(C)n2)c1C.[Cu+2],3.0697198
TRZ04971,Cc1nnc(C(=N)c2ccc(F)cc2NCc2ccc(Cl)cc2Cl)nc1C,Cu2+,Cc1nnc(C(=N)c2ccc(F)cc2NCc2ccc(Cl)cc2Cl)nc1C.[Cu+2],3.068799
TRZ00799,CC(=O)N1CCN(c2ccc(CCc3ccc(Cc4nnc(C)c(C)n4)s3)nc2)CC1,Cu2+,CC(=O)N1CCN(c2ccc(CCc3ccc(Cc4nnc(C)c(C)n4)s3)nc2)CC1.[Cu+2],3.068501
TRZ01460,Cc1nnc(-c2cnn(C)c2)nc1C,Cu2+,Cc1nnc(-c2cnn(C)c2)nc1C.[Cu+2],3.0656338
TRZ00977,Cc1nnc(-c2cn(COCCO)c3ccc(Cl)cc3c2=O)nc1C,Cu2+,Cc1nnc(-c2cn(COCCO)c3ccc(Cl)cc3c2=O)nc1C.[Cu+2],3.0640821
TRZ05485,Cc1nnc(-c2cnn3ccc(N4CCCC4c4cc(F)ccc4F)nc23)nc1C,Cu2+,Cc1nnc(-c2cnn3ccc(N4CCCC4c4cc(F)ccc4F)nc23)nc1C.[Cu+2],3.0604148
TRZ02227,Cc1nnc(-c2[nH]c3cc(F)ccc3c2C)nc1C,Cu2+,Cc1nnc(-c2[nH]c3cc(F)ccc3c2C)nc1C.[Cu+2],3.054604
TRZ03709,Cc1nnc(-c2nc(-c3ccccn3)nn2Cc2ccccc2F)nc1C,Cu2+,Cc1nnc(-c2nc(-c3ccccn3)nn2Cc2ccccc2F)nc1C.[Cu+2],3.054453
TRZ05787,Cc1nnc(-c2c(-c3ccc(Cl)cn3)[nH]c3c(F)cc(F)cc23)nc1C,Cu2+,Cc1nnc(-c2c(-c3ccc(Cl)cn3)[nH]c3c(F)cc(F)cc23)nc1C.[Cu+2],3.0514226
TRZ02377,Cc1nnc(CSc2ccnc3cc(Cl)ccc23)nc1C,Cu2+,Cc1nnc(CSc2ccnc3cc(Cl)ccc23)nc1C.[Cu+2],3.04768
TRZ04629,Cc1nnc(-c2cc(-c3c[nH]c4ccccc34)nn2Cc2cccc(F)c2)nc1C,Cu2+,Cc1nnc(-c2cc(-c3c[nH]c4ccccc34)nn2Cc2cccc(F)c2)nc1C.[Cu+2],3.0460796
TRZ00535,Cc1nnc(COc2ccc(-c3cc4ccccc4[nH]3)cc2)nc1C,Cu2+,Cc1nnc(COc2ccc(-c3cc4ccccc4[nH]3)cc2)nc1C.[Cu+2],3.04558
TRZ00769,Cc1nnc(-c2cc(C(C)(C)C)[nH]n2)nc1C,Cu2+,Cc1nnc(-c2cc(C(C)(C)C)[nH]n2)nc1C.[Cu+2],3.043262
TRZ04976,Cc1ccc(Nc2cnccc2-c2nnc(C)c(C)n2)c(F)c1,Cu2+,Cc1ccc(Nc2cnccc2-c2nnc(C)c(C)n2)c(F)c1.[Cu+2],3.043253
TRZ05783,Cc1cc(F)c2[nH]c(-c3ccc(F)cc3)c(-c3nnc(C)c(C)n3)c2c1,Cu2+,Cc1cc(F)c2[nH]c(-c3ccc(F)cc3)c(-c3nnc(C)c(C)n3)c2c1.[Cu+2],3.0424027
TRZ00103,COc1ccc(-n2[nH]c(-c3nnc(C)c(C)n3)c3ccc4nncc4c32)cc1,Cu2+,COc1ccc(-n2[nH]c(-c3nnc(C)c(C)n3)c3ccc4nncc4c32)cc1.[Cu+2],3.0410342
TRZ02159,Cc1nnc(-c2cc(-c3ccc(OCc4ccc(Cl)cc4)cc3)n[nH]2)nc1C,Cu2+,Cc1nnc(-c2cc(-c3ccc(OCc4ccc(Cl)cc4)cc3)n[nH]2)nc1C.[Cu+2],3.0370202
TRZ02765,Cc1nnc(Cn2c(=O)cc(C)n(C3CSC3)c2=O)nc1C,Cu2+,Cc1nnc(Cn2c(=O)cc(C)n(C3CSC3)c2=O)nc1C.[Cu+2],3.0352411
TRZ03619,Cc1cc(C(F)(F)F)cnc1NCc1nnc(C)c(C)n1,Cu2+,Cc1cc(C(F)(F)F)cnc1NCc1nnc(C)c(C)n1.[Cu+2],3.0347939
TRZ00108,Cc1nnc(-c2nc[nH]c2C(=O)Nc2ccccn2)nc1C,Cu2+,Cc1nnc(-c2nc[nH]c2C(=O)Nc2ccccn2)nc1C.[Cu+2],3.033136
TRZ01954,Cc1nnc(Cc2nc3n(n2)CCCCC3)nc1C,Cu2+,Cc1nnc(Cc2nc3n(n2)CCCCC3)nc1C.[Cu+2],3.0326195
TRZ05111,Cc1nnc(-c2cn(C)c(=O)cc2-c2cccc(F)c2)nc1C,Cu2+,Cc1nnc(-c2cn(C)c(=O)cc2-c2cccc(F)c2)nc1C.[Cu+2],3.0315037
TRZ00633,Cc1nnc(Cn2nc3n(c2=O)-c2ccccc2SC3)nc1C,Cu2+,Cc1nnc(Cn2nc3n(c2=O)-c2ccccc2SC3)nc1C.[Cu+2],3.0267048
TRZ02659,Cc1nnc([C@@H]2C=C3c4cccc5[nH]cc(c45)C[C@H]3N(C)C2)nc1C,Cu2+,Cc1nnc([C@@H]2C=C3c4cccc5[nH]cc(c45)C[C@H]3N(C)C2)nc1C.[Cu+2],3.025515
TRZ02059,Cc1nnc(CC(=O)Nc2cccc(Cl)c2)nc1C,Cu2+,Cc1nnc(CC(=O)Nc2cccc(Cl)c2)nc1C.[Cu+2],3.0254235
TRZ05301,Cc1nnc(C2(C)CCCN(C(=O)c3ccccc3Nc3ccc(C(F)(F)F)cc3)C2=O)nc1C,Cu2+,Cc1nnc(C2(C)CCCN(C(=O)c3ccccc3Nc3ccc(C(F)(F)F)cc3)C2=O)nc1C.[Cu+2],3.0250964
TRZ02816,Cc1nnc(Cn2nnc(-c3ccccc3C(F)(F)F)n2)nc1C,Cu2+,Cc1nnc(Cn2nnc(-c3ccccc3C(F)(F)F)n2)nc1C.[Cu+2],3.0218506
TRZ00285,Cc1nnc(-c2oc3nc(-c4ccco4)cc(-c4ccco4)c3c2N)nc1C,Cu2+,Cc1nnc(-c2oc3nc(-c4ccco4)cc(-c4ccco4)c3c2N)nc1C.[Cu+2],3.0152965
TRZ05739,COc1nc(OC(F)F)ccc1-c1cncc(-c2nnc(C)c(C)n2)n1,Cu2+,COc1nc(OC(F)F)ccc1-c1cncc(-c2nnc(C)c(C)n2)n1.[Cu+2],3.0148196
TRZ02335,Cc1ccc(S(=O)(=O)Nc2ccccc2-c2nnc(C)c(C)n2)cc1,Cu2+,Cc1ccc(S(=O)(=O)Nc2ccccc2-c2nnc(C)c(C)n2)cc1.[Cu+2],3.0147195
TRZ02296,Cc1nnc(CNc2ccc(I)cc2)nc1C,Cu2+,Cc1nnc(CNc2ccc(I)cc2)nc1C.[Cu+2],3.0134096
TRZ02279,Cc1nnc(CNC(=O)C(Cc2c[nH]c3ccccc23)NC(=O)OCc2ccccc2)nc1C,Cu2+,Cc1nnc(CNC(=O)C(Cc2c[nH]c3ccccc23)NC(=O)OCc2ccccc2)nc1C.[Cu+2],3.010695
TRZ03639,Cc1nnc(-c2cc3c(N)cnnc3c(F)c2Nc2ccc(Br)cc2F)nc1C,Cu2+,Cc1nnc(-c2cc3c(N)cnnc3c(F)c2Nc2ccc(Br)cc2F)nc1C.[Cu+2],3.0106668
TRZ00913,Cc1nnc(CSc2c(-c3ccccc3)c3cc(Cl)ccc3[nH]c2=O)nc1C,Cu2+,Cc1nnc(CSc2c(-c3ccccc3)c3cc(Cl)ccc3[nH]c2=O)nc1C.[Cu+2],3.0068426
TRZ05097,Cc1cc(F)c(C(=O)Nc2cccc(-c3nnc(C)c(C)n3)n2)cc1-n1cnc(C2CC2)c1,Cu2+,Cc1cc(F)c(C(=O)Nc2cccc(-c3nnc(C)c(C)n3)n2)cc1-n1cnc(C2CC2)c1.[Cu+2],3.0055232
TRZ05299,Cc1nnc(-c2nccnc2Nc2ccc(C(F)(F)F)cc2)nc1C,Cu2+,Cc1nnc(-c2nccnc2Nc2ccc(C(F)(F)F)cc2)nc1C.[Cu+2],3.0047317
TRZ05236,Cc1nnc(-c2ncc(C(F)F)cc2-c2cnc(C3CC3)nc2)nc1C,Cu2+,Cc1nnc(-c2ncc(C(F)F)cc2-c2cnc(C3CC3)nc2)nc1C.[Cu+2],3.0044432
TRZ02375,Cc1ccc(-c2nnn(Cc3nnc(C)c(C)n3)n2)cc1Cl,Cu2+,Cc1ccc(-c2nnn(Cc3nnc(C)c(C)n3)n2)cc1Cl.[Cu+2],3.004189
TRZ00321,CC1=Nc2ccc(Br)cc2C(c2ccccc2)N1Cc1nnc(C)c(C)n1,Cu2+,CC1=Nc2ccc(Br)cc2C(c2ccccc2)N1Cc1nnc(C)c(C)n1.[Cu+2],3.0019832
TRZ01990,Cc1nnc(-c2cc(N)c(=O)[nH]n2)nc1C,Cu2+,Cc1nnc(-c2cc(N)c(=O)[nH]n2)nc1C.[Cu+2],2.9995618
TRZ02966,Cc1nnc(-c2cccnc2Nc2cccc(C(F)(F)F)c2)nc1C,Cu2+,Cc1nnc(-c2cccnc2Nc2cccc(C(F)(F)F)c2)nc1C.[Cu+2],2.9983726
TRZ01997,Cc1nnc(-c2cc(Br)c[nH]2)nc1C,Cu2+,Cc1nnc(-c2cc(Br)c[nH]2)nc1C.[Cu+2],2.996429
TRZ03928,Cc1nnc(-c2ccc(N3CCC(Oc4ccccc4C(F)(F)F)C3)nn2)nc1C,Cu2+,Cc1nnc(-c2ccc(N3CCC(Oc4ccccc4C(F)(F)F)C3)nn2)nc1C.[Cu+2],2.9941359
TRZ01060,Cc1nnc(-c2nc(-c3ccc(C(F)(F)F)nc3)cc(-c3ccnc(N)c3)n2)nc1C,Cu2+,Cc1nnc(-c2nc(-c3ccc(C(F)(F)F)nc3)cc(-c3ccnc(N)c3)n2)nc1C.[Cu+2],2.9896173
TRZ00699,Cc1nnc(CNc2nc3scc(-c4ccccc4)c3c(=O)n2-c2ccccc2)nc1C,Cu2+,Cc1nnc(CNc2nc3scc(-c4ccccc4)c3c(=O)n2-c2ccccc2)nc1C.[Cu+2],2.988697
TRZ00444,Cc1nnc(-c2ccccc2Oc2ccccc2)nc1C,Cu2+,Cc1nnc(-c2ccccc2Oc2ccccc2)nc1C.[Cu+2],2.9833713
TRZ05375,Cc1nnc(-c2cnn(CC(F)(F)F)c2)nc1C,Cu2+,Cc1nnc(-c2cnn(CC(F)(F)F)c2)nc1C.[Cu+2],2.9809108
TRZ02995,Cc1nnc(C2=Nc3ccccc3C(c3ccccc3F)=NC2)nc1C,Cu2+,Cc1nnc(C2=Nc3ccccc3C(c3ccccc3F)=NC2)nc1C.[Cu+2],2.979785
TRZ01406,COc1ccc2ccccc2c1-c1cc(-c2nnc(C)c(C)n2)[nH]n1,Cu2+,COc1ccc2ccccc2c1-c1cc(-c2nnc(C)c(C)n2)[nH]n1.[Cu+2],2.9779458
TRZ04437,Cc1nnc(CC(=O)Nc2cccc(F)c2)nc1C,Cu2+,Cc1nnc(CC(=O)Nc2cccc(F)c2)nc1C.[Cu+2],2.9726691
TRZ03088,COC=C(c1nnc(C)c(C)n1)c1ccccc1C(=NOC(C)=O)c1cccc(C(F)(F)F)c1,Cu2+,COC=C(c1nnc(C)c(C)n1)c1ccccc1C(=NOC(C)=O)c1cccc(C(F)(F)F)c1.[Cu+2],2.9685936
TRZ04969,Cc1nnc(C(=N)c2ccc(Cl)cc2NCc2ccc(F)cc2Cl)nc1C,Cu2+,Cc1nnc(C(=N)c2ccc(Cl)cc2NCc2ccc(F)cc2Cl)nc1C.[Cu+2],2.9654593
TRZ05541,Cc1nnc(-c2nccnc2Nc2ccc(OC(F)(F)Cl)cc2)nc1C,Cu2+,Cc1nnc(-c2nccnc2Nc2ccc(OC(F)(F)Cl)cc2)nc1C.[Cu+2],2.964191
TRZ00649,Cc1nnc(-c2[nH]c(-c3ccccc3)cc2-c2ccccc2)nc1C,Cu2+,Cc1nnc(-c2[nH]c(-c3ccccc3)cc2-c2ccccc2)nc1C.[Cu+2],2.9625783
TRZ04241,Cc1ccc(-c2nnc(C)c(C)n2)c(NC(=O)c2cn(-c3ncccc3Cl)nc2C(F)(F)F)c1,Cu2+,Cc1ccc(-c2nnc(C)c(C)n2)c(NC(=O)c2cn(-c3ncccc3Cl)nc2C(F)(F)F)c1.[Cu+2],2.9613175
TRZ05505,Cc1nnc(-c2cncc(-c3ccc(OC(F)(F)F)cc3)c2)nc1C,Cu2+,Cc1nnc(-c2cncc(-c3ccc(OC(F)(F)F)cc3)c2)nc1C.[Cu+2],2.9595199
TRZ04282,Cc1nnc(-c2ccc(C(F)(F)F)cc2N2CCOCC2)nc1C,Cu2+,Cc1nnc(-c2ccc(C(F)(F)F)cc2N2CCOCC2)nc1C.[Cu+2],2.9585824
TRZ00591,Cc1nnc(CC(=O)Nc2ccc(C(=O)O)cc2)nc1C,Cu2+,Cc1nnc(CC(=O)Nc2ccc(C(=O)O)cc2)nc1C.[Cu+2],2.9567008
TRZ01000,Cc1nnc(-c2nc(N)nc(Nc3ccccc3)n2)nc1C,Cu2+,Cc1nnc(-c2nc(N)nc(Nc3ccccc3)n2)nc1C.[Cu+2],2.9557261
TRZ05555,Cc1nnc(CNc2nc(N3CCOCC3)nn3c(C(F)(F)F)cnc23)nc1C,Cu2+,Cc1nnc(CNc2nc(N3CCOCC3)nn3c(C(F)(F)F)cnc23)nc1C.[Cu+2],2.9518008
TRZ01098,Cc1nnc(-c2nnc3n(c2=O)CCN3c2ccccc2)nc1C,Cu2+,Cc1nnc(-c2nnc3n(c2=O)CCN3c2ccccc2)nc1C.[Cu+2],2.9514894
TRZ03571,Cc1nnc([C@H]2C[C@]3(NC(=O)NC3=O)c3cc(F)ccc3O2)nc1C,Cu2+,Cc1nnc([C@H]2C[C@]3(NC(=O)NC3=O)c3cc(F)ccc3O2)nc1C.[Cu+2],2.9505415
TRZ02884,Cc1nnc(-c2ccccc2Oc2ccccc2F)nc1C,Cu2+,Cc1nnc(-c2ccccc2Oc2ccccc2F)nc1C.[Cu+2],2.949235
TRZ00320,Cc1nnc(/C(=C\c2cccs2)NC(=O)c2ccccc2)nc1C,Cu2+,Cc1nnc(/C(=C\c2cccs2)NC(=O)c2ccccc2)nc1C.[Cu+2],2.9489684
TRZ05859,Cc1nnc(Cc2nc(C(F)(F)F)nc(-c3ccncc3)c2-c2ccc(F)cc2)nc1C,Cu2+,Cc1nnc(Cc2nc(C(F)(F)F)nc(-c3ccncc3)c2-c2ccc(F)cc2)nc1C.[Cu+2],2.9463372
TRZ05768,Cc1nnc(-c2cnc(NCCc3ccc(F)cc3)nc2)nc1C,Cu2+,Cc1nnc(-c2cnc(NCCc3ccc(F)cc3)nc2)nc1C.[Cu+2],2.945341
TRZ02138,Cc1nnc(Cc2csc(C(C)(C)C)n2)nc1C,Cu2+,Cc1nnc(Cc2csc(C(C)(C)C)n2)nc1C.[Cu+2],2.9446435
TRZ00652,CSc1ccc(/C=C(\NC(=O)c2ccc(C)cc2)c2nnc(C)c(C)n2)cc1,Cu2+,CSc1ccc(/C=C(\NC(=O)c2ccc(C)cc2)c2nnc(C)c(C)n2)cc1.[Cu+2],2.943531
TRZ00949,Cc1nnc(/C(=C/c2cccs2)NC(=O)c2ccccc2Cl)nc1C,Cu2+,Cc1nnc(/C(=C/c2cccs2)NC(=O)c2ccccc2Cl)nc1C.[Cu+2],2.9407458
TRZ01157,CCn1cc(-c2nnc(C)c(C)n2)c(=O)c2ccccc21,Cu2+,CCn1cc(-c2nnc(C)c(C)n2)c(=O)c2ccccc21.[Cu+2],2.9386559
TRZ00682,Cc1nnc(-c2[nH]c3ccc([N+](=O)[O-])cc3c2-c2ccccc2)nc1C,Cu2+,Cc1nnc(-c2[nH]c3ccc([N+](=O)[O-])cc3c2-c2ccccc2)nc1C.[Cu+2],2.9377556
TRZ01505,Cc1nnc(-c2cc(-c3ccccc3)n(-c3ccccc3)n2)nc1C,Cu2+,Cc1nnc(-c2cc(-c3ccccc3)n(-c3ccccc3)n2)nc1C.[Cu+2],2.9341674
TRZ05031,Cc1nnc(-c2cccc(C(F)(F)F)c2N)nc1C,Cu2+,Cc1nnc(-c2cccc(C(F)(F)F)c2N)nc1C.[Cu+2],2.9323835
TRZ01522,Cc1nnc(Cn2nnc(-c3cc(C(F)(F)F)cc(C(F)(F)F)c3)n2)nc1C,Cu2+,Cc1nnc(Cn2nnc(-c3cc(C(F)(F)F)cc(C(F)(F)F)c3)n2)nc1C.[Cu+2],2.9320812
TRZ01628,COc1ccc(/C=C/C(C)=N/OC(C)c2nnc(C)c(C)n2)cc1,Cu2+,COc1ccc(/C=C/C(C)=N/OC(C)c2nnc(C)c(C)n2)cc1.[Cu+2],2.9316444
TRZ01936,Cc1ccc(NC(=O)Cc2nnc(C)c(C)n2)cc1,Cu2+,Cc1ccc(NC(=O)Cc2nnc(C)c(C)n2)cc1.[Cu+2],2.9253168
TRZ01744,Cc1nnc(COc2ccncc2-c2ccc3ccccc3c2)nc1C,Cu2+,Cc1nnc(COc2ccncc2-c2ccc3ccccc3c2)nc1C.[Cu+2],2.9240108
TRZ03705,Cc1nnc(C(=O)Nc2ccc(N3CCOCC3)c(F)c2)nc1C,Cu2+,Cc1nnc(C(=O)Nc2ccc(N3CCOCC3)c(F)c2)nc1C.[Cu+2],2.923583
TRZ00972,COc1ccccc1OCC(O)Cn1nc(-c2ccc(Cl)cc2)cc1-c1nnc(C)c(C)n1,Cu2+,COc1ccccc1OCC(O)Cn1nc(-c2ccc(Cl)cc2)cc1-c1nnc(C)c(C)n1.[Cu+2],2.9187946
TRZ05210,Cc1nnc(-c2cncc(-c3ccc(F)cc3)n2)nc1C,Cu2+,Cc1nnc(-c2cncc(-c3ccc(F)cc3)n2)nc1C.[Cu+2],2.9144273
TRZ05493,Cc1nnc(-c2cncc(-c3ccc(C(F)F)cc3)n2)nc1C,Cu2+,Cc1nnc(-c2cncc(-c3ccc(C(F)F)cc3)n2)nc1C.[Cu+2],2.9138627
TRZ04454,Cc1nnc(-c2cc(-c3ccc(OC(F)(F)F)cc3)cc(NC(=O)C3CC3)n2)nc1C,Cu2+,Cc1nnc(-c2cc(-c3ccc(OC(F)(F)F)cc3)cc(NC(=O)C3CC3)n2)nc1C.[Cu+2],2.9132938
TRZ02428,Cc1nnc(CSCC(=O)Nc2ccc(C(C)(C)C)cc2)nc1C,Cu2+,Cc1nnc(CSCC(=O)Nc2ccc(C(C)(C)C)cc2)nc1C.[Cu+2],2.911378
TRZ02380,COc1cccc(Oc2ccc(OC)cc2-c2nnc(C)c(C)n2)c1,Cu2+,COc1cccc(Oc2ccc(OC)cc2-c2nnc(C)c(C)n2)c1.[Cu+2],2.9109507
TRZ00386,COc1ccc2c3c([nH]c2c1)C(C)N(CCc1nnc(C)c(C)n1)CC3,Cu2+,COc1ccc2c3c([nH]c2c1)C(C)N(CCc1nnc(C)c(C)n1)CC3.[Cu+2],2.9106708
TRZ00720,Cc1nnc(-c2cc(-c3ccc(OCC(C)C)c(C#N)c3)n[nH]c2=O)nc1C,Cu2+,Cc1nnc(-c2cc(-c3ccc(OCC(C)C)c(C#N)c3)n[nH]c2=O)nc1C.[Cu+2],2.907813
TRZ02187,Cc1nnc(-c2ncsc2Br)nc1C,Cu2+,Cc1nnc(-c2ncsc2Br)nc1C.[Cu+2],2.9070826
TRZ00135,Cc1nnc(-c2[nH]c3ccc(Cl)cc3c2S(=O)(=O)c2ccc(Cl)cc2)nc1C,Cu2+,Cc1nnc(-c2[nH]c3ccc(Cl)cc3c2S(=O)(=O)c2ccc(Cl)cc2)nc1C.[Cu+2],2.9047236
TRZ02649,Cc1nnc(COc2ccc3ccc(=O)oc3c2)nc1C,Cu2+,Cc1nnc(COc2ccc3ccc(=O)oc3c2)nc1C.[Cu+2],2.9022474
TRZ03723,Cc1nnc(Cc2nc(C(F)(F)F)nc(-c3ccncc3)c2-c2ccccc2)nc1C,Cu2+,Cc1nnc(Cc2nc(C(F)(F)F)nc(-c3ccncc3)c2-c2ccccc2)nc1C.[Cu+2],2.8979926
TRZ04099,Cc1nnc(-c2cnc(OC(=O)C(F)(F)F)[nH]2)nc1C,Cu2+,Cc1nnc(-c2cnc(OC(=O)C(F)(F)F)[nH]2)nc1C.[Cu+2],2.897892
TRZ02339,COc1ccc(-c2c(C)oc3cc(OCc4nnc(C)c(C)n4)ccc3c2=O)cc1OC,Cu2+,COc1ccc(-c2c(C)oc3cc(OCc4nnc(C)c(C)n4)ccc3c2=O)cc1OC.[Cu+2],2.8940196
TRZ05092,Cc1nnc(-c2cnn3ccc(N4CCC[C@@H]4c4cc(F)ccc4F)nc23)nc1C,Cu2+,Cc1nnc(-c2cnn3ccc(N4CCC[C@@H]4c4cc(F)ccc4F)nc23)nc1C.[Cu+2],2.892015
TRZ05738,Cc1nnc(-c2cccc(-c3ccc(OC(F)F)nc3)n2)nc1C,Cu2+,Cc1nnc(-c2cccc(-c3ccc(OC(F)F)nc3)n2)nc1C.[Cu+2],2.8919115
TRZ00776,Cc1nnc(-c2ccc[n+]([O-])c2)nc1C,Cu2+,Cc1nnc(-c2ccc[n+]([O-])c2)nc1C.[Cu+2],2.8868008
TRZ03261,Cc1nnc(-c2nn(Cc3ccccc3F)c3ncccc23)nc1C,Cu2+,Cc1nnc(-c2nn(Cc3ccccc3F)c3ncccc23)nc1C.[Cu+2],2.8865538
TRZ04713,Cc1nnc(-c2cccnc2Oc2cccc(C(F)(F)F)c2)nc1C,Cu2+,Cc1nnc(-c2cccnc2Oc2cccc(C(F)(F)F)c2)nc1C.[Cu+2],2.8858032
TRZ02997,Cc1nnc(C2=Nc3cc(F)ccc3C(c3ccccc3Cl)=NC2C)nc1C,Cu2+,Cc1nnc(C2=Nc3cc(F)ccc3C(c3ccccc3Cl)=NC2C)nc1C.[Cu+2],2.88445
TRZ01150,Cc1nnc(-c2cc(-c3ccc(Cl)cc3)nn2Cc2ccccc2)nc1C,Cu2+,Cc1nnc(-c2cc(-c3ccc(Cl)cc3)nn2Cc2ccccc2)nc1C.[Cu+2],2.8789
TRZ03570,Cc1nnc([C@H]2C[C@@]3(NC(=O)NC3=O)c3cc(F)ccc3O2)nc1C,Cu2+,Cc1nnc([C@H]2C[C@@]3(NC(=O)NC3=O)c3cc(F)ccc3O2)nc1C.[Cu+2],2.877697
TRZ01303,CCC(c1nnc(C)c(C)n1)n1nc(C)ccc1=O,Cu2+,CCC(c1nnc(C)c(C)n1)n1nc(C)ccc1=O.[Cu+2],2.8752828
TRZ01694,Cc1nnc(Cn2cnc3c(oc4nc(C(F)(F)F)ccc43)c2=O)nc1C,Cu2+,Cc1nnc(Cn2cnc3c(oc4nc(C(F)(F)F)ccc43)c2=O)nc1C.[Cu+2],2.8720741
TRZ04442,Cc1nnc(-c2c(F)ccc(O)c2O)nc1C,Cu2+,Cc1nnc(-c2c(F)ccc(O)c2O)nc1C.[Cu+2],2.8716092
TRZ02614,Cc1nnc(-c2cc3sccc3[nH]2)nc1C,Cu2+,Cc1nnc(-c2cc3sccc3[nH]2)nc1C.[Cu+2],2.8699584
TRZ02393,Cc1nnc(Cn2nnc(-c3cccs3)n2)nc1C,Cu2+,Cc1nnc(Cn2nnc(-c3cccs3)n2)nc1C.[Cu+2],2.8663316
TRZ02166,Cc1nnc([C@@H](C)Oc2ccc(O)cc2)nc1C,Cu2+,Cc1nnc([C@@H](C)Oc2ccc(O)cc2)nc1C.[Cu+2],2.8640723
TRZ00489,CCC(CC)C(=O)c1c[nH]c(-c2nnc(C)c(C)n2)c1,Cu2+,CCC(CC)C(=O)c1c[nH]c(-c2nnc(C)c(C)n2)c1.[Cu+2],2.8620372
TRZ03473,Cc1nnc(-c2nn(Cc3ccc(Cl)cc3F)c3cc(N(C)C)ccc23)nc1C,Cu2+,Cc1nnc(-c2nn(Cc3ccc(Cl)cc3F)c3cc(N(C)C)ccc23)nc1C.[Cu+2],2.8618088
TRZ03815,Cc1nnc(-c2ccc(C(C)C(O)(Cn3cncn3)c3ccc(F)cc3F)cn2)nc1C,Cu2+,Cc1nnc(-c2ccc(C(C)C(O)(Cn3cncn3)c3ccc(F)cc3F)cn2)nc1C.[Cu+2],2.860744
TRZ00156,Cc1nnc(-c2ccccc2-n2cccc2)nc1C,Cu2+,Cc1nnc(-c2ccccc2-n2cccc2)nc1C.[Cu+2],2.8603458
TRZ03563,Cc1nnc(-c2ncn3c2CN(C)C(=O)c2cc(F)ccc2-3)nc1C,Cu2+,Cc1nnc(-c2ncn3c2CN(C)C(=O)c2cc(F)ccc2-3)nc1C.[Cu+2],2.8603272
TRZ01992,Cc1nnc(CNC(=O)c2cccc3ccccc23)nc1C,Cu2+,Cc1nnc(CNC(=O)c2cccc3ccccc23)nc1C.[Cu+2],2.8600426
TRZ03819,Cc1nnc(-c2nc3c(=O)[nH]c4cc(C(F)(F)F)ccc4n3c2Cn2ccnc2)nc1C,Cu2+,Cc1nnc(-c2nc3c(=O)[nH]c4cc(C(F)(F)F)ccc4n3c2Cn2ccnc2)nc1C.[Cu+2],2.8577003
TRZ03820,CCCN(C(=O)OC(C)(C)C)n1cc(-c2nnc(C)c(C)n2)c2cc(F)ccc21,Cu2+,CCCN(C(=O)OC(C)(C)C)n1cc(-c2nnc(C)c(C)n2)c2cc(F)ccc21.[Cu+2],2.8566623
TRZ05495,COc1ccc(-c2cncc(-c3nnc(C)c(C)n3)n2)c(F)c1,Cu2+,COc1ccc(-c2cncc(-c3nnc(C)c(C)n3)n2)c(F)c1.[Cu+2],2.8524184
TRZ03839,Cc1ccc(Oc2cccc(-c3nnc(C)c(C)n3)n2)cc1C(F)(F)F,Cu2+,Cc1ccc(Oc2cccc(-c3nnc(C)c(C)n3)n2)cc1C(F)(F)F.[Cu+2],2.851685
TRZ02189,COc1ccc(NC(=O)C(=O)O)cc1-c1nnc(C)c(C)n1,Cu2+,COc1ccc(NC(=O)C(=O)O)cc1-c1nnc(C)c(C)n1.[Cu+2],2.8502336
TRZ00493,Cc1nnc(/C(=C\c2ccc(Br)cc2)NC(=O)c2cccs2)nc1C,Cu2+,Cc1nnc(/C(=C\c2ccc(Br)cc2)NC(=O)c2cccs2)nc1C.[Cu+2],2.8500242
TRZ00578,Cc1nnc(/C=C2/Nc3ccc(Br)cc3NC2=O)nc1C,Cu2+,Cc1nnc(/C=C2/Nc3ccc(Br)cc3NC2=O)nc1C.[Cu+2],2.8496094
TRZ00638,Cc1nnc(COc2ccc3oc4c(c3c2)CCCC4)nc1C,Cu2+,Cc1nnc(COc2ccc3oc4c(c3c2)CCCC4)nc1C.[Cu+2],2.8490705
TRZ05444,Cc1nnc(Cn2c(C)c(-c3ccc(Cl)cc3)n(C[C@H](O)C(F)(F)F)c2=O)nc1C,Cu2+,Cc1nnc(Cn2c(C)c(-c3ccc(Cl)cc3)n(C[C@H](O)C(F)(F)F)c2=O)nc1C.[Cu+2],2.8488479
TRZ01811,Cc1nnc(-c2csc(N/N=C/c3cccc(Br)c3)n2)nc1C,Cu2+,Cc1nnc(-c2csc(N/N=C/c3cccc(Br)c3)n2)nc1C.[Cu+2],2.8480701
TRZ05257,Cc1nnc(Cn2ncc3ncc(-c4cccc(C(F)(F)F)c4)cc32)nc1C,Cu2+,Cc1nnc(Cn2ncc3ncc(-c4cccc(C(F)(F)F)c4)cc32)nc1C.[Cu+2],2.8476758
TRZ00134,Cc1nnc(-c2[nH]c3ccc(Cl)cc3c2S(=O)(=O)c2ccc(F)cc2)nc1C,Cu2+,Cc1nnc(-c2[nH]c3ccc(Cl)cc3c2S(=O)(=O)c2ccc(F)cc2)nc1C.[Cu+2],2.847426
TRZ00857,Cc1nnc(CSc2ccccc2O)nc1C,Cu2+,Cc1nnc(CSc2ccccc2O)nc1C.[Cu+2],2.847169
TRZ01603,Cc1nnc(-c2nnn(Nc3ccc(Cl)cc3)c2C)nc1C,Cu2+,Cc1nnc(-c2nnn(Nc3ccc(Cl)cc3)c2C)nc1C.[Cu+2],2.8428807
TRZ00292,Cc1nnc(-c2cc(C34CC5CC(CC(C5)C3)C4)[nH]n2)nc1C,Cu2+,Cc1nnc(-c2cc(C34CC5CC(CC(C5)C3)C4)[nH]n2)nc1C.[Cu+2],2.8423452
TRZ02152,COc1ccc(-n2ncc(-c3nnc(C)c(C)n3)c2C)cc1,Cu2+,COc1ccc(-n2ncc(-c3nnc(C)c(C)n3)c2C)cc1.[Cu+2],2.8419876
TRZ03734,Cc1nnc(-c2nn(Cc3ccc(F)cc3Cl)c3cc(S(C)(=O)=O)ccc23)nc1C,Cu2+,Cc1nnc(-c2nn(Cc3ccc(F)cc3Cl)c3cc(S(C)(=O)=O)ccc23)nc1C.[Cu+2],2.8418093
TRZ02330,Cc1nnc(CSc2nnc(-c3ccc(Br)cc3)n2-c2ccccc2)nc1C,Cu2+,Cc1nnc(CSc2nnc(-c3ccc(Br)cc3)n2-c2ccccc2)nc1C.[Cu+2],2.841785
TRZ00434,Cc1nnc(-c2cccn2C)nc1C,Cu2+,Cc1nnc(-c2cccn2C)nc1C.[Cu+2],2.841464
TRZ00668,Cc1nnc(-c2nnc3n(c2=O)CCN3c2cccc(Cl)c2)nc1C,Cu2+,Cc1nnc(-c2nnc3n(c2=O)CCN3c2cccc(Cl)c2)nc1C.[Cu+2],2.8377542
TRZ02662,Cc1nnc(-c2[nH]c3ccccc3c2C)nc1C,Cu2+,Cc1nnc(-c2[nH]c3ccccc3c2C)nc1C.[Cu+2],2.8366084
TRZ01715,Cc1nnc(C2=C(N)Nc3n[nH]c(C)c3C2c2ccc(N(C)C)cc2)nc1C,Cu2+,Cc1nnc(C2=C(N)Nc3n[nH]c(C)c3C2c2ccc(N(C)C)cc2)nc1C.[Cu+2],2.835812
TRZ05462,Cc1cc(F)c(F)c2c1NC(=Cc1nnc(C)c(C)n1)C(C)(C)N2,Cu2+,Cc1cc(F)c(F)c2c1NC(=Cc1nnc(C)c(C)n1)C(C)(C)N2.[Cu+2],2.8336778
TRZ00369,COc1ccc(-c2c(CN3CCOCC3)nc3scc(-c4nnc(C)c(C)n4)n23)cc1,Cu2+,COc1ccc(-c2c(CN3CCOCC3)nc3scc(-c4nnc(C)c(C)n4)n23)cc1.[Cu+2],2.8325396
TRZ02700,Cc1nnc(-c2cccc(Br)n2)nc1C,Cu2+,Cc1nnc(-c2cccc(Br)n2)nc1C.[Cu+2],2.8323336
TRZ01506,Cc1nnc(Cn2cnc(-c3ccc(F)cc3)c2)nc1C,Cu2+,Cc1nnc(Cn2cnc(-c3ccc(F)cc3)c2)nc1C.[Cu+2],2.832015
TRZ05302,Cc1nnc(CNc2nc(N3CCOCC3)nc3c(C(F)(F)F)cnn23)nc1C,Cu2+,Cc1nnc(CNc2nc(N3CCOCC3)nc3c(C(F)(F)F)cnn23)nc1C.[Cu+2],2.8312945
TRZ01931,Cc1nnc(-c2cc(C(C)(C)C)nn2Cc2ccccc2)nc1C,Cu2+,Cc1nnc(-c2cc(C(C)(C)C)nn2Cc2ccccc2)nc1C.[Cu+2],2.828278
TRZ02193,Cc1nnc(-c2cc3oc(-c4cccc(C(F)(F)F)c4)cc3[nH]2)nc1C,Cu2+,Cc1nnc(-c2cc3oc(-c4cccc(C(F)(F)F)c4)cc3[nH]2)nc1C.[Cu+2],2.8270445
TRZ00640,Cc1nnc(CN2C(=O)Nc3ccc(Cl)cc3C2c2ccccc2)nc1C,Cu2+,Cc1nnc(CN2C(=O)Nc3ccc(Cl)cc3C2c2ccccc2)nc1C.[Cu+2],2.8244739
TRZ00607,Cc1ccc(Cn2cc(-c3nnc(C)c(C)n3)c(=O)c3ccc(F)cc32)cc1,Cu2+,Cc1ccc(Cn2cc(-c3nnc(C)c(C)n3)c(=O)c3ccc(F)cc32)cc1.[Cu+2],2.8172445
TRZ04475,Cc1nnc(C2CCCN2c2ccc(F)cc2)nc1C,Cu2+,Cc1nnc(C2CCCN2c2ccc(F)cc2)nc1C.[Cu+2],2.8166652
TRZ00672,Cc1nnc(COc2cccc3cccnc23)nc1C,Cu2+,Cc1nnc(COc2cccc3cccnc23)nc1C.[Cu+2],2.8163328
TRZ05461,Cc1cc(F)c(F)c2c1N/C(=C/c1nnc(C)c(C)n1)C(C)(C)N2,Cu2+,Cc1cc(F)c(F)c2c1N/C(=C/c1nnc(C)c(C)n1)C(C)(C)N2.[Cu+2],2.8161702
TRZ02632,Cc1nnc(CNc2cccc3ccccc23)nc1C,Cu2+,Cc1nnc(CNc2cccc3ccccc23)nc1C.[Cu+2],2.815907
TRZ00478,Cc1nnc(CSc2cccc3cccnc23)nc1C,Cu2+,Cc1nnc(CSc2cccc3cccnc23)nc1C.[Cu+2],2.8125377
TRZ00568,Cc1nnc(-c2csc3nc(CN4CCOCC4)c(-c4ccc(Br)cc4)n23)nc1C,Cu2+,Cc1nnc(-c2csc3nc(CN4CCOCC4)c(-c4ccc(Br)cc4)n23)nc1C.[Cu+2],2.810729
TRZ00893,Cc1nnc(CNC(=O)c2ccc(F)cc2)nc1C,Cu2+,Cc1nnc(CNC(=O)c2ccc(F)cc2)nc1C.[Cu+2],2.8056335
TRZ01711,Cc1nnc([C@H](NC(=O)CCCCc2ccccc2)c2nn[nH]n2)nc1C,Cu2+,Cc1nnc([C@H](NC(=O)CCCCc2ccccc2)c2nn[nH]n2)nc1C.[Cu+2],2.8022976
TRZ01613,Cc1nnc(-c2cc(-c3ccccc3)nn2Cc2ccc(Cl)nc2)nc1C,Cu2+,Cc1nnc(-c2cc(-c3ccccc3)nn2Cc2ccc(Cl)nc2)nc1C.[Cu+2],2.799777
TRZ02563,Cc1cccc(-n2c(N3CCOCC3)nc3oc(C)c(-c4nnc(C)c(C)n4)c3c2=O)c1,Cu2+,Cc1cccc(-n2c(N3CCOCC3)nc3oc(C)c(-c4nnc(C)c(C)n4)c3c2=O)c1.[Cu+2],2.7993822
TRZ02118,CCn1cc(-c2nnc(C)c(C)n2)c(=O)c2ccc(-c3ccccc3)cc21,Cu2+,CCn1cc(-c2nnc(C)c(C)n2)c(=O)c2ccc(-c3ccccc3)cc21.[Cu+2],2.7941022
TRZ00886,Cc1nnc(-c2cc(F)ccc2N)nc1C,Cu2+,Cc1nnc(-c2cc(F)ccc2N)nc1C.[Cu+2],2.7906075
TRZ01545,CSc1ncc(-c2nnc(C)c(C)n2)n1C,Cu2+,CSc1ncc(-c2nnc(C)c(C)n2)n1C.[Cu+2],2.7849364
TRZ02786,Cc1nnc(Cc2ccc(Cl)cn2)nc1C,Cu2+,Cc1nnc(Cc2ccc(Cl)cn2)nc1C.[Cu+2],2.7789183
TRZ04477,Cc1nnc(-c2cc(-c3ccc(OC(F)(F)F)cc3)ccc2N)nc1C,Cu2+,Cc1nnc(-c2cc(-c3ccc(OC(F)(F)F)cc3)ccc2N)nc1C.[Cu+2],2.7764077
TRZ02796,Cc1nnc(CNc2cccc(F)c2C)nc1C,Cu2+,Cc1nnc(CNc2cccc(F)c2C)nc1C.[Cu+2],2.775505
TRZ04624,Cc1nnc(-c2c(OC3CCN(C(=O)O)CC3)cccc2C(F)(F)F)nc1C,Cu2+,Cc1nnc(-c2c(OC3CCN(C(=O)O)CC3)cccc2C(F)(F)F)nc1C.[Cu+2],2.774499
TRZ02840,Cc1ccc(S(=O)(=O)N2C(=O)CCC2c2nnc(C)c(C)n2)cc1,Cu2+,Cc1ccc(S(=O)(=O)N2C(=O)CCC2c2nnc(C)c(C)n2)cc1.[Cu+2],2.7728553
TRZ05722,Cc1nnc(-c2cncc(-c3ccc(OC(F)(F)F)cc3)n2)nc1C,Cu2+,Cc1nnc(-c2cncc(-c3ccc(OC(F)(F)F)cc3)n2)nc1C.[Cu+2],2.76889
TRZ01203,Cc1nnc(-c2cccnc2N)nc1C,Cu2+,Cc1nnc(-c2cccnc2N)nc1C.[Cu+2],2.7683663
TRZ01099,Cc1ccc(N2CCn3c2nnc(-c2nnc(C)c(C)n2)c3=O)cc1,Cu2+,Cc1ccc(N2CCn3c2nnc(-c2nnc(C)c(C)n2)c3=O)cc1.[Cu+2],2.7661319
TRZ00924,Cc1nnc(-c2csc(-c3cn(C(C)C)c(=O)n(Cc4ccccc4)c3=O)n2)nc1C,Cu2+,Cc1nnc(-c2csc(-c3cn(C(C)C)c(=O)n(Cc4ccccc4)c3=O)n2)nc1C.[Cu+2],2.760878
TRZ03572,Cc1nnc([C@@H]2C[C@@]3(NC(=O)NC3=O)c3cc(F)ccc3O2)nc1C,Cu2+,Cc1nnc([C@@H]2C[C@@]3(NC(=O)NC3=O)c3cc(F)ccc3O2)nc1C.[Cu+2],2.7602663
TRZ00380,Cc1nnc(-c2ccc(Cn3cc(Cl)cn3)o2)nc1C,Cu2+,Cc1nnc(-c2ccc(Cn3cc(Cl)cn3)o2)nc1C.[Cu+2],2.759078
TRZ02273,Cc1nnc(C(C)NC(=O)C(Cc2c[nH]c3ccccc23)NC(=O)OC(C)(C)C)nc1C,Cu2+,Cc1nnc(C(C)NC(=O)C(Cc2c[nH]c3ccccc23)NC(=O)OC(C)(C)C)nc1C.[Cu+2],2.758411
TRZ04855,Cc1nnc(CN2CCc3sc(-c4ccc(F)cc4)cc3C2)nc1C,Cu2+,Cc1nnc(CN2CCc3sc(-c4ccc(F)cc4)cc3C2)nc1C.[Cu+2],2.7567115
TRZ00570,Cc1ccc(-c2c(CN3CCOCC3)nc3scc(-c4nnc(C)c(C)n4)n23)cc1,Cu2+,Cc1ccc(-c2c(CN3CCOCC3)nc3scc(-c4nnc(C)c(C)n4)n23)cc1.[Cu+2],2.755713
TRZ01002,Cc1ccc(Nc2nc(N)nc(-c3nnc(C)c(C)n3)n2)cc1,Cu2+,Cc1ccc(Nc2nc(N)nc(-c3nnc(C)c(C)n3)n2)cc1.[Cu+2],2.7551355
TRZ01703,Cc1nnc(-c2n[nH]c(=O)c3[nH]ncc23)nc1C,Cu2+,Cc1nnc(-c2n[nH]c(=O)c3[nH]ncc23)nc1C.[Cu+2],2.7526178
TRZ00734,Cc1nnc(CNc2ccc3ncccc3c2)nc1C,Cu2+,Cc1nnc(CNc2ccc3ncccc3c2)nc1C.[Cu+2],2.7522678
TRZ01325,Cc1nnc(Cn2c(C)nc3ccc(Br)cc3c2=O)nc1C,Cu2+,Cc1nnc(Cn2c(C)nc3ccc(Br)cc3c2=O)nc1C.[Cu+2],2.7516103
TRZ04990,Cc1ccc(S(=O)Nc2cc(Cl)cnc2-c2nnc(C)c(C)n2)cc1C(F)(F)F,Cu2+,Cc1ccc(S(=O)Nc2cc(Cl)cnc2-c2nnc(C)c(C)n2)cc1C(F)(F)F.[Cu+2],2.751523
TRZ05256,Cc1nnc(Cn2ncc3ncc(-c4ccc(F)c(C(F)F)c4)cc32)nc1C,Cu2+,Cc1nnc(Cn2ncc3ncc(-c4ccc(F)c(C(F)F)c4)cc32)nc1C.[Cu+2],2.7511454
TRZ00373,CCOC(=O)c1cc(-c2nnc(C)c(C)n2)c(=O)[nH]c1C,Cu2+,CCOC(=O)c1cc(-c2nnc(C)c(C)n2)c(=O)[nH]c1C.[Cu+2],2.7501397
TRZ02169,Cc1ccc(-n2c(SCc3nnc(C)c(C)n3)nnc2-c2ccc(Cl)cc2)cc1,Cu2+,Cc1ccc(-n2c(SCc3nnc(C)c(C)n3)nnc2-c2ccc(Cl)cc2)cc1.[Cu+2],2.7476802
TRZ00154,Cc1nnc(-c2c(C)nc3ccccn23)nc1C,Cu2+,Cc1nnc(-c2c(C)nc3ccccn23)nc1C.[Cu+2],2.74712
TRZ02069,Cc1nnc(C2(NC(=O)c3ccccc3)CC2c2cccc(O)c2)nc1C,Cu2+,Cc1nnc(C2(NC(=O)c3ccccc3)CC2c2cccc(O)c2)nc1C.[Cu+2],2.7421203
TRZ02702,Cc1nnc(CN2CCc3ccccc3C2)nc1C,Cu2+,Cc1nnc(CN2CCc3ccccc3C2)nc1C.[Cu+2],2.7419786
TRZ01732,COc1cccc(-c2cncn2Cc2nnc(C)c(C)n2)c1,Cu2+,COc1cccc(-c2cncn2Cc2nnc(C)c(C)n2)c1.[Cu+2],2.7399516
TRZ05524,Cc1nnc(-c2cn(C(F)(F)F)nc2Nc2ccc(C(F)(F)F)cc2)nc1C,Cu2+,Cc1nnc(-c2cn(C(F)(F)F)nc2Nc2ccc(C(F)(F)F)cc2)nc1C.[Cu+2],2.7396007
TRZ03378,Cc1cccc(-c2nnc(C)c(C)n2)c1NC(=O)c1cc(C(F)(F)F)nn1-c1ncccc1Cl,Cu2+,Cc1cccc(-c2nnc(C)c(C)n2)c1NC(=O)c1cc(C(F)(F)F)nn1-c1ncccc1Cl.[Cu+2],2.7386975
TRZ01275,COc1ccccc1-c1cc(Nc2ccc(OC)c(-c3nnc(C)c(C)n3)c2)ncn1,Cu2+,COc1ccccc1-c1cc(Nc2ccc(OC)c(-c3nnc(C)c(C)n3)c2)ncn1.[Cu+2],2.7359767
TRZ05741,Cc1nnc(-c2ccnc(-c3ccc(OC(F)F)nc3)n2)nc1C,Cu2+,Cc1nnc(-c2ccnc(-c3ccc(OC(F)F)nc3)n2)nc1C.[Cu+2],2.7349753
TRZ00290,Cc1nnc(-c2cc3cc(OC(F)(F)F)ccc3[nH]2)nc1C,Cu2+,Cc1nnc(-c2cc3cc(OC(F)(F)F)ccc3[nH]2)nc1C.[Cu+2],2.7349577
TRZ00733,Cc1nnc(Cn2ccnn2)nc1C,Cu2+,Cc1nnc(Cn2ccnn2)nc1C.[Cu+2],2.7336817
TRZ00475,Cc1nnc(-c2cc(-c3ccccc3)sc2N)nc1C,Cu2+,Cc1nnc(-c2cc(-c3ccccc3)sc2N)nc1C.[Cu+2],2.727466
TRZ01660,CCn1cc(-c2nnc(C)c(C)n2)c(=O)c2ccc(Cl)cc21,Cu2+,CCn1cc(-c2nnc(C)c(C)n2)c(=O)c2ccc(Cl)cc21.[Cu+2],2.7269363
TRZ01783,Cc1nnc(-c2nc(NCc3ccc(O)cc3)cc(-c3ccccc3)n2)nc1C,Cu2+,Cc1nnc(-c2nc(NCc3ccc(O)cc3)cc(-c3ccccc3)n2)nc1C.[Cu+2],2.722827
TRZ02156,Cc1cc(-c2nnc(C)c(C)n2)n(Cc2cc(Cl)ccc2Cl)n1,Cu2+,Cc1cc(-c2nnc(C)c(C)n2)n(Cc2cc(Cl)ccc2Cl)n1.[Cu+2],2.721939
TRZ02434,CCCOc1ccc(-c2cn(Cc3nnc(C)c(C)n3)cn2)cc1,Cu2+,CCCOc1ccc(-c2cn(Cc3nnc(C)c(C)n3)cn2)cc1.[Cu+2],2.7211547
TRZ05765,Cc1nnc(-c2cnc(NCCc3ccc(C(F)(F)F)cc3)nc2)nc1C,Cu2+,Cc1nnc(-c2cnc(NCCc3ccc(C(F)(F)F)cc3)nc2)nc1C.[Cu+2],2.7208319
TRZ01242,Cc1nnc(CC(=O)Nc2ccccc2F)nc1C,Cu2+,Cc1nnc(CC(=O)Nc2ccccc2F)nc1C.[Cu+2],2.7194734
TRZ00792,Cc1nnc(-c2cc(F)cnc2N2CCOCC2)nc1C,Cu2+,Cc1nnc(-c2cc(F)cnc2N2CCOCC2)nc1C.[Cu+2],2.718451
TRZ00029,Cc1nnc(C(O)c2ccccc2)nc1C,Cu2+,Cc1nnc(C(O)c2ccccc2)nc1C.[Cu+2],2.7133117
TRZ02004,Cc1nnc(CN2c3ccccc3Sc3ccccc32)nc1C,Cu2+,Cc1nnc(CN2c3ccccc3Sc3ccccc32)nc1C.[Cu+2],2.7125406
TRZ02416,Cc1nnc(-c2cnn(C)c2-n2cccc2)nc1C,Cu2+,Cc1nnc(-c2cnn(C)c2-n2cccc2)nc1C.[Cu+2],2.7117515
TRZ02719,Cc1nnc(-c2cc3cc([N+](=O)[O-])ccc3[nH]2)nc1C,Cu2+,Cc1nnc(-c2cc3cc([N+](=O)[O-])ccc3[nH]2)nc1C.[Cu+2],2.7111888
TRZ05272,Cc1nnc(-c2cc(=S)cc(C(F)(F)F)[nH]2)nc1C,Cu2+,Cc1nnc(-c2cc(=S)cc(C(F)(F)F)[nH]2)nc1C.[Cu+2],2.7110562
TRZ02836,Cc1nnc(C2CCCN(Cc3ccccc3F)C2)nc1C,Cu2+,Cc1nnc(C2CCCN(Cc3ccccc3F)C2)nc1C.[Cu+2],2.710894
TRZ00657,Cc1nnc(-c2nc[nH]c2C(=O)Nc2ccc(Cl)cc2C(=O)c2ccccc2)nc1C,Cu2+,Cc1nnc(-c2nc[nH]c2C(=O)Nc2ccc(Cl)cc2C(=O)c2ccccc2)nc1C.[Cu+2],2.7081656
TRZ02089,Cc1nnc(C(=O)NCc2ccccc2F)nc1C,Cu2+,Cc1nnc(C(=O)NCc2ccccc2F)nc1C.[Cu+2],2.7071571
TRZ02980,Cc1nnc(-c2cccc(Oc3cccc(C(F)(F)F)c3)n2)nc1C,Cu2+,Cc1nnc(-c2cccc(Oc3cccc(C(F)(F)F)c3)n2)nc1C.[Cu+2],2.7066798
TRZ03149,Cc1nnc(-c2cn3ccnc3c(F)c2Nc2ccc(Br)cc2F)nc1C,Cu2+,Cc1nnc(-c2cn3ccnc3c(F)c2Nc2ccc(Br)cc2F)nc1C.[Cu+2],2.7054286
TRZ00053,Cc1nnc(-c2cccnc2Oc2ccccc2)nc1C,Cu2+,Cc1nnc(-c2cccnc2Oc2ccccc2)nc1C.[Cu+2],2.7026777
TRZ05690,Cc1nnc(-c2ccc(OC(F)(F)F)nc2)nc1C,Cu2+,Cc1nnc(-c2ccc(OC(F)(F)F)nc2)nc1C.[Cu+2],2.701538
TRZ03505,COC(=O)C1CCC(Oc2ccc(NC(=O)c3nnc(C)c(C)n3)c(F)n2)CC1,Cu2+,COC(=O)C1CCC(Oc2ccc(NC(=O)c3nnc(C)c(C)n3)c(F)n2)CC1.[Cu+2],2.6997705
TRZ02560,Cc1nnc(-c2ncn(-c3cccc(Cl)c3)c2-c2ccccc2)nc1C,Cu2+,Cc1nnc(-c2ncn(-c3cccc(Cl)c3)c2-c2ccccc2)nc1C.[Cu+2],2.6989174
TRZ01393,CC(=O)Nc1ccc(C(=O)N/C(=C\c2ccc(N(C)C)cc2)c2nnc(C)c(C)n2)cc1,Cu2+,CC(=O)Nc1ccc(C(=O)N/C(=C\c2ccc(N(C)C)cc2)c2nnc(C)c(C)n2)cc1.[Cu+2],2.697163
TRZ05212,Cc1nnc(-c2ncn3c2[C@@H]2CCN2C(=O)c2c-3ccc(F)c2F)nc1C,Cu2+,Cc1nnc(-c2ncn3c2[C@@H]2CCN2C(=O)c2c-3ccc(F)c2F)nc1C.[Cu+2],2.6948705
TRZ02117,Cc1nnc(-c2nc(N3CCC(C)(N)CC3)nc(N)c2-c2cccc(Cl)c2Cl)nc1C,Cu2+,Cc1nnc(-c2nc(N3CCC(C)(N)CC3)nc(N)c2-c2cccc(Cl)c2Cl)nc1C.[Cu+2],2.690939
TRZ05530,Cc1nnc(-c2c(Nc3ccc(C(F)(F)F)cc3)nn3c2CCC3)nc1C,Cu2+,Cc1nnc(-c2c(Nc3ccc(C(F)(F)F)cc3)nn3c2CCC3)nc1C.[Cu+2],2.6895347
TRZ02994,Cc1nnc(C2=Nc3cc(Cl)ccc3C(c3ccccc3F)=NC2)nc1C,Cu2+,Cc1nnc(C2=Nc3cc(Cl)ccc3C(c3ccccc3F)=NC2)nc1C.[Cu+2],2.687138
TRZ00045,COc1ccccc1-c1cc(-c2nnc(C)c(C)n2)[nH]n1,Cu2+,COc1ccccc1-c1cc(-c2nnc(C)c(C)n2)[nH]n1.[Cu+2],2.6860852
TRZ05935,COC(Cc1nnc(C)c(C)n1)=C1Nc2c(C)cc(F)cc2NC1(C)C,Cu2+,COC(Cc1nnc(C)c(C)n1)=C1Nc2c(C)cc(F)cc2NC1(C)C.[Cu+2],2.6854157
TRZ01093,Cc1nc2ccccc2cc1-c1nnc(C)c(C)n1,Cu2+,Cc1nc2ccccc2cc1-c1nnc(C)c(C)n1.[Cu+2],2.6843143
TRZ01041,Cc1nnc(-c2nc(-c3ccc(N)nc3)cc(-c3ccc(C(F)(F)F)nc3)n2)nc1C,Cu2+,Cc1nnc(-c2nc(-c3ccc(N)nc3)cc(-c3ccc(C(F)(F)F)nc3)n2)nc1C.[Cu+2],2.6805902
TRZ02051,Cc1nnc(CNC(=O)c2ccc(Cl)cc2Cl)nc1C,Cu2+,Cc1nnc(CNC(=O)c2ccc(Cl)cc2Cl)nc1C.[Cu+2],2.677569
TRZ00935,CCOC(=O)c1cc(-c2nnc(C)c(C)n2)c(C)nc1C,Cu2+,CCOC(=O)c1cc(-c2nnc(C)c(C)n2)c(C)nc1C.[Cu+2],2.6773095
TRZ01817,Cc1nnc(-c2ncn(-c3cccc(Cl)c3)c2-c2ccc(F)cc2)nc1C,Cu2+,Cc1nnc(-c2ncn(-c3cccc(Cl)c3)c2-c2ccc(F)cc2)nc1C.[Cu+2],2.6756659
TRZ05896,Cc1nnc(-c2cc(C(=O)c3cc(F)ccc3F)cnc2N)nc1C,Cu2+,Cc1nnc(-c2cc(C(=O)c3cc(F)ccc3F)cnc2N)nc1C.[Cu+2],2.6721978
TRZ03001,Cc1nnc(C2=Nc3ccc(C(F)(F)F)cc3C(c3ccccc3)=NC2)nc1C,Cu2+,Cc1nnc(C2=Nc3ccc(C(F)(F)F)cc3C(c3ccccc3)=NC2)nc1C.[Cu+2],2.6716223
TRZ05766,Cc1nnc(-c2cnc(NCc3ccc(C(F)(F)F)cc3)nc2)nc1C,Cu2+,Cc1nnc(-c2cnc(NCc3ccc(C(F)(F)F)cc3)nc2)nc1C.[Cu+2],2.6711135
TRZ02627,Cc1cc(SCc2nnc(C)c(C)n2)c2ccccc2n1,Cu2+,Cc1cc(SCc2nnc(C)c(C)n2)c2ccccc2n1.[Cu+2],2.6697335
TRZ01356,Cc1nnc(CSc2c3ccccc3nc3ccccc23)nc1C,Cu2+,Cc1nnc(CSc2c3ccccc3nc3ccccc23)nc1C.[Cu+2],2.668664
TRZ01742,CCCOc1ccc2cc(-c3nnc(C)c(C)n3)c(=O)oc2c1,Cu2+,CCCOc1ccc2cc(-c3nnc(C)c(C)n3)c(=O)oc2c1.[Cu+2],2.6685543
TRZ03868,Cc1nnc(C=Cn2cnc(-c3cc(C(F)(F)F)cc(S(C)(=O)=O)c3)n2)nc1C,Cu2+,Cc1nnc(C=Cn2cnc(-c3cc(C(F)(F)F)cc(S(C)(=O)=O)c3)n2)nc1C.[Cu+2],2.6674285
TRZ04248,Cc1ccc(Nc2c(-c3nnc(C)c(C)n3)c3c(c(=O)n2C)CCC3)c(F)c1,Cu2+,Cc1ccc(Nc2c(-c3nnc(C)c(C)n3)c3c(c(=O)n2C)CCC3)c(F)c1.[Cu+2],2.667408
TRZ02760,Cc1nnc(CNC(=O)OCC2c3ccccc3-c3ccccc32)nc1C,Cu2+,Cc1nnc(CNC(=O)OCC2c3ccccc3-c3ccccc32)nc1C.[Cu+2],2.6655369
TRZ02150,Cc1cc(-c2nnc(C)c(C)n2)n(Cc2ccc(F)cc2)n1,Cu2+,Cc1cc(-c2nnc(C)c(C)n2)n(Cc2ccc(F)cc2)n1.[Cu+2],2.6622834
TRZ04165,Cc1nnc(C(=O)Nc2ccc(N3CCC4(CC3)CC(F)(F)C4)nc2)nc1C,Cu2+,Cc1nnc(C(=O)Nc2ccc(N3CCC4(CC3)CC(F)(F)C4)nc2)nc1C.[Cu+2],2.6618142
TRZ02920,Cc1nnc([C@@H]2C[C@]3(NC(=O)NC3=O)c3cc(F)ccc3O2)nc1C,Cu2+,Cc1nnc([C@@H]2C[C@]3(NC(=O)NC3=O)c3cc(F)ccc3O2)nc1C.[Cu+2],2.6612182
TRZ00569,Cc1nnc(-c2nc(-c3ccc4cccnc4c3)cc(N3Cc4ccccc4C3)n2)nc1C,Cu2+,Cc1nnc(-c2nc(-c3ccc4cccnc4c3)cc(N3Cc4ccccc4C3)n2)nc1C.[Cu+2],2.6585178
TRZ01297,COc1ccc2nc(NC(=O)c3nnc(C)c(C)n3)sc2c1,Cu2+,COc1ccc2nc(NC(=O)c3nnc(C)c(C)n3)sc2c1.[Cu+2],2.65528
TRZ00152,Cc1nnc(-c2cc3ccccc3oc2=O)nc1C,Cu2+,Cc1nnc(-c2cc3ccccc3oc2=O)nc1C.[Cu+2],2.6544847
TRZ00610,Cc1nnc(COc2ccc(-c3nccc(-c4ccc(F)cc4)n3)cc2)nc1C,Cu2+,Cc1nnc(COc2ccc(-c3nccc(-c4ccc(F)cc4)n3)cc2)nc1C.[Cu+2],2.6533265
TRZ02369,Cc1nnc(-c2[nH]ncc2-c2ccc(Cl)cc2Cl)nc1C,Cu2+,Cc1nnc(-c2[nH]ncc2-c2ccc(Cl)cc2Cl)nc1C.[Cu+2],2.6508203
TRZ05361,CCNc1ccc(Oc2cccc(C(F)(F)F)c2)nc1-c1nnc(C)c(C)n1,Cu2+,CCNc1ccc(Oc2cccc(C(F)(F)F)c2)nc1-c1nnc(C)c(C)n1.[Cu+2],2.64886
TRZ04694,Cc1nnc(C(F)(F)C(C)(O)c2cc(Cl)nc(Cl)c2)nc1C,Cu2+,Cc1nnc(C(F)(F)C(C)(O)c2cc(Cl)nc(Cl)c2)nc1C.[Cu+2],2.646164
TRZ01057,Cc1nnc(-c2nc(-c3ccccc3)cc(N3CCc4cnccc4C3)n2)nc1C,Cu2+,Cc1nnc(-c2nc(-c3ccccc3)cc(N3CCc4cnccc4C3)n2)nc1C.[Cu+2],2.6461267
TRZ03400,Cc1nnc(-c2nn(Cc3ccc(F)cc3F)c3cc(N(C)C)ccc23)nc1C,Cu2+,Cc1nnc(-c2nn(Cc3ccc(F)cc3F)c3cc(N(C)C)ccc23)nc1C.[Cu+2],2.6455913
TRZ02589,Cc1nnc(Cn2ncc3ccccc32)nc1C,Cu2+,Cc1nnc(Cn2ncc3ccccc32)nc1C.[Cu+2],2.6436315
TRZ01158,Cc1nnc(C(=O)Nc2cccccc2=O)nc1C,Cu2+,Cc1nnc(C(=O)Nc2cccccc2=O)nc1C.[Cu+2],2.64076
TRZ04714,Cc1nnc(C(C)(C)c2ccc(C(F)(F)F)cn2)nc1C,Cu2+,Cc1nnc(C(C)(C)c2ccc(C(F)(F)F)cn2)nc1C.[Cu+2],2.6400952
TRZ00017,Cc1nnc(-c2cccnc2)nc1C,Cu2+,Cc1nnc(-c2cccnc2)nc1C.[Cu+2],2.637648
TRZ01126,Cc1nnc(-c2cc3c([nH]c4ccccc43)c(C)n2)nc1C,Cu2+,Cc1nnc(-c2cc3c([nH]c4ccccc43)c(C)n2)nc1C.[Cu+2],2.63552
TRZ00273,Cc1nnc(-c2ccccc2OCCOc2ccccc2)nc1C,Cu2+,Cc1nnc(-c2ccccc2OCCOc2ccccc2)nc1C.[Cu+2],2.6343288
TRZ01133,Cc1nnc(CN(C)c2nc3scc(-c4ccccc4)c3c(=O)n2-c2ccccc2)nc1C,Cu2+,Cc1nnc(CN(C)c2nc3scc(-c4ccccc4)c3c(=O)n2-c2ccccc2)nc1C.[Cu+2],2.6317797
TRZ01367,Cc1nnc(C(CC(O)c2ccc(Cl)cc2)CN2CCCCC2)nc1C,Cu2+,Cc1nnc(C(CC(O)c2ccc(Cl)cc2)CN2CCCCC2)nc1C.[Cu+2],2.6304493
TRZ02081,Cc1nnc(CNc2ccc(F)c(C(F)(F)F)c2)nc1C,Cu2+,Cc1nnc(CNc2ccc(F)c(C(F)(F)F)c2)nc1C.[Cu+2],2.6304026
TRZ01807,Cc1nnc(-c2nc(-c3ccccc3)cc(N3CCC(O)C3)n2)nc1C,Cu2+,Cc1nnc(-c2nc(-c3ccccc3)cc(N3CCC(O)C3)n2)nc1C.[Cu+2],2.6301107
TRZ00686,Cc1nnc(-c2ccc3ccc4ccc(-c5nnc(C)c(C)n5)nc4c3n2)nc1C,Cu2+,Cc1nnc(-c2ccc3ccc4ccc(-c5nnc(C)c(C)n5)nc4c3n2)nc1C.[Cu+2],2.62959
TRZ03621,Cc1nnc(CCN(Cc2cc3c(cc2F)OCCO3)C(=O)C(C)(C)C)nc1C,Cu2+,Cc1nnc(CCN(Cc2cc3c(cc2F)OCCO3)C(=O)C(C)(C)C)nc1C.[Cu+2],2.6284995
TRZ05315,Cc1nnc(Cc2ccc(C(F)F)cn2)nc1C,Cu2+,Cc1nnc(Cc2ccc(C(F)F)cn2)nc1C.[Cu+2],2.627192
TRZ01106,Cc1nnc(-c2ccccc2N=NN(C)C)nc1C,Cu2+,Cc1nnc(-c2ccccc2N=NN(C)C)nc1C.[Cu+2],2.6252074
TRZ01392,CC(=O)Nc1ccc(C(=O)N/C(=C\c2ccc3c(c2)OCO3)c2nnc(C)c(C)n2)cc1,Cu2+,CC(=O)Nc1ccc(C(=O)N/C(=C\c2ccc3c(c2)OCO3)c2nnc(C)c(C)n2)cc1.[Cu+2],2.6225653
TRZ00648,Cc1nnc(-c2cc3cc(Oc4ccccc4)ccc3n2C)nc1C,Cu2+,Cc1nnc(-c2cc3cc(Oc4ccccc4)ccc3n2C)nc1C.[Cu+2],2.6222591
TRZ00592,Cc1nnc(-c2ccncc2N)nc1C,Cu2+,Cc1nnc(-c2ccncc2N)nc1C.[Cu+2],2.6179614
TRZ03822,Cc1nnc(-c2[nH]c3c(F)cccc3c2-c2ccccc2)nc1C,Cu2+,Cc1nnc(-c2[nH]c3c(F)cccc3c2-c2ccccc2)nc1C.[Cu+2],2.6177292
TRZ01871,Cc1nnc(Cc2csc(-c3cccc(-n4cccc4)c3)n2)nc1C,Cu2+,Cc1nnc(Cc2csc(-c3cccc(-n4cccc4)c3)n2)nc1C.[Cu+2],2.6168222
TRZ04909,CC1=C(c2nnc(C)c(C)n2)C(c2ccc(F)cc2Cl)N=C(c2ncc(F)cc2F)N1,Cu2+,CC1=C(c2nnc(C)c(C)n2)C(c2ccc(F)cc2Cl)N=C(c2ncc(F)cc2F)N1.[Cu+2],2.6119986
TRZ01435,Cc1nnc(Cc2cccn2C)nc1C,Cu2+,Cc1nnc(Cc2cccn2C)nc1C.[Cu+2],2.6110806
TRZ01585,Cc1nnc(CNC(=O)c2ccc(C(F)(F)F)cc2)nc1C,Cu2+,Cc1nnc(CNC(=O)c2ccc(C(F)(F)F)cc2)nc1C.[Cu+2],2.6105585
TRZ05771,Cc1nnc(-c2nc(-c3ccc(C(F)(F)F)cc3)c3ccccn23)nc1C,Cu2+,Cc1nnc(-c2nc(-c3ccc(C(F)(F)F)cc3)c3ccccn23)nc1C.[Cu+2],2.607863
TRZ05823,Cc1nnc(C(=NOCF)c2nccs2)nc1C,Cu2+,Cc1nnc(C(=NOCF)c2nccs2)nc1C.[Cu+2],2.6076484
TRZ01753,Cc1nnc(Cc2nc(-c3ccccc3)cc(-c3ccccc3)n2)nc1C,Cu2+,Cc1nnc(Cc2nc(-c3ccccc3)cc(-c3ccccc3)n2)nc1C.[Cu+2],2.6072984
TRZ00717,CCOc1ccc(-c2cc(-c3nnc(C)c(C)n3)c(=O)[nH]n2)cc1C#N,Cu2+,CCOc1ccc(-c2cc(-c3nnc(C)c(C)n3)c(=O)[nH]n2)cc1C#N.[Cu+2],2.6036105
TRZ00879,Cc1nnc(C(NC(=O)OC(C)(C)C)c2ccccc2)nc1C,Cu2+,Cc1nnc(C(NC(=O)OC(C)(C)C)c2ccccc2)nc1C.[Cu+2],2.603438
TRZ04183,Cc1nnc([C@@H](NC(=O)c2cocn2)c2ccc(F)cc2F)nc1C,Cu2+,Cc1nnc([C@@H](NC(=O)c2cocn2)c2ccc(F)cc2F)nc1C.[Cu+2],2.603425
TRZ03266,Cc1nnc(-c2nc(Cc3ccccc3F)n3ccccc23)nc1C,Cu2+,Cc1nnc(-c2nc(Cc3ccccc3F)n3ccccc23)nc1C.[Cu+2],2.6026502
TRZ05737,COc1cc(OC(F)F)ncc1-c1cncc(-c2nnc(C)c(C)n2)n1,Cu2+,COc1cc(OC(F)F)ncc1-c1cncc(-c2nnc(C)c(C)n2)n1.[Cu+2],2.5955262
TRZ00267,CSc1ccc(/C=C(\NC(=O)c2ccccc2)c2nnc(C)c(C)n2)cc1,Cu2+,CSc1ccc(/C=C(\NC(=O)c2ccccc2)c2nnc(C)c(C)n2)cc1.[Cu+2],2.5946984
TRZ03757,Cc1nnc(-c2cc(C(=O)O)c(=O)n(-c3cccc(C(F)(F)F)c3)c2C)nc1C,Cu2+,Cc1nnc(-c2cc(C(=O)O)c(=O)n(-c3cccc(C(F)(F)F)c3)c2C)nc1C.[Cu+2],2.594513
TRZ03911,Cc1nnc(-c2c(-c3ccc(F)cc3)nn3cnccc23)nc1C,Cu2+,Cc1nnc(-c2c(-c3ccc(F)cc3)nn3cnccc23)nc1C.[Cu+2],2.593111
TRZ02737,Cc1nnc(-c2ccc(C(=O)O)cn2)nc1C,Cu2+,Cc1nnc(-c2ccc(C(=O)O)cn2)nc1C.[Cu+2],2.5915647
TRZ01244,COc1ccccc1NC(=O)Cc1nnc(C)c(C)n1,Cu2+,COc1ccccc1NC(=O)Cc1nnc(C)c(C)n1.[Cu+2],2.58884
TRZ02828,Cc1nnc(C(=O)C=C2NC3(CCCC3)Cc3ccccc32)nc1C,Cu2+,Cc1nnc(C(=O)C=C2NC3(CCCC3)Cc3ccccc32)nc1C.[Cu+2],2.5878363
TRZ00766,CCn1cc(-c2nnc(C)c(C)n2)c(=O)c2ccc(C)nc21,Cu2+,CCn1cc(-c2nnc(C)c(C)n2)c(=O)c2ccc(C)nc21.[Cu+2],2.581541
TRZ00959,Cc1nnc(CC(=O)Nc2ccc(Cl)c(Cl)c2)nc1C,Cu2+,Cc1nnc(CC(=O)Nc2ccc(Cl)c(Cl)c2)nc1C.[Cu+2],2.5788531
TRZ05892,Cc1nnc(-c2nnn(-c3ccc(F)cc3)c2-c2cccc(F)c2F)nc1C,Cu2+,Cc1nnc(-c2nnn(-c3ccc(F)cc3)c2-c2cccc(F)c2F)nc1C.[Cu+2],2.5786448
TRZ02194,Cc1nnc(C2CC(=O)N(c3ccc(F)cc3)C2)nc1C,Cu2+,Cc1nnc(C2CC(=O)N(c3ccc(F)cc3)C2)nc1C.[Cu+2],2.5777354
TRZ00615,Cc1ccccc1-n1nc(-c2cccnc2)cc1-c1nnc(C)c(C)n1,Cu2+,Cc1ccccc1-n1nc(-c2cccnc2)cc1-c1nnc(C)c(C)n1.[Cu+2],2.5759315
TRZ01240,Cc1nnc(-c2cc(=O)[nH][nH]2)nc1C,Cu2+,Cc1nnc(-c2cc(=O)[nH][nH]2)nc1C.[Cu+2],2.5758018
TRZ03843,Cc1nnc(-c2cc(N(C)C)cc(Oc3cccc(C(F)(F)F)c3)n2)nc1C,Cu2+,Cc1nnc(-c2cc(N(C)C)cc(Oc3cccc(C(F)(F)F)c3)n2)nc1C.[Cu+2],2.5719028
TRZ05460,Cc1nnc(CN2CCOc3c(Cl)cc(-n4ccc5cc(F)ccc54)cc3C2)nc1C,Cu2+,Cc1nnc(CN2CCOc3c(Cl)cc(-n4ccc5cc(F)ccc54)cc3C2)nc1C.[Cu+2],2.5713778
TRZ05926,Cc1nnc(-c2ncc(C(F)(F)F)cc2C2CNCCO2)nc1C,Cu2+,Cc1nnc(-c2ncc(C(F)(F)F)cc2C2CNCCO2)nc1C.[Cu+2],2.5689535
TRZ02531,CCOC(=O)c1cc(-c2ccc(Cl)cc2)n(Cc2nnc(C)c(C)n2)c1C,Cu2+,CCOC(=O)c1cc(-c2ccc(Cl)cc2)n(Cc2nnc(C)c(C)n2)c1C.[Cu+2],2.5688992
TRZ02532,Cc1nc(-c2ccc(Cl)cc2)ccc1-c1nnc(C)c(C)n1,Cu2+,Cc1nc(-c2ccc(Cl)cc2)ccc1-c1nnc(C)c(C)n1.[Cu+2],2.5666618
TRZ04292,CCC(C)(C)Nc1cc(C(F)(F)F)cnc1-c1nnc(C)c(C)n1,Cu2+,CCC(C)(C)Nc1cc(C(F)(F)F)cnc1-c1nnc(C)c(C)n1.[Cu+2],2.5664487
TRZ04181,Cc1nnc(C2CC(C)(S(=O)(=O)c3cccc(C(F)(F)F)c3)CCO2)nc1C,Cu2+,Cc1nnc(C2CC(C)(S(=O)(=O)c3cccc(C(F)(F)F)c3)CCO2)nc1C.[Cu+2],2.5660276
TRZ01939,Cc1nnc(Cn2cnc(-c3ccc([N+](=O)[O-])cc3)c2)nc1C,Cu2+,Cc1nnc(Cn2cnc(-c3ccc([N+](=O)[O-])cc3)c2)nc1C.[Cu+2],2.5660067
TRZ05288,Cc1nnc(C2CC(C)CN(c3ccc(C(F)(F)F)c4ncccc34)C2)nc1C,Cu2+,Cc1nnc(C2CC(C)CN(c3ccc(C(F)(F)F)c4ncccc34)C2)nc1C.[Cu+2],2.565383
TRZ05241,C=CC(=O)C1(Nc2ccc(C(F)(F)F)cc2)C=CC=CC1c1nnc(C)c(C)n1,Cu2+,C=CC(=O)C1(Nc2ccc(C(F)(F)F)cc2)C=CC=CC1c1nnc(C)c(C)n1.[Cu+2],2.5651293
TRZ04134,Cc1nnc(C(N)c2ccc(F)cc2F)nc1C,Cu2+,Cc1nnc(C(N)c2ccc(F)cc2F)nc1C.[Cu+2],2.5646067
TRZ04441,Cc1nnc(C(O)c2ccc(F)cc2)nc1C,Cu2+,Cc1nnc(C(O)c2ccc(F)cc2)nc1C.[Cu+2],2.5626369
TRZ03155,Cc1nnc(-c2ccc(N3CC(OCc4ccccc4C(F)(F)F)C3)nn2)nc1C,Cu2+,Cc1nnc(-c2ccc(N3CC(OCc4ccccc4C(F)(F)F)C3)nn2)nc1C.[Cu+2],2.5624084
TRZ04233,Cc1nnc(C(C)N=Cc2cc(F)cc(F)c2)nc1C,Cu2+,Cc1nnc(C(C)N=Cc2cc(F)cc(F)c2)nc1C.[Cu+2],2.557644
TRZ02266,Cc1nnc(CNc2cc(Cl)cc(Cl)c2)nc1C,Cu2+,Cc1nnc(CNc2cc(Cl)cc(Cl)c2)nc1C.[Cu+2],2.5567083
TRZ03694,Cc1nnc(-c2nn3ccnc3cc2Nc2ccc(Br)cc2F)nc1C,Cu2+,Cc1nnc(-c2nn3ccnc3cc2Nc2ccc(Br)cc2F)nc1C.[Cu+2],2.556611
TRZ01344,CCN1N=C(c2ccccc2)Cn2c1nc1c2c(=O)n(Cc2nnc(C)c(C)n2)c(=O)n1C,Cu2+,CCN1N=C(c2ccccc2)Cn2c1nc1c2c(=O)n(Cc2nnc(C)c(C)n2)c(=O)n1C.[Cu+2],2.5538836
TRZ05350,Cc1nnc(-c2cc3c(N)cccc3n2CC(F)(F)F)nc1C,Cu2+,Cc1nnc(-c2cc3c(N)cccc3n2CC(F)(F)F)nc1C.[Cu+2],2.552927
TRZ05553,Cc1nnc(/C(=C/n2cnc(-c3cc(C(F)(F)F)nc(C(F)(F)F)c3)n2)c2cncnc2)nc1C,Cu2+,Cc1nnc(/C(=C/n2cnc(-c3cc(C(F)(F)F)nc(C(F)(F)F)c3)n2)c2cncnc2)nc1C.[Cu+2],2.552524
TRZ02389,Cc1nnc(-c2csc(Cc3c(Cl)cccc3Cl)n2)nc1C,Cu2+,Cc1nnc(-c2csc(Cc3c(Cl)cccc3Cl)n2)nc1C.[Cu+2],2.5503597
TRZ00664,COc1ccc(N2CCSC2c2nnc(C)c(C)n2)cc1,Cu2+,COc1ccc(N2CCSC2c2nnc(C)c(C)n2)cc1.[Cu+2],2.5500546
TRZ04240,Cc1nnc(C(=O)Nc2ccc(N3CCCC(F)(F)CCC3)nc2)nc1C,Cu2+,Cc1nnc(C(=O)Nc2ccc(N3CCCC(F)(F)CCC3)nc2)nc1C.[Cu+2],2.548912
TRZ01683,CCCc1cc(=O)oc2c1c(OCCN1CCOCC1)cc1oc(-c3nnc(C)c(C)n3)cc12,Cu2+,CCCc1cc(=O)oc2c1c(OCCN1CCOCC1)cc1oc(-c3nnc(C)c(C)n3)cc12.[Cu+2],2.5484185
TRZ04068,Cc1nnc(C2ON=C(c3ccc(OC(F)(F)F)cc3)N2Cc2ccccc2)nc1C,Cu2+,Cc1nnc(C2ON=C(c3ccc(OC(F)(F)F)cc3)N2Cc2ccccc2)nc1C.[Cu+2],2.5482993
TRZ02151,Cc1nnc(-c2cnn(-c3ccccc3F)c2C)nc1C,Cu2+,Cc1nnc(-c2cnn(-c3ccccc3F)c2C)nc1C.[Cu+2],2.5472856
TRZ01844,Cc1nnc(-c2ncc[nH]2)nc1C,Cu2+,Cc1nnc(-c2ncc[nH]2)nc1C.[Cu+2],2.5459032
TRZ02454,Cc1nnc(-c2nc(C3CCCC3)[nH]c2C2CCCC2)nc1C,Cu2+,Cc1nnc(-c2nc(C3CCCC3)[nH]c2C2CCCC2)nc1C.[Cu+2],2.5458088
TRZ03497,COC(CCO)(c1ccc(F)cc1)c1nnc(C)c(C)n1,Cu2+,COC(CCO)(c1ccc(F)cc1)c1nnc(C)c(C)n1.[Cu+2],2.545395
TRZ04047,Cc1nnc(-c2cc(C)c3cc(NCC(F)F)cc(C(C)(C)C)c3n2)nc1C,Cu2+,Cc1nnc(-c2cc(C)c3cc(NCC(F)F)cc(C(C)(C)C)c3n2)nc1C.[Cu+2],2.544179
TRZ03853,CC(=O)N1C(=O)NC2(CC(c3nnc(C)c(C)n3)Oc3ccc(F)cc32)C1=O,Cu2+,CC(=O)N1C(=O)NC2(CC(c3nnc(C)c(C)n3)Oc3ccc(F)cc32)C1=O.[Cu+2],2.5418391
TRZ03187,CC(=O)NC[C@H]1CN(c2ccc(-c3ccc4nc(-c5nnc(C)c(C)n5)cn4c3)c(F)c2)C(=O)O1,Cu2+,CC(=O)NC[C@H]1CN(c2ccc(-c3ccc4nc(-c5nnc(C)c(C)n5)cn4c3)c(F)c2)C(=O)O1.[Cu+2],2.539157
TRZ05498,COc1ccc(-c2cncc(-c3nnc(C)c(C)n3)n2)c(OC(F)(F)F)c1,Cu2+,COc1ccc(-c2cncc(-c3nnc(C)c(C)n3)n2)c(OC(F)(F)F)c1.[Cu+2],2.5390282
TRZ05811,Cc1nnc(C2=CC=CS2=C(C(F)F)C(F)C(=O)c2cccs2)nc1C,Cu2+,Cc1nnc(C2=CC=CS2=C(C(F)F)C(F)C(=O)c2cccs2)nc1C.[Cu+2],2.538818
TRZ02301,Cc1cc(I)ccc1NCc1nnc(C)c(C)n1,Cu2+,Cc1cc(I)ccc1NCc1nnc(C)c(C)n1.[Cu+2],2.5381656
TRZ01590,Cc1ccc2oc(=O)n(Cc3nnc(C)c(C)n3)c2c1,Cu2+,Cc1ccc2oc(=O)n(Cc3nnc(C)c(C)n3)c2c1.[Cu+2],2.5373034
TRZ01786,Cc1nnc(-c2nccc(N3CCc4ccccc4C3)n2)nc1C,Cu2+,Cc1nnc(-c2nccc(N3CCc4ccccc4C3)n2)nc1C.[Cu+2],2.5371485
TRZ02506,Cc1ccccc1-c1nnc(SCc2nnc(C)c(C)n2)n1-c1ccccc1,Cu2+,Cc1ccccc1-c1nnc(SCc2nnc(C)c(C)n2)n1-c1ccccc1.[Cu+2],2.5348935
TRZ00939,Cc1nnc(C2CCCn3c2nc2sc4c(c2c3=O)CCCC4)nc1C,Cu2+,Cc1nnc(C2CCCn3c2nc2sc4c(c2c3=O)CCCC4)nc1C.[Cu+2],2.533464
TRZ02235,Cc1nnc(-c2ccc(Cl)cc2Oc2ccccc2F)nc1C,Cu2+,Cc1nnc(-c2ccc(Cl)cc2Oc2ccccc2F)nc1C.[Cu+2],2.5329213
TRZ01810,Cc1ccc(-c2nn(-c3ccccc3)cc2C(O)C(F)(F)c2nnc(C)c(C)n2)cc1,Cu2+,Cc1ccc(-c2nn(-c3ccccc3)cc2C(O)C(F)(F)c2nnc(C)c(C)n2)cc1.[Cu+2],2.5325918
TRZ04283,Cc1nnc(-c2ncc(C(F)(F)F)cc2N2CCOCC2)nc1C,Cu2+,Cc1nnc(-c2ncc(C(F)(F)F)cc2N2CCOCC2)nc1C.[Cu+2],2.5323834
TRZ02451,Cc1nnc(C2(C)NC(C)(C)Cc3ccccc32)nc1C,Cu2+,Cc1nnc(C2(C)NC(C)(C)Cc3ccccc32)nc1C.[Cu+2],2.5314603
TRZ02289,Cc1nnc(-c2ccccc2NC(=O)c2ccco2)nc1C,Cu2+,Cc1nnc(-c2ccccc2NC(=O)c2ccco2)nc1C.[Cu+2],2.5287104
TRZ00439,Cc1cncc(-c2nnc(C)c(C)n2)c1,Cu2+,Cc1cncc(-c2nnc(C)c(C)n2)c1.[Cu+2],2.5281553
TRZ03033,Cc1nnc(-c2ccc(N3CC(Oc4ccccc4C(F)(F)F)C3)nn2)nc1C,Cu2+,Cc1nnc(-c2ccc(N3CC(Oc4ccccc4C(F)(F)F)C3)nn2)nc1C.[Cu+2],2.5281448
TRZ04431,COC(=O)C1CN(CCc2nnc(C)c(C)n2)C[C@H]1c1ccc(F)cc1F,Cu2+,COC(=O)C1CN(CCc2nnc(C)c(C)n2)C[C@H]1c1ccc(F)cc1F.[Cu+2],2.52809
TRZ05764,Cc1nnc(-c2cnc(NCc3ccccc3C(F)(F)F)nc2)nc1C,Cu2+,Cc1nnc(-c2cnc(NCc3ccccc3C(F)(F)F)nc2)nc1C.[Cu+2],2.525682
TRZ04390,Cc1nnc(-c2ccc(NCc3cccc(OC(F)(F)F)c3)nc2)nc1C,Cu2+,Cc1nnc(-c2ccc(NCc3cccc(OC(F)(F)F)c3)nc2)nc1C.[Cu+2],2.5255656
TRZ05763,Cc1nnc(-c2cnc(NCc3cccc(C(F)(F)F)c3)nc2)nc1C,Cu2+,Cc1nnc(-c2cnc(NCc3cccc(C(F)(F)F)c3)nc2)nc1C.[Cu+2],2.522016
TRZ03299,Cc1nnc([C@@H](Cc2ccc(F)cc2)NC(=O)OC(C)(C)C)nc1C,Cu2+,Cc1nnc([C@@H](Cc2ccc(F)cc2)NC(=O)OC(C)(C)C)nc1C.[Cu+2],2.5208354
TRZ01638,Cc1ccccc1-n1c(C)nc2c(OCc3nnc(C)c(C)n3)cccc2c1=O,Cu2+,Cc1ccccc1-n1c(C)nc2c(OCc3nnc(C)c(C)n3)cccc2c1=O.[Cu+2],2.520369
TRZ00056,Cc1nnc(-c2c[nH]c3ccccc23)nc1C,Cu2+,Cc1nnc(-c2c[nH]c3ccccc23)nc1C.[Cu+2],2.51751
TRZ05785,Cc1nnc(-c2c(-c3ccc(F)cc3)[nH]c3c(F)cc(F)cc23)nc1C,Cu2+,Cc1nnc(-c2c(-c3ccc(F)cc3)[nH]c3c(F)cc(F)cc23)nc1C.[Cu+2],2.5125747
TRZ04988,Cc1nnc(C2(C)CCN(c3ccc(F)cc3)C2=O)nc1C,Cu2+,Cc1nnc(C2(C)CCN(c3ccc(F)cc3)C2=O)nc1C.[Cu+2],2.5119834
TRZ01994,Cc1nnc(Cn2nnc(N3CCOCC3)n2)nc1C,Cu2+,Cc1nnc(Cn2nnc(N3CCOCC3)n2)nc1C.[Cu+2],2.5109034
TRZ05732,Cc1nnc(-c2cncc(-c3ccc(OC(F)F)cc3)n2)nc1C,Cu2+,Cc1nnc(-c2cncc(-c3ccc(OC(F)F)cc3)n2)nc1C.[Cu+2],2.5092587
TRZ03735,Cc1nnc(-c2nn(Cc3ccc(Cl)cc3F)c3cc(N)ccc23)nc1C,Cu2+,Cc1nnc(-c2nn(Cc3ccc(Cl)cc3F)c3cc(N)ccc23)nc1C.[Cu+2],2.5062137
TRZ02641,Cc1nnc(Cc2csc3nc(-c4ccc(Cl)cc4)cn23)nc1C,Cu2+,Cc1nnc(Cc2csc3nc(-c4ccc(Cl)cc4)cn23)nc1C.[Cu+2],2.506021
TRZ02677,Cc1nnc(-c2cc3cccc([N+](=O)[O-])c3[nH]2)nc1C,Cu2+,Cc1nnc(-c2cc3cccc([N+](=O)[O-])c3[nH]2)nc1C.[Cu+2],2.5055656
TRZ01206,Cc1cc2ncn(Cc3nnc(C)c(C)n3)c2cc1C,Cu2+,Cc1cc2ncn(Cc3nnc(C)c(C)n3)c2cc1C.[Cu+2],2.5041466
TRZ04725,Cc1nnc([C@H](CNC(=O)OC(C)(C)C)Nc2cccc(OC(F)(F)F)c2)nc1C,Cu2+,Cc1nnc([C@H](CNC(=O)OC(C)(C)C)Nc2cccc(OC(F)(F)F)c2)nc1C.[Cu+2],2.5037918
TRZ02015,Cc1nnc(CN2C(=O)COc3ccccc32)nc1C,Cu2+,Cc1nnc(CN2C(=O)COc3ccccc32)nc1C.[Cu+2],2.5026412
TRZ01044,COc1ccc(/C(=C(\C#N)c2nnc(C)c(C)n2)n2c(=O)c(=O)[nH]c3ccccc32)cc1,Cu2+,COc1ccc(/C(=C(\C#N)c2nnc(C)c(C)n2)n2c(=O)c(=O)[nH]c3ccccc32)cc1.[Cu+2],2.5021758
TRZ05354,Cc1nnc(-c2cc3c(NC4CCN(C)CC4)cccc3n2CC(F)(F)F)nc1C,Cu2+,Cc1nnc(-c2cc3c(NC4CCN(C)CC4)cccc3n2CC(F)(F)F)nc1C.[Cu+2],2.5008202
TRZ05767,Cc1nnc(-c2cnc(NCc3cc(C(F)(F)F)cc(C(F)(F)F)c3)nc2)nc1C,Cu2+,Cc1nnc(-c2cnc(NCc3cc(C(F)(F)F)cc(C(F)(F)F)c3)nc2)nc1C.[Cu+2],2.4999347
TRZ05347,COCc1cc(OC(F)(F)F)ccc1-c1cnc(Cc2nnc(C)c(C)n2)cn1,Cu2+,COCc1cc(OC(F)(F)F)ccc1-c1cnc(Cc2nnc(C)c(C)n2)cn1.[Cu+2],2.497747
TRZ02452,Cc1nnc(-c2nc(C3CCCCC3)[nH]c2C2CCCCC2)nc1C,Cu2+,Cc1nnc(-c2nc(C3CCCCC3)[nH]c2C2CCCCC2)nc1C.[Cu+2],2.4963875
TRZ03126,Cc1nnc(-c2cccnc2NCc2ccc(F)cc2)nc1C,Cu2+,Cc1nnc(-c2cccnc2NCc2ccc(F)cc2)nc1C.[Cu+2],2.4953866
TRZ02306,CC(=O)Nc1ccc(-c2cn(Cc3nnc(C)c(C)n3)cn2)cc1,Cu2+,CC(=O)Nc1ccc(-c2cn(Cc3nnc(C)c(C)n3)cn2)cc1.[Cu+2],2.4920464
TRZ05927,Cc1nnc(-c2ncc(C(F)(F)F)cc2C2COCCN2)nc1C,Cu2+,Cc1nnc(-c2ncc(C(F)(F)F)cc2C2COCCN2)nc1C.[Cu+2],2.4913301
TRZ03035,Cc1nnc(C(c2ccc(F)cc2)N2CCc3sccc3C2)nc1C,Cu2+,Cc1nnc(C(c2ccc(F)cc2)N2CCc3sccc3C2)nc1C.[Cu+2],2.491294
TRZ04285,Cc1nnc(-c2ccc(F)nc2N2CCOCC2)nc1C,Cu2+,Cc1nnc(-c2ccc(F)nc2N2CCOCC2)nc1C.[Cu+2],2.4889188
TRZ05380,Cc1nnc(-c2cnc(N3CCC(F)(F)CC3)c(F)c2)nc1C,Cu2+,Cc1nnc(-c2cnc(N3CCC(F)(F)CC3)c(F)c2)nc1C.[Cu+2],2.4835963
TRZ03597,Cc1nnc(C(NC(=O)O)c2cccc(C(F)(F)F)c2)nc1C,Cu2+,Cc1nnc(C(NC(=O)O)c2cccc(C(F)(F)F)c2)nc1C.[Cu+2],2.4828997
TRZ01602,Cc1nnc(-c2nnn(Nc3ccc(Br)cc3)c2C)nc1C,Cu2+,Cc1nnc(-c2nnn(Nc3ccc(Br)cc3)c2C)nc1C.[Cu+2],2.4772081
TRZ01481,Cc1nnc(-c2cn[nH]c2C)nc1C,Cu2+,Cc1nnc(-c2cn[nH]c2C)nc1C.[Cu+2],2.4761453
TRZ02236,Cc1nnc(Cn2c(C(F)(F)F)nc3nc(-c4cccs4)cc(C(F)(F)F)c3c2=O)nc1C,Cu2+,Cc1nnc(Cn2c(C(F)(F)F)nc3nc(-c4cccs4)cc(C(F)(F)F)c3c2=O)nc1C.[Cu+2],2.4761343
TRZ02264,Cc1nnc(CNc2ccccc2Br)nc1C,Cu2+,Cc1nnc(CNc2ccccc2Br)nc1C.[Cu+2],2.4733157
TRZ01510,Cc1nnc(Cn2nc(Cc3ccccc3)n(N)c2=O)nc1C,Cu2+,Cc1nnc(Cn2nc(Cc3ccccc3)n(N)c2=O)nc1C.[Cu+2],2.4719234
TRZ01879,Cc1nnc(-c2cncn2-c2ccccc2)nc1C,Cu2+,Cc1nnc(-c2cncn2-c2ccccc2)nc1C.[Cu+2],2.4714365
TRZ01239,COc1ccc(NC(=O)Cc2nnc(C)c(C)n2)cc1,Cu2+,COc1ccc(NC(=O)Cc2nnc(C)c(C)n2)cc1.[Cu+2],2.47128
TRZ01577,Cc1nnc(CC(=O)Nc2ccccc2[N+](=O)[O-])nc1C,Cu2+,Cc1nnc(CC(=O)Nc2ccccc2[N+](=O)[O-])nc1C.[Cu+2],2.4698815
TRZ00098,Cc1nnc(-c2cncn2C)nc1C,Cu2+,Cc1nnc(-c2cncn2C)nc1C.[Cu+2],2.4672575
TRZ02288,Cc1nnc(Cn2c3ccccc3c3nc4ccccc4nc32)nc1C,Cu2+,Cc1nnc(Cn2c3ccccc3c3nc4ccccc4nc32)nc1C.[Cu+2],2.466301
TRZ02978,Cc1nnc(C[C@@H]2C[C@]3(NC(=O)NC3=O)c3cc(F)ccc3O2)nc1C,Cu2+,Cc1nnc(C[C@@H]2C[C@]3(NC(=O)NC3=O)c3cc(F)ccc3O2)nc1C.[Cu+2],2.4619288
TRZ02250,Cc1nnc(C2=CN(Cc3ccccc3)C=CC2)nc1C,Cu2+,Cc1nnc(C2=CN(Cc3ccccc3)C=CC2)nc1C.[Cu+2],2.4617186
TRZ04473,C=N/C(C)=C(F)\C=C(\c1nnc(C)c(C)n1)C(C)Nc1cncc(C2CC2)c1,Cu2+,C=N/C(C)=C(F)\C=C(\c1nnc(C)c(C)n1)C(C)Nc1cncc(C2CC2)c1.[Cu+2],2.460853
TRZ03000,Cc1nnc(C2=Nc3cccc([N+](=O)[O-])c3C(c3ccccc3F)=NC2)nc1C,Cu2+,Cc1nnc(C2=Nc3cccc([N+](=O)[O-])c3C(c3ccccc3F)=NC2)nc1C.[Cu+2],2.459403
TRZ01183,Cc1nnc(-c2cnc(NCc3ccccc3)nc2)nc1C,Cu2+,Cc1nnc(-c2cnc(NCc3ccccc3)nc2)nc1C.[Cu+2],2.4591126
TRZ00589,Cc1nnc(C2C(O)CCC3CN4CCc5c([nH]c6ccccc56)C4CC32)nc1C,Cu2+,Cc1nnc(C2C(O)CCC3CN4CCc5c([nH]c6ccccc56)C4CC32)nc1C.[Cu+2],2.4588537
TRZ04024,Cc1nnc(-c2ccccc2Nc2cc(F)c(F)c(C)c2F)nc1C,Cu2+,Cc1nnc(-c2ccccc2Nc2cc(F)c(F)c(C)c2F)nc1C.[Cu+2],2.4587917
TRZ01027,Cc1nnc(-c2nc(-c3ccccc3)cc(-c3ccc(N)nc3)n2)nc1C,Cu2+,Cc1nnc(-c2nc(-c3ccccc3)cc(-c3ccc(N)nc3)n2)nc1C.[Cu+2],2.45861
TRZ00844,Cc1nnc(-c2ncn[nH]2)nc1C,Cu2+,Cc1nnc(-c2ncn[nH]2)nc1C.[Cu+2],2.4584298
TRZ05124,Cc1nnc(-c2cccnc2-c2ccc(C(F)(F)F)cc2)nc1C,Cu2+,Cc1nnc(-c2cccnc2-c2ccc(C(F)(F)F)cc2)nc1C.[Cu+2],2.4583702
TRZ02751,Cc1nnc(C2Oc3ccccc3NC2=O)nc1C,Cu2+,Cc1nnc(C2Oc3ccccc3NC2=O)nc1C.[Cu+2],2.4582376
TRZ01031,Cc1nnc(-c2nc(-c3ccccc3)cc(N3CCC(c4ccccc4)C3)n2)nc1C,Cu2+,Cc1nnc(-c2nc(-c3ccccc3)cc(N3CCC(c4ccccc4)C3)n2)nc1C.[Cu+2],2.4581523
TRZ02590,Cc1nnc(-c2cc3ccccc3nc2N)nc1C,Cu2+,Cc1nnc(-c2cc3ccccc3nc2N)nc1C.[Cu+2],2.4570704
TRZ01221,CCn1cc(-c2nnc(C)c(C)n2)c(=O)c2cc(Br)ccc21,Cu2+,CCn1cc(-c2nnc(C)c(C)n2)c(=O)c2cc(Br)ccc21.[Cu+2],2.4558654
TRZ04182,CCC1(S(=O)(=O)c2cccc(C(F)(F)F)c2)CCOC(c2nnc(C)c(C)n2)C1,Cu2+,CCC1(S(=O)(=O)c2cccc(C(F)(F)F)c2)CCOC(c2nnc(C)c(C)n2)C1.[Cu+2],2.4555078
TRZ01982,Cc1nnc(COc2ccc(I)cc2)nc1C,Cu2+,Cc1nnc(COc2ccc(I)cc2)nc1C.[Cu+2],2.4546566
TRZ02817,Cc1nnc(-c2cccn2-c2ccc(F)cc2)nc1C,Cu2+,Cc1nnc(-c2cccn2-c2ccc(F)cc2)nc1C.[Cu+2],2.453323
TRZ02058,Cc1nnc(C(Cc2ccccc2)NC(=O)C(C)(C)NC(=O)OCc2ccccc2)nc1C,Cu2+,Cc1nnc(C(Cc2ccccc2)NC(=O)C(C)(C)NC(=O)OCc2ccccc2)nc1C.[Cu+2],2.4520807
TRZ04124,Cc1nnc(-c2cn3cc(C(C)(F)F)cc(Cl)c3n2)nc1C,Cu2+,Cc1nnc(-c2cn3cc(C(C)(F)F)cc(Cl)c3n2)nc1C.[Cu+2],2.4484997
TRZ02064,Cc1nnc(-c2ccccc2NC(=O)/C(=C/c2ccccc2)NC(=O)c2ccccc2)nc1C,Cu2+,Cc1nnc(-c2ccccc2NC(=O)/C(=C/c2ccccc2)NC(=O)c2ccccc2)nc1C.[Cu+2],2.4480853
TRZ00107,Cc1nnc(COc2ccc3c(C)c(C)c(=O)oc3c2)nc1C,Cu2+,Cc1nnc(COc2ccc3c(C)c(C)c(=O)oc3c2)nc1C.[Cu+2],2.4475307
TRZ03246,Cc1cc(F)ccc1-c1cnc(-c2nnc(C)c(C)n2)cn1,Cu2+,Cc1cc(F)ccc1-c1cnc(-c2nnc(C)c(C)n2)cn1.[Cu+2],2.4452252
TRZ01204,COc1ccccc1NCc1nnc(C)c(C)n1,Cu2+,COc1ccccc1NCc1nnc(C)c(C)n1.[Cu+2],2.4422088
TRZ03691,Cc1nnc(-c2ccc(N3CC[C@H](Oc4ccccc4C(F)(F)F)C3)nn2)nc1C,Cu2+,Cc1nnc(-c2ccc(N3CC[C@H](Oc4ccccc4C(F)(F)F)C3)nn2)nc1C.[Cu+2],2.4413223
TRZ01770,Cc1nnc(-c2nc(C(=O)N3CCc4ccccc4C3)cc(-c3ccccc3)n2)nc1C,Cu2+,Cc1nnc(-c2nc(C(=O)N3CCc4ccccc4C3)cc(-c3ccccc3)n2)nc1C.[Cu+2],2.4406924
TRZ04978,Cc1nnc(CN(CC(C)(F)F)c2ccc(C#N)c(C(F)(F)F)c2)nc1C,Cu2+,Cc1nnc(CN(CC(C)(F)F)c2ccc(C#N)c(C(F)(F)F)c2)nc1C.[Cu+2],2.4391322
TRZ04873,Cc1nnc(-c2cc3c(c(F)c2Nc2ccc(I)cc2F)OCC3)nc1C,Cu2+,Cc1nnc(-c2cc3c(c(F)c2Nc2ccc(I)cc2F)OCC3)nc1C.[Cu+2],2.437685
TRZ00990,COc1ccc(NC(=O)Cc2nnc(C)c(C)n2)c(OC)c1,Cu2+,COc1ccc(NC(=O)Cc2nnc(C)c(C)n2)c(OC)c1.[Cu+2],2.4322
TRZ05523,Cc1nnc(-c2nn(C)c3cccc(Nc4ccc(C(F)(F)F)cc4)c23)nc1C,Cu2+,Cc1nnc(-c2nn(C)c3cccc(Nc4ccc(C(F)(F)F)cc4)c23)nc1C.[Cu+2],2.431663
TRZ01601,Cc1nnc(-c2nnn(Nc3ccccc3)c2C)nc1C,Cu2+,Cc1nnc(-c2nnn(Nc3ccccc3)c2C)nc1C.[Cu+2],2.4310904
TRZ00828,COc1cccc(-n2c(Cc3nnc(C)c(C)n3)csc2=NCc2ccco2)c1,Cu2+,COc1cccc(-n2c(Cc3nnc(C)c(C)n3)csc2=NCc2ccco2)c1.[Cu+2],2.4279532
TRZ00114,Cc1ccc(NC(=O)c2[nH]cnc2-c2nnc(C)c(C)n2)cc1,Cu2+,Cc1ccc(NC(=O)c2[nH]cnc2-c2nnc(C)c(C)n2)cc1.[Cu+2],2.4275246
TRZ00661,Cc1nnc(-c2[nH]c3ccc(Cl)cc3c2-c2ccccc2)nc1C,Cu2+,Cc1nnc(-c2[nH]c3ccc(Cl)cc3c2-c2ccccc2)nc1C.[Cu+2],2.4273129
TRZ00283,Cc1nnc(CC2NCCN(Cc3ccccc3)C2=O)nc1C,Cu2+,Cc1nnc(CC2NCCN(Cc3ccccc3)C2=O)nc1C.[Cu+2],2.4270744
TRZ00067,Cc1nnc(-c2cn3ccccc3n2)nc1C,Cu2+,Cc1nnc(-c2cn3ccccc3n2)nc1C.[Cu+2],2.4266944
TRZ02325,Cc1nnc(COc2ccc(Oc3ccccc3)cc2)nc1C,Cu2+,Cc1nnc(COc2ccc(Oc3ccccc3)cc2)nc1C.[Cu+2],2.424707
TRZ02558,Cc1ccc(-c2c(-c3nnc(C)c(C)n3)ncn2-c2cccc(Cl)c2)cc1,Cu2+,Cc1ccc(-c2c(-c3nnc(C)c(C)n3)ncn2-c2cccc(Cl)c2)cc1.[Cu+2],2.4225817
TRZ05507,Cc1nnc(-c2ccnc(-c3ccc(OC(F)(F)F)cc3)n2)nc1C,Cu2+,Cc1nnc(-c2ccnc(-c3ccc(OC(F)(F)F)cc3)n2)nc1C.[Cu+2],2.4225435
TRZ03816,Cc1nnc(-c2cc(C(C)C(O)(Cn3cncn3)c3ccc(F)cc3F)ccn2)nc1C,Cu2+,Cc1nnc(-c2cc(C(C)C(O)(Cn3cncn3)c3ccc(F)cc3F)ccn2)nc1C.[Cu+2],2.4210544
TRZ02345,Cc1nnc(CNC(=O)c2cc(Cl)ccc2Cl)nc1C,Cu2+,Cc1nnc(CNC(=O)c2cc(Cl)ccc2Cl)nc1C.[Cu+2],2.4181428
TRZ02841,Cc1nnc(C2CCC(=O)N2S(=O)(=O)c2ccc(Cl)c(Cl)c2)nc1C,Cu2+,Cc1nnc(C2CCC(=O)N2S(=O)(=O)c2ccc(Cl)c(Cl)c2)nc1C.[Cu+2],2.4173188
TRZ04260,Cc1nnc(C2OCCN(c3ccc(C#N)cc3F)C2=N)nc1C,Cu2+,Cc1nnc(C2OCCN(c3ccc(C#N)cc3F)C2=N)nc1C.[Cu+2],2.4166188
TRZ05353,Cc1nnc(-c2cc3c(NC4CCN(C)CC4F)cccc3n2CC(F)(F)F)nc1C,Cu2+,Cc1nnc(-c2cc3c(NC4CCN(C)CC4F)cccc3n2CC(F)(F)F)nc1C.[Cu+2],2.4151897
TRZ03690,Cc1nnc(-c2ccc(N3CCC(Cc4ccccc4C(F)(F)F)CC3)nn2)nc1C,Cu2+,Cc1nnc(-c2ccc(N3CCC(Cc4ccccc4C(F)(F)F)CC3)nn2)nc1C.[Cu+2],2.414493
TRZ00160,Cc1nnc(CNC(=O)c2ccccc2)nc1C,Cu2+,Cc1nnc(CNC(=O)c2ccccc2)nc1C.[Cu+2],2.4144359
TRZ01358,Cc1nnc(CSc2c3ccccc3nc3cc([N+](=O)[O-])ccc23)nc1C,Cu2+,Cc1nnc(CSc2c3ccccc3nc3cc([N+](=O)[O-])ccc23)nc1C.[Cu+2],2.4112482
TRZ00775,Cc1nnc(-c2cn(Cc3ccccc3)c3ccccc23)nc1C,Cu2+,Cc1nnc(-c2cn(Cc3ccccc3)c3ccccc23)nc1C.[Cu+2],2.4096437
TRZ02556,Cc1cccc(-c2c(-c3nnc(C)c(C)n3)ncn2-c2cccc(Cl)c2)c1,Cu2+,Cc1cccc(-c2c(-c3nnc(C)c(C)n3)ncn2-c2cccc(Cl)c2)c1.[Cu+2],2.406702
TRZ02070,Cc1nnc(C2(C#N)C(C#N)C2c2ccc(F)cc2)nc1C,Cu2+,Cc1nnc(C2(C#N)C(C#N)C2c2ccc(F)cc2)nc1C.[Cu+2],2.4035769
TRZ01641,Cc1nnc(-c2c(N)cccc2F)nc1C,Cu2+,Cc1nnc(-c2c(N)cccc2F)nc1C.[Cu+2],2.4006968
TRZ04845,COC(=O)[C@@H]1CN(CCc2nnc(C)c(C)n2)C[C@H]1c1ccc(F)cc1F,Cu2+,COC(=O)[C@@H]1CN(CCc2nnc(C)c(C)n2)C[C@H]1c1ccc(F)cc1F.[Cu+2],2.3991861
TRZ05215,Cc1nnc(-c2cnc(Br)c(F)c2)nc1C,Cu2+,Cc1nnc(-c2cnc(Br)c(F)c2)nc1C.[Cu+2],2.3987489
TRZ04959,Cc1nnc(C2CCN(c3ccc(F)cc3)C2)nc1C,Cu2+,Cc1nnc(C2CCN(c3ccc(F)cc3)C2)nc1C.[Cu+2],2.393499
TRZ00896,COc1ccccc1NC(=O)N[C@@H](Cc1c[nH]c2ccccc12)c1nnc(C)c(C)n1,Cu2+,COc1ccccc1NC(=O)N[C@@H](Cc1c[nH]c2ccccc12)c1nnc(C)c(C)n1.[Cu+2],2.3905287
TRZ03058,Cc1nnc(-c2cn(C)cn2)nc1C,Cu2+,Cc1nnc(-c2cn(C)cn2)nc1C.[Cu+2],2.390246
TRZ05904,Cc1nnc(C2(c3ccc(OC(F)(F)F)cc3)C=CON2)nc1C,Cu2+,Cc1nnc(C2(c3ccc(OC(F)(F)F)cc3)C=CON2)nc1C.[Cu+2],2.3899937
TRZ02703,Cc1nnc(-c2c(C)[nH]c3ccccc23)nc1C,Cu2+,Cc1nnc(-c2c(C)[nH]c3ccccc23)nc1C.[Cu+2],2.3875322
TRZ03689,Cc1nnc(-c2ccc(N3CCC(Oc4ccccc4C(F)(F)F)CC3)nn2)nc1C,Cu2+,Cc1nnc(-c2ccc(N3CCC(Oc4ccccc4C(F)(F)F)CC3)nn2)nc1C.[Cu+2],2.3872595
TRZ03519,Cc1nnc(-c2cccn2CCF)nc1C,Cu2+,Cc1nnc(-c2cccn2CCF)nc1C.[Cu+2],2.3852673
TRZ02261,Cc1nnc(C(C#N)C2c3ccccc3Oc3ccccc32)nc1C,Cu2+,Cc1nnc(C(C#N)C2c3ccccc3Oc3ccccc32)nc1C.[Cu+2],2.3805661
TRZ01771,Cc1nnc(-c2nc(-c3ccccc3)cc(-c3cccnc3)n2)nc1C,Cu2+,Cc1nnc(-c2nc(-c3ccccc3)cc(-c3cccnc3)n2)nc1C.[Cu+2],2.3778524
TRZ01766,Cc1nnc(-c2nc(-c3ccccc3)cc(N3CCc4ccccc4CC3)n2)nc1C,Cu2+,Cc1nnc(-c2nc(-c3ccccc3)cc(N3CCc4ccccc4CC3)n2)nc1C.[Cu+2],2.3764277
TRZ02439,Cc1ccc(N2CC(c3nnc(C)c(C)n3)CC2=O)cc1,Cu2+,Cc1ccc(N2CC(c3nnc(C)c(C)n3)CC2=O)cc1.[Cu+2],2.3750472
TRZ03805,Cc1nnc(C(NC(=O)OC(C)(C)C)c2cccc(C(F)(F)F)c2)nc1C,Cu2+,Cc1nnc(C(NC(=O)OC(C)(C)C)c2cccc(C(F)(F)F)c2)nc1C.[Cu+2],2.3739586
TRZ03668,COc1ccc(Nc2cnccc2-c2nnc(C)c(C)n2)c(F)c1,Cu2+,COc1ccc(Nc2cnccc2-c2nnc(C)c(C)n2)c(F)c1.[Cu+2],2.3718014
TRZ05235,Cc1nnc(-c2ncc(CF)cc2-c2cnc(C3CC3)nc2)nc1C,Cu2+,Cc1nnc(-c2ncc(CF)cc2-c2cnc(C3CC3)nc2)nc1C.[Cu+2],2.3686004
TRZ03866,Cc1nnc(C=Cn2cnc(-c3cc(Cl)cc(OC(F)(F)F)c3)n2)nc1C,Cu2+,Cc1nnc(C=Cn2cnc(-c3cc(Cl)cc(OC(F)(F)F)c3)n2)nc1C.[Cu+2],2.366919
TRZ02136,Cc1nnc(-c2nc(-c3ccccc3)n(-c3ccccc3)n2)nc1C,Cu2+,Cc1nnc(-c2nc(-c3ccccc3)n(-c3ccccc3)n2)nc1C.[Cu+2],2.3665104
TRZ02557,COc1ccc(-c2c(-c3nnc(C)c(C)n3)ncn2-c2cccc(Cl)c2)cc1,Cu2+,COc1ccc(-c2c(-c3nnc(C)c(C)n3)ncn2-c2cccc(Cl)c2)cc1.[Cu+2],2.3659534
TRZ03503,COC(=O)C1CCC(Oc2ncc(NC(=O)c3nnc(C)c(C)n3)cc2F)CC1,Cu2+,COC(=O)C1CCC(Oc2ncc(NC(=O)c3nnc(C)c(C)n3)cc2F)CC1.[Cu+2],2.3654914
TRZ01137,Cc1nnc(-c2ccc(NCc3ccc(F)cc3)cn2)nc1C,Cu2+,Cc1nnc(-c2ccc(NCc3ccc(F)cc3)cn2)nc1C.[Cu+2],2.364222
TRZ00486,Cc1nnc(-c2cc(-c3ccc(OCC(C)C)cc3)n[nH]2)nc1C,Cu2+,Cc1nnc(-c2cc(-c3ccc(OCC(C)C)cc3)n[nH]2)nc1C.[Cu+2],2.360458
TRZ02101,Cc1nnc(C(=O)NCc2ccc(Cl)cc2F)nc1C,Cu2+,Cc1nnc(C(=O)NCc2ccc(Cl)cc2F)nc1C.[Cu+2],2.360352
TRZ01961,Cc1nnc(C(CC(C)C)NC(=O)OCc2ccccc2)nc1C,Cu2+,Cc1nnc(C(CC(C)C)NC(=O)OCc2ccccc2)nc1C.[Cu+2],2.3601165
TRZ00263,CCOC(=O)c1c2ccc(OCc3nnc(C)c(C)n3)cc2n2ccccc12,Cu2+,CCOC(=O)c1c2ccc(OCc3nnc(C)c(C)n3)cc2n2ccccc12.[Cu+2],2.3557363
TRZ00159,Cc1nnc(CNC(=O)OCc2ccccc2)nc1C,Cu2+,Cc1nnc(CNC(=O)OCc2ccccc2)nc1C.[Cu+2],2.3554878
TRZ03168,Cc1nnc(C[C@@H](Cc2cc(F)ccc2F)NC(=O)OC(C)(C)C)nc1C,Cu2+,Cc1nnc(C[C@@H](Cc2cc(F)ccc2F)NC(=O)OC(C)(C)C)nc1C.[Cu+2],2.354443
TRZ00580,Cc1nnc(-c2nc(-c3ccc4[nH]ccc4c3)cc(N3Cc4ccccc4C3)n2)nc1C,Cu2+,Cc1nnc(-c2nc(-c3ccc4[nH]ccc4c3)cc(N3Cc4ccccc4C3)n2)nc1C.[Cu+2],2.353644
TRZ01193,Cc1nnc(C(=O)/C=C2\NC3(CCCC3)Cc3ccccc32)nc1C,Cu2+,Cc1nnc(C(=O)/C=C2\NC3(CCCC3)Cc3ccccc32)nc1C.[Cu+2],2.3531523
TRZ03475,Cc1cc(Br)ccc1Nc1c(-c2nnc(C)c(C)n2)cc2[nH]cnc2c1F,Cu2+,Cc1cc(Br)ccc1Nc1c(-c2nnc(C)c(C)n2)cc2[nH]cnc2c1F.[Cu+2],2.3524208
TRZ00275,Cc1cc(Br)c(OCc2nnc(C)c(C)n2)c2c1CCC2,Cu2+,Cc1cc(Br)c(OCc2nnc(C)c(C)n2)c2c1CCC2.[Cu+2],2.3492823
TRZ03423,Cc1nnc(-c2nn(Cc3ccc(Cl)cc3F)c3cc(CO)ccc23)nc1C,Cu2+,Cc1nnc(-c2nn(Cc3ccc(Cl)cc3F)c3cc(CO)ccc23)nc1C.[Cu+2],2.3485398
TRZ02813,Cc1nnc(-c2cc(C)n(-c3ccc(F)cc3)c2C)nc1C,Cu2+,Cc1nnc(-c2cc(C)n(-c3ccc(F)cc3)c2C)nc1C.[Cu+2],2.3455343
TRZ02422,Cc1nnc(CSCCS(=O)(=O)c2ccccc2)nc1C,Cu2+,Cc1nnc(CSCCS(=O)(=O)c2ccccc2)nc1C.[Cu+2],2.3453846
TRZ03622,Cc1nnc(-c2cccc(-c3ccc(F)cc3)n2)nc1C,Cu2+,Cc1nnc(-c2cccc(-c3ccc(F)cc3)n2)nc1C.[Cu+2],2.3417783
TRZ03851,Cc1nnc(-c2ccc(C3=CC=C(F)CC3C)nn2)nc1C,Cu2+,Cc1nnc(-c2ccc(C3=CC=C(F)CC3C)nn2)nc1C.[Cu+2],2.3410912
TRZ00219,Cc1nnc(-c2cn(C)c3ccccc23)nc1C,Cu2+,Cc1nnc(-c2cn(C)c3ccccc23)nc1C.[Cu+2],2.340971
TRZ03526,Cc1nnc(C(F)Nc2ccccc2)nc1C,Cu2+,Cc1nnc(C(F)Nc2ccccc2)nc1C.[Cu+2],2.336883
TRZ02210,Cc1nnc(C2CC(=O)N(c3cccc(C(F)(F)F)c3)C2)nc1C,Cu2+,Cc1nnc(C2CC(=O)N(c3cccc(C(F)(F)F)c3)C2)nc1C.[Cu+2],2.3340302
TRZ00401,CC(=O)NC(Cc1ccc(O)cc1)c1nnc(C)c(C)n1,Cu2+,CC(=O)NC(Cc1ccc(O)cc1)c1nnc(C)c(C)n1.[Cu+2],2.3291335
TRZ01049,Cc1nnc(-c2nc(-c3ccc(C(F)(F)F)nc3)cc(-c3cc[nH]c3)n2)nc1C,Cu2+,Cc1nnc(-c2nc(-c3ccc(C(F)(F)F)nc3)cc(-c3cc[nH]c3)n2)nc1C.[Cu+2],2.3259335
TRZ02546,Cc1nnc(Cn2cncc2-c2ccc(OCO)c(OCO)c2)nc1C,Cu2+,Cc1nnc(Cn2cncc2-c2ccc(OCO)c(OCO)c2)nc1C.[Cu+2],2.3256168
TRZ02639,Cc1nnc([C@H](Cc2c[nH]c3ccccc23)NC(=O)OC(C)(C)C)nc1C,Cu2+,Cc1nnc([C@H](Cc2c[nH]c3ccccc23)NC(=O)OC(C)(C)C)nc1C.[Cu+2],2.3244238
TRZ04958,Cc1nnc(C2CCN(c3cccc(F)c3)C2)nc1C,Cu2+,Cc1nnc(C2CCN(c3cccc(F)c3)C2)nc1C.[Cu+2],2.3195848
TRZ01887,Cc1nnc(Cc2nc3cccn(C)c-3n2)nc1C,Cu2+,Cc1nnc(Cc2nc3cccn(C)c-3n2)nc1C.[Cu+2],2.3193064
TRZ00457,Cc1nnc(CNC(=O)c2ccc(Br)cc2)nc1C,Cu2+,Cc1nnc(CNC(=O)c2ccc(Br)cc2)nc1C.[Cu+2],2.3188586
TRZ01431,Cc1ccc(-c2nnc(SCc3nnc(C)c(C)n3)n2-c2ccccc2)cc1,Cu2+,Cc1ccc(-c2nnc(SCc3nnc(C)c(C)n3)n2-c2ccccc2)cc1.[Cu+2],2.3175135
TRZ01666,Cc1nnc(-c2cn(Cc3ccc(C#N)cc3)c3c(C(F)(F)F)cccc3c2=O)nc1C,Cu2+,Cc1nnc(-c2cn(Cc3ccc(C#N)cc3)c3c(C(F)(F)F)cccc3c2=O)nc1C.[Cu+2],2.3174658
TRZ00987,Cc1nnc(Cc2nc3sc4c(c3c(=O)[nH]2)CCCC4)nc1C,Cu2+,Cc1nnc(Cc2nc3sc4c(c3c(=O)[nH]2)CCCC4)nc1C.[Cu+2],2.314929
TRZ00071,Cc1nnc(CSc2nnc(-c3ccccc3)n2-c2ccccc2)nc1C,Cu2+,Cc1nnc(CSc2nnc(-c3ccccc3)n2-c2ccccc2)nc1C.[Cu+2],2.3138194
TRZ00964,Cc1nnc(-c2nnn(Nc3ccc(F)cc3)c2C)nc1C,Cu2+,Cc1nnc(-c2nnn(Nc3ccc(F)cc3)c2C)nc1C.[Cu+2],2.3115244
TRZ05503,COc1ccc(-c2cncc(-c3nnc(C)c(C)n3)n2)c(C(F)(F)F)c1,Cu2+,COc1ccc(-c2cncc(-c3nnc(C)c(C)n3)n2)c(C(F)(F)F)c1.[Cu+2],2.3093157
TRZ00050,Cc1nnc(-c2ccc3ccccc3n2)nc1C,Cu2+,Cc1nnc(-c2ccc3ccccc3n2)nc1C.[Cu+2],2.3070078
TRZ02044,COc1ccc(Cl)cc1Nc1nc(C(F)(F)F)ccc1-c1nnc(C)c(C)n1,Cu2+,COc1ccc(Cl)cc1Nc1nc(C(F)(F)F)ccc1-c1nnc(C)c(C)n1.[Cu+2],2.3068194
TRZ03991,Cc1nnc([C@]23CCC(c4ncccc4F)C[C@@H]2NC3=S)nc1C,Cu2+,Cc1nnc([C@]23CCC(c4ncccc4F)C[C@@H]2NC3=S)nc1C.[Cu+2],2.3065095
TRZ02209,Cc1nnc(C2CC(=O)N(c3cccc(F)c3)C2)nc1C,Cu2+,Cc1nnc(C2CC(=O)N(c3cccc(F)c3)C2)nc1C.[Cu+2],2.3047757
TRZ02336,Cc1nnc(C(=O)Nc2nc(-c3ccc(Cl)cc3)cs2)nc1C,Cu2+,Cc1nnc(C(=O)Nc2nc(-c3ccc(Cl)cc3)cs2)nc1C.[Cu+2],2.3023353
TRZ01048,Cc1nnc(-c2nc(-c3ccccc3)cc(N3CCc4ccncc4C3)n2)nc1C,Cu2+,Cc1nnc(-c2nc(-c3ccccc3)cc(N3CCc4ccncc4C3)n2)nc1C.[Cu+2],2.3022027
TRZ04699,Cc1nnc(C(F)(F)C(C)(O)c2cccc(NC(=O)O)c2)nc1C,Cu2+,Cc1nnc(C(F)(F)C(C)(O)c2cccc(NC(=O)O)c2)nc1C.[Cu+2],2.2992349
TRZ01652,Cc1nnc(CCn2nc3sc4ccccc4n3c2=S)nc1C,Cu2+,Cc1nnc(CCn2nc3sc4ccccc4n3c2=S)nc1C.[Cu+2],2.2973218
TRZ04908,CC1=C(c2nnc(C)c(C)n2)C(c2ccc(F)cc2Cl)N=C(c2ncccc2F)N1,Cu2+,CC1=C(c2nnc(C)c(C)n2)C(c2ccc(F)cc2Cl)N=C(c2ncccc2F)N1.[Cu+2],2.2957487
TRZ00971,COc1ccccc1OCC(O)Cn1nc(-c2ccccc2)cc1-c1nnc(C)c(C)n1,Cu2+,COc1ccccc1OCC(O)Cn1nc(-c2ccccc2)cc1-c1nnc(C)c(C)n1.[Cu+2],2.2954912
TRZ01487,Cc1nnc(-c2cnc3ccc(F)cc3c2N)nc1C,Cu2+,Cc1nnc(-c2cnc3ccc(F)cc3c2N)nc1C.[Cu+2],2.2950377
TRZ03055,Cc1nnc(-c2nc(Cc3c(-c4ccc(Cl)cc4)nc4ccc(F)cn34)no2)nc1C,Cu2+,Cc1nnc(-c2nc(Cc3c(-c4ccc(Cl)cc4)nc4ccc(F)cn34)no2)nc1C.[Cu+2],2.2948775
TRZ02230,Cc1nnc(Cn2cc(C(=O)O)c(=O)c3cc(F)c(Cl)cc32)nc1C,Cu2+,Cc1nnc(Cn2cc(C(=O)O)c(=O)c3cc(F)c(Cl)cc32)nc1C.[Cu+2],2.2923112
TRZ03007,Cc1nnc(C2=Nc3ccc(Cl)c(-c4c(F)cccc4F)c3C=NC2)nc1C,Cu2+,Cc1nnc(C2=Nc3ccc(Cl)c(-c4c(F)cccc4F)c3C=NC2)nc1C.[Cu+2],2.2911167
TRZ01222,Cc1nnc(/C(=C/c2ccccc2)NC(=O)c2ccccc2)nc1C,Cu2+,Cc1nnc(/C(=C/c2ccccc2)NC(=O)c2ccccc2)nc1C.[Cu+2],2.2877164
TRZ01808,Cc1nnc(-c2sc3c(c2N)c(=O)oc2ccccc23)nc1C,Cu2+,Cc1nnc(-c2sc3c(c2N)c(=O)oc2ccccc23)nc1C.[Cu+2],2.2867475
TRZ03731,Cc1nnc(-c2nn(Cc3ccc(F)cc3F)c3cc(N)ccc23)nc1C,Cu2+,Cc1nnc(-c2nn(Cc3ccc(F)cc3F)c3cc(N)ccc23)nc1C.[Cu+2],2.2865987
TRZ00132,Cc1nnc(-c2[nH]c3ccc(Cl)cc3c2S(=O)(=O)c2ccccc2)nc1C,Cu2+,Cc1nnc(-c2[nH]c3ccc(Cl)cc3c2S(=O)(=O)c2ccccc2)nc1C.[Cu+2],2.2865596
TRZ00036,Cc1nnc(Cn2cnc3ccccc32)nc1C,Cu2+,Cc1nnc(Cn2cnc3ccccc32)nc1C.[Cu+2],2.2865396
TRZ05496,Cc1nnc(-c2cncc(-c3cccc(F)c3)n2)nc1C,Cu2+,Cc1nnc(-c2cncc(-c3cccc(F)c3)n2)nc1C.[Cu+2],2.2860231
TRZ05653,Cc1nnc(-c2cc3c4nc(C(F)(F)F)ccc4ccn3n2)nc1C,Cu2+,Cc1nnc(-c2cc3c4nc(C(F)(F)F)ccc4ccn3n2)nc1C.[Cu+2],2.2848048
TRZ04287,COCC(C)(C)Nc1cc(C(F)(F)F)cnc1-c1nnc(C)c(C)n1,Cu2+,COCC(C)(C)Nc1cc(C(F)(F)F)cnc1-c1nnc(C)c(C)n1.[Cu+2],2.2847466
TRZ01767,Cc1nnc(-c2nc(NCc3ccccc3)cc(N3CCc4ccccc4C3)n2)nc1C,Cu2+,Cc1nnc(-c2nc(NCc3ccccc3)cc(N3CCc4ccccc4C3)n2)nc1C.[Cu+2],2.2847366
TRZ00665,Cc1nnc(-c2[nH]nc(-c3ccccc3)c2C)nc1C,Cu2+,Cc1nnc(-c2[nH]nc(-c3ccccc3)c2C)nc1C.[Cu+2],2.2839942
TRZ02359,Cc1nnc(-c2cc(C)n(-c3ccccc3)c2C)nc1C,Cu2+,Cc1nnc(-c2cc(C)n(-c3ccccc3)c2C)nc1C.[Cu+2],2.283639
TRZ03472,Cc1nnc(-c2nn(Cc3ccc(Cl)cc3F)c3cccnc23)nc1C,Cu2+,Cc1nnc(-c2nn(Cc3ccc(Cl)cc3F)c3cccnc23)nc1C.[Cu+2],2.2828999
TRZ01402,Cc1nnc(CC2Oc3ccccc3NC2=O)nc1C,Cu2+,Cc1nnc(CC2Oc3ccccc3NC2=O)nc1C.[Cu+2],2.2815218
TRZ01960,Cc1ccncc1-c1nnc(C)c(C)n1,Cu2+,Cc1ccncc1-c1nnc(C)c(C)n1.[Cu+2],2.281394
TRZ01067,Cc1nnc(-c2nc(-c3ccc(C4CC4)nc3)cc(-c3ccc(C(F)(F)F)nc3)n2)nc1C,Cu2+,Cc1nnc(-c2nc(-c3ccc(C4CC4)nc3)cc(-c3ccc(C(F)(F)F)nc3)n2)nc1C.[Cu+2],2.2803864
TRZ04160,Cc1nnc(COc2ccc(CC=NOCc3ccc(C(F)(F)F)cc3)cc2)nc1C,Cu2+,Cc1nnc(COc2ccc(CC=NOCc3ccc(C(F)(F)F)cc3)cc2)nc1C.[Cu+2],2.279213
TRZ04078,Cc1nnc(C2=NC(C)(c3ccc(OC(F)(F)F)cc3)NO2)nc1C,Cu2+,Cc1nnc(C2=NC(C)(c3ccc(OC(F)(F)F)cc3)NO2)nc1C.[Cu+2],2.273336
TRZ02653,Cc1nnc(Cc2nc3ccccc3s2)nc1C,Cu2+,Cc1nnc(Cc2nc3ccccc3s2)nc1C.[Cu+2],2.2730303
TRZ04281,Cc1nnc(-c2cccc(F)c2N2CCOCC2)nc1C,Cu2+,Cc1nnc(-c2cccc(F)c2N2CCOCC2)nc1C.[Cu+2],2.2715201
TRZ02996,Cc1nnc(C2=Nc3ccc(F)cc3C(c3ccccc3)=NC2)nc1C,Cu2+,Cc1nnc(C2=Nc3ccc(F)cc3C(c3ccccc3)=NC2)nc1C.[Cu+2],2.2712522
TRZ03103,Cc1nnc(-c2ccc(F)cc2N)nc1C,Cu2+,Cc1nnc(-c2ccc(F)cc2N)nc1C.[Cu+2],2.2636452
TRZ01148,Cc1nnc(-c2cc(-c3ccccc3)nn2Cc2ccccc2)nc1C,Cu2+,Cc1nnc(-c2cc(-c3ccccc3)nn2Cc2ccccc2)nc1C.[Cu+2],2.2614908
TRZ01565,COc1cc(/C=C(/NC(=O)c2ccc(Cl)cc2)c2nnc(C)c(C)n2)cc(OC)c1OC,Cu2+,COc1cc(/C=C(/NC(=O)c2ccc(Cl)cc2)c2nnc(C)c(C)n2)cc(OC)c1OC.[Cu+2],2.2600708
TRZ00761,Cc1nnc(CNc2ccc(Cl)cc2)nc1C,Cu2+,Cc1nnc(CNc2ccc(Cl)cc2)nc1C.[Cu+2],2.2597733
TRZ02341,Cc1cccc(C(=O)NCc2nnc(C)c(C)n2)c1,Cu2+,Cc1cccc(C(=O)NCc2nnc(C)c(C)n2)c1.[Cu+2],2.2583838
TRZ00586,Cc1nnc(C2=NOC(CNc3ncc(C(F)(F)F)cc3Cl)C2)nc1C,Cu2+,Cc1nnc(C2=NOC(CNc3ncc(C(F)(F)F)cc3Cl)C2)nc1C.[Cu+2],2.2577581
TRZ01472,Cc1nnc(C(=O)NCc2ccc(Cl)cc2)nc1C,Cu2+,Cc1nnc(C(=O)NCc2ccc(Cl)cc2)nc1C.[Cu+2],2.2569108
TRZ02297,Cc1nnc(-c2nsnc2-c2ccccc2O)nc1C,Cu2+,Cc1nnc(-c2nsnc2-c2ccccc2O)nc1C.[Cu+2],2.2552137
TRZ00645,Cc1nnc(C(Cc2c[nH]c3ccccc23)NC(=O)c2ccccc2)nc1C,Cu2+,Cc1nnc(C(Cc2c[nH]c3ccccc23)NC(=O)c2ccccc2)nc1C.[Cu+2],2.254888
TRZ00655,Cc1nnc(-c2nc[nH]c2C(=O)Nc2ccccc2)nc1C,Cu2+,Cc1nnc(-c2nc[nH]c2C(=O)Nc2ccccc2)nc1C.[Cu+2],2.2542095
TRZ03298,Cc1nnc([C@@H](Cc2ccc(F)cn2)NC(=O)OC(C)(C)C)nc1C,Cu2+,Cc1nnc([C@@H](Cc2ccc(F)cn2)NC(=O)OC(C)(C)C)nc1C.[Cu+2],2.2535167
TRZ02631,Cc1nnc(Cc2ccn[nH]2)nc1C,Cu2+,Cc1nnc(Cc2ccn[nH]2)nc1C.[Cu+2],2.2522879
TRZ03524,Cc1nnc(CNc2ccc(F)c(Br)c2)nc1C,Cu2+,Cc1nnc(CNc2ccc(F)c(Br)c2)nc1C.[Cu+2],2.2521286
TRZ01759,C#CCOCCOc1ccc(-c2cc(-c3ccccc3)nc(-c3nnc(C)c(C)n3)n2)cc1,Cu2+,C#CCOCCOc1ccc(-c2cc(-c3ccccc3)nc(-c3nnc(C)c(C)n3)n2)cc1.[Cu+2],2.2512207
TRZ01427,Cc1nnc([C@H](Cc2ccc(O)cc2)NC(=O)c2ccccc2)nc1C,Cu2+,Cc1nnc([C@H](Cc2ccc(O)cc2)NC(=O)c2ccccc2)nc1C.[Cu+2],2.2511597
TRZ02033,COc1ccc2[nH]c(-c3nnc(C)c(C)n3)cc2c1,Cu2+,COc1ccc2[nH]c(-c3nnc(C)c(C)n3)cc2c1.[Cu+2],2.250001
TRZ03167,Cc1nnc(-c2c(Nc3ccc(Br)cc3F)c(F)c(=O)n3c2CCC3)nc1C,Cu2+,Cc1nnc(-c2c(Nc3ccc(Br)cc3F)c(F)c(=O)n3c2CCC3)nc1C.[Cu+2],2.2482133
TRZ00106,Cc1nnc(COc2ccc3c(C)cc(=O)oc3c2)nc1C,Cu2+,Cc1nnc(COc2ccc3c(C)cc(=O)oc3c2)nc1C.[Cu+2],2.247292
TRZ02265,Cc1cccc(NCc2nnc(C)c(C)n2)c1C,Cu2+,Cc1cccc(NCc2nnc(C)c(C)n2)c1C.[Cu+2],2.247272
TRZ00948,Cc1nnc(COc2cccc(Oc3ccccc3)c2)nc1C,Cu2+,Cc1nnc(COc2cccc(Oc3ccccc3)c2)nc1C.[Cu+2],2.2457175
TRZ05497,CCOc1ccc(-c2cncc(-c3nnc(C)c(C)n3)n2)c(F)c1,Cu2+,CCOc1ccc(-c2cncc(-c3nnc(C)c(C)n3)n2)c(F)c1.[Cu+2],2.2455168
TRZ03323,Cc1nnc(C(=O)NCc2ccc(F)cc2F)nc1C,Cu2+,Cc1nnc(C(=O)NCc2ccc(F)cc2F)nc1C.[Cu+2],2.2442021
TRZ00278,Cc1nnc(-c2ccc(Oc3cc(Cl)cc(Cl)c3)o2)nc1C,Cu2+,Cc1nnc(-c2ccc(Oc3cc(Cl)cc(Cl)c3)o2)nc1C.[Cu+2],2.2441592
TRZ02274,Cc1nnc(C(=O)n2ccnc2)nc1C,Cu2+,Cc1nnc(C(=O)n2ccnc2)nc1C.[Cu+2],2.243281
TRZ02779,Cc1nnc(CN2C(=O)CSc3ccccc32)nc1C,Cu2+,Cc1nnc(CN2C(=O)CSc3ccccc32)nc1C.[Cu+2],2.2430696
TRZ02334,COc1ccc(-c2nnc(SCc3nnc(C)c(C)n3)n2-c2ccccc2)cc1,Cu2+,COc1ccc(-c2nnc(SCc3nnc(C)c(C)n3)n2-c2ccccc2)cc1.[Cu+2],2.2428918
TRZ01579,Cc1nnc(CC(=O)Nc2ccc([N+](=O)[O-])cc2)nc1C,Cu2+,Cc1nnc(CC(=O)Nc2ccc([N+](=O)[O-])cc2)nc1C.[Cu+2],2.2423763
TRZ01888,Cc1nnc(-c2cncc(N3CC(C)OC(C)C3)n2)nc1C,Cu2+,Cc1nnc(-c2cncc(N3CC(C)OC(C)C3)n2)nc1C.[Cu+2],2.2415404
TRZ04030,C=C(C)OC(=O)C1CCC(c2ccc(NC(=O)c3nnc(C)c(C)n3)c(F)c2)CC1,Cu2+,C=C(C)OC(=O)C1CCC(c2ccc(NC(=O)c3nnc(C)c(C)n3)c(F)c2)CC1.[Cu+2],2.2402697
TRZ01737,CCOc1ccc2cc(-c3nnc(C)c(C)n3)c(=O)oc2c1,Cu2+,CCOc1ccc2cc(-c3nnc(C)c(C)n3)c(=O)oc2c1.[Cu+2],2.2387738
TRZ05510,Cc1nnc(-c2cccc(-c3ccc(OC(F)(F)F)cc3)n2)nc1C,Cu2+,Cc1nnc(-c2cccc(-c3ccc(OC(F)(F)F)cc3)n2)nc1C.[Cu+2],2.2382493
TRZ05761,Cc1nnc(-c2cnc(NCCc3cccc(F)c3)nc2)nc1C,Cu2+,Cc1nnc(-c2cnc(NCCc3cccc(F)c3)nc2)nc1C.[Cu+2],2.2381158
TRZ05165,Cc1nnc(-c2cc(-c3ccc4ncnc(C)c4c3)c(-c3ccc(F)cc3)nc2N)nc1C,Cu2+,Cc1nnc(-c2cc(-c3ccc4ncnc(C)c4c3)c(-c3ccc(F)cc3)nc2N)nc1C.[Cu+2],2.2370915
TRZ00473,Cc1nnc(-c2cc3nc(-c4cccs4)cc(C(F)(F)F)n3n2)nc1C,Cu2+,Cc1nnc(-c2cc3nc(-c4cccs4)cc(C(F)(F)F)n3n2)nc1C.[Cu+2],2.2350354
TRZ01873,Cc1nnc(Cn2c(C)cc(=O)n3ncnc23)nc1C,Cu2+,Cc1nnc(Cn2c(C)cc(=O)n3ncnc23)nc1C.[Cu+2],2.228973
TRZ00149,Cc1nnc(-c2[nH]c3ccccc3c2-c2ccccc2)nc1C,Cu2+,Cc1nnc(-c2[nH]c3ccccc3c2-c2ccccc2)nc1C.[Cu+2],2.2254114
TRZ02566,CCCN(CCC)c1nc2oc(C)c(-c3nnc(C)c(C)n3)c2c(=O)n1-c1ccccc1,Cu2+,CCCN(CCC)c1nc2oc(C)c(-c3nnc(C)c(C)n3)c2c(=O)n1-c1ccccc1.[Cu+2],2.2201185
TRZ00030,Cc1nnc(C(O)(c2ccccc2)c2ccccc2)nc1C,Cu2+,Cc1nnc(C(O)(c2ccccc2)c2ccccc2)nc1C.[Cu+2],2.2190256
TRZ03356,Cc1ccc2nc(-c3ccc(F)cc3)c(Cc3nnc(C)c(C)n3)n2n1,Cu2+,Cc1ccc2nc(-c3ccc(F)cc3)c(Cc3nnc(C)c(C)n3)n2n1.[Cu+2],2.2146845
TRZ02158,Cc1nnc(-c2cc(-c3ccc(OCc4ccccc4)cc3)n[nH]2)nc1C,Cu2+,Cc1nnc(-c2cc(-c3ccc(OCc4ccccc4)cc3)n[nH]2)nc1C.[Cu+2],2.2124443
TRZ03840,CCNc1cc(Oc2cccc(C(F)(F)F)c2)nc(-c2nnc(C)c(C)n2)c1,Cu2+,CCNc1cc(Oc2cccc(C(F)(F)F)c2)nc(-c2nnc(C)c(C)n2)c1.[Cu+2],2.2110863
TRZ01977,Cc1ccn2c(-c3nnc(C)c(C)n3)c(C)nc2c1,Cu2+,Cc1ccn2c(-c3nnc(C)c(C)n3)c(C)nc2c1.[Cu+2],2.210249
TRZ00136,Cc1cc(C)cc(S(=O)(=O)c2c(-c3nnc(C)c(C)n3)[nH]c3ccc(Cl)cc23)c1,Cu2+,Cc1cc(C)cc(S(=O)(=O)c2c(-c3nnc(C)c(C)n3)[nH]c3ccc(Cl)cc23)c1.[Cu+2],2.2087297
TRZ00419,Cc1nnc(Cc2nc3ccccc3n2C)nc1C,Cu2+,Cc1nnc(Cc2nc3ccccc3n2C)nc1C.[Cu+2],2.2071934
TRZ03536,Cc1nnc(C(=O)Nc2ccc(C3(C(C)(C)C)CCC(C(=O)O)CC3)cc2F)nc1C,Cu2+,Cc1nnc(C(=O)Nc2ccc(C3(C(C)(C)C)CCC(C(=O)O)CC3)cc2F)nc1C.[Cu+2],2.204019
TRZ02145,Cc1nnc(Cc2csc(N3CCOCC3)n2)nc1C,Cu2+,Cc1nnc(Cc2csc(N3CCOCC3)n2)nc1C.[Cu+2],2.2033334
TRZ01754,Cc1nnc(-c2cc(-c3ccccc3)nc(-c3ccccc3)n2)nc1C,Cu2+,Cc1nnc(-c2cc(-c3ccccc3)nc(-c3ccccc3)n2)nc1C.[Cu+2],2.2032127
TRZ00818,Cc1nnc(CNC(=O)c2cccs2)nc1C,Cu2+,Cc1nnc(CNC(=O)c2cccs2)nc1C.[Cu+2],2.2024379
TRZ02183,Cc1nnc([C@@H](C)NC(=O)OCc2ccccc2)nc1C,Cu2+,Cc1nnc([C@@H](C)NC(=O)OCc2ccccc2)nc1C.[Cu+2],2.2009025
TRZ01797,Cc1nnc(-c2nc(-c3ccc(C(F)(F)F)nc3)cc(N3CCc4ccccc4C3)n2)nc1C,Cu2+,Cc1nnc(-c2nc(-c3ccc(C(F)(F)F)nc3)cc(N3CCc4ccccc4C3)n2)nc1C.[Cu+2],2.2004914
TRZ00832,COCCn1cnc2c1c(=O)n(Cc1nnc(C)c(C)n1)c(=O)n2Cc1ccccc1,Cu2+,COCCn1cnc2c1c(=O)n(Cc1nnc(C)c(C)n1)c(=O)n2Cc1ccccc1.[Cu+2],2.1991978
TRZ04687,Cc1nnc(C23CCC(NC(=O)COc4ccc(Cl)c(F)c4)(CC2)CC3O)nc1C,Cu2+,Cc1nnc(C23CCC(NC(=O)COc4ccc(Cl)c(F)c4)(CC2)CC3O)nc1C.[Cu+2],2.1989183
TRZ03813,COc1cc(OCCNCc2ccc(C(F)(F)F)cc2)ccc1-c1nnc(C)c(C)n1,Cu2+,COc1cc(OCCNCc2ccc(C(F)(F)F)cc2)ccc1-c1nnc(C)c(C)n1.[Cu+2],2.1986418
TRZ01330,Cc1nnc(CSc2cc(N(C)C)ncn2)nc1C,Cu2+,Cc1nnc(CSc2cc(N(C)C)ncn2)nc1C.[Cu+2],2.1965423
TRZ02569,Cc1ccc(-n2c(N3CCOCC3)nc3oc(C)c(-c4nnc(C)c(C)n4)c3c2=O)cc1,Cu2+,Cc1ccc(-n2c(N3CCOCC3)nc3oc(C)c(-c4nnc(C)c(C)n4)c3c2=O)cc1.[Cu+2],2.1961193
TRZ00946,Cc1nnc(-c2cncn2-c2ccc(F)cc2)nc1C,Cu2+,Cc1nnc(-c2cncn2-c2ccc(F)cc2)nc1C.[Cu+2],2.1946774
TRZ05225,Cc1cc(-c2cc(-c3nnc(C)c(C)n3)c(N)nc2-c2ccc(F)cc2)cc(Cl)n1,Cu2+,Cc1cc(-c2cc(-c3nnc(C)c(C)n3)c(N)nc2-c2ccc(F)cc2)cc(Cl)n1.[Cu+2],2.192728
TRZ00144,Cc1nnc(Cn2c3ccccc3c3ccccc32)nc1C,Cu2+,Cc1nnc(Cn2c3ccccc3c3ccccc32)nc1C.[Cu+2],2.1923637
TRZ00850,Cc1nnc(Cc2ccccn2)nc1C,Cu2+,Cc1nnc(Cc2ccccn2)nc1C.[Cu+2],2.1881971
TRZ00325,CCn1cc(-c2nnc(C)c(C)n2)c(=O)c2cc(F)c(NC3CCCCC3)cc21,Cu2+,CCn1cc(-c2nnc(C)c(C)n2)c(=O)c2cc(F)c(NC3CCCCC3)cc21.[Cu+2],2.184833
TRZ00394,Cc1nnc(CSc2nnnn2-c2ccccc2)nc1C,Cu2+,Cc1nnc(CSc2nnnn2-c2ccccc2)nc1C.[Cu+2],2.1786456
TRZ03842,COc1ccc(Oc2cccc(-c3nnc(C)c(C)n3)n2)cc1C(F)(F)F,Cu2+,COc1ccc(Oc2cccc(-c3nnc(C)c(C)n3)n2)cc1C(F)(F)F.[Cu+2],2.1770859
TRZ01529,Cc1nnc(CNC(=O)c2ccc([N+](=O)[O-])cc2)nc1C,Cu2+,Cc1nnc(CNC(=O)c2ccc([N+](=O)[O-])cc2)nc1C.[Cu+2],2.17558
TRZ05714,Cc1nnc(-c2cc(F)cnc2N2CCN(C(=O)OC(C)(C)C)CC2)nc1C,Cu2+,Cc1nnc(-c2cc(F)cnc2N2CCN(C(=O)OC(C)(C)C)CC2)nc1C.[Cu+2],2.1729913
TRZ01587,Cc1nnc(-c2nnn(-c3cccc(C(F)(F)F)c3)c2N)nc1C,Cu2+,Cc1nnc(-c2nnn(-c3cccc(C(F)(F)F)c3)c2N)nc1C.[Cu+2],2.1727877
TRZ00299,Cc1nnc(Cn2c(-c3ccccc3)cc3ccccc32)nc1C,Cu2+,Cc1nnc(Cn2c(-c3ccccc3)cc3ccccc32)nc1C.[Cu+2],2.171309
TRZ02010,Cc1nnc(C(C)Oc2cccc3ccccc23)nc1C,Cu2+,Cc1nnc(C(C)Oc2cccc3ccccc23)nc1C.[Cu+2],2.1711445
TRZ04250,CCCCC(OC(N)=O)(c1cccc(C(F)(F)F)c1)c1nnc(C)c(C)n1,Cu2+,CCCCC(OC(N)=O)(c1cccc(C(F)(F)F)c1)c1nnc(C)c(C)n1.[Cu+2],2.1706948
TRZ00442,Cc1nnc(Cn2nnc3ccccc32)nc1C,Cu2+,Cc1nnc(Cn2nnc3ccccc32)nc1C.[Cu+2],2.1706858
TRZ02008,Cc1nnc(CNc2ccc3c(c2)OCO3)nc1C,Cu2+,Cc1nnc(CNc2ccc3c(c2)OCO3)nc1C.[Cu+2],2.169207
TRZ04280,Cc1nnc(-c2ncc(F)cc2N2CCOCC2)nc1C,Cu2+,Cc1nnc(-c2ncc(F)cc2N2CCOCC2)nc1C.[Cu+2],2.1667743
TRZ02308,Cc1nnc(-c2c(C)n(C)c3ccc(O)cc23)nc1C,Cu2+,Cc1nnc(-c2c(C)n(C)c3ccc(O)cc23)nc1C.[Cu+2],2.162959
TRZ03704,Cc1nnc(C[C@@H](Cc2cc(F)c(F)cc2F)N(C(=O)O)C(C)(C)C)nc1C,Cu2+,Cc1nnc(C[C@@H](Cc2cc(F)c(F)cc2F)N(C(=O)O)C(C)(C)C)nc1C.[Cu+2],2.1609306
TRZ04876,Cc1nnc(-c2cc(-c3ccc(C(=O)N4CCC(F)(F)CC4)cn3)cc3cc(CN)oc23)nc1C,Cu2+,Cc1nnc(-c2cc(-c3ccc(C(=O)N4CCC(F)(F)CC4)cn3)cc3cc(CN)oc23)nc1C.[Cu+2],2.1603436
TRZ00906,CCn1cc(Br)c(-c2nnc(C)c(C)n2)n1,Cu2+,CCn1cc(Br)c(-c2nnc(C)c(C)n2)n1.[Cu+2],2.158445
TRZ02155,CCc1ccc(-c2cc(-c3nnc(C)c(C)n3)[nH]n2)cc1,Cu2+,CCc1ccc(-c2cc(-c3nnc(C)c(C)n3)[nH]n2)cc1.[Cu+2],2.1566753
TRZ05779,Cc1nnc(-c2nc3ccc(C(F)(F)F)cc3[nH]2)nc1C,Cu2+,Cc1nnc(-c2nc3ccc(C(F)(F)F)cc3[nH]2)nc1C.[Cu+2],2.1564236
TRZ03276,Cc1nnc(-c2ccc(F)cc2NS(=O)(=O)c2ccc(C(C)(C)C)cc2)nc1C,Cu2+,Cc1nnc(-c2ccc(F)cc2NS(=O)(=O)c2ccc(C(C)(C)C)cc2)nc1C.[Cu+2],2.155355
TRZ02583,Cc1nnc(-c2cn(-c3ccccc3)nn2)nc1C,Cu2+,Cc1nnc(-c2cn(-c3ccccc3)nn2)nc1C.[Cu+2],2.1543493
TRZ01504,Cc1nnc(CNC(=O)c2cccc(F)c2)nc1C,Cu2+,Cc1nnc(CNC(=O)c2cccc(F)c2)nc1C.[Cu+2],2.150003
TRZ05536,Cc1nnc(-c2ccnc(N3CCC4(CN(c5ccnc(C(F)(F)F)c5)C4)C3)n2)nc1C,Cu2+,Cc1nnc(-c2ccnc(N3CCC4(CN(c5ccnc(C(F)(F)F)c5)C4)C3)n2)nc1C.[Cu+2],2.1479173
TRZ01534,Cc1nnc(CNC(=O)c2c(F)cccc2F)nc1C,Cu2+,Cc1nnc(CNC(=O)c2c(F)cccc2F)nc1C.[Cu+2],2.147451
TRZ02472,Cc1nnc(C(C)Oc2ccc3c(C)cc(=O)oc3c2)nc1C,Cu2+,Cc1nnc(C(C)Oc2ccc3c(C)cc(=O)oc3c2)nc1C.[Cu+2],2.146988
TRZ01561,Cc1nnc(/C(=C/c2ccc([N+](=O)[O-])cc2)NC(=O)c2ccc(Br)cc2)nc1C,Cu2+,Cc1nnc(/C(=C/c2ccc([N+](=O)[O-])cc2)NC(=O)c2ccc(Br)cc2)nc1C.[Cu+2],2.1440635
TRZ01793,Cc1nnc(-c2nc(-c3ccccc3)cc(N3CCCC3c3ccccc3)n2)nc1C,Cu2+,Cc1nnc(-c2nc(-c3ccccc3)cc(N3CCCC3c3ccccc3)n2)nc1C.[Cu+2],2.1434221
TRZ03665,Cc1nnc(CCn2c3c(c4cc(F)ccc42)CN(C)CC3)nc1C,Cu2+,Cc1nnc(CCn2c3c(c4cc(F)ccc42)CN(C)CC3)nc1C.[Cu+2],2.1400867
TRZ00414,Cc1nnc(-c2nc3ccccc3[nH]2)nc1C,Cu2+,Cc1nnc(-c2nc3ccccc3[nH]2)nc1C.[Cu+2],2.1393251
TRZ01937,Cc1nnc(/C(=C\c2ccccc2)NC(=O)c2ccccc2)nc1C,Cu2+,Cc1nnc(/C(=C\c2ccccc2)NC(=O)c2ccccc2)nc1C.[Cu+2],2.1392403
TRZ01336,Cc1cc(N2CCCCC2)nc(SCc2nnc(C)c(C)n2)n1,Cu2+,Cc1cc(N2CCCCC2)nc(SCc2nnc(C)c(C)n2)n1.[Cu+2],2.1391273
TRZ01332,Cc1nnc(C2=CO[C@@H](C)[C@@H]3CN4CCc5c(n(C)c6ccccc56)[C@@H]4C[C@H]23)nc1C,Cu2+,Cc1nnc(C2=CO[C@@H](C)[C@@H]3CN4CCc5c(n(C)c6ccccc56)[C@@H]4C[C@H]23)nc1C.[Cu+2],2.138926
TRZ01815,Cc1nnc(CNc2ncnc3sc4c(c23)CCCC4)nc1C,Cu2+,Cc1nnc(CNc2ncnc3sc4c(c23)CCCC4)nc1C.[Cu+2],2.1388235
TRZ01950,Cc1nnc(C(C)NC(=O)c2ccccc2)nc1C,Cu2+,Cc1nnc(C(C)NC(=O)c2ccccc2)nc1C.[Cu+2],2.1381369
TRZ03407,Cc1ccc2c(-c3nnc(C)c(C)n3)nn(Cc3ccc(Cl)cc3F)c2c1,Cu2+,Cc1ccc2c(-c3nnc(C)c(C)n3)nn(Cc3ccc(Cl)cc3F)c2c1.[Cu+2],2.1341825
TRZ01280,CC(=O)NC(c1nnc(C)c(C)n1)C(C)Cc1ccccc1,Cu2+,CC(=O)NC(c1nnc(C)c(C)n1)C(C)Cc1ccccc1.[Cu+2],2.1327548
TRZ03445,Cc1nnc(-c2nn(Cc3ccc(F)cc3F)c3cc(CO)ccc23)nc1C,Cu2+,Cc1nnc(-c2nn(Cc3ccc(F)cc3F)c3cc(CO)ccc23)nc1C.[Cu+2],2.1325808
TRZ01773,Cc1nnc(-c2nc(-c3ccccc3)cc(N3CCC(O)CC3)n2)nc1C,Cu2+,Cc1nnc(-c2nc(-c3ccccc3)cc(N3CCC(O)CC3)n2)nc1C.[Cu+2],2.132134
TRZ01075,Cc1nnc(CC(C)Nc2ccc3ncccc3c2)nc1C,Cu2+,Cc1nnc(CC(C)Nc2ccc3ncccc3c2)nc1C.[Cu+2],2.1313534
TRZ04172,Cc1nnc(C(CC(F)(F)F)C2(O)CCN(Cc3ccccc3)CC2)nc1C,Cu2+,Cc1nnc(C(CC(F)(F)F)C2(O)CCN(Cc3ccccc3)CC2)nc1C.[Cu+2],2.1309347
TRZ01077,Cc1nnc(-c2c[nH]cc2-c2ccc(Cl)cc2)nc1C,Cu2+,Cc1nnc(-c2c[nH]cc2-c2ccc(Cl)cc2)nc1C.[Cu+2],2.130628
TRZ03315,Cc1nnc(-c2ccc(F)c(F)c2Nc2ccc(I)cc2F)nc1C,Cu2+,Cc1nnc(-c2ccc(F)c(F)c2Nc2ccc(I)cc2F)nc1C.[Cu+2],2.128036
TRZ01856,Cc1nnc(-c2cc3ccc(F)cc3[nH]2)nc1C,Cu2+,Cc1nnc(-c2cc3ccc(F)cc3[nH]2)nc1C.[Cu+2],2.1261086
TRZ01659,CCn1cc(-c2nnc(C)c(C)n2)c(=O)c2cc(F)ccc21,Cu2+,CCn1cc(-c2nnc(C)c(C)n2)c(=O)c2cc(F)ccc21.[Cu+2],2.1235514
TRZ02573,Cc1nnc(Cc2csc(-c3ccc(Cl)cc3)n2)nc1C,Cu2+,Cc1nnc(Cc2csc(-c3ccc(Cl)cc3)n2)nc1C.[Cu+2],2.1228137
TRZ01432,Cc1nnc(-c2ccn(C)n2)nc1C,Cu2+,Cc1nnc(-c2ccn(C)n2)nc1C.[Cu+2],2.1223168
TRZ00681,Cc1nnc(CC(=O)Nc2nccs2)nc1C,Cu2+,Cc1nnc(CC(=O)Nc2nccs2)nc1C.[Cu+2],2.122303
TRZ05459,Cc1nnc(-c2[nH]ccc2F)nc1C,Cu2+,Cc1nnc(-c2[nH]ccc2F)nc1C.[Cu+2],2.1185584
TRZ01050,Cc1nnc(-c2nc(-c3ccccc3)cc(N3Cc4cccnc4C3)n2)nc1C,Cu2+,Cc1nnc(-c2nc(-c3ccccc3)cc(N3Cc4cccnc4C3)n2)nc1C.[Cu+2],2.1181092
TRZ00709,CCCn1nc(-c2cn(CCC)c3ccccc23)cc1-c1nnc(C)c(C)n1,Cu2+,CCCn1nc(-c2cn(CCC)c3ccccc23)cc1-c1nnc(C)c(C)n1.[Cu+2],2.1176133
TRZ05015,Cc1nnc(-c2cc(F)[nH]c2N)nc1C,Cu2+,Cc1nnc(-c2cc(F)[nH]c2N)nc1C.[Cu+2],2.1164513
TRZ04706,Cc1nnc(C(O)c2ccccc2F)nc1C,Cu2+,Cc1nnc(C(O)c2ccccc2F)nc1C.[Cu+2],2.1161113
TRZ01078,Cc1nnc(-c2cc3ccccc3n2S(=O)(=O)c2ccccc2)nc1C,Cu2+,Cc1nnc(-c2cc3ccccc3n2S(=O)(=O)c2ccccc2)nc1C.[Cu+2],2.1155663
TRZ00426,Cc1nnc(CNc2ccccc2F)nc1C,Cu2+,Cc1nnc(CNc2ccccc2F)nc1C.[Cu+2],2.1154585
TRZ02998,Cc1nnc(C2=Nc3ccc(F)cc3C(c3ccccc3Cl)=NC2)nc1C,Cu2+,Cc1nnc(C2=Nc3ccc(F)cc3C(c3ccccc3Cl)=NC2)nc1C.[Cu+2],2.1152968
TRZ03518,Cc1nnc(-c2ccncc2Nc2ccc(Br)cc2F)nc1C,Cu2+,Cc1nnc(-c2ccncc2Nc2ccc(Br)cc2F)nc1C.[Cu+2],2.1136575
TRZ05446,Cc1nnc(Cn2c(Cl)c(-c3ccc(Cl)cc3)n(C[C@H](O)C(F)(F)F)c2=O)nc1C,Cu2+,Cc1nnc(Cn2c(Cl)c(-c3ccc(Cl)cc3)n(C[C@H](O)C(F)(F)F)c2=O)nc1C.[Cu+2],2.1125407
TRZ03408,Cc1nnc(-c2nn(Cc3ccc(F)cc3Cl)c3cc(N(C)C)ccc23)nc1C,Cu2+,Cc1nnc(-c2nn(Cc3ccc(F)cc3Cl)c3cc(N(C)C)ccc23)nc1C.[Cu+2],2.1117048
TRZ00308,Cc1nnc(-c2nc(N(C)C)nc(N(C)C)n2)nc1C,Cu2+,Cc1nnc(-c2nc(N(C)C)nc(N(C)C)n2)nc1C.[Cu+2],2.109939
TRZ00675,Cc1nnc(-c2cn3cc(C(F)(F)F)cc(Cl)c3n2)nc1C,Cu2+,Cc1nnc(-c2cn3cc(C(F)(F)F)cc(Cl)c3n2)nc1C.[Cu+2],2.1097717
TRZ01552,Cc1nnc(Cn2c(=O)c3c(ncn3CC(C)C)n(Cc3ccccc3)c2=O)nc1C,Cu2+,Cc1nnc(Cn2c(=O)c3c(ncn3CC(C)C)n(Cc3ccccc3)c2=O)nc1C.[Cu+2],2.10948
TRZ02951,Cc1nnc(-c2c(N)cccc2C(F)(F)F)nc1C,Cu2+,Cc1nnc(-c2c(N)cccc2C(F)(F)F)nc1C.[Cu+2],2.1086974
TRZ00319,COc1ccc2nc(SCc3nnc(C)c(C)n3)cc(C)c2c1,Cu2+,COc1ccc2nc(SCc3nnc(C)c(C)n3)cc(C)c2c1.[Cu+2],2.107617
TRZ00131,Cc1nnc(-c2[nH]c3ccccc3c2S(=O)(=O)c2ccccc2)nc1C,Cu2+,Cc1nnc(-c2[nH]c3ccccc3c2S(=O)(=O)c2ccccc2)nc1C.[Cu+2],2.1054482
TRZ01633,Cc1nnc(Cn2ncc3cc([N+](=O)[O-])ccc32)nc1C,Cu2+,Cc1nnc(Cn2ncc3cc([N+](=O)[O-])ccc32)nc1C.[Cu+2],2.1037154
TRZ03912,Cc1nnc(-c2c(-c3ccc(F)cc3)nn3ccccc23)nc1C,Cu2+,Cc1nnc(-c2c(-c3ccc(F)cc3)nn3ccccc23)nc1C.[Cu+2],2.102532
TRZ04440,Cc1ncc(-c2nnc(C)c(C)n2)cc1F,Cu2+,Cc1ncc(-c2nnc(C)c(C)n2)cc1F.[Cu+2],2.1022577
TRZ02224,Cc1nnc(C2=NCC(=O)Nc3ccc(F)cc32)nc1C,Cu2+,Cc1nnc(C2=NCC(=O)Nc3ccc(F)cc32)nc1C.[Cu+2],2.1021123
TRZ02720,Cc1nnc(-c2ccccc2NS(C)(=O)=O)nc1C,Cu2+,Cc1nnc(-c2ccccc2NS(C)(=O)=O)nc1C.[Cu+2],2.1013136
TRZ01816,Cc1nnc(-c2ncn(-c3cccc(Br)c3)c2-c2ccc(F)cc2)nc1C,Cu2+,Cc1nnc(-c2ncn(-c3cccc(Br)c3)c2-c2ccc(F)cc2)nc1C.[Cu+2],2.1002545
TRZ00025,Cc1nnc(-c2cc3ccccc3[nH]2)nc1C,Cu2+,Cc1nnc(-c2cc3ccccc3[nH]2)nc1C.[Cu+2],2.097704
TRZ03121,Cc1nnc(-c2c(O)cccc2F)nc1C,Cu2+,Cc1nnc(-c2c(O)cccc2F)nc1C.[Cu+2],2.0958896
TRZ02442,CC(=O)Nc1ccc(Br)cc1C(NCc1nnc(C)c(C)n1)c1ccccc1,Cu2+,CC(=O)Nc1ccc(Br)cc1C(NCc1nnc(C)c(C)n1)c1ccccc1.[Cu+2],2.0913963
TRZ03288,Cc1nnc(-c2[nH]ncc2NC(=O)c2c(F)cccc2F)nc1C,Cu2+,Cc1nnc(-c2[nH]ncc2NC(=O)c2c(F)cccc2F)nc1C.[Cu+2],2.0904078
TRZ02811,Cc1ccc(C(=O)N/C(=C/c2ccccc2F)c2nnc(C)c(C)n2)cc1,Cu2+,Cc1ccc(C(=O)N/C(=C/c2ccccc2F)c2nnc(C)c(C)n2)cc1.[Cu+2],2.0902
TRZ00526,CCCOc1ccc2[nH]c3cnc(-c4nnc(C)c(C)n4)c(COC)c3c2c1,Cu2+,CCCOc1ccc2[nH]c3cnc(-c4nnc(C)c(C)n4)c(COC)c3c2c1.[Cu+2],2.0892391
TRZ02668,Cc1nnc(Cn2c(=O)oc3ccccc32)nc1C,Cu2+,Cc1nnc(Cn2c(=O)oc3ccccc32)nc1C.[Cu+2],2.086825
TRZ03717,CC(=O)c1cc(N2CCC(Oc3ccccc3C(F)(F)F)CC2)nnc1-c1nnc(C)c(C)n1,Cu2+,CC(=O)c1cc(N2CCC(Oc3ccccc3C(F)(F)F)CC2)nnc1-c1nnc(C)c(C)n1.[Cu+2],2.0866919
TRZ00042,Cc1nnc(-c2cnccn2)nc1C,Cu2+,Cc1nnc(-c2cnccn2)nc1C.[Cu+2],2.0866342
TRZ05085,Cc1ccc(OC(F)(F)F)cc1CNC(=O)c1nnc(C)c(C)n1,Cu2+,Cc1ccc(OC(F)(F)F)cc1CNC(=O)c1nnc(C)c(C)n1.[Cu+2],2.0864682
TRZ03574,Cc1nnc(C(C)C(O)(Cn2cncn2)c2ccc(F)cc2F)nc1C,Cu2+,Cc1nnc(C(C)C(O)(Cn2cncn2)c2ccc(F)cc2F)nc1C.[Cu+2],2.086234
TRZ05819,Cc1nnc(C2[C@@H](C=O)CCCN2C(=O)c2ccc(F)cc2)nc1C,Cu2+,Cc1nnc(C2[C@@H](C=O)CCCN2C(=O)c2ccc(F)cc2)nc1C.[Cu+2],2.0847468
TRZ03186,COC(=O)C1CCC(Oc2ncc(CC(=O)c3nnc(C)c(C)n3)cc2F)CC1,Cu2+,COC(=O)C1CCC(Oc2ncc(CC(=O)c3nnc(C)c(C)n3)cc2F)CC1.[Cu+2],2.0837007
TRZ03012,Cc1nnc(-c2cn(-c3ccccc3C(F)(F)F)cn2)nc1C,Cu2+,Cc1nnc(-c2cn(-c3ccccc3C(F)(F)F)cn2)nc1C.[Cu+2],2.0823374
TRZ01974,Cc1nnc(-c2cc(-c3ccccc3)nn2-c2ccccc2)nc1C,Cu2+,Cc1nnc(-c2cc(-c3ccccc3)nn2-c2ccccc2)nc1C.[Cu+2],2.0818563
TRZ00524,COc1ccc(/C=C(\NC(=O)c2cccs2)c2nnc(C)c(C)n2)cc1OC,Cu2+,COc1ccc(/C=C(\NC(=O)c2cccs2)c2nnc(C)c(C)n2)cc1OC.[Cu+2],2.080954
TRZ04632,Cc1nnc(-c2cn3c(ccc4c(C(F)(F)F)cc(=O)[nH]c43)n2)nc1C,Cu2+,Cc1nnc(-c2cn3c(ccc4c(C(F)(F)F)cc(=O)[nH]c43)n2)nc1C.[Cu+2],2.0789633
TRZ02480,Cc1nnc(-c2ccccc2NC(=O)C23CC4CC(CC(C4)C2)C3)nc1C,Cu2+,Cc1nnc(-c2ccccc2NC(=O)C23CC4CC(CC(C4)C2)C3)nc1C.[Cu+2],2.0782647
TRZ02042,Cc1nnc(/C(=C/c2cccc([N+](=O)[O-])c2)NC(=O)c2ccccc2)nc1C,Cu2+,Cc1nnc(/C(=C/c2cccc([N+](=O)[O-])c2)NC(=O)c2ccccc2)nc1C.[Cu+2],2.077517
TRZ00583,COc1ccc2nc(C)c(-c3nnc(C)c(C)n3)cc2c1,Cu2+,COc1ccc2nc(C)c(-c3nnc(C)c(C)n3)cc2c1.[Cu+2],2.0769773
TRZ01069,Cc1nc2c(cc1-c1nnc(C)c(C)n1)c(=O)n(C)c(=O)n2C,Cu2+,Cc1nc2c(cc1-c1nnc(C)c(C)n1)c(=O)n(C)c(=O)n2C.[Cu+2],2.0766163
TRZ01360,Cc1ccc2nc3ccccc3c(SCc3nnc(C)c(C)n3)c2c1,Cu2+,Cc1ccc2nc3ccccc3c(SCc3nnc(C)c(C)n3)c2c1.[Cu+2],2.076548
TRZ05219,Cc1nnc([C@H]2CC[C@H](NC(=O)COc3ccc(C(F)(F)F)cc3)CO2)nc1C,Cu2+,Cc1nnc([C@H]2CC[C@H](NC(=O)COc3ccc(C(F)(F)F)cc3)CO2)nc1C.[Cu+2],2.0755281
TRZ00322,Cc1nnc(CN2C(=O)Nc3ccc(Br)cc3C2c2ccccc2)nc1C,Cu2+,Cc1nnc(CN2C(=O)Nc3ccc(Br)cc3C2c2ccccc2)nc1C.[Cu+2],2.0748057
TRZ00974,COc1ccc(-c2cc(-c3nnc(C)c(C)n3)n(CC(O)COc3ccccc3OC)n2)cc1,Cu2+,COc1ccc(-c2cc(-c3nnc(C)c(C)n3)n(CC(O)COc3ccccc3OC)n2)cc1.[Cu+2],2.07372
TRZ02496,Cc1nnc(-c2ccc(OC(C)C)cc2O)nc1C,Cu2+,Cc1nnc(-c2ccc(OC(C)C)cc2O)nc1C.[Cu+2],2.0729146
TRZ03330,Cc1nnc(C(=O)NCc2cc(F)ccc2F)nc1C,Cu2+,Cc1nnc(C(=O)NCc2cc(F)ccc2F)nc1C.[Cu+2],2.0705795
TRZ03732,Cc1nnc(-c2nn(Cc3ccc(Cl)cc3F)c3cc([N+](=O)[O-])ccc23)nc1C,Cu2+,Cc1nnc(-c2nn(Cc3ccc(Cl)cc3F)c3cc([N+](=O)[O-])ccc23)nc1C.[Cu+2],2.068771
TRZ02709,Cc1nnc(-c2cn(C3CCN(C(=O)OC(C)(C)C)CC3)nn2)nc1C,Cu2+,Cc1nnc(-c2cn(C3CCN(C(=O)OC(C)(C)C)CC3)nn2)nc1C.[Cu+2],2.0667472
TRZ04046,Cc1nnc(-c2cnn(C)c2COc2ccc(C(F)(F)F)cc2)nc1C,Cu2+,Cc1nnc(-c2cnn(C)c2COc2ccc(C(F)(F)F)cc2)nc1C.[Cu+2],2.0627246
TRZ01968,Cc1ccc(C)c(NCc2nnc(C)c(C)n2)c1,Cu2+,Cc1ccc(C)c(NCc2nnc(C)c(C)n2)c1.[Cu+2],2.062138
TRZ01925,CC(=O)c1c(C)[nH]c(-c2nnc(C)c(C)n2)c1C,Cu2+,CC(=O)c1c(C)[nH]c(-c2nnc(C)c(C)n2)c1C.[Cu+2],2.0618544
TRZ03446,Cc1nnc(-c2nn(Cc3ccc(F)cc3F)c3cccnc23)nc1C,Cu2+,Cc1nnc(-c2nn(Cc3ccc(F)cc3F)c3cccnc23)nc1C.[Cu+2],2.060587
TRZ01995,Cc1nnc(Cn2nnc(N3CCCC3)n2)nc1C,Cu2+,Cc1nnc(Cn2nnc(N3CCCC3)n2)nc1C.[Cu+2],2.0588245
TRZ00450,Cc1nnc(Cc2csc(N)n2)nc1C,Cu2+,Cc1nnc(Cc2csc(N)n2)nc1C.[Cu+2],2.0570192
TRZ01337,Cc1cc(N2CCOCC2)nc(SCc2nnc(C)c(C)n2)n1,Cu2+,Cc1cc(N2CCOCC2)nc(SCc2nnc(C)c(C)n2)n1.[Cu+2],2.0566578
TRZ01151,COc1ccc(-c2cc(-c3nnc(C)c(C)n3)n(Cc3ccccc3)n2)cc1,Cu2+,COc1ccc(-c2cc(-c3nnc(C)c(C)n3)n(Cc3ccccc3)n2)cc1.[Cu+2],2.0565672
TRZ05899,Cc1nnc(-c2nc(-c3ccccc3)c3[nH]c4ccccc4c3c2F)nc1C,Cu2+,Cc1nnc(-c2nc(-c3ccccc3)c3[nH]c4ccccc4c3c2F)nc1C.[Cu+2],2.0558987
TRZ02509,Cc1nnc(CSc2nnc(CNc3ccccc3)n2-c2ccccc2)nc1C,Cu2+,Cc1nnc(CSc2nnc(CNc3ccccc3)n2-c2ccccc2)nc1C.[Cu+2],2.0518227
TRZ04935,Cc1nnc(-c2cc(F)c(F)cc2N(C(C)(C)C)S(=O)(=O)c2ccccc2)nc1C,Cu2+,Cc1nnc(-c2cc(F)c(F)cc2N(C(C)(C)C)S(=O)(=O)c2ccccc2)nc1C.[Cu+2],2.048183
TRZ00843,CSc1ncccc1-c1nnc(C)c(C)n1,Cu2+,CSc1ncccc1-c1nnc(C)c(C)n1.[Cu+2],2.0481005
TRZ01812,Cc1nnc(CNc2nc(-c3ccccc3)nc3sc4c(c23)CCCC4)nc1C,Cu2+,Cc1nnc(CNc2nc(-c3ccccc3)nc3sc4c(c23)CCCC4)nc1C.[Cu+2],2.0472379
TRZ00091,Cc1nnc(-c2ccccn2)nc1C,Cu2+,Cc1nnc(-c2ccccn2)nc1C.[Cu+2],2.0466561
TRZ03838,Cc1cc(Oc2cccc(C(F)(F)F)c2)nc(-c2nnc(C)c(C)n2)c1,Cu2+,Cc1cc(Oc2cccc(C(F)(F)F)c2)nc(-c2nnc(C)c(C)n2)c1.[Cu+2],2.0460792
TRZ05583,Cc1cc(-c2nnc(C)c(C)n2)nc(N2CCCC(C(F)(F)F)C2)c1,Cu2+,Cc1cc(-c2nnc(C)c(C)n2)nc(N2CCCC(C(F)(F)F)C2)c1.[Cu+2],2.0444198
TRZ00951,Cc1nnc(CSc2nn(C)c(=O)n(C)c2=O)nc1C,Cu2+,Cc1nnc(CSc2nn(C)c(=O)n(C)c2=O)nc1C.[Cu+2],2.042714
TRZ04644,COCCNc1cc(C(F)(F)F)cnc1-c1nnc(C)c(C)n1,Cu2+,COCCNc1cc(C(F)(F)F)cnc1-c1nnc(C)c(C)n1.[Cu+2],2.0426593
TRZ01282,Cc1nnc(C(=O)c2c[nH]c3ccccc23)nc1C,Cu2+,Cc1nnc(C(=O)c2c[nH]c3ccccc23)nc1C.[Cu+2],2.0416398
TRZ02223,Cc1nnc([C@@H](C)Oc2ccc(Oc3ncc(Cl)cc3F)cc2)nc1C,Cu2+,Cc1nnc([C@@H](C)Oc2ccc(Oc3ncc(Cl)cc3F)cc2)nc1C.[Cu+2],2.039731
TRZ03332,Cc1nnc(CN2CCn3c(nnc3C(F)(F)F)C2)nc1C,Cu2+,Cc1nnc(CN2CCn3c(nnc3C(F)(F)F)C2)nc1C.[Cu+2],2.0393949
TRZ04857,Cc1nnc(CN2CCc3sc(-c4cccc(F)c4)cc3C2)nc1C,Cu2+,Cc1nnc(CN2CCc3sc(-c4cccc(F)c4)cc3C2)nc1C.[Cu+2],2.0380373
TRZ01096,Cc1nnc(C(Cc2ccccc2)NC(=O)OCc2ccccc2)nc1C,Cu2+,Cc1nnc(C(Cc2ccccc2)NC(=O)OCc2ccccc2)nc1C.[Cu+2],2.0370398
TRZ02486,Cc1nnc(Cc2cc(=O)n(CC(C)C)[nH]2)nc1C,Cu2+,Cc1nnc(Cc2cc(=O)n(CC(C)C)[nH]2)nc1C.[Cu+2],2.0342078
TRZ00897,CCCCc1nc2ccccc2n1Cc1nnc(C)c(C)n1,Cu2+,CCCCc1nc2ccccc2n1Cc1nnc(C)c(C)n1.[Cu+2],2.0307493
TRZ01664,C#CCn1cc(-c2nnc(C)c(C)n2)c(=O)c2cccc(C(F)(F)F)c21,Cu2+,C#CCn1cc(-c2nnc(C)c(C)n2)c(=O)c2cccc(C(F)(F)F)c21.[Cu+2],2.0289807
TRZ00312,CCOc1ccc(-c2cc(-c3nnc(C)c(C)n3)[nH]n2)cc1,Cu2+,CCOc1ccc(-c2cc(-c3nnc(C)c(C)n3)[nH]n2)cc1.[Cu+2],2.027926
TRZ01083,Cc1nnc(C2=NN(c3ccccc3)C(=O)C2)nc1C,Cu2+,Cc1nnc(C2=NN(c3ccccc3)C(=O)C2)nc1C.[Cu+2],2.026801
TRZ00406,Cc1nnc(Cn2c(C)nc3ccccc32)nc1C,Cu2+,Cc1nnc(Cn2c(C)nc3ccccc32)nc1C.[Cu+2],2.0261211
TRZ02890,Cc1nnc(-c2cncc(F)c2)nc1C,Cu2+,Cc1nnc(-c2cncc(F)c2)nc1C.[Cu+2],2.0259938
TRZ01883,Cc1nnc(-c2cncc(N3CCCCC3C)n2)nc1C,Cu2+,Cc1nnc(-c2cncc(N3CCCCC3C)n2)nc1C.[Cu+2],2.025786
TRZ04867,Cc1nnc(-c2ncc(C(F)(F)F)cc2Br)nc1C,Cu2+,Cc1nnc(-c2ncc(C(F)(F)F)cc2Br)nc1C.[Cu+2],2.0250297
TRZ00907,COc1ccc2oc(C)c(-c3nnc(C)c(C)n3)c2c1,Cu2+,COc1ccc2oc(C)c(-c3nnc(C)c(C)n3)c2c1.[Cu+2],2.0225244
TRZ05599,Cc1nnc(-c2cccc(N3CCC(F)(F)CC3)n2)nc1C,Cu2+,Cc1nnc(-c2cccc(N3CCC(F)(F)CC3)n2)nc1C.[Cu+2],2.022447
TRZ01729,COc1ccc(-c2cncn2Cc2nnc(C)c(C)n2)cc1OC,Cu2+,COc1ccc(-c2cncn2Cc2nnc(C)c(C)n2)cc1OC.[Cu+2],2.0176535
TRZ02832,Cc1nnc(/C(=C/c2ccc(Cl)c(Cl)c2)NC(=O)c2ccccc2)nc1C,Cu2+,Cc1nnc(/C(=C/c2ccc(Cl)c(Cl)c2)NC(=O)c2ccccc2)nc1C.[Cu+2],2.0166988
TRZ02356,Cc1nc(C)c(-c2nnco2)cc1-c1nnc(C)c(C)n1,Cu2+,Cc1nc(C)c(-c2nnco2)cc1-c1nnc(C)c(C)n1.[Cu+2],2.01659
TRZ02079,Cc1nnc(CNc2cccc(F)c2)nc1C,Cu2+,Cc1nnc(CNc2cccc(F)c2)nc1C.[Cu+2],2.0161085
TRZ05740,Cc1nnc(-c2nccc(-c3ccc(OC(F)F)nc3)n2)nc1C,Cu2+,Cc1nnc(-c2nccc(-c3ccc(OC(F)F)nc3)n2)nc1C.[Cu+2],2.015699
TRZ02383,Cc1nnc(-c2c(-c3cccs3)n[nH]c2C)nc1C,Cu2+,Cc1nnc(-c2c(-c3cccs3)n[nH]c2C)nc1C.[Cu+2],2.0131207
TRZ01521,Cc1nnc(Cn2c3ccc(F)cc3c3nc4ccccc4nc32)nc1C,Cu2+,Cc1nnc(Cn2c3ccc(F)cc3c3nc4ccccc4nc32)nc1C.[Cu+2],2.009039
TRZ00505,Cc1nnc(CN2C(=O)C3(OCCO3)c3ccccc32)nc1C,Cu2+,Cc1nnc(CN2C(=O)C3(OCCO3)c3ccccc32)nc1C.[Cu+2],2.0088248
TRZ05936,COCC(=C1Nc2c(C)cc(F)cc2NC1(C)C)c1nnc(C)c(C)n1,Cu2+,COCC(=C1Nc2c(C)cc(F)cc2NC1(C)C)c1nnc(C)c(C)n1.[Cu+2],2.0068865
TRZ00830,Cc1nc(-c2ccccc2)ccc1-c1nnc(C)c(C)n1,Cu2+,Cc1nc(-c2ccccc2)ccc1-c1nnc(C)c(C)n1.[Cu+2],2.0068498
TRZ03629,Cc1nnc(C[C@@H](Cc2cc(F)ccc2F)NC(=O)O)nc1C,Cu2+,Cc1nnc(C[C@@H](Cc2cc(F)ccc2F)NC(=O)O)nc1C.[Cu+2],2.0065384
TRZ01059,Cc1nnc(-c2nc(-c3ccccc3)cc(N3CCc4ccccc4C3)n2)nc1C,Cu2+,Cc1nnc(-c2nc(-c3ccccc3)cc(N3CCc4ccccc4C3)n2)nc1C.[Cu+2],2.0039182
TRZ00069,Cc1nnc(-c2cccnn2)nc1C,Cu2+,Cc1nnc(-c2cccnn2)nc1C.[Cu+2],2.0027895
TRZ00722,Cc1nnc(-c2cc(-c3ccc(OC(C)C)c(C#N)c3)n[nH]c2=O)nc1C,Cu2+,Cc1nnc(-c2cc(-c3ccc(OC(C)C)c(C#N)c3)n[nH]c2=O)nc1C.[Cu+2],2.001659
TRZ00976,Cc1nnc(-c2cn(COCCO)c3ccc(F)cc3c2=O)nc1C,Cu2+,Cc1nnc(-c2cn(COCCO)c3ccc(F)cc3c2=O)nc1C.[Cu+2],1.9989944
TRZ01804,COC1CCN(c2cc(-c3ccccc3)nc(-c3nnc(C)c(C)n3)n2)C1,Cu2+,COC1CCN(c2cc(-c3ccccc3)nc(-c3nnc(C)c(C)n3)n2)C1.[Cu+2],1.998138
TRZ00258,Cc1nnc(-c2sc3nc(N4CCOCC4)c4c(c3c2N)CCCC4)nc1C,Cu2+,Cc1nnc(-c2sc3nc(N4CCOCC4)c4c(c3c2N)CCCC4)nc1C.[Cu+2],1.9942384
TRZ01741,Cc1nnc(-c2cc3ccc(OCc4ccccc4)cc3oc2=O)nc1C,Cu2+,Cc1nnc(-c2cc3ccc(OCc4ccccc4)cc3oc2=O)nc1C.[Cu+2],1.9933314
TRZ01202,Cc1nnc(CNC(=O)CNC(=O)OCc2ccccc2)nc1C,Cu2+,Cc1nnc(CNC(=O)CNC(=O)OCc2ccccc2)nc1C.[Cu+2],1.987133
TRZ00367,COc1ccc(N(C)c2nc(C)nc3ccccc23)cc1OC(C)(C)c1nnc(C)c(C)n1,Cu2+,COc1ccc(N(C)c2nc(C)nc3ccccc23)cc1OC(C)(C)c1nnc(C)c(C)n1.[Cu+2],1.9863133
TRZ01405,CCOC(=O)c1c(C)oc2ccc(OCc3nnc(C)c(C)n3)cc12,Cu2+,CCOC(=O)c1c(C)oc2ccc(OCc3nnc(C)c(C)n3)cc12.[Cu+2],1.9851017
TRZ05660,Cc1nnc(-c2cn3c(ccc4c(=O)cc(C(F)(F)C(F)(F)F)[nH]c43)n2)nc1C,Cu2+,Cc1nnc(-c2cn3c(ccc4c(=O)cc(C(F)(F)C(F)(F)F)[nH]c43)n2)nc1C.[Cu+2],1.9830947
TRZ02713,Cc1nnc([C@@H]2CCCN2C(=O)OCc2ccccc2)nc1C,Cu2+,Cc1nnc([C@@H]2CCCN2C(=O)OCc2ccccc2)nc1C.[Cu+2],1.9822936
TRZ05431,Cc1cccc(F)c1C(O)c1nnc(C)c(C)n1,Cu2+,Cc1cccc(F)c1C(O)c1nnc(C)c(C)n1.[Cu+2],1.9813004
TRZ05135,Cc1nnc(-c2cn(C)c(=O)c(F)c2-c2ccc(Br)cc2F)nc1C,Cu2+,Cc1nnc(-c2cn(C)c(=O)c(F)c2-c2ccc(Br)cc2F)nc1C.[Cu+2],1.9774499
TRZ02937,Cc1nnc(-c2nn(Cc3ccc(F)cc3F)c3cc(Cl)ccc23)nc1C,Cu2+,Cc1nnc(-c2nn(Cc3ccc(F)cc3F)c3cc(Cl)ccc23)nc1C.[Cu+2],1.9773979
TRZ03504,COC(=O)C1CCC(Oc2cc(F)c(NC(=O)c3nnc(C)c(C)n3)cn2)CC1,Cu2+,COC(=O)C1CCC(Oc2cc(F)c(NC(=O)c3nnc(C)c(C)n3)cn2)CC1.[Cu+2],1.9758139
TRZ04056,Cc1nnc(-c2cnc(N)c3nc(-c4cccc(F)c4)ccc23)nc1C,Cu2+,Cc1nnc(-c2cnc(N)c3nc(-c4cccc(F)c4)ccc23)nc1C.[Cu+2],1.9735398
TRZ01396,CC(=O)Nc1ccc(C(=O)N/C(=C\C=C\c2ccccc2)c2nnc(C)c(C)n2)cc1,Cu2+,CC(=O)Nc1ccc(C(=O)N/C(=C\C=C\c2ccccc2)c2nnc(C)c(C)n2)cc1.[Cu+2],1.9732633
TRZ00700,Cc1nnc(COc2nc3scc(-c4ccccc4)c3c(=O)n2-c2ccccc2)nc1C,Cu2+,Cc1nnc(COc2nc3scc(-c4ccccc4)c3c(=O)n2-c2ccccc2)nc1C.[Cu+2],1.9717336
TRZ05891,Cc1nnc(-c2nnn(-c3cccc(F)c3)c2-c2cccc(F)c2F)nc1C,Cu2+,Cc1nnc(-c2nnn(-c3cccc(F)c3)c2-c2cccc(F)c2F)nc1C.[Cu+2],1.9716449
TRZ03978,Cc1nnc(-c2ncc(C(F)(F)F)cc2N)nc1C,Cu2+,Cc1nnc(-c2ncc(C(F)(F)F)cc2N)nc1C.[Cu+2],1.9702768
TRZ00839,Cc1nnc(CCn2ccnc2)nc1C,Cu2+,Cc1nnc(CCn2ccnc2)nc1C.[Cu+2],1.9672308
TRZ04705,Cc1nnc(Cc2ncccc2F)nc1C,Cu2+,Cc1nnc(Cc2ncccc2F)nc1C.[Cu+2],1.9649701
TRZ02316,Cc1nnc(-c2c(NC(=O)c3ccc(Cl)cc3)sc(C)c2C)nc1C,Cu2+,Cc1nnc(-c2c(NC(=O)c3ccc(Cl)cc3)sc(C)c2C)nc1C.[Cu+2],1.963057
TRZ02604,Cc1nnc(-c2c(-n3cccc3)no[n+]2[O-])nc1C,Cu2+,Cc1nnc(-c2c(-n3cccc3)no[n+]2[O-])nc1C.[Cu+2],1.9624205
TRZ05346,Cc1nnc(-c2cc(F)c[nH]2)nc1C,Cu2+,Cc1nnc(-c2cc(F)c[nH]2)nc1C.[Cu+2],1.959836
TRZ00307,Cc1nnc(CNc2ccccc2Cl)nc1C,Cu2+,Cc1nnc(CNc2ccccc2Cl)nc1C.[Cu+2],1.9577026
TRZ02912,Cc1nnc(CNC(=O)Nc2ccc(F)cc2)nc1C,Cu2+,Cc1nnc(CNC(=O)Nc2ccc(F)cc2)nc1C.[Cu+2],1.9570913
TRZ02734,Cc1nnc(-c2ccccc2ON)nc1C,Cu2+,Cc1nnc(-c2ccccc2ON)nc1C.[Cu+2],1.954453
TRZ02197,Cc1nnc(-c2c(O)c3cc(F)cc4c3n(c2=O)C(C)CC4)nc1C,Cu2+,Cc1nnc(-c2c(O)c3cc(F)cc4c3n(c2=O)C(C)CC4)nc1C.[Cu+2],1.9536319
TRZ03010,Cc1nnc(CC(=O)Nc2ccc(OCc3cccc(F)c3)cc2)nc1C,Cu2+,Cc1nnc(CC(=O)Nc2ccc(OCc3cccc(F)c3)cc2)nc1C.[Cu+2],1.9532733
TRZ00368,COc1ccc(N(C)c2nc(C)nc3ccccc23)cc1OC(C)c1nnc(C)c(C)n1,Cu2+,COc1ccc(N(C)c2nc(C)nc3ccccc23)cc1OC(C)c1nnc(C)c(C)n1.[Cu+2],1.9519873
TRZ00635,Cc1nnc(Cn2c(-c3ccccc3)cc(=O)n3ncnc23)nc1C,Cu2+,Cc1nnc(Cn2c(-c3ccccc3)cc(=O)n3ncnc23)nc1C.[Cu+2],1.9511571
TRZ01516,Cc1nnc(Cn2ccc(C(F)(F)F)n2)nc1C,Cu2+,Cc1nnc(Cn2ccc(C(F)(F)F)n2)nc1C.[Cu+2],1.9508991
TRZ01040,Cc1nnc(-c2nc(-c3ccccc3)cc(N3Cc4ccccc4CC3C)n2)nc1C,Cu2+,Cc1nnc(-c2nc(-c3ccccc3)cc(N3Cc4ccccc4CC3C)n2)nc1C.[Cu+2],1.9505119
TRZ02427,Cc1nnc(Cc2sc3ccc(Cl)cc3c2C)nc1C,Cu2+,Cc1nnc(Cc2sc3ccc(Cl)cc3c2C)nc1C.[Cu+2],1.9497485
TRZ05584,Cc1cc(-c2nnc(C)c(C)n2)nc(N2CCC(F)(F)CC2)c1,Cu2+,Cc1cc(-c2nnc(C)c(C)n2)nc(N2CCC(F)(F)CC2)c1.[Cu+2],1.9481277
TRZ05115,Cc1nnc(-c2c(N)cccc2-c2ccc(F)cc2)nc1C,Cu2+,Cc1nnc(-c2c(N)cccc2-c2ccc(F)cc2)nc1C.[Cu+2],1.9472933
TRZ02180,Cc1ccc(OCc2nnc(C)c(C)n2)cn1,Cu2+,Cc1ccc(OCc2nnc(C)c(C)n2)cn1.[Cu+2],1.9469738
TRZ01384,Cc1nnc(/C(=C\c2ccc3ccccc3c2)N(C)C)nc1C,Cu2+,Cc1nnc(/C(=C\c2ccc3ccccc3c2)N(C)C)nc1C.[Cu+2],1.9458814
TRZ00253,Cc1ccc([N+](=O)[O-])cc1NCc1nnc(C)c(C)n1,Cu2+,Cc1ccc([N+](=O)[O-])cc1NCc1nnc(C)c(C)n1.[Cu+2],1.9441099
TRZ03448,COc1ccc2c(-c3nnc(C)c(C)n3)nn(Cc3ccc(Cl)cc3F)c2c1,Cu2+,COc1ccc2c(-c3nnc(C)c(C)n3)nn(Cc3ccc(Cl)cc3F)c2c1.[Cu+2],1.9406266
TRZ05758,Cc1nnc(-c2ccc(N3CCC(Oc4cc(F)ccc4Cl)CC3)nn2)nc1C,Cu2+,Cc1nnc(-c2ccc(N3CCC(Oc4cc(F)ccc4Cl)CC3)nn2)nc1C.[Cu+2],1.9401975
TRZ04841,Cc1nnc(-c2ccc(CN(C(=O)N3CCOCC3)c3ccc(F)c(Cl)c3)cn2)nc1C,Cu2+,Cc1nnc(-c2ccc(CN(C(=O)N3CCOCC3)c3ccc(F)c(Cl)c3)cn2)nc1C.[Cu+2],1.9395227
TRZ01333,Cc1nnc(C2=CO[C@@H](C)[C@H]3CN4CCc5c(n(C)c6ccccc56)[C@@H]4C[C@H]23)nc1C,Cu2+,Cc1nnc(C2=CO[C@@H](C)[C@H]3CN4CCc5c(n(C)c6ccccc56)[C@@H]4C[C@H]23)nc1C.[Cu+2],1.936645
TRZ00239,Cc1nnc(-c2nn(Cc3ccc(Cl)cc3Cl)c3ccccc23)nc1C,Cu2+,Cc1nnc(-c2nn(Cc3ccc(Cl)cc3Cl)c3ccccc23)nc1C.[Cu+2],1.9356956
TRZ03615,COc1ccc(-c2nc3n[nH]c(-c4nnc(C)c(C)n4)c3c(C)c2C)c(F)c1,Cu2+,COc1ccc(-c2nc3n[nH]c(-c4nnc(C)c(C)n4)c3c(C)c2C)c(F)c1.[Cu+2],1.9355054
TRZ05296,Cc1nnc(C(C)NC(=O)c2cc(Cl)cc(S(=O)(=O)C(F)(F)F)c2)nc1C,Cu2+,Cc1nnc(C(C)NC(=O)c2cc(Cl)cc(S(=O)(=O)C(F)(F)F)c2)nc1C.[Cu+2],1.935483
TRZ00482,Cc1nnc(-c2c(C)nc3ccc(Cl)cn23)nc1C,Cu2+,Cc1nnc(-c2c(C)nc3ccc(Cl)cn23)nc1C.[Cu+2],1.934854
TRZ03927,Cc1nnc(C=Cn2cnc(-c3cc(OC(=O)OCC(C)C)cc(C(F)(F)F)c3)n2)nc1C,Cu2+,Cc1nnc(C=Cn2cnc(-c3cc(OC(=O)OCC(C)C)cc(C(F)(F)F)c3)n2)nc1C.[Cu+2],1.934813
TRZ05822,Cc1nnc(-c2c(S)ccc(F)c2Cl)nc1C,Cu2+,Cc1nnc(-c2c(S)ccc(F)c2Cl)nc1C.[Cu+2],1.9347339
TRZ00809,Cc1nnc(C2=CO[C@@H](C)[C@@H]3CN4CCc5c([nH]c6ccccc56)[C@@H]4C[C@H]23)nc1C,Cu2+,Cc1nnc(C2=CO[C@@H](C)[C@@H]3CN4CCc5c([nH]c6ccccc56)[C@@H]4C[C@H]23)nc1C.[Cu+2],1.9335403
TRZ05023,Cc1nnc(-c2c(F)c3n(c2C=N)CCCC3)nc1C,Cu2+,Cc1nnc(-c2c(F)c3n(c2C=N)CCCC3)nc1C.[Cu+2],1.9318767
TRZ03498,Cc1nnc(C(C#N)(CCCCl)c2ccc(F)cc2)nc1C,Cu2+,Cc1nnc(C(C#N)(CCCCl)c2ccc(F)cc2)nc1C.[Cu+2],1.93009
TRZ03795,Cc1nnc(-c2cn(C)c3cccc(F)c23)nc1C,Cu2+,Cc1nnc(-c2cn(C)c3cccc(F)c23)nc1C.[Cu+2],1.9261684
TRZ00826,Cc1nnc(-c2cn(-c3ccccc3)nc2-c2ccccc2)nc1C,Cu2+,Cc1nnc(-c2cn(-c3ccccc3)nc2-c2ccccc2)nc1C.[Cu+2],1.9247904
TRZ03772,Cc1nnc(C2C(=O)Nc3cccc(-c4ccc(F)cc4)c32)nc1C,Cu2+,Cc1nnc(C2C(=O)Nc3cccc(-c4ccc(F)cc4)c32)nc1C.[Cu+2],1.9241304
TRZ02104,Cc1ccc(F)cc1CNC(=O)c1nnc(C)c(C)n1,Cu2+,Cc1ccc(F)cc1CNC(=O)c1nnc(C)c(C)n1.[Cu+2],1.9233313
TRZ03181,Cc1ccc2c(-c3nnc(C)c(C)n3)nn(Cc3ccc(F)cc3F)c2c1,Cu2+,Cc1ccc2c(-c3nnc(C)c(C)n3)nn(Cc3ccc(F)cc3F)c2c1.[Cu+2],1.9232068
TRZ04479,Cc1nnc(-c2cc(-c3cnc(C(F)(F)F)nc3)ccc2N)nc1C,Cu2+,Cc1nnc(-c2cc(-c3cnc(C(F)(F)F)nc3)ccc2N)nc1C.[Cu+2],1.923039
TRZ05784,COc1ccc(-c2[nH]c3c(F)cc(F)cc3c2-c2nnc(C)c(C)n2)nc1,Cu2+,COc1ccc(-c2[nH]c3c(F)cc(F)cc3c2-c2nnc(C)c(C)n2)nc1.[Cu+2],1.9218903
TRZ00129,Cc1nnc(-c2ccncn2)nc1C,Cu2+,Cc1nnc(-c2ccncn2)nc1C.[Cu+2],1.9214559
TRZ05762,Cc1nnc(-c2cnc(NCc3cc(F)cc(F)c3)nc2)nc1C,Cu2+,Cc1nnc(-c2cnc(NCc3cc(F)cc(F)c3)nc2)nc1C.[Cu+2],1.9205823
TRZ01722,Cc1nnc(/C=C2/Nc3ccc(C#N)cc3NC2=O)nc1C,Cu2+,Cc1nnc(/C=C2/Nc3ccc(C#N)cc3NC2=O)nc1C.[Cu+2],1.919714
TRZ00074,Cc1cc(-c2nnc(C)c(C)n2)n[nH]1,Cu2+,Cc1cc(-c2nnc(C)c(C)n2)n[nH]1.[Cu+2],1.9193258
TRZ01037,Cc1nnc(-c2nc(-c3ccccc3)cc(N3CCc4ccccc43)n2)nc1C,Cu2+,Cc1nnc(-c2nc(-c3ccccc3)cc(N3CCc4ccccc43)n2)nc1C.[Cu+2],1.9166136
TRZ00032,Cc1nnc(COc2cccc3ccccc23)nc1C,Cu2+,Cc1nnc(COc2cccc3ccccc23)nc1C.[Cu+2],1.9151702
TRZ05492,CCOc1ccc(-c2cncc(-c3nnc(C)c(C)n3)n2)c(C(F)(F)F)c1,Cu2+,CCOc1ccc(-c2cncc(-c3nnc(C)c(C)n3)n2)c(C(F)(F)F)c1.[Cu+2],1.9129596
TRZ00811,Cc1nnc(C2=CO[C@@H](C)[C@H]3CN4CCc5c([nH]c6ccccc56)[C@@H]4C[C@H]23)nc1C,Cu2+,Cc1nnc(C2=CO[C@@H](C)[C@H]3CN4CCc5c([nH]c6ccccc56)[C@@H]4C[C@H]23)nc1C.[Cu+2],1.9093657
TRZ01153,Cc1nnc(-c2c(N)sc3c2CCCCC3)nc1C,Cu2+,Cc1nnc(-c2c(N)sc3c2CCCCC3)nc1C.[Cu+2],1.9077301
TRZ01818,Cc1nnc(-c2ncn(-c3cccc(Cl)c3)c2-c2cccc(F)c2)nc1C,Cu2+,Cc1nnc(-c2ncn(-c3cccc(Cl)c3)c2-c2cccc(F)c2)nc1C.[Cu+2],1.9059086
TRZ02885,Cc1nnc(-c2cn(-c3ccc(F)cc3)nn2)nc1C,Cu2+,Cc1nnc(-c2cn(-c3ccc(F)cc3)nn2)nc1C.[Cu+2],1.9058299
TRZ01707,Cc1nc2cc(-c3nnc(C)c(C)n3)c([N+](=O)[O-])cc2[nH]1,Cu2+,Cc1nc2cc(-c3nnc(C)c(C)n3)c([N+](=O)[O-])cc2[nH]1.[Cu+2],1.904655
TRZ03833,CCC(O)(c1ccc(F)cc1)c1nnc(C)c(C)n1,Cu2+,CCC(O)(c1ccc(F)cc1)c1nnc(C)c(C)n1.[Cu+2],1.9032507
TRZ04469,Cc1nnc(Cn2nc(C3=CCC(Cl)C=C3)n(C[C@H](O)C(F)(F)F)c2=O)nc1C,Cu2+,Cc1nnc(Cn2nc(C3=CCC(Cl)C=C3)n(C[C@H](O)C(F)(F)F)c2=O)nc1C.[Cu+2],1.9022384
TRZ03502,COc1ccc(-c2nc3n[nH]c(-c4nnc(C)c(C)n4)c3c(C)c2C#N)c(F)c1,Cu2+,COc1ccc(-c2nc3n[nH]c(-c4nnc(C)c(C)n4)c3c(C)c2C#N)c(F)c1.[Cu+2],1.8980947
TRZ04902,CSc1nccc(-c2cc(F)nc(-c3nnc(C)c(C)n3)c2)n1,Cu2+,CSc1nccc(-c2cc(F)nc(-c3nnc(C)c(C)n3)c2)n1.[Cu+2],1.8980823
TRZ02969,Cc1nnc(Cc2nc3cc(F)c(N4CCN(C(=O)OC(C)(C)C)CC4)cc3n2C2CC2)nc1C,Cu2+,Cc1nnc(Cc2nc3cc(F)c(N4CCN(C(=O)OC(C)(C)C)CC4)cc3n2C2CC2)nc1C.[Cu+2],1.8967028
TRZ04934,Cc1nnc(-c2cc(Cl)c(F)cc2N(C(C)(C)C)S(=O)(=O)c2ccccc2)nc1C,Cu2+,Cc1nnc(-c2cc(Cl)c(F)cc2N(C(C)(C)C)S(=O)(=O)c2ccccc2)nc1C.[Cu+2],1.8952827
TRZ05238,Cc1nnc(C(=O)CNCc2ccc(F)cc2)nc1C,Cu2+,Cc1nnc(C(=O)CNCc2ccc(F)cc2)nc1C.[Cu+2],1.8943462
TRZ03848,COc1cc(Oc2cccc(OC(F)(F)F)c2)nc(-c2nnc(C)c(C)n2)c1,Cu2+,COc1cc(Oc2cccc(OC(F)(F)F)c2)nc(-c2nnc(C)c(C)n2)c1.[Cu+2],1.893857
TRZ01581,Cc1nnc(-c2cc3c(cn2)sc2ccccc23)nc1C,Cu2+,Cc1nnc(-c2cc3c(cn2)sc2ccccc23)nc1C.[Cu+2],1.8934083
TRZ00222,Cc1nnc(-c2cc3cc(F)ccc3[nH]2)nc1C,Cu2+,Cc1nnc(-c2cc3cc(F)ccc3[nH]2)nc1C.[Cu+2],1.8914428
TRZ01872,Cc1nnc(-c2csc(-c3cccc(-n4cccc4)c3)n2)nc1C,Cu2+,Cc1nnc(-c2csc(-c3cccc(-n4cccc4)c3)n2)nc1C.[Cu+2],1.8886738
TRZ05528,Cc1nnc(-c2nn3c(c2Nc2ccc(C(F)(F)F)cc2)CCC3)nc1C,Cu2+,Cc1nnc(-c2nn3c(c2Nc2ccc(C(F)(F)F)cc2)CCC3)nc1C.[Cu+2],1.8879066
TRZ01034,COc1cc(-c2cc(-c3ccc(C(F)(F)F)nc3)nc(-c3nnc(C)c(C)n3)n2)ccn1,Cu2+,COc1cc(-c2cc(-c3ccc(C(F)(F)F)nc3)nc(-c3nnc(C)c(C)n3)n2)ccn1.[Cu+2],1.8876896
TRZ01820,CCN(CC)c1nc2oc(C)c(-c3nnc(C)c(C)n3)c2c(=O)n1-c1ccccc1,Cu2+,CCN(CC)c1nc2oc(C)c(-c3nnc(C)c(C)n3)c2c(=O)n1-c1ccccc1.[Cu+2],1.8864317
TRZ00810,COc1ccc2[nH]c3c(c2c1)CCN1C[C@@H]2[C@H](C)OC=C(c4nnc(C)c(C)n4)[C@H]2C[C@@H]31,Cu2+,COc1ccc2[nH]c3c(c2c1)CCN1C[C@@H]2[C@H](C)OC=C(c4nnc(C)c(C)n4)[C@H]2C[C@@H]31.[Cu+2],1.8854566
TRZ01976,Cc1ccccc1NCc1nnc(C)c(C)n1,Cu2+,Cc1ccccc1NCc1nnc(C)c(C)n1.[Cu+2],1.8851285
TRZ02130,Cc1ccc(NCc2nnc(C)c(C)n2)c(C)c1,Cu2+,Cc1ccc(NCc2nnc(C)c(C)n2)c(C)c1.[Cu+2],1.8846273
TRZ04511,Cc1nnc(-c2ccc(CC3(c4ccc(F)c(Cl)c4)CN(C(N)=O)CCO3)nc2)nc1C,Cu2+,Cc1nnc(-c2ccc(CC3(c4ccc(F)c(Cl)c4)CN(C(N)=O)CCO3)nc2)nc1C.[Cu+2],1.8830171
TRZ03752,Cc1nnc(C2C(=O)Nc3ccc(OC(F)(F)F)cc32)nc1C,Cu2+,Cc1nnc(C2C(=O)Nc3ccc(OC(F)(F)F)cc32)nc1C.[Cu+2],1.8828659
TRZ01639,Cc1nnc(-c2c(N)sc3c2CCCCCC3)nc1C,Cu2+,Cc1nnc(-c2c(N)sc3c2CCCCCC3)nc1C.[Cu+2],1.8819737
TRZ01617,CCOC(=O)c1sc(N)c(-c2nnc(C)c(C)n2)c1C,Cu2+,CCOC(=O)c1sc(N)c(-c2nnc(C)c(C)n2)c1C.[Cu+2],1.8817711
TRZ03771,Cc1nnc(-c2csc(-c3ccc(F)cc3)c2)nc1C,Cu2+,Cc1nnc(-c2csc(-c3ccc(F)cc3)c2)nc1C.[Cu+2],1.8805556
TRZ00521,Cc1nnc(/C(C#N)=N/Nc2c(Cl)cccc2Cl)nc1C,Cu2+,Cc1nnc(/C(C#N)=N/Nc2c(Cl)cccc2Cl)nc1C.[Cu+2],1.8802743
TRZ04111,Cc1nnc(C2CCc3ccc(C(F)(F)F)cc3N2C)nc1C,Cu2+,Cc1nnc(C2CCc3ccc(C(F)(F)F)cc3N2C)nc1C.[Cu+2],1.8796492
TRZ02311,COc1cccc(C(=O)NCc2nnc(C)c(C)n2)c1,Cu2+,COc1cccc(C(=O)NCc2nnc(C)c(C)n2)c1.[Cu+2],1.8792362
TRZ04063,Cc1nnc(Cc2nc3ccc(-c4ccc(F)cc4)cc3s2)nc1C,Cu2+,Cc1nnc(Cc2nc3ccc(-c4ccc(F)cc4)cc3s2)nc1C.[Cu+2],1.87882
TRZ01498,Cc1cc(NCc2nnc(C)c(C)n2)ccc1Cl,Cu2+,Cc1cc(NCc2nnc(C)c(C)n2)ccc1Cl.[Cu+2],1.8787327
TRZ01068,Cc1nnc(CN(C)c2ccc3ccccc3c2)nc1C,Cu2+,Cc1nnc(CN(C)c2ccc3ccccc3c2)nc1C.[Cu+2],1.8774371
TRZ01386,Cc1nnc(/C(=C/c2ccc3ccccc3c2)N(C)C)nc1C,Cu2+,Cc1nnc(/C(=C/c2ccc3ccccc3c2)N(C)C)nc1C.[Cu+2],1.8733745
TRZ05691,Cc1nnc(-c2cc(Cl)cnc2OCC(F)(F)F)nc1C,Cu2+,Cc1nnc(-c2cc(Cl)cnc2OCC(F)(F)F)nc1C.[Cu+2],1.871181
TRZ00496,COc1ccc(-c2cc(-c3nnc(C)c(C)n3)n(-c3ccccc3)n2)cc1,Cu2+,COc1ccc(-c2cc(-c3nnc(C)c(C)n3)n(-c3ccccc3)n2)cc1.[Cu+2],1.8698854
TRZ01719,Cc1nnc(/C=C2/Nc3cc(Cl)c(Cl)cc3NC2=O)nc1C,Cu2+,Cc1nnc(/C=C2/Nc3cc(Cl)c(Cl)cc3NC2=O)nc1C.[Cu+2],1.8684735
TRZ01822,CCN(CC)c1nc2oc(C)c(-c3nnc(C)c(C)n3)c2c(=O)n1-c1cccc(C)c1,Cu2+,CCN(CC)c1nc2oc(C)c(-c3nnc(C)c(C)n3)c2c(=O)n1-c1cccc(C)c1.[Cu+2],1.8680129
TRZ03258,COc1cc(O)c(F)cc1-c1nnc(C)c(C)n1,Cu2+,COc1cc(O)c(F)cc1-c1nnc(C)c(C)n1.[Cu+2],1.8669252
TRZ02846,Cc1nc(-c2ccc(F)cc2)ccc1-c1nnc(C)c(C)n1,Cu2+,Cc1nc(-c2ccc(F)cc2)ccc1-c1nnc(C)c(C)n1.[Cu+2],1.8664412
TRZ03544,Cc1nnc(-c2ccc3cccc(F)c3n2)nc1C,Cu2+,Cc1nnc(-c2ccc3cccc(F)c3n2)nc1C.[Cu+2],1.8633881
TRZ01391,CC(=O)Nc1ccc(C(=O)N/C(=C\c2ccccc2Cl)c2nnc(C)c(C)n2)cc1,Cu2+,CC(=O)Nc1ccc(C(=O)N/C(=C\c2ccccc2Cl)c2nnc(C)c(C)n2)cc1.[Cu+2],1.8607845
TRZ02715,Cc1nnc(-c2cc3ccccc3cn2)nc1C,Cu2+,Cc1nnc(-c2cc3ccccc3cn2)nc1C.[Cu+2],1.8602738
TRZ02891,Cc1nnc(CNc2cccc(C(F)(F)F)c2)nc1C,Cu2+,Cc1nnc(CNc2cccc(C(F)(F)F)c2)nc1C.[Cu+2],1.8581715
TRZ01969,Cc1cccc(NCc2nnc(C)c(C)n2)c1,Cu2+,Cc1cccc(NCc2nnc(C)c(C)n2)c1.[Cu+2],1.8580546
TRZ05374,Cc1nnc(-c2nn(Cc3ccc(C(F)(F)F)cc3)c3ccccc23)nc1C,Cu2+,Cc1nnc(-c2nn(Cc3ccc(C(F)(F)F)cc3)c3ccccc23)nc1C.[Cu+2],1.8560615
TRZ04015,Cc1nnc(C2CC3(CN(C(=O)C(F)(F)F)C=N3)c3ccccc3O2)nc1C,Cu2+,Cc1nnc(C2CC3(CN(C(=O)C(F)(F)F)C=N3)c3ccccc3O2)nc1C.[Cu+2],1.8538165
TRZ04940,Cc1nnc(-c2c(N(C(C)(C)C)S(=O)(=O)c3ccccc3)ccc(Cl)c2F)nc1C,Cu2+,Cc1nnc(-c2c(N(C(C)(C)C)S(=O)(=O)c3ccccc3)ccc(Cl)c2F)nc1C.[Cu+2],1.8511643
TRZ01020,COCCOc1ccc(-c2cc(-c3ccccc3)nc(-c3nnc(C)c(C)n3)n2)cc1,Cu2+,COCCOc1ccc(-c2cc(-c3ccccc3)nc(-c3nnc(C)c(C)n3)n2)cc1.[Cu+2],1.8505759
TRZ04724,Cc1nnc([C@H](CNC(=O)OC(C)(C)C)Nc2ccc(C(F)(F)F)cc2)nc1C,Cu2+,Cc1nnc([C@H](CNC(=O)OC(C)(C)C)Nc2ccc(C(F)(F)F)cc2)nc1C.[Cu+2],1.8499627
TRZ00847,Cc1nn(C)cc1-c1nnc(C)c(C)n1,Cu2+,Cc1nn(C)cc1-c1nnc(C)c(C)n1.[Cu+2],1.8497443
TRZ03538,COc1ccc(C(=O)C2CC(C)(C)Cc3c2c(-c2nnc(C)c(C)n2)nn3C)cc1C(F)(F)F,Cu2+,COc1ccc(C(=O)C2CC(C)(C)Cc3c2c(-c2nnc(C)c(C)n2)nn3C)cc1C(F)(F)F.[Cu+2],1.8480916
TRZ01390,CC(=O)Nc1ccc(C(=O)N/C(=C\c2ccccc2)c2nnc(C)c(C)n2)cc1,Cu2+,CC(=O)Nc1ccc(C(=O)N/C(=C\c2ccccc2)c2nnc(C)c(C)n2)cc1.[Cu+2],1.8479438
TRZ03783,Cc1nnc(C2=CNC(C3CC3)N2c2ccc(C(F)(F)F)cc2)nc1C,Cu2+,Cc1nnc(C2=CNC(C3CC3)N2c2ccc(C(F)(F)F)cc2)nc1C.[Cu+2],1.8470802
TRZ01669,Cc1nnc(-c2c(-c3ccccc3)nn(-c3ccccc3)c2C)nc1C,Cu2+,Cc1nnc(-c2c(-c3ccccc3)nn(-c3ccccc3)c2C)nc1C.[Cu+2],1.8464818
TRZ03420,Cc1nnc(-c2nn(Cc3ccc(F)cc3F)c3cc(OC(F)(F)F)ccc23)nc1C,Cu2+,Cc1nnc(-c2nn(Cc3ccc(F)cc3F)c3cc(OC(F)(F)F)ccc23)nc1C.[Cu+2],1.8462949
TRZ03736,Cc1nnc(-c2nn(Cc3ccc(F)cc3F)c3cc(C(F)(F)F)cnc23)nc1C,Cu2+,Cc1nnc(-c2nn(Cc3ccc(F)cc3F)c3cc(C(F)(F)F)cnc23)nc1C.[Cu+2],1.8421402
TRZ05319,Cc1nnc(Cc2ccc(F)cn2)nc1C,Cu2+,Cc1nnc(Cc2ccc(F)cn2)nc1C.[Cu+2],1.8421063
TRZ04977,Cc1nnc(-c2cn(-c3ccc(Cl)cc3C(F)(F)F)cn2)nc1C,Cu2+,Cc1nnc(-c2cn(-c3ccc(Cl)cc3C(F)(F)F)cn2)nc1C.[Cu+2],1.8409882
TRZ02435,Cc1nnc(C(C)Oc2ccccc2Br)nc1C,Cu2+,Cc1nnc(C(C)Oc2ccccc2Br)nc1C.[Cu+2],1.8399181
TRZ02011,Cc1nnc(C2C(=O)NCC2c2ccccc2)nc1C,Cu2+,Cc1nnc(C2C(=O)NCC2c2ccccc2)nc1C.[Cu+2],1.8396192
TRZ00760,Cc1nnc(CNc2ccc(F)cc2)nc1C,Cu2+,Cc1nnc(CNc2ccc(F)cc2)nc1C.[Cu+2],1.8358254
TRZ05352,Cc1nnc(-c2cc3c(N[C@H]4CCN(C)C[C@@H]4F)cccc3n2CC(F)(F)F)nc1C,Cu2+,Cc1nnc(-c2cc3c(N[C@H]4CCN(C)C[C@@H]4F)cccc3n2CC(F)(F)F)nc1C.[Cu+2],1.8356118
TRZ01226,Cc1cc(Cc2nnc(C)c(C)n2)n[nH]1,Cu2+,Cc1cc(Cc2nnc(C)c(C)n2)n[nH]1.[Cu+2],1.830028
TRZ03727,Cc1nnc(-c2nn(Cc3ccc(F)cc3F)c3cc([N+](=O)[O-])ccc23)nc1C,Cu2+,Cc1nnc(-c2nn(Cc3ccc(F)cc3F)c3cc([N+](=O)[O-])ccc23)nc1C.[Cu+2],1.8288455
TRZ03154,Cc1nnc(-c2ccc(N3CC(Cc4ccccc4C(F)(F)F)C3)nn2)nc1C,Cu2+,Cc1nnc(-c2ccc(N3CC(Cc4ccccc4C(F)(F)F)C3)nn2)nc1C.[Cu+2],1.8269243
TRZ02526,CCOC(=O)c1c(C)c(-c2ccccc2)n(Cc2nnc(C)c(C)n2)c1C,Cu2+,CCOC(=O)c1c(C)c(-c2ccccc2)n(Cc2nnc(C)c(C)n2)c1C.[Cu+2],1.8268452
TRZ02923,Cc1nnc(Cc2csc3nc(-c4ccc(F)cc4)cn23)nc1C,Cu2+,Cc1nnc(Cc2csc3nc(-c4ccc(F)cc4)cn23)nc1C.[Cu+2],1.8257871
TRZ01056,Cc1nnc(-c2nc(-c3ccc(C(F)(F)F)nc3)cc(-c3ccsc3)n2)nc1C,Cu2+,Cc1nnc(-c2nc(-c3ccc(C(F)(F)F)nc3)cc(-c3ccsc3)n2)nc1C.[Cu+2],1.824789
TRZ02963,Cc1nnc(C(F)(F)C(O)c2ccccn2)nc1C,Cu2+,Cc1nnc(C(F)(F)C(O)c2ccccn2)nc1C.[Cu+2],1.8240533
TRZ02023,Cc1ccc(-c2ccc(-c3nnc(C)c(C)n3)c(C)n2)cc1,Cu2+,Cc1ccc(-c2ccc(-c3nnc(C)c(C)n3)c(C)n2)cc1.[Cu+2],1.8232331
TRZ01805,Cc1nnc(-c2nc(-c3ccccc3)cc(N3CCCc4ccccc43)n2)nc1C,Cu2+,Cc1nnc(-c2nc(-c3ccccc3)cc(N3CCCc4ccccc43)n2)nc1C.[Cu+2],1.8190207
TRZ04925,Cc1nnc([C@@H]2O[C@@H]3CO[C@H](c4ccccc4)O[C@@H]3[C@H](N3N=NCC3F)[C@H]2O)nc1C,Cu2+,Cc1nnc([C@@H]2O[C@@H]3CO[C@H](c4ccccc4)O[C@@H]3[C@H](N3N=NCC3F)[C@H]2O)nc1C.[Cu+2],1.8189988
TRZ00133,Cc1ccc(S(=O)(=O)c2c(-c3nnc(C)c(C)n3)[nH]c3ccc(Cl)cc23)cc1,Cu2+,Cc1ccc(S(=O)(=O)c2c(-c3nnc(C)c(C)n3)[nH]c3ccc(Cl)cc23)cc1.[Cu+2],1.8180556
TRZ03525,Cc1nnc(C(F)Nc2ccc(F)cc2)nc1C,Cu2+,Cc1nnc(C(F)Nc2ccc(F)cc2)nc1C.[Cu+2],1.8178711
TRZ02508,Cc1ccc(NCc2nnc(SCc3nnc(C)c(C)n3)n2-c2ccccc2)cc1,Cu2+,Cc1ccc(NCc2nnc(SCc3nnc(C)c(C)n3)n2-c2ccccc2)cc1.[Cu+2],1.8168736
TRZ05580,Cc1cc(-c2nnc(C)c(C)n2)nc(N2CCC(C(F)(F)F)C2)c1,Cu2+,Cc1cc(-c2nnc(C)c(C)n2)nc(N2CCC(C(F)(F)F)C2)c1.[Cu+2],1.8168235
TRZ02525,CCOC(=O)c1cc(-c2ccccc2)n(Cc2nnc(C)c(C)n2)c1C,Cu2+,CCOC(=O)c1cc(-c2ccccc2)n(Cc2nnc(C)c(C)n2)c1C.[Cu+2],1.816484
TRZ02624,Cc1nnc(Cc2ccc[nH]2)nc1C,Cu2+,Cc1nnc(Cc2ccc[nH]2)nc1C.[Cu+2],1.8135586
TRZ02565,CCCNc1nc2oc(C)c(-c3nnc(C)c(C)n3)c2c(=O)n1-c1cccc(C)c1,Cu2+,CCCNc1nc2oc(C)c(-c3nnc(C)c(C)n3)c2c(=O)n1-c1cccc(C)c1.[Cu+2],1.8128519
TRZ00835,Cc1nnc(C(C)Nc2nc3ccccc3s2)nc1C,Cu2+,Cc1nnc(C(C)Nc2nc3ccccc3s2)nc1C.[Cu+2],1.8128386
TRZ01414,Cc1ccc(-n2c(SCc3nnc(C)c(C)n3)nnc2-c2ccccc2)cc1,Cu2+,Cc1ccc(-n2c(SCc3nnc(C)c(C)n3)nnc2-c2ccccc2)cc1.[Cu+2],1.8114476
TRZ00216,Cc1nnc(-c2cccc3cc[nH]c23)nc1C,Cu2+,Cc1nnc(-c2cccc3cc[nH]c23)nc1C.[Cu+2],1.8111353
TRZ00039,Cc1nnc(CCn2c3ccccc3c3ccccc32)nc1C,Cu2+,Cc1nnc(CCn2c3ccccc3c3ccccc32)nc1C.[Cu+2],1.810729
TRZ02579,Cc1nnc(CS(=O)(=O)Cc2ccccc2)nc1C,Cu2+,Cc1nnc(CS(=O)(=O)Cc2ccccc2)nc1C.[Cu+2],1.8099337
TRZ05079,Cc1nnc(-c2c(C)[nH]c(/C=C3/C(=O)Nc4ccc(F)cc43)c2C)nc1C,Cu2+,Cc1nnc(-c2c(C)[nH]c(/C=C3/C(=O)Nc4ccc(F)cc43)c2C)nc1C.[Cu+2],1.8093038
TRZ05689,Cc1nnc(CSc2nnc(-c3ccco3)n2-c2ccc(F)cc2)nc1C,Cu2+,Cc1nnc(CSc2nnc(-c3ccco3)n2-c2ccc(F)cc2)nc1C.[Cu+2],1.8082623
TRZ00602,Cc1nnc(C(C#N)(Cc2ccccc2)Cc2ccccc2)nc1C,Cu2+,Cc1nnc(C(C#N)(Cc2ccccc2)Cc2ccccc2)nc1C.[Cu+2],1.8080525
TRZ01359,COc1cccc2c(SCc3nnc(C)c(C)n3)c3ccccc3nc12,Cu2+,COc1cccc2c(SCc3nnc(C)c(C)n3)c3ccccc3nc12.[Cu+2],1.8075328
TRZ02524,Cc1cc(C)c(-c2nnc(C)c(C)n2)[nH]1,Cu2+,Cc1cc(C)c(-c2nnc(C)c(C)n2)[nH]1.[Cu+2],1.807116
TRZ01064,Cc1nnc(-c2cc3c(cc2Nc2ccc4c(c2)OCO4)OCCO3)nc1C,Cu2+,Cc1nnc(-c2cc3c(cc2Nc2ccc4c(c2)OCO4)OCCO3)nc1C.[Cu+2],1.8057714
TRZ03461,Cc1nnc(-c2nn(Cc3ccc(F)cc3F)c3cc(C(F)F)ccc23)nc1C,Cu2+,Cc1nnc(-c2nn(Cc3ccc(F)cc3F)c3cc(C(F)F)ccc23)nc1C.[Cu+2],1.8050399
TRZ01736,Cc1nnc(-c2cc3ccc(OCc4ccc([N+](=O)[O-])cc4)cc3oc2=O)nc1C,Cu2+,Cc1nnc(-c2cc3ccc(OCc4ccc([N+](=O)[O-])cc4)cc3oc2=O)nc1C.[Cu+2],1.8048134
TRZ04470,Cc1nnc(-c2cc(C)n3ncc(C(=O)NC(C4CC4)C(F)(F)F)c3n2)nc1C,Cu2+,Cc1nnc(-c2cc(C)n3ncc(C(=O)NC(C4CC4)C(F)(F)F)c3n2)nc1C.[Cu+2],1.8040586
TRZ00300,Cc1nnc(C(C)Nc2ccc(Cl)cc2)nc1C,Cu2+,Cc1nnc(C(C)Nc2ccc(Cl)cc2)nc1C.[Cu+2],1.8034377
TRZ05516,Cc1nnc(-c2cc(-c3cncc(F)c3)c(F)c(C)n2)nc1C,Cu2+,Cc1nnc(-c2cc(-c3cncc(F)c3)c(F)c(C)n2)nc1C.[Cu+2],1.8026671
TRZ02035,COc1cc(N)c(-c2nnc(C)c(C)n2)cc1OC,Cu2+,COc1cc(N)c(-c2nnc(C)c(C)n2)cc1OC.[Cu+2],1.8025284
TRZ00728,COc1cc(C(=O)NCc2nnc(C)c(C)n2)cc(OC)c1OC,Cu2+,COc1cc(C(=O)NCc2nnc(C)c(C)n2)cc(OC)c1OC.[Cu+2],1.8008871
TRZ02360,COc1ccc(-c2cc(-c3nnc(C)c(C)n3)n(CCC#N)n2)cc1,Cu2+,COc1ccc(-c2cc(-c3nnc(C)c(C)n3)n(CCC#N)n2)cc1.[Cu+2],1.8000937
TRZ03867,Cc1nnc(/C=C\n2cnc(-c3cc(C(F)(F)F)cc(S(C)(=O)=O)c3)n2)nc1C,Cu2+,Cc1nnc(/C=C\n2cnc(-c3cc(C(F)(F)F)cc(S(C)(=O)=O)c3)n2)nc1C.[Cu+2],1.7967043
TRZ01634,Cc1nnc(C(NC(=O)COc2ccc3ccccc3c2)C(C)C)nc1C,Cu2+,Cc1nnc(C(NC(=O)COc2ccc3ccccc3c2)C(C)C)nc1C.[Cu+2],1.7940111
TRZ00355,CCc1c(-c2nnc(C)c(C)n2)ncc2[nH]c3cc(OC)c(OC)cc3c12,Cu2+,CCc1c(-c2nnc(C)c(C)n2)ncc2[nH]c3cc(OC)c(OC)cc3c12.[Cu+2],1.7936993
TRZ03021,CO/C=C(/c1nnc(C)c(C)n1)c1ccccc1/C(=N/OC(C)=O)c1cccc(C(F)(F)F)c1,Cu2+,CO/C=C(/c1nnc(C)c(C)n1)c1ccccc1/C(=N/OC(C)=O)c1cccc(C(F)(F)F)c1.[Cu+2],1.7932162
TRZ00427,Cc1ccc(NCc2nnc(C)c(C)n2)cc1,Cu2+,Cc1ccc(NCc2nnc(C)c(C)n2)cc1.[Cu+2],1.7900963
TRZ01726,Cc1nnc(Cn2nnc(/C=C/c3ccccc3)n2)nc1C,Cu2+,Cc1nnc(Cn2nnc(/C=C/c3ccccc3)n2)nc1C.[Cu+2],1.7895494
TRZ03728,Cc1nnc(-c2nn(Cc3ccc(F)cc3Cl)c3cc(N)ccc23)nc1C,Cu2+,Cc1nnc(-c2nn(Cc3ccc(F)cc3Cl)c3cc(N)ccc23)nc1C.[Cu+2],1.7892766
TRZ00933,Cc1nnc(C(Cc2c[nH]c3ccccc23)NC(=O)c2ccc(OCC(C)C)cc2)nc1C,Cu2+,Cc1nnc(C(Cc2c[nH]c3ccccc23)NC(=O)c2ccc(OCC(C)C)cc2)nc1C.[Cu+2],1.7865105
TRZ00113,COc1ccc(-c2cc(-c3nnc(C)c(C)n3)[nH]n2)cc1OC,Cu2+,COc1ccc(-c2cc(-c3nnc(C)c(C)n3)[nH]n2)cc1OC.[Cu+2],1.7864928
TRZ01584,Cc1nnc(CNC(=O)Cc2cccc3ccccc23)nc1C,Cu2+,Cc1nnc(CNC(=O)Cc2cccc3ccccc23)nc1C.[Cu+2],1.7842035
TRZ01774,Cc1nnc(-c2nc(-c3ccccc3)cc(N3CCCc4ccccc4C3)n2)nc1C,Cu2+,Cc1nnc(-c2nc(-c3ccccc3)cc(N3CCCc4ccccc4C3)n2)nc1C.[Cu+2],1.784131
TRZ01785,Cc1cc(N2CCc3ccccc3C2)nc(-c2nnc(C)c(C)n2)n1,Cu2+,Cc1cc(N2CCc3ccccc3C2)nc(-c2nnc(C)c(C)n2)n1.[Cu+2],1.7821364
TRZ01395,COc1ccc(/C=C(\NC(=O)c2ccc(NC(C)=O)cc2)c2nnc(C)c(C)n2)cc1,Cu2+,COc1ccc(/C=C(\NC(=O)c2ccc(NC(C)=O)cc2)c2nnc(C)c(C)n2)cc1.[Cu+2],1.7811375
TRZ02071,Cc1nnc(-c2cc3ccccc3n2Cc2ccccc2)nc1C,Cu2+,Cc1nnc(-c2cc3ccccc3n2Cc2ccccc2)nc1C.[Cu+2],1.7804456
TRZ00892,Cc1nnc(-c2n[nH]c3ccccc23)nc1C,Cu2+,Cc1nnc(-c2n[nH]c3ccccc23)nc1C.[Cu+2],1.7792239
TRZ01916,Cc1nnc(/C=C2/N(C)c3cccnc3N2C)nc1C,Cu2+,Cc1nnc(/C=C2/N(C)c3cccnc3N2C)nc1C.[Cu+2],1.7778959
TRZ05515,Cc1ccncc1-c1cc(-c2nnc(C)c(C)n2)nc(C)c1F,Cu2+,Cc1ccncc1-c1cc(-c2nnc(C)c(C)n2)nc(C)c1F.[Cu+2],1.7772527
TRZ01208,Cc1nnc(-c2nc(N)n[nH]2)nc1C,Cu2+,Cc1nnc(-c2nc(N)n[nH]2)nc1C.[Cu+2],1.7735648
TRZ04019,Cc1nnc(C(F)(F)C(=O)c2ccccn2)nc1C,Cu2+,Cc1nnc(C(F)(F)C(=O)c2ccccn2)nc1C.[Cu+2],1.768333
TRZ01370,COc1ccc2nc3ccccc3c(SCc3nnc(C)c(C)n3)c2c1,Cu2+,COc1ccc2nc3ccccc3c(SCc3nnc(C)c(C)n3)c2c1.[Cu+2],1.7655578
TRZ02571,CCCNc1nc2oc(C)c(-c3nnc(C)c(C)n3)c2c(=O)n1-c1ccccc1,Cu2+,CCCNc1nc2oc(C)c(-c3nnc(C)c(C)n3)c2c(=O)n1-c1ccccc1.[Cu+2],1.7627912
TRZ00260,Cc1nnc(Cc2nnc(N)s2)nc1C,Cu2+,Cc1nnc(Cc2nnc(N)s2)nc1C.[Cu+2],1.7611184
TRZ02204,CCOC(=O)c1cn(Cc2nnc(C)c(C)n2)c2cc(Cl)c(F)cc2c1=O,Cu2+,CCOC(=O)c1cn(Cc2nnc(C)c(C)n2)c2cc(Cl)c(F)cc2c1=O.[Cu+2],1.7599063
TRZ02318,CSc1c(Cc2nnc(C)c(C)n2)n(C)c2ccccc12,Cu2+,CSc1c(Cc2nnc(C)c(C)n2)n(C)c2ccccc12.[Cu+2],1.7583699
TRZ02124,Cc1nnc(CCn2cnc3ccccc32)nc1C,Cu2+,Cc1nnc(CCn2cnc3ccccc32)nc1C.[Cu+2],1.7554708
TRZ02799,Cc1nnc(CNC(=O)Nc2cccc(C(F)(F)F)c2)nc1C,Cu2+,Cc1nnc(CNC(=O)Nc2cccc(C(F)(F)F)c2)nc1C.[Cu+2],1.7536159
TRZ02514,Cc1nnc(-c2[nH]c(C)c(C(=O)NC3CCCCC3)c2C)nc1C,Cu2+,Cc1nnc(-c2[nH]c(C)c(C(=O)NC3CCCCC3)c2C)nc1C.[Cu+2],1.7523208
TRZ04434,Cc1nnc(C2(C(=O)Nc3ccc(F)cc3)CC2)nc1C,Cu2+,Cc1nnc(C2(C(=O)Nc3ccc(F)cc3)CC2)nc1C.[Cu+2],1.7497249
TRZ05058,Cc1cc(-c2nnc(C)c(C)n2)nc2c1C=C(NCC(F)(F)F)CC2C(C)(C)C,Cu2+,Cc1cc(-c2nnc(C)c(C)n2)nc2c1C=C(NCC(F)(F)F)CC2C(C)(C)C.[Cu+2],1.7464342
TRZ02529,CCOC(=O)c1cc(-c2ccc(C)cc2)n(Cc2nnc(C)c(C)n2)c1C,Cu2+,CCOC(=O)c1cc(-c2ccc(C)cc2)n(Cc2nnc(C)c(C)n2)c1C.[Cu+2],1.7451363
TRZ03060,Cc1nnc(CNc2ccc(C(F)(F)F)cc2)nc1C,Cu2+,Cc1nnc(CNc2ccc(C(F)(F)F)cc2)nc1C.[Cu+2],1.7411432
TRZ01281,CC(=O)NC(c1nnc(C)c(C)n1)C(C)CCc1ccccc1,Cu2+,CC(=O)NC(c1nnc(C)c(C)n1)C(C)CCc1ccccc1.[Cu+2],1.7409954
TRZ04997,Cc1nnc(C2(C(=O)Nc3ccccc3F)CC2)nc1C,Cu2+,Cc1nnc(C2(C(=O)Nc3ccccc3F)CC2)nc1C.[Cu+2],1.7398543
TRZ00601,Cc1nnc(-c2c[nH]c3ccc(OCc4ccccc4)cc23)nc1C,Cu2+,Cc1nnc(-c2c[nH]c3ccc(OCc4ccccc4)cc23)nc1C.[Cu+2],1.7392526
TRZ00288,Cc1nnc(CSCc2nc(-c3ccc(Cl)cc3)cs2)nc1C,Cu2+,Cc1nnc(CSCc2nc(-c3ccc(Cl)cc3)cs2)nc1C.[Cu+2],1.7387733
TRZ01227,Cc1nnc(-c2cc(-c3cc(F)c(F)cc3F)n[nH]2)nc1C,Cu2+,Cc1nnc(-c2cc(-c3cc(F)c(F)cc3F)n[nH]2)nc1C.[Cu+2],1.7374268
TRZ05789,Cc1nnc(-c2c(-c3ccc(F)cc3)[nH]c3c(C)cccc23)nc1C,Cu2+,Cc1nnc(-c2c(-c3ccc(F)cc3)[nH]c3c(C)cccc23)nc1C.[Cu+2],1.7353382
TRZ04071,Cc1nnc(C(C)(C)C(=O)c2cc(C(F)(F)F)n(-c3ccc(Br)cn3)n2)nc1C,Cu2+,Cc1nnc(C(C)(C)C(=O)c2cc(C(F)(F)F)n(-c3ccc(Br)cn3)n2)nc1C.[Cu+2],1.7317863
TRZ05805,Cc1nnc(C2=Cc3ccccc3S2=C(C(F)F)C(F)C(=O)c2ccco2)nc1C,Cu2+,Cc1nnc(C2=Cc3ccccc3S2=C(C(F)F)C(F)C(=O)c2ccco2)nc1C.[Cu+2],1.7286215
TRZ05636,Cc1nnc(-c2cc3cccnc3c(N3CCC(F)(F)CC3)n2)nc1C,Cu2+,Cc1nnc(-c2cc3cccnc3c(N3CCC(F)(F)CC3)n2)nc1C.[Cu+2],1.7281156
TRZ01763,Cc1nnc(-c2cnc(-c3ccccc3)cc2-c2ccccc2)nc1C,Cu2+,Cc1nnc(-c2cnc(-c3ccccc3)cc2-c2ccccc2)nc1C.[Cu+2],1.7256813
TRZ05084,Cc1nnc(C(=O)NCc2ccc(Cl)cc2C(F)(F)F)nc1C,Cu2+,Cc1nnc(C(=O)NCc2ccc(Cl)cc2C(F)(F)F)nc1C.[Cu+2],1.7235408
TRZ01989,Cc1nnc(C2(O)c3ccccc3-c3ccccc32)nc1C,Cu2+,Cc1nnc(C2(O)c3ccccc3-c3ccccc32)nc1C.[Cu+2],1.720737
TRZ01935,Cc1nnc(CSc2nc3ccccc3n2C)nc1C,Cu2+,Cc1nnc(CSc2nc3ccccc3n2C)nc1C.[Cu+2],1.7190313
TRZ00126,Cc1nnc(-c2ccc(Cn3cccn3)o2)nc1C,Cu2+,Cc1nnc(-c2ccc(Cn3cccn3)o2)nc1C.[Cu+2],1.7154851
TRZ03104,Cc1nnc(-c2cnn(C(F)F)c2)nc1C,Cu2+,Cc1nnc(-c2cnn(C(F)F)c2)nc1C.[Cu+2],1.7133522
TRZ05824,Cc1nnc(C=Cn2cnc(-c3cc(C(F)(F)F)cc(C(F)(F)F)c3)n2)nc1C,Cu2+,Cc1nnc(C=Cn2cnc(-c3cc(C(F)(F)F)cc(C(F)(F)F)c3)n2)nc1C.[Cu+2],1.7121038
TRZ03916,Cc1nnc(-c2ccc(C(F)(F)F)cn2)nc1C,Cu2+,Cc1nnc(-c2ccc(C(F)(F)F)cn2)nc1C.[Cu+2],1.7097354
TRZ00876,COc1ccc(-c2ccc(-c3nnc(C)c(C)n3)c(C)n2)cc1,Cu2+,COc1ccc(-c2ccc(-c3nnc(C)c(C)n3)c(C)n2)cc1.[Cu+2],1.7095466
TRZ00286,Cc1nnc(-c2oc3nc(-c4ccccc4)cc(-c4ccco4)c3c2N)nc1C,Cu2+,Cc1nnc(-c2oc3nc(-c4ccccc4)cc(-c4ccco4)c3c2N)nc1C.[Cu+2],1.7088399
TRZ02965,Cc1nnc(C(F)(F)C(O)c2ccncc2)nc1C,Cu2+,Cc1nnc(C(F)(F)C(O)c2ccncc2)nc1C.[Cu+2],1.707685
TRZ01477,Cc1nnc(-c2ccc(Br)cn2)nc1C,Cu2+,Cc1nnc(-c2ccc(Br)cn2)nc1C.[Cu+2],1.7071671
TRZ00538,Cc1nnc(-c2sc(-c3ccncc3)nc2-c2ccccc2)nc1C,Cu2+,Cc1nnc(-c2sc(-c3ccncc3)nc2-c2ccccc2)nc1C.[Cu+2],1.7056599
TRZ01307,Cc1nnc(Cc2ccc(-c3ccccc3)[nH]2)nc1C,Cu2+,Cc1nnc(Cc2ccc(-c3ccccc3)[nH]2)nc1C.[Cu+2],1.7042246
TRZ01269,CC(=O)N1CCN(c2ccc(CCc3ccc(-c4nnc(C)c(C)n4)s3)nc2)CC1,Cu2+,CC(=O)N1CCN(c2ccc(CCc3ccc(-c4nnc(C)c(C)n4)s3)nc2)CC1.[Cu+2],1.7033381
TRZ03431,COc1ccc2c(-c3nnc(C)c(C)n3)nn(Cc3ccc(F)cc3F)c2c1,Cu2+,COc1ccc2c(-c3nnc(C)c(C)n3)nn(Cc3ccc(F)cc3F)c2c1.[Cu+2],1.7032366
TRZ00829,Cc1nnc(Cc2nc(-c3cnccn3)no2)nc1C,Cu2+,Cc1nnc(Cc2nc(-c3cnccn3)no2)nc1C.[Cu+2],1.7021966
TRZ01881,Cc1nnc(CNc2cccc([N+](=O)[O-])c2)nc1C,Cu2+,Cc1nnc(CNc2cccc([N+](=O)[O-])c2)nc1C.[Cu+2],1.7017989
TRZ05889,Cc1nnc(-c2c(C(=O)c3ccccc3C(F)(F)F)ccnc2Cl)nc1C,Cu2+,Cc1nnc(-c2c(C(=O)c3ccccc3C(F)(F)F)ccnc2Cl)nc1C.[Cu+2],1.6993446
TRZ00925,Cc1nnc(CN2C(=O)CSc3ccc(C(F)(F)F)cc32)nc1C,Cu2+,Cc1nnc(CN2C(=O)CSc3ccc(C(F)(F)F)cc32)nc1C.[Cu+2],1.6971588
TRZ03032,Cc1cc(F)ccc1-c1ccc(-c2nnc(C)c(C)n2)nn1,Cu2+,Cc1cc(F)ccc1-c1ccc(-c2nnc(C)c(C)n2)nn1.[Cu+2],1.6958838
TRZ02955,Cc1nnc(-c2cn3c4c(cc(F)cc4c2=O)C2CCCCC23)nc1C,Cu2+,Cc1nnc(-c2cn3c4c(cc(F)cc4c2=O)C2CCCCC23)nc1C.[Cu+2],1.6956234
TRZ01119,Cc1nnc(CSc2cc(C(F)(F)F)nc3ccccc23)nc1C,Cu2+,Cc1nnc(CSc2cc(C(F)(F)F)nc3ccccc23)nc1C.[Cu+2],1.6956038
TRZ01334,CCN1c2ccccc2Sc2c(-c3nnc(C)c(C)n3)cccc21,Cu2+,CCN1c2ccccc2Sc2c(-c3nnc(C)c(C)n3)cccc21.[Cu+2],1.6949835
TRZ05247,Cc1nnc([C@H]2CC[C@H](NC(=O)COc3ccc(Cl)c(F)c3)CN2C(=O)O)nc1C,Cu2+,Cc1nnc([C@H]2CC[C@H](NC(=O)COc3ccc(Cl)c(F)c3)CN2C(=O)O)nc1C.[Cu+2],1.6910453
TRZ02254,Cc1nnc(C2=CN(CCc3ccccc3)C=CC2)nc1C,Cu2+,Cc1nnc(C2=CN(CCc3ccccc3)C=CC2)nc1C.[Cu+2],1.6904645
TRZ01323,CCCC[C@H](NC(=O)c1cccs1)c1nnc(C)c(C)n1,Cu2+,CCCC[C@H](NC(=O)c1cccs1)c1nnc(C)c(C)n1.[Cu+2],1.6900191
TRZ02431,Cc1nnc(C(=O)Nc2nc(-c3ccc(Br)cc3)cs2)nc1C,Cu2+,Cc1nnc(C(=O)Nc2nc(-c3ccc(Br)cc3)cs2)nc1C.[Cu+2],1.688683
TRZ03682,Cc1nnc(-c2nn(Cc3ccc(Cl)cc3Cl)c3c2N=CN(C(F)(F)F)C3)nc1C,Cu2+,Cc1nnc(-c2nn(Cc3ccc(Cl)cc3Cl)c3c2N=CN(C(F)(F)F)C3)nc1C.[Cu+2],1.6885991
TRZ02567,CCCCNc1nc2oc(C)c(-c3nnc(C)c(C)n3)c2c(=O)n1-c1cccc(C)c1,Cu2+,CCCCNc1nc2oc(C)c(-c3nnc(C)c(C)n3)c2c(=O)n1-c1cccc(C)c1.[Cu+2],1.6881251
TRZ01680,CCN(CC)c1ccc(NC(=O)Cc2nnc(C)c(C)n2)cc1,Cu2+,CCN(CC)c1ccc(NC(=O)Cc2nnc(C)c(C)n2)cc1.[Cu+2],1.6875124
TRZ00598,Cc1ccccc1NC(=O)c1[nH]cnc1-c1nnc(C)c(C)n1,Cu2+,Cc1ccccc1NC(=O)c1[nH]cnc1-c1nnc(C)c(C)n1.[Cu+2],1.6868124
TRZ00934,Cc1nnc(-c2ccc(CN3CCCCC3)o2)nc1C,Cu2+,Cc1nnc(-c2ccc(CN3CCCCC3)o2)nc1C.[Cu+2],1.6865501
TRZ02694,Cc1ccc2[nH]nc(-c3nnc(C)c(C)n3)c2c1,Cu2+,Cc1ccc2[nH]nc(-c3nnc(C)c(C)n3)c2c1.[Cu+2],1.6860452
TRZ02940,Cc1nnc(-c2nn(Cc3ccc(F)cc3F)c3cc(C(F)(F)F)ccc23)nc1C,Cu2+,Cc1nnc(-c2nn(Cc3ccc(F)cc3F)c3cc(C(F)(F)F)ccc23)nc1C.[Cu+2],1.6826701
TRZ02568,CCCN(CCC)c1nc2oc(C)c(-c3nnc(C)c(C)n3)c2c(=O)n1-c1ccc(C)cc1,Cu2+,CCCN(CCC)c1nc2oc(C)c(-c3nnc(C)c(C)n3)c2c(=O)n1-c1ccc(C)cc1.[Cu+2],1.6811619
TRZ02681,Cc1nnc(-c2cnoc2)nc1C,Cu2+,Cc1nnc(-c2cnoc2)nc1C.[Cu+2],1.680654
TRZ02859,Cc1nnc(-c2c(C)[nH]c3ccc(OCc4ccccc4)cc23)nc1C,Cu2+,Cc1nnc(-c2c(C)[nH]c3ccc(OCc4ccccc4)cc23)nc1C.[Cu+2],1.6799359
TRZ05482,Cc1nnc([C@@H]2CC[C@@H](NC(=O)COc3ccc(C(F)(F)F)cc3)CO2)nc1C,Cu2+,Cc1nnc([C@@H]2CC[C@@H](NC(=O)COc3ccc(C(F)(F)F)cc3)CO2)nc1C.[Cu+2],1.6791301
TRZ02528,CCOC(=O)c1cc(-c2ccc([N+](=O)[O-])cc2)n(Cc2nnc(C)c(C)n2)c1C,Cu2+,CCOC(=O)c1cc(-c2ccc([N+](=O)[O-])cc2)n(Cc2nnc(C)c(C)n2)c1C.[Cu+2],1.6785722
TRZ05871,Cc1nnc(-c2nc(C(=O)Cc3ccccc3)c(C(F)(F)F)cc2N)nc1C,Cu2+,Cc1nnc(-c2nc(C(=O)Cc3ccccc3)c(C(F)(F)F)cc2N)nc1C.[Cu+2],1.6766119
TRZ01921,CCOC(=O)c1cc(-c2ccc(OC)cc2)n(Cc2nnc(C)c(C)n2)c1C,Cu2+,CCOC(=O)c1cc(-c2ccc(OC)cc2)n(Cc2nnc(C)c(C)n2)c1C.[Cu+2],1.6732397
TRZ03667,Cc1nnc(-c2c(F)cncc2Nc2ccc(I)cc2F)nc1C,Cu2+,Cc1nnc(-c2c(F)cncc2Nc2ccc(I)cc2F)nc1C.[Cu+2],1.6730704
TRZ01389,CC(=O)Nc1ccc(C(=O)N/C(=C\c2ccco2)c2nnc(C)c(C)n2)cc1,Cu2+,CC(=O)Nc1ccc(C(=O)N/C(=C\c2ccco2)c2nnc(C)c(C)n2)cc1.[Cu+2],1.6728954
TRZ02007,Cc1nnc(-c2csc(-c3ccncc3)n2)nc1C,Cu2+,Cc1nnc(-c2csc(-c3ccncc3)n2)nc1C.[Cu+2],1.671812
TRZ00820,Cc1nnc(CCn2c3c(c4ccccc42)CCCC3)nc1C,Cu2+,Cc1nnc(CCn2c3c(c4ccccc42)CCCC3)nc1C.[Cu+2],1.6690826
TRZ01884,Cc1nnc(-c2nc3ncccc3n2C)nc1C,Cu2+,Cc1nnc(-c2nc3ncccc3n2C)nc1C.[Cu+2],1.66746
TRZ04369,Cc1nnc(-c2cccc(OC(F)(F)F)n2)nc1C,Cu2+,Cc1nnc(-c2cccc(OC(F)(F)F)n2)nc1C.[Cu+2],1.667419
TRZ00068,Cc1nnc(-c2ncccn2)nc1C,Cu2+,Cc1nnc(-c2ncccn2)nc1C.[Cu+2],1.6658978
TRZ02999,Cc1nnc(C2=Nc3c(F)cccc3C(c3ccccc3Cl)=NC2)nc1C,Cu2+,Cc1nnc(C2=Nc3c(F)cccc3C(c3ccccc3Cl)=NC2)nc1C.[Cu+2],1.6652417
TRZ05104,CCn1c(C)c(C(=O)Nc2ccc(F)c(C)c2)c(C)c1C(=O)C(=O)NC(C)(C)c1nnc(C)c(C)n1,Cu2+,CCn1c(C)c(C(=O)Nc2ccc(F)c(C)c2)c(C)c1C(=O)C(=O)NC(C)(C)c1nnc(C)c(C)n1.[Cu+2],1.6647062
TRZ04884,Cc1nnc(CNC(=O)c2cn(C)nc2C(F)(F)F)nc1C,Cu2+,Cc1nnc(CNC(=O)c2cn(C)nc2C(F)(F)F)nc1C.[Cu+2],1.6642108
TRZ05666,Cc1nnc(CN2C(=O)CSc3cc(F)ccc32)nc1C,Cu2+,Cc1nnc(CN2C(=O)CSc3cc(F)ccc32)nc1C.[Cu+2],1.6633825
TRZ03025,Cc1nnc(-c2c(N=COS(C)(=O)=O)ccc(F)c2F)nc1C,Cu2+,Cc1nnc(-c2c(N=COS(C)(=O)=O)ccc(F)c2F)nc1C.[Cu+2],1.6628232
TRZ00389,Cc1nnc(CNc2cccc(Cl)c2)nc1C,Cu2+,Cc1nnc(CNc2cccc(Cl)c2)nc1C.[Cu+2],1.6625633
TRZ02874,Cc1nnc(-c2cnn3c2NC(c2ccccc2)CC3C(F)F)nc1C,Cu2+,Cc1nnc(-c2cnn3c2NC(c2ccccc2)CC3C(F)F)nc1C.[Cu+2],1.6598411
TRZ01965,Cc1nnc(-c2ccc(-c3nnc(C)c(C)n3)nc2)nc1C,Cu2+,Cc1nnc(-c2ccc(-c3nnc(C)c(C)n3)nc2)nc1C.[Cu+2],1.6569109
TRZ00617,Cc1nnc(Cc2nc3sc(C)c(C)c3c(=O)[nH]2)nc1C,Cu2+,Cc1nnc(Cc2nc3sc(C)c(C)c3c(=O)[nH]2)nc1C.[Cu+2],1.6550827
TRZ02812,Cc1nnc(-c2cn(-c3ccccc3)nc2-c2ccc(F)cc2)nc1C,Cu2+,Cc1nnc(-c2cn(-c3ccccc3)nc2-c2ccc(F)cc2)nc1C.[Cu+2],1.6522031
TRZ00945,Cc1nnc(C(C)Oc2ccc3c(C(F)(F)F)cc(=O)oc3c2)nc1C,Cu2+,Cc1nnc(C(C)Oc2ccc3c(C(F)(F)F)cc(=O)oc3c2)nc1C.[Cu+2],1.6517406
TRZ04229,Cc1nnc(-c2cncc(C(F)(F)F)c2)nc1C,Cu2+,Cc1nnc(-c2cncc(C(F)(F)F)c2)nc1C.[Cu+2],1.6422582
TRZ01440,COc1cccc(NCc2nnc(C)c(C)n2)c1,Cu2+,COc1cccc(NCc2nnc(C)c(C)n2)c1.[Cu+2],1.6401486
TRZ01136,Cc1nnc(-c2nc(Cl)c(N)nc2N)nc1C,Cu2+,Cc1nnc(-c2nc(Cl)c(N)nc2N)nc1C.[Cu+2],1.6399403
TRZ04671,CN=NN(C(C)F)[C@@H]1[C@@H](O)[C@H](c2nnc(C)c(C)n2)O[C@@H]2CO[C@H](c3ccccc3)O[C@H]12,Cu2+,CN=NN(C(C)F)[C@@H]1[C@@H](O)[C@H](c2nnc(C)c(C)n2)O[C@@H]2CO[C@H](c3ccccc3)O[C@H]12.[Cu+2],1.6398258
TRZ04394,CCS(=O)(=O)c1cc(C(F)(F)F)cnc1-c1nnc(C)c(C)n1,Cu2+,CCS(=O)(=O)c1cc(C(F)(F)F)cnc1-c1nnc(C)c(C)n1.[Cu+2],1.6382284
TRZ05022,C=C(NCc1ccc(F)c(C(F)(F)F)c1)c1nnc(C)c(C)n1,Cu2+,C=C(NCc1ccc(F)c(C(F)(F)F)c1)c1nnc(C)c(C)n1.[Cu+2],1.6321764
TRZ02570,CCCCNc1nc2oc(C)c(-c3nnc(C)c(C)n3)c2c(=O)n1-c1ccccc1,Cu2+,CCCCNc1nc2oc(C)c(-c3nnc(C)c(C)n3)c2c(=O)n1-c1ccccc1.[Cu+2],1.6291857
TRZ02488,Cc1nnc(C(C)Oc2ccc(C(=O)c3ccccc3)cc2)nc1C,Cu2+,Cc1nnc(C(C)Oc2ccc(C(=O)c3ccccc3)cc2)nc1C.[Cu+2],1.6272793
TRZ01104,Cc1nnc(-c2nc[nH]c2-c2nnc(C)c(C)n2)nc1C,Cu2+,Cc1nnc(-c2nc[nH]c2-c2nnc(C)c(C)n2)nc1C.[Cu+2],1.62426
TRZ01070,Cc1nnc(Cn2c3ccc(Br)cc3c3nc4ccccc4nc32)nc1C,Cu2+,Cc1nnc(Cn2c3ccc(Br)cc3c3nc4ccccc4nc32)nc1C.[Cu+2],1.6208043
TRZ03097,Cc1nnc(C2CCCN(C(=O)c3ccc(F)cc3)C2)nc1C,Cu2+,Cc1nnc(C2CCCN(C(=O)c3ccc(F)cc3)C2)nc1C.[Cu+2],1.6188288
TRZ02511,Cc1nnc(-c2sc3nc4n(c(=N)c3c2C)CCC4)nc1C,Cu2+,Cc1nnc(-c2sc3nc4n(c(=N)c3c2C)CCC4)nc1C.[Cu+2],1.6182795
TRZ00596,CCOc1cccc(-c2cc(-c3nnc(C)c(C)n3)[nH]n2)c1,Cu2+,CCOc1cccc(-c2cc(-c3nnc(C)c(C)n3)[nH]n2)c1.[Cu+2],1.6173487
TRZ05144,Cc1nnc(-c2c(N)cccc2-c2cccc(C(F)(F)F)c2)nc1C,Cu2+,Cc1nnc(-c2c(N)cccc2-c2cccc(C(F)(F)F)c2)nc1C.[Cu+2],1.6164088
TRZ03476,Cc1nnc(-c2nn(Cc3ccc(F)cc3Cl)c3cc(CO)ccc23)nc1C,Cu2+,Cc1nnc(-c2nn(Cc3ccc(F)cc3Cl)c3cc(CO)ccc23)nc1C.[Cu+2],1.6144962
TRZ00605,Cc1cc(C(F)(F)F)n(-c2nc(-c3ccccc3)c(Cc3nnc(C)c(C)n3)s2)n1,Cu2+,Cc1cc(C(F)(F)F)n(-c2nc(-c3ccccc3)c(Cc3nnc(C)c(C)n3)s2)n1.[Cu+2],1.6131072
TRZ05320,Cc1nnc(Cc2ncc(F)cc2Cl)nc1C,Cu2+,Cc1nnc(Cc2ncc(F)cc2Cl)nc1C.[Cu+2],1.607758
TRZ05004,Cc1nnc(C(O)c2cccc(F)c2)nc1C,Cu2+,Cc1nnc(C(O)c2cccc(F)c2)nc1C.[Cu+2],1.604588
TRZ03818,Cc1nnc(-c2c[nH]c3ccc(CF)cc23)nc1C,Cu2+,Cc1nnc(-c2c[nH]c3ccc(CF)cc23)nc1C.[Cu+2],1.6021352
TRZ00910,Cc1nnc(-c2cc3c(N4CCC(Cc5ccccc5)CC4)ncnc3s2)nc1C,Cu2+,Cc1nnc(-c2cc3c(N4CCC(Cc5ccccc5)CC4)ncnc3s2)nc1C.[Cu+2],1.6014166
TRZ00057,Cc1nnc(-c2cc(Cl)ccn2)nc1C,Cu2+,Cc1nnc(-c2cc(Cl)ccn2)nc1C.[Cu+2],1.6000862
TRZ03479,Cc1cc(-c2nnc(C)c(C)n2)c(NS(=O)(=O)c2ccc(C(C)(C)C)cc2)cc1F,Cu2+,Cc1cc(-c2nnc(C)c(C)n2)c(NS(=O)(=O)c2ccc(C(C)(C)C)cc2)cc1F.[Cu+2],1.5998158
TRZ03873,Cc1nnc(-c2cc(Oc3ccc(F)cc3Cl)ccc2[N+](=O)[O-])nc1C,Cu2+,Cc1nnc(-c2cc(Oc3ccc(F)cc3Cl)ccc2[N+](=O)[O-])nc1C.[Cu+2],1.5995612
TRZ00161,Cc1cc(C)n(Cc2nnc(C)c(C)n2)n1,Cu2+,Cc1cc(C)n(Cc2nnc(C)c(C)n2)n1.[Cu+2],1.5988321
TRZ05888,Cc1nnc(-c2ccc(Cl)nc2C(=O)c2c(F)cccc2F)nc1C,Cu2+,Cc1nnc(-c2ccc(Cl)nc2C(=O)c2c(F)cccc2F)nc1C.[Cu+2],1.5963545
TRZ03999,C#Cc1cc(-c2nnc(C)c(C)n2)c(Nc2ccc(I)cc2F)cn1,Cu2+,C#Cc1cc(-c2nnc(C)c(C)n2)c(Nc2ccc(I)cc2F)cn1.[Cu+2],1.5956993
TRZ00506,Cc1nnc(CNC(=O)c2cccc(Br)c2)nc1C,Cu2+,Cc1nnc(CNC(=O)c2cccc(Br)c2)nc1C.[Cu+2],1.5946321
TRZ03688,Cc1nnc(-c2ccccc2NC(=O)c2ccc(F)cc2)nc1C,Cu2+,Cc1nnc(-c2ccccc2NC(=O)c2ccc(F)cc2)nc1C.[Cu+2],1.5919552
TRZ02043,Cc1nnc(/C(=C/c2ccc(Cl)cc2Cl)NC(=O)c2ccccc2)nc1C,Cu2+,Cc1nnc(/C(=C/c2ccc(Cl)cc2Cl)NC(=O)c2ccccc2)nc1C.[Cu+2],1.5919042
TRZ05345,Cc1nnc(-c2ccc(Br)cc2NC(=O)Nc2cccc(F)c2)nc1C,Cu2+,Cc1nnc(-c2ccc(Br)cc2NC(=O)Nc2cccc(F)c2)nc1C.[Cu+2],1.5882602
TRZ02993,CCC1N=C(c2ccccc2F)c2cc(F)ccc2N=C1c1nnc(C)c(C)n1,Cu2+,CCC1N=C(c2ccccc2F)c2cc(F)ccc2N=C1c1nnc(C)c(C)n1.[Cu+2],1.5863886
TRZ05351,Cc1nnc(-c2cc3c(N[C@@H]4CCN(C)C[C@H]4F)cccc3n2CC(F)(F)F)nc1C,Cu2+,Cc1nnc(-c2cc3c(N[C@@H]4CCN(C)C[C@H]4F)cccc3n2CC(F)(F)F)nc1C.[Cu+2],1.5859146
TRZ05121,Cc1nnc(-c2c(N)cccc2-c2cccc(F)c2)nc1C,Cu2+,Cc1nnc(-c2c(N)cccc2-c2cccc(F)c2)nc1C.[Cu+2],1.5850935
TRZ03441,Cc1nnc(-c2nn(Cc3ccc(F)cc3Cl)c3cccnc23)nc1C,Cu2+,Cc1nnc(-c2nn(Cc3ccc(F)cc3Cl)c3cccnc23)nc1C.[Cu+2],1.5836816
TRZ02199,Cc1nnc(Cn2ccc3ccc(F)cc32)nc1C,Cu2+,Cc1nnc(Cn2ccc3ccc(F)cc32)nc1C.[Cu+2],1.580873
TRZ03612,Cc1nnc(Cc2nc3ccc(Br)c(F)c3s2)nc1C,Cu2+,Cc1nnc(Cc2nc3ccc(Br)c(F)c3s2)nc1C.[Cu+2],1.5787592
TRZ00158,Cc1nnc(CNc2ccc3ccccc3c2)nc1C,Cu2+,Cc1nnc(CNc2ccc3ccccc3c2)nc1C.[Cu+2],1.5759897
TRZ05535,Cc1nc(N2CC3(CCN(c4nccc(-c5nnc(C)c(C)n5)n4)C3)C2)cc(C(F)(F)F)n1,Cu2+,Cc1nc(N2CC3(CCN(c4nccc(-c5nnc(C)c(C)n5)n4)C3)C2)cc(C(F)(F)F)n1.[Cu+2],1.5757875
TRZ01739,Cc1nnc(-c2cc3ccc(OCc4cccc(Br)c4)cc3oc2=O)nc1C,Cu2+,Cc1nnc(-c2cc3ccc(OCc4cccc(Br)c4)cc3oc2=O)nc1C.[Cu+2],1.5756116
TRZ02260,Cc1c[nH]c(C)c1-c1nnc(C)c(C)n1,Cu2+,Cc1c[nH]c(C)c1-c1nnc(C)c(C)n1.[Cu+2],1.5753541
TRZ02337,COc1ccc(OC)c(NC(=O)c2nnc(C)c(C)n2)c1,Cu2+,COc1ccc(OC)c(NC(=O)c2nnc(C)c(C)n2)c1.[Cu+2],1.574142
TRZ01113,Cc1nnc(CSc2nc3ccccc3n2Cc2ccccc2)nc1C,Cu2+,Cc1nnc(CSc2nc3ccccc3n2Cc2ccccc2)nc1C.[Cu+2],1.5739689
TRZ02545,Cc1nnc(Cc2nnc3nnc4c(n23)Nc2ccccc2C4)nc1C,Cu2+,Cc1nnc(Cc2nnc3nnc4c(n23)Nc2ccccc2C4)nc1C.[Cu+2],1.5709014
TRZ05875,CCCOc1nccc(C(=O)c2ccccc2F)c1-c1nnc(C)c(C)n1,Cu2+,CCCOc1nccc(C(=O)c2ccccc2F)c1-c1nnc(C)c(C)n1.[Cu+2],1.5702949
TRZ03577,Cc1nnc(-c2cnn(CC(F)(F)F)c2C)nc1C,Cu2+,Cc1nnc(-c2cnn(CC(F)(F)F)c2C)nc1C.[Cu+2],1.569696
TRZ00150,Cc1nnc(-c2nn(-c3ccccc3)nc2C)nc1C,Cu2+,Cc1nnc(-c2nn(-c3ccccc3)nc2C)nc1C.[Cu+2],1.5681915
TRZ01209,Cc1nnc(CNc2ccc(Br)cc2)nc1C,Cu2+,Cc1nnc(CNc2ccc(Br)cc2)nc1C.[Cu+2],1.567905
TRZ02095,Cc1nnc(C(=O)NCc2ccc(Cl)c(C(F)(F)F)c2)nc1C,Cu2+,Cc1nnc(C(=O)NCc2ccc(Cl)c(C(F)(F)F)c2)nc1C.[Cu+2],1.560925
TRZ00932,Cc1nnc(-c2nc(-c3ccccc3)n3c2CCCCC3)nc1C,Cu2+,Cc1nnc(-c2nc(-c3ccccc3)n3c2CCCCC3)nc1C.[Cu+2],1.5607591
TRZ02730,Cc1nnc(-c2cnccc2C(=O)O)nc1C,Cu2+,Cc1nnc(-c2cnccc2C(=O)O)nc1C.[Cu+2],1.5596151
TRZ00656,Cc1nnc(-c2nc(-c3ccccc3)nc(-c3ccccc3)n2)nc1C,Cu2+,Cc1nnc(-c2nc(-c3ccccc3)nc(-c3ccccc3)n2)nc1C.[Cu+2],1.5586348
TRZ00276,Cc1nnc(-c2ncoc2-c2ccc(Cl)cc2)nc1C,Cu2+,Cc1nnc(-c2ncoc2-c2ccc(Cl)cc2)nc1C.[Cu+2],1.5505972
TRZ05059,Cc1nnc(-c2cc(C)c3cc(NCC(F)(F)F)cc(C4(C)OCCO4)c3n2)nc1C,Cu2+,Cc1nnc(-c2cc(C)c3cc(NCC(F)(F)F)cc(C4(C)OCCO4)c3n2)nc1C.[Cu+2],1.5495272
TRZ05034,Cc1nnc(-c2cccc(OCC(O)C(F)(F)F)n2)nc1C,Cu2+,Cc1nnc(-c2cccc(OCC(O)C(F)(F)F)n2)nc1C.[Cu+2],1.5488486
TRZ03865,Cc1nnc(/C=C\n2cnc(-c3cc(Cl)cc(OC(F)(F)F)c3)n2)nc1C,Cu2+,Cc1nnc(/C=C\n2cnc(-c3cc(Cl)cc(OC(F)(F)F)c3)n2)nc1C.[Cu+2],1.5485053
TRZ01891,Cc1ccc(NC(=O)C23CC4CC(CC(C4)C2)C3)c(-c2nnc(C)c(C)n2)c1,Cu2+,Cc1ccc(NC(=O)C23CC4CC(CC(C4)C2)C3)c(-c2nnc(C)c(C)n2)c1.[Cu+2],1.5481286
TRZ01698,Cc1ccc(S(=O)(=O)n2c(-c3nnc(C)c(C)n3)cc3ccccc32)cc1,Cu2+,Cc1ccc(S(=O)(=O)n2c(-c3nnc(C)c(C)n3)cc3ccccc32)cc1.[Cu+2],1.5469275
TRZ02782,Cc1nnc(C(c2ccccc2)(c2ccccc2)c2nnc(C)c(C)n2)nc1C,Cu2+,Cc1nnc(C(c2ccccc2)(c2ccccc2)c2nnc(C)c(C)n2)nc1C.[Cu+2],1.5410395
TRZ04231,Cc1nnc(-c2cccc(OCC(F)(F)F)n2)nc1C,Cu2+,Cc1nnc(-c2cccc(OCC(F)(F)F)n2)nc1C.[Cu+2],1.5409665
TRZ02504,Cc1nnc(CNc2nc3ccccc3s2)nc1C,Cu2+,Cc1nnc(CNc2nc3ccccc3s2)nc1C.[Cu+2],1.5405741
TRZ03555,Cc1nnc(C(C)(Cc2ccc(F)cc2)NC(=O)O)nc1C,Cu2+,Cc1nnc(C(C)(Cc2ccc(F)cc2)NC(=O)O)nc1C.[Cu+2],1.5337014
TRZ03208,Cc1ccc(-c2nc3ccc(F)cn3c2Cc2noc(-c3nnc(C)c(C)n3)n2)cc1,Cu2+,Cc1ccc(-c2nc3ccc(F)cn3c2Cc2noc(-c3nnc(C)c(C)n3)n2)cc1.[Cu+2],1.5304146
TRZ04893,CCn1nc(C(F)(F)F)cc1CC(=O)Nc1c(C)cc(Cl)cc1-c1nnc(C)c(C)n1,Cu2+,CCn1nc(C(F)(F)F)cc1CC(=O)Nc1c(C)cc(Cl)cc1-c1nnc(C)c(C)n1.[Cu+2],1.5299549
TRZ03471,Cc1nnc(-c2nn(Cc3ccc(Cl)cc3F)c3cc(F)ccc23)nc1C,Cu2+,Cc1nnc(-c2nn(Cc3ccc(Cl)cc3F)c3cc(F)ccc23)nc1C.[Cu+2],1.5262475
TRZ02086,Cc1nnc(-c2c(C)noc2-c2ccc(C(F)(F)F)cc2)nc1C,Cu2+,Cc1nnc(-c2c(C)noc2-c2ccc(C(F)(F)F)cc2)nc1C.[Cu+2],1.5258956
TRZ01604,Cc1nnc(-c2nnn(Nc3cc(Cl)ccc3Cl)c2C)nc1C,Cu2+,Cc1nnc(-c2nnn(Nc3cc(Cl)ccc3Cl)c2C)nc1C.[Cu+2],1.5242534
TRZ02092,Cc1nnc(C(=O)NCc2ccc(C(F)(F)F)cc2)nc1C,Cu2+,Cc1nnc(C(=O)NCc2ccc(C(F)(F)F)cc2)nc1C.[Cu+2],1.5228462
TRZ02530,CCOC(=O)c1c(C)[nH]c(-c2nnc(C)c(C)n2)c1C,Cu2+,CCOC(=O)c1c(C)[nH]c(-c2nnc(C)c(C)n2)c1C.[Cu+2],1.5219235
TRZ04463,CCSc1cc2c(cc1-c1nnc(C)c(C)n1)nc(C(C)(C)F)n2C,Cu2+,CCSc1cc2c(cc1-c1nnc(C)c(C)n1)nc(C(C)(C)F)n2C.[Cu+2],1.5217166
TRZ02871,Cc1nnc(-c2cc3nc(-c4ccccc4)cc(C(F)(F)F)n3n2)nc1C,Cu2+,Cc1nnc(-c2cc3nc(-c4ccccc4)cc(C(F)(F)F)n3n2)nc1C.[Cu+2],1.5204463
TRZ02096,Cc1nnc(C(=O)NCc2ccc(F)c(C(F)(F)F)c2)nc1C,Cu2+,Cc1nnc(C(=O)NCc2ccc(F)c(C(F)(F)F)c2)nc1C.[Cu+2],1.5203972
TRZ05406,C=CCCC(C)(C)Nc1nc(-c2nnc(C)c(C)n2)c([N+](=O)[O-])cc1C(F)(F)F,Cu2+,C=CCCC(C)(C)Nc1nc(-c2nnc(C)c(C)n2)c([N+](=O)[O-])cc1C(F)(F)F.[Cu+2],1.5192285
TRZ02618,Cc1nnc(-c2cc3ccccc3n2C)nc1C,Cu2+,Cc1nnc(-c2cc3ccccc3n2C)nc1C.[Cu+2],1.5180564
TRZ05158,Cc1nnc(C2CC(C(=O)Nc3ccc(F)c(Cl)c3)N(C)SN2)nc1C,Cu2+,Cc1nnc(C2CC(C(=O)Nc3ccc(F)c(Cl)c3)N(C)SN2)nc1C.[Cu+2],1.5163264
TRZ00853,Cc1nnc(-c2cn3ccsc3n2)nc1C,Cu2+,Cc1nnc(-c2cn3ccsc3n2)nc1C.[Cu+2],1.5160937
TRZ05502,Cc1nnc(-c2cncc(N3CCCC(F)(F)CC3)n2)nc1C,Cu2+,Cc1nnc(-c2cncc(N3CCCC(F)(F)CC3)n2)nc1C.[Cu+2],1.5141063
TRZ01114,Cc1nnc(-c2nccnc2N)nc1C,Cu2+,Cc1nnc(-c2nccnc2N)nc1C.[Cu+2],1.5094261
TRZ01775,Cc1nnc(-c2nc(NCC3CC3)cc(-c3ccccc3)n2)nc1C,Cu2+,Cc1nnc(-c2nc(NCC3CC3)cc(-c3ccccc3)n2)nc1C.[Cu+2],1.5094032
TRZ04187,Cc1nnc(C(=O)NCc2ccc(Cl)c(CF)c2)nc1C,Cu2+,Cc1nnc(C(=O)NCc2ccc(Cl)c(CF)c2)nc1C.[Cu+2],1.5093579
TRZ00078,Cc1nnc(COc2ccc(F)cc2)nc1C,Cu2+,Cc1nnc(COc2ccc(F)cc2)nc1C.[Cu+2],1.508894
TRZ01676,Cc1nnc(COc2ccc3c(-c4ccccc4)cc(=O)oc3c2)nc1C,Cu2+,Cc1nnc(COc2ccc3c(-c4ccccc4)cc(=O)oc3c2)nc1C.[Cu+2],1.5088501
TRZ05333,Cc1nnc(-c2ccc(OC(F)(F)F)cc2NC(=O)Nc2cccc(F)c2)nc1C,Cu2+,Cc1nnc(-c2ccc(OC(F)(F)F)cc2NC(=O)Nc2cccc(F)c2)nc1C.[Cu+2],1.5075831
TRZ01564,Cc1nnc(Cc2csc(-c3ccc(F)cc3)n2)nc1C,Cu2+,Cc1nnc(Cc2csc(-c3ccc(F)cc3)n2)nc1C.[Cu+2],1.5073624
TRZ01006,Cc1nnc(Cn2c(C3CC3)nc3cc(Cl)c(Cl)cc32)nc1C,Cu2+,Cc1nnc(Cn2c(C3CC3)nc3cc(Cl)c(Cl)cc32)nc1C.[Cu+2],1.5057263
TRZ01958,C/C(=N\N)c1cc(-c2nnc(C)c(C)n2)c(=O)[nH]c1C,Cu2+,C/C(=N\N)c1cc(-c2nnc(C)c(C)n2)c(=O)[nH]c1C.[Cu+2],1.5042067
TRZ01117,Cc1nnc(Cc2nc(-c3ccccc3)sc2C)nc1C,Cu2+,Cc1nnc(Cc2nc(-c3ccccc3)sc2C)nc1C.[Cu+2],1.501256
TRZ01420,Cc1ccc(NC(=O)c2nnc(C)c(C)n2)cc1C,Cu2+,Cc1ccc(NC(=O)c2nnc(C)c(C)n2)cc1C.[Cu+2],1.4991632
TRZ01296,Cc1nnc(-c2nnc3ccccc3n2)nc1C,Cu2+,Cc1nnc(-c2nnc3ccccc3n2)nc1C.[Cu+2],1.4957194
TRZ04005,Cc1nnc(-c2ncccc2C(=O)CN(CC(F)(F)F)c2ccc(C#N)c(C(F)(F)F)c2)nc1C,Cu2+,Cc1nnc(-c2ncccc2C(=O)CN(CC(F)(F)F)c2ccc(C#N)c(C(F)(F)F)c2)nc1C.[Cu+2],1.4944139
TRZ02467,COc1ccc(CN2CCCC(c3nnc(C)c(C)n3)C2)cc1,Cu2+,COc1ccc(CN2CCCC(c3nnc(C)c(C)n3)C2)cc1.[Cu+2],1.4925399
TRZ00171,CC(=O)Nc1ccccc1-c1nnc(C)c(C)n1,Cu2+,CC(=O)Nc1ccccc1-c1nnc(C)c(C)n1.[Cu+2],1.4922729
TRZ01132,Cc1nnc(Cc2cc3ccccc3[nH]2)nc1C,Cu2+,Cc1nnc(Cc2cc3ccccc3[nH]2)nc1C.[Cu+2],1.4921865
TRZ04072,Cc1nnc(-c2cc(C(F)(F)F)n(-c3ccc(Br)cn3)n2)nc1C,Cu2+,Cc1nnc(-c2cc(C(F)(F)F)n(-c3ccc(Br)cn3)n2)nc1C.[Cu+2],1.492157
TRZ03411,Cc1nnc(-c2nn(Cc3ccc(F)cc3F)c3c2C=CN(C(F)(F)F)C3)nc1C,Cu2+,Cc1nnc(-c2nn(Cc3ccc(F)cc3F)c3c2C=CN(C(F)(F)F)C3)nc1C.[Cu+2],1.4913526
TRZ04091,Cc1nnc(CC(C(F)F)N2Cc3cccnc3C2)nc1C,Cu2+,Cc1nnc(CC(C(F)F)N2Cc3cccnc3C2)nc1C.[Cu+2],1.4905167
TRZ05340,COc1ccc(-c2nnc(C)c(C)n2)c(NC(=O)Nc2cccc(F)c2)c1,Cu2+,COc1ccc(-c2nnc(C)c(C)n2)c(NC(=O)Nc2cccc(F)c2)c1.[Cu+2],1.4865994
TRZ01826,Cc1nnc([C@@H](O)Cc2csc(-c3ccc(F)cc3)n2)nc1C,Cu2+,Cc1nnc([C@@H](O)Cc2csc(-c3ccc(F)cc3)n2)nc1C.[Cu+2],1.4856296
TRZ00566,CCOc1cccc(Nc2nn(C)c3c2Cc2cc(OCC)c(OCc4nnc(C)c(C)n4)cc2-3)c1,Cu2+,CCOc1cccc(Nc2nn(C)c3c2Cc2cc(OCC)c(OCc4nnc(C)c(C)n4)cc2-3)c1.[Cu+2],1.4853554
TRZ02394,Cc1nnc(Cc2csc(-c3cccs3)n2)nc1C,Cu2+,Cc1nnc(Cc2csc(-c3cccs3)n2)nc1C.[Cu+2],1.4819293
TRZ02184,Cc1nnc([C@@H]2CCCO[C@H]2c2nccn2C)nc1C,Cu2+,Cc1nnc([C@@H]2CCCO[C@H]2c2nccn2C)nc1C.[Cu+2],1.4796867
TRZ01497,Cc1ccc(NCc2nnc(C)c(C)n2)cc1F,Cu2+,Cc1ccc(NCc2nnc(C)c(C)n2)cc1F.[Cu+2],1.4752774
TRZ01895,Cc1nnc(-c2csc(C3CCCN3C(=O)OC(C)(C)C)n2)nc1C,Cu2+,Cc1nnc(-c2csc(C3CCCN3C(=O)OC(C)(C)C)n2)nc1C.[Cu+2],1.4748316
TRZ03320,Cc1nnc(COc2ccccc2C(F)(F)F)nc1C,Cu2+,Cc1nnc(COc2ccccc2C(F)(F)F)nc1C.[Cu+2],1.4722414
TRZ04638,Cc1nc2c(c(-c3nnc(C)c(C)n3)nn2C(C)c2ccc(C(F)(F)F)cc2)c(=O)[nH]1,Cu2+,Cc1nc2c(c(-c3nnc(C)c(C)n3)nn2C(C)c2ccc(C(F)(F)F)cc2)c(=O)[nH]1.[Cu+2],1.4720516
TRZ04950,Cc1nnc(-c2ccc(S(=O)(=O)c3ccc(OC(F)(F)F)cc3)cn2)nc1C,Cu2+,Cc1nnc(-c2ccc(S(=O)(=O)c3ccc(OC(F)(F)F)cc3)cn2)nc1C.[Cu+2],1.4679127
TRZ00834,Cc1nnc(Cc2nc(-c3ccccc3)cs2)nc1C,Cu2+,Cc1nnc(Cc2nc(-c3ccccc3)cs2)nc1C.[Cu+2],1.4675121
TRZ00428,Cc1nnc(C(Cc2ccccc2)NC(=O)OC(C)(C)C)nc1C,Cu2+,Cc1nnc(C(Cc2ccccc2)NC(=O)OC(C)(C)C)nc1C.[Cu+2],1.4672022
TRZ02640,Cc1nnc(-c2ccc(Cl)nn2)nc1C,Cu2+,Cc1nnc(-c2ccc(Cl)nn2)nc1C.[Cu+2],1.4636478
TRZ00881,Cc1ccc(C(=O)Nc2ccccc2-c2nnc(C)c(C)n2)cc1,Cu2+,Cc1ccc(C(=O)Nc2ccccc2-c2nnc(C)c(C)n2)cc1.[Cu+2],1.4590802
TRZ01387,CCCN/C(=C\c1ccc2ccccc2c1)c1nnc(C)c(C)n1,Cu2+,CCCN/C(=C\c1ccc2ccccc2c1)c1nnc(C)c(C)n1.[Cu+2],1.4583545
TRZ00685,Cc1nnc(-c2nc3ccccn3c2C)nc1C,Cu2+,Cc1nnc(-c2nc3ccccn3c2C)nc1C.[Cu+2],1.4572258
TRZ01549,COc1ccc(C2=NOC(c3nnc(C)c(C)n3)C2)cc1,Cu2+,COc1ccc(C2=NOC(c3nnc(C)c(C)n3)C2)cc1.[Cu+2],1.4562898
TRZ02333,Cc1nnc(-c2c(Br)cnn2C)nc1C,Cu2+,Cc1nnc(-c2c(Br)cnn2C)nc1C.[Cu+2],1.455689
TRZ04720,CCC(C)(CC)C(=O)N(CCc1nnc(C)c(C)n1)Cc1cc2c(cc1F)OCCO2,Cu2+,CCC(C)(CC)C(=O)N(CCc1nnc(C)c(C)n1)Cc1cc2c(cc1F)OCCO2.[Cu+2],1.455329
TRZ00815,Cc1nnc(C(=O)NCc2ccco2)nc1C,Cu2+,Cc1nnc(C(=O)NCc2ccco2)nc1C.[Cu+2],1.4541249
TRZ03156,[C-]#[N+]c1ccc(N(Cc2nnc(C)c(C)n2)CC(F)(F)F)cc1C(F)(F)F,Cu2+,[C-]#[N+]c1ccc(N(Cc2nnc(C)c(C)n2)CC(F)(F)F)cc1C(F)(F)F.[Cu+2],1.4539051
TRZ00898,CCn1cnc2c1c(=O)n(Cc1nnc(C)c(C)n1)c(=O)n2Cc1ccccc1,Cu2+,CCn1cnc2c1c(=O)n(Cc1nnc(C)c(C)n1)c(=O)n2Cc1ccccc1.[Cu+2],1.4521737
TRZ01527,Cc1nnc(-c2csc(-c3ccc(C(F)(F)F)cn3)n2)nc1C,Cu2+,Cc1nnc(-c2csc(-c3ccc(C(F)(F)F)cn3)n2)nc1C.[Cu+2],1.4516706
TRZ01127,Cc1nnc([C@H](Cc2ccccc2)NC(=O)OC(C)(C)C)nc1C,Cu2+,Cc1nnc([C@H](Cc2ccccc2)NC(=O)OC(C)(C)C)nc1C.[Cu+2],1.4510446
TRZ05062,Cc1nnc(-c2cc3sc(F)cc3[nH]2)nc1C,Cu2+,Cc1nnc(-c2cc3sc(F)cc3[nH]2)nc1C.[Cu+2],1.4497066
TRZ04663,Cc1nnc(COc2cc(C(F)(F)F)ccn2)nc1C,Cu2+,Cc1nnc(COc2cc(C(F)(F)F)ccn2)nc1C.[Cu+2],1.449543
TRZ05605,Cc1nc(C)c(-c2nnc(C)c(C)n2)cc1F,Cu2+,Cc1nc(C)c(-c2nnc(C)c(C)n2)cc1F.[Cu+2],1.4487543
TRZ03182,Cc1ccc2c(c1)c(-c1nnc(C)c(C)n1)nn2Cc1ccc(F)cc1F,Cu2+,Cc1ccc2c(c1)c(-c1nnc(C)c(C)n1)nn2Cc1ccc(F)cc1F.[Cu+2],1.4485946
TRZ05861,Cc1nnc(-c2cc(CF)c(CF)nc2CF)nc1C,Cu2+,Cc1nnc(-c2cc(CF)c(CF)nc2CF)nc1C.[Cu+2],1.448102
TRZ01670,CCOc1ccccc1C1=NOC(c2nnc(C)c(C)n2)C1,Cu2+,CCOc1ccccc1C1=NOC(c2nnc(C)c(C)n2)C1.[Cu+2],1.446681
TRZ04020,Cc1nnc(-c2cc(C)c3cc(OCC(F)F)cc(C(C)(C)C)c3n2)nc1C,Cu2+,Cc1nnc(-c2cc(C)c3cc(OCC(F)F)cc(C(C)(C)C)c3n2)nc1C.[Cu+2],1.446311
TRZ03061,Cc1nnc(-c2c(NC(=O)c3ccc(F)cc3)ncn2C)nc1C,Cu2+,Cc1nnc(-c2c(NC(=O)c3ccc(F)cc3)ncn2C)nc1C.[Cu+2],1.4452496
TRZ05325,Cc1nnc(-c2ccc(Cl)cc2NC(=O)Nc2cccc(F)c2)nc1C,Cu2+,Cc1nnc(-c2ccc(Cl)cc2NC(=O)Nc2cccc(F)c2)nc1C.[Cu+2],1.4451003
TRZ00099,Cc1nnc(COc2ccc(Cl)cc2)nc1C,Cu2+,Cc1nnc(COc2ccc(Cl)cc2)nc1C.[Cu+2],1.4450307
TRZ04119,COc1cc(OC)c(-c2nnc(C)c(C)n2)c(OC(=O)c2ccc(C(F)(F)F)cc2)c1,Cu2+,COc1cc(OC)c(-c2nnc(C)c(C)n2)c(OC(=O)c2ccc(C(F)(F)F)cc2)c1.[Cu+2],1.4422846
TRZ05706,Cc1nnc(C2=NNC(c3cc(Cl)cc(Cl)c3)(C(F)(F)F)C2)nc1C,Cu2+,Cc1nnc(C2=NNC(c3cc(Cl)cc(Cl)c3)(C(F)(F)F)C2)nc1C.[Cu+2],1.4410362
TRZ02312,Cc1nnc(CNc2ccc(Cl)cc2Br)nc1C,Cu2+,Cc1nnc(CNc2ccc(Cl)cc2Br)nc1C.[Cu+2],1.4403043
TRZ01945,Cc1nnc(CC2CC(c3cccc([N+](=O)[O-])c3)=NN2)nc1C,Cu2+,Cc1nnc(CC2CC(c3cccc([N+](=O)[O-])c3)=NN2)nc1C.[Cu+2],1.439147
TRZ00043,Cc1nnc(Cn2nc(C)c(Br)c2C)nc1C,Cu2+,Cc1nnc(Cn2nc(C)c(Br)c2C)nc1C.[Cu+2],1.4385586
TRZ03832,Cc1nnc(CC(C)(O)c2ccc(F)cc2)nc1C,Cu2+,Cc1nnc(CC(C)(O)c2ccc(F)cc2)nc1C.[Cu+2],1.4369521
TRZ00038,Cc1nnc(-c2cnn(-c3ccccc3)c2C(F)(F)F)nc1C,Cu2+,Cc1nnc(-c2cnn(-c3ccccc3)c2C(F)(F)F)nc1C.[Cu+2],1.435854
TRZ02237,Cc1nnc(-c2cc(=O)c3cc(F)ccc3o2)nc1C,Cu2+,Cc1nnc(-c2cc(=O)c3cc(F)ccc3o2)nc1C.[Cu+2],1.4358234
TRZ01236,Cc1nnc(-c2ncc(C(F)(F)F)cc2Cl)nc1C,Cu2+,Cc1nnc(-c2ncc(C(F)(F)F)cc2Cl)nc1C.[Cu+2],1.4348593
TRZ03957,Cc1nnc(CN(CC(F)(F)F)c2ccc(C#N)c(C(F)(F)F)c2)nc1C,Cu2+,Cc1nnc(CN(CC(F)(F)F)c2ccc(C#N)c(C(F)(F)F)c2)nc1C.[Cu+2],1.4346995
TRZ04230,Cc1nnc(-c2cccc(OC(F)F)n2)nc1C,Cu2+,Cc1nnc(-c2cccc(OC(F)F)n2)nc1C.[Cu+2],1.4309883
TRZ05019,Cc1cc(OC(F)(F)F)cc(-c2ncn(/C=C\c3nnc(C)c(C)n3)n2)c1,Cu2+,Cc1cc(OC(F)(F)F)cc(-c2ncn(/C=C\c3nnc(C)c(C)n3)n2)c1.[Cu+2],1.4281306
TRZ02922,Cc1nnc(-c2ccccc2NC(=O)Nc2cccc(C(F)(F)F)c2)nc1C,Cu2+,Cc1nnc(-c2ccccc2NC(=O)Nc2cccc(C(F)(F)F)c2)nc1C.[Cu+2],1.4232211
TRZ05324,Cc1nnc(-c2ccccc2NC(=O)Nc2cccc(F)c2)nc1C,Cu2+,Cc1nnc(-c2ccccc2NC(=O)Nc2cccc(F)c2)nc1C.[Cu+2],1.4216352
TRZ03593,Cc1nnc(-c2cn3c4c(cc(F)cc4c2=O)CCC3C)nc1C,Cu2+,Cc1nnc(-c2cn3c4c(cc(F)cc4c2=O)CCC3C)nc1C.[Cu+2],1.419385
TRZ02440,COc1cc(C(=O)NC(C)c2nnc(C)c(C)n2)cc(OC)c1OC,Cu2+,COc1cc(C(=O)NC(C)c2nnc(C)c(C)n2)cc(OC)c1OC.[Cu+2],1.4190316
TRZ04114,COc1cc(OC)c(-c2nnc(C)c(C)n2)c(OC(=O)c2c(F)cccc2F)c1,Cu2+,COc1cc(OC)c(-c2nnc(C)c(C)n2)c(OC(=O)c2c(F)cccc2F)c1.[Cu+2],1.4170966
TRZ04135,Cc1nnc(C(N)c2ccc(F)c(Cl)c2)nc1C,Cu2+,Cc1nnc(C(N)c2ccc(F)c(Cl)c2)nc1C.[Cu+2],1.4165578
TRZ00195,Cc1nnc(-c2ccc(Br)o2)nc1C,Cu2+,Cc1nnc(-c2ccc(Br)o2)nc1C.[Cu+2],1.4160223
TRZ02866,Cc1nnc(-c2nc[nH]c2F)nc1C,Cu2+,Cc1nnc(-c2nc[nH]c2F)nc1C.[Cu+2],1.4134412
TRZ03384,Cc1cc(Cl)cc(-c2nnc(C)c(C)n2)c1NC(=O)c1cc(C(F)(F)F)nn1-c1ccccn1,Cu2+,Cc1cc(Cl)cc(-c2nnc(C)c(C)n2)c1NC(=O)c1cc(C(F)(F)F)nn1-c1ccccn1.[Cu+2],1.4134259
TRZ01400,Cc1nnc(-c2cc3oc(C)c(C)c3[nH]2)nc1C,Cu2+,Cc1nnc(-c2cc3oc(C)c(C)c3[nH]2)nc1C.[Cu+2],1.4133029
TRZ00840,Cc1nnc(-c2ccc(Br)s2)nc1C,Cu2+,Cc1nnc(-c2ccc(Br)s2)nc1C.[Cu+2],1.4119139
TRZ03131,Cc1nnc(-c2c(NC(=O)c3ccc(F)cc3)cnn2C)nc1C,Cu2+,Cc1nnc(-c2c(NC(=O)c3ccc(F)cc3)cnn2C)nc1C.[Cu+2],1.4094663
TRZ00378,Cc1nnc(-c2ccc(Cn3cc(Br)cn3)o2)nc1C,Cu2+,Cc1nnc(-c2ccc(Cn3cc(Br)cn3)o2)nc1C.[Cu+2],1.4077702
TRZ00603,COc1ccc(NC(=O)N[C@@H](Cc2ccccc2)c2nnc(C)c(C)n2)cc1,Cu2+,COc1ccc(NC(=O)N[C@@H](Cc2ccccc2)c2nnc(C)c(C)n2)cc1.[Cu+2],1.4070926
TRZ03988,CONC(=O)c1cc(Nc2ncnn3cc(-c4nnc(C)c(C)n4)c(C(C)C)c23)c(F)cc1F,Cu2+,CONC(=O)c1cc(Nc2ncnn3cc(-c4nnc(C)c(C)n4)c(C(C)C)c23)c(F)cc1F.[Cu+2],1.407001
TRZ03841,COc1cc(Oc2cccc(C(F)(F)F)c2)nc(-c2nnc(C)c(C)n2)c1,Cu2+,COc1cc(Oc2cccc(C(F)(F)F)c2)nc(-c2nnc(C)c(C)n2)c1.[Cu+2],1.4063473
TRZ03686,Cc1nnc(-c2ccc(N3CN(Oc4ccccc4C(F)(F)F)C3)nn2)nc1C,Cu2+,Cc1nnc(-c2ccc(N3CN(Oc4ccccc4C(F)(F)F)C3)nn2)nc1C.[Cu+2],1.4062061
TRZ03522,Cc1nnc(CNc2cccc(F)c2F)nc1C,Cu2+,Cc1nnc(CNc2cccc(F)c2F)nc1C.[Cu+2],1.4054389
TRZ00960,Cc1nnc(CC(=O)Nc2ccc(F)c(Cl)c2)nc1C,Cu2+,Cc1nnc(CC(=O)Nc2ccc(F)c(Cl)c2)nc1C.[Cu+2],1.4029603
TRZ03864,COc1cc(-c2ncn(C=Cc3nnc(C)c(C)n3)n2)cc(C(F)(F)F)c1,Cu2+,COc1cc(-c2ncn(C=Cc3nnc(C)c(C)n3)n2)cc(C(F)(F)F)c1.[Cu+2],1.3980551
TRZ00770,Cc1nnc(-c2oc3ccccc3c2C)nc1C,Cu2+,Cc1nnc(-c2oc3ccccc3c2C)nc1C.[Cu+2],1.3968225
TRZ05857,CCn1nc(C(F)(F)F)cc1C(=O)Nc1c(CN)cc(Cl)cc1-c1nnc(C)c(C)n1,Cu2+,CCn1nc(C(F)(F)F)cc1C(=O)Nc1c(CN)cc(Cl)cc1-c1nnc(C)c(C)n1.[Cu+2],1.3966861
TRZ03180,Cc1ccc2c(-c3nnc(C)c(C)n3)nn(Cc3ccc(F)cc3Cl)c2c1,Cu2+,Cc1ccc2c(-c3nnc(C)c(C)n3)nn(Cc3ccc(F)cc3Cl)c2c1.[Cu+2],1.3966246
TRZ05774,Cc1nnc(C(CCCCC2OC=CO2)(OCc2ccccc2)C(F)(F)F)nc1C,Cu2+,Cc1nnc(C(CCCCC2OC=CO2)(OCc2ccccc2)C(F)(F)F)nc1C.[Cu+2],1.3920565
TRZ01824,CCN(CC)c1nc2oc(C)c(-c3nnc(C)c(C)n3)c2c(=O)n1-c1ccc(C)cc1,Cu2+,CCN(CC)c1nc2oc(C)c(-c3nnc(C)c(C)n3)c2c(=O)n1-c1ccc(C)cc1.[Cu+2],1.3903499
TRZ03983,Cc1nnc(C(F)(F)C(O)c2cccs2)nc1C,Cu2+,Cc1nnc(C(F)(F)C(O)c2cccs2)nc1C.[Cu+2],1.3846312
TRZ00943,Cc1nnc(CSc2nc(-c3ccccc3)nc3c2CCCC3)nc1C,Cu2+,Cc1nnc(CSc2nc(-c3ccccc3)nc3c2CCCC3)nc1C.[Cu+2],1.384336
TRZ03976,COc1nc(-c2nnc(C)c(C)n2)c(NC(=O)OC(C)(C)C)cc1C(F)(F)F,Cu2+,COc1nc(-c2nnc(C)c(C)n2)c(NC(=O)OC(C)(C)C)cc1C(F)(F)F.[Cu+2],1.3791423
TRZ00678,Cc1nnc(-c2noc(C)c2C(=O)Nc2ncc(C(F)(F)F)cc2Cl)nc1C,Cu2+,Cc1nnc(-c2noc(C)c2C(=O)Nc2ncc(C(F)(F)F)cc2Cl)nc1C.[Cu+2],1.3782878
TRZ02860,Cc1nnc(C2CC(O)Cc3cc(F)ccc3N2)nc1C,Cu2+,Cc1nnc(C2CC(O)Cc3cc(F)ccc3N2)nc1C.[Cu+2],1.3772445
TRZ00011,Cc1nnc(-c2ccccc2[N+](=O)[O-])nc1C,Cu2+,Cc1nnc(-c2ccccc2[N+](=O)[O-])nc1C.[Cu+2],1.3771129
TRZ05532,Cc1nnc(-c2c(-c3ccccc3F)ccnc2Cl)nc1C,Cu2+,Cc1nnc(-c2c(-c3ccccc3F)ccnc2Cl)nc1C.[Cu+2],1.376615
TRZ00430,Cc1nnc(COc2ccccc2-c2ccccc2)nc1C,Cu2+,Cc1nnc(COc2ccccc2-c2ccccc2)nc1C.[Cu+2],1.375999
TRZ01993,Cc1nnc(C(=O)Nc2ccc(Cl)cc2)nc1C,Cu2+,Cc1nnc(C(=O)Nc2ccc(Cl)cc2)nc1C.[Cu+2],1.373672
TRZ02321,Cc1nnc(-c2n[nH]c3c2CCCCCCCCCC3)nc1C,Cu2+,Cc1nnc(-c2n[nH]c3c2CCCCCCCCCC3)nc1C.[Cu+2],1.3679919
TRZ02701,Cc1nnc(-c2cc(-c3ccccc3)nn2C)nc1C,Cu2+,Cc1nnc(-c2cc(-c3ccccc3)nn2C)nc1C.[Cu+2],1.3678517
TRZ03433,Cc1nnc(-c2nn(Cc3ccc(F)cc3F)c3ccc(Cl)cc23)nc1C,Cu2+,Cc1nnc(-c2nn(Cc3ccc(F)cc3F)c3ccc(Cl)cc23)nc1C.[Cu+2],1.362874
TRZ03737,Cc1nnc(-c2nn(Cc3ccc(F)cc3Cl)c3cc([N+](=O)[O-])ccc23)nc1C,Cu2+,Cc1nnc(-c2nn(Cc3ccc(F)cc3Cl)c3cc([N+](=O)[O-])ccc23)nc1C.[Cu+2],1.3607144
TRZ00293,CCC(C)(C)C1CCc2[nH]nc(-c3nnc(C)c(C)n3)c2C1,Cu2+,CCC(C)(C)C1CCc2[nH]nc(-c3nnc(C)c(C)n3)c2C1.[Cu+2],1.3592057
TRZ05500,Cc1nnc(-c2cncc(N3CCC(F)(F)CC3)n2)nc1C,Cu2+,Cc1nnc(-c2cncc(N3CCC(F)(F)CC3)n2)nc1C.[Cu+2],1.3591614
TRZ05126,Cc1nnc(-c2cc3cc(N)nnc3c(F)c2Nc2ccc(Br)cc2F)nc1C,Cu2+,Cc1nnc(-c2cc3cc(N)nnc3c(F)c2Nc2ccc(Br)cc2F)nc1C.[Cu+2],1.3581243
TRZ01473,Cc1nnc(-c2nccn2C)nc1C,Cu2+,Cc1nnc(-c2nccn2C)nc1C.[Cu+2],1.3577638
TRZ04444,COc1cccc2c(N3CC=CC4=C3CN(C(Cc3nnc(C)c(C)n3)C(F)F)C4)nc(N)nc12,Cu2+,COc1cccc2c(N3CC=CC4=C3CN(C(Cc3nnc(C)c(C)n3)C(F)F)C4)nc(N)nc12.[Cu+2],1.3557568
TRZ00608,Cc1nnc(-c2oc3ccccc3c2-n2cccc2)nc1C,Cu2+,Cc1nnc(-c2oc3ccccc3c2-n2cccc2)nc1C.[Cu+2],1.352025
TRZ02747,CCSc1ccccc1-c1nnc(C)c(C)n1,Cu2+,CCSc1ccccc1-c1nnc(C)c(C)n1.[Cu+2],1.3489823
TRZ00421,CC1=C(c2nnc(C)c(C)n2)Sc2ccccc2N1,Cu2+,CC1=C(c2nnc(C)c(C)n2)Sc2ccccc2N1.[Cu+2],1.3484292
TRZ02366,Cc1nnc(-c2ccc(CN(C)C)o2)nc1C,Cu2+,Cc1nnc(-c2ccc(CN(C)C)o2)nc1C.[Cu+2],1.3472238
TRZ00169,CNc1ccccc1-c1nnc(C)c(C)n1,Cu2+,CNc1ccccc1-c1nnc(C)c(C)n1.[Cu+2],1.3463368
TRZ00520,Cc1nnc(-c2sc3cc(C(F)(F)F)cnc3c2-c2cccnc2)nc1C,Cu2+,Cc1nnc(-c2sc3cc(C(F)(F)F)cnc3c2-c2cccnc2)nc1C.[Cu+2],1.3441911
TRZ05317,Cc1nnc(Cc2ncccc2C(F)F)nc1C,Cu2+,Cc1nnc(Cc2ncccc2C(F)F)nc1C.[Cu+2],1.3438439
TRZ03729,Cc1nnc(-c2nn(Cc3ccc(F)cc3Cl)c3cc(C(F)(F)F)cnc23)nc1C,Cu2+,Cc1nnc(-c2nn(Cc3ccc(F)cc3Cl)c3cc(C(F)(F)F)cnc23)nc1C.[Cu+2],1.3437948
TRZ04433,Cc1nnc(-c2c(-c3ccc(F)c(Cl)c3)csc2N)nc1C,Cu2+,Cc1nnc(-c2c(-c3ccc(F)c(Cl)c3)csc2N)nc1C.[Cu+2],1.3435698
TRZ01063,Cc1nnc(-c2nc(-c3ccccc3)cc(-c3ccc(C(F)F)nc3)n2)nc1C,Cu2+,Cc1nnc(-c2nc(-c3ccccc3)cc(-c3ccc(C(F)F)nc3)n2)nc1C.[Cu+2],1.3432546
TRZ02690,Cc1nnc(-c2c(C)c3ccccc3n2C)nc1C,Cu2+,Cc1nnc(-c2c(C)c3ccccc3n2C)nc1C.[Cu+2],1.3430557
TRZ04622,Cc1nnc(-c2c(OC3CCN(C(=O)OC(C)(C)C)CC3)cccc2C(F)(F)F)nc1C,Cu2+,Cc1nnc(-c2c(OC3CCN(C(=O)OC(C)(C)C)CC3)cccc2C(F)(F)F)nc1C.[Cu+2],1.3425384
TRZ01043,Cc1nnc(-c2nc(-c3ccc(C(F)(F)F)nc3)cc(-c3ccco3)n2)nc1C,Cu2+,Cc1nnc(-c2nc(-c3ccc(C(F)(F)F)nc3)cc(-c3ccco3)n2)nc1C.[Cu+2],1.3416858
TRZ03751,Cc1nnc(C2C(=O)Nc3ccc(F)cc32)nc1C,Cu2+,Cc1nnc(C2C(=O)Nc3ccc(F)cc32)nc1C.[Cu+2],1.339992
TRZ03069,Cc1nnc(-c2cc(C(F)(F)F)c3ccccc3n2)nc1C,Cu2+,Cc1nnc(-c2cc(C(F)(F)F)c3ccccc3n2)nc1C.[Cu+2],1.3364553
TRZ03059,Cc1nnc(C(F)(F)c2ccccn2)nc1C,Cu2+,Cc1nnc(C(F)(F)c2ccccn2)nc1C.[Cu+2],1.3349557
TRZ00073,Cc1nnc(-c2cncc(Br)c2)nc1C,Cu2+,Cc1nnc(-c2cncc(Br)c2)nc1C.[Cu+2],1.3346591
TRZ02931,Cc1nnc(-c2nn(Cc3ccc(F)cc3F)c3ccc(C(F)(F)F)cc23)nc1C,Cu2+,Cc1nnc(-c2nn(Cc3ccc(F)cc3F)c3ccc(C(F)(F)F)cc23)nc1C.[Cu+2],1.3339405
TRZ01012,Cc1nnc(-c2nc(-c3ccccc3)cc(-c3ccc(CO)cc3)n2)nc1C,Cu2+,Cc1nnc(-c2nc(-c3ccccc3)cc(-c3ccc(CO)cc3)n2)nc1C.[Cu+2],1.3297563
TRZ03388,Cc1nnc(-c2nn(Cc3ccc(F)cc3F)c3cc(F)ccc23)nc1C,Cu2+,Cc1nnc(-c2nn(Cc3ccc(F)cc3F)c3cc(F)ccc23)nc1C.[Cu+2],1.3283362
TRZ00623,Cc1nnc(Cc2csc(-c3ccccc3)n2)nc1C,Cu2+,Cc1nnc(Cc2csc(-c3ccccc3)n2)nc1C.[Cu+2],1.3280144
TRZ03169,Cc1nnc(C[C@@H](Cc2cc(F)c(F)cc2F)NC(=O)OC(C)(C)C)nc1C,Cu2+,Cc1nnc(C[C@@H](Cc2cc(F)c(F)cc2F)NC(=O)OC(C)(C)C)nc1C.[Cu+2],1.326685
TRZ01357,CCOc1ccc2nc3ccccc3c(SCc3nnc(C)c(C)n3)c2c1,Cu2+,CCOc1ccc2nc3ccccc3c(SCc3nnc(C)c(C)n3)c2c1.[Cu+2],1.3266253
TRZ01917,CCOC(=O)c1cc(-c2ccc(Cl)cc2)n(CCc2nnc(C)c(C)n2)c1C,Cu2+,CCOC(=O)c1cc(-c2ccc(Cl)cc2)n(CCc2nnc(C)c(C)n2)c1C.[Cu+2],1.324738
TRZ01787,Cc1nnc(-c2nc(-c3ccccc3)cc(N3CC4CS(=O)(=O)CC4C3)n2)nc1C,Cu2+,Cc1nnc(-c2nc(-c3ccccc3)cc(N3CC4CS(=O)(=O)CC4C3)n2)nc1C.[Cu+2],1.3196883
TRZ01072,COc1ccc2cc(NCc3nnc(C)c(C)n3)ccc2c1,Cu2+,COc1ccc2cc(NCc3nnc(C)c(C)n3)ccc2c1.[Cu+2],1.3194828
TRZ05701,Cc1nnc(-c2cc(Cl)cnc2OC(F)F)nc1C,Cu2+,Cc1nnc(-c2cc(Cl)cnc2OC(F)F)nc1C.[Cu+2],1.3177233
TRZ02600,CSc1cc(C)n(Cc2nnc(C)c(C)n2)c(=O)n1,Cu2+,CSc1cc(C)n(Cc2nnc(C)c(C)n2)c(=O)n1.[Cu+2],1.3148675
TRZ01857,Cc1nnc(-c2c[nH]c3ccc(F)cc23)nc1C,Cu2+,Cc1nnc(-c2c[nH]c3ccc(F)cc23)nc1C.[Cu+2],1.314712
TRZ00096,Cc1nnc(-c2ccsc2)nc1C,Cu2+,Cc1nnc(-c2ccsc2)nc1C.[Cu+2],1.3137722
TRZ05266,Cc1nnc([C@H](C)NC(=O)c2cc(Cl)cc(S(=O)(=O)C(F)(F)F)c2)nc1C,Cu2+,Cc1nnc([C@H](C)NC(=O)c2cc(Cl)cc(S(=O)(=O)C(F)(F)F)c2)nc1C.[Cu+2],1.3133187
TRZ04016,Cc1nnc(C2CC3(CN(C(=O)C(F)(F)F)CN3)c3ccccc3O2)nc1C,Cu2+,Cc1nnc(C2CC3(CN(C(=O)C(F)(F)F)CN3)c3ccccc3O2)nc1C.[Cu+2],1.3119802
TRZ04096,Cc1nnc(-c2cc(C(F)(F)F)ccn2)nc1C,Cu2+,Cc1nnc(-c2cc(C(F)(F)F)ccn2)nc1C.[Cu+2],1.309555
TRZ02358,Cc1nnc(-c2ccccc2OCc2ccc(Cl)cc2)nc1C,Cu2+,Cc1nnc(-c2ccccc2OCc2ccc(Cl)cc2)nc1C.[Cu+2],1.3076816
TRZ03039,Cc1nnc(-c2cc(-c3ccc(F)cc3)nn2C)nc1C,Cu2+,Cc1nnc(-c2cc(-c3ccc(F)cc3)nn2C)nc1C.[Cu+2],1.3075752
TRZ02446,COc1ccc(Cc2nc3ccccc3n2Cc2nnc(C)c(C)n2)cc1OC,Cu2+,COc1ccc(Cc2nc3ccccc3n2Cc2nnc(C)c(C)n2)cc1OC.[Cu+2],1.3069682
TRZ01046,Cc1nnc(-c2nc(-c3ccccc3)cc(-c3ccc(C(F)(F)F)nc3)n2)nc1C,Cu2+,Cc1nnc(-c2nc(-c3ccccc3)cc(-c3ccc(C(F)(F)F)nc3)n2)nc1C.[Cu+2],1.3054261
TRZ04864,Cc1nnc(C(Br)Nc2ccc(F)cc2)nc1C,Cu2+,Cc1nnc(C(Br)Nc2ccc(F)cc2)nc1C.[Cu+2],1.3047509
TRZ02535,CC1=C(c2nnc(C)c(C)n2)C(c2ccccc2)NC(=O)N1,Cu2+,CC1=C(c2nnc(C)c(C)n2)C(c2ccccc2)NC(=O)N1.[Cu+2],1.3035936
TRZ05103,C=Cc1cccc(F)c1C(O)c1nnc(C)c(C)n1,Cu2+,C=Cc1cccc(F)c1C(O)c1nnc(C)c(C)n1.[Cu+2],1.3025742
TRZ00942,Cc1nnc(Cn2c(SCc3ccccc3)nc3ccccc32)nc1C,Cu2+,Cc1nnc(Cn2c(SCc3ccccc3)nc3ccccc32)nc1C.[Cu+2],1.2986436
TRZ01681,CCCCc1ccc(NC(=O)Cc2nnc(C)c(C)n2)cc1,Cu2+,CCCCc1ccc(NC(=O)Cc2nnc(C)c(C)n2)cc1.[Cu+2],1.2946835
TRZ01382,Cc1nnc(/C(=C\c2cc3ccccc3o2)NCCc2ccccc2)nc1C,Cu2+,Cc1nnc(/C(=C\c2cc3ccccc3o2)NCCc2ccccc2)nc1C.[Cu+2],1.2914929
TRZ01696,Cc1nnc(CCn2ccc(N)nc2=O)nc1C,Cu2+,Cc1nnc(CCn2ccc(N)nc2=O)nc1C.[Cu+2],1.2908196
TRZ01776,Cc1nnc(-c2nc(-c3ccc(C(F)(F)F)nc3)cc(-c3ncco3)n2)nc1C,Cu2+,Cc1nnc(-c2nc(-c3ccc(C(F)(F)F)nc3)cc(-c3ncco3)n2)nc1C.[Cu+2],1.2904973
TRZ02076,CCCCS(=O)(=O)Nc1ccccc1-c1nnc(C)c(C)n1,Cu2+,CCCCS(=O)(=O)Nc1ccccc1-c1nnc(C)c(C)n1.[Cu+2],1.2891412
TRZ00858,Cc1nnc(-c2cc(Br)ccn2)nc1C,Cu2+,Cc1nnc(-c2cc(Br)ccn2)nc1C.[Cu+2],1.2882023
TRZ01509,Cc1ccc2nc(NCc3nnc(C)c(C)n3)nc(-c3ccccc3)c2c1,Cu2+,Cc1ccc2nc(NCc3nnc(C)c(C)n3)nc(-c3ccccc3)c2c1.[Cu+2],1.288032
TRZ03200,Cc1nnc(C(C)(C)Oc2ccccc2C(F)(F)F)nc1C,Cu2+,Cc1nnc(C(C)(C)Oc2ccccc2C(F)(F)F)nc1C.[Cu+2],1.2879438
TRZ02746,Cc1nnc(C2=Cc3ccccc3NC2)nc1C,Cu2+,Cc1nnc(C2=Cc3ccccc3NC2)nc1C.[Cu+2],1.2842784
TRZ04022,Cc1nnc(-c2cc(C)c3cc(C(=O)C(F)(F)F)cc(C(F)(F)F)c3n2)nc1C,Cu2+,Cc1nnc(-c2cc(C)c3cc(C(=O)C(F)(F)F)cc(C(F)(F)F)c3n2)nc1C.[Cu+2],1.2821412
TRZ05514,Cc1nnc(-c2cc(-c3cncc(F)c3)cc(C(F)F)n2)nc1C,Cu2+,Cc1nnc(-c2cc(-c3cncc(F)c3)cc(C(F)F)n2)nc1C.[Cu+2],1.2797146
TRZ03987,Cc1nnc(-c2cc3cc(Cl)ncc3n2OC(=O)C(F)(F)F)nc1C,Cu2+,Cc1nnc(-c2cc3cc(Cl)ncc3n2OC(=O)C(F)(F)F)nc1C.[Cu+2],1.2782922
TRZ02217,CC1=C(c2nnc(C)c(C)n2)C(c2ccccc2F)NC(=O)N1,Cu2+,CC1=C(c2nnc(C)c(C)n2)C(c2ccccc2F)NC(=O)N1.[Cu+2],1.2755275
TRZ01071,Cc1nnc(C(C)Nc2ccc3ccccc3c2)nc1C,Cu2+,Cc1nnc(C(C)Nc2ccc3ccccc3c2)nc1C.[Cu+2],1.2735901
TRZ05433,Cc1nnc(-c2cn(C)nc2CF)nc1C,Cu2+,Cc1nnc(-c2cn(C)nc2CF)nc1C.[Cu+2],1.2714796
TRZ01528,Cc1nnc(C2=NOC3COC4(CCN(c5ncccn5)CC4)OCC23)nc1C,Cu2+,Cc1nnc(C2=NOC3COC4(CCN(c5ncccn5)CC4)OCC23)nc1C.[Cu+2],1.2702451
TRZ00991,CCCc1ccc(NC(=O)Cc2nnc(C)c(C)n2)cc1,Cu2+,CCCc1ccc(NC(=O)Cc2nnc(C)c(C)n2)cc1.[Cu+2],1.2700214
TRZ02328,Cc1nnc(-c2cc3c4c(c(N5CCOCC5)nc3s2)COC(C)(C)C4)nc1C,Cu2+,Cc1nnc(-c2cc3c4c(c(N5CCOCC5)nc3s2)COC(C)(C)C4)nc1C.[Cu+2],1.269865
TRZ03049,Cc1nnc(C(C)(C)Oc2ccc(F)cc2)nc1C,Cu2+,Cc1nnc(C(C)(C)Oc2ccc(F)cc2)nc1C.[Cu+2],1.267848
TRZ01932,Cc1cc(-c2nnc(C)c(C)n2)n(C(C)(C)C)n1,Cu2+,Cc1cc(-c2nnc(C)c(C)n2)n(C(C)(C)C)n1.[Cu+2],1.2632856
TRZ03319,Cc1nnc(-c2cc(-c3ccc(C(F)(F)F)cc3)nn2C)nc1C,Cu2+,Cc1nnc(-c2cc(-c3ccc(C(F)(F)F)cc3)nn2C)nc1C.[Cu+2],1.2631097
TRZ03294,Cc1nnc(C(=O)Nc2ccc(C3CCC(C(=O)OC(C)(C)C)CC3)cc2F)nc1C,Cu2+,Cc1nnc(C(=O)Nc2ccc(C3CCC(C(=O)OC(C)(C)C)CC3)cc2F)nc1C.[Cu+2],1.2622819
TRZ00855,Cc1nnc(-c2nn(C)c3ccccc23)nc1C,Cu2+,Cc1nnc(-c2nn(C)c3ccccc23)nc1C.[Cu+2],1.2614522
TRZ01061,Cc1nnc(-c2nc(-c3ccc(C(F)(F)F)nc3)cc(N3Cc4ccccc4C3)n2)nc1C,Cu2+,Cc1nnc(-c2nc(-c3ccc(C(F)(F)F)nc3)cc(N3Cc4ccccc4C3)n2)nc1C.[Cu+2],1.2595296
TRZ05903,Cc1nnc(-c2nc(C(=O)c3ccccc3F)cnc2N)nc1C,Cu2+,Cc1nnc(-c2nc(C(=O)c3ccccc3F)cnc2N)nc1C.[Cu+2],1.2591777
TRZ02107,Cc1nnc(C(=O)NCc2ccc(OC(F)(F)F)cc2)nc1C,Cu2+,Cc1nnc(C(=O)NCc2ccc(OC(F)(F)F)cc2)nc1C.[Cu+2],1.2588096
TRZ03836,Cc1nnc(C(C)(C)Oc2ccc(N)c(F)c2)nc1C,Cu2+,Cc1nnc(C(C)(C)Oc2ccc(N)c(F)c2)nc1C.[Cu+2],1.2542052
TRZ05318,Cc1nnc(Cc2ncncc2F)nc1C,Cu2+,Cc1nnc(Cc2ncncc2F)nc1C.[Cu+2],1.2540774
TRZ02716,COc1nn(C)cc1-c1nnc(C)c(C)n1,Cu2+,COc1nn(C)cc1-c1nnc(C)c(C)n1.[Cu+2],1.2535439
TRZ02198,Cc1nnc(-c2cc(-c3ccc(C(F)(F)F)cc3)n(C)n2)nc1C,Cu2+,Cc1nnc(-c2cc(-c3ccc(C(F)(F)F)cc3)n(C)n2)nc1C.[Cu+2],1.2485313
TRZ02192,Cc1nnc(CNC(=O)c2ccccc2N=[N+]=[N-])nc1C,Cu2+,Cc1nnc(CNC(=O)c2ccccc2N=[N+]=[N-])nc1C.[Cu+2],1.2482753
TRZ01033,COc1ccc(-c2cc(-c3ccc(C(F)(F)F)nc3)nc(-c3nnc(C)c(C)n3)n2)cc1,Cu2+,COc1ccc(-c2cc(-c3ccc(C(F)(F)F)nc3)nc(-c3nnc(C)c(C)n3)n2)cc1.[Cu+2],1.2474084
TRZ05883,Cc1nnc(-c2ccc(C(F)(F)F)nc2C(=O)c2ccccc2F)nc1C,Cu2+,Cc1nnc(-c2ccc(C(F)(F)F)nc2C(=O)c2ccccc2F)nc1C.[Cu+2],1.2468128
TRZ03753,Cc1nnc(C2C(=O)Nc3cccc(-c4cccc(F)c4)c32)nc1C,Cu2+,Cc1nnc(C2C(=O)Nc3cccc(-c4cccc(F)c4)c32)nc1C.[Cu+2],1.245533
TRZ02740,Cc1nnc(-c2ncccc2C(=O)O)nc1C,Cu2+,Cc1nnc(-c2ncccc2C(=O)O)nc1C.[Cu+2],1.2446718
TRZ02592,Cc1nnc(-c2c(N)[nH]n3c(=O)c(C(C)(C)C)nnc23)nc1C,Cu2+,Cc1nnc(-c2c(N)[nH]n3c(=O)c(C(C)(C)C)nnc23)nc1C.[Cu+2],1.2437487
TRZ05504,Cc1nnc(-c2nccc(-c3ccc(OC(F)(F)F)cc3)n2)nc1C,Cu2+,Cc1nnc(-c2nccc(-c3ccc(OC(F)(F)F)cc3)n2)nc1C.[Cu+2],1.2429547
TRZ00142,Cc1nnc(CCn2nnc3ccccc32)nc1C,Cu2+,Cc1nnc(CCn2nnc3ccccc32)nc1C.[Cu+2],1.2428007
TRZ03582,Cc1cc(C(F)(F)F)c2nc(-c3nnc(C)c(C)n3)cc(C)c2c1,Cu2+,Cc1cc(C(F)(F)F)c2nc(-c3nnc(C)c(C)n3)cc(C)c2c1.[Cu+2],1.2401681
TRZ00868,Cc1nnc(CNC(=O)COc2ccccc2)nc1C,Cu2+,Cc1nnc(CNC(=O)COc2ccccc2)nc1C.[Cu+2],1.2374167
TRZ01507,Cc1nnc(CCS(=O)(=O)c2ccc3ccccc3c2)nc1C,Cu2+,Cc1nnc(CCS(=O)(=O)c2ccc3ccccc3c2)nc1C.[Cu+2],1.2363935
TRZ01110,Cc1nnc(C(C)(C)Oc2ccc(Cl)cc2)nc1C,Cu2+,Cc1nnc(C(C)(C)Oc2ccc(Cl)cc2)nc1C.[Cu+2],1.235148
TRZ03360,Cc1nnc(C(=O)Nc2cccc(C(F)(F)F)c2F)nc1C,Cu2+,Cc1nnc(C(=O)Nc2cccc(C(F)(F)F)c2F)nc1C.[Cu+2],1.2346182
TRZ04201,Cc1nnc(/C=C\n2cnc(-c3cc(Cl)cc(OCF)c3)n2)nc1C,Cu2+,Cc1nnc(/C=C\n2cnc(-c3cc(Cl)cc(OCF)c3)n2)nc1C.[Cu+2],1.2334075
TRZ03342,Cc1nnc([C@H]2CCCN(C(=O)c3ccc(F)cc3)C2)nc1C,Cu2+,Cc1nnc([C@H]2CCCN(C(=O)c3ccc(F)cc3)C2)nc1C.[Cu+2],1.2329402
TRZ02833,Cc1nnc(-c2cc([N+](=O)[O-])ccc2NC(=O)C23CC4CC(CC(C4)C2)C3)nc1C,Cu2+,Cc1nnc(-c2cc([N+](=O)[O-])ccc2NC(=O)C23CC4CC(CC(C4)C2)C3)nc1C.[Cu+2],1.2309704
TRZ03329,Cc1nnc(CCN(C)c2ccc(F)cc2)nc1C,Cu2+,Cc1nnc(CCN(C)c2ccc(F)cc2)nc1C.[Cu+2],1.229352
TRZ01806,Cc1nnc(-c2nc(-c3ccc(C(F)(F)F)nc3)cc(-c3cccc(F)c3)n2)nc1C,Cu2+,Cc1nnc(-c2nc(-c3ccc(C(F)(F)F)nc3)cc(-c3cccc(F)c3)n2)nc1C.[Cu+2],1.2288179
TRZ03885,Cc1cc(-c2ncn(/C=C\c3nnc(C)c(C)n3)n2)cc(C(F)(F)F)c1,Cu2+,Cc1cc(-c2ncn(/C=C\c3nnc(C)c(C)n3)n2)cc(C(F)(F)F)c1.[Cu+2],1.2260132
TRZ00827,Cc1nnc(COc2ccccc2Cc2ccccc2)nc1C,Cu2+,Cc1nnc(COc2ccccc2Cc2ccccc2)nc1C.[Cu+2],1.2234168
TRZ02562,CCCNc1nc2oc(C)c(-c3nnc(C)c(C)n3)c2c(=O)n1-c1ccc(C)cc1,Cu2+,CCCNc1nc2oc(C)c(-c3nnc(C)c(C)n3)c2c(=O)n1-c1ccc(C)cc1.[Cu+2],1.2230844
TRZ00324,Cc1nnc(CNc2cccc(Br)c2)nc1C,Cu2+,Cc1nnc(CNc2cccc(Br)c2)nc1C.[Cu+2],1.2225485
TRZ02002,CC(=O)N[C@@H](Cc1ccccc1)c1nnc(C)c(C)n1,Cu2+,CC(=O)N[C@@H](Cc1ccccc1)c1nnc(C)c(C)n1.[Cu+2],1.2191563
TRZ00944,Cc1nnc(C(C)Oc2ccc(F)cc2)nc1C,Cu2+,Cc1nnc(C(C)Oc2ccc(F)cc2)nc1C.[Cu+2],1.2164235
TRZ03675,COc1ccc2c(-c3nnc(C)c(C)n3)nn(Cc3ccc(F)cc3Cl)c2c1,Cu2+,COc1ccc2c(-c3nnc(C)c(C)n3)nn(Cc3ccc(F)cc3Cl)c2c1.[Cu+2],1.2163644
TRZ03460,Cc1nnc(-c2nn(Cc3ccc(Cl)cc3F)c3cc(CF)ccc23)nc1C,Cu2+,Cc1nnc(-c2nn(Cc3ccc(Cl)cc3F)c3cc(CF)ccc23)nc1C.[Cu+2],1.2157469
TRZ04232,Cc1nnc(-c2cccc(OCC(O)(C(F)(F)F)C(F)(F)F)n2)nc1C,Cu2+,Cc1nnc(-c2cccc(OCC(O)(C(F)(F)F)C(F)(F)F)n2)nc1C.[Cu+2],1.2144723
TRZ02129,Cc1nnc(CNC(=O)CNC(=O)c2ccccc2)nc1C,Cu2+,Cc1nnc(CNC(=O)CNC(=O)c2ccccc2)nc1C.[Cu+2],1.2110939
TRZ00953,Cc1nnc(-c2nc3c(=O)[nH]c4cc(Cl)ccc4n3n2)nc1C,Cu2+,Cc1nnc(-c2nc3c(=O)[nH]c4cc(Cl)ccc4n3n2)nc1C.[Cu+2],1.2110777
TRZ01781,Cc1nnc(-c2nc(NCCc3ccccc3)cc(-c3ccccc3)n2)nc1C,Cu2+,Cc1nnc(-c2nc(NCCc3ccccc3)cc(-c3ccccc3)n2)nc1C.[Cu+2],1.2074947
TRZ03793,Cc1nnc(-c2cn(C)c3ccc(F)cc23)nc1C,Cu2+,Cc1nnc(-c2cn(C)c3ccc(F)cc23)nc1C.[Cu+2],1.2069154
TRZ04996,Cc1nnc(-c2cnn(C(F)(F)F)c2)nc1C,Cu2+,Cc1nnc(-c2cnn(C(F)(F)F)c2)nc1C.[Cu+2],1.2037988
TRZ01455,Cc1nnc(-c2cnn(-c3ccc(F)cc3)c2C(F)(F)F)nc1C,Cu2+,Cc1nnc(-c2cnn(-c3ccc(F)cc3)c2C(F)(F)F)nc1C.[Cu+2],1.2008023
TRZ00381,Cc1cc(SCc2nnc(C)c(C)n2)c2cc(Br)ccc2n1,Cu2+,Cc1cc(SCc2nnc(C)c(C)n2)c2cc(Br)ccc2n1.[Cu+2],1.195241
TRZ02798,Cc1nnc(CNc2ccc(F)cc2Br)nc1C,Cu2+,Cc1nnc(CNc2ccc(F)cc2Br)nc1C.[Cu+2],1.1939988
TRZ02595,CSc1ccn(Cc2nnc(C)c(C)n2)c(=O)n1,Cu2+,CSc1ccn(Cc2nnc(C)c(C)n2)c(=O)n1.[Cu+2],1.1937132
TRZ04184,Cc1nnc(C(=O)NCc2ccc(F)c(CF)c2)nc1C,Cu2+,Cc1nnc(C(=O)NCc2ccc(F)c(CF)c2)nc1C.[Cu+2],1.1924524
TRZ01757,Cc1nnc(-c2cc(-c3ccccc3)cc(-c3ccccc3)n2)nc1C,Cu2+,Cc1nnc(-c2cc(-c3ccccc3)cc(-c3ccccc3)n2)nc1C.[Cu+2],1.1900687
TRZ03966,Cc1nnc(-c2cccn2CF)nc1C,Cu2+,Cc1nnc(-c2cccn2CF)nc1C.[Cu+2],1.1877074
TRZ01559,Cc1nnc(Cc2cc(=O)n(-c3ccc(F)cc3)[nH]2)nc1C,Cu2+,Cc1nnc(Cc2cc(=O)n(-c3ccc(F)cc3)[nH]2)nc1C.[Cu+2],1.1875887
TRZ05342,COc1ccc(-c2nnc(C)c(C)n2)c(NC(=O)Nc2cc(F)cc(Cl)c2)c1,Cu2+,COc1ccc(-c2nnc(C)c(C)n2)c(NC(=O)Nc2cc(F)cc(Cl)c2)c1.[Cu+2],1.1873021
TRZ02395,Cc1nnc(-c2c(C)noc2-c2cccs2)nc1C,Cu2+,Cc1nnc(-c2c(C)noc2-c2cccs2)nc1C.[Cu+2],1.1839762
TRZ03044,Cc1nnc(CSc2ccc(F)cc2)nc1C,Cu2+,Cc1nnc(CSc2ccc(F)cc2)nc1C.[Cu+2],1.1835833
TRZ03896,Cc1nnc(-c2ccc(N3CC(Cc4ccccc4CF)C3)nn2)nc1C,Cu2+,Cc1nnc(-c2ccc(N3CC(Cc4ccccc4CF)C3)nn2)nc1C.[Cu+2],1.183094
TRZ04042,COc1nc(-c2nnc(C)c(C)n2)c(OC(N)=O)cc1C(F)(F)F,Cu2+,COc1nc(-c2nnc(C)c(C)n2)c(OC(N)=O)cc1C(F)(F)F.[Cu+2],1.1815667
TRZ04850,Cc1nnc(-c2cc(F)c(N3CCCC3)c(Cl)c2NC2CC2)nc1C,Cu2+,Cc1nnc(-c2cc(F)c(N3CCCC3)c(Cl)c2NC2CC2)nc1C.[Cu+2],1.1813054
TRZ00105,Cc1nnc(-c2ccc(-c3ccccc3Cl)o2)nc1C,Cu2+,Cc1nnc(-c2ccc(-c3ccccc3Cl)o2)nc1C.[Cu+2],1.1810575
TRZ01747,Cc1nnc(-c2nc(Oc3ccccc3)cc(-c3ccccc3)n2)nc1C,Cu2+,Cc1nnc(-c2nc(Oc3ccccc3)cc(-c3ccccc3)n2)nc1C.[Cu+2],1.1809797
TRZ02324,Cc1nnc(COc2cc(Cl)ccc2Cl)nc1C,Cu2+,Cc1nnc(COc2cc(Cl)ccc2Cl)nc1C.[Cu+2],1.1794972
TRZ05156,Cc1cc(-c2c(OCc3nnc(C)c(C)n3)nc(N)nc2-c2ccc(F)cc2)cc(C(F)F)n1,Cu2+,Cc1cc(-c2c(OCc3nnc(C)c(C)n3)nc(N)nc2-c2ccc(F)cc2)cc(C(F)F)n1.[Cu+2],1.1733608
TRZ03968,Cc1nnc(-c2cccn2C(F)(F)F)nc1C,Cu2+,Cc1nnc(-c2cccn2C(F)(F)F)nc1C.[Cu+2],1.1704879
TRZ02689,Cc1nnc(C(=O)c2ccccc2)nc1C,Cu2+,Cc1nnc(C(=O)c2ccccc2)nc1C.[Cu+2],1.1667871
TRZ04483,Cc1nnc(-c2cc(C(F)(F)F)nn2-c2ncccn2)nc1C,Cu2+,Cc1nnc(-c2cc(C(F)(F)F)nn2-c2ncccn2)nc1C.[Cu+2],1.1664929
TRZ01618,COc1ccc(C(=O)N/C(=C/c2cc(OC)c(OC)c(OC)c2)c2nnc(C)c(C)n2)cc1,Cu2+,COc1ccc(C(=O)N/C(=C/c2cc(OC)c(OC)c(OC)c2)c2nnc(C)c(C)n2)cc1.[Cu+2],1.1644177
TRZ03982,Cc1nnc(-c2cn3c(ccc4c(C(F)(F)F)cc(C(F)(F)F)cc43)n2)nc1C,Cu2+,Cc1nnc(-c2cn3c(ccc4c(C(F)(F)F)cc(C(F)(F)F)cc43)n2)nc1C.[Cu+2],1.163435
TRZ03967,Cc1nnc(-c2cccn2C(F)F)nc1C,Cu2+,Cc1nnc(-c2cccn2C(F)F)nc1C.[Cu+2],1.1612105
TRZ03634,C=CCOc1ncc(F)c(C2(c3nnc(C)c(C)n3)C=CC=C(C)C2)n1,Cu2+,C=CCOc1ncc(F)c(C2(c3nnc(C)c(C)n3)C=CC=C(C)C2)n1.[Cu+2],1.1598859
TRZ00221,Cc1nnc(-c2n[nH]c3c2CCCC3)nc1C,Cu2+,Cc1nnc(-c2n[nH]c3c2CCCC3)nc1C.[Cu+2],1.1568036
TRZ04021,Cc1nnc(-c2cc(C)c3cc(OCC(F)(F)F)cc(OCC(F)(F)F)c3n2)nc1C,Cu2+,Cc1nnc(-c2cc(C)c3cc(OCC(F)(F)F)cc(OCC(F)(F)F)c3n2)nc1C.[Cu+2],1.15659
TRZ03165,Cc1nnc(-c2cc3cc(F)ccc3cn2)nc1C,Cu2+,Cc1nnc(-c2cc3cc(F)ccc3cn2)nc1C.[Cu+2],1.1548152
TRZ02329,Cc1nnc(CSc2nnc(-c3cccc(Br)c3)n2-c2ccccc2)nc1C,Cu2+,Cc1nnc(CSc2nnc(-c3cccc(Br)c3)n2-c2ccccc2)nc1C.[Cu+2],1.1543255
TRZ01361,Cc1nnc(CSc2c3ccccc3nc3c(C)cccc23)nc1C,Cu2+,Cc1nnc(CSc2c3ccccc3nc3c(C)cccc23)nc1C.[Cu+2],1.1499362
TRZ05494,Cc1nnc(-c2cncc(N3CCC(F)(F)C(C)C3)n2)nc1C,Cu2+,Cc1nnc(-c2cncc(N3CCC(F)(F)C(C)C3)n2)nc1C.[Cu+2],1.149795
TRZ00628,Cc1nnc(-c2csc(-c3ncc(C(F)(F)F)cc3Cl)n2)nc1C,Cu2+,Cc1nnc(-c2csc(-c3ncc(C(F)(F)F)cc3Cl)n2)nc1C.[Cu+2],1.147378
TRZ05790,Cc1nnc(-c2c(-c3ccc(F)cc3)[nH]c3cc(F)c(F)cc23)nc1C,Cu2+,Cc1nnc(-c2c(-c3ccc(F)cc3)[nH]c3cc(F)c(F)cc23)nc1C.[Cu+2],1.1470218
TRZ05036,COC[C@H]1C[C@@H]1c1cc(C(F)(F)F)cnc1-c1nnc(C)c(C)n1,Cu2+,COC[C@H]1C[C@@H]1c1cc(C(F)(F)F)cnc1-c1nnc(C)c(C)n1.[Cu+2],1.1425848
TRZ00173,Cc1nnc(CSc2ccc(Cl)cc2)nc1C,Cu2+,Cc1nnc(CSc2ccc(Cl)cc2)nc1C.[Cu+2],1.142005
TRZ01751,Cc1nnc(-c2nc(-c3ccc(F)cc3)cc(-c3ccc(F)cc3)n2)nc1C,Cu2+,Cc1nnc(-c2nc(-c3ccc(F)cc3)cc(-c3ccc(F)cc3)n2)nc1C.[Cu+2],1.1411467
TRZ02376,CCCc1cc(=O)oc2cc(OCc3nnc(C)c(C)n3)ccc12,Cu2+,CCCc1cc(=O)oc2cc(OCc3nnc(C)c(C)n3)ccc12.[Cu+2],1.1348095
TRZ01159,Cc1nnc(CC(=O)NCc2ccco2)nc1C,Cu2+,Cc1nnc(CC(=O)NCc2ccco2)nc1C.[Cu+2],1.1329808
TRZ01290,Cc1cc(N(C)C)nc(SCc2nnc(C)c(C)n2)n1,Cu2+,Cc1cc(N(C)C)nc(SCc2nnc(C)c(C)n2)n1.[Cu+2],1.1307597
TRZ03849,Cc1nnc([C@@H]2OC(C)(C)O[C@H]2C(=O)NCC2CCN(c3ccc(F)cc3C#N)CC2)nc1C,Cu2+,Cc1nnc([C@@H]2OC(C)(C)O[C@H]2C(=O)NCC2CCN(c3ccc(F)cc3C#N)CC2)nc1C.[Cu+2],1.1268587
TRZ05560,Cc1nnc(-c2cccnc2OC(F)(F)F)nc1C,Cu2+,Cc1nnc(-c2cccnc2OC(F)(F)F)nc1C.[Cu+2],1.126658
TRZ02082,Cc1nnc(-c2cccc(F)n2)nc1C,Cu2+,Cc1nnc(-c2cccc(F)n2)nc1C.[Cu+2],1.1265559
TRZ02032,Cc1nnc(CCn2c(C)nc3ccccc32)nc1C,Cu2+,Cc1nnc(CCn2c(C)nc3ccccc32)nc1C.[Cu+2],1.1253729
TRZ01923,Cc1nnc(CSc2nnc(-c3ccco3)n2-c2ccc(Br)cc2)nc1C,Cu2+,Cc1nnc(CSc2nnc(-c3ccco3)n2-c2ccc(Br)cc2)nc1C.[Cu+2],1.1232357
TRZ05248,Cc1nnc([C@H]2CC[C@H](NC(=O)COc3ccc(Cl)c(F)c3)CN2C(=O)OC(C)(C)C)nc1C,Cu2+,Cc1nnc([C@H]2CC[C@H](NC(=O)COc3ccc(Cl)c(F)c3)CN2C(=O)OC(C)(C)C)nc1C.[Cu+2],1.123157
TRZ00515,CCCCN(CCCC)Cc1ccc(-c2nnc(C)c(C)n2)o1,Cu2+,CCCCN(CCCC)Cc1ccc(-c2nnc(C)c(C)n2)o1.[Cu+2],1.1228671
TRZ04648,Cc1nnc(C(=O)NCc2ccc(Cl)c(OC(F)(F)F)c2)nc1C,Cu2+,Cc1nnc(C(=O)NCc2ccc(Cl)c(OC(F)(F)F)c2)nc1C.[Cu+2],1.1197281
TRZ01042,COc1cccc(-c2cc(-c3ccc(C(F)(F)F)nc3)nc(-c3nnc(C)c(C)n3)n2)c1,Cu2+,COc1cccc(-c2cc(-c3ccc(C(F)(F)F)nc3)nc(-c3nnc(C)c(C)n3)n2)c1.[Cu+2],1.1186299
TRZ02916,Cc1nnc([C@H](C)Oc2ccccc2F)nc1C,Cu2+,Cc1nnc([C@H](C)Oc2ccccc2F)nc1C.[Cu+2],1.1166615
TRZ00466,Cc1nnc(-c2ccc(-c3ccc(Cl)cc3)o2)nc1C,Cu2+,Cc1nnc(-c2ccc(-c3ccc(Cl)cc3)o2)nc1C.[Cu+2],1.1151843
TRZ05088,Cc1nnc([C@]2(F)CCCN(C(=O)OCc3ccccc3)C2)nc1C,Cu2+,Cc1nnc([C@]2(F)CCCN(C(=O)OCc3ccccc3)C2)nc1C.[Cu+2],1.1111293
TRZ01085,Cc1nnc(C(=O)Nc2ccc(F)cc2)nc1C,Cu2+,Cc1nnc(C(=O)Nc2ccc(F)cc2)nc1C.[Cu+2],1.1107359
TRZ05326,Cc1nnc(-c2ccccc2NC(=O)Nc2cc(F)cc(Cl)c2)nc1C,Cu2+,Cc1nnc(-c2ccccc2NC(=O)Nc2cc(F)cc(Cl)c2)nc1C.[Cu+2],1.1104078
TRZ04243,Cc1nnc(-c2c(C)[nH]c(=O)c(C(=O)O)c2-c2cccc(C(F)(F)F)c2)nc1C,Cu2+,Cc1nnc(-c2c(C)[nH]c(=O)c(C(=O)O)c2-c2cccc(C(F)(F)F)c2)nc1C.[Cu+2],1.1078
TRZ02494,Cc1nnc(CSc2nnc3c(n2)[nH]c2ccccc23)nc1C,Cu2+,Cc1nnc(CSc2nnc3c(n2)[nH]c2ccccc23)nc1C.[Cu+2],1.1066785
TRZ03523,Cc1nnc(C(F)(F)Nc2ccccc2)nc1C,Cu2+,Cc1nnc(C(F)(F)Nc2ccccc2)nc1C.[Cu+2],1.1023211
TRZ02346,CCOc1cc(C(=O)NCc2nnc(C)c(C)n2)cc(OCC)c1OCC,Cu2+,CCOc1cc(C(=O)NCc2nnc(C)c(C)n2)cc(OCC)c1OCC.[Cu+2],1.1010652
TRZ05773,Cc1nnc(C(CCCC2OC=CO2)(OCc2ccccc2)C(F)(F)F)nc1C,Cu2+,Cc1nnc(C(CCCC2OC=CO2)(OCc2ccccc2)C(F)(F)F)nc1C.[Cu+2],1.1006508
TRZ01074,Cc1nnc(CC(C)Nc2ccc3ccccc3c2)nc1C,Cu2+,Cc1nnc(CC(C)Nc2ccc3ccccc3c2)nc1C.[Cu+2],1.0995092
TRZ05016,Cc1nnc(-c2cc(C)c3cc(OCC(F)(F)F)cc(C(F)(F)F)c3n2)nc1C,Cu2+,Cc1nnc(-c2cc(C)c3cc(OCC(F)(F)F)cc(C(F)(F)F)c3n2)nc1C.[Cu+2],1.0989571
TRZ03600,Cc1nnc(/C=C\n2cnc(-c3cc(OC(=O)OCC(C)C)cc(C(F)(F)F)c3)n2)nc1C,Cu2+,Cc1nnc(/C=C\n2cnc(-c3cc(OC(=O)OCC(C)C)cc(C(F)(F)F)c3)n2)nc1C.[Cu+2],1.098568
TRZ02646,Cc1nnc(Cn2cnnn2)nc1C,Cu2+,Cc1nnc(Cn2cnnn2)nc1C.[Cu+2],1.0985022
TRZ02128,Cc1ncc([N+](=O)[O-])cc1-c1nnc(C)c(C)n1,Cu2+,Cc1ncc([N+](=O)[O-])cc1-c1nnc(C)c(C)n1.[Cu+2],1.0983238
TRZ02408,Cc1nnc(Cn2cnc3c2c(=O)n(C)c(=O)n3C)nc1C,Cu2+,Cc1nnc(Cn2cnc3c2c(=O)n(C)c(=O)n3C)nc1C.[Cu+2],1.0942621
TRZ00139,Cc1nnc(-c2nc(-c3ccccc3)cc(-c3ccccc3)n2)nc1C,Cu2+,Cc1nnc(-c2nc(-c3ccccc3)cc(-c3ccccc3)n2)nc1C.[Cu+2],1.0924692
TRZ00441,Cc1nnc(-c2cc(OCC(F)(F)F)ccc2OCC(F)(F)F)nc1C,Cu2+,Cc1nnc(-c2cc(OCC(F)(F)F)ccc2OCC(F)(F)F)nc1C.[Cu+2],1.0879016
TRZ00529,COc1c(F)cc(C(=O)NCc2nnc(C)c(C)n2)c(F)c1F,Cu2+,COc1c(F)cc(C(=O)NCc2nnc(C)c(C)n2)c(F)c1F.[Cu+2],1.0875955
TRZ04085,Cc1nnc(C(=O)NCc2ccccc2OC(F)(F)F)nc1C,Cu2+,Cc1nnc(C(=O)NCc2ccccc2OC(F)(F)F)nc1C.[Cu+2],1.0871816
TRZ05692,Cc1nnc(-c2cccnc2OC(F)F)nc1C,Cu2+,Cc1nnc(-c2cccnc2OC(F)F)nc1C.[Cu+2],1.085979
TRZ02642,Cc1nnc(CCn2ccc3ccccc32)nc1C,Cu2+,Cc1nnc(CCn2ccc3ccccc32)nc1C.[Cu+2],1.0848455
TRZ00483,CCOc1ccc(-c2n[nH]c(-c3nnc(C)c(C)n3)c2C)cc1,Cu2+,CCOc1ccc(-c2n[nH]c(-c3nnc(C)c(C)n3)c2C)cc1.[Cu+2],1.0839481
TRZ01795,Cc1nnc(-c2nc(NCc3ccccc3)cc(-c3ccccc3)n2)nc1C,Cu2+,Cc1nnc(-c2nc(NCc3ccccc3)cc(-c3ccccc3)n2)nc1C.[Cu+2],1.0822182
TRZ01194,Cc1nnc(-c2cccc(-c3nnc(C)c(C)n3)n2)nc1C,Cu2+,Cc1nnc(-c2cccc(-c3nnc(C)c(C)n3)n2)nc1C.[Cu+2],1.0792475
TRZ00624,Cc1nnc(-c2nc(-c3cccc(-n4cccc4)c3)no2)nc1C,Cu2+,Cc1nnc(-c2nc(-c3cccc(-n4cccc4)c3)no2)nc1C.[Cu+2],1.0771651
TRZ00646,Cc1nnc(-c2sc(=S)n(C)c2C)nc1C,Cu2+,Cc1nnc(-c2sc(=S)n(C)c2C)nc1C.[Cu+2],1.0759473
TRZ01896,Cc1nnc(-c2csc(C(CC(C)C)NC(=O)OC(C)(C)C)n2)nc1C,Cu2+,Cc1nnc(-c2csc(C(CC(C)C)NC(=O)OC(C)(C)C)n2)nc1C.[Cu+2],1.0751925
TRZ03558,Cc1nnc(COc2ncccc2C(F)(F)F)nc1C,Cu2+,Cc1nnc(COc2ncccc2C(F)(F)F)nc1C.[Cu+2],1.0751481
TRZ05873,Cc1nnc(-c2nc(C(F)(F)F)ccc2N)nc1C,Cu2+,Cc1nnc(-c2nc(C(F)(F)F)ccc2N)nc1C.[Cu+2],1.0750299
TRZ05506,Cc1nnc(-c2cc(-c3ccc(OC(F)(F)F)cc3)ccn2)nc1C,Cu2+,Cc1nnc(-c2cc(-c3ccc(OC(F)(F)F)cc3)ccn2)nc1C.[Cu+2],1.0742769
TRZ05879,Cc1nnc(-c2c(C(=O)c3ccccc3F)ccnc2Cl)nc1C,Cu2+,Cc1nnc(-c2c(C(=O)c3ccccc3F)ccnc2Cl)nc1C.[Cu+2],1.0740728
TRZ02093,Cc1nnc(C(=O)NCc2cccc(OC(F)(F)F)c2)nc1C,Cu2+,Cc1nnc(C(=O)NCc2cccc(OC(F)(F)F)c2)nc1C.[Cu+2],1.071764
TRZ00411,Cc1nnc(COc2cccc(C(F)(F)F)c2)nc1C,Cu2+,Cc1nnc(COc2cccc(C(F)(F)F)c2)nc1C.[Cu+2],1.0708332
TRZ05344,Cc1nnc(-c2ccc(F)cc2NC(=O)Nc2cccc(Br)c2)nc1C,Cu2+,Cc1nnc(-c2ccc(F)cc2NC(=O)Nc2cccc(Br)c2)nc1C.[Cu+2],1.0695791
TRZ00778,Cc1nnc(C(C)Oc2ccc(Cl)cc2)nc1C,Cu2+,Cc1nnc(C(C)Oc2ccc(Cl)cc2)nc1C.[Cu+2],1.0677061
TRZ04917,Cc1nnc(CCN2C(=O)Cc3ccc(-c4ccc(OC(F)(F)F)cc4)cc32)nc1C,Cu2+,Cc1nnc(CCN2C(=O)Cc3ccc(-c4ccc(OC(F)(F)F)cc4)cc32)nc1C.[Cu+2],1.0648222
TRZ02282,Cc1nnc(C(=O)Nc2nccs2)nc1C,Cu2+,Cc1nnc(C(=O)Nc2nccs2)nc1C.[Cu+2],1.0594792
TRZ03565,Cc1nnc(CCNC(=O)Nc2ccc(C(F)(F)F)cc2)nc1C,Cu2+,Cc1nnc(CCNC(=O)Nc2ccc(C(F)(F)F)cc2)nc1C.[Cu+2],1.0556445
TRZ00630,Cc1nnc(-c2oc3nc(-c4ccccc4)cc(C)c3c2N)nc1C,Cu2+,Cc1nnc(-c2oc3nc(-c4ccccc4)cc(C)c3c2N)nc1C.[Cu+2],1.0542216
TRZ01511,COc1cc(/C=C(/NC(=O)c2ccccc2)c2nnc(C)c(C)n2)cc(OC)c1OC,Cu2+,COc1cc(/C=C(/NC(=O)c2ccccc2)c2nnc(C)c(C)n2)cc(OC)c1OC.[Cu+2],1.0503817
TRZ05134,Cc1nnc(-c2occc2-c2ccc(F)cc2)nc1C,Cu2+,Cc1nnc(-c2occc2-c2ccc(F)cc2)nc1C.[Cu+2],1.0499911
TRZ00782,Cc1nnc(-c2ccccc2NC(=O)c2ccccc2)nc1C,Cu2+,Cc1nnc(-c2ccccc2NC(=O)c2ccccc2)nc1C.[Cu+2],1.0486755
TRZ05003,Cc1nnc(C(C)(C)Oc2ccc(C(C)(F)F)cc2Cl)nc1C,Cu2+,Cc1nnc(C(C)(C)Oc2ccc(C(C)(F)F)cc2Cl)nc1C.[Cu+2],1.046958
TRZ04928,Cc1nnc(-c2cncc(OCC(F)(F)F)c2F)nc1C,Cu2+,Cc1nnc(-c2cncc(OCC(F)(F)F)c2F)nc1C.[Cu+2],1.0440307
TRZ05017,Cc1nnc(-c2ccc3cc(OCC(F)(F)F)cc(C(C)(C)C)c3n2)nc1C,Cu2+,Cc1nnc(-c2ccc3cc(OCC(F)(F)F)cc(C(C)(C)C)c3n2)nc1C.[Cu+2],1.0434322
TRZ02880,Cc1nnc(-c2cc3cccnc3nc2C(F)(F)F)nc1C,Cu2+,Cc1nnc(-c2cc3cccnc3nc2C(F)(F)F)nc1C.[Cu+2],1.038898
TRZ01017,COc1ccc(-c2cc(-c3ccccc3)nc(-c3nnc(C)c(C)n3)n2)cc1,Cu2+,COc1ccc(-c2cc(-c3ccccc3)nc(-c3nnc(C)c(C)n3)n2)cc1.[Cu+2],1.0388751
TRZ02517,Cc1nnc(-c2cc(SCc3ccc(Cl)cc3)ccn2)nc1C,Cu2+,Cc1nnc(-c2cc(SCc3ccc(Cl)cc3)ccn2)nc1C.[Cu+2],1.0385351
TRZ01640,Cc1nnc(C(=O)CC(=O)Nc2c(C)n(C)n(-c3ccccc3)c2=O)nc1C,Cu2+,Cc1nnc(C(=O)CC(=O)Nc2c(C)n(C)n(-c3ccccc3)c2=O)nc1C.[Cu+2],1.0383306
TRZ02577,Cc1nnc(-c2nscc2N)nc1C,Cu2+,Cc1nnc(-c2nscc2N)nc1C.[Cu+2],1.0371847
TRZ01892,COc1cc(NC(=O)C23CC4CC(CC(C4)C2)C3)c(-c2nnc(C)c(C)n2)cc1OC,Cu2+,COc1cc(NC(=O)C23CC4CC(CC(C4)C2)C3)c(-c2nnc(C)c(C)n2)cc1OC.[Cu+2],1.036293
TRZ01943,CCCc1cc(=O)oc2cc(OC(C)c3nnc(C)c(C)n3)ccc12,Cu2+,CCCc1cc(=O)oc2cc(OC(C)c3nnc(C)c(C)n3)ccc12.[Cu+2],1.0362644
TRZ01538,Cc1nnc(CON=Cc2ccc(Cl)cc2Cl)nc1C,Cu2+,Cc1nnc(CON=Cc2ccc(Cl)cc2Cl)nc1C.[Cu+2],1.0335994
TRZ00423,Cc1nnc(Cc2cccs2)nc1C,Cu2+,Cc1nnc(Cc2cccs2)nc1C.[Cu+2],1.0331726
TRZ02896,Cc1nnc(C(=O)N[C@H](C)c2ccccc2)nc1C,Cu2+,Cc1nnc(C(=O)N[C@H](C)c2ccccc2)nc1C.[Cu+2],1.0316739
TRZ00265,COc1ccc(OC)c(NC(=O)N[C@H](Cc2ccccc2)c2nnc(C)c(C)n2)c1,Cu2+,COc1ccc(OC)c(NC(=O)N[C@H](Cc2ccccc2)c2nnc(C)c(C)n2)c1.[Cu+2],1.0287433
TRZ04942,Cc1nnc(-c2ccccc2NC(=O)c2cccc(F)c2)nc1C,Cu2+,Cc1nnc(-c2ccccc2NC(=O)c2cccc(F)c2)nc1C.[Cu+2],1.0284276
TRZ01864,Cc1nnc(COc2ccccc2C(C)(C)C)nc1C,Cu2+,Cc1nnc(COc2ccccc2C(C)(C)C)nc1C.[Cu+2],1.0280838
TRZ01073,COc1ccc2cc(NC(C)c3nnc(C)c(C)n3)ccc2c1,Cu2+,COc1ccc2cc(NC(C)c3nnc(C)c(C)n3)ccc2c1.[Cu+2],1.0280032
TRZ02349,Cc1nnc(-c2csc(N3CCOCC3)n2)nc1C,Cu2+,Cc1nnc(-c2csc(N3CCOCC3)n2)nc1C.[Cu+2],1.0272956
TRZ02421,Cc1nnc(C(CC(C)C)NC(=O)Cc2ccsc2)nc1C,Cu2+,Cc1nnc(C(CC(C)C)NC(=O)Cc2ccsc2)nc1C.[Cu+2],1.0265107
TRZ01385,CN/C(=C\c1ccc2ccccc2c1)c1nnc(C)c(C)n1,Cu2+,CN/C(=C\c1ccc2ccccc2c1)c1nnc(C)c(C)n1.[Cu+2],1.0257807
TRZ00584,Cc1nnc(COc2ccc(C(F)(F)F)cc2)nc1C,Cu2+,Cc1nnc(COc2ccc(C(F)(F)F)cc2)nc1C.[Cu+2],1.0229611
TRZ03128,Cc1nnc(-c2cccnc2NCc2ccc(F)c(F)c2)nc1C,Cu2+,Cc1nnc(-c2cccnc2NCc2ccc(F)c(F)c2)nc1C.[Cu+2],1.0217643
TRZ03459,Cc1nnc(-c2nn(Cc3ccc(F)cc3F)c3cc(CF)ccc23)nc1C,Cu2+,Cc1nnc(-c2nn(Cc3ccc(F)cc3F)c3cc(CF)ccc23)nc1C.[Cu+2],1.0203896
TRZ02315,Cc1nnc(-c2sc3nc4c(cc3c2N)COC(C)(C)C4)nc1C,Cu2+,Cc1nnc(-c2sc3nc4c(cc3c2N)COC(C)(C)C4)nc1C.[Cu+2],1.0175085
TRZ02319,Cc1nnc(-c2cc3c(C)nn(-c4ccccc4)c3s2)nc1C,Cu2+,Cc1nnc(-c2cc3c(C)nn(-c4ccccc4)c3s2)nc1C.[Cu+2],1.0137367
TRZ03811,Cc1nnc(-c2ncccc2C(F)(F)F)nc1C,Cu2+,Cc1nnc(-c2ncccc2C(F)(F)F)nc1C.[Cu+2],1.0132093
TRZ02322,COc1cc(C)ccc1OCc1nnc(C)c(C)n1,Cu2+,COc1cc(C)ccc1OCc1nnc(C)c(C)n1.[Cu+2],1.0123401
TRZ02904,Cc1nnc(-c2cnccc2C(F)(F)F)nc1C,Cu2+,Cc1nnc(-c2cnccc2C(F)(F)F)nc1C.[Cu+2],1.0082049
TRZ04907,Cc1ccc(Nc2c(-c3nnc(C)c(C)n3)ccc(F)c2F)c(C)c1,Cu2+,Cc1ccc(Nc2c(-c3nnc(C)c(C)n3)ccc(F)c2F)c(C)c1.[Cu+2],1.0071445
TRZ05086,Cc1nnc(C(=O)NCc2ccc(F)cc2Cl)nc1C,Cu2+,Cc1nnc(C(=O)NCc2ccc(F)cc2Cl)nc1C.[Cu+2],1.0057445
TRZ01865,Cc1nnc(-c2c(NC(=O)c3ccccc3)sc3c2CCC3)nc1C,Cu2+,Cc1nnc(-c2c(NC(=O)c3ccccc3)sc3c2CCC3)nc1C.[Cu+2],1.0053949
TRZ04173,CCSc1cc(C(F)(F)F)cnc1-c1nnc(C)c(C)n1,Cu2+,CCSc1cc(C(F)(F)F)cnc1-c1nnc(C)c(C)n1.[Cu+2],1.0028272
TRZ05322,Cc1nnc(-c2ccc(F)cc2NC(=O)Nc2cccc(Cl)c2)nc1C,Cu2+,Cc1nnc(-c2ccc(F)cc2NC(=O)Nc2cccc(Cl)c2)nc1C.[Cu+2],1.0019894
TRZ00446,Cc1nnc(COc2ccccc2Cl)nc1C,Cu2+,Cc1nnc(COc2ccccc2Cl)nc1C.[Cu+2],1.0016074
TRZ05240,Cc1nnc(-c2cc(N)cc(C(F)(F)F)n2)nc1C,Cu2+,Cc1nnc(-c2cc(N)cc(C(F)(F)F)n2)nc1C.[Cu+2],1.0007234
TRZ05274,Cc1nnc(-c2cn(C3CC3)nc2C(F)F)nc1C,Cu2+,Cc1nnc(-c2cn(C3CC3)nc2C(F)F)nc1C.[Cu+2],0.9959097
TRZ02586,Cc1nnc(-c2nn(-c3ccccc3)c3c2Cc2ccccc2-3)nc1C,Cu2+,Cc1nnc(-c2nn(-c3ccccc3)c3c2Cc2ccccc2-3)nc1C.[Cu+2],0.99454546
TRZ03583,Cc1nnc(-c2cc(C)c3cc(C4CC4)cc(OC(F)(F)F)c3n2)nc1C,Cu2+,Cc1nnc(-c2cc(C)c3cc(C4CC4)cc(OC(F)(F)F)c3n2)nc1C.[Cu+2],0.99138594
TRZ02327,CCn1c(SCc2nnc(C)c(C)n2)nc2ccccc21,Cu2+,CCn1c(SCc2nnc(C)c(C)n2)nc2ccccc21.[Cu+2],0.9868722
TRZ03127,Cc1nnc(-c2ccc(C(F)(F)F)cc2[N+](=O)[O-])nc1C,Cu2+,Cc1nnc(-c2ccc(C(F)(F)F)cc2[N+](=O)[O-])nc1C.[Cu+2],0.98685884
TRZ01138,Cc1nnc(-c2ccnc(-c3nnc(C)c(C)n3)c2)nc1C,Cu2+,Cc1nnc(-c2ccnc(-c3nnc(C)c(C)n3)c2)nc1C.[Cu+2],0.98619175
TRZ00737,Cc1nnc(C2Cc3ccccc3O2)nc1C,Cu2+,Cc1nnc(C2Cc3ccccc3O2)nc1C.[Cu+2],0.985518
TRZ04529,Cc1nnc(-c2ccc(CNC(=O)N3CCSC(c4ccc(F)c(Cl)c4)C3)cn2)nc1C,Cu2+,Cc1nnc(-c2ccc(CNC(=O)N3CCSC(c4ccc(F)c(Cl)c4)C3)cn2)nc1C.[Cu+2],0.98427486
TRZ05330,Cc1nnc(-c2ccc(Br)cc2NC(=O)Nc2cc(F)cc(F)c2)nc1C,Cu2+,Cc1nnc(-c2ccc(Br)cc2NC(=O)Nc2cc(F)cc(F)c2)nc1C.[Cu+2],0.98392487
TRZ04930,Cc1nnc(-c2nccc(OCC(F)(F)F)c2Br)nc1C,Cu2+,Cc1nnc(-c2nccc(OCC(F)(F)F)c2Br)nc1C.[Cu+2],0.98273325
TRZ01654,Cc1nnc(-c2cccnc2SCc2ccccc2)nc1C,Cu2+,Cc1nnc(-c2cccnc2SCc2ccccc2)nc1C.[Cu+2],0.98047686
TRZ00037,Cc1ccc(NC(=O)c2nnc(C)c(C)n2)cc1,Cu2+,Cc1ccc(NC(=O)c2nnc(C)c(C)n2)cc1.[Cu+2],0.9802561
TRZ01606,Cc1nnc(C2(NC(=O)CCCOc3ccc(Cl)cc3Cl)Cc3ccccc3C2)nc1C,Cu2+,Cc1nnc(C2(NC(=O)CCCOc3ccc(Cl)cc3Cl)Cc3ccccc3C2)nc1C.[Cu+2],0.9802003
TRZ00626,Cc1nnc(-c2noc(C)c2-c2csc(COc3ccc(Cl)cc3)n2)nc1C,Cu2+,Cc1nnc(-c2noc(C)c2-c2csc(COc3ccc(Cl)cc3)n2)nc1C.[Cu+2],0.9798398
TRZ01023,COc1ccc(-c2cc(-c3ccc(OC)cc3)nc(-c3nnc(C)c(C)n3)n2)cc1,Cu2+,COc1ccc(-c2cc(-c3ccc(OC)cc3)nc(-c3nnc(C)c(C)n3)n2)cc1.[Cu+2],0.9784298
TRZ04050,Cc1nnc(-c2cc(C)c3cc(N4CC(F)(F)C4)cc(C(C)(C)C)c3n2)nc1C,Cu2+,Cc1nnc(-c2cc(C)c3cc(N4CC(F)(F)C4)cc(C(C)(C)C)c3n2)nc1C.[Cu+2],0.97590303
TRZ02293,Cc1cc(OCc2nnc(C)c(C)n2)c(C(C)C)cc1Br,Cu2+,Cc1cc(OCc2nnc(C)c(C)n2)c(C(C)C)cc1Br.[Cu+2],0.9731417
TRZ00899,Cc1nnc(C2CN(S(C)(=O)=O)c3cc(Cl)ccc3O2)nc1C,Cu2+,Cc1nnc(C2CN(S(C)(=O)=O)c3cc(Cl)ccc3O2)nc1C.[Cu+2],0.9720087
TRZ03635,CCC1(C(=O)O)CCC(c2ccc(NC(=O)c3nnc(C)c(C)n3)c(F)c2)CC1,Cu2+,CCC1(C(=O)O)CCC(c2ccc(NC(=O)c3nnc(C)c(C)n3)c(F)c2)CC1.[Cu+2],0.97196627
TRZ03871,Cc1nnc(C=Cn2cnc(-c3cc(C#N)cc(C(F)(F)F)c3)n2)nc1C,Cu2+,Cc1nnc(C=Cn2cnc(-c3cc(C#N)cc(C(F)(F)F)c3)n2)nc1C.[Cu+2],0.9657173
TRZ05035,Cc1nnc(-c2cn(Cc3ccc(C(F)(F)F)cc3C3CC3)nc2CF)nc1C,Cu2+,Cc1nnc(-c2cn(Cc3ccc(C(F)(F)F)cc3C3CC3)nc2CF)nc1C.[Cu+2],0.9642401
TRZ00402,Cc1nnc(-c2cc(C(=O)c3ccc(Cl)cc3Cl)cn2C)nc1C,Cu2+,Cc1nnc(-c2cc(C(=O)c3ccc(Cl)cc3Cl)cn2C)nc1C.[Cu+2],0.96415234
TRZ00289,Cc1nnc(CSCc2nc(-c3ccccc3)cs2)nc1C,Cu2+,Cc1nnc(CSCc2nc(-c3ccccc3)cs2)nc1C.[Cu+2],0.96051645
TRZ00363,COc1ccc(N(C)c2nc(C)nc3ccccc23)cc1OC1(c2nnc(C)c(C)n2)CCC1,Cu2+,COc1ccc(N(C)c2nc(C)nc3ccccc23)cc1OC1(c2nnc(C)c(C)n2)CCC1.[Cu+2],0.9593611
TRZ02371,Cc1nnc(COc2ccc(C(C)(C)C)cc2C(C)(C)C)nc1C,Cu2+,Cc1nnc(COc2ccc(C(C)(C)C)cc2C(C)(C)C)nc1C.[Cu+2],0.95914316
TRZ01592,CCCC1CCc2[nH]nc(-c3nnc(C)c(C)n3)c2C1,Cu2+,CCCC1CCc2[nH]nc(-c3nnc(C)c(C)n3)c2C1.[Cu+2],0.95506763
TRZ03011,Cc1nnc(-c2c(NC=O)cccc2C(F)(F)F)nc1C,Cu2+,Cc1nnc(-c2c(NC=O)cccc2C(F)(F)F)nc1C.[Cu+2],0.9544859
TRZ00164,Cc1nnc(Cn2c(C)nc3c(Br)cc(Br)cc3c2=O)nc1C,Cu2+,Cc1nnc(Cn2c(C)nc3c(Br)cc(Br)cc3c2=O)nc1C.[Cu+2],0.9544821
TRZ01228,Cc1nnc(-c2cc(-c3ccc(Cl)c(Cl)c3Cl)n[nH]2)nc1C,Cu2+,Cc1nnc(-c2cc(-c3ccc(Cl)c(Cl)c3Cl)n[nH]2)nc1C.[Cu+2],0.9534297
TRZ01025,COc1ccc(-c2cc(N3Cc4ccccc4C3)nc(-c3nnc(C)c(C)n3)n2)cc1,Cu2+,COc1ccc(-c2cc(N3Cc4ccccc4C3)nc(-c3nnc(C)c(C)n3)n2)cc1.[Cu+2],0.9497056
TRZ00437,Cc1nnc(COc2ccc(OC(F)(F)F)cc2)nc1C,Cu2+,Cc1nnc(COc2ccc(OC(F)(F)F)cc2)nc1C.[Cu+2],0.9459176
TRZ05393,Cc1nnc(C(Cc2cc(F)cc(F)c2)NC(=O)OC(C)(C)C)nc1C,Cu2+,Cc1nnc(C(Cc2cc(F)cc(F)c2)NC(=O)OC(C)(C)C)nc1C.[Cu+2],0.94412565
TRZ01791,COc1ccc(Nc2cc3c(cc2-c2nnc(C)c(C)n2)OCCO3)cc1,Cu2+,COc1ccc(Nc2cc3c(cc2-c2nnc(C)c(C)n2)OCCO3)cc1.[Cu+2],0.9411993
TRZ02090,Cc1nnc(C(=O)NCc2cccc(F)c2)nc1C,Cu2+,Cc1nnc(C(=O)NCc2cccc(F)c2)nc1C.[Cu+2],0.940609
TRZ01039,Cc1nnc(-c2nc(-c3ccccc3)cc(N3Cc4ccccc4C3)n2)nc1C,Cu2+,Cc1nnc(-c2nc(-c3ccccc3)cc(N3Cc4ccccc4C3)n2)nc1C.[Cu+2],0.9398804
TRZ00269,Cc1nnc(-c2sc(-c3ccc(Cl)cc3)cc2N)nc1C,Cu2+,Cc1nnc(-c2sc(-c3ccc(Cl)cc3)cc2N)nc1C.[Cu+2],0.93815374
TRZ05483,Cc1nnc(-c2cc(C3CC3(F)F)[nH]n2)nc1C,Cu2+,Cc1nnc(-c2cc(C3CC3(F)F)[nH]n2)nc1C.[Cu+2],0.93751526
TRZ05479,Cc1nnc(-c2ccc(OC(F)(F)F)cc2NC(=O)Nc2cc(F)cc(F)c2)nc1C,Cu2+,Cc1nnc(-c2ccc(OC(F)(F)F)cc2NC(=O)Nc2cc(F)cc(F)c2)nc1C.[Cu+2],0.9373574
TRZ04619,Cc1nnc(CCn2nnc3ccc(-c4ccc(OC(F)(F)F)cc4)nc32)nc1C,Cu2+,Cc1nnc(CCn2nnc3ccc(-c4ccc(OC(F)(F)F)cc4)nc32)nc1C.[Cu+2],0.9339113
TRZ05457,Cc1nnc(-c2cnc(C(=O)N3C[C@@H]4C(COc5cccc(C(F)(F)F)n5)[C@@H]4C3)cn2)nc1C,Cu2+,Cc1nnc(-c2cnc(C(=O)N3C[C@@H]4C(COc5cccc(C(F)(F)F)n5)[C@@H]4C3)cn2)nc1C.[Cu+2],0.93192196
TRZ01438,Cc1nnc(COc2cccc(F)c2)nc1C,Cu2+,Cc1nnc(COc2cccc(F)c2)nc1C.[Cu+2],0.93135214
TRZ05305,Cc1nnc(-c2cnc(NC3(c4c(F)cccc4F)CC3)s2)nc1C,Cu2+,Cc1nnc(-c2cnc(NC3(c4c(F)cccc4F)CC3)s2)nc1C.[Cu+2],0.9304738
TRZ03628,Cc1nnc(C[C@@H](Cc2cc(F)c(F)cc2F)NC(=O)O)nc1C,Cu2+,Cc1nnc(C[C@@H](Cc2cc(F)c(F)cc2F)NC(=O)O)nc1C.[Cu+2],0.93029976
TRZ05091,Cc1nnc(C2(F)CCCN(C(=O)OCc3ccccc3)C2)nc1C,Cu2+,Cc1nnc(C2(F)CCCN(C(=O)OCc3ccccc3)C2)nc1C.[Cu+2],0.9282007
TRZ01224,Cc1nnc(-c2cc(C)n(C)n2)nc1C,Cu2+,Cc1nnc(-c2cc(C)n(C)n2)nc1C.[Cu+2],0.92804337
TRZ03895,Cc1nnc(-c2cc(F)c(NCC3CC3)cc2NC2CCCC2)nc1C,Cu2+,Cc1nnc(-c2cc(F)c(NCC3CC3)cc2NC2CCCC2)nc1C.[Cu+2],0.9270458
TRZ01080,Cc1nnc(-c2csc(COc3cc(Cl)cc(Cl)c3)n2)nc1C,Cu2+,Cc1nnc(-c2csc(COc3cc(Cl)cc(Cl)c3)n2)nc1C.[Cu+2],0.925498
TRZ03543,Cc1nnc(-c2csc(-c3ccc(F)cc3)n2)nc1C,Cu2+,Cc1nnc(-c2csc(-c3ccc(F)cc3)n2)nc1C.[Cu+2],0.925416
TRZ01374,CCCN(CCC)/C(=C\c1ccc([N+](=O)[O-])o1)c1nnc(C)c(C)n1,Cu2+,CCCN(CCC)/C(=C\c1ccc([N+](=O)[O-])o1)c1nnc(C)c(C)n1.[Cu+2],0.92481613
TRZ02073,Cc1nnc(C(C)Oc2cccc(C(F)(F)F)c2)nc1C,Cu2+,Cc1nnc(C(C)Oc2cccc(C(F)(F)F)c2)nc1C.[Cu+2],0.92435837
TRZ01243,COC(c1ccccc1)c1nnc(C)c(C)n1,Cu2+,COC(c1ccccc1)c1nnc(C)c(C)n1.[Cu+2],0.9232569
TRZ05303,Cc1nnc(-c2cnc(NC3Cc4ccccc4C3)nc2C(F)(F)F)nc1C,Cu2+,Cc1nnc(-c2cnc(NC3Cc4ccccc4C3)nc2C(F)(F)F)nc1C.[Cu+2],0.9211254
TRZ02205,CC(=O)Nc1cccc(F)c1-c1nnc(C)c(C)n1,Cu2+,CC(=O)Nc1cccc(F)c1-c1nnc(C)c(C)n1.[Cu+2],0.92062664
TRZ01919,CCOC(=O)c1c(C)c(-c2ccccc2)n(CCc2nnc(C)c(C)n2)c1C,Cu2+,CCOC(=O)c1c(C)c(-c2ccccc2)n(CCc2nnc(C)c(C)n2)c1C.[Cu+2],0.9193864
TRZ00217,Cc1nnc(COc2ccc3ccccc3c2)nc1C,Cu2+,Cc1nnc(COc2ccc3ccccc3c2)nc1C.[Cu+2],0.9193802
TRZ04395,CCSc1cc(C(F)(F)F)ccc1-c1nnc(C)c(C)n1,Cu2+,CCSc1cc(C(F)(F)F)ccc1-c1nnc(C)c(C)n1.[Cu+2],0.9185324
TRZ02001,CCn1nc(C)cc1-c1nnc(C)c(C)n1,Cu2+,CCn1nc(C)cc1-c1nnc(C)c(C)n1.[Cu+2],0.91615677
TRZ02791,Cc1nnc(COc2ccc(Br)cc2CN(C)C)nc1C,Cu2+,Cc1nnc(COc2ccc(Br)cc2CN(C)C)nc1C.[Cu+2],0.91467047
TRZ05403,COc1c(Cl)ccc(-c2cc(N)c(Cl)c(-c3nnc(C)c(C)n3)n2)c1F,Cu2+,COc1c(Cl)ccc(-c2cc(N)c(Cl)c(-c3nnc(C)c(C)n3)n2)c1F.[Cu+2],0.91357994
TRZ03102,Cc1nnc(-c2ccc(F)cn2)nc1C,Cu2+,Cc1nnc(-c2ccc(F)cn2)nc1C.[Cu+2],0.9115844
TRZ01525,Cc1nnc(-c2c(C)noc2-c2ccc(Cl)cc2)nc1C,Cu2+,Cc1nnc(-c2c(C)noc2-c2ccc(Cl)cc2)nc1C.[Cu+2],0.9105444
TRZ01198,Cc1nnc(-c2nnn(Cc3ccccc3)c2N)nc1C,Cu2+,Cc1nnc(-c2nnn(Cc3ccccc3)c2N)nc1C.[Cu+2],0.90991545
TRZ02477,Cc1nnc(-c2n[nH]c(C)c2[N+](=O)[O-])nc1C,Cu2+,Cc1nnc(-c2n[nH]c(C)c2[N+](=O)[O-])nc1C.[Cu+2],0.9096093
TRZ03892,Cc1nnc(-c2cc(F)c(NC3CCCCC3)cc2NC(C)C)nc1C,Cu2+,Cc1nnc(-c2cc(F)c(NC3CCCCC3)cc2NC(C)C)nc1C.[Cu+2],0.9077325
TRZ02447,C=C(C)Cn1c(SCc2nnc(C)c(C)n2)nnc1-c1ccc(Br)cc1,Cu2+,C=C(C)Cn1c(SCc2nnc(C)c(C)n2)nnc1-c1ccc(Br)cc1.[Cu+2],0.9055352
TRZ02091,Cc1nnc(C(=O)NCc2cccc(C(F)(F)F)c2)nc1C,Cu2+,Cc1nnc(C(=O)NCc2cccc(C(F)(F)F)c2)nc1C.[Cu+2],0.90499926
TRZ01548,Cc1nnc(COc2ncn(-c3ccccc3)n2)nc1C,Cu2+,Cc1nnc(COc2ncn(-c3ccccc3)n2)nc1C.[Cu+2],0.9046755
TRZ01743,Cc1nnc(-c2nc(-c3ccccc3)cc(C3CCCCC3)n2)nc1C,Cu2+,Cc1nnc(-c2nc(-c3ccccc3)cc(C3CCCCC3)n2)nc1C.[Cu+2],0.90381336
TRZ02229,Cc1nnc(-c2oc3nc(C(F)(F)F)ccc3c2N)nc1C,Cu2+,Cc1nnc(-c2oc3nc(C(F)(F)F)ccc3c2N)nc1C.[Cu+2],0.90376997
TRZ01508,Cc1ccc(OCc2nnc(C)c(C)n2)c(Br)c1,Cu2+,Cc1ccc(OCc2nnc(C)c(C)n2)c(Br)c1.[Cu+2],0.90343523
TRZ03537,Cc1nnc(C(=O)Nc2ccc(C3CCC(C(=O)O)CC3)cc2F)nc1C,Cu2+,Cc1nnc(C(=O)Nc2ccc(C3CCC(C(=O)O)CC3)cc2F)nc1C.[Cu+2],0.9003329
TRZ03784,Cc1nnc(C(O)c2cc(F)cc(F)c2)nc1C,Cu2+,Cc1nnc(C(O)c2cc(F)cc(F)c2)nc1C.[Cu+2],0.90028954
TRZ01225,Cc1nnc(C(C)Oc2ccc3ccccc3c2)nc1C,Cu2+,Cc1nnc(C(C)Oc2ccc3ccccc3c2)nc1C.[Cu+2],0.8993678
TRZ02475,Cc1ccccc1-n1nnnc1SCc1nnc(C)c(C)n1,Cu2+,Cc1ccccc1-n1nnnc1SCc1nnc(C)c(C)n1.[Cu+2],0.89858484
TRZ00877,CCOc1ccccc1-c1nnc(C)c(C)n1,Cu2+,CCOc1ccccc1-c1nnc(C)c(C)n1.[Cu+2],0.8949981
TRZ05694,Cc1cnc(OC(F)F)c(-c2nnc(C)c(C)n2)c1,Cu2+,Cc1cnc(OC(F)F)c(-c2nnc(C)c(C)n2)c1.[Cu+2],0.8931451
TRZ02714,Cc1nnc(-c2ccccc2OS)nc1C,Cu2+,Cc1nnc(-c2ccccc2OS)nc1C.[Cu+2],0.8922043
TRZ02429,Cc1nnc(C(Oc2ccccc2)Oc2ccccc2)nc1C,Cu2+,Cc1nnc(C(Oc2ccccc2)Oc2ccccc2)nc1C.[Cu+2],0.89006615
TRZ00145,CCCCC#Cc1cncc(-c2nnc(C)c(C)n2)c1,Cu2+,CCCCC#Cc1cncc(-c2nnc(C)c(C)n2)c1.[Cu+2],0.8853955
TRZ00941,Cc1nnc(CSc2nnc(-c3ccncc3)o2)nc1C,Cu2+,Cc1nnc(CSc2nnc(-c3ccncc3)o2)nc1C.[Cu+2],0.8830719
TRZ02900,Cc1nnc(-c2cn3c(ccc4c(C(F)(F)F)cc(C(F)(F)F)nc43)n2)nc1C,Cu2+,Cc1nnc(-c2cn3c(ccc4c(C(F)(F)F)cc(C(F)(F)F)nc43)n2)nc1C.[Cu+2],0.88261366
TRZ05291,Cc1nnc(C2(F)CCCN(C(O)OCc3ccccc3)C2)nc1C,Cu2+,Cc1nnc(C2(F)CCCN(C(O)OCc3ccccc3)C2)nc1C.[Cu+2],0.88184977
TRZ03100,Cc1nnc(-c2ncccc2F)nc1C,Cu2+,Cc1nnc(-c2ncccc2F)nc1C.[Cu+2],0.8815479
TRZ01115,Cc1nnc(-c2csc(-c3ccc(C(F)(F)F)cc3)n2)nc1C,Cu2+,Cc1nnc(-c2csc(-c3ccc(C(F)(F)F)cc3)n2)nc1C.[Cu+2],0.8796301
TRZ00921,Cc1nnc(-c2cc3ncc(C(F)(F)F)cc3s2)nc1C,Cu2+,Cc1nnc(-c2cc3ncc(C(F)(F)F)cc3s2)nc1C.[Cu+2],0.876307
TRZ03738,Cc1nnc(CSc2nnc(-c3ccc(F)cc3)n2C2CCCCC2)nc1C,Cu2+,Cc1nnc(CSc2nnc(-c3ccc(F)cc3)n2C2CCCCC2)nc1C.[Cu+2],0.87534857
TRZ05557,Cc1nnc(-c2ncc(C(F)(F)F)cc2[N+](=O)[O-])nc1C,Cu2+,Cc1nnc(-c2ncc(C(F)(F)F)cc2[N+](=O)[O-])nc1C.[Cu+2],0.87505865
TRZ00512,Cc1nnc(-c2sc3cc(C(F)(F)F)cnc3c2-c2ccccn2)nc1C,Cu2+,Cc1nnc(-c2sc3cc(C(F)(F)F)cnc3c2-c2ccccn2)nc1C.[Cu+2],0.87497044
TRZ05392,Cc1nnc([C@H](CC(C)C)NC(=O)/C=C/c2ccc(Cl)cc2F)nc1C,Cu2+,Cc1nnc([C@H](CC(C)C)NC(=O)/C=C/c2ccc(Cl)cc2F)nc1C.[Cu+2],0.8720789
TRZ01217,Cc1nnc(COc2ccc(Br)cc2)nc1C,Cu2+,Cc1nnc(COc2ccc(Br)cc2)nc1C.[Cu+2],0.8714719
TRZ02344,Cc1nnc(CNC(=O)COc2ccc(Cl)cc2Cl)nc1C,Cu2+,Cc1nnc(CNC(=O)COc2ccc(Cl)cc2Cl)nc1C.[Cu+2],0.87130356
TRZ00256,Cc1cc(C)n2c(nc3ccccc32)c1-c1nnc(C)c(C)n1,Cu2+,Cc1cc(C)n2c(nc3ccccc32)c1-c1nnc(C)c(C)n1.[Cu+2],0.86975527
TRZ02231,Cc1nnc(-c2cn(Cc3nnc(C)n3N)c3cc(Cl)c(F)cc3c2=O)nc1C,Cu2+,Cc1nnc(-c2cn(Cc3nnc(C)n3N)c3cc(Cl)c(F)cc3c2=O)nc1C.[Cu+2],0.8696389
TRZ01539,Cc1nnc(-c2ccccc2NC(=O)c2c(F)cccc2F)nc1C,Cu2+,Cc1nnc(-c2ccccc2NC(=O)c2c(F)cccc2F)nc1C.[Cu+2],0.86726904
TRZ04069,Cc1cc(F)cc(C2CCOC2)c1OCc1nnc(C)c(C)n1,Cu2+,Cc1cc(F)cc(C2CCOC2)c1OCc1nnc(C)c(C)n1.[Cu+2],0.8668394
TRZ00296,Cc1nnc(-c2ccc(COc3cccc4ccccc34)o2)nc1C,Cu2+,Cc1nnc(-c2ccc(COc3cccc4ccccc34)o2)nc1C.[Cu+2],0.866827
TRZ05327,Cc1nnc(-c2ccc(Cl)cc2NC(=O)Nc2cc(F)cc(F)c2)nc1C,Cu2+,Cc1nnc(-c2ccc(Cl)cc2NC(=O)Nc2cc(F)cc(F)c2)nc1C.[Cu+2],0.866683
TRZ04611,COCC=Cc1c(-c2nnc(C)c(C)n2)ncc(C(F)(F)F)c1I,Cu2+,COCC=Cc1c(-c2nnc(C)c(C)n2)ncc(C(F)(F)F)c1I.[Cu+2],0.8635864
TRZ01475,Cc1nnc(COCc2ccccc2)nc1C,Cu2+,Cc1nnc(COCc2ccccc2)nc1C.[Cu+2],0.86216545
TRZ02353,CCCCOc1ccc(OCc2nnc(C)c(C)n2)cc1,Cu2+,CCCCOc1ccc(OCc2nnc(C)c(C)n2)cc1.[Cu+2],0.86049795
TRZ01801,Cc1nnc(-c2nc(-c3ccccc3)cc(N3CCc4ccccc4C3C)n2)nc1C,Cu2+,Cc1nnc(-c2nc(-c3ccccc3)cc(N3CCc4ccccc4C3C)n2)nc1C.[Cu+2],0.85825634
TRZ05339,COc1ccc(-c2nnc(C)c(C)n2)c(NC(=O)Nc2cc(F)cc(F)c2)c1,Cu2+,COc1ccc(-c2nnc(C)c(C)n2)c(NC(=O)Nc2cc(F)cc(F)c2)c1.[Cu+2],0.8580203
TRZ03197,Cc1nnc(C(C)(C)Oc2ccc(C(F)(F)F)cc2)nc1C,Cu2+,Cc1nnc(C(C)(C)Oc2ccc(C(F)(F)F)cc2)nc1C.[Cu+2],0.85746336
TRZ03566,Cc1nnc(CCNC(=O)Nc2ccccc2C(F)(F)F)nc1C,Cu2+,Cc1nnc(CCNC(=O)Nc2ccccc2C(F)(F)F)nc1C.[Cu+2],0.8567233
TRZ03157,Cc1nnc(Cn2c(C(F)F)cc3c(Cl)c(C#N)ccc32)nc1C,Cu2+,Cc1nnc(Cn2c(C(F)F)cc3c(Cl)c(C#N)ccc32)nc1C.[Cu+2],0.8567195
TRZ00480,CCNc1nc(NCC)nc(-c2nnc(C)c(C)n2)n1,Cu2+,CCNc1nc(NCC)nc(-c2nnc(C)c(C)n2)n1.[Cu+2],0.8554058
TRZ03953,Cc1nnc(-c2c(OCC(F)(F)F)cccc2OCC(F)(F)F)nc1C,Cu2+,Cc1nnc(-c2c(OCC(F)(F)F)cccc2OCC(F)(F)F)nc1C.[Cu+2],0.85458565
TRZ00895,Cc1nnc(CSCc2ccc(Cl)cc2Cl)nc1C,Cu2+,Cc1nnc(CSCc2ccc(Cl)cc2Cl)nc1C.[Cu+2],0.8533807
TRZ01893,Cc1nnc(-c2csc(C(C)NC(=O)OC(C)(C)C)n2)nc1C,Cu2+,Cc1nnc(-c2csc(C(C)NC(=O)OC(C)(C)C)n2)nc1C.[Cu+2],0.8504729
TRZ03685,COc1c(-c2nnc(C)c(C)n2)ccc2[nH]nc(C=Cc3cccc(F)c3)c12,Cu2+,COc1c(-c2nnc(C)c(C)n2)ccc2[nH]nc(C=Cc3cccc(F)c3)c12.[Cu+2],0.8504367
TRZ02284,Cc1nnc(C(CO)c2ccccc2)nc1C,Cu2+,Cc1nnc(C(CO)c2ccccc2)nc1C.[Cu+2],0.8504138
TRZ01536,Cc1nnc(COc2ccc(SC(F)(F)F)cc2)nc1C,Cu2+,Cc1nnc(COc2ccc(SC(F)(F)F)cc2)nc1C.[Cu+2],0.849905
TRZ00802,Cc1cc(OCc2nnc(C)c(C)n2)ccc1Cl,Cu2+,Cc1cc(OCc2nnc(C)c(C)n2)ccc1Cl.[Cu+2],0.84976864
TRZ03960,Cc1nnc(/C=C\n2cnc(-c3cc(C(F)(F)F)cc(C(F)(F)F)c3)n2)nc1C,Cu2+,Cc1nnc(/C=C\n2cnc(-c3cc(C(F)(F)F)cc(C(F)(F)F)c3)n2)nc1C.[Cu+2],0.84780455
TRZ04029,[C-]#[N+]c1cc(-c2ncn(/C=C\c3nnc(C)c(C)n3)n2)cc(C(F)(F)F)c1,Cu2+,[C-]#[N+]c1cc(-c2ncn(/C=C\c3nnc(C)c(C)n3)n2)cc(C(F)(F)F)c1.[Cu+2],0.84593534
TRZ02326,COc1ccc2c(c1)cc(-c1nnc(C)c(C)n1)n2C,Cu2+,COc1ccc2c(c1)cc(-c1nnc(C)c(C)n1)n2C.[Cu+2],0.8423624
TRZ02409,Cc1nnc(-c2sccc2N(C)C)nc1C,Cu2+,Cc1nnc(-c2sccc2N(C)C)nc1C.[Cu+2],0.84218836
TRZ01394,CCN(CC)c1ccc(/C=C(\NC(=O)c2ccc(NC(C)=O)cc2)c2nnc(C)c(C)n2)cc1,Cu2+,CCN(CC)c1ccc(/C=C(\NC(=O)c2ccc(NC(C)=O)cc2)c2nnc(C)c(C)n2)cc1.[Cu+2],0.8414016
TRZ02821,Cc1nc(C(F)(F)F)ccc1-c1nnc(C)c(C)n1,Cu2+,Cc1nc(C(F)(F)F)ccc1-c1nnc(C)c(C)n1.[Cu+2],0.83913136
TRZ00326,Cc1nnc(COc2ccccc2[N+](=O)[O-])nc1C,Cu2+,Cc1nnc(COc2ccccc2[N+](=O)[O-])nc1C.[Cu+2],0.8353567
TRZ03883,Cc1nnc(C=Cn2cnc(-c3cc(OC(C)C)nc(C(F)(F)F)c3)n2)nc1C,Cu2+,Cc1nnc(C=Cn2cnc(-c3cc(OC(C)C)nc(C(F)(F)F)c3)n2)nc1C.[Cu+2],0.8347516
TRZ02837,Cc1nnc(-c2nnn(-c3ccnc4c(C(F)(F)F)cccc34)c2C)nc1C,Cu2+,Cc1nnc(-c2nnn(-c3ccnc4c(C(F)(F)F)cccc34)c2C)nc1C.[Cu+2],0.8340411
TRZ04868,Cc1nnc(-c2nccnc2F)nc1C,Cu2+,Cc1nnc(-c2nccnc2F)nc1C.[Cu+2],0.83337975
TRZ01524,COCCCn1c(SCc2nnc(C)c(C)n2)nnc1-c1ccc(C(F)(F)F)cc1,Cu2+,COCCCn1c(SCc2nnc(C)c(C)n2)nnc1-c1ccc(C(F)(F)F)cc1.[Cu+2],0.82812357
TRZ05613,Cc1nnc(C(CC(C)C)NC(=O)/C=C/c2ccc(Cl)cc2F)nc1C,Cu2+,Cc1nnc(C(CC(C)C)NC(=O)/C=C/c2ccc(Cl)cc2F)nc1C.[Cu+2],0.82225037
TRZ01983,Cc1nnc(CSc2ccc3ccccc3c2)nc1C,Cu2+,Cc1nnc(CSc2ccc3ccccc3c2)nc1C.[Cu+2],0.82026625
TRZ03113,Cc1nnc(-c2c(Cl)cc(C(F)(F)F)cc2[N+](=O)[O-])nc1C,Cu2+,Cc1nnc(-c2c(Cl)cc(C(F)(F)F)cc2[N+](=O)[O-])nc1C.[Cu+2],0.81939125
TRZ02102,Cc1nnc(C(=O)NCc2cc(C(F)(F)F)cc(C(F)(F)F)c2)nc1C,Cu2+,Cc1nnc(C(=O)NCc2cc(C(F)(F)F)cc(C(F)(F)F)c2)nc1C.[Cu+2],0.81816196
TRZ00184,Cc1nnc(C(C)Oc2ccccc2F)nc1C,Cu2+,Cc1nnc(C(C)Oc2ccccc2F)nc1C.[Cu+2],0.8180499
TRZ03438,Cc1nnc(-c2nn(Cc3ccc(F)cc3Cl)c3cc(F)ccc23)nc1C,Cu2+,Cc1nnc(-c2nn(Cc3ccc(F)cc3Cl)c3cc(F)ccc23)nc1C.[Cu+2],0.81563854
TRZ05700,Cc1nnc(-c2cc(F)cnc2OC(F)F)nc1C,Cu2+,Cc1nnc(-c2cc(F)cnc2OC(F)F)nc1C.[Cu+2],0.81399775
TRZ01894,Cc1nnc(-c2csc(C(C)N)n2)nc1C,Cu2+,Cc1nnc(-c2csc(C(C)N)n2)nc1C.[Cu+2],0.810369
TRZ00825,CCN(CC)Cc1ccc(-c2nnc(C)c(C)n2)o1,Cu2+,CCN(CC)Cc1ccc(-c2nnc(C)c(C)n2)o1.[Cu+2],0.809278
TRZ00436,Cc1nnc(-c2ccccc2OC(F)(F)F)nc1C,Cu2+,Cc1nnc(-c2ccccc2OC(F)(F)F)nc1C.[Cu+2],0.805635
TRZ01750,Cc1nnc(-c2nc(-c3cccc(F)c3)cc(-c3cccc(F)c3)n2)nc1C,Cu2+,Cc1nnc(-c2nc(-c3cccc(F)c3)cc(-c3cccc(F)c3)n2)nc1C.[Cu+2],0.80328035
TRZ02097,Cc1cc(CNC(=O)c2nnc(C)c(C)n2)ccc1F,Cu2+,Cc1cc(CNC(=O)c2nnc(C)c(C)n2)ccc1F.[Cu+2],0.8006072
TRZ05336,Cc1nnc(-c2ccccc2NC(=O)Nc2cc(F)cc(F)c2)nc1C,Cu2+,Cc1nnc(-c2ccccc2NC(=O)Nc2cc(F)cc(F)c2)nc1C.[Cu+2],0.79672575
TRZ04043,COc1nc(-c2nnc(C)c(C)n2)c(NC(=O)O)cc1C(F)(F)F,Cu2+,COc1nc(-c2nnc(C)c(C)n2)c(NC(=O)O)cc1C(F)(F)F.[Cu+2],0.7964511
TRZ01459,Cc1ccc(-n2ncc(-c3nnc(C)c(C)n3)c2C(F)(F)F)cc1,Cu2+,Cc1ccc(-n2ncc(-c3nnc(C)c(C)n3)c2C(F)(F)F)cc1.[Cu+2],0.7961216
TRZ03910,COc1ccc(Cn2nc(C(F)(F)F)cc2-c2nnc(C)c(C)n2)cc1,Cu2+,COc1ccc(Cn2nc(C(F)(F)F)cc2-c2nnc(C)c(C)n2)cc1.[Cu+2],0.79599047
TRZ00403,Cc1nnc(C(C)Nc2ccc(Cl)c(Cl)c2)nc1C,Cu2+,Cc1nnc(C(C)Nc2ccc(Cl)c(Cl)c2)nc1C.[Cu+2],0.79596424
TRZ05907,Cc1nnc(C(=O)Oc2cccc(F)c2)nc1C,Cu2+,Cc1nnc(C(=O)Oc2cccc(F)c2)nc1C.[Cu+2],0.7952876
TRZ02705,Cc1ccc(NCCc2nnc(C)c(C)n2)cc1,Cu2+,Cc1ccc(NCCc2nnc(C)c(C)n2)cc1.[Cu+2],0.7881303
TRZ01927,CCOC(=O)c1cc(-c2cccc([N+](=O)[O-])c2)n(CCc2nnc(C)c(C)n2)c1C,Cu2+,CCOC(=O)c1cc(-c2cccc([N+](=O)[O-])c2)n(CCc2nnc(C)c(C)n2)c1C.[Cu+2],0.78660107
TRZ01241,Cc1nnc(CNC(=O)Cc2ccccc2)nc1C,Cu2+,Cc1nnc(CNC(=O)Cc2ccccc2)nc1C.[Cu+2],0.78611994
TRZ03030,Cc1nnc(-c2ccccc2OC(=O)C(F)(F)F)nc1C,Cu2+,Cc1nnc(-c2ccccc2OC(=O)C(F)(F)F)nc1C.[Cu+2],0.78071404
TRZ03914,Cc1nnc(-c2cnc(OCC(F)(F)F)c(-c3ccc(Cl)c(F)c3)c2)nc1C,Cu2+,Cc1nnc(-c2cnc(OCC(F)(F)F)c(-c3ccc(Cl)c(F)c3)c2)nc1C.[Cu+2],0.7804756
TRZ05721,Cc1nnc(-c2nc(N3CCCC(F)(F)CC3)cnc2Cl)nc1C,Cu2+,Cc1nnc(-c2nc(N3CCCC(F)(F)CC3)cnc2Cl)nc1C.[Cu+2],0.7787409
TRZ03206,Cc1nnc(C(C)(C)Oc2ccc(OC(F)(F)F)cc2)nc1C,Cu2+,Cc1nnc(C(C)(C)Oc2ccc(OC(F)(F)F)cc2)nc1C.[Cu+2],0.7779975
TRZ01015,COc1cccc(-c2cc(-c3cccc(OC)c3)nc(-c3nnc(C)c(C)n3)n2)c1,Cu2+,COc1cccc(-c2cc(-c3cccc(OC)c3)nc(-c3nnc(C)c(C)n3)n2)c1.[Cu+2],0.7773118
TRZ02078,Cc1nnc(CNc2ccc(F)cc2F)nc1C,Cu2+,Cc1nnc(CNc2ccc(F)cc2F)nc1C.[Cu+2],0.77430487
TRZ02868,Cc1nnc(-c2cnc(F)n2C)nc1C,Cu2+,Cc1nnc(-c2cnc(F)n2C)nc1C.[Cu+2],0.7736058
TRZ02591,CCn1nc(Cc2nnc(C)c(C)n2)nc1C,Cu2+,CCn1nc(Cc2nnc(C)c(C)n2)nc1C.[Cu+2],0.77254105
TRZ02870,Cc1nnc(COc2ccc(C(F)(F)F)cc2[N+](=O)[O-])nc1C,Cu2+,Cc1nnc(COc2ccc(C(F)(F)F)cc2[N+](=O)[O-])nc1C.[Cu+2],0.7672548
TRZ02491,Cc1nnc(CO/N=C\c2ccc(Cl)cc2Cl)nc1C,Cu2+,Cc1nnc(CO/N=C\c2ccc(Cl)cc2Cl)nc1C.[Cu+2],0.7637868
TRZ01746,Cc1nnc(-c2nc(-c3ccccc3)c(C)c(-c3ccccc3)n2)nc1C,Cu2+,Cc1nnc(-c2nc(-c3ccccc3)c(C)c(-c3ccccc3)n2)nc1C.[Cu+2],0.7633314
TRZ01422,Cc1nnc(-c2ccc(-c3ccc(F)cc3)s2)nc1C,Cu2+,Cc1nnc(-c2ccc(-c3ccc(F)cc3)s2)nc1C.[Cu+2],0.759984
TRZ04070,Cc1nnc(-c2cc(C(F)(F)F)n(-c3ccc([N+](=O)[O-])nc3)n2)nc1C,Cu2+,Cc1nnc(-c2cc(C(F)(F)F)n(-c3ccc([N+](=O)[O-])nc3)n2)nc1C.[Cu+2],0.75945663
TRZ02915,Cc1nnc(-c2ccccc2OC(F)F)nc1C,Cu2+,Cc1nnc(-c2ccccc2OC(F)F)nc1C.[Cu+2],0.7582555
TRZ05545,Cc1cc(C(=O)c2ccc(F)cc2)c(-c2nnc(C)c(C)n2)nc1C,Cu2+,Cc1cc(C(=O)c2ccc(F)cc2)c(-c2nnc(C)c(C)n2)nc1C.[Cu+2],0.7579365
TRZ04073,Cc1nnc(-c2cc(C(F)(F)F)nn2-c2ccc(Br)cn2)nc1C,Cu2+,Cc1nnc(-c2cc(C(F)(F)F)nn2-c2ccc(Br)cn2)nc1C.[Cu+2],0.757905
TRZ05328,Cc1nnc(-c2ccc(F)cc2NC(=O)Nc2cccc(F)c2)nc1C,Cu2+,Cc1nnc(-c2ccc(F)cc2NC(=O)Nc2cccc(F)c2)nc1C.[Cu+2],0.75727034
TRZ00146,Cc1nnc(-c2csc(-c3ccccc3)n2)nc1C,Cu2+,Cc1nnc(-c2csc(-c3ccccc3)n2)nc1C.[Cu+2],0.75359344
TRZ02384,Cc1nnc(-c2cc(COc3cc(Cl)cc(Cl)c3)on2)nc1C,Cu2+,Cc1nnc(-c2cc(COc3cc(Cl)cc(Cl)c3)on2)nc1C.[Cu+2],0.7507453
TRZ01752,COc1cc(-c2ccccc2)nc(-c2nnc(C)c(C)n2)n1,Cu2+,COc1cc(-c2ccccc2)nc(-c2nnc(C)c(C)n2)n1.[Cu+2],0.74871254
TRZ00061,Cc1nnc(C(C)Oc2cccc(Cl)c2)nc1C,Cu2+,Cc1nnc(C(C)Oc2cccc(Cl)c2)nc1C.[Cu+2],0.74809694
TRZ01499,Cc1nnc(CNc2cccc(Cl)c2F)nc1C,Cu2+,Cc1nnc(CNc2cccc(Cl)c2F)nc1C.[Cu+2],0.74679756
TRZ02717,Cc1nnc(-c2coc(-c3ccccc3)n2)nc1C,Cu2+,Cc1nnc(-c2coc(-c3ccccc3)n2)nc1C.[Cu+2],0.7457347
TRZ00415,Cc1nnc(-c2cccc(C(F)(F)F)n2)nc1C,Cu2+,Cc1nnc(-c2cccc(C(F)(F)F)n2)nc1C.[Cu+2],0.7450347
TRZ03678,Cc1nnc(-c2nn(Cc3ccc(Cl)cc3Cl)c3nc(C(F)(F)F)cnc23)nc1C,Cu2+,Cc1nnc(-c2nn(Cc3ccc(Cl)cc3Cl)c3nc(C(F)(F)F)cnc23)nc1C.[Cu+2],0.7444
TRZ02954,Cc1nnc(-c2nc(C)n3c2CN=C(c2ccccc2F)c2cc(Cl)ccc2-3)nc1C,Cu2+,Cc1nnc(-c2nc(C)n3c2CN=C(c2ccccc2F)c2cc(Cl)ccc2-3)nc1C.[Cu+2],0.74257517
TRZ03052,Cc1nnc(C(C)Oc2cccc(F)c2)nc1C,Cu2+,Cc1nnc(C(C)Oc2cccc(F)c2)nc1C.[Cu+2],0.7420492
TRZ05102,Cc1nnc([C@H](Nc2ccc(C#N)c(C(F)(F)F)c2)[C@H](C)O)nc1C,Cu2+,Cc1nnc([C@H](Nc2ccc(C#N)c(C(F)(F)F)c2)[C@H](C)O)nc1C.[Cu+2],0.73956203
TRZ01003,Cc1nnc(-c2nc([N+](=O)[O-])cn2Cc2ccc(OC(F)(F)F)cc2)nc1C,Cu2+,Cc1nnc(-c2nc([N+](=O)[O-])cn2Cc2ccc(OC(F)(F)F)cc2)nc1C.[Cu+2],0.73869944
TRZ04159,Cc1nnc(C(F)Oc2ccccc2)nc1C,Cu2+,Cc1nnc(C(F)Oc2ccccc2)nc1C.[Cu+2],0.7379055
TRZ03594,Cc1nnc(-c2ccc3ccccc3c2OCC(F)(F)F)nc1C,Cu2+,Cc1nnc(-c2ccc3ccccc3c2OCC(F)(F)F)nc1C.[Cu+2],0.73478174
TRZ02774,Cc1nnc(C2=Cc3ccccc3OC2)nc1C,Cu2+,Cc1nnc(C2=Cc3ccccc3OC2)nc1C.[Cu+2],0.7301431
TRZ01103,CCn1cc(-c2nnc(C)c(C)n2)c(=O)c2cc(F)c(Cl)cc21,Cu2+,CCn1cc(-c2nnc(C)c(C)n2)c(=O)c2cc(F)c(Cl)cc21.[Cu+2],0.7296672
TRZ03199,Cc1nnc(C(C)(C)Oc2cccc(F)c2)nc1C,Cu2+,Cc1nnc(C(C)(C)Oc2cccc(F)c2)nc1C.[Cu+2],0.72610474
TRZ01963,Cc1nnc(C2COc3ccccc3O2)nc1C,Cu2+,Cc1nnc(C2COc3ccccc3O2)nc1C.[Cu+2],0.72467613
TRZ02239,Cc1nnc(C(CO)NC(=O)Cn2c(C(F)(F)F)nc3ccccc32)nc1C,Cu2+,Cc1nnc(C(CO)NC(=O)Cn2c(C(F)(F)F)nc3ccccc32)nc1C.[Cu+2],0.724113
TRZ01964,Cc1nnc(-c2cccc(N)c2-c2nnc(C)c(C)n2)nc1C,Cu2+,Cc1nnc(-c2cccc(N)c2-c2nnc(C)c(C)n2)nc1C.[Cu+2],0.7226224
TRZ03279,Cc1nnc(-c2cc(F)c(F)cc2NS(=O)(=O)c2ccc(C(C)(C)C)cc2)nc1C,Cu2+,Cc1nnc(-c2cc(F)c(F)cc2NS(=O)(=O)c2ccc(C(C)(C)C)cc2)nc1C.[Cu+2],0.7218685
TRZ01851,Cc1nnc(-c2cccnc2C(F)(F)F)nc1C,Cu2+,Cc1nnc(-c2cccnc2C(F)(F)F)nc1C.[Cu+2],0.72092056
TRZ02783,Cc1nnc(-c2ncn(C)n2)nc1C,Cu2+,Cc1nnc(-c2ncn(C)n2)nc1C.[Cu+2],0.7197819
TRZ00445,Cc1nnc(COc2ccc([N+](=O)[O-])cc2)nc1C,Cu2+,Cc1nnc(COc2ccc([N+](=O)[O-])cc2)nc1C.[Cu+2],0.716414
TRZ02810,Cc1nnc(-c2sc(-c3ccc(F)cc3)cc2N)nc1C,Cu2+,Cc1nnc(-c2sc(-c3ccc(F)cc3)cc2N)nc1C.[Cu+2],0.71414137
TRZ00622,Cc1nnc(-c2csc(-c3ccc(C(F)(F)F)cc3Cl)n2)nc1C,Cu2+,Cc1nnc(-c2csc(-c3ccc(C(F)(F)F)cc3Cl)n2)nc1C.[Cu+2],0.7134328
TRZ02385,Cc1nnc(-c2cc(CSc3ccc(Cl)cc3)on2)nc1C,Cu2+,Cc1nnc(-c2cc(CSc3ccc(Cl)cc3)on2)nc1C.[Cu+2],0.7133961
TRZ01066,Cc1nnc(-c2nc(-c3ccccc3)cc(-c3ccc(C#N)nc3)n2)nc1C,Cu2+,Cc1nnc(-c2nc(-c3ccccc3)cc(-c3ccc(C#N)nc3)n2)nc1C.[Cu+2],0.71229124
TRZ05277,Cc1nnc(-c2ccc(Cl)cc2OC(F)F)nc1C,Cu2+,Cc1nnc(-c2ccc(Cl)cc2OC(F)F)nc1C.[Cu+2],0.71104383
TRZ03693,Cc1nnc(-c2nc3ccnn3c(F)c2Nc2ccc(Br)cc2F)nc1C,Cu2+,Cc1nnc(-c2nc3ccnn3c(F)c2Nc2ccc(Br)cc2F)nc1C.[Cu+2],0.7098837
TRZ05399,Cc1nnc(-c2cnn(C3CC3)c2C(F)(F)F)nc1C,Cu2+,Cc1nnc(-c2cnn(C3CC3)c2C(F)(F)F)nc1C.[Cu+2],0.7081795
TRZ00083,Cc1nnc(-c2cccs2)nc1C,Cu2+,Cc1nnc(-c2cccs2)nc1C.[Cu+2],0.70531845
TRZ03313,COc1c(-c2nnc(C)c(C)n2)ccc2[nH]nc(/C=C/c3cccc(F)c3)c12,Cu2+,COc1c(-c2nnc(C)c(C)n2)ccc2[nH]nc(/C=C/c3cccc(F)c3)c12.[Cu+2],0.7050514
TRZ00054,Cc1nnc(C(=O)Nc2ccc(Cl)c(Cl)c2)nc1C,Cu2+,Cc1nnc(C(=O)Nc2ccc(Cl)c(Cl)c2)nc1C.[Cu+2],0.7028289
TRZ01800,Cc1nnc(-c2nc(-c3ccccc3)cc(N(C)Cc3ccccc3)n2)nc1C,Cu2+,Cc1nnc(-c2nc(-c3ccccc3)cc(N(C)Cc3ccccc3)n2)nc1C.[Cu+2],0.70167494
TRZ02287,Cc1nnc(-c2c(-c3ccccc3Cl)noc2C)nc1C,Cu2+,Cc1nnc(-c2c(-c3ccccc3Cl)noc2C)nc1C.[Cu+2],0.70119333
TRZ02418,Cc1nnc(-c2c(-c3ccccc3)c(-c3ccccc3)nn3nnnc23)nc1C,Cu2+,Cc1nnc(-c2c(-c3ccccc3)c(-c3ccccc3)nn3nnnc23)nc1C.[Cu+2],0.6985202
TRZ00618,COC(=O)c1c(-c2c(Cl)cccc2Cl)noc1-c1nnc(C)c(C)n1,Cu2+,COC(=O)c1c(-c2c(Cl)cccc2Cl)noc1-c1nnc(C)c(C)n1.[Cu+2],0.69715405
TRZ02080,Cc1nnc(CNc2ccc(F)c(F)c2)nc1C,Cu2+,Cc1nnc(CNc2ccc(F)c(F)c2)nc1C.[Cu+2],0.68924713
TRZ04643,Cc1nnc(-c2nc(C(F)(F)F)sc2N2CCOCC2)nc1C,Cu2+,Cc1nnc(-c2nc(C(F)(F)F)sc2N2CCOCC2)nc1C.[Cu+2],0.68633795
TRZ01554,Cc1nnc(-c2cnn(-c3ccc([N+](=O)[O-])cc3)c2C(F)(F)F)nc1C,Cu2+,Cc1nnc(-c2cnn(-c3ccc([N+](=O)[O-])cc3)c2C(F)(F)F)nc1C.[Cu+2],0.68455553
TRZ05934,Cc1nnc(C(c2nc(N)nc(Cl)c2Br)c2c(F)cccc2F)nc1C,Cu2+,Cc1nnc(C(c2nc(N)nc(Cl)c2Br)c2c(F)cccc2F)nc1C.[Cu+2],0.681715
TRZ01619,COc1c2occc2c(OC)c2c(C)c(-c3nnc(C)c(C)n3)c(=O)oc12,Cu2+,COc1c2occc2c(OC)c2c(C)c(-c3nnc(C)c(C)n3)c(=O)oc12.[Cu+2],0.6815338
TRZ01615,Cc1nnc(-c2sc(Br)c(Br)c2OCC(=O)O)nc1C,Cu2+,Cc1nnc(-c2sc(Br)c(Br)c2OCC(=O)O)nc1C.[Cu+2],0.68074274
TRZ05574,COc1nc(OCc2c(-c3ccc(F)cc3)noc2C)ccc1-c1nnc(C)c(C)n1,Cu2+,COc1nc(OCc2c(-c3ccc(F)cc3)noc2C)ccc1-c1nnc(C)c(C)n1.[Cu+2],0.6788025
TRZ03188,Cc1nnc(C(C)(C)Oc2ccc(C(F)(F)F)cc2Cl)nc1C,Cu2+,Cc1nnc(C(C)(C)Oc2ccc(C(F)(F)F)cc2Cl)nc1C.[Cu+2],0.67876816
TRZ05843,Cc1nnc(C(F)(F)C(O)C(C(=O)OCc2ccccc2)C(C)C)nc1C,Cu2+,Cc1nnc(C(F)(F)C(O)C(C(=O)OCc2ccccc2)C(C)C)nc1C.[Cu+2],0.6769371
TRZ05686,Cc1nnc(-c2ncc(F)cc2C2CCN(C(=O)OC(C)(C)C)CC2)nc1C,Cu2+,Cc1nnc(-c2ncc(F)cc2C2CCN(C(=O)OC(C)(C)C)CC2)nc1C.[Cu+2],0.6748576
TRZ01086,Cc1nnc(CSCc2c(C)c(C)c(C)c(C)c2C)nc1C,Cu2+,Cc1nnc(CSCc2c(C)c(C)c(C)c(C)c2C)nc1C.[Cu+2],0.6675682
TRZ01338,Cc1cc(OC(C)(C)c2nnc(C)c(C)n2)ccc1Cl,Cu2+,Cc1cc(OC(C)(C)c2nnc(C)c(C)n2)ccc1Cl.[Cu+2],0.66694736
TRZ03580,Cc1nnc(C(C)(C)Sc2ccc(F)cc2)nc1C,Cu2+,Cc1nnc(C(C)(C)Sc2ccc(F)cc2)nc1C.[Cu+2],0.66678953
TRZ03267,CCOC(=O)C1CCC(Oc2ccc(NC(=O)c3nnc(C)c(C)n3)c(F)c2)CC1,Cu2+,CCOC(=O)C1CCC(Oc2ccc(NC(=O)c3nnc(C)c(C)n3)c(F)c2)CC1.[Cu+2],0.6663313
TRZ01789,Cc1nnc(-c2nc(-c3ccccc3)cc(N3Cc4ccccc4[C@@H]3C)n2)nc1C,Cu2+,Cc1nnc(-c2nc(-c3ccccc3)cc(N3Cc4ccccc4[C@@H]3C)n2)nc1C.[Cu+2],0.6638303
TRZ01942,COc1ccc(-c2nnc(SCc3nnc(C)c(C)n3)n2-c2ccccc2)cc1OC,Cu2+,COc1ccc(-c2nnc(SCc3nnc(C)c(C)n3)n2-c2ccccc2)cc1OC.[Cu+2],0.6629534
TRZ02085,Cc1nnc(-c2ccccc2OCc2ccc(F)cc2)nc1C,Cu2+,Cc1nnc(-c2ccccc2OCc2ccc(F)cc2)nc1C.[Cu+2],0.6617422
TRZ01600,Cc1nnc(-c2cc(SCc3ccc(C(F)(F)F)cc3)ccn2)nc1C,Cu2+,Cc1nnc(-c2cc(SCc3ccc(C(F)(F)F)cc3)ccn2)nc1C.[Cu+2],0.65717363
TRZ02125,CC(=O)Nc1ccc(OCc2nnc(C)c(C)n2)cc1,Cu2+,CC(=O)Nc1ccc(OCc2nnc(C)c(C)n2)cc1.[Cu+2],0.6561918
TRZ04916,Cc1nnc(CCn2c(=O)oc3ccc(-c4ccc(OC(F)(F)F)cc4)cc32)nc1C,Cu2+,Cc1nnc(CCn2c(=O)oc3ccc(-c4ccc(OC(F)(F)F)cc4)cc32)nc1C.[Cu+2],0.6559744
TRZ04294,CC[C@H]1C[C@@H]1c1cc(C(F)(F)F)cnc1-c1nnc(C)c(C)n1,Cu2+,CC[C@H]1C[C@@H]1c1cc(C(F)(F)F)cnc1-c1nnc(C)c(C)n1.[Cu+2],0.654511
TRZ00803,Cc1cccc(OC(C)c2nnc(C)c(C)n2)c1,Cu2+,Cc1cccc(OC(C)c2nnc(C)c(C)n2)c1.[Cu+2],0.65413666
TRZ03170,[C-]#[N+]c1cc(F)ccc1N1CCC(CNC(=O)[C@@H]2OC(C)(C)O[C@H]2c2nnc(C)c(C)n2)CC1,Cu2+,[C-]#[N+]c1cc(F)ccc1N1CCC(CNC(=O)[C@@H]2OC(C)(C)O[C@H]2c2nnc(C)c(C)n2)CC1.[Cu+2],0.6516514
TRZ02473,Cc1nnc(C2CCCN(S(=O)(=O)c3cccs3)C2)nc1C,Cu2+,Cc1nnc(C2CCCN(S(=O)(=O)c3cccs3)C2)nc1C.[Cu+2],0.6471882
TRZ01480,Cc1ccc(-c2cc(-c3nnc(C)c(C)n3)no2)cc1,Cu2+,Cc1ccc(-c2cc(-c3nnc(C)c(C)n3)no2)cc1.[Cu+2],0.64554834
TRZ05835,COCC[C@H](C)c1cc(C(F)(F)F)cnc1-c1nnc(C)c(C)n1,Cu2+,COCC[C@H](C)c1cc(C(F)(F)F)cnc1-c1nnc(C)c(C)n1.[Cu+2],0.6434083
TRZ02892,CCOc1ccc(NCc2nnc(C)c(C)n2)cc1,Cu2+,CCOc1ccc(NCc2nnc(C)c(C)n2)cc1.[Cu+2],0.64207506
TRZ00330,Cc1nnc(-c2cc3c(ccc4ccccc43)o2)nc1C,Cu2+,Cc1nnc(-c2cc3c(ccc4ccccc43)o2)nc1C.[Cu+2],0.6418896
TRZ04284,Cc1nnc(-c2ncc(C(F)(F)F)cc2CCO)nc1C,Cu2+,Cc1nnc(-c2ncc(C(F)(F)F)cc2CCO)nc1C.[Cu+2],0.6392269
TRZ01667,Cc1nnc(-c2cn(C3CC3)c3cc(Cl)c(F)cc3c2=O)nc1C,Cu2+,Cc1nnc(-c2cn(C3CC3)c3cc(Cl)c(F)cc3c2=O)nc1C.[Cu+2],0.63907194
TRZ01451,Cc1cc(C)cc(OCc2nnc(C)c(C)n2)c1,Cu2+,Cc1cc(C)cc(OCc2nnc(C)c(C)n2)c1.[Cu+2],0.636333
TRZ05456,Cc1nnc(-c2ccnc(N3C[C@@H]4C(COc5cccnc5C(F)(F)F)[C@@H]4C3)n2)nc1C,Cu2+,Cc1nnc(-c2ccnc(N3C[C@@H]4C(COc5cccnc5C(F)(F)F)[C@@H]4C3)n2)nc1C.[Cu+2],0.63584614
TRZ03585,CCOc1cc(OCC(F)(F)F)c2nc(-c3nnc(C)c(C)n3)cc(C)c2c1,Cu2+,CCOc1cc(OCC(F)(F)F)c2nc(-c3nnc(C)c(C)n3)cc(C)c2c1.[Cu+2],0.63569736
TRZ01598,Cc1nnc(-c2cc(SCc3ccc(F)cc3)ccn2)nc1C,Cu2+,Cc1nnc(-c2cc(SCc3ccc(F)cc3)ccn2)nc1C.[Cu+2],0.6340842
TRZ02139,COc1ccccc1-n1ncc(-c2nnc(C)c(C)n2)c1C(F)(F)F,Cu2+,COc1ccccc1-n1ncc(-c2nnc(C)c(C)n2)c1C(F)(F)F.[Cu+2],0.6325836
TRZ00311,Cc1nnc(Cn2c(-c3nonc3N)nc3ccccc32)nc1C,Cu2+,Cc1nnc(Cn2c(-c3nonc3N)nc3ccccc32)nc1C.[Cu+2],0.6284704
TRZ04081,Cc1nnc(-c2cnn(-c3c(F)cccc3F)n2)nc1C,Cu2+,Cc1nnc(-c2cnn(-c3c(F)cccc3F)n2)nc1C.[Cu+2],0.6266165
TRZ02286,Cc1ccc(OCc2nnc(C)c(C)n2)cc1C,Cu2+,Cc1ccc(OCc2nnc(C)c(C)n2)cc1C.[Cu+2],0.62470293
TRZ00027,Cc1nnc(-c2ccco2)nc1C,Cu2+,Cc1nnc(-c2ccco2)nc1C.[Cu+2],0.6214318
TRZ00467,Cc1nnc(CSc2ccccc2[N+](=O)[O-])nc1C,Cu2+,Cc1nnc(CSc2ccccc2[N+](=O)[O-])nc1C.[Cu+2],0.62124634
TRZ02581,Cc1ccc(-n2nnc(-c3nnc(C)c(C)n3)c2C)cc1,Cu2+,Cc1ccc(-n2nnc(-c3nnc(C)c(C)n3)c2C)cc1.[Cu+2],0.617712
TRZ02392,Cc1nnc(-c2csc(-c3cccs3)n2)nc1C,Cu2+,Cc1nnc(-c2csc(-c3cccs3)n2)nc1C.[Cu+2],0.6165905
TRZ03792,Cc1nnc(-c2cn(Cc3cccc(C#N)c3)c3ccc(F)cc23)nc1C,Cu2+,Cc1nnc(-c2cn(Cc3cccc(C#N)c3)c3ccc(F)cc23)nc1C.[Cu+2],0.60836744
TRZ04636,Cc1nnc(Cc2nc(C(F)(F)F)c(Cc3ccc(Cl)c(Cl)c3)c(=O)[nH]2)nc1C,Cu2+,Cc1nnc(Cc2nc(C(F)(F)F)c(Cc3ccc(Cl)c(Cl)c3)c(=O)[nH]2)nc1C.[Cu+2],0.6059804
TRZ05711,Cc1cc(-c2nnc(C)c(C)n2)c(Oc2cccc(C3CC3)c2F)nn1,Cu2+,Cc1cc(-c2nnc(C)c(C)n2)c(Oc2cccc(C3CC3)c2F)nn1.[Cu+2],0.6047983
TRZ05273,COc1ccc(-c2nnc(C)c(C)n2)c(OC(F)(F)F)c1,Cu2+,COc1ccc(-c2nnc(C)c(C)n2)c(OC(F)(F)F)c1.[Cu+2],0.60271597
TRZ02445,CCCC(Oc1ccc(Br)cc1)c1nnc(C)c(C)n1,Cu2+,CCCC(Oc1ccc(Br)cc1)c1nnc(C)c(C)n1.[Cu+2],0.6013441
TRZ04457,Cc1nnc(-c2nc(Cl)ccc2F)nc1C,Cu2+,Cc1nnc(-c2nc(Cl)ccc2F)nc1C.[Cu+2],0.5999098
TRZ03105,Cc1nnc(-c2ccc(F)nc2F)nc1C,Cu2+,Cc1nnc(-c2ccc(F)nc2F)nc1C.[Cu+2],0.59779215
TRZ05276,Cc1nnc(-c2ccc(Br)cc2OC(F)(F)F)nc1C,Cu2+,Cc1nnc(-c2ccc(Br)cc2OC(F)(F)F)nc1C.[Cu+2],0.5965519
TRZ05525,Cc1nnc(-c2nn(C)c(F)c2Nc2ccc(C(F)(F)F)cc2)nc1C,Cu2+,Cc1nnc(-c2nn(C)c(F)c2Nc2ccc(C(F)(F)F)cc2)nc1C.[Cu+2],0.58759546
TRZ01920,CCOC(=O)c1cc(-c2ccccc2)n(CCc2nnc(C)c(C)n2)c1C,Cu2+,CCOC(=O)c1cc(-c2ccccc2)n(CCc2nnc(C)c(C)n2)c1C.[Cu+2],0.5859847
TRZ01454,Cc1ccccc1-n1ncc(-c2nnc(C)c(C)n2)c1C(F)(F)F,Cu2+,Cc1ccccc1-n1ncc(-c2nnc(C)c(C)n2)c1C(F)(F)F.[Cu+2],0.5854478
TRZ02612,Cc1nnc(CSc2ccccn2)nc1C,Cu2+,Cc1nnc(CSc2ccccn2)nc1C.[Cu+2],0.5843954
TRZ02797,Cc1nnc(CNc2ccc(Br)cc2F)nc1C,Cu2+,Cc1nnc(CNc2ccc(Br)cc2F)nc1C.[Cu+2],0.58432674
TRZ01381,Cc1cc(C)c(C)c(/C=C(\c2nnc(C)c(C)n2)N(C)C)c1C,Cu2+,Cc1cc(C)c(C)c(/C=C(\c2nnc(C)c(C)n2)N(C)C)c1C.[Cu+2],0.5843077
TRZ04712,Cc1cc(-c2nnc(C)c(C)n2)nc(Oc2cccc(C(F)(F)F)c2)n1,Cu2+,Cc1cc(-c2nnc(C)c(C)n2)nc(Oc2cccc(C(F)(F)F)c2)n1.[Cu+2],0.58277845
TRZ00010,COc1ccccc1-c1nnc(C)c(C)n1,Cu2+,COc1ccccc1-c1nnc(C)c(C)n1.[Cu+2],0.58062315
TRZ04204,Cc1nnc(-c2nc(C(=O)N3CCC(F)CC3)cs2)nc1C,Cu2+,Cc1nnc(-c2nc(C(=O)N3CCC(F)CC3)cs2)nc1C.[Cu+2],0.5804734
TRZ05168,Cc1nnc(-c2c(NS(=O)(=O)c3ccccc3)ccc(Cl)c2F)nc1C,Cu2+,Cc1nnc(-c2c(NS(=O)(=O)c3ccccc3)ccc(Cl)c2F)nc1C.[Cu+2],0.57975626
TRZ03794,Cc1nnc(-c2cn(CCCOCc3ccccc3)c3ccc(F)cc23)nc1C,Cu2+,Cc1nnc(-c2cn(CCCOCc3ccccc3)c3ccc(F)cc23)nc1C.[Cu+2],0.57949495
TRZ05491,Cc1nnc(-c2nc(N3CCN(C(=O)OC(C)(C)C)CC3)ncc2F)nc1C,Cu2+,Cc1nnc(-c2nc(N3CCN(C(=O)OC(C)(C)C)CC3)ncc2F)nc1C.[Cu+2],0.57813597
TRZ03972,Cc1nnc(-c2cc(-c3ccc(OC(F)(F)F)cc3)no2)nc1C,Cu2+,Cc1nnc(-c2cc(-c3ccc(OC(F)(F)F)cc3)no2)nc1C.[Cu+2],0.5779438
TRZ05702,Cc1nnc(-c2c(F)ccc3c2OCO3)nc1C,Cu2+,Cc1nnc(-c2c(F)ccc3c2OCO3)nc1C.[Cu+2],0.57707787
TRZ03198,Cc1nnc(C2(Oc3ccc(C(F)(F)F)cc3)CCC2)nc1C,Cu2+,Cc1nnc(C2(Oc3ccc(C(F)(F)F)cc3)CCC2)nc1C.[Cu+2],0.5765004
TRZ01544,Cc1nnc(-c2ccc(CSc3ccc(C(F)(F)F)cn3)o2)nc1C,Cu2+,Cc1nnc(-c2ccc(CSc3ccc(C(F)(F)F)cn3)o2)nc1C.[Cu+2],0.5758791
TRZ00063,COc1ccccc1OCc1nnc(C)c(C)n1,Cu2+,COc1ccccc1OCc1nnc(C)c(C)n1.[Cu+2],0.57505274
TRZ01632,Cc1nnc(-c2cc(CCCCC(=O)Nc3ccccc3)on2)nc1C,Cu2+,Cc1nnc(-c2cc(CCCCC(=O)Nc3ccccc3)on2)nc1C.[Cu+2],0.57416105
TRZ03024,C=Nc1cccc(F)c1-c1nnc(C)c(C)n1,Cu2+,C=Nc1cccc(F)c1-c1nnc(C)c(C)n1.[Cu+2],0.56832075
TRZ03009,Cc1nnc(-c2nccc(C(F)(F)F)n2)nc1C,Cu2+,Cc1nnc(-c2nccc(C(F)(F)F)n2)nc1C.[Cu+2],0.5663395
TRZ00268,Cc1nnc([C@H](Cc2ccccc2)NC(=O)NCCc2ccccc2)nc1C,Cu2+,Cc1nnc([C@H](Cc2ccccc2)NC(=O)NCCc2ccccc2)nc1C.[Cu+2],0.56506777
TRZ00609,Cc1nnc(-c2cc3cc4ccccc4nc3s2)nc1C,Cu2+,Cc1nnc(-c2cc3cc4ccccc4nc3s2)nc1C.[Cu+2],0.5604763
TRZ02754,CCc1cccc2c3c([nH]c12)C(CC)(Cc1nnc(C)c(C)n1)OCC3,Cu2+,CCc1cccc2c3c([nH]c12)C(CC)(Cc1nnc(C)c(C)n1)OCC3.[Cu+2],0.5601654
TRZ03802,Cc1nnc(C2C=CC=CC2(OCc2ccccc2)C(F)(F)F)nc1C,Cu2+,Cc1nnc(C2C=CC=CC2(OCc2ccccc2)C(F)(F)F)nc1C.[Cu+2],0.5564289
TRZ00021,Cc1nnc(-c2sc3cccc(Cl)c3c2Cl)nc1C,Cu2+,Cc1nnc(-c2sc3cccc(Cl)c3c2Cl)nc1C.[Cu+2],0.5556531
TRZ05279,Cc1nnc(-c2cc(Cl)ccc2OC(F)(F)F)nc1C,Cu2+,Cc1nnc(-c2cc(Cl)ccc2OC(F)(F)F)nc1C.[Cu+2],0.5549588
TRZ04609,Cc1nnc(CCn2c(=O)oc3ccc(-c4ccc(OC(F)(F)F)cc4)nc32)nc1C,Cu2+,Cc1nnc(CCn2c(=O)oc3ccc(-c4ccc(OC(F)(F)F)cc4)nc32)nc1C.[Cu+2],0.55335665
TRZ00170,Cc1cccc(OCc2nnc(C)c(C)n2)c1,Cu2+,Cc1cccc(OCc2nnc(C)c(C)n2)c1.[Cu+2],0.5491042
TRZ00223,Cc1nnc(C(C)Oc2ccc(Cl)cc2Cl)nc1C,Cu2+,Cc1nnc(C(C)Oc2ccc(Cl)cc2Cl)nc1C.[Cu+2],0.5488334
TRZ05897,Cc1nnc(-c2nc(C(=O)Cc3ccccc3)c(C(F)(F)F)nc2N)nc1C,Cu2+,Cc1nnc(-c2nc(C(=O)Cc3ccccc3)c(C(F)(F)F)nc2N)nc1C.[Cu+2],0.5442529
TRZ01953,Cc1nnc(Cc2nc(C)n(C)n2)nc1C,Cu2+,Cc1nnc(Cc2nc(C)n(C)n2)nc1C.[Cu+2],0.54034853
TRZ03205,COc1cc(F)ccc1OC(C)(C)c1nnc(C)c(C)n1,Cu2+,COc1cc(F)ccc1OC(C)(C)c1nnc(C)c(C)n1.[Cu+2],0.53804064
TRZ00245,Cc1nnc(-c2cc3cc(OCc4ccccc4)ccc3n2C)nc1C,Cu2+,Cc1nnc(-c2cc3cc(OCc4ccccc4)ccc3n2C)nc1C.[Cu+2],0.53291416
TRZ00575,COc1cc(Nc2cc3c(cc2-c2nnc(C)c(C)n2)OCO3)cc(OC)c1OC,Cu2+,COc1cc(Nc2cc3c(cc2-c2nnc(C)c(C)n2)OCO3)cc(OC)c1OC.[Cu+2],0.5325599
TRZ04117,Cc1nnc(C(C)c2nc(C(C)(F)F)cs2)nc1C,Cu2+,Cc1nnc(C(C)c2nc(C(C)(F)F)cs2)nc1C.[Cu+2],0.5305357
TRZ05396,C=CC(OC(C)(C)C)C(OCc1ccccc1)(c1nnc(C)c(C)n1)C(F)(F)F,Cu2+,C=CC(OC(C)(C)C)C(OCc1ccccc1)(c1nnc(C)c(C)n1)C(F)(F)F.[Cu+2],0.53006124
TRZ03863,COc1cc(-c2ncn(/C=C\c3nnc(C)c(C)n3)n2)cc(C(F)(F)F)c1,Cu2+,COc1cc(-c2ncn(/C=C\c3nnc(C)c(C)n3)n2)cc(C(F)(F)F)c1.[Cu+2],0.52888966
TRZ05920,Cc1nnc(-c2cc(C(=O)c3c(Cl)ccc(F)c3Cl)cnc2N)nc1C,Cu2+,Cc1nnc(-c2cc(C(=O)c3c(Cl)ccc(F)c3Cl)cnc2N)nc1C.[Cu+2],0.52868986
TRZ03362,Cc1nnc(C(=O)Nc2cccc(C(F)(F)F)c2C)nc1C,Cu2+,Cc1nnc(C(=O)Nc2cccc(C(F)(F)F)c2C)nc1C.[Cu+2],0.5278969
TRZ02476,Cc1ccccc1C(=O)NC(CCc1nnc(C)c(C)n1)c1nnc(C)c(C)n1,Cu2+,Cc1ccccc1C(=O)NC(CCc1nnc(C)c(C)n1)c1nnc(C)c(C)n1.[Cu+2],0.52665854
TRZ04704,Cc1nnc(C(F)(F)c2cn3cc(C4CC4)ccc3n2)nc1C,Cu2+,Cc1nnc(C(F)(F)c2cn3cc(C4CC4)ccc3n2)nc1C.[Cu+2],0.5214648
TRZ01540,CCOC(=O)c1cn(Cc2nnc(C)c(C)n2)nc1C(F)(F)F,Cu2+,CCOC(=O)c1cn(Cc2nnc(C)c(C)n2)nc1C(F)(F)F.[Cu+2],0.5131526
TRZ01574,Cc1nnc(COc2ccc(C(=O)Nc3cccc(F)c3)c3ccccc23)nc1C,Cu2+,Cc1nnc(COc2ccc(C(=O)Nc3cccc(F)c3)c3ccccc23)nc1C.[Cu+2],0.51194763
TRZ02679,Cc1nnc(-c2cccc(O)c2-c2nnc(C)c(C)n2)nc1C,Cu2+,Cc1nnc(-c2cccc(O)c2-c2nnc(C)c(C)n2)nc1C.[Cu+2],0.5119219
TRZ02291,Cc1nnc(CSc2nnc(-c3ccccc3)n2C)nc1C,Cu2+,Cc1nnc(CSc2nnc(-c3ccccc3)n2C)nc1C.[Cu+2],0.51125336
TRZ04080,Cc1nnc(Cc2nc3c(F)cc(Br)cc3s2)nc1C,Cu2+,Cc1nnc(Cc2nc3c(F)cc(Br)cc3s2)nc1C.[Cu+2],0.5089717
TRZ03390,Cc1nnc(-c2nn(Cc3ccc(F)cc3Cl)c3cc(CF)ccc23)nc1C,Cu2+,Cc1nnc(-c2nn(Cc3ccc(F)cc3Cl)c3cc(CF)ccc23)nc1C.[Cu+2],0.50849533
TRZ03581,Cc1nnc(-c2cc(C)c3cc(C4CC4)cc(C(F)(F)F)c3n2)nc1C,Cu2+,Cc1nnc(-c2cc(C)c3cc(C4CC4)cc(C(F)(F)F)c3n2)nc1C.[Cu+2],0.50834703
TRZ00168,Cc1nnc(-c2csnn2)nc1C,Cu2+,Cc1nnc(-c2csnn2)nc1C.[Cu+2],0.506824
TRZ02672,Cc1nnc(Cn2nnnc2N)nc1C,Cu2+,Cc1nnc(Cn2nnnc2N)nc1C.[Cu+2],0.5062256
TRZ02527,CCOC(=O)c1cc(-c2ccc(C)cc2)n(CCc2nnc(C)c(C)n2)c1C,Cu2+,CCOC(=O)c1cc(-c2ccc(C)cc2)n(CCc2nnc(C)c(C)n2)c1C.[Cu+2],0.5051236
TRZ02795,Cc1nnc(CNc2ccc(F)cc2Cl)nc1C,Cu2+,Cc1nnc(CNc2ccc(F)cc2Cl)nc1C.[Cu+2],0.5012994
TRZ04853,Cc1nnc([C@H](N)Cc2c(F)c(F)c(F)c(F)c2F)nc1C,Cu2+,Cc1nnc([C@H](N)Cc2c(F)c(F)c(F)c(F)c2F)nc1C.[Cu+2],0.49924278
TRZ02647,Cc1nnc(CSc2ccc([N+](=O)[O-])cc2)nc1C,Cu2+,Cc1nnc(CSc2ccc([N+](=O)[O-])cc2)nc1C.[Cu+2],0.49878836
TRZ00213,COc1ccc(OCc2nnc(C)c(C)n2)cc1,Cu2+,COc1ccc(OCc2nnc(C)c(C)n2)cc1.[Cu+2],0.4978447
TRZ01366,Cc1cccc(OC(C)(C)c2nnc(C)c(C)n2)c1,Cu2+,Cc1cccc(OC(C)(C)c2nnc(C)c(C)n2)c1.[Cu+2],0.49642277
TRZ05343,Cc1nnc(-c2ccc(F)cc2NC(=O)Nc2cc(F)cc(Cl)c2)nc1C,Cu2+,Cc1nnc(-c2ccc(F)cc2NC(=O)Nc2cc(F)cc(Cl)c2)nc1C.[Cu+2],0.49500513
TRZ00287,Cc1nnc(-c2scc(S(=O)(=O)C(C)C)c2Cl)nc1C,Cu2+,Cc1nnc(-c2scc(S(=O)(=O)C(C)C)c2Cl)nc1C.[Cu+2],0.49231434
TRZ00087,Cc1nnc(COc2ccccc2)nc1C,Cu2+,Cc1nnc(COc2ccccc2)nc1C.[Cu+2],0.4885807
TRZ02413,Cc1nnc(-c2sccc2NC(=O)c2ccccc2Cl)nc1C,Cu2+,Cc1nnc(-c2sccc2NC(=O)c2ccccc2Cl)nc1C.[Cu+2],0.4868927
TRZ01668,CCOc1ccc(C2=NOC(c3nnc(C)c(C)n3)C2)cc1,Cu2+,CCOc1ccc(C2=NOC(c3nnc(C)c(C)n3)C2)cc1.[Cu+2],0.48603773
TRZ04949,Cc1cc(C(=O)N[C@H](C(=O)N[C@@H](Cc2ccc(F)cc2)c2nnc(C)c(C)n2)C(C)C)no1,Cu2+,Cc1cc(C(=O)N[C@H](C(=O)N[C@@H](Cc2ccc(F)cc2)c2nnc(C)c(C)n2)C(C)C)no1.[Cu+2],0.48565388
TRZ02433,COc1ccc(OC)c(CN2CCCC(c3nnc(C)c(C)n3)C2)c1,Cu2+,COc1ccc(OC)c(CN2CCCC(c3nnc(C)c(C)n3)C2)c1.[Cu+2],0.4853835
TRZ05881,Cc1nnc(-c2c(Cl)ncc(C(F)(F)F)c2C(=O)c2ccccc2F)nc1C,Cu2+,Cc1nnc(-c2c(Cl)ncc(C(F)(F)F)c2C(=O)c2ccccc2F)nc1C.[Cu+2],0.4840374
TRZ01979,Cc1nnc(COc2ccc(C(C)(C)C)cc2)nc1C,Cu2+,Cc1nnc(COc2ccc(C(C)(C)C)cc2)nc1C.[Cu+2],0.4836011
TRZ01149,Cc1nnc(CSc2ccccc2Cl)nc1C,Cu2+,Cc1nnc(CSc2ccccc2Cl)nc1C.[Cu+2],0.4803548
TRZ04649,Cc1nnc(C(=O)NCc2ccc(F)c(OC(F)(F)F)c2)nc1C,Cu2+,Cc1nnc(C(=O)NCc2ccc(F)c(OC(F)(F)F)c2)nc1C.[Cu+2],0.4801941
TRZ04057,Cc1nnc(-c2c(C=O)ccc(C(F)(F)F)c2[N+](=O)[O-])nc1C,Cu2+,Cc1nnc(-c2c(C=O)ccc(C(F)(F)F)c2[N+](=O)[O-])nc1C.[Cu+2],0.4792843
TRZ02899,Cc1nnc(-c2csc(-c3cnccc3C(F)(F)F)n2)nc1C,Cu2+,Cc1nnc(-c2csc(-c3cnccc3C(F)(F)F)n2)nc1C.[Cu+2],0.4771471
TRZ00092,Cc1nnc(COc2ccc(Cl)cc2Cl)nc1C,Cu2+,Cc1nnc(COc2ccc(Cl)cc2Cl)nc1C.[Cu+2],0.4697237
TRZ05872,Cc1nnc(-c2nc(C(F)(F)F)cnc2N)nc1C,Cu2+,Cc1nnc(-c2nc(C(F)(F)F)cnc2N)nc1C.[Cu+2],0.4689827
TRZ00329,Cc1nnc(-c2sccc2OCc2ccc(Cl)cc2)nc1C,Cu2+,Cc1nnc(-c2sccc2OCc2ccc(Cl)cc2)nc1C.[Cu+2],0.46608448
TRZ01951,Cc1nnc(C(C)Oc2ccc(Br)cc2)nc1C,Cu2+,Cc1nnc(C(C)Oc2ccc(Br)cc2)nc1C.[Cu+2],0.46584558
TRZ00408,Cc1nnc(COc2ccccc2F)nc1C,Cu2+,Cc1nnc(COc2ccccc2F)nc1C.[Cu+2],0.46482706
TRZ01918,CCOC(=O)c1cc(-c2ccc(OC)cc2)n(CCc2nnc(C)c(C)n2)c1C,Cu2+,CCOC(=O)c1cc(-c2ccc(OC)cc2)n(CCc2nnc(C)c(C)n2)c1C.[Cu+2],0.4566326
TRZ01551,Cc1nnc(-c2cc3ccc4ccccc4c3s2)nc1C,Cu2+,Cc1nnc(-c2cc3ccc4ccccc4c3s2)nc1C.[Cu+2],0.4561987
TRZ01909,Cc1nnc(-c2cc(C3CCCC3)c3ccccc3n2)nc1C,Cu2+,Cc1nnc(-c2cc(C3CCCC3)c3ccccc3n2)nc1C.[Cu+2],0.455256
TRZ02313,Cc1nnc(-c2c(-c3ccccc3)nc3n(C)c4ccccc4n23)nc1C,Cu2+,Cc1nnc(-c2c(-c3ccccc3)nc3n(C)c4ccccc4n23)nc1C.[Cu+2],0.45228052
TRZ02748,Cc1nnc(CSc2cccc([N+](=O)[O-])c2)nc1C,Cu2+,Cc1nnc(CSc2cccc([N+](=O)[O-])c2)nc1C.[Cu+2],0.44815826
TRZ00240,Cc1nnc(-c2nc(-c3ccc(C(C)(C)C)cc3)no2)nc1C,Cu2+,Cc1nnc(-c2nc(-c3ccc(C(C)(C)C)cc3)no2)nc1C.[Cu+2],0.44709778
TRZ03965,Cc1nnc(Cc2nc3c(F)cc(-c4ccccc4)cc3s2)nc1C,Cu2+,Cc1nnc(Cc2nc3c(F)cc(-c4ccccc4)cc3s2)nc1C.[Cu+2],0.446918
TRZ02307,C=CCc1ccccc1OCc1nnc(C)c(C)n1,Cu2+,C=CCc1ccccc1OCc1nnc(C)c(C)n1.[Cu+2],0.445292
TRZ01903,Cc1nnc(-c2cc(C3CCCCC3)c3ccccc3n2)nc1C,Cu2+,Cc1nnc(-c2cc(C3CCCCC3)c3ccccc3n2)nc1C.[Cu+2],0.44324064
TRZ05002,Cc1cc(F)ccc1OC(C)(C)c1nnc(C)c(C)n1,Cu2+,Cc1cc(F)ccc1OC(C)(C)c1nnc(C)c(C)n1.[Cu+2],0.4373474
TRZ05408,C=CCCN(C)c1nc(-c2nnc(C)c(C)n2)c([N+](=O)[O-])cc1C(F)(F)F,Cu2+,C=CCCN(C)c1nc(-c2nnc(C)c(C)n2)c([N+](=O)[O-])cc1C(F)(F)F.[Cu+2],0.43674803
TRZ00372,Cc1nnc(-c2c(Cl)c(C)nn2C)nc1C,Cu2+,Cc1nnc(-c2c(Cl)c(C)nn2C)nc1C.[Cu+2],0.4317479
TRZ04202,Cc1nnc(/C=C\n2cnc(-c3cc(CF)cc(C(F)(F)F)c3)n2)nc1C,Cu2+,Cc1nnc(/C=C\n2cnc(-c3cc(CF)cc(C(F)(F)F)c3)n2)nc1C.[Cu+2],0.4309001
TRZ04185,Cc1nnc(C(=O)NCc2cccc(CF)c2)nc1C,Cu2+,Cc1nnc(C(=O)NCc2cccc(CF)c2)nc1C.[Cu+2],0.43032312
TRZ02574,COc1cc2c(cc1OC)C(c1nnc(C)c(C)n1)C(C)=NN=C2C,Cu2+,COc1cc2c(cc1OC)C(c1nnc(C)c(C)n1)C(C)=NN=C2C.[Cu+2],0.43017006
TRZ04664,Cc1nnc(C(c2cc(Cl)ccn2)C2CC2(F)F)nc1C,Cu2+,Cc1nnc(C(c2cc(Cl)ccn2)C2CC2(F)F)nc1C.[Cu+2],0.42885637
TRZ05487,CCc1cc(C(F)(F)F)cnc1-c1nnc(C)c(C)n1,Cu2+,CCc1cc(C(F)(F)F)cnc1-c1nnc(C)c(C)n1.[Cu+2],0.42883348
TRZ05275,Cc1nnc(-c2ccc(Br)cc2OC(F)F)nc1C,Cu2+,Cc1nnc(-c2ccc(Br)cc2OC(F)F)nc1C.[Cu+2],0.42687082
TRZ02516,Cc1nnc(-c2cc(SCc3cccc(Cl)c3)ccn2)nc1C,Cu2+,Cc1nnc(-c2cc(SCc3cccc(Cl)c3)ccn2)nc1C.[Cu+2],0.42584085
TRZ05748,Cc1nnc(-c2ncc3c(F)cc(SCc4ccccc4)cn23)nc1C,Cu2+,Cc1nnc(-c2ncc3c(F)cc(SCc4ccccc4)cn23)nc1C.[Cu+2],0.42511797
TRZ03935,Cc1cc(F)ccc1OCc1nnc(C)c(C)n1,Cu2+,Cc1cc(F)ccc1OCc1nnc(C)c(C)n1.[Cu+2],0.41958523
TRZ05481,Cc1nnc(-c2ccc(OC(F)(F)F)cc2NC(N)=O)nc1C,Cu2+,Cc1nnc(-c2ccc(OC(F)(F)F)cc2NC(N)=O)nc1C.[Cu+2],0.4172926
TRZ04524,Cc1nnc(-c2ccc(CNC(=O)N3CCOC(c4ccc(F)c(Cl)c4)C3)cn2)nc1C,Cu2+,Cc1nnc(-c2ccc(CNC(=O)N3CCOC(c4ccc(F)c(Cl)c4)C3)cn2)nc1C.[Cu+2],0.4172578
TRZ02407,Cc1cc(NC(=O)c2nnc(C)c(C)n2)no1,Cu2+,Cc1cc(NC(=O)c2nnc(C)c(C)n2)no1.[Cu+2],0.41249752
TRZ03662,Cc1nnc(C2(C)CC(c3ccc(OC(F)F)c(OCc4ccccc4)c3)=NO2)nc1C,Cu2+,Cc1nnc(C2(C)CC(c3ccc(OC(F)F)c(OCc4ccccc4)c3)=NO2)nc1C.[Cu+2],0.4099717
TRZ02122,COc1cc2ccccc2cc1-c1nnc(C)c(C)n1,Cu2+,COc1cc2ccccc2cc1-c1nnc(C)c(C)n1.[Cu+2],0.40673304
TRZ03202,Cc1nnc(C(C)(C)Oc2cc(F)cc(F)c2)nc1C,Cu2+,Cc1nnc(C(C)(C)Oc2cc(F)cc(F)c2)nc1C.[Cu+2],0.40617418
TRZ04875,Cc1nnc(-c2cnn(C)c2C(F)(F)F)nc1C,Cu2+,Cc1nnc(-c2cnn(C)c2C(F)(F)F)nc1C.[Cu+2],0.40598965
TRZ04628,COc1c(-c2nnc(C)c(C)n2)ccc2n[nH]c(/C=C/c3cccc(F)c3)c12,Cu2+,COc1c(-c2nnc(C)c(C)n2)ccc2n[nH]c(/C=C/c3cccc(F)c3)c12.[Cu+2],0.40344143
TRZ02520,Cc1cccc(CSc2ccnc(-c3nnc(C)c(C)n3)c2)c1,Cu2+,Cc1cccc(CSc2ccnc(-c3nnc(C)c(C)n3)c2)c1.[Cu+2],0.40249062
TRZ05703,Cc1nc(OC(F)F)c(-c2nnc(C)c(C)n2)cc1Cl,Cu2+,Cc1nc(OC(F)F)c(-c2nnc(C)c(C)n2)cc1Cl.[Cu+2],0.40177107
TRZ05697,Cc1nnc(-c2cc(Cl)ccc2OC(F)F)nc1C,Cu2+,Cc1nnc(-c2cc(Cl)ccc2OC(F)F)nc1C.[Cu+2],0.40122318
TRZ05021,Cc1nnc(-c2ncc(C3=CC=C(OC(F)(F)F)CC3)o2)nc1C,Cu2+,Cc1nnc(-c2ncc(C3=CC=C(OC(F)(F)F)CC3)o2)nc1C.[Cu+2],0.40044641
TRZ01952,COc1ccccc1OC(C)c1nnc(C)c(C)n1,Cu2+,COc1ccccc1OC(C)c1nnc(C)c(C)n1.[Cu+2],0.3994465
TRZ00147,Cc1nnc(-c2sc(-c3ccc(Cl)cc3)nc2C)nc1C,Cu2+,Cc1nnc(-c2sc(-c3ccc(Cl)cc3)nc2C)nc1C.[Cu+2],0.39877033
TRZ05157,Cc1nnc(-c2ccc(-c3ccc(OC(F)(F)F)cc3)o2)nc1C,Cu2+,Cc1nnc(-c2ccc(-c3ccc(OC(F)(F)F)cc3)o2)nc1C.[Cu+2],0.3985343
TRZ05083,COc1ccc(OC(F)(F)F)cc1CNC(=O)c1nnc(C)c(C)n1,Cu2+,COc1ccc(OC(F)(F)F)cc1CNC(=O)c1nnc(C)c(C)n1.[Cu+2],0.3978691
TRZ04924,Cc1nnc(-c2ncc(CF)cc2Cl)nc1C,Cu2+,Cc1nnc(-c2ncc(CF)cc2Cl)nc1C.[Cu+2],0.39520168
TRZ04877,Cc1nnc(-c2cn(C)nc2C(F)F)nc1C,Cu2+,Cc1nnc(-c2cn(C)nc2C(F)F)nc1C.[Cu+2],0.38899088
TRZ02603,Cc1nnc(-c2csc(C34CC5CC(CC(C5)C3)C4)n2)nc1C,Cu2+,Cc1nnc(-c2csc(C34CC5CC(CC(C5)C3)C4)n2)nc1C.[Cu+2],0.38835287
TRZ00530,Cc1nnc(-c2n[nH]c3c2CC(C2CCCCC2)CC3)nc1C,Cu2+,Cc1nnc(-c2n[nH]c3c2CC(C2CCCCC2)CC3)nc1C.[Cu+2],0.38458967
TRZ03576,Cc1nnc(-c2nc3ccc(F)cn3c2C)nc1C,Cu2+,Cc1nnc(-c2nc3ccc(F)cn3c2C)nc1C.[Cu+2],0.38395596
TRZ00773,Cc1nnc(-c2cc3cc([N+](=O)[O-])ccc3s2)nc1C,Cu2+,Cc1nnc(-c2cc3cc([N+](=O)[O-])ccc3s2)nc1C.[Cu+2],0.38378525
TRZ05588,Cc1cc(-c2nnc(C)c(C)n2)nc(N2CCCC(F)C2)n1,Cu2+,Cc1cc(-c2nnc(C)c(C)n2)nc(N2CCCC(F)C2)n1.[Cu+2],0.38259554
TRZ00072,Cc1nnc(-c2nc3ccccc3s2)nc1C,Cu2+,Cc1nnc(-c2nc3ccccc3s2)nc1C.[Cu+2],0.37935877
TRZ04474,Cc1nnc(-c2c(C)ncn2CC(F)F)nc1C,Cu2+,Cc1nnc(-c2c(C)ncn2CC(F)F)nc1C.[Cu+2],0.37562847
TRZ02507,Cc1nnc(CO/N=C/c2ccc(Cl)cc2Cl)nc1C,Cu2+,Cc1nnc(CO/N=C/c2ccc(Cl)cc2Cl)nc1C.[Cu+2],0.37408543
TRZ00814,Cc1nnc(-c2cc(Br)c(Br)s2)nc1C,Cu2+,Cc1nnc(-c2cc(Br)c(Br)s2)nc1C.[Cu+2],0.3714733
TRZ00298,Cc1nnc(C2COc3cc4ccccc4cc3O2)nc1C,Cu2+,Cc1nnc(C2COc3cc4ccccc4cc3O2)nc1C.[Cu+2],0.3711462
TRZ02036,Cc1nnc(-c2sc3ccccc3c2N)nc1C,Cu2+,Cc1nnc(-c2sc3ccccc3c2N)nc1C.[Cu+2],0.36752272
TRZ04618,Cc1nnc(CCn2nnc3ccc(-c4ccc(OC(F)(F)F)cc4)cc32)nc1C,Cu2+,Cc1nnc(CCn2nnc3ccc(-c4ccc(OC(F)(F)F)cc4)cc32)nc1C.[Cu+2],0.36570406
TRZ02305,CCOc1ccc(-c2ncn(Cc3nnc(C)c(C)n3)c2[N+](=O)[O-])cc1,Cu2+,CCOc1ccc(-c2ncn(Cc3nnc(C)c(C)n3)c2[N+](=O)[O-])cc1.[Cu+2],0.3642125
TRZ05316,COc1cnc(Cc2nnc(C)c(C)n2)c(F)c1,Cu2+,COc1cnc(Cc2nnc(C)c(C)n2)c(F)c1.[Cu+2],0.3635378
TRZ01944,Cc1nnc(-c2sccc2N)nc1C,Cu2+,Cc1nnc(-c2sccc2N)nc1C.[Cu+2],0.36157608
TRZ00047,Cc1nnc(-c2ccccc2OCc2ccccc2)nc1C,Cu2+,Cc1nnc(-c2ccccc2OCc2ccccc2)nc1C.[Cu+2],0.35827303
TRZ05830,COCC=Cc1cc(C(F)(F)F)cnc1-c1nnc(C)c(C)n1,Cu2+,COCC=Cc1cc(C(F)(F)F)cnc1-c1nnc(C)c(C)n1.[Cu+2],0.357275
TRZ02100,Cc1ccc(CNC(=O)c2nnc(C)c(C)n2)cc1F,Cu2+,Cc1ccc(CNC(=O)c2nnc(C)c(C)n2)cc1F.[Cu+2],0.35707378
TRZ00831,Cc1cccc(OC(C)c2nnc(C)c(C)n2)c1C,Cu2+,Cc1cccc(OC(C)c2nnc(C)c(C)n2)c1C.[Cu+2],0.3544674
TRZ02637,Cc1nnc(Cn2nnnc2C)nc1C,Cu2+,Cc1nnc(Cn2nnnc2C)nc1C.[Cu+2],0.3530507
TRZ03070,Cc1nnc(-c2cc(C(F)(F)F)c3cc(F)ccc3n2)nc1C,Cu2+,Cc1nnc(-c2cc(C(F)(F)F)c3cc(F)ccc3n2)nc1C.[Cu+2],0.35237455
TRZ04098,Cc1nc(-c2nnc(C)c(C)n2)ccc1F,Cu2+,Cc1nc(-c2nnc(C)c(C)n2)ccc1F.[Cu+2],0.35229397
TRZ01537,Cc1nnc(CS(=O)Cc2cccc(C(F)(F)F)c2)nc1C,Cu2+,Cc1nnc(CS(=O)Cc2cccc(C(F)(F)F)c2)nc1C.[Cu+2],0.35146523
TRZ03203,Cc1nnc(C(C)(C)Oc2ccc(F)cc2Cl)nc1C,Cu2+,Cc1nnc(C(C)(C)Oc2ccc(F)cc2Cl)nc1C.[Cu+2],0.35143375
TRZ04910,Cc1nnc(-c2nn(CC(F)(F)F)c(=O)o2)nc1C,Cu2+,Cc1nnc(-c2nn(CC(F)(F)F)c(=O)o2)nc1C.[Cu+2],0.35074997
TRZ01563,Cc1nnc(Cn2nc(C(F)(F)F)c(Cl)c2C)nc1C,Cu2+,Cc1nnc(Cn2nc(C(F)(F)F)c(Cl)c2C)nc1C.[Cu+2],0.3476324
TRZ00739,Cc1nnc(-c2cncs2)nc1C,Cu2+,Cc1nnc(-c2cncs2)nc1C.[Cu+2],0.34351587
TRZ02188,Cc1nnc([C@H](C)Oc2ccccc2)nc1C,Cu2+,Cc1nnc([C@H](C)Oc2ccccc2)nc1C.[Cu+2],0.34151316
TRZ01485,Cc1nnc(-c2nc(Cl)cnc2N)nc1C,Cu2+,Cc1nnc(-c2nc(Cl)cnc2N)nc1C.[Cu+2],0.33990002
TRZ02960,CO[C@@](c1ccccc1)(c1nnc(C)c(C)n1)C(F)(F)F,Cu2+,CO[C@@](c1ccccc1)(c1nnc(C)c(C)n1)C(F)(F)F.[Cu+2],0.3388524
TRZ02636,Cc1nnc(CSCc2ccccc2)nc1C,Cu2+,Cc1nnc(CSCc2ccccc2)nc1C.[Cu+2],0.33847237
TRZ03257,COc1c(-c2nnc(C)c(C)n2)ccc(O)c1F,Cu2+,COc1c(-c2nnc(C)c(C)n2)ccc(O)c1F.[Cu+2],0.33534908
TRZ01188,Cc1nnc(CCOc2ccc(-c3nnc(C)c(C)n3)cc2)nc1C,Cu2+,Cc1nnc(CCOc2ccc(-c3nnc(C)c(C)n3)cc2)nc1C.[Cu+2],0.33131123
TRZ00849,Cc1nnc(-c2cc(-c3ccccc3)on2)nc1C,Cu2+,Cc1nnc(-c2cc(-c3ccccc3)on2)nc1C.[Cu+2],0.33073235
TRZ02521,Cc1ccc(CSc2ccnc(-c3nnc(C)c(C)n3)c2)cc1,Cu2+,Cc1ccc(CSc2ccnc(-c3nnc(C)c(C)n3)c2)cc1.[Cu+2],0.3297453
TRZ02243,Cc1nnc(C(Cc2c[nH]c3ccccc23)NC(=O)Cn2c(C(F)(F)F)nc3ccccc32)nc1C,Cu2+,Cc1nnc(C(Cc2c[nH]c3ccccc23)NC(=O)Cn2c(C(F)(F)F)nc3ccccc32)nc1C.[Cu+2],0.32688618
TRZ03098,Cc1nnc(C(=O)Nc2ccc(Br)cc2C(F)(F)F)nc1C,Cu2+,Cc1nnc(C(=O)Nc2ccc(Br)cc2C(F)(F)F)nc1C.[Cu+2],0.3254242
TRZ03542,Cc1nnc(-c2csc(N3CCC(F)(F)CC3)n2)nc1C,Cu2+,Cc1nnc(-c2csc(N3CCC(F)(F)CC3)n2)nc1C.[Cu+2],0.32537174
TRZ03862,Cc1nnc(C=Cn2cnc(-c3cc(OC(C)C)cc(C(F)(F)F)c3)n2)nc1C,Cu2+,Cc1nnc(C=Cn2cnc(-c3cc(OC(C)C)cc(C(F)(F)F)c3)n2)nc1C.[Cu+2],0.3249817
TRZ01471,Cc1ccoc1-c1nnc(C)c(C)n1,Cu2+,Cc1ccoc1-c1nnc(C)c(C)n1.[Cu+2],0.32416725
TRZ05508,CCOc1ccc(-c2cc(C(F)(F)F)cc(-c3nnc(C)c(C)n3)n2)cc1,Cu2+,CCOc1ccc(-c2cc(C(F)(F)F)cc(-c3nnc(C)c(C)n3)n2)cc1.[Cu+2],0.31172037
TRZ02898,Cc1nnc(-c2csc(-c3ccc(F)cc3F)n2)nc1C,Cu2+,Cc1nnc(-c2csc(-c3ccc(F)cc3F)n2)nc1C.[Cu+2],0.31059504
TRZ03903,Cc1ccc([N+](=O)[O-])c(NC(=O)c2nnc(C)c(C)n2)c1F,Cu2+,Cc1ccc([N+](=O)[O-])c(NC(=O)c2nnc(C)c(C)n2)c1F.[Cu+2],0.30797482
TRZ00120,Cc1cc(C)n(Cc2ccc(-c3nnc(C)c(C)n3)o2)n1,Cu2+,Cc1cc(C)n(Cc2ccc(-c3nnc(C)c(C)n3)o2)n1.[Cu+2],0.3026929
TRZ01437,Cc1ccc(C)c(OCc2nnc(C)c(C)n2)c1,Cu2+,Cc1ccc(C)c(OCc2nnc(C)c(C)n2)c1.[Cu+2],0.29718113
TRZ02143,Cc1nnc(-c2sc3cc([N+](=O)[O-])ccc3c2Cl)nc1C,Cu2+,Cc1nnc(-c2sc3cc([N+](=O)[O-])ccc3c2Cl)nc1C.[Cu+2],0.29655504
TRZ02742,Cc1nnc(CCN(CCc2nnc(C)c(C)n2)c2ccc(Cl)cc2)nc1C,Cu2+,Cc1nnc(CCN(CCc2nnc(C)c(C)n2)c2ccc(Cl)cc2)nc1C.[Cu+2],0.29495382
TRZ01829,Cc1nnc(-c2cccnc2-c2nnc(C)c(C)n2)nc1C,Cu2+,Cc1nnc(-c2cccnc2-c2nnc(C)c(C)n2)nc1C.[Cu+2],0.29406023
TRZ02914,Cc1nnc(-c2cc(C(F)(F)F)nn2C)nc1C,Cu2+,Cc1nnc(-c2cc(C(F)(F)F)nn2C)nc1C.[Cu+2],0.29132223
TRZ00214,Cc1ccc(OCc2nnc(C)c(C)n2)cc1,Cu2+,Cc1ccc(OCc2nnc(C)c(C)n2)cc1.[Cu+2],0.28842306
TRZ03316,CCc1ccc(Nc2c(-c3nnc(C)c(C)n3)ccc(F)c2F)c(F)c1,Cu2+,CCc1ccc(Nc2c(-c3nnc(C)c(C)n3)ccc(F)c2F)c(F)c1.[Cu+2],0.28599834
TRZ05369,Cc1nnc(-c2cc(C(F)(F)F)ccc2OC2CC2)nc1C,Cu2+,Cc1nnc(-c2cc(C(F)(F)F)ccc2OC2CC2)nc1C.[Cu+2],0.28493357
TRZ01620,Cc1nnc(-c2sc(NC(=O)Nc3ccccc3)nc2C)nc1C,Cu2+,Cc1nnc(-c2sc(NC(=O)Nc3ccccc3)nc2C)nc1C.[Cu+2],0.27757454
TRZ05794,C=CC[C@@H](C)Oc1nc(-c2nnc(C)c(C)n2)c([N+](=O)[O-])cc1C(F)(F)F,Cu2+,C=CC[C@@H](C)Oc1nc(-c2nnc(C)c(C)n2)c([N+](=O)[O-])cc1C(F)(F)F.[Cu+2],0.27444458
TRZ02655,Cc1nnc(CC(O)c2ccccc2)nc1C,Cu2+,Cc1nnc(CC(O)c2ccccc2)nc1C.[Cu+2],0.27392292
TRZ00438,Cc1csc(-c2nnc(C)c(C)n2)c1,Cu2+,Cc1csc(-c2nnc(C)c(C)n2)c1.[Cu+2],0.27350378
TRZ03163,Cc1nnc(-c2cc(-c3cccc(F)c3)no2)nc1C,Cu2+,Cc1nnc(-c2cc(-c3cccc(F)c3)no2)nc1C.[Cu+2],0.27263832
TRZ00590,Cc1nnc(-c2c(C)nc3sccn23)nc1C,Cu2+,Cc1nnc(-c2c(C)nc3sccn23)nc1C.[Cu+2],0.27246904
TRZ02207,Cc1nnc(-c2nnn(-c3cc(C(F)(F)F)nc4c(C(F)(F)F)cccc34)c2C)nc1C,Cu2+,Cc1nnc(-c2nnn(-c3cc(C(F)(F)F)nc4c(C(F)(F)F)cccc34)c2C)nc1C.[Cu+2],0.27227736
TRZ02652,COc1ccc2nc(-c3nnc(C)c(C)n3)sc2c1,Cu2+,COc1ccc2nc(-c3nnc(C)c(C)n3)sc2c1.[Cu+2],0.2718606
TRZ02103,Cc1nnc(C(=O)NCc2cc(F)cc(F)c2)nc1C,Cu2+,Cc1nnc(C(=O)NCc2cc(F)cc(F)c2)nc1C.[Cu+2],0.2703514
TRZ03153,Cc1nnc(-c2cnc(N3CC(Oc4ccccc4C(F)(F)F)C3)s2)nc1C,Cu2+,Cc1nnc(-c2cnc(N3CC(Oc4ccccc4C(F)(F)F)C3)s2)nc1C.[Cu+2],0.26931
TRZ01251,Cc1nnc(-c2ccc(COc3ccc(F)cc3)o2)nc1C,Cu2+,Cc1nnc(-c2ccc(COc3ccc(F)cc3)o2)nc1C.[Cu+2],0.26724482
TRZ01125,Cc1cc(C)nc(-c2nnc(C)c(C)n2)n1,Cu2+,Cc1cc(C)nc(-c2nnc(C)c(C)n2)n1.[Cu+2],0.26654816
TRZ02368,Cc1nnc(Cn2cc(Cl)c(=O)c(Cl)c2)nc1C,Cu2+,Cc1nnc(Cn2cc(Cl)c(=O)c(Cl)c2)nc1C.[Cu+2],0.26376534
TRZ01870,Cc1nnc(CSc2nc3cccnc3s2)nc1C,Cu2+,Cc1nnc(CSc2nc3cccnc3s2)nc1C.[Cu+2],0.2624035
TRZ02398,Cc1nnc(-c2cc(C(C)(C)C)on2)nc1C,Cu2+,Cc1nnc(-c2cc(C(C)(C)C)on2)nc1C.[Cu+2],0.26090813
TRZ00975,Cc1nnc(-c2sc(NC(=O)NC3CCCCC3)nc2C)nc1C,Cu2+,Cc1nnc(-c2sc(NC(=O)NC3CCCCC3)nc2C)nc1C.[Cu+2],0.25638342
TRZ00851,Cc1nnc(-c2ccc(-c3ccccc3)s2)nc1C,Cu2+,Cc1nnc(-c2ccc(-c3ccccc3)s2)nc1C.[Cu+2],0.2559228
TRZ03192,Cc1nnc(C(C)(C)Oc2ccc(F)cc2F)nc1C,Cu2+,Cc1nnc(C(C)(C)Oc2ccc(F)cc2F)nc1C.[Cu+2],0.2524829
TRZ02515,Cc1nnc(-c2cc(SCc3ccccc3)ccn2)nc1C,Cu2+,Cc1nnc(-c2cc(SCc3ccccc3)ccn2)nc1C.[Cu+2],0.24926662
TRZ05586,Cc1cc(-c2nnc(C)c(C)n2)nc(N2CCCC(C(F)(F)F)C2)n1,Cu2+,Cc1cc(-c2nnc(C)c(C)n2)nc(N2CCCC(C(F)(F)F)C2)n1.[Cu+2],0.24753904
TRZ05893,Cc1nnc(-c2c(C(F)(F)F)nn(-c3ccccc3)c2Cl)nc1C,Cu2+,Cc1nnc(-c2c(C(F)(F)F)nn(-c3ccccc3)c2Cl)nc1C.[Cu+2],0.245368
TRZ04205,Cc1nnc(-c2nc(C(=O)N3CCC(F)(F)CC3)cs2)nc1C,Cu2+,Cc1nnc(-c2nc(C(=O)N3CCC(F)(F)CC3)cs2)nc1C.[Cu+2],0.24181461
TRZ00264,Cc1cc(C(F)(F)F)n(-c2nc(-c3nnc(C)c(C)n3)cs2)n1,Cu2+,Cc1cc(C(F)(F)F)n(-c2nc(-c3nnc(C)c(C)n3)cs2)n1.[Cu+2],0.24122572
TRZ01016,CCOc1ccc(-c2cc(-c3ccccc3)nc(-c3nnc(C)c(C)n3)n2)cc1,Cu2+,CCOc1ccc(-c2cc(-c3ccccc3)nc(-c3nnc(C)c(C)n3)n2)cc1.[Cu+2],0.23923492
TRZ03870,Cc1nnc(/C=C\n2cnc(-c3cc(C#N)cc(C(F)(F)F)c3)n2)nc1C,Cu2+,Cc1nnc(/C=C\n2cnc(-c3cc(C#N)cc(C(F)(F)F)c3)n2)nc1C.[Cu+2],0.2362318
TRZ04189,Cc1nnc(C(=O)NCc2cc(CF)cc(C(F)(F)F)c2)nc1C,Cu2+,Cc1nnc(C(=O)NCc2cc(CF)cc(C(F)(F)F)c2)nc1C.[Cu+2],0.23577404
TRZ00215,Cc1ccccc1OCc1nnc(C)c(C)n1,Cu2+,Cc1ccccc1OCc1nnc(C)c(C)n1.[Cu+2],0.22489166
TRZ00295,Cc1nnc(-c2ccc(Cn3nc([N+](=O)[O-])c(Cl)c3C)o2)nc1C,Cu2+,Cc1nnc(-c2ccc(Cn3nc([N+](=O)[O-])c(Cl)c3C)o2)nc1C.[Cu+2],0.22265434
TRZ01128,Cc1nnc(-c2sc3ncccc3c2N)nc1C,Cu2+,Cc1nnc(-c2sc3ncccc3c2N)nc1C.[Cu+2],0.22261429
TRZ03204,Cc1nnc(C(C)(C)Oc2ccc(Cl)cc2F)nc1C,Cu2+,Cc1nnc(C(C)(C)Oc2ccc(Cl)cc2F)nc1C.[Cu+2],0.22037888
TRZ02948,Cc1nnc(-c2c(C(F)(F)F)cc(C(F)(F)F)nc2N)nc1C,Cu2+,Cc1nnc(-c2c(C(F)(F)F)cc(C(F)(F)F)nc2N)nc1C.[Cu+2],0.21962786
TRZ01279,COc1ccc(-c2nnc(C)c(C)n2)c(OC)c1,Cu2+,COc1ccc(-c2nnc(C)c(C)n2)c(OC)c1.[Cu+2],0.21096897
TRZ01404,Cc1nnc(COc2ccc(OCc3ccccc3)cc2)nc1C,Cu2+,Cc1nnc(COc2ccc(OCc3ccccc3)cc2)nc1C.[Cu+2],0.2086854
TRZ00458,Cc1cc(Cl)ccc1OCc1nnc(C)c(C)n1,Cu2+,Cc1cc(Cl)ccc1OCc1nnc(C)c(C)n1.[Cu+2],0.20700884
TRZ02667,CCc1nn(C)c(-c2nnc(C)c(C)n2)c1Cl,Cu2+,CCc1nn(C)c(-c2nnc(C)c(C)n2)c1Cl.[Cu+2],0.20588064
TRZ05349,Cc1nnc(-c2csc(Oc3ccc(N)c(F)c3)n2)nc1C,Cu2+,Cc1nnc(-c2csc(Oc3ccc(N)c(F)c3)n2)nc1C.[Cu+2],0.20581579
TRZ01306,Cc1nnc(Cc2scnc2C)nc1C,Cu2+,Cc1nnc(Cc2scnc2C)nc1C.[Cu+2],0.20542002
TRZ00121,Cc1nnc(-c2ccc(Cn3nc(C)c(Cl)c3C)o2)nc1C,Cu2+,Cc1nnc(-c2ccc(Cn3nc(C)c(Cl)c3C)o2)nc1C.[Cu+2],0.20473051
TRZ02867,Cc1nnc(-c2c(F)ncn2C)nc1C,Cu2+,Cc1nnc(-c2c(F)ncn2C)nc1C.[Cu+2],0.2011733
TRZ01651,Cc1nnc(CSc2nnc3sc4ccccc4n23)nc1C,Cu2+,Cc1nnc(CSc2nnc3sc4ccccc4n23)nc1C.[Cu+2],0.20113945
TRZ02718,Cc1ccc2oc(-c3nnc(C)c(C)n3)cc2c1,Cu2+,Cc1ccc2oc(-c3nnc(C)c(C)n3)cc2c1.[Cu+2],0.19828987
TRZ05332,Cc1nnc(-c2ccc(F)cc2NC(=O)Nc2cc(F)cc(F)c2)nc1C,Cu2+,Cc1nnc(-c2ccc(F)cc2NC(=O)Nc2cc(F)cc(F)c2)nc1C.[Cu+2],0.19708109
TRZ05562,Cc1nnc(-c2cc3c(F)cncc3s2)nc1C,Cu2+,Cc1nnc(-c2cc3c(F)cncc3s2)nc1C.[Cu+2],0.19506454
TRZ05760,CCOC(=O)c1cc(CC(F)(F)F)c2n1CCc1cc(OC)c(-c3nnc(C)c(C)n3)cc1-2,Cu2+,CCOC(=O)c1cc(CC(F)(F)F)c2n1CCc1cc(OC)c(-c3nnc(C)c(C)n3)cc1-2.[Cu+2],0.19359922
TRZ02000,Cc1nnc(-c2csc(COc3ccccc3Cl)n2)nc1C,Cu2+,Cc1nnc(-c2csc(COc3ccccc3Cl)n2)nc1C.[Cu+2],0.1897893
TRZ02005,Cc1nnc(C(=O)Nc2ccc(Cl)cc2Cl)nc1C,Cu2+,Cc1nnc(C(=O)Nc2ccc(Cl)cc2Cl)nc1C.[Cu+2],0.1896472
TRZ00597,Cc1cc(C)c2c(N)c(-c3nnc(C)c(C)n3)sc2n1,Cu2+,Cc1cc(C)c2c(N)c(-c3nnc(C)c(C)n3)sc2n1.[Cu+2],0.18427801
TRZ02280,Cc1nnc(COc2ccc(Br)cc2Br)nc1C,Cu2+,Cc1nnc(COc2ccc(Br)cc2Br)nc1C.[Cu+2],0.18420172
TRZ03973,Cc1nnc(-c2cc(-c3ccc(OC(F)(F)F)cc3)on2)nc1C,Cu2+,Cc1nnc(-c2cc(-c3ccc(OC(F)(F)F)cc3)on2)nc1C.[Cu+2],0.18413448
TRZ00407,COc1ccc2c(Cl)c(-c3nnc(C)c(C)n3)sc2c1,Cu2+,COc1ccc2c(Cl)c(-c3nnc(C)c(C)n3)sc2c1.[Cu+2],0.18292475
TRZ01047,COc1c(F)cc(Nc2cc3c(cc2-c2nnc(C)c(C)n2)OCO3)cc1F,Cu2+,COc1c(F)cc(Nc2cc3c(cc2-c2nnc(C)c(C)n2)OCO3)cc1F.[Cu+2],0.17851686
TRZ02895,Cc1nnc(C(=O)N[C@@H](C)c2ccccc2)nc1C,Cu2+,Cc1nnc(C(=O)N[C@@H](C)c2ccccc2)nc1C.[Cu+2],0.17848063
TRZ02372,Cc1cc(SCc2nnc(C)c(C)n2)c(C)cc1Cl,Cu2+,Cc1cc(SCc2nnc(C)c(C)n2)c(C)cc1Cl.[Cu+2],0.17167997
TRZ00627,Cc1nnc(-c2noc(C)c2-c2csc(COc3ccccc3)n2)nc1C,Cu2+,Cc1nnc(-c2noc(C)c2-c2csc(COc3ccccc3)n2)nc1C.[Cu+2],0.16959381
TRZ03545,Cc1nnc(-c2csc(-c3cccc(F)c3)n2)nc1C,Cu2+,Cc1nnc(-c2csc(-c3cccc(F)c3)n2)nc1C.[Cu+2],0.16861439
TRZ01097,Cc1nnc(C(C)Oc2ccc(C(C)(C)C)cc2)nc1C,Cu2+,Cc1nnc(C(C)Oc2ccc(C(C)(C)C)cc2)nc1C.[Cu+2],0.16547012
TRZ02523,COc1cccc(CSc2ccnc(-c3nnc(C)c(C)n3)c2)c1,Cu2+,COc1cccc(CSc2ccnc(-c3nnc(C)c(C)n3)c2)c1.[Cu+2],0.16457987
TRZ04045,C=C[C@H](c1nnc(C)c(C)n1)C(O)c1cc(C(F)(F)F)cc(C(F)(F)F)c1,Cu2+,C=C[C@H](c1nnc(C)c(C)n1)C(O)c1cc(C(F)(F)F)cc(C(F)(F)F)c1.[Cu+2],0.16303968
TRZ00262,Cc1nnc(-c2csc(-c3cccc(C(F)(F)F)c3)n2)nc1C,Cu2+,Cc1nnc(-c2csc(-c3cccc(C(F)(F)F)c3)n2)nc1C.[Cu+2],0.16183615
TRZ05851,Cc1nnc(C(=O)Nc2ccc(OCc3cccc(F)c3)cc2)nc1C,Cu2+,Cc1nnc(C(=O)Nc2ccc(OCc3cccc(F)c3)cc2)nc1C.[Cu+2],0.16021252
TRZ02593,CCOc1ccc(-n2nnc(-c3nnc(C)c(C)n3)c2C)cc1,Cu2+,CCOc1ccc(-n2nnc(-c3nnc(C)c(C)n3)c2C)cc1.[Cu+2],0.15744019
TRZ04670,Cc1nnc(-c2ncc(C(F)(F)F)cc2C2CC2)nc1C,Cu2+,Cc1nnc(-c2ncc(C(F)(F)F)cc2C2CC2)nc1C.[Cu+2],0.15646505
TRZ00208,Cc1nnc(-c2cc3ccccc3s2)nc1C,Cu2+,Cc1nnc(-c2cc3ccccc3s2)nc1C.[Cu+2],0.15330887
TRZ02074,Cc1nnc(C(C)Oc2ccc(F)cc2Cl)nc1C,Cu2+,Cc1nnc(C(C)Oc2ccc(F)cc2Cl)nc1C.[Cu+2],0.15281725
TRZ05596,Cc1cc(-c2nnc(C)c(C)n2)nc(N2CCC(F)(F)CC2)n1,Cu2+,Cc1cc(-c2nnc(C)c(C)n2)nc(N2CCC(F)(F)CC2)n1.[Cu+2],0.15118599
TRZ02743,Cc1nnc(-c2cc3cccnc3s2)nc1C,Cu2+,Cc1nnc(-c2cc3cccnc3s2)nc1C.[Cu+2],0.150599
TRZ01107,Cc1nnc(CNc2ccc(F)c(Cl)c2)nc1C,Cu2+,Cc1nnc(CNc2ccc(F)c(Cl)c2)nc1C.[Cu+2],0.15036106
TRZ01761,COc1ccccc1-c1cc(-c2ccccc2OC)nc(-c2nnc(C)c(C)n2)n1,Cu2+,COc1ccccc1-c1cc(-c2ccccc2OC)nc(-c2nnc(C)c(C)n2)n1.[Cu+2],0.14714909
TRZ00468,Cc1nnc(CSc2ccccc2F)nc1C,Cu2+,Cc1nnc(CSc2ccccc2F)nc1C.[Cu+2],0.14589643
TRZ00732,Cc1nnc(C(C)Oc2ccccc2)nc1C,Cu2+,Cc1nnc(C(C)Oc2ccccc2)nc1C.[Cu+2],0.14529991
TRZ02241,Cc1nnc(C(CC(C)C)NC(=O)Cn2c(C(F)(F)F)nc3ccccc32)nc1C,Cu2+,Cc1nnc(C(CC(C)C)NC(=O)Cn2c(C(F)(F)F)nc3ccccc32)nc1C.[Cu+2],0.14213037
TRZ01095,Cc1nnc(-c2sccc2-n2c(C)ccc2C)nc1C,Cu2+,Cc1nnc(-c2sccc2-n2c(C)ccc2C)nc1C.[Cu+2],0.14050579
TRZ02240,Cc1nnc(C(NC(=O)Cn2c(C(F)(F)F)nc3ccccc32)C(C)C)nc1C,Cu2+,Cc1nnc(C(NC(=O)Cn2c(C(F)(F)F)nc3ccccc32)C(C)C)nc1C.[Cu+2],0.13637495
TRZ02824,Cc1nnc(-c2cc3sccc3nc2C(F)(F)F)nc1C,Cu2+,Cc1nnc(-c2cc3sccc3nc2C(F)(F)F)nc1C.[Cu+2],0.13598156
TRZ04103,Cc1nnc(C2(C)C=C(c3ccc(OC(F)F)c(OCc4ccccc4)c3)NO2)nc1C,Cu2+,Cc1nnc(C2(C)C=C(c3ccc(OC(F)F)c(OCc4ccccc4)c3)NO2)nc1C.[Cu+2],0.13433313
TRZ02406,COc1ccccc1C1OC(=O)C[C@H]1c1nnc(C)c(C)n1,Cu2+,COc1ccccc1C1OC(=O)C[C@H]1c1nnc(C)c(C)n1.[Cu+2],0.13189793
TRZ03377,CCn1nc(C(F)(F)F)cc1C(=O)Nc1c(C)cc(Cl)cc1-c1nnc(C)c(C)n1,Cu2+,CCn1nc(C(F)(F)F)cc1C(=O)Nc1c(C)cc(Cl)cc1-c1nnc(C)c(C)n1.[Cu+2],0.13109922
TRZ01461,COc1ccc(-c2cc(-c3nnc(C)c(C)n3)no2)cc1,Cu2+,COc1ccc(-c2cc(-c3nnc(C)c(C)n3)no2)cc1.[Cu+2],0.13056612
TRZ00398,Cc1nnc(-c2sc(-c3ccccc3)cc2N)nc1C,Cu2+,Cc1nnc(-c2sc(-c3ccccc3)cc2N)nc1C.[Cu+2],0.12134266
TRZ01996,Cc1nnc(CCn2nnc(-c3cccc(Cl)c3Cl)n2)nc1C,Cu2+,Cc1nnc(CCn2nnc(-c3cccc(Cl)c3Cl)n2)nc1C.[Cu+2],0.12031698
TRZ05313,Cc1nnc(-c2nc(Br)cnc2F)nc1C,Cu2+,Cc1nnc(-c2nc(Br)cnc2F)nc1C.[Cu+2],0.11964989
TRZ03026,C=Nc1ccc(F)cc1-c1nnc(C)c(C)n1,Cu2+,C=Nc1ccc(F)cc1-c1nnc(C)c(C)n1.[Cu+2],0.116533756
TRZ05448,Cc1nnc(CN(Cc2ccc(C#N)nc2)C(=O)COc2cc(F)cc(F)c2Cl)nc1C,Cu2+,Cc1nnc(CN(Cc2ccc(C#N)nc2)C(=O)COc2cc(F)cc(F)c2Cl)nc1C.[Cu+2],0.11492348
TRZ02228,Cc1nnc(-c2nc3cc(C(F)(F)F)ccc3s2)nc1C,Cu2+,Cc1nnc(-c2nc3cc(C(F)(F)F)ccc3s2)nc1C.[Cu+2],0.11374283
TRZ01999,Cc1nnc(-c2nc(-c3cccs3)no2)nc1C,Cu2+,Cc1nnc(-c2nc(-c3cccs3)no2)nc1C.[Cu+2],0.11292124
TRZ03135,COc1cc(NC(=O)c2ccccc2F)ccc1-c1nnc(C)c(C)n1,Cu2+,COc1cc(NC(=O)c2ccccc2F)ccc1-c1nnc(C)c(C)n1.[Cu+2],0.10951662
TRZ04100,Cc1nnc(-c2cccc(C(F)(F)F)c2OCc2ccccc2)nc1C,Cu2+,Cc1nnc(-c2cccc(C(F)(F)F)c2OCc2ccccc2)nc1C.[Cu+2],0.1052742
TRZ04291,CCCCc1cc(C(F)(F)F)cnc1-c1nnc(C)c(C)n1,Cu2+,CCCCc1cc(C(F)(F)F)cnc1-c1nnc(C)c(C)n1.[Cu+2],0.10401964
TRZ00175,Cc1ccsc1-c1nnc(C)c(C)n1,Cu2+,Cc1ccsc1-c1nnc(C)c(C)n1.[Cu+2],0.1032877
TRZ00079,Cc1nnc(-c2cc(Br)cs2)nc1C,Cu2+,Cc1nnc(-c2cc(Br)cs2)nc1C.[Cu+2],0.101956844
TRZ01827,Cc1nnc(-c2cnns2)nc1C,Cu2+,Cc1nnc(-c2cnns2)nc1C.[Cu+2],0.09991884
TRZ00992,Cc1nnc(-c2cc(CC3CC4CCC3C4)c3ccccc3n2)nc1C,Cu2+,Cc1nnc(-c2cc(CC3CC4CCC3C4)c3ccccc3n2)nc1C.[Cu+2],0.09978819
TRZ05699,Cc1nnc(-c2cc(Cl)cc(Br)c2OC(F)F)nc1C,Cu2+,Cc1nnc(-c2cc(Cl)cc(Br)c2OC(F)F)nc1C.[Cu+2],0.09917259
TRZ02959,CO[C@](c1ccccc1)(c1nnc(C)c(C)n1)C(F)(F)F,Cu2+,CO[C@](c1ccccc1)(c1nnc(C)c(C)n1)C(F)(F)F.[Cu+2],0.09667921
TRZ03699,Cc1nnc(CCN(CCc2nnc(C)c(C)n2)c2ccc(F)cc2)nc1C,Cu2+,Cc1nnc(CCN(CCc2nnc(C)c(C)n2)c2ccc(F)cc2)nc1C.[Cu+2],0.09632921
TRZ05213,Cc1cccc(-c2nnc(C)c(C)n2)c1-n1nc(C(F)(F)F)cc1C(N)=O,Cu2+,Cc1cccc(-c2nnc(C)c(C)n2)c1-n1nc(C(F)(F)F)cc1C(N)=O.[Cu+2],0.094555855
TRZ02789,CCN(CC)Cc1cc(Br)ccc1OCc1nnc(C)c(C)n1,Cu2+,CCN(CC)Cc1cc(Br)ccc1OCc1nnc(C)c(C)n1.[Cu+2],0.09245348
TRZ03118,Cc1nnc(-c2ccc(F)cc2OC(F)(F)F)nc1C,Cu2+,Cc1nnc(-c2ccc(F)cc2OC(F)(F)F)nc1C.[Cu+2],0.0886302
TRZ03201,Cc1nnc(C(C)(C)Oc2c(F)cccc2F)nc1C,Cu2+,Cc1nnc(C(C)(C)Oc2c(F)cccc2F)nc1C.[Cu+2],0.08846331
TRZ02075,Cc1nnc(C(C)Oc2ccc(F)cc2F)nc1C,Cu2+,Cc1nnc(C(C)Oc2ccc(F)cc2F)nc1C.[Cu+2],0.08791685
TRZ02911,Cc1nnc(COc2ccc(F)cc2Cl)nc1C,Cu2+,Cc1nnc(COc2ccc(F)cc2Cl)nc1C.[Cu+2],0.07369089
TRZ05278,Cc1nnc(-c2cc(F)ccc2OC(F)(F)F)nc1C,Cu2+,Cc1nnc(-c2cc(F)ccc2OC(F)(F)F)nc1C.[Cu+2],0.07027197
TRZ03599,Cc1nnc(/C=C\n2cnc(-c3cc(OC(C)C)nc(C(F)(F)F)c3)n2)nc1C,Cu2+,Cc1nnc(/C=C\n2cnc(-c3cc(OC(C)C)nc(C(F)(F)F)c3)n2)nc1C.[Cu+2],0.0673933
TRZ05488,Cc1nnc(-c2nc(C(F)(F)F)sc2N(C)CCOCC=O)nc1C,Cu2+,Cc1nnc(-c2nc(C(F)(F)F)sc2N(C)CCOCC=O)nc1C.[Cu+2],0.06475639
TRZ05642,Cc1nnc(C23CN(Cc4ccccc4)CC2(C(F)(F)F)C3)nc1C,Cu2+,Cc1nnc(C23CN(Cc4ccccc4)CC2(C(F)(F)F)C3)nc1C.[Cu+2],0.064201355
TRZ03048,Cc1nnc(CCOc2ccccc2F)nc1C,Cu2+,Cc1nnc(CCOc2ccccc2F)nc1C.[Cu+2],0.06177807
TRZ04911,Cc1nnc(-c2nc(=O)n(-c3ccccc3F)o2)nc1C,Cu2+,Cc1nnc(-c2nc(=O)n(-c3ccccc3F)o2)nc1C.[Cu+2],0.0598588
TRZ02034,Cc1nnc(CSc2ccccc2)nc1C,Cu2+,Cc1nnc(CSc2ccccc2)nc1C.[Cu+2],0.0580945
TRZ04242,CCC(c1nnc(C)c(C)n1)C(O)c1cc(C(F)(F)F)cc(C(F)(F)F)c1,Cu2+,CCC(c1nnc(C)c(C)n1)C(O)c1cc(C(F)(F)F)cc(C(F)(F)F)c1.[Cu+2],0.05715084
TRZ05573,Cc1nnc(C2(n3cc(N=O)c(F)n3)CC2)nc1C,Cu2+,Cc1nnc(C2(n3cc(N=O)c(F)n3)CC2)nc1C.[Cu+2],0.049357414
TRZ00996,COC1CCC(c2cc(-c3nnc(C)c(C)n3)nc3ccccc23)CC1,Cu2+,COC1CCC(c2cc(-c3nnc(C)c(C)n3)nc3ccccc23)CC1.[Cu+2],0.04834938
TRZ02378,Cc1nnc(-c2ccc(C(C)(C)C)s2)nc1C,Cu2+,Cc1nnc(-c2ccc(C(C)(C)C)s2)nc1C.[Cu+2],0.04720974
TRZ01466,Cc1nnc(CCOc2ccccc2)nc1C,Cu2+,Cc1nnc(CCOc2ccccc2)nc1C.[Cu+2],0.04364872
TRZ00882,Cc1ccc(-c2nnc(C)c(C)n2)s1,Cu2+,Cc1ccc(-c2nnc(C)c(C)n2)s1.[Cu+2],0.043388367
TRZ02819,Cc1nnc(-c2sc(-c3ccc(C(F)(F)F)cn3)nc2C)nc1C,Cu2+,Cc1nnc(-c2sc(-c3ccc(C(F)(F)F)cn3)nc2C)nc1C.[Cu+2],0.042394638
TRZ02414,Cc1nnc(-c2ccsc2-n2c(C)ccc2C)nc1C,Cu2+,Cc1nnc(-c2ccsc2-n2c(C)ccc2C)nc1C.[Cu+2],0.04138899
TRZ00454,Cc1nnc(-c2ccc(Cl)s2)nc1C,Cu2+,Cc1nnc(-c2ccc(Cl)s2)nc1C.[Cu+2],0.04026556
TRZ02017,Cc1nnc(-c2cnc(-c3nnc(C)c(C)n3)cn2)nc1C,Cu2+,Cc1nnc(-c2cnc(-c3nnc(C)c(C)n3)cn2)nc1C.[Cu+2],0.038706303
TRZ00856,COc1ccccc1SCc1nnc(C)c(C)n1,Cu2+,COc1ccccc1SCc1nnc(C)c(C)n1.[Cu+2],0.032892704
TRZ01597,Cc1nnc(-c2cc(SCc3cccc(F)c3)ccn2)nc1C,Cu2+,Cc1nnc(-c2cc(SCc3cccc(F)c3)ccn2)nc1C.[Cu+2],0.032629967
TRZ05878,CCCOc1nccc(C(=O)c2c(F)cccc2F)c1-c1nnc(C)c(C)n1,Cu2+,CCCOc1nccc(C(=O)c2c(F)cccc2F)c1-c1nnc(C)c(C)n1.[Cu+2],0.031546116
TRZ01425,Cc1ccc2c(Cl)c(-c3nnc(C)c(C)n3)sc2c1,Cu2+,Cc1ccc2c(Cl)c(-c3nnc(C)c(C)n3)sc2c1.[Cu+2],0.030601501
TRZ03970,Cc1nnc(-c2nc(-c3ccc(OC(F)(F)F)cc3)cs2)nc1C,Cu2+,Cc1nnc(-c2nc(-c3ccc(OC(F)(F)F)cc3)cs2)nc1C.[Cu+2],0.025762558
TRZ04218,Cc1ccc(/C=C/[C@@H]2[C@@H]3[C@@H](C)OC(=O)[C@]3(c3nnc(C)c(C)n3)CC(F)(F)[C@H]2C)nc1,Cu2+,Cc1ccc(/C=C/[C@@H]2[C@@H]3[C@@H](C)OC(=O)[C@]3(c3nnc(C)c(C)n3)CC(F)(F)[C@H]2C)nc1.[Cu+2],0.023273468
TRZ03361,Cc1nnc(C(=O)Nc2cccc(C(F)(F)F)c2Cl)nc1C,Cu2+,Cc1nnc(C(=O)Nc2cccc(C(F)(F)F)c2Cl)nc1C.[Cu+2],0.021586418
TRZ02177,Cc1nnc(-c2ccc(CO)o2)nc1C,Cu2+,Cc1nnc(-c2ccc(CO)o2)nc1C.[Cu+2],0.019081593
TRZ05394,C=CCC[C@@H](C)Oc1nc(-c2nnc(C)c(C)n2)c([N+](=O)[O-])cc1C(F)(F)F,Cu2+,C=CCC[C@@H](C)Oc1nc(-c2nnc(C)c(C)n2)c([N+](=O)[O-])cc1C(F)(F)F.[Cu+2],0.0183959
TRZ01444,Cc1nc(-c2nnc(C)c(C)n2)cs1,Cu2+,Cc1nc(-c2nnc(C)c(C)n2)cs1.[Cu+2],0.017887115
TRZ05604,Cc1nnc(C2CCN(c3nnc(-c4cnc(NC5Cc6cc(F)c(F)cc6C5)nc4)o3)C2)nc1C,Cu2+,Cc1nnc(C2CCN(c3nnc(-c4cnc(NC5Cc6cc(F)c(F)cc6C5)nc4)o3)C2)nc1C.[Cu+2],0.015023708
TRZ01118,Cc1nnc(-c2nc(-c3ccc(OC(F)(F)F)cc3)no2)nc1C,Cu2+,Cc1nnc(-c2nc(-c3ccc(OC(F)(F)F)cc3)no2)nc1C.[Cu+2],0.013192177
TRZ00650,CO/N=C1\CCCc2c(-c3nnc(C)c(C)n3)sc(SC)c21,Cu2+,CO/N=C1\CCCc2c(-c3nnc(C)c(C)n3)sc(SC)c21.[Cu+2],0.01233387
TRZ04693,Cc1nnc(-c2nccnc2C(F)(F)F)nc1C,Cu2+,Cc1nnc(-c2nccnc2C(F)(F)F)nc1C.[Cu+2],0.009497166
TRZ02749,Cc1nnc(-c2nc(-c3ccccc3)cs2)nc1C,Cu2+,Cc1nnc(-c2nc(-c3ccccc3)cs2)nc1C.[Cu+2],0.009070873
TRZ00519,Cc1nnc(C(Cc2c[nH]c3ccccc23)NC(=O)c2ccc(OC(C)C)cc2)nc1C,Cu2+,Cc1nnc(C(Cc2c[nH]c3ccccc23)NC(=O)c2ccc(OC(C)C)cc2)nc1C.[Cu+2],-4.2915344e-05
TRZ00875,Cc1ccc(-c2nnc(C)c(C)n2)o1,Cu2+,Cc1ccc(-c2nnc(C)c(C)n2)o1.[Cu+2],-0.0044698715
TRZ01832,Cc1nnc(CCSSc2ccccn2)nc1C,Cu2+,Cc1nnc(CCSSc2ccccn2)nc1C.[Cu+2],-0.0046830177
TRZ02519,Cc1nnc(-c2cc(SCc3ccc(Br)cc3)ccn2)nc1C,Cu2+,Cc1nnc(-c2cc(SCc3ccc(Br)cc3)ccn2)nc1C.[Cu+2],-0.0049233437
TRZ01223,Cc1ccc(SCc2nnc(C)c(C)n2)cc1,Cu2+,Cc1ccc(SCc2nnc(C)c(C)n2)cc1.[Cu+2],-0.006018162
TRZ00662,Cc1nnc(-c2nn(-c3ccc(Cl)cc3)c(=O)c(C#N)c2C)nc1C,Cu2+,Cc1nnc(-c2nn(-c3ccc(Cl)cc3)c(=O)c(C#N)c2C)nc1C.[Cu+2],-0.007659912
TRZ01541,COc1cc2ncnc(SCc3nnc(C)c(C)n3)c2cc1OC,Cu2+,COc1cc2ncnc(SCc3nnc(C)c(C)n3)c2cc1OC.[Cu+2],-0.009325981
TRZ00385,Cc1nnc(-c2snnc2-c2ccccc2)nc1C,Cu2+,Cc1nnc(-c2snnc2-c2ccccc2)nc1C.[Cu+2],-0.012234688
TRZ01948,COC1(c2nnc(C)c(C)n2)COc2ccccc2O1,Cu2+,COC1(c2nnc(C)c(C)n2)COc2ccccc2O1.[Cu+2],-0.015135765
TRZ01677,COc1ccc(-n2nc(-c3nnc(C)c(C)n3)nc2-c2cc(OC)c(OC)c(OC)c2)cc1,Cu2+,COc1ccc(-n2nc(-c3nnc(C)c(C)n3)nc2-c2cc(OC)c(OC)c(OC)c2)cc1.[Cu+2],-0.02693367
TRZ04846,Cc1nnc(-c2cc(C(F)(F)F)sc2N2CCOCC2=O)nc1C,Cu2+,Cc1nnc(-c2cc(C(F)(F)F)sc2N2CCOCC2=O)nc1C.[Cu+2],-0.028203487
TRZ01291,CCN(CC)c1cc(C)nc(SCc2nnc(C)c(C)n2)n1,Cu2+,CCN(CC)c1cc(C)nc(SCc2nnc(C)c(C)n2)n1.[Cu+2],-0.028275967
TRZ02182,Cc1nnc(-c2ncoc2C(C)(C)C)nc1C,Cu2+,Cc1nnc(-c2ncoc2C(C)(C)C)nc1C.[Cu+2],-0.033707142
TRZ00487,Cc1nnc(-c2c(C)nn(C)c2C)nc1C,Cu2+,Cc1nnc(-c2c(C)nn(C)c2C)nc1C.[Cu+2],-0.035694122
TRZ03936,Cc1nnc(COc2ccc(Cl)c(F)c2)nc1C,Cu2+,Cc1nnc(COc2ccc(Cl)c(F)c2)nc1C.[Cu+2],-0.035931587
TRZ03981,Cc1nnc(-c2cn3c(ccc4c(C(F)(F)F)nc(C(F)(F)F)nc43)n2)nc1C,Cu2+,Cc1nnc(-c2cn3c(ccc4c(C(F)(F)F)nc(C(F)(F)F)nc43)n2)nc1C.[Cu+2],-0.036222935
TRZ05587,Cc1cc(-c2nnc(C)c(C)n2)nc(OCCC(F)(F)F)n1,Cu2+,Cc1cc(-c2nnc(C)c(C)n2)nc(OCCC(F)(F)F)n1.[Cu+2],-0.042084694
TRZ03143,COc1cc(NC(=O)c2ccc(F)cc2)ccc1-c1nnc(C)c(C)n1,Cu2+,COc1cc(NC(=O)c2ccc(F)cc2)ccc1-c1nnc(C)c(C)n1.[Cu+2],-0.043088436
TRZ00880,Cc1nnc(COc2ccccc2C#N)nc1C,Cu2+,Cc1nnc(COc2ccccc2C#N)nc1C.[Cu+2],-0.043860435
TRZ03777,Cc1nnc(-c2nccc(Cl)c2C(F)(F)F)nc1C,Cu2+,Cc1nnc(-c2nccc(Cl)c2C(F)(F)F)nc1C.[Cu+2],-0.04474449
TRZ03293,CCOC(=O)C1CCC(c2ccc(NC(=O)c3nnc(C)c(C)n3)c(F)c2)CC1,Cu2+,CCOC(=O)C1CCC(c2ccc(NC(=O)c3nnc(C)c(C)n3)c(F)c2)CC1.[Cu+2],-0.05933523
TRZ02411,Cc1nnc(-c2cc3c(C)nn(C)c3s2)nc1C,Cu2+,Cc1nnc(-c2cc3c(C)nn(C)c3s2)nc1C.[Cu+2],-0.06531763
TRZ01399,COc1ccc(/C(=N/N)c2nnc(C)c(C)n2)cc1OC,Cu2+,COc1ccc(/C(=N/N)c2nnc(C)c(C)n2)cc1OC.[Cu+2],-0.06550264
TRZ01218,Cc1nnc(-c2ccc(COc3cc(Cl)ccc3Cl)o2)nc1C,Cu2+,Cc1nnc(-c2ccc(COc3cc(Cl)ccc3Cl)o2)nc1C.[Cu+2],-0.067602634
TRZ05808,Cc1nnc(C2=Cc3ccc(F)cc3S2=C(CC(=O)F)C(F)F)nc1C,Cu2+,Cc1nnc(C2=Cc3ccc(F)cc3S2=C(CC(=O)F)C(F)F)nc1C.[Cu+2],-0.07333994
TRZ04219,Cc1nnc([C@@]23CC(F)(F)[C@@H](C)[C@H](/C=C/c4ccc(N)cn4)[C@@H]2[C@@H](C)OC3=O)nc1C,Cu2+,Cc1nnc([C@@]23CC(F)(F)[C@@H](C)[C@H](/C=C/c4ccc(N)cn4)[C@@H]2[C@@H](C)OC3=O)nc1C.[Cu+2],-0.07569218
TRZ02200,COc1cc(-c2nnc(C)c(C)n2)nc2ccc(F)cc12,Cu2+,COc1cc(-c2nnc(C)c(C)n2)nc2ccc(F)cc12.[Cu+2],-0.07580185
TRZ04669,Cc1nnc(-c2ccc(=O)n(SF)c2Cl)nc1C,Cu2+,Cc1nnc(-c2ccc(=O)n(SF)c2Cl)nc1C.[Cu+2],-0.07661009
TRZ00817,Cc1ccc(C(C)C)c(OCc2nnc(C)c(C)n2)c1,Cu2+,Cc1ccc(C(C)C)c(OCc2nnc(C)c(C)n2)c1.[Cu+2],-0.08027077
TRZ03046,Cc1nnc(C(=O)Nc2cccc(Cl)c2F)nc1C,Cu2+,Cc1nnc(C(=O)Nc2cccc(Cl)c2F)nc1C.[Cu+2],-0.082455635
TRZ03195,Cc1nnc(C(C)(C)Oc2ccc(F)c(F)c2)nc1C,Cu2+,Cc1nnc(C(C)(C)Oc2ccc(F)c(F)c2)nc1C.[Cu+2],-0.08292961
TRZ00474,COCc1cc(C)nc2sc(-c3nnc(C)c(C)n3)c(-n3cccc3)c12,Cu2+,COCc1cc(C)nc2sc(-c3nnc(C)c(C)n3)c(-n3cccc3)c12.[Cu+2],-0.08378506
TRZ02298,C=CCc1ccc(OCc2nnc(C)c(C)n2)c(OC)c1,Cu2+,C=CCc1ccc(OCc2nnc(C)c(C)n2)c(OC)c1.[Cu+2],-0.085187435
TRZ02644,Cc1nnc(-c2ncco2)nc1C,Cu2+,Cc1nnc(-c2ncco2)nc1C.[Cu+2],-0.0862813
TRZ04166,Cc1nnc(-c2nc(-c3ccc(OCF)cc3)no2)nc1C,Cu2+,Cc1nnc(-c2nc(-c3ccc(OCF)cc3)no2)nc1C.[Cu+2],-0.08957291
TRZ02958,COC(c1ccccc1)(c1nnc(C)c(C)n1)C(F)(F)F,Cu2+,COC(c1ccccc1)(c1nnc(C)c(C)n1)C(F)(F)F.[Cu+2],-0.090697765
TRZ02699,Cc1nnc(-c2nccs2)nc1C,Cu2+,Cc1nnc(-c2nccs2)nc1C.[Cu+2],-0.09205055
TRZ01022,COCc1ccc(-c2cc(-c3ccccc3)nc(-c3nnc(C)c(C)n3)n2)cc1,Cu2+,COCc1ccc(-c2cc(-c3ccccc3)nc(-c3nnc(C)c(C)n3)n2)cc1.[Cu+2],-0.09322882
TRZ00399,Cc1nnc(-c2sc(-c3cccs3)nc2C)nc1C,Cu2+,Cc1nnc(-c2sc(-c3cccs3)nc2C)nc1C.[Cu+2],-0.09400177
TRZ03101,Cc1nnc(-c2ncc(F)cc2F)nc1C,Cu2+,Cc1nnc(-c2ncc(F)cc2F)nc1C.[Cu+2],-0.09588146
TRZ03692,Cc1nnc(-c2nc3c(ncn3C)c(F)c2Nc2ccc(Br)cc2F)nc1C,Cu2+,Cc1nnc(-c2nc3c(ncn3C)c(F)c2Nc2ccc(Br)cc2F)nc1C.[Cu+2],-0.10139561
TRZ05395,C=CC[C@@](OCc1ccccc1)(c1nnc(C)c(C)n1)C(F)(F)F,Cu2+,C=CC[C@@](OCc1ccccc1)(c1nnc(C)c(C)n1)C(F)(F)F.[Cu+2],-0.103602886
TRZ00211,Cc1nnc(-c2nonc2N)nc1C,Cu2+,Cc1nnc(-c2nonc2N)nc1C.[Cu+2],-0.10601807
TRZ03922,Cc1nnc(-c2cc3cc(C(F)(F)F)ccc3s2)nc1C,Cu2+,Cc1nnc(-c2cc3cc(C(F)(F)F)ccc3s2)nc1C.[Cu+2],-0.10781002
TRZ05598,Cc1cc(-c2nnc(C)c(C)n2)nc(N2CCC(C(F)(F)F)C2)n1,Cu2+,Cc1cc(-c2nnc(C)c(C)n2)nc(N2CCC(C(F)(F)F)C2)n1.[Cu+2],-0.1079402
TRZ01439,Cc1nnc(COc2ccc(C#N)cc2)nc1C,Cu2+,Cc1nnc(COc2ccc(C#N)cc2)nc1C.[Cu+2],-0.110945225
TRZ02399,Cc1nnc(-c2noc(C)c2-c2csc(-c3ccccc3)n2)nc1C,Cu2+,Cc1nnc(-c2noc(C)c2-c2csc(-c3ccccc3)n2)nc1C.[Cu+2],-0.11119127
TRZ01599,Cc1nnc(-c2cc(SCc3cccc(C(F)(F)F)c3)ccn2)nc1C,Cu2+,Cc1nnc(-c2cc(SCc3cccc(C(F)(F)F)c3)ccn2)nc1C.[Cu+2],-0.12090826
TRZ00611,Cc1nnc([C@H](Cc2ccccc2)NC(=O)Nc2ccc3c(c2)OCCO3)nc1C,Cu2+,Cc1nnc([C@H](Cc2ccccc2)NC(=O)Nc2ccc3c(c2)OCCO3)nc1C.[Cu+2],-0.12098789
TRZ02518,Cc1nnc(-c2cc(SCc3cccc(Br)c3)ccn2)nc1C,Cu2+,Cc1nnc(-c2cc(SCc3cccc(Br)c3)ccn2)nc1C.[Cu+2],-0.12603188
TRZ03065,Cc1nnc(-c2ccc(-c3cccc(C(F)(F)F)c3)o2)nc1C,Cu2+,Cc1nnc(-c2ccc(-c3cccc(C(F)(F)F)c3)o2)nc1C.[Cu+2],-0.12786436
TRZ04290,CC/C=C/c1cc(C(F)(F)F)cnc1-c1nnc(C)c(C)n1,Cu2+,CC/C=C/c1cc(C(F)(F)F)cnc1-c1nnc(C)c(C)n1.[Cu+2],-0.13014555
TRZ01886,Cc1nnc(CSc2ccnc(C#N)c2)nc1C,Cu2+,Cc1nnc(CSc2ccnc(C#N)c2)nc1C.[Cu+2],-0.13299084
TRZ01502,Cc1nnc(COc2cccc(Br)c2)nc1C,Cu2+,Cc1nnc(COc2cccc(Br)c2)nc1C.[Cu+2],-0.13606071
TRZ05561,Cc1nnc(-c2cccc3c2OC(F)(F)O3)nc1C,Cu2+,Cc1nnc(-c2cccc3c2OC(F)(F)O3)nc1C.[Cu+2],-0.13609695
TRZ05777,Cc1nnc(-c2cc(C(F)F)on2)nc1C,Cu2+,Cc1nnc(-c2cc(C(F)F)on2)nc1C.[Cu+2],-0.14064598
TRZ00020,Cc1nnc(-c2sc3ccccc3c2Cl)nc1C,Cu2+,Cc1nnc(-c2sc3ccccc3c2Cl)nc1C.[Cu+2],-0.14093971
TRZ05810,Cc1nnc(C2=C(Cl)c3ccc(F)cc3S2=C(CC(=O)F)C(F)F)nc1C,Cu2+,Cc1nnc(C2=C(Cl)c3ccc(F)cc3S2=C(CC(=O)F)C(F)F)nc1C.[Cu+2],-0.14246988
TRZ01533,CCOC(=O)c1cc(-c2nc(-c3nnc(C)c(C)n3)cs2)c(C)nc1C(F)(F)F,Cu2+,CCOC(=O)c1cc(-c2nc(-c3nnc(C)c(C)n3)cs2)c(C)nc1C(F)(F)F.[Cu+2],-0.14263678
TRZ02887,Cc1nnc(CC(O)c2ccc(F)cc2)nc1C,Cu2+,Cc1nnc(CC(O)c2ccc(F)cc2)nc1C.[Cu+2],-0.1436162
TRZ05286,Cc1nnc(-c2nc(F)ccc2F)nc1C,Cu2+,Cc1nnc(-c2nc(F)ccc2F)nc1C.[Cu+2],-0.14619064
TRZ00148,Cc1nnc(-c2sc(-c3ccc(C(F)(F)F)cc3)nc2C)nc1C,Cu2+,Cc1nnc(-c2sc(-c3ccc(C(F)(F)F)cc3)nc2C)nc1C.[Cu+2],-0.14651632
TRZ00500,COc1ccc(CCN2C(=O)C3C4CC(C5C(c6nnc(C)c(C)n6)=NOC45)C3C2=O)cc1OC,Cu2+,COc1ccc(CCN2C(=O)C3C4CC(C5C(c6nnc(C)c(C)n6)=NOC45)C3C2=O)cc1OC.[Cu+2],-0.14950514
TRZ05037,COCC1C[C@H]1c1cc(C(F)(F)F)cnc1-c1nnc(C)c(C)n1,Cu2+,COCC1C[C@H]1c1cc(C(F)(F)F)cnc1-c1nnc(C)c(C)n1.[Cu+2],-0.15143585
TRZ03051,Cc1nnc(CSc2ccc(F)cc2F)nc1C,Cu2+,Cc1nnc(CSc2ccc(F)cc2F)nc1C.[Cu+2],-0.1607151
TRZ00375,Cc1ccc(OCc2ccc(-c3nnc(C)c(C)n3)o2)c([N+](=O)[O-])c1,Cu2+,Cc1ccc(OCc2ccc(-c3nnc(C)c(C)n3)o2)c([N+](=O)[O-])c1.[Cu+2],-0.16466856
TRZ05695,Cc1nnc(-c2c(OC(F)F)cnc3sccc23)nc1C,Cu2+,Cc1nnc(-c2c(OC(F)F)cnc3sccc23)nc1C.[Cu+2],-0.1681695
TRZ03588,Cc1nnc(-c2cc(C)c3cc(C4CC4)cc(CF)c3n2)nc1C,Cu2+,Cc1nnc(-c2cc(C)c3cc(C4CC4)cc(CF)c3n2)nc1C.[Cu+2],-0.1708579
TRZ00679,Cc1nnc(-c2sccc2OCc2ccc(F)cc2)nc1C,Cu2+,Cc1nnc(-c2sccc2OCc2ccc(F)cc2)nc1C.[Cu+2],-0.17147684
TRZ05707,CC(=O)N1N=C(c2nnc(C)c(C)n2)CC1(c1ccccc1)C(F)(F)F,Cu2+,CC(=O)N1N=C(c2nnc(C)c(C)n2)CC1(c1ccccc1)C(F)(F)F.[Cu+2],-0.17187881
TRZ00206,Cc1nnc(CSc2nc3ccccc3s2)nc1C,Cu2+,Cc1nnc(CSc2nc3ccccc3s2)nc1C.[Cu+2],-0.17197895
TRZ03627,COc1cc(-c2ccc(F)cc2)ccc1-c1nnc(C)c(C)n1,Cu2+,COc1cc(-c2ccc(F)cc2)ccc1-c1nnc(C)c(C)n1.[Cu+2],-0.17276764
TRZ02818,Cc1nnc(-c2nc(-c3c(F)cccc3Cl)no2)nc1C,Cu2+,Cc1nnc(-c2nc(-c3c(F)cccc3Cl)no2)nc1C.[Cu+2],-0.17487574
TRZ03696,COc1ccc(F)cc1-c1nnc(C)c(C)n1,Cu2+,COc1ccc(F)cc1-c1nnc(C)c(C)n1.[Cu+2],-0.17614555
TRZ05139,COc1ccc(C(F)(F)F)cc1-c1nnc(C)c(C)n1,Cu2+,COc1ccc(C(F)(F)F)cc1-c1nnc(C)c(C)n1.[Cu+2],-0.17662811
TRZ01998,Cc1nnc(-c2nc(-c3ccccc3)no2)nc1C,Cu2+,Cc1nnc(-c2nc(-c3ccccc3)no2)nc1C.[Cu+2],-0.1793065
TRZ03194,Cc1cc(F)c(OC(C)(C)c2nnc(C)c(C)n2)c(F)c1,Cu2+,Cc1cc(F)c(OC(C)(C)c2nnc(C)c(C)n2)c(F)c1.[Cu+2],-0.18042755
TRZ02881,Cc1nnc(-c2nc3cccc(C)n3c2F)nc1C,Cu2+,Cc1nnc(-c2nc3cccc(C)n3c2F)nc1C.[Cu+2],-0.18063498
TRZ05589,Cc1cc(-c2nnc(C)c(C)n2)nc(N2CCCC(F)(F)C2)n1,Cu2+,Cc1cc(-c2nnc(C)c(C)n2)nc(N2CCCC(F)(F)C2)n1.[Cu+2],-0.1828227
TRZ02876,Cc1nnc(COc2ccc(F)cc2F)nc1C,Cu2+,Cc1nnc(COc2ccc(F)cc2F)nc1C.[Cu+2],-0.18665123
TRZ02168,Cc1nnc(-c2ccc(-c3ccc(Br)cc3)s2)nc1C,Cu2+,Cc1nnc(-c2ccc(-c3ccc(Br)cc3)s2)nc1C.[Cu+2],-0.18818092
TRZ03357,Cc1nnc(C(C)c2nc(C(F)(F)F)cs2)nc1C,Cu2+,Cc1nnc(C(C)c2nc(C(F)(F)F)cs2)nc1C.[Cu+2],-0.19283676
TRZ04289,Cc1nnc(-c2nc(C(F)(F)F)sc2N2CCOCC2=O)nc1C,Cu2+,Cc1nnc(-c2nc(C(F)(F)F)sc2N2CCOCC2=O)nc1C.[Cu+2],-0.19945765
TRZ01146,Cc1ccccc1SCc1nnc(C)c(C)n1,Cu2+,Cc1ccccc1SCc1nnc(C)c(C)n1.[Cu+2],-0.20255613
TRZ03964,C=C[C@H](c1nnc(C)c(C)n1)[C@H](O)c1cc(C(F)(F)F)cc(C(F)(F)F)c1,Cu2+,C=C[C@H](c1nnc(C)c(C)n1)[C@H](O)c1cc(C(F)(F)F)cc(C(F)(F)F)c1.[Cu+2],-0.20268393
TRZ04169,COc1c(F)cccc1-c1nnc(C)c(C)n1,Cu2+,COc1c(F)cccc1-c1nnc(C)c(C)n1.[Cu+2],-0.20614243
TRZ05654,Cc1nnc(-c2cn3c(ccc4c(-c5ccn(C)n5)cc(C(F)(F)C(F)(F)F)nc43)n2)nc1C,Cu2+,Cc1nnc(-c2cn3c(ccc4c(-c5ccn(C)n5)cc(C(F)(F)C(F)(F)F)nc43)n2)nc1C.[Cu+2],-0.21186876
TRZ01575,Cc1nnc(C2Cc3cc(C(=O)c4cccs4)c(Cl)c(Cl)c3O2)nc1C,Cu2+,Cc1nnc(C2Cc3cc(C(=O)c4cccs4)c(Cl)c(Cl)c3O2)nc1C.[Cu+2],-0.21455717
TRZ01650,CC1=CCCC(C)(C)C1/C=C/c1cc(-c2nnc(C)c(C)n2)no1,Cu2+,CC1=CCCC(C)(C)C1/C=C/c1cc(-c2nnc(C)c(C)n2)no1.[Cu+2],-0.21548223
TRZ04125,Cc1nnc(COc2ccc(Cl)cc2F)nc1C,Cu2+,Cc1nnc(COc2ccc(Cl)cc2F)nc1C.[Cu+2],-0.21950912
TRZ02003,COc1cccc(OC)c1-c1nnc(C)c(C)n1,Cu2+,COc1cccc(OC)c1-c1nnc(C)c(C)n1.[Cu+2],-0.2222805
TRZ02585,Cc1nnc(-c2nn(-c3ccccc3)c(-c3ccco3)c2C#N)nc1C,Cu2+,Cc1nnc(-c2nn(-c3ccccc3)c(-c3ccco3)c2C#N)nc1C.[Cu+2],-0.22243357
TRZ01846,Cc1nnc(-c2cn(C)nc2C(F)(F)F)nc1C,Cu2+,Cc1nnc(-c2cn(C)nc2C(F)(F)F)nc1C.[Cu+2],-0.22342777
TRZ03971,Cc1nnc(-c2ncc(-c3ccc(OC(F)(F)F)cc3)o2)nc1C,Cu2+,Cc1nnc(-c2ncc(-c3ccc(OC(F)(F)F)cc3)o2)nc1C.[Cu+2],-0.22424984
TRZ05281,Cc1nnc(-c2ccccc2OC(F)(F)C(F)F)nc1C,Cu2+,Cc1nnc(-c2ccccc2OC(F)(F)C(F)F)nc1C.[Cu+2],-0.2275033
TRZ05696,Cc1nnc(-c2cc(Br)cnc2OC(F)F)nc1C,Cu2+,Cc1nnc(-c2cc(Br)cnc2OC(F)F)nc1C.[Cu+2],-0.22999382
TRZ05658,Cc1nnc(-c2cn3c(ccc4c(N(C)C)cc(C(F)(F)C(F)(F)F)nc43)n2)nc1C,Cu2+,Cc1nnc(-c2cn3c(ccc4c(N(C)C)cc(C(F)(F)C(F)(F)F)nc43)n2)nc1C.[Cu+2],-0.23336935
TRZ01706,Cc1nnc(-c2no[n+]([O-])c2C)nc1C,Cu2+,Cc1nnc(-c2no[n+]([O-])c2C)nc1C.[Cu+2],-0.23476696
TRZ05603,Cc1nnc(C2CN(c3nnc(-c4cnc(NC5Cc6cc(F)c(F)cc6C5)nc4)o3)C2)nc1C,Cu2+,Cc1nnc(C2CN(c3nnc(-c4cnc(NC5Cc6cc(F)c(F)cc6C5)nc4)o3)C2)nc1C.[Cu+2],-0.24421978
TRZ02077,Cc1nnc(-c2nsnc2N)nc1C,Cu2+,Cc1nnc(-c2nsnc2N)nc1C.[Cu+2],-0.24559402
TRZ02396,Cc1nc(-c2noc(-c3nnc(C)c(C)n3)n2)cs1,Cu2+,Cc1nc(-c2noc(-c3nnc(C)c(C)n3)n2)cs1.[Cu+2],-0.24766207
TRZ05569,Cc1nnc(C(CCCCC2OCCO2)(OCc2ccccc2)C(F)(F)F)nc1C,Cu2+,Cc1nnc(C(CCCCC2OCCO2)(OCc2ccccc2)C(F)(F)F)nc1C.[Cu+2],-0.25137806
TRZ00117,Cc1nnc(-c2ccc(COc3ccc([N+](=O)[O-])cc3)o2)nc1C,Cu2+,Cc1nnc(-c2ccc(COc3ccc([N+](=O)[O-])cc3)o2)nc1C.[Cu+2],-0.25241184
TRZ00376,Cc1nnc(-c2ccc(COc3ccc(Br)cc3)o2)nc1C,Cu2+,Cc1nnc(-c2ccc(COc3ccc(Br)cc3)o2)nc1C.[Cu+2],-0.25904083
TRZ02294,CCCc1nn2cc(Cc3nnc(C)c(C)n3)nc2s1,Cu2+,CCCc1nn2cc(Cc3nnc(C)c(C)n3)nc2s1.[Cu+2],-0.25990772
TRZ03546,Cc1nnc(-c2nc(-c3ccc(F)cc3F)no2)nc1C,Cu2+,Cc1nnc(-c2nc(-c3ccc(F)cc3F)no2)nc1C.[Cu+2],-0.2637167
TRZ05593,Cc1cc(-c2nnc(C)c(C)n2)nc(N2CCC(C(F)(F)F)CC2)n1,Cu2+,Cc1cc(-c2nnc(C)c(C)n2)nc(N2CCC(C(F)(F)F)CC2)n1.[Cu+2],-0.26568985
TRZ00887,Cc1nnc(-c2cc(-c3ccc(Br)cc3)on2)nc1C,Cu2+,Cc1nnc(-c2cc(-c3ccc(Br)cc3)on2)nc1C.[Cu+2],-0.2706728
TRZ02088,Cc1nnc(-c2nn(C)c(C(F)(F)F)c2Br)nc1C,Cu2+,Cc1nnc(-c2nn(C)c(C(F)(F)F)c2Br)nc1C.[Cu+2],-0.2722788
TRZ01885,CCn1c(SCc2nnc(C)c(C)n2)nnc1-c1ccco1,Cu2+,CCn1c(SCc2nnc(C)c(C)n2)nnc1-c1ccco1.[Cu+2],-0.27789688
TRZ00284,Cc1csc(-c2nnc(C)c(C)n2)c1N(C)C,Cu2+,Cc1csc(-c2nnc(C)c(C)n2)c1N(C)C.[Cu+2],-0.28304052
TRZ02400,Cc1nc(-c2c(-c3nnc(C)c(C)n3)noc2C)cs1,Cu2+,Cc1nc(-c2c(-c3nnc(C)c(C)n3)noc2C)cs1.[Cu+2],-0.28675508
TRZ02365,Cc1ccc(SCCc2nnc(C)c(C)n2)cc1,Cu2+,Cc1ccc(SCCc2nnc(C)c(C)n2)cc1.[Cu+2],-0.28918552
TRZ01380,CCCN/C(=C\c1c(C)c(C)cc(C)c1C)c1nnc(C)c(C)n1,Cu2+,CCCN/C(=C\c1c(C)c(C)cc(C)c1C)c1nnc(C)c(C)n1.[Cu+2],-0.29041004
TRZ03164,Cc1nnc(-c2cc(-c3cccc(F)c3)on2)nc1C,Cu2+,Cc1nnc(-c2cc(-c3cccc(F)c3)on2)nc1C.[Cu+2],-0.29887247
TRZ05640,Cc1nnc([C@]23CN(c4ccc(C#N)c5ncccc45)C[C@@]2(C(F)(F)F)C3)nc1C,Cu2+,Cc1nnc([C@]23CN(c4ccc(C#N)c5ncccc45)C[C@@]2(C(F)(F)F)C3)nc1C.[Cu+2],-0.30827808
TRZ03942,Cc1nnc(-c2nc3ccc(F)cc3s2)nc1C,Cu2+,Cc1nnc(-c2nc3ccc(F)cc3s2)nc1C.[Cu+2],-0.3090396
TRZ00162,Cc1cc(-c2nnc(C)c(C)n2)c(C)o1,Cu2+,Cc1cc(-c2nnc(C)c(C)n2)c(C)o1.[Cu+2],-0.31361628
TRZ02031,Cc1nnc(COc2c(Cl)cccc2Cl)nc1C,Cu2+,Cc1nnc(COc2c(Cl)cccc2Cl)nc1C.[Cu+2],-0.3170433
TRZ01727,COc1cc2c(cc1-c1nnc(C)c(C)n1)CCC1C(C)(C)c3nc(C)ncc3C[C@]21C,Cu2+,COc1cc2c(cc1-c1nnc(C)c(C)n1)CCC1C(C)(C)c3nc(C)ncc3C[C@]21C.[Cu+2],-0.31902122
TRZ02888,Cc1nnc(CC(O)c2cccc(F)c2)nc1C,Cu2+,Cc1nnc(CC(O)c2cccc(F)c2)nc1C.[Cu+2],-0.32320738
TRZ05813,Cc1nnc(-c2nc(F)ccc2C=O)nc1C,Cu2+,Cc1nnc(-c2nc(F)ccc2C=O)nc1C.[Cu+2],-0.33154535
TRZ00112,Cc1nnc(-c2ccc(COc3ccc4ccccc4c3)o2)nc1C,Cu2+,Cc1nnc(-c2ccc(COc3ccc4ccccc4c3)o2)nc1C.[Cu+2],-0.33384323
TRZ05397,C=CCC(OCc1ccccc1)(c1nnc(C)c(C)n1)C(F)(F)F,Cu2+,C=CCC(OCc1ccccc1)(c1nnc(C)c(C)n1)C(F)(F)F.[Cu+2],-0.33394194
TRZ05908,Cc1nnc(C(=O)Oc2cccc(F)c2F)nc1C,Cu2+,Cc1nnc(C(=O)Oc2cccc(F)c2F)nc1C.[Cu+2],-0.3350067
TRZ04121,Cc1nnc(-c2cc3c(N4CCCN(c5c(F)c(F)nc(F)c5F)CC4)ccnc3s2)nc1C,Cu2+,Cc1nnc(-c2cc3c(N4CCCN(c5c(F)c(F)nc(F)c5F)CC4)ccnc3s2)nc1C.[Cu+2],-0.3354764
TRZ05581,Cc1cc(-c2nnc(C)c(C)n2)nc(N2CCC(F)CC2)n1,Cu2+,Cc1cc(-c2nnc(C)c(C)n2)nc(N2CCC(F)CC2)n1.[Cu+2],-0.33700562
TRZ05499,CCOc1ccc(-c2nc(-c3nnc(C)c(C)n3)cnc2C(F)(F)F)cc1,Cu2+,CCOc1ccc(-c2nc(-c3nnc(C)c(C)n3)cnc2C(F)(F)F)cc1.[Cu+2],-0.33868027
TRZ02465,CCOc1ccc(OC(C)c2nnc(C)c(C)n2)cc1,Cu2+,CCOc1ccc(OC(C)c2nnc(C)c(C)n2)cc1.[Cu+2],-0.33930397
TRZ00676,Cc1nnc(-c2sc(-c3cnccc3C(F)(F)F)nc2C)nc1C,Cu2+,Cc1nnc(-c2sc(-c3cnccc3C(F)(F)F)nc2C)nc1C.[Cu+2],-0.3434782
TRZ03880,Cc1nnc(-c2cc(Br)ccc2OC(F)(F)F)nc1C,Cu2+,Cc1nnc(-c2cc(Br)ccc2OC(F)(F)F)nc1C.[Cu+2],-0.35142422
TRZ01852,Cc1nnc(-c2nc(-c3ccc(F)cc3)no2)nc1C,Cu2+,Cc1nnc(-c2nc(-c3ccc(F)cc3)no2)nc1C.[Cu+2],-0.35162258
TRZ03721,Cc1nnc(-c2nn(-c3ccc(F)cc3F)c3c2C2CCC3C2)nc1C,Cu2+,Cc1nnc(-c2nn(-c3ccc(F)cc3F)c3c2C2CCC3C2)nc1C.[Cu+2],-0.3555355
TRZ04927,COC[C@@H]1C[C@H]1c1cc(C(F)(F)F)cnc1-c1nnc(C)c(C)n1,Cu2+,COC[C@@H]1C[C@H]1c1cc(C(F)(F)F)cnc1-c1nnc(C)c(C)n1.[Cu+2],-0.35774755
TRZ00396,Cc1nnc(-c2sc(-c3ccccc3)nc2C)nc1C,Cu2+,Cc1nnc(-c2sc(-c3ccccc3)nc2C)nc1C.[Cu+2],-0.3655882
TRZ00499,Cc1nnc(-c2cc3sccc3s2)nc1C,Cu2+,Cc1nnc(-c2cc3sccc3s2)nc1C.[Cu+2],-0.3663845
TRZ02387,Cc1nnc(-c2nc(COc3ccccc3Cl)no2)nc1C,Cu2+,Cc1nnc(-c2nc(COc3ccccc3Cl)no2)nc1C.[Cu+2],-0.37899923
TRZ02777,Cc1nnc(-c2nnco2)nc1C,Cu2+,Cc1nnc(-c2nnco2)nc1C.[Cu+2],-0.38080597
TRZ04082,Cc1nnc(-c2ccnc(C(F)(F)F)n2)nc1C,Cu2+,Cc1nnc(-c2ccnc(C(F)(F)F)n2)nc1C.[Cu+2],-0.3809991
TRZ05407,C=CC[C@](OCc1ccccc1)(c1nnc(C)c(C)n1)C(F)(F)F,Cu2+,C=CC[C@](OCc1ccccc1)(c1nnc(C)c(C)n1)C(F)(F)F.[Cu+2],-0.38741112
TRZ00044,Cc1cc(C)nc(SCc2nnc(C)c(C)n2)n1,Cu2+,Cc1cc(C)nc(SCc2nnc(C)c(C)n2)n1.[Cu+2],-0.3934393
TRZ02370,Cc1nnc(-c2nn(-c3ccc(C(C)(C)C)cc3)c(=O)c(C#N)c2C)nc1C,Cu2+,Cc1nnc(-c2nn(-c3ccc(C(C)(C)C)cc3)c(=O)c(C#N)c2C)nc1C.[Cu+2],-0.4093914
TRZ04044,Cc1nnc(-c2csc(C(F)(F)F)n2)nc1C,Cu2+,Cc1nnc(-c2csc(C(F)(F)F)n2)nc1C.[Cu+2],-0.41112375
TRZ02379,Cc1nnc(-c2nc(-c3ccccc3)c(C)o2)nc1C,Cu2+,Cc1nnc(-c2nc(-c3ccccc3)c(C)o2)nc1C.[Cu+2],-0.41255856
TRZ02464,Cc1nnc(C(C)Oc2ccc(C#N)cc2)nc1C,Cu2+,Cc1nnc(C(C)Oc2ccc(C#N)cc2)nc1C.[Cu+2],-0.4238658
TRZ05776,Cc1nnc(-c2cc(C(F)(F)F)on2)nc1C,Cu2+,Cc1nnc(-c2cc(C(F)(F)F)on2)nc1C.[Cu+2],-0.42639303
TRZ00995,COC1CCCC(c2cc(-c3nnc(C)c(C)n3)nc3ccccc23)C1,Cu2+,COC1CCCC(c2cc(-c3nnc(C)c(C)n3)nc3ccccc23)C1.[Cu+2],-0.4281106
TRZ04286,COC/C=C/c1cc(C(F)(F)F)cnc1-c1nnc(C)c(C)n1,Cu2+,COC/C=C/c1cc(C(F)(F)F)cnc1-c1nnc(C)c(C)n1.[Cu+2],-0.4289832
TRZ02202,Cc1nnc(-c2ncoc2C(F)(F)F)nc1C,Cu2+,Cc1nnc(-c2ncoc2C(F)(F)F)nc1C.[Cu+2],-0.4314518
TRZ02415,COc1cc(-c2nnc(C)c(C)n2)c(-n2c(C)ccc2C)cc1OC,Cu2+,COc1cc(-c2nnc(C)c(C)n2)c(-n2c(C)ccc2C)cc1OC.[Cu+2],-0.43146753
TRZ05592,Cc1cc(-c2nnc(C)c(C)n2)nc(N2CCC(F)(F)C2)n1,Cu2+,Cc1cc(-c2nnc(C)c(C)n2)nc(N2CCC(F)(F)C2)n1.[Cu+2],-0.4322152
TRZ00259,Cc1nnc(-c2ccc(COc3ccc(C(C)(C)C)cc3)o2)nc1C,Cu2+,Cc1nnc(-c2ccc(COc3ccc(C(C)(C)C)cc3)o2)nc1C.[Cu+2],-0.4336152
TRZ05639,Cc1nnc([C@@]23CN(c4ccc(C#N)c5ncccc45)C[C@]2(C(F)(F)F)C3)nc1C,Cu2+,Cc1nnc([C@@]23CN(c4ccc(C#N)c5ncccc45)C[C@]2(C(F)(F)F)C3)nc1C.[Cu+2],-0.4345131
TRZ00271,Cc1nnc(-c2ccc(-n3c(C)ccc3C)s2)nc1C,Cu2+,Cc1nnc(-c2ccc(-n3c(C)ccc3C)s2)nc1C.[Cu+2],-0.4421854
TRZ05568,Cc1nnc(C(CCCC2OCCO2)(OCc2ccccc2)C(F)(F)F)nc1C,Cu2+,Cc1nnc(C(CCCC2OCCO2)(OCc2ccccc2)C(F)(F)F)nc1C.[Cu+2],-0.44691944
TRZ03087,Cc1nnc(-c2c(NC(N)=O)cccc2-c2ccccc2C(F)(F)F)nc1C,Cu2+,Cc1nnc(-c2c(NC(N)=O)cccc2-c2ccccc2C(F)(F)F)nc1C.[Cu+2],-0.44931412
TRZ05807,Cc1nnc(C2=Cc3ccc(F)cc3S2=C(C(F)F)C(F)C=O)nc1C,Cu2+,Cc1nnc(C2=Cc3ccc(F)cc3S2=C(C(F)F)C(F)C=O)nc1C.[Cu+2],-0.44938183
TRZ00488,Cc1nnc(-c2sccc2OCc2cccc(C(F)(F)F)c2)nc1C,Cu2+,Cc1nnc(-c2sccc2OCc2cccc(C(F)(F)F)c2)nc1C.[Cu+2],-0.45081472
TRZ05641,Cc1nnc([C@]23CN(Cc4ccccc4)C[C@@]2(C(F)(F)F)C3)nc1C,Cu2+,Cc1nnc([C@]23CN(Cc4ccccc4)C[C@@]2(C(F)(F)F)C3)nc1C.[Cu+2],-0.45137548
TRZ02542,C/C(=N\N)c1c(C)[nH]c(-c2nnc(C)c(C)n2)c1C,Cu2+,C/C(=N\N)c1c(C)[nH]c(-c2nnc(C)c(C)n2)c1C.[Cu+2],-0.45159864
TRZ04956,COc1nc(-c2nnc(C)c(C)n2)c(CC(C)(N)C(F)(F)F)cc1C(F)(F)F,Cu2+,COc1nc(-c2nnc(C)c(C)n2)c(CC(C)(N)C(F)(F)F)cc1C(F)(F)F.[Cu+2],-0.4537182
TRZ05876,Cc1nnc(-c2c(C(=O)c3c(F)cccc3F)ccnc2Cl)nc1C,Cu2+,Cc1nnc(-c2c(C(=O)c3c(F)cccc3F)ccnc2Cl)nc1C.[Cu+2],-0.45890236
TRZ01213,Cc1nnc(-c2nn(-c3ccccc3)c(=O)c(C#N)c2C)nc1C,Cu2+,Cc1nnc(-c2nn(-c3ccccc3)c(=O)c(C#N)c2C)nc1C.[Cu+2],-0.46205187
TRZ00055,Cc1nnc(-c2ccc([N+](=O)[O-])o2)nc1C,Cu2+,Cc1nnc(-c2ccc([N+](=O)[O-])o2)nc1C.[Cu+2],-0.4717164
TRZ05385,Cc1nnc(-c2nc3cnc(F)cc3s2)nc1C,Cu2+,Cc1nnc(-c2nc3cnc(F)cc3s2)nc1C.[Cu+2],-0.4730773
TRZ04095,COc1ccc(F)cc1-c1ccc(CC(CC(=O)O)NC(=O)c2nnc(C)c(C)n2)cc1,Cu2+,COc1ccc(F)cc1-c1ccc(CC(CC(=O)O)NC(=O)c2nnc(C)c(C)n2)cc1.[Cu+2],-0.47436857
TRZ03861,Cc1nnc(/C=C\n2cnc(-c3cc(OC(C)C)cc(C(F)(F)F)c3)n2)nc1C,Cu2+,Cc1nnc(/C=C\n2cnc(-c3cc(OC(C)C)cc(C(F)(F)F)c3)n2)nc1C.[Cu+2],-0.47873497
TRZ05391,C=CCCC(OCc1ccccc1)(c1nnc(C)c(C)n1)C(F)(F)F,Cu2+,C=CCCC(OCc1ccccc1)(c1nnc(C)c(C)n1)C(F)(F)F.[Cu+2],-0.4809289
TRZ05075,Cc1nnc(CC(O)c2cc(-c3ccc(Cl)cc3)ccc2F)nc1C,Cu2+,Cc1nnc(CC(O)c2cc(-c3ccc(Cl)cc3)ccc2F)nc1C.[Cu+2],-0.48266125
TRZ01100,Cc1nnc(-c2nc(C(C)C)cs2)nc1C,Cu2+,Cc1nnc(-c2nc(C(C)C)cs2)nc1C.[Cu+2],-0.4851694
TRZ02220,Cc1nnc(-c2cc3ccc(C(F)(F)F)nc3o2)nc1C,Cu2+,Cc1nnc(-c2cc3ccc(C(F)(F)F)nc3o2)nc1C.[Cu+2],-0.48689318
TRZ00251,Cc1ccc(-c2sc(-c3nnc(C)c(C)n3)c(C)c2C#N)cc1,Cu2+,Cc1ccc(-c2sc(-c3nnc(C)c(C)n3)c(C)c2C#N)cc1.[Cu+2],-0.4875002
TRZ03995,Cc1nnc(C2=C(Cl)c3ccc(F)cc3/S2=C(/CC=O)C(F)(F)F)nc1C,Cu2+,Cc1nnc(C2=C(Cl)c3ccc(F)cc3/S2=C(/CC=O)C(F)(F)F)nc1C.[Cu+2],-0.4947939
TRZ02029,Cc1nnc(-c2cc(Br)cc(Br)c2N)nc1C,Cu2+,Cc1nnc(-c2cc(Br)cc(Br)c2N)nc1C.[Cu+2],-0.49543762
TRZ00740,Cc1nnc(-c2cnc(N)s2)nc1C,Cu2+,Cc1nnc(-c2cnc(N)s2)nc1C.[Cu+2],-0.5076833
TRZ03695,COc1cc(F)ccc1-c1nnc(C)c(C)n1,Cu2+,COc1cc(F)ccc1-c1nnc(C)c(C)n1.[Cu+2],-0.508605
TRZ02391,Cc1nnc(-c2c(-c3snnc3C)n[nH]c2C)nc1C,Cu2+,Cc1nnc(-c2c(-c3snnc3C)n[nH]c2C)nc1C.[Cu+2],-0.5091691
TRZ02295,Cc1nnc(CSc2nc3ccccc3o2)nc1C,Cu2+,Cc1nnc(CSc2nc3ccccc3o2)nc1C.[Cu+2],-0.51044464
TRZ03196,Cc1nnc(C(C)(C)Oc2ccc(C#N)c(F)c2)nc1C,Cu2+,Cc1nnc(C(C)(C)Oc2ccc(C#N)c(F)c2)nc1C.[Cu+2],-0.51133585
TRZ03141,COc1cc(NC(=O)c2c(F)cccc2F)ccc1-c1nnc(C)c(C)n1,Cu2+,COc1cc(NC(=O)c2c(F)cccc2F)ccc1-c1nnc(C)c(C)n1.[Cu+2],-0.51211786
TRZ00115,Cc1nnc(-c2sc(-c3ccccc3)c(C#N)c2C)nc1C,Cu2+,Cc1nnc(-c2sc(-c3ccccc3)c(C#N)c2C)nc1C.[Cu+2],-0.51271677
TRZ03148,COc1cc(NC(=O)c2cccc(F)c2)ccc1-c1nnc(C)c(C)n1,Cu2+,COc1cc(NC(=O)c2cccc(F)c2)ccc1-c1nnc(C)c(C)n1.[Cu+2],-0.5134764
TRZ05509,CCOc1ccc(-c2cc(F)cc(-c3nnc(C)c(C)n3)n2)cc1,Cu2+,CCOc1ccc(-c2cc(F)cc(-c3nnc(C)c(C)n3)n2)cc1.[Cu+2],-0.52113247
TRZ02242,Cc1nnc(C(Cc2ccccc2)NC(=O)Cn2c(C(F)(F)F)nc3ccccc32)nc1C,Cu2+,Cc1nnc(C(Cc2ccccc2)NC(=O)Cn2c(C(F)(F)F)nc3ccccc32)nc1C.[Cu+2],-0.5213046
TRZ05884,Cc1nnc(-c2ccc(C(F)(F)F)nc2C(=O)c2c(F)cccc2F)nc1C,Cu2+,Cc1nnc(-c2ccc(C(F)(F)F)nc2C(=O)c2c(F)cccc2F)nc1C.[Cu+2],-0.5222297
TRZ05924,Cc1nnc(-c2occc2C(=O)c2ccc(F)c([N+](=O)[O-])c2)nc1C,Cu2+,Cc1nnc(-c2occc2C(=O)c2ccc(F)c([N+](=O)[O-])c2)nc1C.[Cu+2],-0.5239272
TRZ02083,Cc1nnc(-c2sc3cc(F)ccc3c2Cl)nc1C,Cu2+,Cc1nnc(-c2sc3cc(F)ccc3c2Cl)nc1C.[Cu+2],-0.5275736
TRZ02572,Cc1nnc(Cc2c([N+](=O)[O-])ncn2C)nc1C,Cu2+,Cc1nnc(Cc2c([N+](=O)[O-])ncn2C)nc1C.[Cu+2],-0.53196096
TRZ03324,Cc1nnc(C(=O)NCc2ccc(F)c(Cl)c2)nc1C,Cu2+,Cc1nnc(C(=O)NCc2ccc(F)c(Cl)c2)nc1C.[Cu+2],-0.53232574
TRZ05127,Cc1nnc(-c2ccc(F)c(Cl)n2)nc1C,Cu2+,Cc1nnc(-c2ccc(F)c(Cl)n2)nc1C.[Cu+2],-0.54199505
TRZ02807,C/C(=C(/C#N)c1nnc(C)c(C)n1)c1ccc(F)cc1,Cu2+,C/C(=C(/C#N)c1nnc(C)c(C)n1)c1ccc(F)cc1.[Cu+2],-0.5453038
TRZ03483,Cc1nnc(-c2csc(-c3ccc(C(C)(C)O)cc3F)n2)nc1C,Cu2+,Cc1nnc(-c2csc(-c3ccc(C(C)(C)O)cc3F)n2)nc1C.[Cu+2],-0.5492978
TRZ03189,Cc1nnc(C(C)(C)Oc2c(F)cc(Cl)cc2F)nc1C,Cu2+,Cc1nnc(C(C)(C)Oc2c(F)cc(Cl)cc2F)nc1C.[Cu+2],-0.55702496
TRZ02146,Cc1nnc(-c2cc3c(s2)CCC(C(C)(C)C)C3)nc1C,Cu2+,Cc1nnc(-c2cc3c(s2)CCC(C(C)(C)C)C3)nc1C.[Cu+2],-0.56368065
TRZ01446,CCc1ccc(-c2nnc(C)c(C)n2)s1,Cu2+,CCc1ccc(-c2nnc(C)c(C)n2)s1.[Cu+2],-0.5646086
TRZ02352,CCCCc1ccc(OCc2nnc(C)c(C)n2)cc1,Cu2+,CCCCc1ccc(OCc2nnc(C)c(C)n2)cc1.[Cu+2],-0.56780005
TRZ05809,Cc1nnc(C2=C(Cl)c3ccc(F)cc3S2=C(CC=O)C(F)(F)F)nc1C,Cu2+,Cc1nnc(C2=C(Cl)c3ccc(F)cc3S2=C(CC=O)C(F)(F)F)nc1C.[Cu+2],-0.5850043
TRZ01589,COc1ccc2c3c1O[C@H]1[C@@]4(OC)C=C[C@@]5(C[C@H]4c4nnc(C)c(C)n4)[C@@H](C2)N(C)CC[C@]315,Cu2+,COc1ccc2c3c1O[C@H]1[C@@]4(OC)C=C[C@@]5(C[C@H]4c4nnc(C)c(C)n4)[C@@H](C2)N(C)CC[C@]315.[Cu+2],-0.5867553
TRZ02436,CCC(Oc1cccc(Br)c1)c1nnc(C)c(C)n1,Cu2+,CCC(Oc1cccc(Br)c1)c1nnc(C)c(C)n1.[Cu+2],-0.5869622
TRZ03994,Cc1nnc(C2=Cc3ccc(F)cc3/S2=C(/CC=O)C(F)(F)F)nc1C,Cu2+,Cc1nnc(C2=Cc3ccc(F)cc3/S2=C(/CC=O)C(F)(F)F)nc1C.[Cu+2],-0.5879445
TRZ01483,Cc1nnc(CCOCc2ccccc2)nc1C,Cu2+,Cc1nnc(CCOCc2ccccc2)nc1C.[Cu+2],-0.58931875
TRZ00384,Cc1nnc(-c2nn(-c3ccc(F)cc3)c(=O)c(C#N)c2C)nc1C,Cu2+,Cc1nnc(-c2nn(-c3ccc(F)cc3)c(=O)c(C#N)c2C)nc1C.[Cu+2],-0.59685516
TRZ03190,Cc1nnc(C(C)(C)Oc2c(F)cc(F)cc2F)nc1C,Cu2+,Cc1nnc(C(C)(C)Oc2c(F)cc(F)cc2F)nc1C.[Cu+2],-0.59739304
TRZ00836,Cc1nnc(-c2ncoc2C)nc1C,Cu2+,Cc1nnc(-c2ncoc2C)nc1C.[Cu+2],-0.6007743
TRZ04293,CC[C@@H]1C[C@H]1c1cc(C(F)(F)F)cnc1-c1nnc(C)c(C)n1,Cu2+,CC[C@@H]1C[C@H]1c1cc(C(F)(F)F)cnc1-c1nnc(C)c(C)n1.[Cu+2],-0.60721445
TRZ01839,Cc1nnc(Cn2c(C(F)(F)F)nc3ccccc32)nc1C,Cu2+,Cc1nnc(Cn2c(C(F)(F)F)nc3ccccc32)nc1C.[Cu+2],-0.6082573
TRZ03835,Cc1nnc(C2(C)Oc3c(F)cc(F)cc3C2F)nc1C,Cu2+,Cc1nnc(C2(C)Oc3c(F)cc(F)cc3C2F)nc1C.[Cu+2],-0.6138797
TRZ03977,Cc1nnc(-c2nc(Br)c(C(F)(F)F)nc2N)nc1C,Cu2+,Cc1nnc(-c2nc(Br)c(C(F)(F)F)nc2N)nc1C.[Cu+2],-0.61700964
TRZ03980,CCOC(=O)C[C@@H](Cc1ccc(-c2cc(F)ccc2OC)cc1)NC(=O)c1nnc(C)c(C)n1,Cu2+,CCOC(=O)C[C@@H](Cc1ccc(-c2cc(F)ccc2OC)cc1)NC(=O)c1nnc(C)c(C)n1.[Cu+2],-0.6209488
TRZ00923,CSc1sc(-c2nnc(C)c(C)n2)c2c1C(O)CCC2,Cu2+,CSc1sc(-c2nnc(C)c(C)n2)c2c1C(O)CCC2.[Cu+2],-0.62343454
TRZ05540,Cc1nnc(-c2cc3cc(F)ccc3o2)nc1C,Cu2+,Cc1nnc(-c2cc3cc(F)ccc3o2)nc1C.[Cu+2],-0.62728214
TRZ05806,Cc1nnc(C2=Cc3ccc(F)cc3S2=C(CC=O)C(F)(F)F)nc1C,Cu2+,Cc1nnc(C2=Cc3ccc(F)cc3S2=C(CC=O)C(F)(F)F)nc1C.[Cu+2],-0.63765335
TRZ03909,CCn1nc(C(F)(F)F)c(C)c1C(=O)Nc1c(C)cc(Cl)cc1-c1nnc(C)c(C)n1,Cu2+,CCn1nc(C(F)(F)F)c(C)c1C(=O)Nc1c(C)cc(Cl)cc1-c1nnc(C)c(C)n1.[Cu+2],-0.6518049
TRZ00738,Cc1nnc(-c2nccnc2-c2nnc(C)c(C)n2)nc1C,Cu2+,Cc1nnc(-c2nccnc2-c2nnc(C)c(C)n2)nc1C.[Cu+2],-0.6521807
TRZ00424,Cc1nc(-c2nnc(C)c(C)n2)co1,Cu2+,Cc1nc(-c2nnc(C)c(C)n2)co1.[Cu+2],-0.65335226
TRZ02281,Cc1nnc(-c2nnc(N)o2)nc1C,Cu2+,Cc1nnc(-c2nnc(N)o2)nc1C.[Cu+2],-0.6570506
TRZ05906,Cc1nnc(C(=O)Oc2c(F)cccc2F)nc1C,Cu2+,Cc1nnc(C(=O)Oc2c(F)cccc2F)nc1C.[Cu+2],-0.65929985
TRZ02357,Cc1nnc(-c2c(C)c(C#N)c3ccccn23)nc1C,Cu2+,Cc1nnc(-c2c(C)c(C#N)c3ccccn23)nc1C.[Cu+2],-0.66050005
TRZ02522,Cc1nnc(-c2cc(SCc3cccc(C#N)c3)ccn2)nc1C,Cu2+,Cc1nnc(-c2cc(SCc3cccc(C#N)c3)ccn2)nc1C.[Cu+2],-0.6616392
TRZ02731,Cc1nn2c(C)c(-c3nnc(C)c(C)n3)nc2s1,Cu2+,Cc1nn2c(C)c(-c3nnc(C)c(C)n3)nc2s1.[Cu+2],-0.68072414
TRZ05538,Cc1nnc(-c2c(F)cnn2C)nc1C,Cu2+,Cc1nnc(-c2c(F)cnn2C)nc1C.[Cu+2],-0.6827922
TRZ02105,CO/N=C(/c1nnc(C)c(C)n1)c1ccccc1COc1cc(C)ccc1C,Cu2+,CO/N=C(/c1nnc(C)c(C)n1)c1ccccc1COc1cc(C)ccc1C.[Cu+2],-0.69071054
TRZ01672,COc1ccc(C(=O)Nc2nc(C)c(-c3nnc(C)c(C)n3)s2)cc1,Cu2+,COc1ccc(C(=O)Nc2nc(C)c(-c3nnc(C)c(C)n3)s2)cc1.[Cu+2],-0.6940217
TRZ03603,C=C(F)c1c(-c2nnc(C)c(C)n2)c(C)c2n1[C@@H](C)CN(C(C)C)C2=O,Cu2+,C=C(F)c1c(-c2nnc(C)c(C)n2)c(C)c2n1[C@@H](C)CN(C(C)C)C2=O.[Cu+2],-0.69490576
TRZ03481,COC(c1ccc(Br)cn1)C(F)(F)c1nnc(C)c(C)n1,Cu2+,COC(c1ccc(Br)cn1)C(F)(F)c1nnc(C)c(C)n1.[Cu+2],-0.6962242
TRZ00172,Cc1cc(-c2nnc(C)c(C)n2)no1,Cu2+,Cc1cc(-c2nnc(C)c(C)n2)no1.[Cu+2],-0.7079439
TRZ00432,Cc1nnc(-c2ccc(COc3ccccc3)o2)nc1C,Cu2+,Cc1nnc(-c2ccc(COc3ccccc3)o2)nc1C.[Cu+2],-0.7088766
TRZ05698,Cc1nnc(-c2c(F)ccc3c2OCCO3)nc1C,Cu2+,Cc1nnc(-c2c(F)ccc3c2OCCO3)nc1C.[Cu+2],-0.7128911
TRZ00823,Cc1nnc(-c2ccoc2C)nc1C,Cu2+,Cc1nnc(-c2ccoc2C)nc1C.[Cu+2],-0.7255182
TRZ01424,CCc1ccc2c(Cl)c(-c3nnc(C)c(C)n3)sc2c1,Cu2+,CCc1ccc2c(Cl)c(-c3nnc(C)c(C)n3)sc2c1.[Cu+2],-0.72575045
TRZ00677,Cc1ccc(COc2ccsc2-c2nnc(C)c(C)n2)cc1,Cu2+,Cc1ccc(COc2ccsc2-c2nnc(C)c(C)n2)cc1.[Cu+2],-0.7277994
TRZ01375,Cc1cc(C)c(/C=C(\c2nnc(C)c(C)n2)N(C)C)c(C)c1,Cu2+,Cc1cc(C)c(/C=C(\c2nnc(C)c(C)n2)N(C)C)c(C)c1.[Cu+2],-0.74756813
TRZ00905,CCOc1ccc(CC(c2nnc(C)c(C)n2)c2nnc(C)c(C)n2)cc1CN(C)C,Cu2+,CCOc1ccc(CC(c2nnc(C)c(C)n2)c2nnc(C)c(C)n2)cc1CN(C)C.[Cu+2],-0.75080824
TRZ02875,Cc1nnc(-c2ccn(COc3c(F)c(F)cc(F)c3F)n2)nc1C,Cu2+,Cc1nnc(-c2ccn(COc3c(F)c(F)cc(F)c3F)n2)nc1C.[Cu+2],-0.757823
TRZ00111,Cc1cc(C)cc(OCc2ccc(-c3nnc(C)c(C)n3)o2)c1,Cu2+,Cc1cc(C)cc(OCc2ccc(-c3nnc(C)c(C)n3)o2)c1.[Cu+2],-0.7618756
TRZ03955,C#Cc1ccc(Nc2c(-c3nnc(C)c(C)n3)ccc(F)c2F)c(F)c1,Cu2+,C#Cc1ccc(Nc2c(-c3nnc(C)c(C)n3)ccc(F)c2F)c(F)c1.[Cu+2],-0.7640877
TRZ02594,Cc1nnc(-c2sc3nc4ccccc4n3c2C)nc1C,Cu2+,Cc1nnc(-c2sc3nc4ccccc4n3c2C)nc1C.[Cu+2],-0.76762104
TRZ02099,Cc1nnc(C(=O)NCc2cc(F)c(F)c(F)c2)nc1C,Cu2+,Cc1nnc(C(=O)NCc2cc(F)c(F)c(F)c2)nc1C.[Cu+2],-0.76767063
TRZ00155,Cc1nnc(-c2ccc(COc3ccc4c(c3)CCC4)o2)nc1C,Cu2+,Cc1nnc(-c2ccc(COc3ccc4c(c3)CCC4)o2)nc1C.[Cu+2],-0.7681823
TRZ02412,COc1c(Br)csc1-c1nnc(C)c(C)n1,Cu2+,COc1c(Br)csc1-c1nnc(C)c(C)n1.[Cu+2],-0.7705512
TRZ05264,Cc1nnc(-c2nnsc2C(F)(F)F)nc1C,Cu2+,Cc1nnc(-c2nnsc2C(F)(F)F)nc1C.[Cu+2],-0.77695227
TRZ03669,Cc1nnc(-c2cc(F)c(F)nc2F)nc1C,Cu2+,Cc1nnc(-c2cc(F)c(F)nc2F)nc1C.[Cu+2],-0.78161526
TRZ04259,CCOC(=O)CC(Cc1ccc(-c2cc(F)ccc2OC)cc1)NC(=O)c1nnc(C)c(C)n1,Cu2+,CCOC(=O)CC(Cc1ccc(-c2cc(F)ccc2OC)cc1)NC(=O)c1nnc(C)c(C)n1.[Cu+2],-0.78249264
TRZ05558,Cc1nnc(-c2nc3cc(C#N)c(F)cc3s2)nc1C,Cu2+,Cc1nnc(-c2nc3cc(C#N)c(F)cc3s2)nc1C.[Cu+2],-0.7840352
TRZ00127,CCOc1ccc(OCc2ccc(-c3nnc(C)c(C)n3)o2)cc1,Cu2+,CCOc1ccc(OCc2ccc(-c3nnc(C)c(C)n3)o2)cc1.[Cu+2],-0.78699064
TRZ04462,CCSc1cc2c(cc1-c1nnc(C)c(C)n1)nc(C(F)(F)F)n2C,Cu2+,CCSc1cc2c(cc1-c1nnc(C)c(C)n1)nc(C(F)(F)F)n2C.[Cu+2],-0.78943014
TRZ05693,Cc1nnc(-c2cc(Cl)cc(F)c2OC(F)F)nc1C,Cu2+,Cc1nnc(-c2cc(Cl)cc(F)c2OC(F)F)nc1C.[Cu+2],-0.7979746
TRZ02390,Cc1nnc(-c2sc(COc3ccc(C(C)(C)C)cc3)nc2C)nc1C,Cu2+,Cc1nnc(-c2sc(COc3ccc(C(C)(C)C)cc3)nc2C)nc1C.[Cu+2],-0.8047466
TRZ03932,Cc1nnc(C(C)Oc2ccc(C#N)c(F)c2)nc1C,Cu2+,Cc1nnc(C(C)Oc2ccc(C#N)c(F)c2)nc1C.[Cu+2],-0.818501
TRZ00838,Cc1nnc(-c2scnc2C)nc1C,Cu2+,Cc1nnc(-c2scnc2C)nc1C.[Cu+2],-0.82494783
TRZ03894,Cc1nnc(-c2cc(F)c(F)cc2NC2CCCC2)nc1C,Cu2+,Cc1nnc(-c2cc(F)c(F)cc2NC2CCCC2)nc1C.[Cu+2],-0.8250499
TRZ00579,COc1cc(Nc2cc3c(cc2-c2nnc(C)c(C)n2)OCCO3)cc(OC)c1OC,Cu2+,COc1cc(Nc2cc3c(cc2-c2nnc(C)c(C)n2)OCCO3)cc(OC)c1OC.[Cu+2],-0.8269601
TRZ02386,Cc1nnc(-c2cc(COc3c(Cl)cccc3Cl)on2)nc1C,Cu2+,Cc1nnc(-c2cc(COc3c(Cl)cccc3Cl)on2)nc1C.[Cu+2],-0.8349328
TRZ05594,Cc1cc(-c2nnc(C)c(C)n2)nc(N2CC(F)(F)C2)n1,Cu2+,Cc1cc(-c2nnc(C)c(C)n2)nc(N2CC(F)(F)C2)n1.[Cu+2],-0.8353429
TRZ02222,Cc1nnc(-c2sc(-c3cccc(F)c3)nc2C)nc1C,Cu2+,Cc1nnc(-c2sc(-c3cccc(F)c3)nc2C)nc1C.[Cu+2],-0.84378386
TRZ00674,Cc1nnc(-c2sc(N3CCOCC3)nc2C)nc1C,Cu2+,Cc1nnc(-c2sc(N3CCOCC3)nc2C)nc1C.[Cu+2],-0.84793425
TRZ01868,Cc1nnc(Cc2nn3c(C4CCCCC4)nnc3s2)nc1C,Cu2+,Cc1nnc(Cc2nn3c(C4CCCCC4)nnc3s2)nc1C.[Cu+2],-0.8622012
TRZ05117,Cc1nnc(-c2scnc2C(F)(F)F)nc1C,Cu2+,Cc1nnc(-c2scnc2C(F)(F)F)nc1C.[Cu+2],-0.87192774
TRZ02410,Cc1nnc(CSc2ncnc3c(C)csc23)nc1C,Cu2+,Cc1nnc(CSc2ncnc3c(C)csc23)nc1C.[Cu+2],-0.8753772
TRZ02219,COc1ccc(-c2cc(-c3nnc(C)c(C)n3)no2)cc1F,Cu2+,COc1ccc(-c2cc(-c3nnc(C)c(C)n3)no2)cc1F.[Cu+2],-0.8895583
TRZ05076,Cc1nnc(CC(O)c2cccc(OCC(F)(F)C(F)F)c2)nc1C,Cu2+,Cc1nnc(CC(O)c2cccc(OCC(F)(F)C(F)F)c2)nc1C.[Cu+2],-0.9001126
TRZ00514,Cc1nnc(-c2cc3c(s2)CCCCCC3)nc1C,Cu2+,Cc1nnc(-c2cc3c(s2)CCCCCC3)nc1C.[Cu+2],-0.913239
TRZ04034,Cc1nnc(-c2nnc(C(F)(F)F)c(C(F)(F)F)n2)nc1C,Cu2+,Cc1nnc(-c2nnc(C(F)(F)F)c(C(F)(F)F)n2)nc1C.[Cu+2],-0.9257102
TRZ05171,Cc1nnc(C(C)Oc2c(F)cc(F)cc2F)nc1C,Cu2+,Cc1nnc(C(C)Oc2c(F)cc(F)cc2F)nc1C.[Cu+2],-0.93023443
TRZ02485,Cc1cc(OCc2nnc(C)c(C)n2)no1,Cu2+,Cc1cc(OCc2nnc(C)c(C)n2)no1.[Cu+2],-0.9381261
TRZ00374,Cc1ccc(OCc2ccc(-c3nnc(C)c(C)n3)o2)cc1C,Cu2+,Cc1ccc(OCc2ccc(-c3nnc(C)c(C)n3)o2)cc1C.[Cu+2],-0.94052076
TRZ01543,CSc1sc(-c2nnc(C)c(C)n2)c2c1C=CCC2,Cu2+,CSc1sc(-c2nnc(C)c(C)n2)c2c1C=CCC2.[Cu+2],-0.94237375
TRZ05775,Cc1nnc(-c2noc(C)c2F)nc1C,Cu2+,Cc1nnc(-c2noc(C)c2F)nc1C.[Cu+2],-0.9439149
TRZ00422,Cc1nnc(-c2cc3c(s2)CCCCC3)nc1C,Cu2+,Cc1nnc(-c2cc3c(s2)CCCCC3)nc1C.[Cu+2],-0.95350885
TRZ00124,Cc1ccc(-n2nc(-c3nnc(C)c(C)n3)c(C)c(C#N)c2=O)cc1Cl,Cu2+,Cc1ccc(-n2nc(-c3nnc(C)c(C)n3)c(C)c(C#N)c2=O)cc1Cl.[Cu+2],-0.9557605
TRZ00241,Cc1cc(OCc2nnc(C)c(C)n2)cc(C)c1Cl,Cu2+,Cc1cc(OCc2nnc(C)c(C)n2)cc(C)c1Cl.[Cu+2],-0.97182894
TRZ03191,Cc1nnc(C(C)(C)Oc2cc(F)c(F)cc2F)nc1C,Cu2+,Cc1nnc(C(C)(C)Oc2cc(F)c(F)cc2F)nc1C.[Cu+2],-0.9760785
TRZ00116,COc1ccccc1OCc1ccc(-c2nnc(C)c(C)n2)o1,Cu2+,COc1ccccc1OCc1ccc(-c2nnc(C)c(C)n2)o1.[Cu+2],-0.98428965
TRZ02420,CSc1c(C#N)c(-c2ccccc2)nn1Cc1nnc(C)c(C)n1,Cu2+,CSc1c(C#N)c(-c2ccccc2)nn1Cc1nnc(C)c(C)n1.[Cu+2],-0.98562574
TRZ02134,Cc1nnc(-c2cc3c(s2)CCCC3)nc1C,Cu2+,Cc1nnc(-c2cc3c(s2)CCCC3)nc1C.[Cu+2],-0.99010515
TRZ02770,Cc1nnc(C(C#N)=Cc2ccccc2)nc1C,Cu2+,Cc1nnc(C(C#N)=Cc2ccccc2)nc1C.[Cu+2],-0.99642706
TRZ02030,Cc1nnc(-c2cc3c(s2)-c2ccccc2OC3)nc1C,Cu2+,Cc1nnc(-c2cc3c(s2)-c2ccccc2OC3)nc1C.[Cu+2],-1.0148158
TRZ05597,Cc1cc(-c2nnc(C)c(C)n2)nc(N2CC(F)(F)CC(F)(F)C2)n1,Cu2+,Cc1cc(-c2nnc(C)c(C)n2)nc(N2CC(F)(F)CC(F)(F)C2)n1.[Cu+2],-1.0151954
TRZ00872,Cc1csc(-c2nnc(C)c(C)n2)c1Cl,Cu2+,Cc1csc(-c2nnc(C)c(C)n2)c1Cl.[Cu+2],-1.0222392
TRZ02027,Cc1nnc(Cn2c([N+](=O)[O-])cnc2C)nc1C,Cu2+,Cc1nnc(Cn2c([N+](=O)[O-])cnc2C)nc1C.[Cu+2],-1.0268064
TRZ05239,Cc1nnc(-c2cc(C(C)C)cc(C(F)(F)F)n2)nc1C,Cu2+,Cc1nnc(-c2cc(C(C)C)cc(C(F)(F)F)n2)nc1C.[Cu+2],-1.0481935
TRZ02619,Cc1nnc(-c2ccc(-c3nnc(C)c(C)n3)s2)nc1C,Cu2+,Cc1nnc(-c2ccc(-c3nnc(C)c(C)n3)s2)nc1C.[Cu+2],-1.0648046
TRZ03295,Cc1nnc(C(=O)Nc2ccc(C3CCC(C)CC3)cc2F)nc1C,Cu2+,Cc1nnc(C(=O)Nc2ccc(C3CCC(C)CC3)cc2F)nc1C.[Cu+2],-1.0963712
TRZ00600,Cc1nnc(-c2c(-n3c(C)ccc3C)sc(C)c2C)nc1C,Cu2+,Cc1nnc(-c2c(-n3c(C)ccc3C)sc(C)c2C)nc1C.[Cu+2],-1.1059251
TRZ03626,COc1cc(-c2cccc(F)c2)ccc1-c1nnc(C)c(C)n1,Cu2+,COc1cc(-c2cccc(F)c2)ccc1-c1nnc(C)c(C)n1.[Cu+2],-1.1067519
TRZ05207,Cc1nnc([C@@]23CC(F)(F)[C@@H](C)[C@H](C=Cc4ccc(Br)cn4)[C@@H]2[C@@H](C)OC3=O)nc1C,Cu2+,Cc1nnc([C@@]23CC(F)(F)[C@@H](C)[C@H](C=Cc4ccc(Br)cn4)[C@@H]2[C@@H](C)OC3=O)nc1C.[Cu+2],-1.117311
TRZ05894,Cc1nnc(-c2c(C(F)(F)F)nn(C)c2Cl)nc1C,Cu2+,Cc1nnc(-c2c(C(F)(F)F)nn(C)c2Cl)nc1C.[Cu+2],-1.1177964
TRZ01550,CCC1CCc2sc(-c3nnc(C)c(C)n3)cc2C1,Cu2+,CCC1CCc2sc(-c3nnc(C)c(C)n3)cc2C1.[Cu+2],-1.117991
TRZ02009,Cc1nnc(-c2cc3c(s2)-c2ccccc2CC3)nc1C,Cu2+,Cc1nnc(-c2cc3c(s2)-c2ccccc2CC3)nc1C.[Cu+2],-1.1199765
TRZ04432,Cc1nnc(-c2cscc2-c2ccc(F)c(Cl)c2)nc1C,Cu2+,Cc1nnc(-c2cscc2-c2ccc(F)c(Cl)c2)nc1C.[Cu+2],-1.120152
TRZ00871,Cc1nc(C)c(-c2nnc(C)c(C)n2)s1,Cu2+,Cc1nc(C)c(-c2nnc(C)c(C)n2)s1.[Cu+2],-1.1222472
TRZ05591,Cc1cc(-c2nnc(C)c(C)n2)nc(N2CC3C(C2)C3(F)F)n1,Cu2+,Cc1cc(-c2nnc(C)c(C)n2)nc(N2CC3C(C2)C3(F)F)n1.[Cu+2],-1.1225963
TRZ02474,CCc1sc(-c2nnc(C)c(C)n2)cc1C,Cu2+,CCc1sc(-c2nnc(C)c(C)n2)cc1C.[Cu+2],-1.1450562
TRZ01378,CN/C(=C\c1c(C)c(C)cc(C)c1C)c1nnc(C)c(C)n1,Cu2+,CN/C(=C\c1c(C)c(C)cc(C)c1C)c1nnc(C)c(C)n1.[Cu+2],-1.1520791
TRZ01028,COc1c(F)cc(Nc2cc3c(cc2-c2nnc(C)c(C)n2)OCCO3)cc1F,Cu2+,COc1c(F)cc(Nc2cc3c(cc2-c2nnc(C)c(C)n2)OCCO3)cc1F.[Cu+2],-1.1610827
TRZ01981,Cc1ccc(C(C)C)cc1OCc1nnc(C)c(C)n1,Cu2+,Cc1ccc(C(C)C)cc1OCc1nnc(C)c(C)n1.[Cu+2],-1.1664357
TRZ00451,Cc1nnc(-c2snnc2C)nc1C,Cu2+,Cc1nnc(-c2snnc2C)nc1C.[Cu+2],-1.1677461
TRZ04147,Cc1nnc([C@@]23CC(F)(F)[C@@H](C)[C@H](/C=C/c4ccc(Br)cn4)[C@@H]2[C@@H](C)OC3=O)nc1C,Cu2+,Cc1nnc([C@@]23CC(F)(F)[C@@H](C)[C@H](/C=C/c4ccc(Br)cn4)[C@@H]2[C@@H](C)OC3=O)nc1C.[Cu+2],-1.1767526
TRZ00371,Cc1ccc(C)c(OCc2ccc(-c3nnc(C)c(C)n3)o2)c1,Cu2+,Cc1ccc(C)c(OCc2ccc(-c3nnc(C)c(C)n3)o2)c1.[Cu+2],-1.1995149
TRZ01532,Cc1cc(OC(C)c2nnc(C)c(C)n2)cc(C)c1Cl,Cu2+,Cc1cc(OC(C)c2nnc(C)c(C)n2)cc(C)c1Cl.[Cu+2],-1.2004428
TRZ01379,CCN/C(=C\c1c(C)c(C)cc(C)c1C)c1nnc(C)c(C)n1,Cu2+,CCN/C(=C\c1c(C)c(C)cc(C)c1C)c1nnc(C)c(C)n1.[Cu+2],-1.2115102
TRZ03255,COc1cc(O)cc(F)c1-c1nnc(C)c(C)n1,Cu2+,COc1cc(O)cc(F)c1-c1nnc(C)c(C)n1.[Cu+2],-1.2192369
TRZ02283,Cc1nnc(CCn2[nH]c(=O)c(Cl)c(Cl)c2=O)nc1C,Cu2+,Cc1nnc(CCn2[nH]c(=O)c(Cl)c(Cl)c2=O)nc1C.[Cu+2],-1.2274661
TRZ04389,CCc1nc(F)c(-c2nnc(C)c(C)n2)c(F)c1F,Cu2+,CCc1nc(F)c(-c2nnc(C)c(C)n2)c(F)c1F.[Cu+2],-1.2337813
TRZ00859,Cc1nsc(-c2nnc(C)c(C)n2)n1,Cu2+,Cc1nsc(-c2nnc(C)c(C)n2)n1.[Cu+2],-1.2413697
TRZ01796,COc1cc(C(=O)Nc2cc3c(cc2-c2nnc(C)c(C)n2)OCCO3)cc(OC)c1OC,Cu2+,COc1cc(C(=O)Nc2cc3c(cc2-c2nnc(C)c(C)n2)OCCO3)cc(OC)c1OC.[Cu+2],-1.2581277
TRZ05890,Cc1nnc(-c2c(Cl)ncc(C(F)(F)F)c2C(=O)c2c(F)cccc2F)nc1C,Cu2+,Cc1nnc(-c2c(Cl)ncc(C(F)(F)F)c2C(=O)c2c(F)cccc2F)nc1C.[Cu+2],-1.2893558
TRZ05265,Cc1nnc(-c2snnc2C(F)F)nc1C,Cu2+,Cc1nnc(-c2snnc2C(F)F)nc1C.[Cu+2],-1.2919354
TRZ03778,Cc1nnc(C(=O)c2c(F)cccc2F)nc1C,Cu2+,Cc1nnc(C(=O)c2c(F)cccc2F)nc1C.[Cu+2],-1.3032174
TRZ05585,Cc1cc(-c2nnc(C)c(C)n2)nc(N2C[C@@H](F)[C@@H](F)C2)n1,Cu2+,Cc1cc(-c2nnc(C)c(C)n2)nc(N2C[C@@H](F)[C@@H](F)C2)n1.[Cu+2],-1.3076787
TRZ01430,COc1c(C)cccc1-c1nnc(C)c(C)n1,Cu2+,COc1c(C)cccc1-c1nnc(C)c(C)n1.[Cu+2],-1.3283544
TRZ00065,Cc1nnc(-c2cc3c(s2)CCC(C)C3)nc1C,Cu2+,Cc1nnc(-c2cc3c(s2)CCC(C)C3)nc1C.[Cu+2],-1.3379903
TRZ00279,Cc1cc(-c2nc(C)c(-c3nnc(C)c(C)n3)s2)no1,Cu2+,Cc1cc(-c2nc(C)c(-c3nnc(C)c(C)n3)s2)no1.[Cu+2],-1.3433566
TRZ03979,Cc1nnc(-c2nc(C(F)(F)F)c(C(F)(F)F)nc2N)nc1C,Cu2+,Cc1nnc(-c2nc(C(F)(F)F)c(C(F)(F)F)nc2N)nc1C.[Cu+2],-1.3557134
TRZ01519,Cc1nc(-c2nnc(C)c(C)n2)c(C(F)(F)F)o1,Cu2+,Cc1nc(-c2nnc(C)c(C)n2)c(C(F)(F)F)o1.[Cu+2],-1.3780417
TRZ00165,Cc1nnc(-c2nonc2C)nc1C,Cu2+,Cc1nnc(-c2nonc2C)nc1C.[Cu+2],-1.3841815
TRZ02147,Cc1nc(C(F)(F)F)c(-c2nnc(C)c(C)n2)s1,Cu2+,Cc1nc(C(F)(F)F)c(-c2nnc(C)c(C)n2)s1.[Cu+2],-1.4039216
TRZ02873,Cc1nnc(-c2cc3c(s2)-c2cc(F)ccc2OC3)nc1C,Cu2+,Cc1nnc(-c2cc3c(s2)-c2cc(F)ccc2OC3)nc1C.[Cu+2],-1.4153628
TRZ05384,Cc1nnc(-c2nc3cc(F)c(F)cc3s2)nc1C,Cu2+,Cc1nnc(-c2nc3cc(F)c(F)cc3s2)nc1C.[Cu+2],-1.4440322
TRZ00727,Cc1nnc(-c2ccc(-c3nnc(C)c(C)n3)o2)nc1C,Cu2+,Cc1nnc(-c2ccc(-c3nnc(C)c(C)n3)o2)nc1C.[Cu+2],-1.4480586
TRZ00805,COc1cccc(-c2nnc(C)c(C)n2)c1-c1nnc(C)c(C)n1,Cu2+,COc1cccc(-c2nnc(C)c(C)n2)c1-c1nnc(C)c(C)n1.[Cu+2],-1.476563
TRZ05439,COc1cc2cc(-c3nnc(C)c(C)n3)n(C)c2c(F)c1Cl,Cu2+,COc1cc2cc(-c3nnc(C)c(C)n3)n(C)c2c(F)c1Cl.[Cu+2],-1.4870343
TRZ03573,Cc1nnc(-c2sc(Cl)nc2C(F)(F)F)nc1C,Cu2+,Cc1nnc(-c2sc(Cl)nc2C(F)(F)F)nc1C.[Cu+2],-1.490581
TRZ02578,Cc1nnc(COc2ccc(/C=C/c3ccc(Cl)cc3)cc2)nc1C,Cu2+,Cc1nnc(COc2ccc(/C=C/c3ccc(Cl)cc3)cc2)nc1C.[Cu+2],-1.5047116
TRZ02712,Cc1nnc(-c2ccoc2-c2nnc(C)c(C)n2)nc1C,Cu2+,Cc1nnc(-c2ccoc2-c2nnc(C)c(C)n2)nc1C.[Cu+2],-1.5655093
TRZ01492,Cc1nnc(-c2sc(-c3nnc(C)c(C)n3)c(C)c2C)nc1C,Cu2+,Cc1nnc(-c2sc(-c3nnc(C)c(C)n3)c(C)c2C)nc1C.[Cu+2],-1.5668283
TRZ04851,Cc1nnc(-c2cc(F)c(F)c(Cl)c2NC2CC2)nc1C,Cu2+,Cc1nnc(-c2cc(F)c(F)c(Cl)c2NC2CC2)nc1C.[Cu+2],-1.5797133
TRZ03300,COc1cc(F)c(C(Nc2ccc(C(=N)N)cc2)c2nnc(C)c(C)n2)cc1OC,Cu2+,COc1cc(F)c(C(Nc2ccc(C(=N)N)cc2)c2nnc(C)c(C)n2)cc1OC.[Cu+2],-1.5822644
TRZ01788,COc1c(F)cc(C(=O)Nc2cc3c(cc2-c2nnc(C)c(C)n2)OCCO3)cc1F,Cu2+,COc1c(F)cc(C(=O)Nc2cc3c(cc2-c2nnc(C)c(C)n2)OCCO3)cc1F.[Cu+2],-1.6129165
TRZ04167,CCOc1cc(F)c(Cl)cc1-c1nnc(C)c(C)n1,Cu2+,CCOc1cc(F)c(Cl)cc1-c1nnc(C)c(C)n1.[Cu+2],-1.6676087
TRZ05246,Cc1nnc(-c2nc(C3(F)CC3)ns2)nc1C,Cu2+,Cc1nnc(-c2nc(C3(F)CC3)ns2)nc1C.[Cu+2],-1.6719127
TRZ02759,CCOc1cc(-c2nnc(C)c(C)n2)c(OCC)cc1-c1nnc(C)c(C)n1,Cu2+,CCOc1cc(-c2nnc(C)c(C)n2)c(OCC)cc1-c1nnc(C)c(C)n1.[Cu+2],-1.7154279
TRZ00383,CCCc1ccc(OCc2ccc(-c3nnc(C)c(C)n3)o2)c(OC)c1,Cu2+,CCCc1ccc(OCc2ccc(-c3nnc(C)c(C)n3)o2)c(OC)c1.[Cu+2],-1.7318196
TRZ04012,Cc1nnc(CCOCOc2c(F)c(F)cc(F)c2F)nc1C,Cu2+,Cc1nnc(CCOCOc2c(F)c(F)cc(F)c2F)nc1C.[Cu+2],-1.7550578
TRZ00035,Cc1nnc(-c2sc(N)nc2C)nc1C,Cu2+,Cc1nnc(-c2sc(N)nc2C)nc1C.[Cu+2],-1.8026471
TRZ01376,Cc1cc(C)c(/C=C(\NCCc2ccccc2)c2nnc(C)c(C)n2)c(C)c1,Cu2+,Cc1cc(C)c(/C=C(\NCCc2ccccc2)c2nnc(C)c(C)n2)c(C)c1.[Cu+2],-1.8306613
TRZ03301,CCOc1cc(C(Nc2ccc(C(=N)N)cc2)c2nnc(C)c(C)n2)c(F)cc1OC(C)C,Cu2+,CCOc1cc(C(Nc2ccc(C(=N)N)cc2)c2nnc(C)c(C)n2)c(F)cc1OC(C)C.[Cu+2],-1.8651786
TRZ03633,COc1cc(-c2ccc(F)c(Cl)c2)ccc1-c1nnc(C)c(C)n1,Cu2+,COc1cc(-c2ccc(F)c(Cl)c2)ccc1-c1nnc(C)c(C)n1.[Cu+2],-2.0641456
TRZ04880,Cc1nnc(COc2c(F)cc(C#N)cc2F)nc1C,Cu2+,Cc1nnc(COc2c(F)cc(C#N)cc2F)nc1C.[Cu+2],-2.0899234
TRZ00075,Cc1nnc(-c2nc(Cl)c(Cl)c(N)c2Cl)nc1C,Cu2+,Cc1nnc(-c2nc(Cl)c(Cl)c(N)c2Cl)nc1C.[Cu+2],-2.1010938
TRZ02877,Cc1nnc(COc2c(F)c(F)cc(F)c2F)nc1C,Cu2+,Cc1nnc(COc2c(F)c(F)cc(F)c2F)nc1C.[Cu+2],-2.1645646
TRZ01556,COc1ccc(CCCc2nnc(SCc3nnc(C)c(C)n3)o2)c(C)c1,Cu2+,COc1ccc(CCCc2nnc(SCc3nnc(C)c(C)n3)o2)c(C)c1.[Cu+2],-2.1954322
TRZ02776,COc1cc(-c2nnc(C)c(C)n2)c(OC)cc1-c1nnc(C)c(C)n1,Cu2+,COc1cc(-c2nnc(C)c(C)n2)c(OC)cc1-c1nnc(C)c(C)n1.[Cu+2],-2.248588
TRZ00647,COc1ccc(CCCc2nnc(SCc3nnc(C)c(C)n3)o2)cc1,Cu2+,COc1ccc(CCCc2nnc(SCc3nnc(C)c(C)n3)o2)cc1.[Cu+2],-2.7306151
TRZ04180,Cc1nnc(-c2c(C(F)(F)F)c(C(F)(F)C(F)(F)F)nn2C)nc1C,Cu2+,Cc1nnc(-c2c(C(F)(F)F)c(C(F)(F)C(F)(F)F)nn2C)nc1C.[Cu+2],-2.7657123
TRZ05388,Cc1nnc(-c2nc(F)c(F)nc2-c2nnc(C)c(C)n2)nc1C,Cu2+,Cc1nnc(-c2nc(F)c(F)nc2-c2nnc(C)c(C)n2)nc1C.[Cu+2],-3.0814385
